{
  "type": "Feature",
  "id": "JK-AC-43",
  "properties": {
    "stateName": "JAMMU & KASHMIR",
    "stateCode": "JK",
    "districtName": "ANANTNAG",
    "acNo": 43,
    "acName": "ANANTNAG WEST",
    "seatType": null,
    "pcNo": null,
    "pcName": null,
    "quality": "unverified",
    "sources": [
      "TBD"
    ]
  },
  "geometry": {
    "type": "MultiPolygon",
    "coordinates": [
      [
        [
          [75.12008, 33.76778],
          [75.12185, 33.76499],
          [75.12218, 33.75941],
          [75.12151, 33.75378],
          [75.12137, 33.74878],
          [75.12168, 33.74719],
          [75.12222, 33.74442],
          [75.1225, 33.74337],
          [75.1225, 33.74337],
          [75.12256, 33.7425],
          [75.12263, 33.7424],
          [75.12263, 33.7424],
          [75.12698, 33.7423],
          [75.13214, 33.74309],
          [75.13368, 33.74264],
          [75.1344, 33.74232],
          [75.13625, 33.74243],
          [75.13649, 33.74253],
          [75.13651, 33.74233],
          [75.13652, 33.74226],
          [75.13652, 33.74218],
          [75.13655, 33.74188],
          [75.13656, 33.74176],
          [75.13657, 33.74163],
          [75.13657, 33.74158],
          [75.13659, 33.74143],
          [75.1366, 33.74129],
          [75.13661, 33.74118],
          [75.13659, 33.74114],
          [75.13652, 33.74098],
          [75.13632, 33.74078],
          [75.13623, 33.74058],
          [75.13623, 33.74058],
          [75.13559, 33.74019],
          [75.13536, 33.74013],
          [75.13521, 33.74004],
          [75.13514, 33.74001],
          [75.13494, 33.74001],
          [75.13486, 33.74001],
          [75.13486, 33.74001],
          [75.13476, 33.74001],
          [75.13463, 33.74001],
          [75.13449, 33.73997],
          [75.1344, 33.73995],
          [75.13435, 33.73991],
          [75.13419, 33.73978],
          [75.13415, 33.73954],
          [75.13422, 33.73931],
          [75.1343, 33.73902],
          [75.13431, 33.73879],
          [75.13433, 33.73845],
          [75.13434, 33.73831],
          [75.13434, 33.73828],
          [75.1343, 33.73806],
          [75.13416, 33.73778],
          [75.13394, 33.73761],
          [75.13373, 33.73755],
          [75.13339, 33.73755],
          [75.13311, 33.73761],
          [75.13271, 33.73772],
          [75.1325, 33.73782],
          [75.13248, 33.73783],
          [75.13248, 33.73783],
          [75.13225, 33.73794],
          [75.13196, 33.73806],
          [75.13172, 33.73822],
          [75.13149, 33.73828],
          [75.13125, 33.73845],
          [75.13101, 33.73862],
          [75.13088, 33.73868],
          [75.13077, 33.73873],
          [75.13067, 33.73878],
          [75.13054, 33.73885],
          [75.13029, 33.73908],
          [75.13004, 33.73925],
          [75.12981, 33.73937],
          [75.1295, 33.73954],
          [75.12929, 33.73958],
          [75.12916, 33.7396],
          [75.12902, 33.7396],
          [75.12876, 33.7396],
          [75.12853, 33.7396],
          [75.1284, 33.7396],
          [75.12836, 33.7396],
          [75.12832, 33.7396],
          [75.12808, 33.7396],
          [75.12775, 33.73954],
          [75.12742, 33.73942],
          [75.12722, 33.73925],
          [75.12712, 33.73913],
          [75.12707, 33.73908],
          [75.1271, 33.73893],
          [75.12711, 33.73879],
          [75.12716, 33.73845],
          [75.12736, 33.73822],
          [75.12744, 33.73805],
          [75.12774, 33.73788],
          [75.12798, 33.73777],
          [75.12816, 33.73766],
          [75.12835, 33.73759],
          [75.12845, 33.73755],
          [75.12861, 33.73741],
          [75.12864, 33.73738],
          [75.12893, 33.73727],
          [75.12922, 33.73716],
          [75.12951, 33.73705],
          [75.12975, 33.73688],
          [75.12993, 33.7368],
          [75.12998, 33.73677],
          [75.1301, 33.73673],
          [75.13027, 33.73666],
          [75.13044, 33.73655],
          [75.13074, 33.73639],
          [75.13092, 33.73617],
          [75.1311, 33.73601],
          [75.13123, 33.73585],
          [75.13135, 33.73569],
          [75.13141, 33.73552],
          [75.13143, 33.73547],
          [75.13145, 33.73521],
          [75.13148, 33.73494],
          [75.13149, 33.7348],
          [75.13152, 33.73457],
          [75.13148, 33.73441],
          [75.13145, 33.73425],
          [75.13144, 33.7342],
          [75.13141, 33.734],
          [75.13144, 33.73369],
          [75.13145, 33.73365],
          [75.13146, 33.73348],
          [75.13159, 33.73322],
          [75.13177, 33.73307],
          [75.13187, 33.733],
          [75.132, 33.73292],
          [75.1321, 33.73285],
          [75.13222, 33.73276],
          [75.13259, 33.73277],
          [75.13275, 33.73277],
          [75.13296, 33.73277],
          [75.13322, 33.73282],
          [75.13338, 33.73287],
          [75.13358, 33.73297],
          [75.13378, 33.73317],
          [75.1339, 33.73323],
          [75.13398, 33.73328],
          [75.13405, 33.73342],
          [75.13408, 33.73348],
          [75.13417, 33.73369],
          [75.13431, 33.73389],
          [75.13438, 33.734],
          [75.13441, 33.73405],
          [75.13439, 33.73429],
          [75.13439, 33.73431],
          [75.13443, 33.73452],
          [75.13458, 33.73473],
          [75.13479, 33.73489],
          [75.13485, 33.73483],
          [75.13496, 33.73473],
          [75.13508, 33.73452],
          [75.13522, 33.73463],
          [75.13529, 33.73468],
          [75.13535, 33.73475],
          [75.13544, 33.73484],
          [75.13571, 33.73484],
          [75.13603, 33.73484],
          [75.13625, 33.73484],
          [75.13658, 33.73479],
          [75.13658, 33.73479],
          [75.13685, 33.73473],
          [75.13685, 33.73473],
          [75.13712, 33.73473],
          [75.13728, 33.73463],
          [75.13751, 33.73447],
          [75.13767, 33.73426],
          [75.13784, 33.7341],
          [75.13801, 33.73395],
          [75.13804, 33.73389],
          [75.13812, 33.73374],
          [75.13813, 33.73354],
          [75.13813, 33.73348],
          [75.13813, 33.73349],
          [75.13814, 33.73349],
          [75.13814, 33.73349],
          [75.13814, 33.73349],
          [75.13815, 33.73349],
          [75.13815, 33.7335],
          [75.13815, 33.7335],
          [75.13815, 33.7335],
          [75.13815, 33.7335],
          [75.13816, 33.7335],
          [75.13816, 33.7335],
          [75.13816, 33.73351],
          [75.13816, 33.73351],
          [75.13817, 33.73351],
          [75.13817, 33.73351],
          [75.13817, 33.73351],
          [75.13817, 33.73351],
          [75.13818, 33.73352],
          [75.13818, 33.73352],
          [75.13819, 33.73352],
          [75.13819, 33.73352],
          [75.13819, 33.73353],
          [75.1382, 33.73353],
          [75.13821, 33.73354],
          [75.13821, 33.73354],
          [75.13822, 33.73355],
          [75.13823, 33.73355],
          [75.13823, 33.73356],
          [75.13824, 33.73356],
          [75.13825, 33.73357],
          [75.13825, 33.73357],
          [75.13826, 33.73358],
          [75.13827, 33.73358],
          [75.13827, 33.73359],
          [75.13828, 33.73359],
          [75.13829, 33.7336],
          [75.13829, 33.7336],
          [75.1383, 33.73361],
          [75.13831, 33.73361],
          [75.13831, 33.73362],
          [75.13832, 33.73362],
          [75.13832, 33.73363],
          [75.13833, 33.73363],
          [75.13833, 33.73363],
          [75.13834, 33.73364],
          [75.13834, 33.73364],
          [75.13835, 33.73364],
          [75.13835, 33.73365],
          [75.13836, 33.73365],
          [75.13836, 33.73365],
          [75.13836, 33.73366],
          [75.13836, 33.73366],
          [75.13837, 33.73366],
          [75.13837, 33.73366],
          [75.13837, 33.73366],
          [75.13837, 33.73366],
          [75.13859, 33.73377],
          [75.13859, 33.73377],
          [75.1387, 33.73388],
          [75.13879, 33.73411],
          [75.13895, 33.73428],
          [75.13915, 33.73456],
          [75.13924, 33.73478],
          [75.13932, 33.7349],
          [75.13939, 33.73501],
          [75.13948, 33.73524],
          [75.13964, 33.73541],
          [75.1398, 33.73558],
          [75.14004, 33.73567],
          [75.14009, 33.73569],
          [75.14034, 33.73569],
          [75.1404, 33.73569],
          [75.14064, 33.73569],
          [75.14087, 33.73575],
          [75.14111, 33.73575],
          [75.14124, 33.73575],
          [75.14165, 33.73529],
          [75.14149, 33.73461],
          [75.14133, 33.73439],
          [75.14133, 33.73439],
          [75.14116, 33.73428],
          [75.14107, 33.73405],
          [75.14113, 33.73396],
          [75.14122, 33.73383],
          [75.14137, 33.7337],
          [75.14141, 33.73366],
          [75.14147, 33.73362],
          [75.14167, 33.73349],
          [75.1418, 33.73344],
          [75.142, 33.7333],
          [75.14212, 33.73322],
          [75.14237, 33.73305],
          [75.14257, 33.73289],
          [75.14271, 33.7328],
          [75.14282, 33.73272],
          [75.14314, 33.73256],
          [75.14333, 33.7324],
          [75.14359, 33.73218],
          [75.14384, 33.73201],
          [75.14388, 33.73199],
          [75.14409, 33.73185],
          [75.14423, 33.73171],
          [75.14435, 33.73158],
          [75.14466, 33.73137],
          [75.14473, 33.73126],
          [75.14485, 33.73113],
          [75.14493, 33.73105],
          [75.14501, 33.73095],
          [75.14512, 33.73083],
          [75.14532, 33.73052],
          [75.14541, 33.73038],
          [75.14546, 33.7303],
          [75.1455, 33.73023],
          [75.14559, 33.73009],
          [75.14564, 33.72998],
          [75.14566, 33.72994],
          [75.14574, 33.72967],
          [75.1458, 33.72959],
          [75.14587, 33.72947],
          [75.14595, 33.72921],
          [75.14595, 33.72921],
          [75.14595, 33.72919],
          [75.14597, 33.72895],
          [75.14598, 33.72882],
          [75.14599, 33.72874],
          [75.146, 33.72866],
          [75.14601, 33.72848],
          [75.14603, 33.72828],
          [75.14601, 33.72817],
          [75.14599, 33.72808],
          [75.14589, 33.72787],
          [75.14585, 33.7277],
          [75.14585, 33.72767],
          [75.14581, 33.72747],
          [75.14586, 33.72737],
          [75.14594, 33.72722],
          [75.14602, 33.72702],
          [75.14615, 33.72682],
          [75.14638, 33.72667],
          [75.14662, 33.72657],
          [75.14672, 33.72648],
          [75.1468, 33.72642],
          [75.14703, 33.72627],
          [75.14732, 33.72617],
          [75.14737, 33.72613],
          [75.14756, 33.72598],
          [75.14758, 33.72578],
          [75.14742, 33.72558],
          [75.14735, 33.72554],
          [75.14726, 33.72549],
          [75.1471, 33.72544],
          [75.1471, 33.72544],
          [75.14683, 33.72529],
          [75.14667, 33.72519],
          [75.14661, 33.72518],
          [75.1465, 33.72515],
          [75.14623, 33.72505],
          [75.14601, 33.725],
          [75.14586, 33.7249],
          [75.14559, 33.72476],
          [75.14544, 33.72461],
          [75.14532, 33.72459],
          [75.14522, 33.72457],
          [75.14518, 33.72442],
          [75.14536, 33.72428],
          [75.1456, 33.72404],
          [75.14578, 33.72385],
          [75.14583, 33.72378],
          [75.14597, 33.72361],
          [75.146, 33.72356],
          [75.14609, 33.72342],
          [75.1461, 33.72333],
          [75.14611, 33.72324],
          [75.14613, 33.723],
          [75.14615, 33.72277],
          [75.14615, 33.72277],
          [75.14632, 33.72263],
          [75.14633, 33.72252],
          [75.14634, 33.7224],
          [75.14625, 33.72221],
          [75.14622, 33.72193],
          [75.14607, 33.72175],
          [75.14598, 33.72157],
          [75.14594, 33.72134],
          [75.14585, 33.72111],
          [75.14584, 33.72106],
          [75.14582, 33.72089],
          [75.14584, 33.72062],
          [75.14587, 33.72035],
          [75.14587, 33.72029],
          [75.14589, 33.72012],
          [75.14591, 33.7199],
          [75.14593, 33.71968],
          [75.1461, 33.7195],
          [75.14622, 33.71937],
          [75.14649, 33.71924],
          [75.14649, 33.71924],
          [75.14671, 33.71915],
          [75.14682, 33.71915],
          [75.14687, 33.71915],
          [75.14719, 33.71915],
          [75.14719, 33.71915],
          [75.14751, 33.71915],
          [75.14772, 33.71915],
          [75.14793, 33.71915],
          [75.14808, 33.71928],
          [75.14828, 33.71942],
          [75.14839, 33.7195],
          [75.14839, 33.7195],
          [75.14858, 33.71972],
          [75.1488, 33.71972],
          [75.14906, 33.71981],
          [75.14908, 33.71981],
          [75.14927, 33.71981],
          [75.14953, 33.71986],
          [75.1498, 33.7199],
          [75.14996, 33.71995],
          [75.15022, 33.72003],
          [75.15037, 33.72021],
          [75.15052, 33.72039],
          [75.15079, 33.72048],
          [75.151, 33.72053],
          [75.15115, 33.72062],
          [75.15122, 33.72063],
          [75.15122, 33.72065],
          [75.15121, 33.72066],
          [75.15115, 33.72088],
          [75.15107, 33.72104],
          [75.15097, 33.72125],
          [75.15096, 33.72128],
          [75.15108, 33.72163],
          [75.15109, 33.72163],
          [75.15112, 33.72169],
          [75.15122, 33.72188],
          [75.15128, 33.72216],
          [75.15148, 33.72245],
          [75.15168, 33.72275],
          [75.15243, 33.72291],
          [75.153, 33.72296],
          [75.15314, 33.72305],
          [75.15319, 33.72308],
          [75.15354, 33.72308],
          [75.15395, 33.72308],
          [75.15402, 33.72308],
          [75.15423, 33.72308],
          [75.15479, 33.72302],
          [75.15494, 33.72296],
          [75.15541, 33.72277],
          [75.15553, 33.72272],
          [75.15558, 33.72271],
          [75.15581, 33.72266],
          [75.1565, 33.72266],
          [75.15677, 33.72266],
          [75.15712, 33.72266],
          [75.15747, 33.7226],
          [75.15775, 33.72254],
          [75.158, 33.7225],
          [75.15817, 33.72248],
          [75.15828, 33.72244],
          [75.15846, 33.72236],
          [75.15882, 33.72224],
          [75.15882, 33.72224],
          [75.15884, 33.72223],
          [75.15911, 33.72212],
          [75.15939, 33.72198],
          [75.15947, 33.72194],
          [75.1595, 33.72193],
          [75.15976, 33.72182],
          [75.16018, 33.7217],
          [75.16039, 33.72158],
          [75.1608, 33.72158],
          [75.16081, 33.72158],
          [75.16108, 33.72158],
          [75.16121, 33.72158],
          [75.16142, 33.72158],
          [75.1619, 33.72158],
          [75.16205, 33.72158],
          [75.1621, 33.72158],
          [75.16216, 33.72158],
          [75.16238, 33.72158],
          [75.16279, 33.72158],
          [75.16306, 33.72152],
          [75.16342, 33.72125],
          [75.1638, 33.72096],
          [75.16382, 33.72089],
          [75.16387, 33.72076],
          [75.16393, 33.72054],
          [75.16396, 33.72047],
          [75.16405, 33.72012],
          [75.16413, 33.71983],
          [75.16421, 33.7198],
          [75.16426, 33.71957],
          [75.16426, 33.71957],
          [75.16423, 33.71953],
          [75.16419, 33.71946],
          [75.16417, 33.71941],
          [75.16414, 33.71939],
          [75.16395, 33.71925],
          [75.16375, 33.71917],
          [75.16358, 33.71917],
          [75.16358, 33.71917],
          [75.16336, 33.71917],
          [75.16319, 33.71917],
          [75.16302, 33.71917],
          [75.16289, 33.71917],
          [75.16275, 33.71902],
          [75.1628, 33.71882],
          [75.16285, 33.71858],
          [75.16291, 33.71835],
          [75.16296, 33.71816],
          [75.16299, 33.718],
          [75.16295, 33.71785],
          [75.1628, 33.71773],
          [75.16266, 33.71762],
          [75.16266, 33.71747],
          [75.16263, 33.71724],
          [75.16268, 33.71701],
          [75.16272, 33.71689],
          [75.16274, 33.71679],
          [75.16276, 33.71672],
          [75.16277, 33.71667],
          [75.16282, 33.71645],
          [75.16282, 33.7164],
          [75.16281, 33.71634],
          [75.1627, 33.71612],
          [75.16266, 33.71599],
          [75.16265, 33.71597],
          [75.16265, 33.71592],
          [75.16265, 33.71579],
          [75.16262, 33.7156],
          [75.16265, 33.71546],
          [75.16265, 33.71546],
          [75.16261, 33.71531],
          [75.16263, 33.71521],
          [75.16265, 33.71513],
          [75.16267, 33.71491],
          [75.16269, 33.71482],
          [75.16271, 33.71473],
          [75.16276, 33.71452],
          [75.16279, 33.71444],
          [75.16281, 33.71434],
          [75.16289, 33.71417],
          [75.16293, 33.71403],
          [75.16301, 33.71388],
          [75.16313, 33.71371],
          [75.16322, 33.71363],
          [75.16329, 33.71357],
          [75.16333, 33.71355],
          [75.16343, 33.7135],
          [75.16352, 33.71346],
          [75.1636, 33.71343],
          [75.1639, 33.71336],
          [75.1639, 33.71336],
          [75.16407, 33.71333],
          [75.16422, 33.71322],
          [75.16435, 33.71313],
          [75.16441, 33.71309],
          [75.16446, 33.71307],
          [75.16459, 33.71302],
          [75.1647, 33.71288],
          [75.16482, 33.71274],
          [75.16482, 33.71271],
          [75.16476, 33.71232],
          [75.16474, 33.71222],
          [75.16478, 33.71204],
          [75.16482, 33.71182],
          [75.16485, 33.71168],
          [75.16487, 33.71164],
          [75.16488, 33.71162],
          [75.16492, 33.71153],
          [75.16503, 33.71139],
          [75.16503, 33.71139],
          [75.16523, 33.71125],
          [75.16539, 33.71125],
          [75.16554, 33.71123],
          [75.16564, 33.71121],
          [75.16577, 33.71117],
          [75.16589, 33.71114],
          [75.16597, 33.71114],
          [75.16626, 33.71111],
          [75.16634, 33.71111],
          [75.16645, 33.71108],
          [75.16647, 33.71107],
          [75.16655, 33.71106],
          [75.16676, 33.71103],
          [75.16692, 33.71103],
          [75.16712, 33.71103],
          [75.16732, 33.71103],
          [75.1674, 33.71103],
          [75.16748, 33.71103],
          [75.16754, 33.71104],
          [75.16768, 33.71107],
          [75.16784, 33.71107],
          [75.16802, 33.71107],
          [75.16804, 33.71107],
          [75.16804, 33.71107],
          [75.16805, 33.71107],
          [75.1682, 33.71107],
          [75.16837, 33.71103],
          [75.16837, 33.71103],
          [75.16842, 33.711],
          [75.16865, 33.71079],
          [75.16874, 33.71072],
          [75.16879, 33.71068],
          [75.16887, 33.71064],
          [75.16897, 33.71058],
          [75.1691, 33.71051],
          [75.16918, 33.71051],
          [75.16946, 33.71047],
          [75.16954, 33.71047],
          [75.16982, 33.71051],
          [75.16991, 33.71055],
          [75.16997, 33.71058],
          [75.16999, 33.7106],
          [75.17004, 33.71065],
          [75.1701, 33.71065],
          [75.17012, 33.71065],
          [75.17027, 33.71068],
          [75.17047, 33.71072],
          [75.17052, 33.7107],
          [75.17059, 33.71068],
          [75.17081, 33.71054],
          [75.17081, 33.71054],
          [75.17099, 33.7104],
          [75.17133, 33.71023],
          [75.17143, 33.71009],
          [75.17145, 33.70998],
          [75.17146, 33.70991],
          [75.17138, 33.70984],
          [75.17138, 33.70984],
          [75.17124, 33.70974],
          [75.17109, 33.70964],
          [75.17099, 33.7095],
          [75.17101, 33.70936],
          [75.17104, 33.70916],
          [75.17109, 33.70906],
          [75.1714, 33.70886],
          [75.17152, 33.70879],
          [75.17163, 33.70874],
          [75.17169, 33.70872],
          [75.17177, 33.70872],
          [75.17193, 33.70869],
          [75.17213, 33.70862],
          [75.17234, 33.70852],
          [75.17248, 33.70835],
          [75.17248, 33.70835],
          [75.17265, 33.70822],
          [75.17276, 33.70804],
          [75.17279, 33.70799],
          [75.17283, 33.70795],
          [75.17292, 33.70786],
          [75.1731, 33.70766],
          [75.17323, 33.70753],
          [75.17338, 33.70746],
          [75.17343, 33.70743],
          [75.17351, 33.70741],
          [75.17363, 33.70737],
          [75.17375, 33.70733],
          [75.17384, 33.70731],
          [75.17399, 33.70727],
          [75.17403, 33.70726],
          [75.17431, 33.70717],
          [75.17437, 33.7071],
          [75.17439, 33.70708],
          [75.17446, 33.70703],
          [75.17456, 33.70695],
          [75.17485, 33.70672],
          [75.17501, 33.70663],
          [75.17514, 33.7065],
          [75.1753, 33.7064],
          [75.17545, 33.70634],
          [75.17565, 33.70625],
          [75.17581, 33.70621],
          [75.17592, 33.70615],
          [75.17608, 33.70606],
          [75.1762, 33.70596],
          [75.17625, 33.70584],
          [75.17625, 33.70584],
          [75.1763, 33.70565],
          [75.17631, 33.7055],
          [75.17632, 33.70541],
          [75.17632, 33.70537],
          [75.17633, 33.70532],
          [75.17633, 33.70525],
          [75.17634, 33.70514],
          [75.17634, 33.70509],
          [75.17643, 33.70494],
          [75.17643, 33.70494],
          [75.17645, 33.70486],
          [75.17648, 33.70476],
          [75.1765, 33.70472],
          [75.17657, 33.70455],
          [75.17669, 33.7044],
          [75.17671, 33.70437],
          [75.17678, 33.70428],
          [75.17687, 33.70418],
          [75.1769, 33.70416],
          [75.17705, 33.70407],
          [75.1772, 33.70401],
          [75.1772, 33.70401],
          [75.17731, 33.70395],
          [75.17733, 33.70394],
          [75.1775, 33.70389],
          [75.17767, 33.70383],
          [75.17769, 33.70383],
          [75.17798, 33.70383],
          [75.17813, 33.70386],
          [75.17834, 33.70401],
          [75.17845, 33.7041],
          [75.17856, 33.70419],
          [75.17863, 33.70425],
          [75.17873, 33.70443],
          [75.1788, 33.70458],
          [75.1788, 33.70458],
          [75.1788, 33.70466],
          [75.17879, 33.70473],
          [75.17879, 33.70488],
          [75.17886, 33.70497],
          [75.17889, 33.70506],
          [75.179, 33.70519],
          [75.17914, 33.70528],
          [75.17929, 33.70534],
          [75.17952, 33.70534],
          [75.1797, 33.70534],
          [75.17985, 33.70543],
          [75.18004, 33.70547],
          [75.18026, 33.70547],
          [75.18026, 33.70547],
          [75.18053, 33.70547],
          [75.18125, 33.70463],
          [75.18135, 33.70442],
          [75.18139, 33.70427],
          [75.18141, 33.7042],
          [75.18137, 33.7041],
          [75.18132, 33.70399],
          [75.18131, 33.70394],
          [75.18127, 33.70382],
          [75.18132, 33.70361],
          [75.18134, 33.70353],
          [75.18137, 33.7034],
          [75.18154, 33.70324],
          [75.18193, 33.70305],
          [75.18206, 33.70301],
          [75.18219, 33.7029],
          [75.1822, 33.7029],
          [75.1822, 33.7029],
          [75.1822, 33.70289],
          [75.18221, 33.70289],
          [75.18222, 33.70289],
          [75.18223, 33.70288],
          [75.18224, 33.70288],
          [75.18225, 33.70287],
          [75.18226, 33.70287],
          [75.18227, 33.70286],
          [75.18229, 33.70285],
          [75.1823, 33.70285],
          [75.18232, 33.70284],
          [75.18233, 33.70283],
          [75.18235, 33.70282],
          [75.18237, 33.70282],
          [75.18239, 33.70281],
          [75.18241, 33.7028],
          [75.18242, 33.70279],
          [75.18244, 33.70278],
          [75.18246, 33.70277],
          [75.18248, 33.70276],
          [75.1825, 33.70275],
          [75.18252, 33.70274],
          [75.18254, 33.70273],
          [75.18256, 33.70272],
          [75.18258, 33.70271],
          [75.1826, 33.7027],
          [75.18262, 33.70269],
          [75.18264, 33.70268],
          [75.18266, 33.70267],
          [75.18268, 33.70266],
          [75.1827, 33.70266],
          [75.18272, 33.70265],
          [75.18274, 33.70264],
          [75.18275, 33.70263],
          [75.18277, 33.70262],
          [75.18278, 33.70262],
          [75.1828, 33.70261],
          [75.18281, 33.7026],
          [75.18282, 33.7026],
          [75.18283, 33.70259],
          [75.18284, 33.70259],
          [75.18285, 33.70258],
          [75.18286, 33.70258],
          [75.18287, 33.70257],
          [75.18287, 33.70257],
          [75.18288, 33.70257],
          [75.18288, 33.70257],
          [75.18292, 33.70252],
          [75.18298, 33.70246],
          [75.18335, 33.70231],
          [75.18355, 33.70231],
          [75.18379, 33.70228],
          [75.18415, 33.70236],
          [75.18415, 33.70236],
          [75.1842, 33.70236],
          [75.18429, 33.70236],
          [75.18433, 33.70236],
          [75.18439, 33.70236],
          [75.18456, 33.70236],
          [75.18479, 33.70236],
          [75.18498, 33.70236],
          [75.18507, 33.70236],
          [75.18507, 33.70236],
          [75.18516, 33.7024],
          [75.18528, 33.70244],
          [75.18554, 33.70252],
          [75.1856, 33.70256],
          [75.18575, 33.70257],
          [75.18587, 33.70257],
          [75.18684, 33.70268],
          [75.18684, 33.70268],
          [75.18698, 33.70274],
          [75.18702, 33.70275],
          [75.18706, 33.70279],
          [75.18746, 33.703],
          [75.18761, 33.70309],
          [75.18762, 33.7031],
          [75.18765, 33.70312],
          [75.18821, 33.70336],
          [75.18852, 33.7035],
          [75.18867, 33.70353],
          [75.18887, 33.70361],
          [75.1892, 33.70379],
          [75.18936, 33.70387],
          [75.18941, 33.70389],
          [75.18945, 33.70391],
          [75.18948, 33.70392],
          [75.18955, 33.70395],
          [75.1901, 33.70398],
          [75.19079, 33.70404],
          [75.19085, 33.70408],
          [75.19108, 33.70412],
          [75.19127, 33.70416],
          [75.19131, 33.70417],
          [75.19136, 33.70417],
          [75.19145, 33.70417],
          [75.19164, 33.70412],
          [75.19189, 33.70404],
          [75.19189, 33.70404],
          [75.1919, 33.70403],
          [75.19213, 33.70391],
          [75.19233, 33.70382],
          [75.19242, 33.70379],
          [75.19253, 33.70376],
          [75.1926, 33.70375],
          [75.19281, 33.70374],
          [75.19311, 33.70372],
          [75.19311, 33.70372],
          [75.19316, 33.70372],
          [75.19327, 33.70372],
          [75.19409, 33.70417],
          [75.19467, 33.70452],
          [75.19525, 33.7044],
          [75.19532, 33.70438],
          [75.19536, 33.70435],
          [75.1954, 33.70433],
          [75.19562, 33.70419],
          [75.19629, 33.70376],
          [75.19645, 33.70329],
          [75.1966, 33.70287],
          [75.1965, 33.70267],
          [75.19646, 33.70254],
          [75.19641, 33.70243],
          [75.19639, 33.70237],
          [75.19635, 33.70227],
          [75.19634, 33.7022],
          [75.19633, 33.70215],
          [75.19631, 33.70196],
          [75.19629, 33.70188],
          [75.19628, 33.70184],
          [75.19631, 33.70161],
          [75.19632, 33.70151],
          [75.19633, 33.70138],
          [75.19635, 33.70119],
          [75.19637, 33.70099],
          [75.19641, 33.70093],
          [75.1965, 33.70081],
          [75.19658, 33.70069],
          [75.19678, 33.70058],
          [75.19693, 33.70047],
          [75.19709, 33.70036],
          [75.19712, 33.70034],
          [75.19721, 33.70028],
          [75.19728, 33.70028],
          [75.19743, 33.70028],
          [75.1975, 33.70026],
          [75.19754, 33.70024],
          [75.19759, 33.70023],
          [75.1978, 33.70017],
          [75.198, 33.70017],
          [75.19806, 33.70017],
          [75.19811, 33.70016],
          [75.19828, 33.70013],
          [75.19858, 33.70013],
          [75.19865, 33.70017],
          [75.19874, 33.7002],
          [75.19886, 33.70025],
          [75.19891, 33.70025],
          [75.19905, 33.70025],
          [75.19921, 33.70022],
          [75.19927, 33.70021],
          [75.19942, 33.70013],
          [75.19942, 33.70013],
          [75.19961, 33.70006],
          [75.19979, 33.69991],
          [75.19983, 33.69989],
          [75.19991, 33.69984],
          [75.19999, 33.69979],
          [75.20009, 33.69973],
          [75.20032, 33.69966],
          [75.20046, 33.69962],
          [75.20068, 33.69962],
          [75.20068, 33.69962],
          [75.2009, 33.69962],
          [75.20108, 33.69955],
          [75.20123, 33.69944],
          [75.20141, 33.6994],
          [75.20156, 33.6993],
          [75.20167, 33.69923],
          [75.20185, 33.69912],
          [75.20196, 33.69901],
          [75.20196, 33.69883],
          [75.20196, 33.69881],
          [75.20196, 33.69869],
          [75.20197, 33.69851],
          [75.20197, 33.69848],
          [75.20197, 33.69848],
          [75.20196, 33.69848],
          [75.2019, 33.69834],
          [75.20176, 33.69817],
          [75.20162, 33.69803],
          [75.20145, 33.69786],
          [75.20144, 33.69786],
          [75.20127, 33.69779],
          [75.20125, 33.69778],
          [75.2011, 33.69772],
          [75.20089, 33.69762],
          [75.2008, 33.6975],
          [75.20079, 33.69748],
          [75.20082, 33.69741],
          [75.20086, 33.69731],
          [75.20094, 33.69721],
          [75.20094, 33.69721],
          [75.20101, 33.69711],
          [75.20115, 33.69694],
          [75.2012, 33.69686],
          [75.20122, 33.69681],
          [75.20124, 33.69679],
          [75.20126, 33.69674],
          [75.20137, 33.69655],
          [75.20142, 33.69646],
          [75.20144, 33.69641],
          [75.20134, 33.69632],
          [75.20117, 33.69625],
          [75.20104, 33.69615],
          [75.2009, 33.69609],
          [75.20083, 33.69606],
          [75.20071, 33.696],
          [75.20063, 33.69596],
          [75.20056, 33.69593],
          [75.20056, 33.69593],
          [75.2004, 33.69583],
          [75.20036, 33.69581],
          [75.2003, 33.69577],
          [75.20016, 33.6957],
          [75.20008, 33.69559],
          [75.20007, 33.69558],
          [75.19994, 33.69551],
          [75.19977, 33.69548],
          [75.1996, 33.69539],
          [75.19957, 33.69529],
          [75.19957, 33.69529],
          [75.19952, 33.69513],
          [75.19952, 33.69498],
          [75.19953, 33.69492],
          [75.19953, 33.69485],
          [75.19954, 33.69476],
          [75.19971, 33.69457],
          [75.19973, 33.69457],
          [75.19982, 33.69454],
          [75.19995, 33.69448],
          [75.20001, 33.6944],
          [75.20006, 33.69433],
          [75.20011, 33.69429],
          [75.20016, 33.69424],
          [75.20028, 33.69422],
          [75.20036, 33.69421],
          [75.20041, 33.69421],
          [75.20056, 33.69421],
          [75.20079, 33.69421],
          [75.20086, 33.69421],
          [75.20093, 33.69421],
          [75.20103, 33.69421],
          [75.20116, 33.69421],
          [75.20126, 33.69421],
          [75.20129, 33.69421],
          [75.20134, 33.69421],
          [75.20152, 33.69421],
          [75.20169, 33.69421],
          [75.20179, 33.69418],
          [75.20193, 33.694],
          [75.20199, 33.69388],
          [75.20199, 33.69388],
          [75.20203, 33.69376],
          [75.2021, 33.69364],
          [75.20219, 33.69355],
          [75.20231, 33.69349],
          [75.20236, 33.69346],
          [75.20259, 33.69334],
          [75.20263, 33.69332],
          [75.20269, 33.69328],
          [75.20278, 33.6932],
          [75.20288, 33.69308],
          [75.20298, 33.69302],
          [75.20301, 33.69299],
          [75.20302, 33.69299],
          [75.20311, 33.6929],
          [75.20321, 33.69282],
          [75.20324, 33.69279],
          [75.20448, 33.6936],
          [75.20455, 33.69372],
          [75.20455, 33.69376],
          [75.20456, 33.69388],
          [75.20461, 33.69394],
          [75.20467, 33.694],
          [75.20482, 33.6941],
          [75.20485, 33.69413],
          [75.2049, 33.69419],
          [75.20493, 33.69421],
          [75.20508, 33.69432],
          [75.2051, 33.69441],
          [75.20521, 33.69457],
          [75.20519, 33.69466],
          [75.20518, 33.69473],
          [75.20516, 33.6948],
          [75.20514, 33.69493],
          [75.20513, 33.695],
          [75.20511, 33.69509],
          [75.20509, 33.69522],
          [75.20517, 33.69532],
          [75.20536, 33.69545],
          [75.20537, 33.69546],
          [75.20548, 33.69554],
          [75.20554, 33.69558],
          [75.2056, 33.69568],
          [75.20571, 33.69584],
          [75.20572, 33.69587],
          [75.20575, 33.69598],
          [75.20582, 33.69618],
          [75.20585, 33.69623],
          [75.20588, 33.69628],
          [75.20597, 33.69634],
          [75.20602, 33.69632],
          [75.20612, 33.69628],
          [75.20632, 33.69614],
          [75.20641, 33.69608],
          [75.20654, 33.69614],
          [75.20658, 33.69628],
          [75.20663, 33.69641],
          [75.20672, 33.69651],
          [75.20686, 33.69655],
          [75.20704, 33.69655],
          [75.20732, 33.69655],
          [75.20754, 33.69655],
          [75.20779, 33.69648],
          [75.20813, 33.69638],
          [75.20831, 33.69631],
          [75.20831, 33.69631],
          [75.20846, 33.69628],
          [75.20872, 33.69618],
          [75.20901, 33.69614],
          [75.20901, 33.69614],
          [75.20901, 33.69614],
          [75.20915, 33.69614],
          [75.20929, 33.69614],
          [75.20929, 33.69614],
          [75.20947, 33.69608],
          [75.20957, 33.69602],
          [75.20966, 33.69598],
          [75.20973, 33.69594],
          [75.20977, 33.69591],
          [75.20996, 33.69581],
          [75.21014, 33.69573],
          [75.21018, 33.69571],
          [75.21027, 33.69568],
          [75.21036, 33.69564],
          [75.21036, 33.69564],
          [75.21062, 33.69551],
          [75.21068, 33.69551],
          [75.21076, 33.69551],
          [75.21097, 33.69551],
          [75.21108, 33.69551],
          [75.21132, 33.69551],
          [75.21132, 33.69551],
          [75.21226, 33.69545],
          [75.21226, 33.69545],
          [75.2124, 33.69545],
          [75.21258, 33.69542],
          [75.21272, 33.69539],
          [75.21286, 33.6953],
          [75.21296, 33.69524],
          [75.21297, 33.69524],
          [75.2131, 33.69524],
          [75.21324, 33.69521],
          [75.21341, 33.69521],
          [75.21366, 33.69521],
          [75.21379, 33.69521],
          [75.2139, 33.69521],
          [75.21393, 33.69521],
          [75.214, 33.69521],
          [75.21411, 33.69521],
          [75.21436, 33.69512],
          [75.21442, 33.69512],
          [75.21443, 33.69512],
          [75.21466, 33.695],
          [75.21466, 33.695],
          [75.21467, 33.69499],
          [75.21474, 33.69494],
          [75.21483, 33.69491],
          [75.21484, 33.69491],
          [75.21489, 33.69488],
          [75.21503, 33.69482],
          [75.21522, 33.69477],
          [75.21525, 33.69476],
          [75.21529, 33.69476],
          [75.21542, 33.69476],
          [75.21548, 33.69476],
          [75.21556, 33.69476],
          [75.21561, 33.69476],
          [75.21576, 33.69476],
          [75.21586, 33.69476],
          [75.21603, 33.69479],
          [75.21616, 33.69488],
          [75.21616, 33.69488],
          [75.21633, 33.69488],
          [75.2165, 33.69488],
          [75.21661, 33.69488],
          [75.21685, 33.69488],
          [75.21685, 33.69488],
          [75.21709, 33.69488],
          [75.2173, 33.69488],
          [75.21749, 33.69488],
          [75.21754, 33.69488],
          [75.21761, 33.69488],
          [75.21771, 33.69488],
          [75.21791, 33.69494],
          [75.21804, 33.69497],
          [75.2181, 33.69499],
          [75.21821, 33.69503],
          [75.21828, 33.69506],
          [75.21837, 33.69512],
          [75.21847, 33.69521],
          [75.21856, 33.69536],
          [75.21863, 33.69554],
          [75.21864, 33.69557],
          [75.21866, 33.6956],
          [75.21874, 33.6957],
          [75.2189, 33.69579],
          [75.21907, 33.69585],
          [75.21924, 33.69591],
          [75.21941, 33.69597],
          [75.21962, 33.69597],
          [75.21962, 33.69597],
          [75.21973, 33.69597],
          [75.21985, 33.69597],
          [75.21994, 33.69597],
          [75.22004, 33.69601],
          [75.22011, 33.69604],
          [75.22032, 33.69604],
          [75.22041, 33.69607],
          [75.22085, 33.69624],
          [75.2209, 33.69628],
          [75.22106, 33.69667],
          [75.22109, 33.69674],
          [75.22123, 33.69674],
          [75.22136, 33.69682],
          [75.22146, 33.69696],
          [75.22148, 33.69698],
          [75.22155, 33.69713],
          [75.22166, 33.69733],
          [75.22167, 33.69733],
          [75.22167, 33.69733],
          [75.22175, 33.69745],
          [75.22197, 33.69757],
          [75.22203, 33.69764],
          [75.22205, 33.69765],
          [75.22222, 33.69777],
          [75.22241, 33.69777],
          [75.22269, 33.69777],
          [75.22293, 33.69777],
          [75.22318, 33.69761],
          [75.22332, 33.69757],
          [75.22332, 33.69757],
          [75.22343, 33.69741],
          [75.22359, 33.69725],
          [75.22366, 33.6972],
          [75.22374, 33.69713],
          [75.22398, 33.6971],
          [75.22421, 33.6971],
          [75.22435, 33.6971],
          [75.22453, 33.69717],
          [75.2247, 33.69729],
          [75.22479, 33.69741],
          [75.22491, 33.69757],
          [75.22492, 33.69757],
          [75.22492, 33.69757],
          [75.22505, 33.69769],
          [75.22525, 33.69806],
          [75.22525, 33.69812],
          [75.22524, 33.69822],
          [75.22516, 33.69834],
          [75.22513, 33.69838],
          [75.22511, 33.69845],
          [75.22507, 33.69855],
          [75.22506, 33.69866],
          [75.22505, 33.69879],
          [75.22503, 33.69904],
          [75.22503, 33.69906],
          [75.22502, 33.69916],
          [75.225, 33.69941],
          [75.22502, 33.69948],
          [75.22504, 33.69958],
          [75.22512, 33.69971],
          [75.22517, 33.69983],
          [75.2252, 33.69992],
          [75.2252, 33.69998],
          [75.22518, 33.70017],
          [75.2252, 33.70028],
          [75.22521, 33.70042],
          [75.22527, 33.70056],
          [75.22533, 33.70072],
          [75.22537, 33.70089],
          [75.22545, 33.70107],
          [75.22545, 33.70116],
          [75.22544, 33.70128],
          [75.22542, 33.70154],
          [75.22541, 33.70165],
          [75.22541, 33.70172],
          [75.22538, 33.70203],
          [75.22553, 33.70207],
          [75.22587, 33.70207],
          [75.22617, 33.70203],
          [75.22646, 33.70203],
          [75.22665, 33.70211],
          [75.22677, 33.70226],
          [75.22679, 33.70229],
          [75.22703, 33.70238],
          [75.22728, 33.70242],
          [75.22728, 33.70242],
          [75.22752, 33.70256],
          [75.22766, 33.70269],
          [75.22766, 33.70269],
          [75.22766, 33.70269],
          [75.22775, 33.70283],
          [75.22774, 33.70298],
          [75.22774, 33.70305],
          [75.22774, 33.7031],
          [75.22773, 33.70323],
          [75.22779, 33.70342],
          [75.22782, 33.7035],
          [75.22784, 33.70354],
          [75.22786, 33.70359],
          [75.22811, 33.70373],
          [75.22811, 33.70373],
          [75.22835, 33.70391],
          [75.22849, 33.70405],
          [75.22859, 33.70414],
          [75.22869, 33.70428],
          [75.22867, 33.70456],
          [75.22875, 33.70485],
          [75.22876, 33.70488],
          [75.22876, 33.70502],
          [75.22885, 33.70521],
          [75.22884, 33.70549],
          [75.22884, 33.7056],
          [75.22883, 33.70583],
          [75.22883, 33.70592],
          [75.22882, 33.70607],
          [75.22882, 33.70613],
          [75.22882, 33.70621],
          [75.22882, 33.70621],
          [75.22911, 33.70597],
          [75.22959, 33.70557],
          [75.23009, 33.70533],
          [75.23056, 33.70533],
          [75.23117, 33.70521],
          [75.23177, 33.70509],
          [75.23205, 33.70503],
          [75.23225, 33.70498],
          [75.23235, 33.70498],
          [75.23261, 33.70498],
          [75.23344, 33.70498],
          [75.23391, 33.70498],
          [75.23462, 33.70498],
          [75.23497, 33.70509],
          [75.23554, 33.70533],
          [75.236, 33.70557],
          [75.23646, 33.70581],
          [75.23705, 33.70593],
          [75.23717, 33.70593],
          [75.23798, 33.70628],
          [75.23798, 33.70628],
          [75.23856, 33.70652],
          [75.2389, 33.70676],
          [75.2389, 33.70676],
          [75.23936, 33.70713],
          [75.24017, 33.70761],
          [75.24053, 33.70773],
          [75.24111, 33.7081],
          [75.24157, 33.70828],
          [75.2417, 33.70834],
          [75.24216, 33.70871],
          [75.24228, 33.70883],
          [75.24228, 33.70883],
          [75.24311, 33.70932],
          [75.24311, 33.70932],
          [75.24358, 33.70957],
          [75.24372, 33.70964],
          [75.24382, 33.70969],
          [75.24454, 33.70994],
          [75.24457, 33.70994],
          [75.24526, 33.70994],
          [75.24578, 33.70994],
          [75.24599, 33.70994],
          [75.24672, 33.70994],
          [75.24672, 33.70994],
          [75.24672, 33.70994],
          [75.24769, 33.70994],
          [75.24841, 33.70994],
          [75.24926, 33.70981],
          [75.25004, 33.70972],
          [75.25014, 33.70965],
          [75.25047, 33.70957],
          [75.25053, 33.7094],
          [75.25055, 33.70936],
          [75.25077, 33.70934],
          [75.25126, 33.70929],
          [75.25162, 33.70916],
          [75.25222, 33.70892],
          [75.25269, 33.70892],
          [75.25269, 33.70892],
          [75.25271, 33.70887],
          [75.25274, 33.70881],
          [75.25408, 33.7086],
          [75.25459, 33.70892],
          [75.25501, 33.70918],
          [75.25515, 33.70922],
          [75.25596, 33.70945],
          [75.25655, 33.70953],
          [75.25676, 33.70985],
          [75.25739, 33.70995],
          [75.25764, 33.71],
          [75.25811, 33.70985],
          [75.25854, 33.70971],
          [75.25929, 33.70969],
          [75.25972, 33.70968],
          [75.26018, 33.70933],
          [75.2604, 33.70916],
          [75.26072, 33.70891],
          [75.26141, 33.70825],
          [75.26179, 33.70809],
          [75.262, 33.70801],
          [75.26201, 33.70791],
          [75.26204, 33.70788],
          [75.26212, 33.70777],
          [75.2626, 33.70508],
          [75.2615, 33.70015],
          [75.26229, 33.69829],
          [75.25637, 33.69727],
          [75.25176, 33.69791],
          [75.25101, 33.69801],
          [75.24822, 33.69847],
          [75.24624, 33.69845],
          [75.24446, 33.69636],
          [75.24442, 33.69412],
          [75.24498, 33.69175],
          [75.24433, 33.68758],
          [75.24469, 33.68292],
          [75.24187, 33.6825],
          [75.2369, 33.68081],
          [75.23656, 33.67994],
          [75.23472, 33.67942],
          [75.22978, 33.67619],
          [75.22793, 33.67556],
          [75.22662, 33.67512],
          [75.22592, 33.67392],
          [75.22664, 33.67255],
          [75.23079, 33.6682],
          [75.23146, 33.66667],
          [75.23049, 33.66609],
          [75.22987, 33.66571],
          [75.22924, 33.66532],
          [75.22861, 33.66484],
          [75.22773, 33.66449],
          [75.2272, 33.66516],
          [75.22691, 33.66542],
          [75.22622, 33.66613],
          [75.22573, 33.66676],
          [75.22524, 33.66711],
          [75.22494, 33.66737],
          [75.22455, 33.66763],
          [75.22406, 33.66817],
          [75.22386, 33.66834],
          [75.22356, 33.66861],
          [75.22307, 33.66914],
          [75.22238, 33.66976],
          [75.22208, 33.67003],
          [75.22162, 33.67042],
          [75.22108, 33.67078],
          [75.2202, 33.67143],
          [75.21979, 33.67178],
          [75.21921, 33.67223],
          [75.21861, 33.67258],
          [75.21805, 33.6729],
          [75.21757, 33.67331],
          [75.21707, 33.67372],
          [75.21662, 33.67408],
          [75.21623, 33.67435],
          [75.21613, 33.67443],
          [75.21591, 33.67459],
          [75.21571, 33.67445],
          [75.21523, 33.67412],
          [75.21456, 33.67377],
          [75.21419, 33.67353],
          [75.21383, 33.6733],
          [75.21343, 33.67302],
          [75.21291, 33.6728],
          [75.21219, 33.67219],
          [75.21139, 33.67159],
          [75.21135, 33.67175],
          [75.211, 33.67159],
          [75.21074, 33.6718],
          [75.21025, 33.67225],
          [75.20957, 33.67287],
          [75.20879, 33.67359],
          [75.20683, 33.67539],
          [75.20624, 33.67611],
          [75.20574, 33.67692],
          [75.20535, 33.67773],
          [75.20476, 33.67791],
          [75.20348, 33.67818],
          [75.2026, 33.67845],
          [75.20172, 33.67872],
          [75.20074, 33.67908],
          [75.19956, 33.67962],
          [75.19907, 33.67989],
          [75.19877, 33.68034],
          [75.19857, 33.68097],
          [75.19846, 33.68142],
          [75.19816, 33.68169],
          [75.19748, 33.68206],
          [75.19698, 33.68233],
          [75.19659, 33.68251],
          [75.19609, 33.68306],
          [75.19569, 33.6836],
          [75.19559, 33.68369],
          [75.19549, 33.68378],
          [75.19511, 33.68369],
          [75.19435, 33.68334],
          [75.19406, 33.68317],
          [75.19339, 33.68309],
          [75.19233, 33.68284],
          [75.1907, 33.68287],
          [75.18993, 33.68288],
          [75.18984, 33.68271],
          [75.18995, 33.68234],
          [75.19005, 33.68207],
          [75.19045, 33.68126],
          [75.19075, 33.68053],
          [75.19125, 33.67953],
          [75.19165, 33.67871],
          [75.19214, 33.67753],
          [75.19272, 33.67625],
          [75.19311, 33.67534],
          [75.1933, 33.67488],
          [75.19378, 33.67451],
          [75.19455, 33.67405],
          [75.19532, 33.67367],
          [75.19609, 33.67321],
          [75.19696, 33.67274],
          [75.19821, 33.67228],
          [75.1986, 33.6721],
          [75.19928, 33.67191],
          [75.20024, 33.67154],
          [75.20082, 33.67127],
          [75.20101, 33.67099],
          [75.2013, 33.67053],
          [75.20168, 33.66989],
          [75.20215, 33.66916],
          [75.20262, 33.66852],
          [75.20318, 33.66769],
          [75.20356, 33.66714],
          [75.20383, 33.66659],
          [75.2041, 33.66585],
          [75.20472, 33.66419],
          [75.20507, 33.66317],
          [75.20542, 33.66234],
          [75.20567, 33.66141],
          [75.2058, 33.66029],
          [75.20609, 33.65871],
          [75.20625, 33.65805],
          [75.20661, 33.6567],
          [75.2061, 33.65608],
          [75.20487, 33.65402],
          [75.20393, 33.65559],
          [75.20247, 33.65736],
          [75.20105, 33.65874],
          [75.19957, 33.66011],
          [75.19901, 33.66027],
          [75.19785, 33.66062],
          [75.19439, 33.66056],
          [75.19262, 33.66098],
          [75.19205, 33.65934],
          [75.19076, 33.65891],
          [75.18776, 33.65799],
          [75.18642, 33.65759],
          [75.18492, 33.65714],
          [75.18295, 33.65678],
          [75.18216, 33.65667],
          [75.18089, 33.6565],
          [75.17908, 33.65636],
          [75.17582, 33.65594],
          [75.17402, 33.65551],
          [75.1729, 33.65473],
          [75.17101, 33.65287],
          [75.17055, 33.65234],
          [75.17032, 33.65208],
          [75.16936, 33.65146],
          [75.16911, 33.6513],
          [75.16902, 33.65116],
          [75.16868, 33.65066],
          [75.16791, 33.6498],
          [75.16791, 33.6498],
          [75.16783, 33.64976],
          [75.16671, 33.64916],
          [75.16671, 33.64916],
          [75.1655, 33.6493],
          [75.16456, 33.64973],
          [75.16362, 33.65059],
          [75.16216, 33.65131],
          [75.16096, 33.65146],
          [75.15942, 33.65211],
          [75.15942, 33.65211],
          [75.15642, 33.65297],
          [75.15642, 33.65297],
          [75.15504, 33.65204],
          [75.15498, 33.65135],
          [75.15495, 33.65104],
          [75.15495, 33.64911],
          [75.15494, 33.64689],
          [75.15494, 33.64603],
          [75.15477, 33.64503],
          [75.15421, 33.64461],
          [75.15391, 33.64439],
          [75.15342, 33.64359],
          [75.15287, 33.64267],
          [75.15283, 33.64123],
          [75.15278, 33.63916],
          [75.15262, 33.63735],
          [75.15258, 33.63691],
          [75.15258, 33.63687],
          [75.15258, 33.63682],
          [75.1525, 33.63504],
          [75.1525, 33.63504],
          [75.15355, 33.63243],
          [75.15422, 33.63045],
          [75.15498, 33.62889],
          [75.15553, 33.62809],
          [75.15606, 33.62734],
          [75.15612, 33.62723],
          [75.15618, 33.62715],
          [75.15786, 33.62705],
          [75.15965, 33.62676],
          [75.1614, 33.62558],
          [75.1632, 33.6245],
          [75.16527, 33.62361],
          [75.16761, 33.62283],
          [75.16773, 33.62274],
          [75.16935, 33.62187],
          [75.17176, 33.62024],
          [75.17269, 33.61955],
          [75.17339, 33.61902],
          [75.17448, 33.61802],
          [75.17492, 33.61762],
          [75.17577, 33.61717],
          [75.17649, 33.61679],
          [75.17655, 33.61676],
          [75.1767, 33.61669],
          [75.17778, 33.61551],
          [75.17788, 33.61551],
          [75.17854, 33.61469],
          [75.17865, 33.61459],
          [75.17875, 33.61451],
          [75.17916, 33.61354],
          [75.17946, 33.61281],
          [75.17977, 33.61248],
          [75.18083, 33.61131],
          [75.18168, 33.61018],
          [75.18183, 33.60931],
          [75.18186, 33.60892],
          [75.18175, 33.60761],
          [75.18175, 33.60761],
          [75.18183, 33.60626],
          [75.18223, 33.60435],
          [75.18224, 33.60427],
          [75.18224, 33.60427],
          [75.18264, 33.60239],
          [75.18262, 33.6011],
          [75.18262, 33.6011],
          [75.18262, 33.60108],
          [75.18255, 33.60071],
          [75.18226, 33.59952],
          [75.18227, 33.59936],
          [75.18183, 33.59765],
          [75.18183, 33.59758],
          [75.18184, 33.59741],
          [75.18187, 33.59695],
          [75.18191, 33.59665],
          [75.182, 33.59586],
          [75.18207, 33.59527],
          [75.18229, 33.59394],
          [75.18237, 33.59285],
          [75.18223, 33.59176],
          [75.18222, 33.59033],
          [75.18214, 33.58952],
          [75.18208, 33.5889],
          [75.18215, 33.58747],
          [75.18215, 33.58691],
          [75.18215, 33.58684],
          [75.18215, 33.58684],
          [75.18228, 33.58626],
          [75.18228, 33.58626],
          [75.18228, 33.58618],
          [75.18228, 33.58569],
          [75.18217, 33.58528],
          [75.18207, 33.58489],
          [75.18125, 33.58432],
          [75.17953, 33.58444],
          [75.17844, 33.5857],
          [75.17844, 33.5857],
          [75.17741, 33.58673],
          [75.17556, 33.58696],
          [75.17508, 33.58694],
          [75.17467, 33.58691],
          [75.17418, 33.58565],
          [75.17452, 33.58422],
          [75.17452, 33.58369],
          [75.17452, 33.58313],
          [75.17356, 33.58222],
          [75.17251, 33.58143],
          [75.17218, 33.58119],
          [75.17148, 33.58066],
          [75.17081, 33.58016],
          [75.17, 33.57964],
          [75.16979, 33.58065],
          [75.16949, 33.58171],
          [75.16944, 33.58193],
          [75.1695, 33.58321],
          [75.16938, 33.58489],
          [75.16956, 33.58715],
          [75.16951, 33.5906],
          [75.17504, 33.59015],
          [75.17504, 33.59044],
          [75.17503, 33.59148],
          [75.17192, 33.5931],
          [75.1688, 33.59473],
          [75.16693, 33.59616],
          [75.16606, 33.59665],
          [75.16502, 33.5963],
          [75.1646, 33.59512],
          [75.16318, 33.59156],
          [75.16263, 33.59062],
          [75.16201, 33.5893],
          [75.16126, 33.58878],
          [75.16049, 33.58892],
          [75.15972, 33.58906],
          [75.15843, 33.58962],
          [75.1571, 33.59014],
          [75.15639, 33.58979],
          [75.15529, 33.58929],
          [75.15418, 33.58879],
          [75.1526, 33.58875],
          [75.15123, 33.58917],
          [75.15057, 33.58999],
          [75.14909, 33.59249],
          [75.14602, 33.5916],
          [75.1418, 33.59091],
          [75.13958, 33.58974],
          [75.13956, 33.58973],
          [75.13872, 33.58972],
          [75.13467, 33.58967],
          [75.13526, 33.59168],
          [75.13858, 33.59688],
          [75.14074, 33.60249],
          [75.14041, 33.60624],
          [75.13876, 33.61005],
          [75.13798, 33.61071],
          [75.13719, 33.61137],
          [75.13568, 33.61206],
          [75.13234, 33.61359],
          [75.13082, 33.61429],
          [75.12915, 33.6159],
          [75.12905, 33.61599],
          [75.127, 33.61832],
          [75.12649, 33.62035],
          [75.12716, 33.62146],
          [75.12793, 33.62258],
          [75.12901, 33.62319],
          [75.13442, 33.6237],
          [75.13601, 33.62451],
          [75.1359, 33.62587],
          [75.13571, 33.62826],
          [75.13372, 33.63088],
          [75.13239, 33.63427],
          [75.13053, 33.63592],
          [75.12702, 33.63486],
          [75.12489, 33.63383],
          [75.12468, 33.63611],
          [75.1234, 33.63803],
          [75.12292, 33.63999],
          [75.12188, 33.64132],
          [75.12166, 33.64364],
          [75.12144, 33.64597],
          [75.12013, 33.6478],
          [75.12004, 33.64914],
          [75.12607, 33.64987],
          [75.12803, 33.65066],
          [75.13375, 33.65209],
          [75.13672, 33.65373],
          [75.13751, 33.65417],
          [75.13165, 33.65753],
          [75.1278, 33.66013],
          [75.12774, 33.66029],
          [75.12715, 33.66212],
          [75.12406, 33.66495],
          [75.12074, 33.67032],
          [75.12065, 33.67187],
          [75.12059, 33.6729],
          [75.11968, 33.67281],
          [75.11919, 33.67276],
          [75.11665, 33.67252],
          [75.11649, 33.6725],
          [75.1017, 33.67296],
          [75.10232, 33.6741],
          [75.1027, 33.6748],
          [75.10319, 33.6757],
          [75.10353, 33.6766],
          [75.10405, 33.67801],
          [75.10446, 33.6791],
          [75.10477, 33.67993],
          [75.10492, 33.68032],
          [75.10702, 33.68428],
          [75.10747, 33.68512],
          [75.10773, 33.68561],
          [75.10757, 33.68559],
          [75.1044, 33.68521],
          [75.10297, 33.68362],
          [75.10119, 33.6839],
          [75.09941, 33.68417],
          [75.09947, 33.68566],
          [75.09822, 33.6883],
          [75.09942, 33.69078],
          [75.10162, 33.69337],
          [75.10206, 33.69398],
          [75.10187, 33.69418],
          [75.10156, 33.69451],
          [75.10073, 33.69549],
          [75.09964, 33.6964],
          [75.09779, 33.69811],
          [75.09829, 33.69993],
          [75.09839, 33.70162],
          [75.09873, 33.70273],
          [75.09883, 33.70347],
          [75.09883, 33.70347],
          [75.09883, 33.70347],
          [75.09883, 33.70347],
          [75.09883, 33.70347],
          [75.09883, 33.70347],
          [75.09883, 33.70347],
          [75.09883, 33.70347],
          [75.09883, 33.70347],
          [75.09883, 33.70347],
          [75.09883, 33.70347],
          [75.09883, 33.70347],
          [75.09883, 33.70347],
          [75.09883, 33.70347],
          [75.09883, 33.70347],
          [75.09883, 33.70347],
          [75.09883, 33.70348],
          [75.09883, 33.70348],
          [75.09883, 33.70348],
          [75.09883, 33.70348],
          [75.09883, 33.70348],
          [75.09883, 33.70348],
          [75.09883, 33.70348],
          [75.09883, 33.70348],
          [75.09883, 33.70349],
          [75.09882, 33.70349],
          [75.09882, 33.70349],
          [75.09882, 33.70349],
          [75.09882, 33.70349],
          [75.09882, 33.70349],
          [75.09882, 33.70349],
          [75.09882, 33.70349],
          [75.09882, 33.7035],
          [75.09882, 33.7035],
          [75.09882, 33.7035],
          [75.09882, 33.7035],
          [75.09882, 33.7035],
          [75.09881, 33.70351],
          [75.09881, 33.70351],
          [75.09881, 33.70351],
          [75.09881, 33.70351],
          [75.09881, 33.70351],
          [75.09881, 33.70352],
          [75.09881, 33.70352],
          [75.09881, 33.70352],
          [75.0988, 33.70353],
          [75.0988, 33.70353],
          [75.0988, 33.70353],
          [75.0988, 33.70354],
          [75.0988, 33.70354],
          [75.09879, 33.70354],
          [75.09879, 33.70354],
          [75.09879, 33.70355],
          [75.09879, 33.70355],
          [75.09879, 33.70355],
          [75.09879, 33.70355],
          [75.09878, 33.70356],
          [75.09877, 33.70357],
          [75.09877, 33.70358],
          [75.09876, 33.70359],
          [75.09876, 33.7036],
          [75.09876, 33.70361],
          [75.09875, 33.70362],
          [75.09875, 33.70363],
          [75.09875, 33.70363],
          [75.09875, 33.70364],
          [75.09875, 33.70364],
          [75.09875, 33.70365],
          [75.09874, 33.70365],
          [75.09874, 33.70366],
          [75.09874, 33.70367],
          [75.09874, 33.70367],
          [75.09874, 33.70368],
          [75.09874, 33.70369],
          [75.09874, 33.7037],
          [75.09874, 33.7037],
          [75.09874, 33.70371],
          [75.09874, 33.70372],
          [75.09874, 33.70373],
          [75.09874, 33.70374],
          [75.09874, 33.70375],
          [75.09874, 33.70375],
          [75.09874, 33.70375],
          [75.09874, 33.70376],
          [75.09874, 33.70377],
          [75.09874, 33.70378],
          [75.09874, 33.70378],
          [75.09874, 33.70379],
          [75.09874, 33.70379],
          [75.09874, 33.7038],
          [75.09874, 33.70381],
          [75.09874, 33.70381],
          [75.09874, 33.70382],
          [75.09874, 33.70383],
          [75.09875, 33.70384],
          [75.09875, 33.70385],
          [75.09875, 33.70386],
          [75.09875, 33.70386],
          [75.09875, 33.70387],
          [75.09875, 33.70388],
          [75.09875, 33.70388],
          [75.09876, 33.70389],
          [75.09876, 33.7039],
          [75.09876, 33.70391],
          [75.09876, 33.70391],
          [75.09876, 33.70391],
          [75.09877, 33.70392],
          [75.09877, 33.70393],
          [75.09877, 33.70394],
          [75.09877, 33.70394],
          [75.09877, 33.70395],
          [75.09877, 33.70395],
          [75.09878, 33.70396],
          [75.09878, 33.70397],
          [75.09878, 33.70398],
          [75.09878, 33.70398],
          [75.09878, 33.70398],
          [75.09878, 33.70399],
          [75.09879, 33.70399],
          [75.09879, 33.704],
          [75.09879, 33.70401],
          [75.0988, 33.70404],
          [75.09881, 33.70405],
          [75.09881, 33.70407],
          [75.09881, 33.70408],
          [75.09881, 33.70408],
          [75.09881, 33.70408],
          [75.09882, 33.7041],
          [75.09882, 33.70411],
          [75.09882, 33.70411],
          [75.09882, 33.70413],
          [75.09883, 33.70414],
          [75.09883, 33.70414],
          [75.09883, 33.70415],
          [75.09883, 33.70416],
          [75.09883, 33.70417],
          [75.09883, 33.70418],
          [75.09884, 33.70419],
          [75.09884, 33.7042],
          [75.09884, 33.70421],
          [75.09884, 33.70422],
          [75.09884, 33.70423],
          [75.09884, 33.70424],
          [75.09885, 33.70425],
          [75.09885, 33.70426],
          [75.09885, 33.70427],
          [75.09885, 33.70428],
          [75.09885, 33.7043],
          [75.09886, 33.70431],
          [75.09886, 33.70433],
          [75.09886, 33.70433],
          [75.09886, 33.70434],
          [75.09886, 33.70435],
          [75.09886, 33.70436],
          [75.09886, 33.70438],
          [75.09886, 33.70438],
          [75.09887, 33.70439],
          [75.09887, 33.7044],
          [75.09887, 33.70441],
          [75.09887, 33.70442],
          [75.09887, 33.70444],
          [75.09887, 33.70445],
          [75.09887, 33.70446],
          [75.09887, 33.70447],
          [75.09887, 33.70448],
          [75.09887, 33.70448],
          [75.09888, 33.7045],
          [75.09888, 33.7045],
          [75.09888, 33.70451],
          [75.09888, 33.70453],
          [75.09888, 33.70454],
          [75.09888, 33.70455],
          [75.09888, 33.70456],
          [75.09888, 33.70458],
          [75.09888, 33.70459],
          [75.09889, 33.70461],
          [75.09889, 33.70462],
          [75.09889, 33.70464],
          [75.09889, 33.70465],
          [75.09889, 33.70465],
          [75.09889, 33.70467],
          [75.09889, 33.70468],
          [75.09889, 33.7047],
          [75.0989, 33.70472],
          [75.0989, 33.70473],
          [75.0989, 33.70475],
          [75.0989, 33.70476],
          [75.0989, 33.70478],
          [75.09891, 33.70484],
          [75.09892, 33.70491],
          [75.09893, 33.70498],
          [75.09893, 33.70505],
          [75.09893, 33.70505],
          [75.09894, 33.70511],
          [75.09894, 33.70513],
          [75.09895, 33.70518],
          [75.09896, 33.70525],
          [75.09896, 33.70532],
          [75.09897, 33.70533],
          [75.09897, 33.70538],
          [75.09898, 33.70545],
          [75.09898, 33.70549],
          [75.09898, 33.70552],
          [75.09899, 33.70553],
          [75.09899, 33.70559],
          [75.099, 33.70565],
          [75.099, 33.7057],
          [75.099, 33.70572],
          [75.099, 33.70575],
          [75.09901, 33.70579],
          [75.09901, 33.70586],
          [75.09902, 33.70592],
          [75.09902, 33.70597],
          [75.09902, 33.70599],
          [75.09903, 33.70604],
          [75.09903, 33.70606],
          [75.09903, 33.70613],
          [75.09903, 33.70619],
          [75.09904, 33.70626],
          [75.09904, 33.70633],
          [75.09904, 33.70633],
          [75.09904, 33.70633],
          [75.09904, 33.7064],
          [75.09904, 33.70645],
          [75.09904, 33.70647],
          [75.09904, 33.7065],
          [75.09904, 33.70653],
          [75.09904, 33.7066],
          [75.09904, 33.70667],
          [75.09904, 33.70672],
          [75.09904, 33.70674],
          [75.09904, 33.70675],
          [75.09904, 33.7068],
          [75.09904, 33.70685],
          [75.09904, 33.70687],
          [75.09904, 33.70689],
          [75.09903, 33.70694],
          [75.09903, 33.707],
          [75.09902, 33.70707],
          [75.09902, 33.70714],
          [75.09901, 33.70721],
          [75.09901, 33.70724],
          [75.09901, 33.70727],
          [75.099, 33.70734],
          [75.09899, 33.70737],
          [75.09899, 33.70741],
          [75.09898, 33.70747],
          [75.09897, 33.70751],
          [75.09897, 33.70754],
          [75.09896, 33.70761],
          [75.09895, 33.70764],
          [75.09895, 33.70767],
          [75.09894, 33.7077],
          [75.09893, 33.70774],
          [75.09892, 33.7078],
          [75.0989, 33.70787],
          [75.0989, 33.70789],
          [75.09889, 33.70794],
          [75.09888, 33.70796],
          [75.09887, 33.708],
          [75.09885, 33.70807],
          [75.09883, 33.70813],
          [75.09883, 33.70815],
          [75.09883, 33.70816],
          [75.09882, 33.70816],
          [75.09882, 33.70816],
          [75.09882, 33.70817],
          [75.09882, 33.70817],
          [75.09882, 33.70818],
          [75.09882, 33.70819],
          [75.09881, 33.7082],
          [75.09881, 33.7082],
          [75.09881, 33.7082],
          [75.09881, 33.70821],
          [75.0988, 33.70822],
          [75.0988, 33.70822],
          [75.0988, 33.70823],
          [75.0988, 33.70823],
          [75.09879, 33.70824],
          [75.09879, 33.70825],
          [75.09879, 33.70825],
          [75.09879, 33.70826],
          [75.09879, 33.70826],
          [75.09878, 33.70827],
          [75.09878, 33.70827],
          [75.09878, 33.70827],
          [75.09878, 33.70827],
          [75.09878, 33.70828],
          [75.09877, 33.70829],
          [75.09877, 33.7083],
          [75.09877, 33.7083],
          [75.09877, 33.7083],
          [75.09877, 33.7083],
          [75.09876, 33.70831],
          [75.09876, 33.70831],
          [75.09876, 33.70832],
          [75.09876, 33.70832],
          [75.09875, 33.70832],
          [75.09875, 33.70833],
          [75.09875, 33.70834],
          [75.09874, 33.70835],
          [75.09874, 33.70835],
          [75.09873, 33.70836],
          [75.09873, 33.70837],
          [75.09872, 33.70837],
          [75.09872, 33.70837],
          [75.09872, 33.70837],
          [75.09872, 33.70838],
          [75.09871, 33.70839],
          [75.09871, 33.70839],
          [75.09871, 33.70839],
          [75.0987, 33.7084],
          [75.09869, 33.70841],
          [75.09869, 33.70841],
          [75.09869, 33.70841],
          [75.09868, 33.70842],
          [75.09868, 33.70842],
          [75.09867, 33.70843],
          [75.09866, 33.70844],
          [75.09866, 33.70844],
          [75.09866, 33.70844],
          [75.09865, 33.70844],
          [75.09865, 33.70845],
          [75.09864, 33.70845],
          [75.09863, 33.70846],
          [75.09863, 33.70846],
          [75.09862, 33.70847],
          [75.09862, 33.70847],
          [75.0986, 33.70848],
          [75.0986, 33.70848],
          [75.09859, 33.70848],
          [75.09859, 33.70848],
          [75.09859, 33.70848],
          [75.09858, 33.70849],
          [75.09858, 33.70849],
          [75.09858, 33.70849],
          [75.09858, 33.70849],
          [75.09857, 33.70849],
          [75.09857, 33.70849],
          [75.09857, 33.70849],
          [75.09856, 33.70849],
          [75.09856, 33.7085],
          [75.09856, 33.7085],
          [75.09855, 33.7085],
          [75.09855, 33.7085],
          [75.09854, 33.7085],
          [75.09854, 33.7085],
          [75.09854, 33.7085],
          [75.09853, 33.70851],
          [75.09853, 33.70851],
          [75.09852, 33.70851],
          [75.09852, 33.70851],
          [75.09852, 33.70851],
          [75.09852, 33.70851],
          [75.09851, 33.70851],
          [75.09851, 33.70851],
          [75.0985, 33.70852],
          [75.0985, 33.70852],
          [75.09849, 33.70852],
          [75.09849, 33.70852],
          [75.09849, 33.70852],
          [75.09848, 33.70852],
          [75.09848, 33.70852],
          [75.09848, 33.70852],
          [75.09847, 33.70852],
          [75.09847, 33.70852],
          [75.09846, 33.70852],
          [75.09846, 33.70852],
          [75.09846, 33.70853],
          [75.09845, 33.70853],
          [75.09845, 33.70853],
          [75.09844, 33.70853],
          [75.09843, 33.70853],
          [75.09843, 33.70853],
          [75.09843, 33.70853],
          [75.09842, 33.70853],
          [75.09842, 33.70853],
          [75.09842, 33.70853],
          [75.09841, 33.70854],
          [75.0984, 33.70854],
          [75.0984, 33.70854],
          [75.09839, 33.70854],
          [75.09839, 33.70854],
          [75.09839, 33.70854],
          [75.09838, 33.70854],
          [75.09837, 33.70854],
          [75.09837, 33.70854],
          [75.09836, 33.70854],
          [75.09836, 33.70855],
          [75.09836, 33.70855],
          [75.09835, 33.70855],
          [75.09835, 33.70855],
          [75.09834, 33.70855],
          [75.09834, 33.70855],
          [75.09833, 33.70855],
          [75.09833, 33.70855],
          [75.09831, 33.70855],
          [75.09826, 33.70856],
          [75.09826, 33.70856],
          [75.09824, 33.70857],
          [75.09823, 33.70857],
          [75.09821, 33.70858],
          [75.09819, 33.70858],
          [75.09817, 33.70859],
          [75.09817, 33.70859],
          [75.09814, 33.7086],
          [75.09812, 33.7086],
          [75.09809, 33.70861],
          [75.09807, 33.70862],
          [75.09805, 33.70863],
          [75.09802, 33.70863],
          [75.098, 33.70864],
          [75.09798, 33.70865],
          [75.09795, 33.70866],
          [75.09793, 33.70867],
          [75.09791, 33.70868],
          [75.0979, 33.70868],
          [75.09788, 33.70869],
          [75.09787, 33.7087],
          [75.09786, 33.7087],
          [75.09784, 33.70871],
          [75.09783, 33.70872],
          [75.09782, 33.70872],
          [75.09779, 33.70873],
          [75.09779, 33.70873],
          [75.09777, 33.70874],
          [75.09775, 33.70875],
          [75.09773, 33.70876],
          [75.09773, 33.70876],
          [75.09771, 33.70878],
          [75.09768, 33.70879],
          [75.09768, 33.70879],
          [75.09766, 33.7088],
          [75.09764, 33.70881],
          [75.09762, 33.70882],
          [75.09762, 33.70882],
          [75.0976, 33.70883],
          [75.09758, 33.70885],
          [75.09756, 33.70886],
          [75.09756, 33.70886],
          [75.09753, 33.70887],
          [75.09751, 33.70888],
          [75.09749, 33.70889],
          [75.09749, 33.7089],
          [75.09749, 33.7089],
          [75.09747, 33.70891],
          [75.09745, 33.70892],
          [75.09743, 33.70893],
          [75.09741, 33.70895],
          [75.09739, 33.70896],
          [75.09737, 33.70897],
          [75.09735, 33.70899],
          [75.09732, 33.709],
          [75.0973, 33.70901],
          [75.09728, 33.70903],
          [75.09726, 33.70904],
          [75.09724, 33.70905],
          [75.09722, 33.70907],
          [75.0972, 33.70908],
          [75.09714, 33.70912],
          [75.09711, 33.70914],
          [75.09708, 33.70916],
          [75.09705, 33.70918],
          [75.09702, 33.70919],
          [75.09702, 33.70919],
          [75.09702, 33.70919],
          [75.09699, 33.70921],
          [75.09696, 33.70923],
          [75.09695, 33.70924],
          [75.09693, 33.70925],
          [75.09691, 33.70926],
          [75.0969, 33.70927],
          [75.09687, 33.70929],
          [75.09687, 33.70929],
          [75.09685, 33.7093],
          [75.09684, 33.70931],
          [75.09682, 33.70932],
          [75.09681, 33.70933],
          [75.09678, 33.70935],
          [75.09675, 33.70937],
          [75.09674, 33.70937],
          [75.09671, 33.70939],
          [75.09668, 33.70941],
          [75.09666, 33.70943],
          [75.09665, 33.70943],
          [75.09665, 33.70943],
          [75.09662, 33.70945],
          [75.09659, 33.70947],
          [75.09656, 33.70949],
          [75.09653, 33.70951],
          [75.0965, 33.70953],
          [75.09647, 33.70954],
          [75.09647, 33.70955],
          [75.09647, 33.70955],
          [75.09644, 33.70957],
          [75.09643, 33.70957],
          [75.09641, 33.70958],
          [75.0964, 33.70959],
          [75.09638, 33.7096],
          [75.09635, 33.70962],
          [75.09632, 33.70964],
          [75.09629, 33.70966],
          [75.09629, 33.70966],
          [75.09626, 33.70968],
          [75.09624, 33.70971],
          [75.09621, 33.70973],
          [75.09618, 33.70975],
          [75.09615, 33.70977],
          [75.09612, 33.70979],
          [75.09609, 33.70981],
          [75.09606, 33.70983],
          [75.09603, 33.70985],
          [75.096, 33.70987],
          [75.09597, 33.70989],
          [75.09595, 33.70991],
          [75.09592, 33.70993],
          [75.09589, 33.70995],
          [75.09586, 33.70998],
          [75.09583, 33.71],
          [75.0958, 33.71002],
          [75.09578, 33.71004],
          [75.09572, 33.71009],
          [75.09566, 33.71013],
          [75.09563, 33.71016],
          [75.0956, 33.71018],
          [75.09557, 33.7102],
          [75.09557, 33.7102],
          [75.09554, 33.71023],
          [75.09552, 33.71025],
          [75.0955, 33.71026],
          [75.09549, 33.71027],
          [75.09548, 33.71028],
          [75.09546, 33.71029],
          [75.09544, 33.71031],
          [75.09543, 33.71032],
          [75.0954, 33.71034],
          [75.09539, 33.71035],
          [75.09537, 33.71036],
          [75.09534, 33.71038],
          [75.09531, 33.71041],
          [75.09528, 33.71043],
          [75.09524, 33.71045],
          [75.09521, 33.71047],
          [75.09519, 33.71049],
          [75.09518, 33.7105],
          [75.09518, 33.7105],
          [75.09515, 33.71052],
          [75.09513, 33.71054],
          [75.09512, 33.71054],
          [75.09512, 33.71054],
          [75.09509, 33.71056],
          [75.09506, 33.71058],
          [75.09503, 33.71061],
          [75.095, 33.71063],
          [75.09499, 33.71063],
          [75.09497, 33.71065],
          [75.09494, 33.71067],
          [75.09494, 33.71067],
          [75.09491, 33.71069],
          [75.09488, 33.71071],
          [75.09487, 33.71072],
          [75.09484, 33.71073],
          [75.09481, 33.71076],
          [75.09478, 33.71078],
          [75.09478, 33.71078],
          [75.09475, 33.7108],
          [75.09474, 33.71081],
          [75.09472, 33.71082],
          [75.09471, 33.71083],
          [75.09469, 33.71084],
          [75.09466, 33.71086],
          [75.09463, 33.71088],
          [75.09463, 33.71088],
          [75.09459, 33.7109],
          [75.09456, 33.71093],
          [75.09454, 33.71094],
          [75.09453, 33.71095],
          [75.09453, 33.71095],
          [75.0945, 33.71097],
          [75.09449, 33.71097],
          [75.09447, 33.71099],
          [75.09445, 33.711],
          [75.09444, 33.71101],
          [75.0944, 33.71103],
          [75.0944, 33.71103],
          [75.0944, 33.71103],
          [75.09437, 33.71105],
          [75.09435, 33.71106],
          [75.09434, 33.71107],
          [75.09431, 33.71109],
          [75.09431, 33.71109],
          [75.0943, 33.7111],
          [75.09428, 33.71111],
          [75.09424, 33.71113],
          [75.09421, 33.71115],
          [75.09418, 33.71117],
          [75.09415, 33.71119],
          [75.09414, 33.7112],
          [75.09412, 33.71121],
          [75.09412, 33.71121],
          [75.09411, 33.71122],
          [75.0941, 33.71122],
          [75.09409, 33.71123],
          [75.09408, 33.71124],
          [75.09408, 33.71124],
          [75.09407, 33.71125],
          [75.09406, 33.71125],
          [75.09405, 33.71126],
          [75.09405, 33.71126],
          [75.09404, 33.71126],
          [75.09403, 33.71127],
          [75.09402, 33.71127],
          [75.09401, 33.71128],
          [75.094, 33.71129],
          [75.09399, 33.71129],
          [75.09399, 33.7113],
          [75.09398, 33.7113],
          [75.09397, 33.71131],
          [75.09395, 33.71132],
          [75.09395, 33.71132],
          [75.09395, 33.71132],
          [75.09394, 33.71133],
          [75.09393, 33.71133],
          [75.09392, 33.71134],
          [75.09391, 33.71135],
          [75.09389, 33.71136],
          [75.09388, 33.71136],
          [75.09387, 33.71137],
          [75.09385, 33.71138],
          [75.09384, 33.71139],
          [75.09383, 33.71139],
          [75.09382, 33.7114],
          [75.09381, 33.71141],
          [75.09379, 33.71142],
          [75.09378, 33.71143],
          [75.09377, 33.71144],
          [75.09375, 33.71144],
          [75.09374, 33.71145],
          [75.09374, 33.71145],
          [75.09373, 33.71146],
          [75.09372, 33.71146],
          [75.09372, 33.71146],
          [75.09371, 33.71147],
          [75.09369, 33.71148],
          [75.09369, 33.71148],
          [75.09368, 33.71149],
          [75.09366, 33.7115],
          [75.09365, 33.71151],
          [75.09364, 33.71152],
          [75.09362, 33.71153],
          [75.09361, 33.71153],
          [75.09359, 33.71154],
          [75.09358, 33.71155],
          [75.09356, 33.71156],
          [75.09355, 33.71157],
          [75.09354, 33.71158],
          [75.09352, 33.71159],
          [75.09351, 33.7116],
          [75.09349, 33.71161],
          [75.09346, 33.71162],
          [75.09345, 33.71163],
          [75.09344, 33.71164],
          [75.09343, 33.71164],
          [75.09342, 33.71165],
          [75.09342, 33.71165],
          [75.09342, 33.71165],
          [75.09341, 33.71166],
          [75.0934, 33.71166],
          [75.09339, 33.71167],
          [75.09339, 33.71167],
          [75.09338, 33.71167],
          [75.09338, 33.71167],
          [75.09338, 33.71168],
          [75.09337, 33.71168],
          [75.09336, 33.71169],
          [75.09336, 33.71169],
          [75.09335, 33.71169],
          [75.09334, 33.7117],
          [75.09334, 33.7117],
          [75.09333, 33.71171],
          [75.09332, 33.71171],
          [75.09332, 33.71171],
          [75.09331, 33.71172],
          [75.09331, 33.71172],
          [75.0933, 33.71172],
          [75.0933, 33.71173],
          [75.09329, 33.71173],
          [75.09328, 33.71174],
          [75.09328, 33.71174],
          [75.09328, 33.71174],
          [75.09327, 33.71174],
          [75.09326, 33.71175],
          [75.09326, 33.71175],
          [75.09326, 33.71175],
          [75.09325, 33.71175],
          [75.09325, 33.71176],
          [75.09324, 33.71176],
          [75.09324, 33.71176],
          [75.09324, 33.71176],
          [75.09323, 33.71177],
          [75.09322, 33.71177],
          [75.09321, 33.71177],
          [75.09321, 33.71178],
          [75.0932, 33.71178],
          [75.09319, 33.71179],
          [75.09318, 33.71179],
          [75.09317, 33.7118],
          [75.09317, 33.7118],
          [75.09316, 33.71181],
          [75.09315, 33.71181],
          [75.09314, 33.71182],
          [75.09313, 33.71182],
          [75.09312, 33.71183],
          [75.09312, 33.71183],
          [75.09311, 33.71183],
          [75.0931, 33.71184],
          [75.0931, 33.71184],
          [75.0931, 33.71184],
          [75.09309, 33.71184],
          [75.09308, 33.71185],
          [75.09307, 33.71185],
          [75.09306, 33.71186],
          [75.09302, 33.71188],
          [75.093, 33.71189],
          [75.09298, 33.7119],
          [75.09297, 33.7119],
          [75.09295, 33.71191],
          [75.09293, 33.71192],
          [75.09291, 33.71193],
          [75.09289, 33.71194],
          [75.09287, 33.71195],
          [75.09286, 33.71195],
          [75.09284, 33.71196],
          [75.09284, 33.71196],
          [75.09282, 33.71197],
          [75.0928, 33.71198],
          [75.09278, 33.71199],
          [75.09276, 33.712],
          [75.09275, 33.712],
          [75.09273, 33.71201],
          [75.09273, 33.71201],
          [75.09271, 33.71202],
          [75.09271, 33.71202],
          [75.09269, 33.71203],
          [75.09267, 33.71204],
          [75.09265, 33.71205],
          [75.09264, 33.71206],
          [75.09262, 33.71206],
          [75.09262, 33.71207],
          [75.09261, 33.71207],
          [75.0926, 33.71207],
          [75.09258, 33.71208],
          [75.09257, 33.71209],
          [75.09257, 33.71209],
          [75.09255, 33.7121],
          [75.09255, 33.7121],
          [75.09255, 33.7121],
          [75.09253, 33.71211],
          [75.09251, 33.71212],
          [75.09251, 33.71212],
          [75.0925, 33.71213],
          [75.09249, 33.71213],
          [75.09248, 33.71214],
          [75.09246, 33.71215],
          [75.09246, 33.71216],
          [75.09245, 33.71216],
          [75.09243, 33.71217],
          [75.09242, 33.71218],
          [75.0924, 33.71219],
          [75.09238, 33.71221],
          [75.09237, 33.71222],
          [75.09236, 33.71222],
          [75.09235, 33.71223],
          [75.09235, 33.71223],
          [75.09234, 33.71224],
          [75.09233, 33.71225],
          [75.09231, 33.71226],
          [75.0923, 33.71227],
          [75.0923, 33.71228],
          [75.09228, 33.71229],
          [75.09227, 33.7123],
          [75.09226, 33.71232],
          [75.09225, 33.71232],
          [75.09225, 33.71233],
          [75.09224, 33.71233],
          [75.09222, 33.71236],
          [75.0922, 33.71239],
          [75.09219, 33.71239],
          [75.09219, 33.71241],
          [75.09218, 33.71242],
          [75.09217, 33.71244],
          [75.09216, 33.71246],
          [75.09215, 33.71247],
          [75.09215, 33.71247],
          [75.09215, 33.71247],
          [75.09214, 33.71249],
          [75.09213, 33.71251],
          [75.09212, 33.71252],
          [75.09212, 33.71252],
          [75.09211, 33.71254],
          [75.09211, 33.71256],
          [75.0921, 33.71257],
          [75.0921, 33.71258],
          [75.09209, 33.7126],
          [75.09209, 33.71261],
          [75.09208, 33.71262],
          [75.09208, 33.71263],
          [75.09208, 33.71265],
          [75.09207, 33.71266],
          [75.09207, 33.71267],
          [75.09207, 33.71267],
          [75.09207, 33.71269],
          [75.09206, 33.7127],
          [75.09206, 33.71272],
          [75.09206, 33.71272],
          [75.09205, 33.71274],
          [75.09205, 33.71276],
          [75.09205, 33.71276],
          [75.09204, 33.71278],
          [75.09204, 33.7128],
          [75.09204, 33.71282],
          [75.09203, 33.71284],
          [75.09203, 33.71286],
          [75.09203, 33.71287],
          [75.09202, 33.71287],
          [75.09202, 33.71289],
          [75.09202, 33.7129],
          [75.09202, 33.71291],
          [75.09201, 33.71293],
          [75.09201, 33.71295],
          [75.09201, 33.71297],
          [75.092, 33.71298],
          [75.092, 33.71299],
          [75.092, 33.71299],
          [75.092, 33.71301],
          [75.092, 33.71303],
          [75.09199, 33.71305],
          [75.09199, 33.71305],
          [75.09199, 33.71306],
          [75.09199, 33.71306],
          [75.09198, 33.71308],
          [75.09198, 33.7131],
          [75.09198, 33.7131],
          [75.09197, 33.71312],
          [75.09197, 33.71314],
          [75.09196, 33.71316],
          [75.09196, 33.71318],
          [75.09196, 33.71318],
          [75.09195, 33.7132],
          [75.09195, 33.71321],
          [75.09195, 33.71321],
          [75.09195, 33.71322],
          [75.09194, 33.71323],
          [75.09194, 33.71324],
          [75.09193, 33.71327],
          [75.09192, 33.71329],
          [75.09192, 33.7133],
          [75.09192, 33.7133],
          [75.09191, 33.71331],
          [75.09191, 33.71331],
          [75.09191, 33.71332],
          [75.09191, 33.71332],
          [75.0919, 33.71333],
          [75.0919, 33.71334],
          [75.0919, 33.71334],
          [75.0919, 33.71334],
          [75.0919, 33.71335],
          [75.09189, 33.71335],
          [75.09189, 33.71336],
          [75.09189, 33.71337],
          [75.09188, 33.71337],
          [75.09188, 33.71337],
          [75.09188, 33.71338],
          [75.09188, 33.71339],
          [75.09188, 33.71339],
          [75.09187, 33.7134],
          [75.09187, 33.71341],
          [75.09187, 33.71341],
          [75.09186, 33.71342],
          [75.09186, 33.71342],
          [75.09186, 33.71343],
          [75.09186, 33.71343],
          [75.09186, 33.71343],
          [75.09185, 33.71344],
          [75.09185, 33.71344],
          [75.09185, 33.71345],
          [75.09185, 33.71345],
          [75.09184, 33.71346],
          [75.09184, 33.71347],
          [75.09183, 33.71348],
          [75.09183, 33.71349],
          [75.09183, 33.7135],
          [75.09182, 33.7135],
          [75.09182, 33.71351],
          [75.09182, 33.71351],
          [75.09181, 33.71352],
          [75.09181, 33.71352],
          [75.09181, 33.71353],
          [75.09181, 33.71354],
          [75.0918, 33.71354],
          [75.0918, 33.71355],
          [75.0918, 33.71355],
          [75.0918, 33.71356],
          [75.0918, 33.71356],
          [75.09179, 33.71356],
          [75.09179, 33.71357],
          [75.09179, 33.71357],
          [75.09179, 33.71358],
          [75.09178, 33.71358],
          [75.09178, 33.71358],
          [75.09178, 33.71359],
          [75.09178, 33.7136],
          [75.09177, 33.71361],
          [75.09177, 33.71361],
          [75.09177, 33.71361],
          [75.09177, 33.71362],
          [75.09177, 33.71363],
          [75.09176, 33.71363],
          [75.09176, 33.71363],
          [75.09176, 33.71364],
          [75.09176, 33.71364],
          [75.09176, 33.71365],
          [75.09175, 33.71366],
          [75.09175, 33.71366],
          [75.09175, 33.71366],
          [75.09175, 33.71367],
          [75.09175, 33.71367],
          [75.09175, 33.71368],
          [75.09175, 33.71368],
          [75.09174, 33.71369],
          [75.09174, 33.7137],
          [75.09174, 33.71371],
          [75.09173, 33.71373],
          [75.09173, 33.71373],
          [75.09173, 33.71374],
          [75.09173, 33.71374],
          [75.09173, 33.71375],
          [75.09172, 33.71376],
          [75.09172, 33.71377],
          [75.09172, 33.71378],
          [75.09172, 33.71379],
          [75.09172, 33.7138],
          [75.09171, 33.7138],
          [75.09171, 33.71381],
          [75.09171, 33.71382],
          [75.09171, 33.71383],
          [75.09171, 33.71384],
          [75.09171, 33.71384],
          [75.09171, 33.71385],
          [75.09171, 33.71386],
          [75.09171, 33.71386],
          [75.09171, 33.71387],
          [75.0917, 33.71389],
          [75.0917, 33.7139],
          [75.0917, 33.71391],
          [75.0917, 33.71392],
          [75.0917, 33.71393],
          [75.0917, 33.71394],
          [75.0917, 33.71395],
          [75.0917, 33.71395],
          [75.0917, 33.71396],
          [75.0917, 33.71397],
          [75.0917, 33.71398],
          [75.0917, 33.714],
          [75.0917, 33.71401],
          [75.0917, 33.71402],
          [75.0917, 33.71402],
          [75.0917, 33.71403],
          [75.0917, 33.71403],
          [75.0917, 33.71405],
          [75.0917, 33.71406],
          [75.0917, 33.71407],
          [75.0917, 33.71408],
          [75.0917, 33.71409],
          [75.0917, 33.71409],
          [75.0917, 33.71411],
          [75.0917, 33.71412],
          [75.0917, 33.71412],
          [75.0917, 33.71413],
          [75.0917, 33.71413],
          [75.0917, 33.71414],
          [75.0917, 33.71416],
          [75.0917, 33.71417],
          [75.0917, 33.71418],
          [75.0917, 33.71419],
          [75.0917, 33.71419],
          [75.0917, 33.7142],
          [75.0917, 33.71421],
          [75.0917, 33.71422],
          [75.0917, 33.71423],
          [75.0917, 33.71424],
          [75.0917, 33.71426],
          [75.0917, 33.71427],
          [75.0917, 33.71428],
          [75.0917, 33.71429],
          [75.0917, 33.71432],
          [75.0917, 33.71433],
          [75.0917, 33.71435],
          [75.0917, 33.71437],
          [75.0917, 33.71437],
          [75.0917, 33.71438],
          [75.0917, 33.7144],
          [75.0917, 33.7144],
          [75.0917, 33.71442],
          [75.0917, 33.71444],
          [75.0917, 33.71444],
          [75.09169, 33.71445],
          [75.09169, 33.71447],
          [75.09169, 33.71449],
          [75.09169, 33.7145],
          [75.09168, 33.71452],
          [75.09168, 33.71453],
          [75.09168, 33.71454],
          [75.09168, 33.71454],
          [75.09168, 33.71456],
          [75.09168, 33.71457],
          [75.09167, 33.71459],
          [75.09167, 33.71459],
          [75.09167, 33.71461],
          [75.09167, 33.71461],
          [75.09166, 33.71463],
          [75.09166, 33.71464],
          [75.09166, 33.71466],
          [75.09165, 33.71468],
          [75.09165, 33.71468],
          [75.09165, 33.7147],
          [75.09165, 33.71471],
          [75.09165, 33.71471],
          [75.09165, 33.71471],
          [75.09164, 33.71473],
          [75.09164, 33.71475],
          [75.09163, 33.71476],
          [75.09163, 33.71476],
          [75.09163, 33.71478],
          [75.09163, 33.7148],
          [75.09162, 33.71482],
          [75.09162, 33.71483],
          [75.09161, 33.71485],
          [75.09161, 33.71487],
          [75.09161, 33.71489],
          [75.09161, 33.71489],
          [75.0916, 33.7149],
          [75.0916, 33.71492],
          [75.0916, 33.71493],
          [75.0916, 33.71494],
          [75.0916, 33.71495],
          [75.09159, 33.71497],
          [75.09159, 33.71498],
          [75.09159, 33.71499],
          [75.09159, 33.715],
          [75.09159, 33.715],
          [75.09159, 33.71502],
          [75.09159, 33.71504],
          [75.09158, 33.71504],
          [75.09158, 33.71504],
          [75.09158, 33.71505],
          [75.09158, 33.71507],
          [75.09158, 33.71508],
          [75.09158, 33.71509],
          [75.09158, 33.71509],
          [75.09158, 33.7151],
          [75.09158, 33.71512],
          [75.09158, 33.71514],
          [75.09158, 33.71514],
          [75.09158, 33.71517],
          [75.09158, 33.7152],
          [75.09159, 33.71521],
          [75.09159, 33.71522],
          [75.09159, 33.71522],
          [75.09159, 33.71524],
          [75.09159, 33.71524],
          [75.09159, 33.71525],
          [75.0916, 33.71526],
          [75.0916, 33.71528],
          [75.09161, 33.71529],
          [75.09161, 33.71531],
          [75.09162, 33.71532],
          [75.09162, 33.71532],
          [75.09162, 33.71533],
          [75.09162, 33.71534],
          [75.09163, 33.71535],
          [75.09163, 33.71535],
          [75.09163, 33.71536],
          [75.09164, 33.71538],
          [75.09164, 33.71539],
          [75.09165, 33.7154],
          [75.09165, 33.7154],
          [75.09166, 33.71542],
          [75.09166, 33.71542],
          [75.09166, 33.71543],
          [75.09167, 33.71545],
          [75.09167, 33.71545],
          [75.09168, 33.71546],
          [75.09168, 33.71548],
          [75.09169, 33.71549],
          [75.0917, 33.7155],
          [75.09171, 33.71552],
          [75.09171, 33.71553],
          [75.09172, 33.71555],
          [75.09173, 33.71556],
          [75.09174, 33.71558],
          [75.09174, 33.71559],
          [75.09175, 33.7156],
          [75.09176, 33.71561],
          [75.09176, 33.71562],
          [75.09177, 33.71563],
          [75.09178, 33.71565],
          [75.09178, 33.71566],
          [75.09179, 33.71567],
          [75.0918, 33.71569],
          [75.09181, 33.7157],
          [75.09181, 33.7157],
          [75.09182, 33.71571],
          [75.09182, 33.71572],
          [75.09182, 33.71573],
          [75.09183, 33.71574],
          [75.09184, 33.71575],
          [75.09185, 33.71577],
          [75.09185, 33.71578],
          [75.09186, 33.71579],
          [75.09187, 33.71581],
          [75.09188, 33.71582],
          [75.09188, 33.71582],
          [75.09188, 33.71583],
          [75.09189, 33.71586],
          [75.0919, 33.71587],
          [75.0919, 33.71587],
          [75.0919, 33.71588],
          [75.09191, 33.71588],
          [75.09191, 33.71588],
          [75.09191, 33.71589],
          [75.09191, 33.71589],
          [75.09192, 33.7159],
          [75.09192, 33.7159],
          [75.09192, 33.71591],
          [75.09192, 33.71591],
          [75.09192, 33.71592],
          [75.09193, 33.71592],
          [75.09193, 33.71593],
          [75.09194, 33.71594],
          [75.09194, 33.71594],
          [75.09194, 33.71594],
          [75.09194, 33.71595],
          [75.09195, 33.71596],
          [75.09195, 33.71596],
          [75.09195, 33.71597],
          [75.09195, 33.71597],
          [75.09196, 33.71597],
          [75.09196, 33.71598],
          [75.09196, 33.71598],
          [75.09196, 33.71599],
          [75.09197, 33.716],
          [75.09197, 33.716],
          [75.09197, 33.716],
          [75.09197, 33.71601],
          [75.09197, 33.71601],
          [75.09198, 33.71602],
          [75.09198, 33.71602],
          [75.09198, 33.71603],
          [75.09199, 33.71603],
          [75.09199, 33.71604],
          [75.09199, 33.71604],
          [75.09199, 33.71604],
          [75.09199, 33.71605],
          [75.092, 33.71605],
          [75.092, 33.71606],
          [75.092, 33.71606],
          [75.092, 33.71606],
          [75.09201, 33.71607],
          [75.09201, 33.71607],
          [75.09201, 33.71608],
          [75.09202, 33.71608],
          [75.09202, 33.71609],
          [75.09202, 33.71609],
          [75.09202, 33.7161],
          [75.09203, 33.71611],
          [75.09203, 33.71611],
          [75.09203, 33.71611],
          [75.09204, 33.71612],
          [75.09204, 33.71613],
          [75.09205, 33.71613],
          [75.09205, 33.71614],
          [75.09206, 33.71615],
          [75.09206, 33.71616],
          [75.09207, 33.71616],
          [75.09207, 33.71617],
          [75.09207, 33.71618],
          [75.09208, 33.71618],
          [75.09208, 33.71619],
          [75.09209, 33.7162],
          [75.09209, 33.7162],
          [75.0921, 33.71622],
          [75.09212, 33.71624],
          [75.09213, 33.71625],
          [75.09214, 33.71626],
          [75.09215, 33.71628],
          [75.09215, 33.71628],
          [75.09217, 33.71629],
          [75.09217, 33.7163],
          [75.09218, 33.71631],
          [75.09219, 33.71632],
          [75.0922, 33.71633],
          [75.09222, 33.71635],
          [75.09223, 33.71636],
          [75.09224, 33.71637],
          [75.09224, 33.71638],
          [75.09225, 33.71638],
          [75.09226, 33.71639],
          [75.09227, 33.7164],
          [75.09227, 33.7164],
          [75.09228, 33.71641],
          [75.09229, 33.71642],
          [75.0923, 33.71643],
          [75.09231, 33.71644],
          [75.09232, 33.71644],
          [75.09233, 33.71645],
          [75.09233, 33.71645],
          [75.09234, 33.71646],
          [75.09235, 33.71647],
          [75.09236, 33.71648],
          [75.09238, 33.71649],
          [75.09238, 33.71649],
          [75.09238, 33.71649],
          [75.09239, 33.71651],
          [75.09241, 33.71652],
          [75.09242, 33.71653],
          [75.09242, 33.71653],
          [75.09243, 33.71653],
          [75.09244, 33.71654],
          [75.09245, 33.71655],
          [75.09246, 33.71655],
          [75.09247, 33.71657],
          [75.09248, 33.71657],
          [75.09249, 33.71658],
          [75.0925, 33.71658],
          [75.0925, 33.71659],
          [75.09252, 33.7166],
          [75.09252, 33.7166],
          [75.09254, 33.71661],
          [75.09255, 33.71662],
          [75.09257, 33.71664],
          [75.09259, 33.71665],
          [75.09259, 33.71665],
          [75.0926, 33.71666],
          [75.09261, 33.71666],
          [75.09262, 33.71667],
          [75.09264, 33.71668],
          [75.09266, 33.71669],
          [75.09266, 33.71669],
          [75.09267, 33.7167],
          [75.09269, 33.71671],
          [75.09271, 33.71673],
          [75.09272, 33.71674],
          [75.09274, 33.71675],
          [75.09276, 33.71676],
          [75.09278, 33.71677],
          [75.09278, 33.71677],
          [75.09279, 33.71678],
          [75.09281, 33.71679],
          [75.09283, 33.7168],
          [75.09284, 33.71681],
          [75.09285, 33.71681],
          [75.09286, 33.71682],
          [75.09288, 33.71683],
          [75.09292, 33.71686],
          [75.09295, 33.71687],
          [75.09297, 33.71689],
          [75.09299, 33.7169],
          [75.09301, 33.71691],
          [75.09303, 33.71693],
          [75.09305, 33.71694],
          [75.09307, 33.71695],
          [75.0931, 33.71697],
          [75.09312, 33.71698],
          [75.09314, 33.71699],
          [75.09316, 33.71701],
          [75.09318, 33.71702],
          [75.0932, 33.71703],
          [75.09322, 33.71705],
          [75.09325, 33.71706],
          [75.09327, 33.71707],
          [75.09327, 33.71707],
          [75.09327, 33.71707],
          [75.09329, 33.71709],
          [75.09331, 33.7171],
          [75.09333, 33.71711],
          [75.09335, 33.71713],
          [75.09337, 33.71714],
          [75.0934, 33.71715],
          [75.09342, 33.71717],
          [75.09344, 33.71718],
          [75.09346, 33.71719],
          [75.09346, 33.71719],
          [75.09347, 33.7172],
          [75.09348, 33.71721],
          [75.0935, 33.71722],
          [75.09353, 33.71723],
          [75.09355, 33.71725],
          [75.09357, 33.71726],
          [75.09357, 33.71726],
          [75.09359, 33.71727],
          [75.09361, 33.71729],
          [75.09363, 33.7173],
          [75.09365, 33.71731],
          [75.09365, 33.71731],
          [75.09368, 33.71733],
          [75.09369, 33.71733],
          [75.0937, 33.71734],
          [75.09372, 33.71735],
          [75.09374, 33.71737],
          [75.09376, 33.71738],
          [75.09378, 33.71739],
          [75.0938, 33.71741],
          [75.09383, 33.71742],
          [75.09385, 33.71743],
          [75.09386, 33.71744],
          [75.09387, 33.71745],
          [75.09388, 33.71745],
          [75.09389, 33.71746],
          [75.09391, 33.71747],
          [75.09396, 33.7175],
          [75.09401, 33.71753],
          [75.09401, 33.71753],
          [75.09401, 33.71753],
          [75.09403, 33.71755],
          [75.09404, 33.71755],
          [75.09406, 33.71756],
          [75.09408, 33.71758],
          [75.09411, 33.71759],
          [75.09412, 33.7176],
          [75.09413, 33.71761],
          [75.09415, 33.71761],
          [75.09416, 33.71762],
          [75.09419, 33.71764],
          [75.09421, 33.71765],
          [75.09424, 33.71767],
          [75.09426, 33.71768],
          [75.09427, 33.71769],
          [75.09429, 33.7177],
          [75.09431, 33.71771],
          [75.09432, 33.71771],
          [75.09434, 33.71773],
          [75.09437, 33.71774],
          [75.0944, 33.71776],
          [75.09442, 33.71777],
          [75.09442, 33.71777],
          [75.09444, 33.71778],
          [75.09445, 33.71778],
          [75.09448, 33.7178],
          [75.09448, 33.7178],
          [75.09451, 33.71781],
          [75.09453, 33.71782],
          [75.09453, 33.71782],
          [75.09454, 33.71783],
          [75.09456, 33.71784],
          [75.09459, 33.71785],
          [75.09462, 33.71786],
          [75.09464, 33.71787],
          [75.09466, 33.71788],
          [75.09467, 33.71788],
          [75.0947, 33.7179],
          [75.09471, 33.7179],
          [75.09473, 33.71791],
          [75.09476, 33.71792],
          [75.09479, 33.71793],
          [75.0948, 33.71793],
          [75.09481, 33.71794],
          [75.09483, 33.71794],
          [75.09484, 33.71795],
          [75.09487, 33.71795],
          [75.09489, 33.71796],
          [75.0949, 33.71796],
          [75.09491, 33.71796],
          [75.09493, 33.71797],
          [75.09495, 33.71798],
          [75.09496, 33.71798],
          [75.09499, 33.71799],
          [75.09501, 33.71799],
          [75.09502, 33.71799],
          [75.09505, 33.718],
          [75.09507, 33.718],
          [75.09508, 33.718],
          [75.09511, 33.71801],
          [75.09514, 33.71801],
          [75.09514, 33.71801],
          [75.09517, 33.71802],
          [75.0952, 33.71802],
          [75.0952, 33.71802],
          [75.09523, 33.71802],
          [75.09526, 33.71803],
          [75.09529, 33.71803],
          [75.09529, 33.71803],
          [75.09535, 33.71803],
          [75.09536, 33.71803],
          [75.09537, 33.71803],
          [75.09537, 33.71803],
          [75.09537, 33.71803],
          [75.09538, 33.71803],
          [75.09538, 33.71803],
          [75.09539, 33.71803],
          [75.09539, 33.71803],
          [75.09539, 33.71803],
          [75.0954, 33.71803],
          [75.0954, 33.71803],
          [75.0954, 33.71803],
          [75.09541, 33.71803],
          [75.09541, 33.71803],
          [75.09541, 33.71803],
          [75.09542, 33.71803],
          [75.09542, 33.71803],
          [75.09543, 33.71803],
          [75.09543, 33.71803],
          [75.09543, 33.71803],
          [75.09544, 33.71803],
          [75.09544, 33.71803],
          [75.09544, 33.71803],
          [75.09545, 33.71803],
          [75.09545, 33.71803],
          [75.09545, 33.71803],
          [75.09546, 33.71803],
          [75.09546, 33.71803],
          [75.09546, 33.71803],
          [75.09546, 33.71803],
          [75.09547, 33.71803],
          [75.09547, 33.71803],
          [75.09548, 33.71803],
          [75.09548, 33.71803],
          [75.09548, 33.71803],
          [75.09549, 33.71803],
          [75.0955, 33.71803],
          [75.0955, 33.71803],
          [75.09551, 33.71803],
          [75.09551, 33.71803],
          [75.09551, 33.71803],
          [75.09552, 33.71803],
          [75.09552, 33.71803],
          [75.09553, 33.71803],
          [75.09553, 33.71803],
          [75.09554, 33.71803],
          [75.09554, 33.71803],
          [75.09554, 33.71803],
          [75.09554, 33.71803],
          [75.09555, 33.71803],
          [75.09555, 33.71803],
          [75.09556, 33.71803],
          [75.09556, 33.71803],
          [75.09557, 33.71803],
          [75.09557, 33.71803],
          [75.09557, 33.71803],
          [75.09557, 33.71803],
          [75.09558, 33.71803],
          [75.09558, 33.71803],
          [75.09559, 33.71803],
          [75.09559, 33.71803],
          [75.09559, 33.71803],
          [75.0956, 33.71803],
          [75.09561, 33.71803],
          [75.09561, 33.71803],
          [75.09562, 33.71804],
          [75.09562, 33.71804],
          [75.09563, 33.71804],
          [75.09564, 33.71804],
          [75.09564, 33.71804],
          [75.09564, 33.71804],
          [75.09564, 33.71804],
          [75.09565, 33.71804],
          [75.09565, 33.71804],
          [75.09566, 33.71804],
          [75.09568, 33.71805],
          [75.09569, 33.71806],
          [75.0957, 33.71806],
          [75.09571, 33.71806],
          [75.09572, 33.71806],
          [75.09573, 33.71807],
          [75.09573, 33.71807],
          [75.09574, 33.71807],
          [75.09575, 33.71808],
          [75.09575, 33.71808],
          [75.09576, 33.71808],
          [75.09576, 33.71808],
          [75.09577, 33.71809],
          [75.09578, 33.7181],
          [75.09579, 33.7181],
          [75.0958, 33.71811],
          [75.09581, 33.71811],
          [75.09581, 33.71812],
          [75.09582, 33.71812],
          [75.09582, 33.71812],
          [75.09582, 33.71812],
          [75.09583, 33.71813],
          [75.09584, 33.71814],
          [75.09585, 33.71814],
          [75.09586, 33.71815],
          [75.09586, 33.71815],
          [75.09587, 33.71816],
          [75.09588, 33.71817],
          [75.09589, 33.71817],
          [75.0959, 33.71818],
          [75.0959, 33.71819],
          [75.09591, 33.71819],
          [75.09591, 33.7182],
          [75.09592, 33.7182],
          [75.09592, 33.71821],
          [75.09593, 33.71821],
          [75.09594, 33.71822],
          [75.09594, 33.71822],
          [75.09594, 33.71823],
          [75.09595, 33.71823],
          [75.09596, 33.71824],
          [75.09596, 33.71825],
          [75.09597, 33.71826],
          [75.09598, 33.71827],
          [75.09599, 33.71827],
          [75.096, 33.71828],
          [75.09601, 33.71829],
          [75.09601, 33.7183],
          [75.09601, 33.7183],
          [75.09602, 33.7183],
          [75.09602, 33.71831],
          [75.09603, 33.71832],
          [75.09604, 33.71833],
          [75.09605, 33.71833],
          [75.09606, 33.71834],
          [75.09607, 33.71835],
          [75.09607, 33.71836],
          [75.09607, 33.71836],
          [75.09608, 33.71837],
          [75.09609, 33.71838],
          [75.0961, 33.71838],
          [75.09611, 33.71839],
          [75.09611, 33.71839],
          [75.09612, 33.7184],
          [75.09613, 33.71841],
          [75.09615, 33.71843],
          [75.09616, 33.71843],
          [75.09617, 33.71844],
          [75.09617, 33.71844],
          [75.09618, 33.71845],
          [75.09618, 33.71845],
          [75.0962, 33.71846],
          [75.0962, 33.71846],
          [75.09621, 33.71847],
          [75.09622, 33.71847],
          [75.09623, 33.71848],
          [75.09624, 33.71848],
          [75.09626, 33.71849],
          [75.09627, 33.7185],
          [75.09628, 33.71851],
          [75.09629, 33.71851],
          [75.09629, 33.71851],
          [75.0963, 33.71852],
          [75.09632, 33.71852],
          [75.09633, 33.71853],
          [75.09635, 33.71854],
          [75.09637, 33.71855],
          [75.09638, 33.71855],
          [75.0964, 33.71856],
          [75.0964, 33.71856],
          [75.09642, 33.71857],
          [75.09642, 33.71857],
          [75.09643, 33.71857],
          [75.09645, 33.71858],
          [75.09647, 33.71859],
          [75.09647, 33.71859],
          [75.09648, 33.71859],
          [75.09649, 33.71859],
          [75.0965, 33.7186],
          [75.09652, 33.7186],
          [75.09653, 33.71861],
          [75.09655, 33.71861],
          [75.09655, 33.71861],
          [75.09656, 33.71861],
          [75.09657, 33.71862],
          [75.09659, 33.71862],
          [75.0966, 33.71863],
          [75.0966, 33.71863],
          [75.09662, 33.71863],
          [75.09662, 33.71863],
          [75.09663, 33.71863],
          [75.09664, 33.71864],
          [75.09666, 33.71864],
          [75.09666, 33.71864],
          [75.09668, 33.71865],
          [75.09669, 33.71865],
          [75.09669, 33.71865],
          [75.0967, 33.71865],
          [75.09671, 33.71866],
          [75.09673, 33.71866],
          [75.09673, 33.71866],
          [75.09675, 33.71866],
          [75.09677, 33.71867],
          [75.09678, 33.71867],
          [75.0968, 33.71868],
          [75.09682, 33.71868],
          [75.09684, 33.71868],
          [75.09686, 33.71869],
          [75.09687, 33.71869],
          [75.09689, 33.7187],
          [75.09689, 33.7187],
          [75.0969, 33.7187],
          [75.09691, 33.7187],
          [75.09692, 33.7187],
          [75.09693, 33.7187],
          [75.09696, 33.71871],
          [75.09699, 33.71872],
          [75.09701, 33.71872],
          [75.09703, 33.71872],
          [75.09705, 33.71873],
          [75.09707, 33.71873],
          [75.09707, 33.71873],
          [75.09709, 33.71874],
          [75.09711, 33.71874],
          [75.09712, 33.71874],
          [75.09713, 33.71875],
          [75.09715, 33.71875],
          [75.09717, 33.71876],
          [75.09719, 33.71876],
          [75.09719, 33.71876],
          [75.09721, 33.71877],
          [75.09722, 33.71877],
          [75.09722, 33.71877],
          [75.09724, 33.71877],
          [75.09724, 33.71877],
          [75.09726, 33.71878],
          [75.09728, 33.71878],
          [75.0973, 33.71879],
          [75.09732, 33.71879],
          [75.09733, 33.71879],
          [75.09734, 33.7188],
          [75.09736, 33.7188],
          [75.09738, 33.71881],
          [75.09739, 33.71881],
          [75.0974, 33.71881],
          [75.09741, 33.71881],
          [75.09742, 33.71882],
          [75.09744, 33.71882],
          [75.09744, 33.71882],
          [75.09747, 33.71883],
          [75.09749, 33.71883],
          [75.0975, 33.71884],
          [75.09751, 33.71884],
          [75.09751, 33.71884],
          [75.09753, 33.71884],
          [75.09755, 33.71885],
          [75.09757, 33.71885],
          [75.09759, 33.71886],
          [75.09761, 33.71886],
          [75.09763, 33.71887],
          [75.09765, 33.71887],
          [75.09765, 33.71888],
          [75.09766, 33.71888],
          [75.09767, 33.71888],
          [75.09769, 33.71889],
          [75.09769, 33.71889],
          [75.0977, 33.71889],
          [75.09771, 33.71889],
          [75.09773, 33.7189],
          [75.09773, 33.7189],
          [75.09775, 33.7189],
          [75.09778, 33.71891],
          [75.09779, 33.71891],
          [75.0978, 33.71891],
          [75.09782, 33.71892],
          [75.09783, 33.71892],
          [75.09784, 33.71893],
          [75.09786, 33.71893],
          [75.09788, 33.71894],
          [75.09788, 33.71894],
          [75.0979, 33.71894],
          [75.09792, 33.71895],
          [75.09794, 33.71896],
          [75.09796, 33.71896],
          [75.098, 33.71897],
          [75.09803, 33.71898],
          [75.09805, 33.71899],
          [75.09806, 33.71899],
          [75.09808, 33.71899],
          [75.0981, 33.719],
          [75.09811, 33.719],
          [75.09813, 33.71901],
          [75.09815, 33.71901],
          [75.09817, 33.71902],
          [75.09818, 33.71902],
          [75.0982, 33.71902],
          [75.0982, 33.71903],
          [75.0982, 33.71903],
          [75.09822, 33.71903],
          [75.09824, 33.71903],
          [75.09825, 33.71904],
          [75.09827, 33.71904],
          [75.09827, 33.71904],
          [75.09829, 33.71905],
          [75.09831, 33.71905],
          [75.09833, 33.71906],
          [75.09835, 33.71906],
          [75.09835, 33.71907],
          [75.09836, 33.71907],
          [75.09838, 33.71907],
          [75.09839, 33.71908],
          [75.0984, 33.71908],
          [75.09842, 33.71908],
          [75.09843, 33.71909],
          [75.09844, 33.71909],
          [75.09845, 33.71909],
          [75.09846, 33.7191],
          [75.09847, 33.7191],
          [75.09849, 33.71911],
          [75.0985, 33.71911],
          [75.09851, 33.71911],
          [75.09853, 33.71912],
          [75.09854, 33.71912],
          [75.09854, 33.71913],
          [75.09856, 33.71913],
          [75.09856, 33.71913],
          [75.09858, 33.71914],
          [75.09859, 33.71914],
          [75.09859, 33.71915],
          [75.09861, 33.71915],
          [75.09863, 33.71916],
          [75.09864, 33.71917],
          [75.09866, 33.71918],
          [75.09867, 33.71918],
          [75.09867, 33.71918],
          [75.09869, 33.71919],
          [75.0987, 33.7192],
          [75.0987, 33.7192],
          [75.09872, 33.71921],
          [75.09872, 33.71921],
          [75.09873, 33.71922],
          [75.09875, 33.71923],
          [75.09876, 33.71923],
          [75.09877, 33.71924],
          [75.09877, 33.71924],
          [75.09879, 33.71925],
          [75.09879, 33.71925],
          [75.0988, 33.71926],
          [75.09881, 33.71927],
          [75.09882, 33.71928],
          [75.09883, 33.71929],
          [75.09883, 33.7193],
          [75.09883, 33.7193],
          [75.09884, 33.7193],
          [75.09884, 33.71931],
          [75.09884, 33.71931],
          [75.09885, 33.71931],
          [75.09885, 33.71932],
          [75.09885, 33.71932],
          [75.09885, 33.71932],
          [75.09886, 33.71932],
          [75.09886, 33.71933],
          [75.09886, 33.71933],
          [75.09886, 33.71934],
          [75.09887, 33.71934],
          [75.09887, 33.71934],
          [75.09887, 33.71935],
          [75.09887, 33.71935],
          [75.09887, 33.71935],
          [75.09888, 33.71936],
          [75.09888, 33.71936],
          [75.09888, 33.71937],
          [75.09889, 33.71937],
          [75.09889, 33.71937],
          [75.09889, 33.71938],
          [75.09889, 33.71938],
          [75.09889, 33.71938],
          [75.09889, 33.71938],
          [75.0989, 33.71939],
          [75.0989, 33.71939],
          [75.0989, 33.71939],
          [75.0989, 33.7194],
          [75.0989, 33.7194],
          [75.09891, 33.71941],
          [75.09891, 33.71941],
          [75.09891, 33.71941],
          [75.09891, 33.71942],
          [75.09892, 33.71942],
          [75.09892, 33.71942],
          [75.09892, 33.71943],
          [75.09892, 33.71943],
          [75.09892, 33.71943],
          [75.09892, 33.71944],
          [75.09892, 33.71944],
          [75.09893, 33.71945],
          [75.09893, 33.71945],
          [75.09893, 33.71945],
          [75.09893, 33.71946],
          [75.09893, 33.71947],
          [75.09894, 33.71947],
          [75.09894, 33.71947],
          [75.09894, 33.71947],
          [75.09894, 33.71948],
          [75.09894, 33.71948],
          [75.09894, 33.71949],
          [75.09895, 33.7195],
          [75.09895, 33.7195],
          [75.09895, 33.7195],
          [75.09895, 33.71951],
          [75.09895, 33.71951],
          [75.09895, 33.71951],
          [75.09895, 33.71952],
          [75.09896, 33.71952],
          [75.09896, 33.71953],
          [75.09896, 33.71953],
          [75.09896, 33.71953],
          [75.09896, 33.71954],
          [75.09896, 33.71954],
          [75.09896, 33.71954],
          [75.09897, 33.71954],
          [75.09897, 33.71955],
          [75.09897, 33.71955],
          [75.09897, 33.71955],
          [75.09897, 33.71956],
          [75.09897, 33.71956],
          [75.09898, 33.71957],
          [75.09903, 33.71969],
          [75.09904, 33.71971],
          [75.09906, 33.71975],
          [75.09908, 33.7198],
          [75.09909, 33.71981],
          [75.09912, 33.71987],
          [75.09912, 33.71987],
          [75.09915, 33.71992],
          [75.09915, 33.71992],
          [75.09918, 33.71998],
          [75.09921, 33.72004],
          [75.09925, 33.7201],
          [75.09926, 33.72011],
          [75.09929, 33.72015],
          [75.09931, 33.72019],
          [75.09932, 33.72021],
          [75.09934, 33.72024],
          [75.09936, 33.72027],
          [75.0994, 33.72032],
          [75.09944, 33.72038],
          [75.09948, 33.72043],
          [75.09951, 33.72048],
          [75.09952, 33.72049],
          [75.09953, 33.7205],
          [75.09956, 33.72054],
          [75.09959, 33.72058],
          [75.0996, 33.7206],
          [75.09962, 33.72061],
          [75.09965, 33.72065],
          [75.09968, 33.72069],
          [75.09969, 33.7207],
          [75.09971, 33.72072],
          [75.09973, 33.72076],
          [75.09978, 33.72081],
          [75.09979, 33.72082],
          [75.09982, 33.72087],
          [75.09986, 33.72092],
          [75.09991, 33.72097],
          [75.09991, 33.72097],
          [75.09991, 33.72097],
          [75.09995, 33.72103],
          [75.09997, 33.72105],
          [75.1, 33.72108],
          [75.10004, 33.72113],
          [75.10004, 33.72113],
          [75.10004, 33.72113],
          [75.10009, 33.72119],
          [75.10012, 33.72122],
          [75.10013, 33.72124],
          [75.10016, 33.72128],
          [75.10017, 33.72129],
          [75.10022, 33.72135],
          [75.10026, 33.7214],
          [75.1003, 33.72146],
          [75.10033, 33.72149],
          [75.10035, 33.72151],
          [75.10037, 33.72154],
          [75.10039, 33.72156],
          [75.10043, 33.72162],
          [75.10047, 33.72167],
          [75.10047, 33.72167],
          [75.10051, 33.72173],
          [75.10055, 33.72179],
          [75.10059, 33.72184],
          [75.10063, 33.7219],
          [75.10067, 33.72195],
          [75.1007, 33.72201],
          [75.10074, 33.72207],
          [75.10077, 33.72213],
          [75.10081, 33.72218],
          [75.10084, 33.72224],
          [75.1009, 33.72236],
          [75.1009, 33.72237],
          [75.1009, 33.72237],
          [75.10091, 33.72237],
          [75.10091, 33.72237],
          [75.10091, 33.72238],
          [75.10091, 33.72238],
          [75.10091, 33.72239],
          [75.10091, 33.72239],
          [75.10091, 33.72239],
          [75.10092, 33.7224],
          [75.10092, 33.7224],
          [75.10092, 33.7224],
          [75.10092, 33.7224],
          [75.10092, 33.72241],
          [75.10092, 33.72241],
          [75.10092, 33.72241],
          [75.10092, 33.72241],
          [75.10093, 33.72242],
          [75.10093, 33.72242],
          [75.10093, 33.72242],
          [75.10093, 33.72242],
          [75.10093, 33.72243],
          [75.10093, 33.72243],
          [75.10093, 33.72243],
          [75.10093, 33.72243],
          [75.10093, 33.72243],
          [75.10093, 33.72244],
          [75.10093, 33.72244],
          [75.10093, 33.72244],
          [75.10094, 33.72244],
          [75.10094, 33.72245],
          [75.10094, 33.72245],
          [75.10094, 33.72245],
          [75.10094, 33.72245],
          [75.10094, 33.72246],
          [75.10094, 33.72246],
          [75.10094, 33.72246],
          [75.10094, 33.72246],
          [75.10094, 33.72246],
          [75.10095, 33.72247],
          [75.10095, 33.72247],
          [75.10095, 33.72247],
          [75.10095, 33.72248],
          [75.10095, 33.72248],
          [75.10095, 33.72248],
          [75.10095, 33.72248],
          [75.10095, 33.72248],
          [75.10095, 33.72249],
          [75.10095, 33.72249],
          [75.10095, 33.72249],
          [75.10095, 33.72249],
          [75.10095, 33.7225],
          [75.10095, 33.7225],
          [75.10095, 33.7225],
          [75.10096, 33.7225],
          [75.10096, 33.72251],
          [75.10096, 33.72251],
          [75.10096, 33.72251],
          [75.10096, 33.72251],
          [75.10096, 33.72251],
          [75.10096, 33.72252],
          [75.10096, 33.72252],
          [75.10096, 33.72252],
          [75.10096, 33.72252],
          [75.10096, 33.72253],
          [75.10096, 33.72253],
          [75.10096, 33.72253],
          [75.10096, 33.72253],
          [75.10096, 33.72253],
          [75.10096, 33.72254],
          [75.10096, 33.72256],
          [75.10096, 33.72257],
          [75.10096, 33.72258],
          [75.10096, 33.72259],
          [75.10096, 33.7226],
          [75.10096, 33.72261],
          [75.10096, 33.72261],
          [75.10096, 33.72262],
          [75.10096, 33.72263],
          [75.10096, 33.72263],
          [75.10095, 33.72264],
          [75.10095, 33.72265],
          [75.10095, 33.72265],
          [75.10095, 33.72265],
          [75.10095, 33.72266],
          [75.10095, 33.72266],
          [75.10095, 33.72267],
          [75.10094, 33.72268],
          [75.10094, 33.72269],
          [75.10094, 33.7227],
          [75.10093, 33.72271],
          [75.10093, 33.72272],
          [75.10092, 33.72272],
          [75.10092, 33.72273],
          [75.10092, 33.72273],
          [75.10092, 33.72274],
          [75.10091, 33.72274],
          [75.10091, 33.72275],
          [75.10091, 33.72276],
          [75.1009, 33.72277],
          [75.1009, 33.72277],
          [75.10089, 33.72278],
          [75.10089, 33.72279],
          [75.10088, 33.7228],
          [75.10088, 33.7228],
          [75.10088, 33.72281],
          [75.10087, 33.72282],
          [75.10087, 33.72282],
          [75.10087, 33.72282],
          [75.10086, 33.72283],
          [75.10085, 33.72284],
          [75.10085, 33.72285],
          [75.10085, 33.72285],
          [75.10084, 33.72286],
          [75.10084, 33.72287],
          [75.10083, 33.72288],
          [75.10083, 33.72288],
          [75.10082, 33.72289],
          [75.10082, 33.72289],
          [75.10082, 33.7229],
          [75.10082, 33.7229],
          [75.10081, 33.7229],
          [75.1008, 33.72291],
          [75.1008, 33.72292],
          [75.1008, 33.72292],
          [75.10079, 33.72293],
          [75.10079, 33.72294],
          [75.10079, 33.72294],
          [75.10078, 33.72295],
          [75.10077, 33.72296],
          [75.10077, 33.72296],
          [75.10077, 33.72297],
          [75.10076, 33.72297],
          [75.10075, 33.72298],
          [75.10074, 33.723],
          [75.10071, 33.72305],
          [75.10069, 33.72307],
          [75.10068, 33.7231],
          [75.10068, 33.7231],
          [75.10068, 33.7231],
          [75.10066, 33.72313],
          [75.10065, 33.72315],
          [75.10064, 33.72316],
          [75.10063, 33.72318],
          [75.10063, 33.72318],
          [75.10062, 33.7232],
          [75.1006, 33.72323],
          [75.10059, 33.72326],
          [75.10058, 33.72328],
          [75.10057, 33.72331],
          [75.10055, 33.72333],
          [75.10054, 33.72336],
          [75.10053, 33.72339],
          [75.10053, 33.72339],
          [75.10053, 33.72339],
          [75.10052, 33.72342],
          [75.10051, 33.72344],
          [75.1005, 33.72347],
          [75.10049, 33.7235],
          [75.10048, 33.72352],
          [75.10047, 33.72355],
          [75.10046, 33.72358],
          [75.10045, 33.72361],
          [75.10044, 33.72363],
          [75.10043, 33.72365],
          [75.10043, 33.72366],
          [75.10043, 33.72367],
          [75.10042, 33.72369],
          [75.10041, 33.72372],
          [75.10041, 33.72372],
          [75.10041, 33.72374],
          [75.1004, 33.72377],
          [75.10039, 33.7238],
          [75.10038, 33.72383],
          [75.10037, 33.72385],
          [75.10036, 33.72388],
          [75.10036, 33.72391],
          [75.10036, 33.72391],
          [75.10035, 33.72394],
          [75.10034, 33.72396],
          [75.10033, 33.72399],
          [75.10032, 33.72402],
          [75.10031, 33.72405],
          [75.1003, 33.72407],
          [75.1003, 33.7241],
          [75.10029, 33.72412],
          [75.10029, 33.72413],
          [75.10028, 33.72414],
          [75.10028, 33.72416],
          [75.10027, 33.72417],
          [75.10027, 33.72418],
          [75.10026, 33.72421],
          [75.10025, 33.72424],
          [75.10024, 33.72427],
          [75.10023, 33.72429],
          [75.10023, 33.72429],
          [75.10023, 33.72429],
          [75.10021, 33.72435],
          [75.1002, 33.72437],
          [75.10019, 33.72438],
          [75.10019, 33.72439],
          [75.10019, 33.72441],
          [75.10018, 33.72442],
          [75.10018, 33.72442],
          [75.10018, 33.72443],
          [75.10017, 33.72444],
          [75.10017, 33.72445],
          [75.10016, 33.72446],
          [75.10016, 33.72447],
          [75.10015, 33.72448],
          [75.10015, 33.72448],
          [75.10015, 33.72449],
          [75.10015, 33.72449],
          [75.10014, 33.72451],
          [75.10014, 33.72452],
          [75.10013, 33.72453],
          [75.10013, 33.72454],
          [75.10013, 33.72455],
          [75.10012, 33.72456],
          [75.10012, 33.72457],
          [75.10011, 33.72458],
          [75.10011, 33.72459],
          [75.1001, 33.7246],
          [75.1001, 33.72461],
          [75.1001, 33.72462],
          [75.10009, 33.72463],
          [75.10009, 33.72464],
          [75.10009, 33.72465],
          [75.10008, 33.72466],
          [75.10008, 33.72467],
          [75.10008, 33.72467],
          [75.10008, 33.72468],
          [75.10007, 33.72468],
          [75.10007, 33.72469],
          [75.10007, 33.72469],
          [75.10007, 33.7247],
          [75.10007, 33.72472],
          [75.10007, 33.72472],
          [75.10006, 33.72473],
          [75.10006, 33.72473],
          [75.10006, 33.72474],
          [75.10006, 33.72475],
          [75.10005, 33.72476],
          [75.10005, 33.72477],
          [75.10005, 33.72478],
          [75.10005, 33.72478],
          [75.10005, 33.72479],
          [75.10005, 33.7248],
          [75.10005, 33.72481],
          [75.10004, 33.72481],
          [75.10004, 33.72483],
          [75.10004, 33.72484],
          [75.10004, 33.72485],
          [75.10004, 33.72486],
          [75.10004, 33.72486],
          [75.10004, 33.72487],
          [75.10004, 33.72487],
          [75.10003, 33.7249],
          [75.10003, 33.72493],
          [75.10003, 33.72494],
          [75.10003, 33.72495],
          [75.10003, 33.72497],
          [75.10003, 33.72497],
          [75.10002, 33.72498],
          [75.10002, 33.725],
          [75.10002, 33.72501],
          [75.10002, 33.72503],
          [75.10001, 33.72504],
          [75.10001, 33.72505],
          [75.1, 33.72507],
          [75.1, 33.72508],
          [75.1, 33.72509],
          [75.1, 33.72509],
          [75.1, 33.72509],
          [75.09999, 33.72511],
          [75.09999, 33.72512],
          [75.09998, 33.72513],
          [75.09998, 33.72514],
          [75.09998, 33.72514],
          [75.09998, 33.72515],
          [75.09998, 33.72516],
          [75.09997, 33.72516],
          [75.09997, 33.72518],
          [75.09997, 33.72519],
          [75.09996, 33.7252],
          [75.09996, 33.7252],
          [75.09996, 33.72521],
          [75.09996, 33.72522],
          [75.09995, 33.72523],
          [75.09995, 33.72523],
          [75.09995, 33.72524],
          [75.09995, 33.72525],
          [75.09994, 33.72526],
          [75.09994, 33.72526],
          [75.09994, 33.72527],
          [75.09993, 33.72529],
          [75.09993, 33.7253],
          [75.09993, 33.72531],
          [75.09992, 33.72531],
          [75.09992, 33.72533],
          [75.09992, 33.72533],
          [75.09991, 33.72534],
          [75.09991, 33.72535],
          [75.09991, 33.72536],
          [75.09991, 33.72537],
          [75.09991, 33.72537],
          [75.0999, 33.72538],
          [75.0999, 33.72538],
          [75.0999, 33.72538],
          [75.0999, 33.7254],
          [75.0999, 33.7254],
          [75.09989, 33.72541],
          [75.09989, 33.72542],
          [75.09989, 33.72543],
          [75.09989, 33.72544],
          [75.09989, 33.72544],
          [75.09988, 33.72545],
          [75.09988, 33.72547],
          [75.09988, 33.72548],
          [75.09988, 33.72548],
          [75.09988, 33.72548],
          [75.09988, 33.7255],
          [75.09987, 33.72551],
          [75.09987, 33.72552],
          [75.09987, 33.72552],
          [75.09987, 33.72554],
          [75.09987, 33.72555],
          [75.09987, 33.72555],
          [75.09987, 33.72556],
          [75.09987, 33.72557],
          [75.09987, 33.72557],
          [75.09987, 33.7256],
          [75.09987, 33.7256],
          [75.09987, 33.72561],
          [75.09987, 33.72561],
          [75.09987, 33.72562],
          [75.09987, 33.72562],
          [75.09987, 33.72563],
          [75.09987, 33.72564],
          [75.09987, 33.72564],
          [75.09987, 33.72564],
          [75.09987, 33.72565],
          [75.09987, 33.72565],
          [75.09987, 33.72566],
          [75.09987, 33.72566],
          [75.09987, 33.72567],
          [75.09987, 33.72567],
          [75.09987, 33.72568],
          [75.09987, 33.72569],
          [75.09987, 33.72569],
          [75.09987, 33.72569],
          [75.09987, 33.72569],
          [75.09987, 33.7257],
          [75.09988, 33.7257],
          [75.09988, 33.72571],
          [75.09988, 33.72571],
          [75.09988, 33.72572],
          [75.09988, 33.72572],
          [75.09988, 33.72572],
          [75.09988, 33.72573],
          [75.09988, 33.72573],
          [75.09988, 33.72573],
          [75.09988, 33.72574],
          [75.09988, 33.72574],
          [75.09988, 33.72575],
          [75.09988, 33.72575],
          [75.09988, 33.72575],
          [75.09988, 33.72575],
          [75.09988, 33.72576],
          [75.09988, 33.72576],
          [75.09988, 33.72576],
          [75.09988, 33.72577],
          [75.09988, 33.72578],
          [75.09988, 33.72578],
          [75.09988, 33.72579],
          [75.09988, 33.72579],
          [75.09988, 33.7258],
          [75.09988, 33.7258],
          [75.09987, 33.72581],
          [75.09987, 33.72581],
          [75.09987, 33.72581],
          [75.09987, 33.72582],
          [75.09987, 33.72582],
          [75.09987, 33.72583],
          [75.09987, 33.72583],
          [75.09987, 33.72583],
          [75.09987, 33.72584],
          [75.09987, 33.72584],
          [75.09987, 33.72585],
          [75.09987, 33.72585],
          [75.09986, 33.72585],
          [75.09986, 33.72586],
          [75.09986, 33.72586],
          [75.09986, 33.72587],
          [75.09986, 33.72587],
          [75.09985, 33.72588],
          [75.09985, 33.72588],
          [75.09985, 33.72589],
          [75.09984, 33.7259],
          [75.09984, 33.7259],
          [75.09984, 33.72591],
          [75.09983, 33.72591],
          [75.09983, 33.72592],
          [75.09983, 33.72592],
          [75.09983, 33.72592],
          [75.09982, 33.72593],
          [75.09982, 33.72593],
          [75.09982, 33.72593],
          [75.09982, 33.72594],
          [75.09981, 33.72594],
          [75.09981, 33.72594],
          [75.09981, 33.72594],
          [75.09981, 33.72595],
          [75.0998, 33.72595],
          [75.0998, 33.72596],
          [75.09979, 33.72596],
          [75.09979, 33.72596],
          [75.09979, 33.72596],
          [75.09978, 33.72597],
          [75.09978, 33.72597],
          [75.09977, 33.72598],
          [75.09977, 33.72598],
          [75.09977, 33.72598],
          [75.09976, 33.72599],
          [75.09976, 33.72599],
          [75.09975, 33.72599],
          [75.09975, 33.726],
          [75.09974, 33.726],
          [75.09974, 33.726],
          [75.09974, 33.726],
          [75.09973, 33.726],
          [75.09973, 33.72601],
          [75.09973, 33.72601],
          [75.09972, 33.72601],
          [75.09972, 33.72602],
          [75.09972, 33.72602],
          [75.09971, 33.72602],
          [75.0997, 33.72602],
          [75.0997, 33.72602],
          [75.0997, 33.72603],
          [75.09969, 33.72603],
          [75.09969, 33.72603],
          [75.09969, 33.72603],
          [75.09969, 33.72603],
          [75.09968, 33.72603],
          [75.09968, 33.72604],
          [75.09968, 33.72604],
          [75.09967, 33.72604],
          [75.09967, 33.72604],
          [75.09967, 33.72604],
          [75.09966, 33.72605],
          [75.09966, 33.72605],
          [75.09965, 33.72605],
          [75.09964, 33.72606],
          [75.09964, 33.72606],
          [75.09964, 33.72606],
          [75.09963, 33.72606],
          [75.09963, 33.72606],
          [75.09963, 33.72606],
          [75.09962, 33.72607],
          [75.09958, 33.72609],
          [75.09957, 33.72609],
          [75.09954, 33.72611],
          [75.09952, 33.72612],
          [75.09949, 33.72613],
          [75.09947, 33.72614],
          [75.09945, 33.72615],
          [75.09945, 33.72616],
          [75.09943, 33.72617],
          [75.09942, 33.72617],
          [75.0994, 33.72618],
          [75.09937, 33.72619],
          [75.09935, 33.72621],
          [75.09932, 33.72622],
          [75.0993, 33.72623],
          [75.09929, 33.72624],
          [75.09927, 33.72624],
          [75.09925, 33.72626],
          [75.09923, 33.72627],
          [75.09921, 33.72628],
          [75.0992, 33.72628],
          [75.09918, 33.7263],
          [75.09918, 33.7263],
          [75.09915, 33.72631],
          [75.09913, 33.72632],
          [75.0991, 33.72633],
          [75.09909, 33.72634],
          [75.09908, 33.72635],
          [75.09906, 33.72636],
          [75.09905, 33.72636],
          [75.09905, 33.72636],
          [75.09903, 33.72637],
          [75.09902, 33.72637],
          [75.09901, 33.72638],
          [75.09898, 33.7264],
          [75.09896, 33.72641],
          [75.09893, 33.72642],
          [75.09892, 33.72643],
          [75.09891, 33.72643],
          [75.09888, 33.72645],
          [75.09886, 33.72646],
          [75.09884, 33.72647],
          [75.09883, 33.72647],
          [75.09883, 33.72647],
          [75.09881, 33.72648],
          [75.0988, 33.72649],
          [75.09879, 33.7265],
          [75.09876, 33.72651],
          [75.09874, 33.72652],
          [75.09872, 33.72653],
          [75.09871, 33.72653],
          [75.09869, 33.72655],
          [75.09866, 33.72656],
          [75.09864, 33.72657],
          [75.09861, 33.72658],
          [75.09859, 33.7266],
          [75.09858, 33.7266],
          [75.09856, 33.72661],
          [75.09856, 33.72661],
          [75.09854, 33.72662],
          [75.09852, 33.72663],
          [75.09849, 33.72665],
          [75.09847, 33.72666],
          [75.09844, 33.72667],
          [75.09839, 33.7267],
          [75.09838, 33.7267],
          [75.09838, 33.7267],
          [75.09837, 33.72671],
          [75.09837, 33.72671],
          [75.09837, 33.72671],
          [75.09837, 33.72671],
          [75.09836, 33.72671],
          [75.09835, 33.72672],
          [75.09835, 33.72672],
          [75.09835, 33.72672],
          [75.09835, 33.72672],
          [75.09834, 33.72672],
          [75.09834, 33.72672],
          [75.09834, 33.72672],
          [75.09834, 33.72673],
          [75.09833, 33.72673],
          [75.09833, 33.72673],
          [75.09832, 33.72673],
          [75.09832, 33.72674],
          [75.09832, 33.72674],
          [75.09832, 33.72674],
          [75.09831, 33.72674],
          [75.09831, 33.72674],
          [75.0983, 33.72674],
          [75.0983, 33.72674],
          [75.0983, 33.72674],
          [75.09829, 33.72675],
          [75.09829, 33.72675],
          [75.09828, 33.72675],
          [75.09828, 33.72675],
          [75.09828, 33.72676],
          [75.09828, 33.72676],
          [75.09827, 33.72676],
          [75.09827, 33.72676],
          [75.09826, 33.72677],
          [75.09826, 33.72677],
          [75.09825, 33.72677],
          [75.09825, 33.72678],
          [75.09824, 33.72678],
          [75.09824, 33.72678],
          [75.09823, 33.72678],
          [75.09823, 33.72678],
          [75.09822, 33.72679],
          [75.09822, 33.72679],
          [75.09822, 33.72679],
          [75.09822, 33.72679],
          [75.09821, 33.72679],
          [75.09821, 33.7268],
          [75.0982, 33.7268],
          [75.0982, 33.7268],
          [75.0982, 33.7268],
          [75.09819, 33.72681],
          [75.09819, 33.72681],
          [75.09819, 33.72681],
          [75.09818, 33.72682],
          [75.09818, 33.72682],
          [75.09818, 33.72682],
          [75.09817, 33.72682],
          [75.09817, 33.72683],
          [75.09816, 33.72683],
          [75.09816, 33.72683],
          [75.09816, 33.72683],
          [75.09816, 33.72683],
          [75.09815, 33.72684],
          [75.09815, 33.72684],
          [75.09814, 33.72684],
          [75.09814, 33.72685],
          [75.09814, 33.72685],
          [75.09813, 33.72686],
          [75.09812, 33.72686],
          [75.09812, 33.72687],
          [75.09812, 33.72687],
          [75.09811, 33.72687],
          [75.09811, 33.72687],
          [75.09811, 33.72688],
          [75.0981, 33.72688],
          [75.0981, 33.72689],
          [75.09809, 33.72689],
          [75.09809, 33.72689],
          [75.09809, 33.7269],
          [75.09808, 33.7269],
          [75.09808, 33.7269],
          [75.09808, 33.7269],
          [75.09808, 33.72691],
          [75.09807, 33.72691],
          [75.09807, 33.72691],
          [75.09807, 33.72692],
          [75.09807, 33.72692],
          [75.09806, 33.72692],
          [75.09806, 33.72693],
          [75.09806, 33.72693],
          [75.09806, 33.72693],
          [75.09805, 33.72693],
          [75.09805, 33.72694],
          [75.09805, 33.72694],
          [75.09804, 33.72694],
          [75.09804, 33.72694],
          [75.09804, 33.72695],
          [75.09804, 33.72695],
          [75.09804, 33.72695],
          [75.09803, 33.72696],
          [75.09803, 33.72696],
          [75.09803, 33.72696],
          [75.09802, 33.72697],
          [75.09802, 33.72697],
          [75.09802, 33.72698],
          [75.09802, 33.72698],
          [75.09801, 33.72698],
          [75.09801, 33.72698],
          [75.09801, 33.72699],
          [75.09801, 33.72699],
          [75.09801, 33.72699],
          [75.09801, 33.72699],
          [75.098, 33.727],
          [75.098, 33.727],
          [75.098, 33.72701],
          [75.09799, 33.72701],
          [75.09799, 33.72701],
          [75.09799, 33.72702],
          [75.09799, 33.72702],
          [75.09798, 33.72702],
          [75.09798, 33.72703],
          [75.09798, 33.72703],
          [75.09797, 33.72704],
          [75.09797, 33.72704],
          [75.09797, 33.72704],
          [75.09797, 33.72704],
          [75.09797, 33.72705],
          [75.09797, 33.72705],
          [75.09796, 33.72705],
          [75.09796, 33.72706],
          [75.09796, 33.72706],
          [75.09795, 33.72707],
          [75.09795, 33.72707],
          [75.09795, 33.72708],
          [75.09794, 33.72708],
          [75.09794, 33.72709],
          [75.09792, 33.72713],
          [75.09791, 33.72714],
          [75.0979, 33.72715],
          [75.0979, 33.72716],
          [75.09789, 33.72718],
          [75.09787, 33.72719],
          [75.09786, 33.72721],
          [75.09785, 33.72723],
          [75.09784, 33.72724],
          [75.09784, 33.72725],
          [75.09783, 33.72726],
          [75.09783, 33.72727],
          [75.09782, 33.72728],
          [75.09782, 33.72729],
          [75.09781, 33.72731],
          [75.0978, 33.72733],
          [75.09779, 33.72734],
          [75.09779, 33.72735],
          [75.09778, 33.72735],
          [75.09778, 33.72736],
          [75.09777, 33.72738],
          [75.09777, 33.72738],
          [75.09776, 33.7274],
          [75.09775, 33.72742],
          [75.09774, 33.72743],
          [75.09774, 33.72743],
          [75.09773, 33.72745],
          [75.09773, 33.72746],
          [75.09773, 33.72747],
          [75.09772, 33.72748],
          [75.09772, 33.72749],
          [75.09771, 33.7275],
          [75.09771, 33.7275],
          [75.0977, 33.72752],
          [75.0977, 33.72752],
          [75.0977, 33.72754],
          [75.09769, 33.72756],
          [75.09768, 33.72757],
          [75.09768, 33.72757],
          [75.09768, 33.72759],
          [75.09767, 33.72761],
          [75.09766, 33.72763],
          [75.09766, 33.72765],
          [75.09765, 33.72766],
          [75.09765, 33.72767],
          [75.09765, 33.72768],
          [75.09764, 33.7277],
          [75.09764, 33.72771],
          [75.09764, 33.72772],
          [75.09763, 33.72773],
          [75.09763, 33.72774],
          [75.09763, 33.72775],
          [75.09762, 33.72777],
          [75.09762, 33.72779],
          [75.09761, 33.72781],
          [75.09761, 33.72783],
          [75.09761, 33.72785],
          [75.09761, 33.72786],
          [75.0976, 33.72788],
          [75.0976, 33.72788],
          [75.0976, 33.7279],
          [75.0976, 33.72792],
          [75.0976, 33.72794],
          [75.0976, 33.72798],
          [75.0976, 33.72807],
          [75.0976, 33.72807],
          [75.0976, 33.72812],
          [75.09761, 33.72817],
          [75.09761, 33.72822],
          [75.09762, 33.72826],
          [75.09762, 33.72826],
          [75.09762, 33.72826],
          [75.09764, 33.72831],
          [75.09765, 33.72836],
          [75.09766, 33.72838],
          [75.09766, 33.7284],
          [75.09767, 33.72842],
          [75.09768, 33.72845],
          [75.0977, 33.72849],
          [75.09772, 33.72854],
          [75.09774, 33.72858],
          [75.09776, 33.72863],
          [75.09778, 33.72867],
          [75.09781, 33.72872],
          [75.09783, 33.72876],
          [75.09783, 33.72876],
          [75.09786, 33.7288],
          [75.09788, 33.72885],
          [75.09791, 33.72889],
          [75.09794, 33.72893],
          [75.09794, 33.72893],
          [75.09797, 33.72898],
          [75.09799, 33.72901],
          [75.098, 33.72902],
          [75.098, 33.72903],
          [75.09803, 33.72906],
          [75.09806, 33.72911],
          [75.09809, 33.72915],
          [75.09809, 33.72915],
          [75.09809, 33.72915],
          [75.09812, 33.72919],
          [75.09812, 33.72919],
          [75.09815, 33.72924],
          [75.09818, 33.72928],
          [75.09818, 33.72928],
          [75.09821, 33.72932],
          [75.09822, 33.72934],
          [75.09824, 33.72937],
          [75.09827, 33.72941],
          [75.09829, 33.72945],
          [75.0983, 33.72946],
          [75.09832, 33.7295],
          [75.09833, 33.72951],
          [75.09835, 33.72954],
          [75.09838, 33.72959],
          [75.09839, 33.7296],
          [75.09841, 33.72963],
          [75.09843, 33.72968],
          [75.09846, 33.72972],
          [75.09848, 33.72977],
          [75.09851, 33.72981],
          [75.09852, 33.72984],
          [75.09853, 33.72986],
          [75.09855, 33.7299],
          [75.09855, 33.72991],
          [75.09857, 33.72995],
          [75.09858, 33.72998],
          [75.09859, 33.72999],
          [75.09861, 33.73004],
          [75.09862, 33.73009],
          [75.09863, 33.73014],
          [75.09863, 33.73014],
          [75.09866, 33.73023],
          [75.09866, 33.73026],
          [75.09866, 33.73027],
          [75.09867, 33.73029],
          [75.09867, 33.73029],
          [75.09867, 33.73032],
          [75.09867, 33.73032],
          [75.09867, 33.73034],
          [75.09868, 33.73036],
          [75.09868, 33.73037],
          [75.09868, 33.73038],
          [75.09868, 33.73039],
          [75.09868, 33.7304],
          [75.09868, 33.73042],
          [75.09868, 33.73044],
          [75.09868, 33.73046],
          [75.09868, 33.73048],
          [75.09868, 33.73049],
          [75.09868, 33.7305],
          [75.09868, 33.73052],
          [75.09868, 33.73054],
          [75.09868, 33.73055],
          [75.09868, 33.73055],
          [75.09868, 33.73057],
          [75.09868, 33.73059],
          [75.09868, 33.73059],
          [75.09868, 33.73061],
          [75.09868, 33.73063],
          [75.09868, 33.73065],
          [75.09868, 33.73065],
          [75.09868, 33.73066],
          [75.09868, 33.73067],
          [75.09868, 33.73068],
          [75.09867, 33.73069],
          [75.09867, 33.73071],
          [75.09867, 33.73071],
          [75.09867, 33.73072],
          [75.09867, 33.73073],
          [75.09867, 33.73076],
          [75.09867, 33.73078],
          [75.09866, 33.7308],
          [75.09866, 33.7308],
          [75.09866, 33.73082],
          [75.09866, 33.73084],
          [75.09865, 33.73085],
          [75.09865, 33.73086],
          [75.09865, 33.73088],
          [75.09865, 33.73088],
          [75.09865, 33.7309],
          [75.09865, 33.7309],
          [75.09864, 33.73092],
          [75.09864, 33.73094],
          [75.09864, 33.73095],
          [75.09863, 33.73097],
          [75.09863, 33.73098],
          [75.09863, 33.73099],
          [75.09863, 33.731],
          [75.09863, 33.73101],
          [75.09862, 33.73103],
          [75.09862, 33.73104],
          [75.09862, 33.73105],
          [75.09862, 33.73106],
          [75.09861, 33.73107],
          [75.09861, 33.73109],
          [75.09861, 33.73111],
          [75.0986, 33.73111],
          [75.0986, 33.73112],
          [75.0986, 33.73113],
          [75.0986, 33.73115],
          [75.09859, 33.73117],
          [75.09859, 33.73119],
          [75.09858, 33.73121],
          [75.09858, 33.73122],
          [75.09858, 33.73123],
          [75.09858, 33.73124],
          [75.09857, 33.73126],
          [75.09857, 33.73128],
          [75.09856, 33.73131],
          [75.09856, 33.73131],
          [75.09856, 33.73132],
          [75.09856, 33.73133],
          [75.09856, 33.73133],
          [75.09855, 33.73135],
          [75.09855, 33.73136],
          [75.09855, 33.73137],
          [75.09855, 33.73138],
          [75.09855, 33.73139],
          [75.09855, 33.73139],
          [75.09854, 33.73141],
          [75.09854, 33.73141],
          [75.09854, 33.73142],
          [75.09854, 33.73144],
          [75.09854, 33.73145],
          [75.09854, 33.73146],
          [75.09853, 33.73147],
          [75.09853, 33.73148],
          [75.09853, 33.7315],
          [75.09853, 33.73151],
          [75.09853, 33.73151],
          [75.09853, 33.73153],
          [75.09852, 33.73154],
          [75.09852, 33.73155],
          [75.09852, 33.73156],
          [75.09852, 33.73157],
          [75.09852, 33.73157],
          [75.09852, 33.73158],
          [75.09852, 33.73159],
          [75.09851, 33.7316],
          [75.09851, 33.7316],
          [75.09851, 33.73162],
          [75.09851, 33.73162],
          [75.09851, 33.73163],
          [75.0985, 33.73165],
          [75.0985, 33.73165],
          [75.0985, 33.73166],
          [75.09849, 33.73168],
          [75.09849, 33.73169],
          [75.09849, 33.73171],
          [75.09848, 33.73171],
          [75.09848, 33.73172],
          [75.09848, 33.73172],
          [75.09848, 33.73173],
          [75.09847, 33.73175],
          [75.09846, 33.73176],
          [75.09846, 33.73177],
          [75.09846, 33.73178],
          [75.09845, 33.73179],
          [75.09845, 33.7318],
          [75.09844, 33.73181],
          [75.09844, 33.73182],
          [75.09843, 33.73183],
          [75.09842, 33.73184],
          [75.09841, 33.73185],
          [75.09841, 33.73186],
          [75.0984, 33.73187],
          [75.09839, 33.73188],
          [75.09839, 33.73189],
          [75.09838, 33.73189],
          [75.09838, 33.7319],
          [75.09837, 33.73191],
          [75.09836, 33.73192],
          [75.09834, 33.73193],
          [75.09834, 33.73193],
          [75.09833, 33.73194],
          [75.09832, 33.73195],
          [75.0983, 33.73196],
          [75.09828, 33.73197],
          [75.09827, 33.73198],
          [75.09827, 33.73198],
          [75.09826, 33.73198],
          [75.09825, 33.73199],
          [75.09824, 33.73199],
          [75.09822, 33.732],
          [75.09822, 33.732],
          [75.0982, 33.73201],
          [75.0982, 33.73201],
          [75.09819, 33.73202],
          [75.09817, 33.73203],
          [75.09815, 33.73204],
          [75.09815, 33.73204],
          [75.09813, 33.73205],
          [75.09812, 33.73206],
          [75.09812, 33.73206],
          [75.0981, 33.73206],
          [75.09808, 33.73207],
          [75.09806, 33.73208],
          [75.09804, 33.73209],
          [75.09803, 33.73209],
          [75.09803, 33.7321],
          [75.09801, 33.7321],
          [75.098, 33.73211],
          [75.09799, 33.73211],
          [75.09797, 33.73212],
          [75.09795, 33.73213],
          [75.09795, 33.73213],
          [75.09795, 33.73213],
          [75.09793, 33.73213],
          [75.09791, 33.73214],
          [75.09789, 33.73215],
          [75.09788, 33.73216],
          [75.09786, 33.73216],
          [75.09786, 33.73216],
          [75.09784, 33.73217],
          [75.09782, 33.73218],
          [75.0978, 33.73218],
          [75.09778, 33.73219],
          [75.09776, 33.7322],
          [75.09774, 33.73221],
          [75.09773, 33.73221],
          [75.09772, 33.73221],
          [75.09771, 33.73222],
          [75.0977, 33.73222],
          [75.0977, 33.73222],
          [75.09769, 33.73223],
          [75.09768, 33.73223],
          [75.09767, 33.73224],
          [75.09765, 33.73224],
          [75.09763, 33.73225],
          [75.09761, 33.73226],
          [75.09759, 33.73227],
          [75.09757, 33.73227],
          [75.09756, 33.73228],
          [75.09754, 33.73229],
          [75.09752, 33.7323],
          [75.0975, 33.73231],
          [75.09748, 33.73231],
          [75.09747, 33.73232],
          [75.09745, 33.73233],
          [75.09744, 33.73234],
          [75.09743, 33.73234],
          [75.09743, 33.73234],
          [75.0974, 33.73236],
          [75.09735, 33.73239],
          [75.09734, 33.73239],
          [75.09731, 33.73241],
          [75.09731, 33.73241],
          [75.09728, 33.73243],
          [75.09725, 33.73244],
          [75.09722, 33.73246],
          [75.09719, 33.73248],
          [75.09717, 33.7325],
          [75.09714, 33.73252],
          [75.09712, 33.73253],
          [75.09711, 33.73254],
          [75.0971, 33.73255],
          [75.09709, 33.73256],
          [75.09706, 33.73258],
          [75.09704, 33.7326],
          [75.09703, 33.7326],
          [75.09702, 33.73261],
          [75.09701, 33.73263],
          [75.09698, 33.73265],
          [75.09696, 33.73267],
          [75.09694, 33.73269],
          [75.09691, 33.73271],
          [75.09689, 33.73274],
          [75.09687, 33.73276],
          [75.09685, 33.73278],
          [75.09684, 33.73279],
          [75.09683, 33.7328],
          [75.09682, 33.73281],
          [75.0968, 33.73283],
          [75.09679, 33.73285],
          [75.09678, 33.73286],
          [75.09677, 33.73287],
          [75.09676, 33.73288],
          [75.09674, 33.73291],
          [75.09672, 33.73293],
          [75.09672, 33.73293],
          [75.0967, 33.73296],
          [75.0967, 33.73297],
          [75.09668, 33.73298],
          [75.09667, 33.73301],
          [75.09666, 33.73302],
          [75.09665, 33.73304],
          [75.09663, 33.73306],
          [75.09663, 33.73306],
          [75.09661, 33.73309],
          [75.09661, 33.73309],
          [75.0966, 33.73312],
          [75.0966, 33.73312],
          [75.09658, 33.73314],
          [75.09657, 33.73317],
          [75.09655, 33.7332],
          [75.09654, 33.73323],
          [75.09653, 33.73325],
          [75.09652, 33.73327],
          [75.09651, 33.73328],
          [75.0965, 33.73331],
          [75.09649, 33.73334],
          [75.09648, 33.73337],
          [75.09647, 33.7334],
          [75.09646, 33.73343],
          [75.09645, 33.73345],
          [75.09644, 33.73348],
          [75.09643, 33.73351],
          [75.09643, 33.73351],
          [75.09642, 33.73357],
          [75.09641, 33.73359],
          [75.09641, 33.7336],
          [75.09641, 33.73361],
          [75.09641, 33.73361],
          [75.09641, 33.73362],
          [75.0964, 33.73362],
          [75.0964, 33.73363],
          [75.0964, 33.73363],
          [75.0964, 33.73364],
          [75.0964, 33.73364],
          [75.0964, 33.73365],
          [75.0964, 33.73365],
          [75.0964, 33.73366],
          [75.0964, 33.73366],
          [75.0964, 33.73367],
          [75.0964, 33.73367],
          [75.09639, 33.73368],
          [75.09639, 33.73368],
          [75.09639, 33.73369],
          [75.09639, 33.7337],
          [75.09639, 33.73371],
          [75.09639, 33.73371],
          [75.09639, 33.73371],
          [75.09639, 33.73372],
          [75.09639, 33.73373],
          [75.09639, 33.73373],
          [75.09639, 33.73373],
          [75.09638, 33.73374],
          [75.09638, 33.73375],
          [75.09638, 33.73376],
          [75.09638, 33.73376],
          [75.09638, 33.73377],
          [75.09638, 33.73377],
          [75.09638, 33.73377],
          [75.09638, 33.73378],
          [75.09638, 33.73379],
          [75.09638, 33.73379],
          [75.09638, 33.73379],
          [75.09638, 33.7338],
          [75.09638, 33.73381],
          [75.09638, 33.73381],
          [75.09637, 33.73382],
          [75.09637, 33.73383],
          [75.09637, 33.73384],
          [75.09637, 33.73384],
          [75.09637, 33.73384],
          [75.09637, 33.73385],
          [75.09637, 33.73385],
          [75.09637, 33.73386],
          [75.09637, 33.73386],
          [75.09637, 33.73387],
          [75.09637, 33.73387],
          [75.09637, 33.73388],
          [75.09637, 33.73389],
          [75.09637, 33.7339],
          [75.09637, 33.73391],
          [75.09637, 33.73392],
          [75.09637, 33.73392],
          [75.09637, 33.73392],
          [75.09637, 33.73393],
          [75.09637, 33.73393],
          [75.09637, 33.73394],
          [75.09637, 33.73394],
          [75.09637, 33.73395],
          [75.09636, 33.73395],
          [75.09636, 33.73396],
          [75.09636, 33.73396],
          [75.09636, 33.73397],
          [75.09636, 33.73398],
          [75.09636, 33.73398],
          [75.09636, 33.73399],
          [75.09636, 33.73403],
          [75.09636, 33.73404],
          [75.09636, 33.73405],
          [75.09636, 33.73406],
          [75.09636, 33.73406],
          [75.09636, 33.73408],
          [75.09636, 33.73409],
          [75.09636, 33.7341],
          [75.09636, 33.73412],
          [75.09636, 33.73414],
          [75.09636, 33.73414],
          [75.09636, 33.73417],
          [75.09636, 33.73419],
          [75.09636, 33.73421],
          [75.09636, 33.73422],
          [75.09636, 33.73423],
          [75.09636, 33.73424],
          [75.09636, 33.73425],
          [75.09636, 33.73426],
          [75.09636, 33.73427],
          [75.09636, 33.73428],
          [75.09636, 33.7343],
          [75.09636, 33.73432],
          [75.09636, 33.73434],
          [75.09636, 33.73436],
          [75.09636, 33.73436],
          [75.09637, 33.73438],
          [75.09637, 33.73439],
          [75.09637, 33.73441],
          [75.09637, 33.73443],
          [75.09637, 33.73445],
          [75.09637, 33.73445],
          [75.09638, 33.73447],
          [75.09638, 33.73449],
          [75.09638, 33.73449],
          [75.09638, 33.73451],
          [75.09639, 33.73453],
          [75.09639, 33.73454],
          [75.09639, 33.73456],
          [75.09639, 33.73457],
          [75.09639, 33.73458],
          [75.0964, 33.7346],
          [75.0964, 33.7346],
          [75.0964, 33.73462],
          [75.09641, 33.73464],
          [75.09641, 33.73464],
          [75.09641, 33.73466],
          [75.09642, 33.73467],
          [75.09642, 33.73468],
          [75.09643, 33.7347],
          [75.09643, 33.73472],
          [75.09644, 33.73475],
          [75.09644, 33.73476],
          [75.09645, 33.73477],
          [75.09645, 33.73479],
          [75.09646, 33.73481],
          [75.09647, 33.73482],
          [75.09647, 33.73483],
          [75.09648, 33.73485],
          [75.09649, 33.73487],
          [75.09649, 33.73488],
          [75.0965, 33.73489],
          [75.0965, 33.7349],
          [75.09651, 33.73491],
          [75.09652, 33.73493],
          [75.09652, 33.73494],
          [75.09653, 33.73495],
          [75.09654, 33.73497],
          [75.09654, 33.73497],
          [75.09655, 33.73498],
          [75.09656, 33.735],
          [75.09657, 33.73501],
          [75.09659, 33.73504],
          [75.0966, 33.73507],
          [75.09661, 33.73507],
          [75.09661, 33.73507],
          [75.09662, 33.73508],
          [75.09663, 33.7351],
          [75.09664, 33.73511],
          [75.09665, 33.73512],
          [75.09666, 33.73514],
          [75.09667, 33.73515],
          [75.09668, 33.73516],
          [75.09669, 33.73518],
          [75.0967, 33.73519],
          [75.09671, 33.7352],
          [75.09672, 33.73521],
          [75.09673, 33.73523],
          [75.09673, 33.73524],
          [75.09674, 33.73525],
          [75.09675, 33.73526],
          [75.09675, 33.73526],
          [75.09676, 33.73527],
          [75.09676, 33.73528],
          [75.09677, 33.73529],
          [75.09678, 33.7353],
          [75.09679, 33.73531],
          [75.09679, 33.73532],
          [75.09679, 33.73533],
          [75.0968, 33.73533],
          [75.0968, 33.73534],
          [75.09681, 33.73535],
          [75.09681, 33.73535],
          [75.09681, 33.73535],
          [75.09682, 33.73536],
          [75.09682, 33.73537],
          [75.09682, 33.73538],
          [75.09683, 33.73538],
          [75.09683, 33.73539],
          [75.09684, 33.7354],
          [75.09684, 33.73541],
          [75.09685, 33.73543],
          [75.09685, 33.73544],
          [75.09685, 33.73545],
          [75.09686, 33.73545],
          [75.09686, 33.73546],
          [75.09686, 33.73547],
          [75.09686, 33.73547],
          [75.09686, 33.73548],
          [75.09687, 33.73548],
          [75.09687, 33.73549],
          [75.09687, 33.7355],
          [75.09687, 33.73551],
          [75.09687, 33.73551],
          [75.09687, 33.73552],
          [75.09687, 33.73553],
          [75.09688, 33.73555],
          [75.09688, 33.73555],
          [75.09688, 33.73556],
          [75.09688, 33.73558],
          [75.09688, 33.73559],
          [75.09688, 33.73559],
          [75.09688, 33.7356],
          [75.09688, 33.7356],
          [75.09687, 33.73562],
          [75.09687, 33.73563],
          [75.09687, 33.73564],
          [75.09687, 33.73565],
          [75.09687, 33.73567],
          [75.09686, 33.73568],
          [75.09686, 33.73568],
          [75.09685, 33.73571],
          [75.09684, 33.73574],
          [75.09684, 33.73575],
          [75.09684, 33.73576],
          [75.09683, 33.73577],
          [75.09683, 33.73578],
          [75.09683, 33.73579],
          [75.09682, 33.7358],
          [75.09682, 33.73582],
          [75.09681, 33.73584],
          [75.09681, 33.73585],
          [75.09681, 33.73586],
          [75.0968, 33.73586],
          [75.0968, 33.73587],
          [75.09679, 33.73589],
          [75.09679, 33.73589],
          [75.09679, 33.73591],
          [75.09679, 33.73591],
          [75.09678, 33.73593],
          [75.09678, 33.73593],
          [75.09678, 33.73595],
          [75.09677, 33.73596],
          [75.09677, 33.73596],
          [75.09677, 33.73597],
          [75.09677, 33.73598],
          [75.09676, 33.736],
          [75.09676, 33.73602],
          [75.09675, 33.73603],
          [75.09675, 33.73604],
          [75.09674, 33.73605],
          [75.09674, 33.73606],
          [75.09674, 33.73607],
          [75.09673, 33.73609],
          [75.09673, 33.7361],
          [75.09673, 33.73611],
          [75.09672, 33.73613],
          [75.09672, 33.73615],
          [75.09672, 33.73615],
          [75.09671, 33.73616],
          [75.09671, 33.73618],
          [75.09671, 33.7362],
          [75.0967, 33.7362],
          [75.0967, 33.7362],
          [75.0967, 33.73622],
          [75.09669, 33.73624],
          [75.09669, 33.73624],
          [75.09669, 33.73625],
          [75.09668, 33.73627],
          [75.09668, 33.73628],
          [75.09668, 33.73629],
          [75.09667, 33.73631],
          [75.09667, 33.73633],
          [75.09666, 33.73634],
          [75.09666, 33.73635],
          [75.09666, 33.73636],
          [75.09665, 33.73638],
          [75.09665, 33.7364],
          [75.09665, 33.73641],
          [75.09665, 33.73642],
          [75.09664, 33.73642],
          [75.09664, 33.73644],
          [75.09664, 33.73645],
          [75.09663, 33.73647],
          [75.09663, 33.73647],
          [75.09663, 33.73648],
          [75.09663, 33.73649],
          [75.09662, 33.73651],
          [75.09662, 33.73651],
          [75.09662, 33.73653],
          [75.09661, 33.73653],
          [75.09661, 33.73654],
          [75.09661, 33.73656],
          [75.09661, 33.73656],
          [75.0966, 33.73658],
          [75.0966, 33.7366],
          [75.09659, 33.73662],
          [75.09659, 33.73662],
          [75.09659, 33.73663],
          [75.09659, 33.73663],
          [75.09659, 33.73663],
          [75.09659, 33.73664],
          [75.09659, 33.73664],
          [75.09659, 33.73664],
          [75.09658, 33.73664],
          [75.09658, 33.73665],
          [75.09658, 33.73665],
          [75.09658, 33.73665],
          [75.09658, 33.73666],
          [75.09658, 33.73666],
          [75.09658, 33.73666],
          [75.09658, 33.73666],
          [75.09658, 33.73666],
          [75.09658, 33.73667],
          [75.09658, 33.73667],
          [75.09658, 33.73667],
          [75.09658, 33.73667],
          [75.09658, 33.73667],
          [75.09658, 33.73668],
          [75.09658, 33.73668],
          [75.09657, 33.73668],
          [75.09657, 33.73668],
          [75.09657, 33.73668],
          [75.09657, 33.73669],
          [75.09657, 33.73669],
          [75.09657, 33.73669],
          [75.09657, 33.7367],
          [75.09657, 33.7367],
          [75.09657, 33.7367],
          [75.09657, 33.73671],
          [75.09657, 33.73671],
          [75.09657, 33.73671],
          [75.09657, 33.73671],
          [75.09656, 33.73672],
          [75.09656, 33.73672],
          [75.09656, 33.73673],
          [75.09656, 33.73673],
          [75.09656, 33.73673],
          [75.09656, 33.73674],
          [75.09656, 33.73674],
          [75.09656, 33.73674],
          [75.09656, 33.73675],
          [75.09655, 33.73675],
          [75.09655, 33.73675],
          [75.09655, 33.73675],
          [75.09655, 33.73675],
          [75.09655, 33.73676],
          [75.09655, 33.73676],
          [75.09655, 33.73676],
          [75.09655, 33.73676],
          [75.09655, 33.73677],
          [75.09655, 33.73677],
          [75.09655, 33.73677],
          [75.09655, 33.73678],
          [75.09654, 33.73678],
          [75.09654, 33.73678],
          [75.09654, 33.73679],
          [75.09654, 33.73679],
          [75.09654, 33.73679],
          [75.09654, 33.7368],
          [75.09654, 33.7368],
          [75.09654, 33.7368],
          [75.09654, 33.7368],
          [75.09653, 33.73681],
          [75.09653, 33.73681],
          [75.09653, 33.73681],
          [75.09653, 33.73681],
          [75.09653, 33.73681],
          [75.09653, 33.73682],
          [75.09653, 33.73682],
          [75.09653, 33.73682],
          [75.09653, 33.73682],
          [75.09653, 33.73683],
          [75.09652, 33.73683],
          [75.09652, 33.73684],
          [75.09652, 33.73684],
          [75.09652, 33.73684],
          [75.09652, 33.73685],
          [75.09651, 33.73685],
          [75.09651, 33.73686],
          [75.09651, 33.73686],
          [75.09651, 33.73686],
          [75.09651, 33.73686],
          [75.09651, 33.73686],
          [75.09651, 33.73687],
          [75.09651, 33.73687],
          [75.0965, 33.73687],
          [75.0965, 33.73687],
          [75.0965, 33.73687],
          [75.0965, 33.73688],
          [75.0965, 33.73688],
          [75.0965, 33.73688],
          [75.0965, 33.73689],
          [75.0965, 33.73689],
          [75.0965, 33.73689],
          [75.0965, 33.73689],
          [75.09649, 33.73689],
          [75.09649, 33.7369],
          [75.09649, 33.7369],
          [75.09649, 33.7369],
          [75.09649, 33.7369],
          [75.09649, 33.7369],
          [75.09649, 33.73691],
          [75.09648, 33.73691],
          [75.09648, 33.73691],
          [75.09648, 33.73692],
          [75.09648, 33.73692],
          [75.09648, 33.73692],
          [75.09647, 33.73693],
          [75.09647, 33.73693],
          [75.09647, 33.73693],
          [75.09647, 33.73694],
          [75.09647, 33.73694],
          [75.09646, 33.73695],
          [75.09646, 33.73695],
          [75.09646, 33.73695],
          [75.09646, 33.73696],
          [75.09646, 33.73696],
          [75.09645, 33.73696],
          [75.09645, 33.73696],
          [75.09645, 33.73696],
          [75.09645, 33.73697],
          [75.09645, 33.73697],
          [75.09645, 33.73697],
          [75.09645, 33.73698],
          [75.09644, 33.73698],
          [75.09644, 33.73698],
          [75.09644, 33.73698],
          [75.09644, 33.73698],
          [75.09644, 33.73699],
          [75.09644, 33.73699],
          [75.09643, 33.73699],
          [75.09643, 33.737],
          [75.09643, 33.737],
          [75.09643, 33.737],
          [75.09643, 33.737],
          [75.09643, 33.737],
          [75.09643, 33.73701],
          [75.09642, 33.73701],
          [75.09642, 33.73702],
          [75.09642, 33.73702],
          [75.09642, 33.73702],
          [75.09641, 33.73703],
          [75.09641, 33.73704],
          [75.09641, 33.73704],
          [75.0964, 33.73704],
          [75.0964, 33.73705],
          [75.0964, 33.73705],
          [75.0964, 33.73705],
          [75.09639, 33.73706],
          [75.09639, 33.73707],
          [75.09638, 33.73707],
          [75.09638, 33.73708],
          [75.09638, 33.73708],
          [75.09638, 33.73708],
          [75.09637, 33.73709],
          [75.09637, 33.73709],
          [75.09636, 33.7371],
          [75.09636, 33.73711],
          [75.09636, 33.73711],
          [75.09635, 33.73712],
          [75.09635, 33.73712],
          [75.09635, 33.73712],
          [75.09635, 33.73713],
          [75.09634, 33.73713],
          [75.09634, 33.73713],
          [75.09634, 33.73714],
          [75.09634, 33.73714],
          [75.09634, 33.73714],
          [75.09633, 33.73715],
          [75.09633, 33.73715],
          [75.09633, 33.73716],
          [75.09632, 33.73716],
          [75.09632, 33.73717],
          [75.09632, 33.73717],
          [75.09632, 33.73717],
          [75.09631, 33.73718],
          [75.09631, 33.73718],
          [75.09631, 33.73718],
          [75.09631, 33.73719],
          [75.0963, 33.73719],
          [75.0963, 33.73719],
          [75.0963, 33.7372],
          [75.09629, 33.7372],
          [75.09629, 33.73721],
          [75.09629, 33.73721],
          [75.09629, 33.73721],
          [75.09629, 33.73722],
          [75.09628, 33.73722],
          [75.09628, 33.73722],
          [75.09628, 33.73722],
          [75.09628, 33.73723],
          [75.09628, 33.73723],
          [75.09627, 33.73724],
          [75.09627, 33.73724],
          [75.09627, 33.73724],
          [75.09627, 33.73725],
          [75.09627, 33.73725],
          [75.09627, 33.73725],
          [75.09626, 33.73725],
          [75.09626, 33.73726],
          [75.09626, 33.73727],
          [75.09626, 33.73727],
          [75.09625, 33.73727],
          [75.09625, 33.73727],
          [75.09625, 33.73728],
          [75.09625, 33.73728],
          [75.09625, 33.73729],
          [75.09625, 33.73729],
          [75.09624, 33.73729],
          [75.09624, 33.7373],
          [75.09624, 33.7373],
          [75.09624, 33.7373],
          [75.09624, 33.73731],
          [75.09624, 33.73732],
          [75.09624, 33.73732],
          [75.09623, 33.73733],
          [75.09623, 33.73733],
          [75.09623, 33.73733],
          [75.09623, 33.73734],
          [75.0962, 33.73745],
          [75.096, 33.73802],
          [75.09563, 33.7391],
          [75.0955, 33.73906],
          [75.09537, 33.73906],
          [75.09514, 33.73906],
          [75.09493, 33.73918],
          [75.09489, 33.73934],
          [75.09057, 33.74097],
          [75.09051, 33.74099],
          [75.09049, 33.741],
          [75.09046, 33.74101],
          [75.09046, 33.74101],
          [75.09043, 33.74102],
          [75.09041, 33.74103],
          [75.0904, 33.74103],
          [75.09037, 33.74104],
          [75.09035, 33.74105],
          [75.09034, 33.74105],
          [75.09032, 33.74106],
          [75.0903, 33.74107],
          [75.09029, 33.74107],
          [75.09026, 33.74108],
          [75.09023, 33.74109],
          [75.09022, 33.7411],
          [75.0902, 33.7411],
          [75.09018, 33.74111],
          [75.09015, 33.74112],
          [75.09013, 33.74113],
          [75.09012, 33.74113],
          [75.09009, 33.74114],
          [75.09008, 33.74114],
          [75.09006, 33.74115],
          [75.09003, 33.74116],
          [75.09003, 33.74116],
          [75.09001, 33.74117],
          [75.08998, 33.74118],
          [75.08997, 33.74118],
          [75.08995, 33.74119],
          [75.08992, 33.7412],
          [75.08989, 33.74121],
          [75.08986, 33.74122],
          [75.08984, 33.74123],
          [75.08984, 33.74123],
          [75.08981, 33.74124],
          [75.08978, 33.74125],
          [75.08975, 33.74126],
          [75.08972, 33.74127],
          [75.08969, 33.74128],
          [75.08967, 33.74129],
          [75.08965, 33.7413],
          [75.08964, 33.7413],
          [75.08963, 33.74131],
          [75.08961, 33.74131],
          [75.08958, 33.74133],
          [75.08955, 33.74134],
          [75.08955, 33.74134],
          [75.08953, 33.74135],
          [75.0895, 33.74136],
          [75.08947, 33.74137],
          [75.08944, 33.74138],
          [75.08944, 33.74138],
          [75.08942, 33.74139],
          [75.08939, 33.7414],
          [75.08939, 33.7414],
          [75.08938, 33.7414],
          [75.08936, 33.74141],
          [75.08933, 33.74142],
          [75.0893, 33.74143],
          [75.08928, 33.74144],
          [75.08925, 33.74146],
          [75.08922, 33.74147],
          [75.0892, 33.74148],
          [75.08917, 33.74149],
          [75.08912, 33.74151],
          [75.08909, 33.74153],
          [75.08907, 33.74154],
          [75.08905, 33.74155],
          [75.08904, 33.74156],
          [75.08903, 33.74156],
          [75.08901, 33.74158],
          [75.08899, 33.74159],
          [75.08897, 33.7416],
          [75.08895, 33.74161],
          [75.08895, 33.74162],
          [75.08893, 33.74163],
          [75.08892, 33.74164],
          [75.08891, 33.74164],
          [75.08891, 33.74165],
          [75.08889, 33.74166],
          [75.08888, 33.74167],
          [75.08887, 33.74168],
          [75.08886, 33.74169],
          [75.08886, 33.74169],
          [75.08885, 33.7417],
          [75.08883, 33.74172],
          [75.08882, 33.74173],
          [75.0888, 33.74175],
          [75.08879, 33.74176],
          [75.08877, 33.74178],
          [75.08876, 33.74179],
          [75.08875, 33.74181],
          [75.08873, 33.74182],
          [75.08872, 33.74184],
          [75.08871, 33.74185],
          [75.08871, 33.74186],
          [75.0887, 33.74187],
          [75.0887, 33.74187],
          [75.08868, 33.74189],
          [75.08867, 33.7419],
          [75.08867, 33.7419],
          [75.08866, 33.74192],
          [75.08864, 33.74194],
          [75.08863, 33.74195],
          [75.08862, 33.74197],
          [75.08862, 33.74197],
          [75.08862, 33.74197],
          [75.0886, 33.74199],
          [75.0886, 33.74199],
          [75.08859, 33.742],
          [75.08858, 33.74202],
          [75.08856, 33.74203],
          [75.08855, 33.74205],
          [75.08853, 33.74207],
          [75.08852, 33.74208],
          [75.0885, 33.7421],
          [75.08849, 33.7421],
          [75.08848, 33.74212],
          [75.08848, 33.74212],
          [75.08847, 33.74213],
          [75.08845, 33.74215],
          [75.08843, 33.74216],
          [75.08841, 33.74218],
          [75.0884, 33.74219],
          [75.08839, 33.7422],
          [75.08839, 33.7422],
          [75.08837, 33.74221],
          [75.08835, 33.74223],
          [75.08833, 33.74224],
          [75.08832, 33.74225],
          [75.08831, 33.74226],
          [75.0883, 33.74226],
          [75.0883, 33.74227],
          [75.0883, 33.74227],
          [75.08829, 33.74227],
          [75.08829, 33.74227],
          [75.08828, 33.74228],
          [75.08828, 33.74228],
          [75.08827, 33.74229],
          [75.08826, 33.74229],
          [75.08825, 33.74229],
          [75.08825, 33.7423],
          [75.08825, 33.7423],
          [75.08825, 33.7423],
          [75.08824, 33.7423],
          [75.08824, 33.74231],
          [75.08823, 33.74231],
          [75.08823, 33.74231],
          [75.08823, 33.74231],
          [75.08822, 33.74232],
          [75.08822, 33.74232],
          [75.08821, 33.74232],
          [75.0882, 33.74232],
          [75.0882, 33.74233],
          [75.0882, 33.74233],
          [75.0882, 33.74233],
          [75.08819, 33.74233],
          [75.08818, 33.74234],
          [75.08818, 33.74234],
          [75.08818, 33.74234],
          [75.08817, 33.74234],
          [75.08817, 33.74235],
          [75.08816, 33.74235],
          [75.08816, 33.74235],
          [75.08815, 33.74236],
          [75.08815, 33.74236],
          [75.08814, 33.74236],
          [75.08814, 33.74236],
          [75.08813, 33.74237],
          [75.08813, 33.74237],
          [75.08812, 33.74238],
          [75.08812, 33.74238],
          [75.08811, 33.74238],
          [75.08811, 33.74239],
          [75.08811, 33.74239],
          [75.0881, 33.74239],
          [75.0881, 33.74239],
          [75.08809, 33.7424],
          [75.08809, 33.7424],
          [75.08808, 33.7424],
          [75.08808, 33.74241],
          [75.08808, 33.74241],
          [75.08807, 33.74241],
          [75.08807, 33.74241],
          [75.08806, 33.74242],
          [75.08805, 33.74242],
          [75.08805, 33.74242],
          [75.08805, 33.74243],
          [75.08804, 33.74243],
          [75.08804, 33.74244],
          [75.08803, 33.74244],
          [75.08803, 33.74244],
          [75.08803, 33.74244],
          [75.08802, 33.74245],
          [75.08802, 33.74246],
          [75.08801, 33.74246],
          [75.08801, 33.74246],
          [75.08801, 33.74246],
          [75.088, 33.74247],
          [75.08799, 33.74248],
          [75.08798, 33.74249],
          [75.08797, 33.7425],
          [75.08797, 33.7425],
          [75.08797, 33.7425],
          [75.08797, 33.7425],
          [75.08796, 33.74251],
          [75.08796, 33.74252],
          [75.08796, 33.74252],
          [75.08795, 33.74252],
          [75.08795, 33.74253],
          [75.08795, 33.74253],
          [75.08794, 33.74253],
          [75.08794, 33.74254],
          [75.08794, 33.74254],
          [75.08793, 33.74255],
          [75.08793, 33.74256],
          [75.08792, 33.74256],
          [75.08792, 33.74256],
          [75.08792, 33.74257],
          [75.08792, 33.74257],
          [75.08791, 33.74258],
          [75.08791, 33.74258],
          [75.08791, 33.74259],
          [75.0879, 33.7426],
          [75.0879, 33.74261],
          [75.0879, 33.74261],
          [75.08789, 33.74261],
          [75.08789, 33.74262],
          [75.08789, 33.74263],
          [75.08789, 33.74263],
          [75.08789, 33.74263],
          [75.08788, 33.74264],
          [75.08788, 33.74264],
          [75.08788, 33.74265],
          [75.08788, 33.74265],
          [75.08787, 33.74266],
          [75.08787, 33.74267],
          [75.08787, 33.74267],
          [75.08786, 33.74268],
          [75.08786, 33.74269],
          [75.08786, 33.7427],
          [75.08785, 33.7427],
          [75.08785, 33.74271],
          [75.08785, 33.74271],
          [75.08785, 33.74272],
          [75.08785, 33.74272],
          [75.08785, 33.74272],
          [75.08785, 33.74273],
          [75.08784, 33.74273],
          [75.08784, 33.74274],
          [75.08784, 33.74274],
          [75.08784, 33.74275],
          [75.08783, 33.74276],
          [75.08783, 33.74277],
          [75.08783, 33.74277],
          [75.08783, 33.74277],
          [75.08783, 33.74277],
          [75.08783, 33.74278],
          [75.08783, 33.74278],
          [75.08782, 33.74279],
          [75.08782, 33.7428],
          [75.08782, 33.7428],
          [75.08782, 33.74281],
          [75.08782, 33.74281],
          [75.08782, 33.74281],
          [75.08781, 33.74282],
          [75.08781, 33.74283],
          [75.08781, 33.74283],
          [75.08781, 33.74284],
          [75.08781, 33.74284],
          [75.08776, 33.743],
          [75.08776, 33.74302],
          [75.08773, 33.74311],
          [75.08771, 33.7432],
          [75.08769, 33.74329],
          [75.08767, 33.74338],
          [75.08765, 33.74347],
          [75.08763, 33.74354],
          [75.08763, 33.74356],
          [75.08762, 33.74358],
          [75.08761, 33.74365],
          [75.0876, 33.74371],
          [75.08759, 33.74374],
          [75.08758, 33.7438],
          [75.08757, 33.74383],
          [75.08756, 33.74392],
          [75.08754, 33.74399],
          [75.08754, 33.74401],
          [75.08753, 33.7441],
          [75.08751, 33.74417],
          [75.08751, 33.74419],
          [75.0875, 33.74428],
          [75.08748, 33.74437],
          [75.08748, 33.74437],
          [75.08747, 33.74446],
          [75.08746, 33.74455],
          [75.08745, 33.74458],
          [75.08745, 33.74464],
          [75.08743, 33.74473],
          [75.08743, 33.74473],
          [75.08742, 33.74482],
          [75.08741, 33.74491],
          [75.0874, 33.74497],
          [75.0874, 33.745],
          [75.08739, 33.74509],
          [75.08738, 33.74513],
          [75.08738, 33.74518],
          [75.08737, 33.74527],
          [75.08735, 33.74537],
          [75.08734, 33.74546],
          [75.08733, 33.74555],
          [75.08732, 33.74564],
          [75.08732, 33.74569],
          [75.08731, 33.74573],
          [75.0873, 33.74579],
          [75.0873, 33.74582],
          [75.08729, 33.74591],
          [75.08728, 33.74598],
          [75.08728, 33.746],
          [75.08728, 33.74602],
          [75.08727, 33.74609],
          [75.08726, 33.74616],
          [75.08726, 33.74618],
          [75.08724, 33.74627],
          [75.08724, 33.74633],
          [75.08723, 33.74637],
          [75.08723, 33.74642],
          [75.08722, 33.74646],
          [75.08721, 33.74655],
          [75.0872, 33.74659],
          [75.0872, 33.74664],
          [75.08718, 33.74672],
          [75.08718, 33.74673],
          [75.08717, 33.74682],
          [75.08715, 33.74691],
          [75.08714, 33.747],
          [75.08712, 33.74709],
          [75.08711, 33.74718],
          [75.08707, 33.74736],
          [75.08706, 33.74743],
          [75.08705, 33.74746],
          [75.08705, 33.74749],
          [75.08704, 33.74753],
          [75.08704, 33.74753],
          [75.08703, 33.74756],
          [75.08703, 33.74759],
          [75.08703, 33.74759],
          [75.08702, 33.74761],
          [75.08702, 33.74763],
          [75.08701, 33.74766],
          [75.08701, 33.74766],
          [75.087, 33.7477],
          [75.087, 33.74773],
          [75.08699, 33.74776],
          [75.08698, 33.7478],
          [75.08698, 33.74782],
          [75.08698, 33.74783],
          [75.08697, 33.74786],
          [75.08697, 33.74786],
          [75.08696, 33.7479],
          [75.08696, 33.74791],
          [75.08695, 33.74793],
          [75.08695, 33.74796],
          [75.08694, 33.74798],
          [75.08694, 33.748],
          [75.08693, 33.74803],
          [75.08693, 33.74805],
          [75.08692, 33.74807],
          [75.08691, 33.7481],
          [75.08691, 33.74812],
          [75.08691, 33.74813],
          [75.0869, 33.74814],
          [75.0869, 33.74817],
          [75.08689, 33.74819],
          [75.08689, 33.7482],
          [75.08689, 33.74821],
          [75.08688, 33.74823],
          [75.08687, 33.74827],
          [75.08687, 33.74829],
          [75.08686, 33.7483],
          [75.08686, 33.74832],
          [75.08685, 33.74833],
          [75.08685, 33.74837],
          [75.08684, 33.7484],
          [75.08683, 33.74843],
          [75.08682, 33.74847],
          [75.08681, 33.74848],
          [75.08681, 33.7485],
          [75.0868, 33.74851],
          [75.0868, 33.74853],
          [75.08679, 33.74856],
          [75.08678, 33.7486],
          [75.08677, 33.74863],
          [75.08677, 33.74863],
          [75.08677, 33.74863],
          [75.08676, 33.74866],
          [75.08674, 33.7487],
          [75.08673, 33.74873],
          [75.08672, 33.74876],
          [75.08671, 33.74878],
          [75.08671, 33.74879],
          [75.0867, 33.74883],
          [75.08669, 33.74886],
          [75.08668, 33.74887],
          [75.08667, 33.74889],
          [75.08666, 33.74892],
          [75.08665, 33.74894],
          [75.08665, 33.74896],
          [75.08664, 33.74897],
          [75.08662, 33.74902],
          [75.08659, 33.74908],
          [75.08659, 33.74909],
          [75.08657, 33.74913],
          [75.08656, 33.74915],
          [75.08656, 33.74916],
          [75.08654, 33.7492],
          [75.08652, 33.74923],
          [75.08652, 33.74923],
          [75.08651, 33.74926],
          [75.08651, 33.74926],
          [75.08649, 33.7493],
          [75.08647, 33.74933],
          [75.08646, 33.74937],
          [75.08644, 33.7494],
          [75.08644, 33.7494],
          [75.08642, 33.74944],
          [75.08641, 33.74946],
          [75.0864, 33.74947],
          [75.0864, 33.74948],
          [75.08639, 33.74951],
          [75.08637, 33.74954],
          [75.08635, 33.74957],
          [75.08633, 33.74961],
          [75.08632, 33.74963],
          [75.08631, 33.74964],
          [75.0863, 33.74966],
          [75.0863, 33.74968],
          [75.08629, 33.74968],
          [75.08628, 33.74971],
          [75.08626, 33.74974],
          [75.08626, 33.74974],
          [75.08625, 33.74976],
          [75.08624, 33.74978],
          [75.08623, 33.74981],
          [75.08622, 33.74981],
          [75.08622, 33.74981],
          [75.08621, 33.74985],
          [75.08619, 33.74988],
          [75.08618, 33.7499],
          [75.08617, 33.74992],
          [75.08615, 33.74995],
          [75.08615, 33.74995],
          [75.08614, 33.74998],
          [75.08612, 33.75002],
          [75.0861, 33.75005],
          [75.08609, 33.75009],
          [75.08607, 33.75011],
          [75.08607, 33.75012],
          [75.08605, 33.75016],
          [75.08605, 33.75017],
          [75.08604, 33.75019],
          [75.08602, 33.75023],
          [75.08601, 33.75026],
          [75.086, 33.75028],
          [75.08599, 33.7503],
          [75.08598, 33.75033],
          [75.08597, 33.75036],
          [75.08596, 33.75037],
          [75.08595, 33.7504],
          [75.08593, 33.75044],
          [75.08593, 33.75045],
          [75.08592, 33.75047],
          [75.08591, 33.75051],
          [75.0859, 33.75054],
          [75.0859, 33.75054],
          [75.08588, 33.75058],
          [75.08588, 33.7506],
          [75.08587, 33.75061],
          [75.08586, 33.75065],
          [75.08586, 33.75065],
          [75.08585, 33.75069],
          [75.08584, 33.75072],
          [75.08583, 33.75076],
          [75.08582, 33.7508],
          [75.08582, 33.75081],
          [75.08581, 33.75084],
          [75.08581, 33.75085],
          [75.08581, 33.75086],
          [75.0858, 33.75089],
          [75.0858, 33.75092],
          [75.08579, 33.75094],
          [75.08579, 33.75097],
          [75.08579, 33.75098],
          [75.08579, 33.75099],
          [75.08578, 33.751],
          [75.08578, 33.75102],
          [75.08578, 33.75105],
          [75.08577, 33.75107],
          [75.08577, 33.75107],
          [75.08577, 33.75107],
          [75.08577, 33.7511],
          [75.08577, 33.75111],
          [75.08577, 33.75113],
          [75.08577, 33.75115],
          [75.08576, 33.75118],
          [75.08576, 33.75119],
          [75.08576, 33.7512],
          [75.08576, 33.75123],
          [75.08576, 33.75123],
          [75.08576, 33.75123],
          [75.08576, 33.75126],
          [75.08575, 33.75128],
          [75.08575, 33.75131],
          [75.08575, 33.75134],
          [75.08575, 33.75134],
          [75.08575, 33.75136],
          [75.08575, 33.75139],
          [75.08575, 33.7514],
          [75.08575, 33.75142],
          [75.08575, 33.75144],
          [75.08574, 33.75147],
          [75.08574, 33.7515],
          [75.08574, 33.75151],
          [75.08574, 33.75152],
          [75.08574, 33.75153],
          [75.08574, 33.75155],
          [75.08574, 33.75157],
          [75.08574, 33.7516],
          [75.08574, 33.75161],
          [75.08574, 33.75163],
          [75.08574, 33.75164],
          [75.08574, 33.75165],
          [75.08574, 33.75168],
          [75.08574, 33.7517],
          [75.08574, 33.75171],
          [75.08574, 33.75171],
          [75.08574, 33.75173],
          [75.08574, 33.75175],
          [75.08574, 33.75176],
          [75.08574, 33.75179],
          [75.08574, 33.75181],
          [75.08574, 33.75182],
          [75.08574, 33.75184],
          [75.08574, 33.75187],
          [75.08574, 33.75189],
          [75.08574, 33.75189],
          [75.08574, 33.75189],
          [75.08574, 33.75192],
          [75.08574, 33.75195],
          [75.08574, 33.75196],
          [75.08574, 33.75197],
          [75.08574, 33.75198],
          [75.08574, 33.752],
          [75.08574, 33.75203],
          [75.08574, 33.75205],
          [75.08574, 33.75208],
          [75.08574, 33.75222],
          [75.08574, 33.75222],
          [75.08574, 33.7523],
          [75.08574, 33.75237],
          [75.08574, 33.75244],
          [75.08574, 33.75248],
          [75.08574, 33.75251],
          [75.08573, 33.75259],
          [75.08573, 33.75266],
          [75.08573, 33.75271],
          [75.08573, 33.75273],
          [75.08572, 33.7528],
          [75.08572, 33.75287],
          [75.08572, 33.75288],
          [75.08572, 33.75288],
          [75.08572, 33.75295],
          [75.08571, 33.75302],
          [75.08571, 33.75302],
          [75.08571, 33.75302],
          [75.08571, 33.75309],
          [75.0857, 33.75317],
          [75.08569, 33.75324],
          [75.08569, 33.75331],
          [75.08568, 33.75336],
          [75.08568, 33.75338],
          [75.08567, 33.75345],
          [75.08567, 33.75348],
          [75.08566, 33.75353],
          [75.08566, 33.7536],
          [75.08565, 33.75367],
          [75.08564, 33.75374],
          [75.08564, 33.75374],
          [75.08564, 33.75374],
          [75.08563, 33.75381],
          [75.08562, 33.75387],
          [75.08561, 33.75389],
          [75.08561, 33.7539],
          [75.0856, 33.75396],
          [75.08559, 33.75403],
          [75.08558, 33.7541],
          [75.08556, 33.75417],
          [75.08555, 33.75423],
          [75.08555, 33.75424],
          [75.08553, 33.75431],
          [75.08552, 33.75439],
          [75.08551, 33.75441],
          [75.0855, 33.75446],
          [75.08548, 33.75452],
          [75.08548, 33.75453],
          [75.08548, 33.75453],
          [75.08547, 33.7546],
          [75.08547, 33.7546],
          [75.08545, 33.75467],
          [75.08545, 33.75467],
          [75.08543, 33.75474],
          [75.08541, 33.75481],
          [75.0854, 33.75484],
          [75.08539, 33.75488],
          [75.08536, 33.75495],
          [75.08534, 33.75502],
          [75.08533, 33.75505],
          [75.08532, 33.75509],
          [75.08529, 33.75516],
          [75.08527, 33.75522],
          [75.08524, 33.75529],
          [75.08523, 33.75531],
          [75.08522, 33.75536],
          [75.08519, 33.75543],
          [75.08516, 33.7555],
          [75.08515, 33.75551],
          [75.0851, 33.75563],
          [75.08506, 33.75571],
          [75.08506, 33.75571],
          [75.08506, 33.75571],
          [75.08504, 33.75575],
          [75.08504, 33.75575],
          [75.08502, 33.75579],
          [75.08502, 33.75579],
          [75.085, 33.75583],
          [75.085, 33.75583],
          [75.08498, 33.75587],
          [75.08496, 33.75591],
          [75.08496, 33.75592],
          [75.08494, 33.75595],
          [75.08492, 33.75598],
          [75.08492, 33.75599],
          [75.0849, 33.75602],
          [75.08489, 33.75604],
          [75.08488, 33.75606],
          [75.08486, 33.7561],
          [75.08485, 33.75612],
          [75.08484, 33.75614],
          [75.08482, 33.75617],
          [75.08482, 33.75617],
          [75.08479, 33.75621],
          [75.08477, 33.75625],
          [75.08476, 33.75627],
          [75.08475, 33.75629],
          [75.08473, 33.75632],
          [75.0847, 33.75636],
          [75.08469, 33.75639],
          [75.08468, 33.7564],
          [75.08466, 33.75642],
          [75.08466, 33.75644],
          [75.08466, 33.75644],
          [75.08463, 33.75647],
          [75.08462, 33.7565],
          [75.08461, 33.75651],
          [75.0846, 33.75653],
          [75.08458, 33.75655],
          [75.08456, 33.75658],
          [75.08455, 33.75661],
          [75.08454, 33.75662],
          [75.08453, 33.75663],
          [75.08451, 33.75666],
          [75.08449, 33.75669],
          [75.08446, 33.75673],
          [75.08444, 33.75677],
          [75.08441, 33.7568],
          [75.08439, 33.75684],
          [75.08437, 33.75687],
          [75.08436, 33.75688],
          [75.08436, 33.75688],
          [75.08434, 33.75691],
          [75.08431, 33.75695],
          [75.08429, 33.75698],
          [75.08429, 33.75699],
          [75.08426, 33.75702],
          [75.08423, 33.75706],
          [75.08422, 33.75707],
          [75.08421, 33.75709],
          [75.08418, 33.75713],
          [75.08416, 33.75717],
          [75.08413, 33.7572],
          [75.08411, 33.75724],
          [75.0841, 33.75724],
          [75.0841, 33.75724],
          [75.08408, 33.75727],
          [75.08405, 33.75731],
          [75.08403, 33.75735],
          [75.08402, 33.75735],
          [75.084, 33.75738],
          [75.08399, 33.7574],
          [75.08397, 33.75742],
          [75.08395, 33.75746],
          [75.08392, 33.75749],
          [75.08389, 33.75754],
          [75.08387, 33.75756],
          [75.08386, 33.75759],
          [75.08386, 33.75759],
          [75.08384, 33.75761],
          [75.08383, 33.75762],
          [75.08382, 33.75763],
          [75.08381, 33.75766],
          [75.0838, 33.75768],
          [75.08379, 33.75769],
          [75.08378, 33.75771],
          [75.08377, 33.75773],
          [75.08377, 33.75773],
          [75.08375, 33.75776],
          [75.08374, 33.75777],
          [75.08374, 33.75778],
          [75.08373, 33.7578],
          [75.08373, 33.75781],
          [75.08371, 33.75783],
          [75.0837, 33.75785],
          [75.0837, 33.75786],
          [75.08369, 33.75787],
          [75.08369, 33.75788],
          [75.08367, 33.75791],
          [75.08366, 33.75793],
          [75.08365, 33.75796],
          [75.08365, 33.75796],
          [75.08364, 33.75798],
          [75.08363, 33.75799],
          [75.08362, 33.75801],
          [75.08361, 33.75803],
          [75.08361, 33.75804],
          [75.0836, 33.75806],
          [75.0836, 33.75807],
          [75.08359, 33.75809],
          [75.08358, 33.75811],
          [75.08357, 33.75814],
          [75.08356, 33.75816],
          [75.08355, 33.75816],
          [75.08355, 33.75816],
          [75.08354, 33.75819],
          [75.08353, 33.75822],
          [75.08353, 33.75823],
          [75.08352, 33.75824],
          [75.08351, 33.75826],
          [75.08351, 33.75827],
          [75.0835, 33.75829],
          [75.08349, 33.75832],
          [75.08348, 33.75835],
          [75.08347, 33.75837],
          [75.08345, 33.7584],
          [75.08344, 33.75843],
          [75.08343, 33.75845],
          [75.08342, 33.75848],
          [75.08341, 33.7585],
          [75.08341, 33.7585],
          [75.0834, 33.75853],
          [75.08339, 33.75856],
          [75.08337, 33.75858],
          [75.08336, 33.75861],
          [75.08335, 33.75863],
          [75.08334, 33.75866],
          [75.08333, 33.75868],
          [75.08331, 33.75871],
          [75.0833, 33.75873],
          [75.08329, 33.75876],
          [75.08329, 33.75876],
          [75.08329, 33.75876],
          [75.08329, 33.75876],
          [75.08329, 33.75876],
          [75.08329, 33.75876],
          [75.08329, 33.75876],
          [75.08329, 33.75876],
          [75.08329, 33.75876],
          [75.08329, 33.75876],
          [75.08329, 33.75876],
          [75.08329, 33.75876],
          [75.08329, 33.75876],
          [75.08329, 33.75876],
          [75.08329, 33.75876],
          [75.08328, 33.75878],
          [75.08451, 33.7595],
          [75.08563, 33.76023],
          [75.08571, 33.76035],
          [75.08579, 33.76051],
          [75.08608, 33.76096],
          [75.08652, 33.76167],
          [75.08724, 33.76265],
          [75.08741, 33.76283],
          [75.0884, 33.76388],
          [75.08854, 33.76402],
          [75.08958, 33.7646],
          [75.08968, 33.76465],
          [75.09084, 33.76519],
          [75.09258, 33.76519],
          [75.09333, 33.765],
          [75.09348, 33.76491],
          [75.09423, 33.76441],
          [75.09467, 33.7645],
          [75.09472, 33.76464],
          [75.09508, 33.76546],
          [75.09508, 33.76546],
          [75.09508, 33.76547],
          [75.09509, 33.76547],
          [75.09509, 33.76548],
          [75.0951, 33.76548],
          [75.09511, 33.76549],
          [75.09513, 33.7655],
          [75.09514, 33.76551],
          [75.09516, 33.76553],
          [75.09517, 33.76554],
          [75.09519, 33.76556],
          [75.09521, 33.76557],
          [75.09523, 33.76559],
          [75.09525, 33.76561],
          [75.09528, 33.76563],
          [75.0953, 33.76564],
          [75.09532, 33.76567],
          [75.09535, 33.76569],
          [75.09538, 33.76571],
          [75.0954, 33.76573],
          [75.09543, 33.76575],
          [75.09546, 33.76577],
          [75.09549, 33.7658],
          [75.09551, 33.76582],
          [75.09554, 33.76584],
          [75.09557, 33.76587],
          [75.0956, 33.76589],
          [75.09563, 33.76591],
          [75.09565, 33.76594],
          [75.09568, 33.76596],
          [75.09571, 33.76598],
          [75.09574, 33.766],
          [75.09576, 33.76602],
          [75.09579, 33.76605],
          [75.09581, 33.76607],
          [75.09584, 33.76609],
          [75.09586, 33.7661],
          [75.09588, 33.76612],
          [75.0959, 33.76614],
          [75.09592, 33.76616],
          [75.09594, 33.76617],
          [75.09596, 33.76619],
          [75.09598, 33.7662],
          [75.09599, 33.76621],
          [75.096, 33.76622],
          [75.09602, 33.76623],
          [75.09603, 33.76624],
          [75.09603, 33.76625],
          [75.09604, 33.76626],
          [75.09702, 33.76669],
          [75.0971, 33.76671],
          [75.09717, 33.76673],
          [75.09811, 33.76731],
          [75.09822, 33.76741],
          [75.09943, 33.7679],
          [75.09958, 33.7679],
          [75.10077, 33.76794],
          [75.10179, 33.76725],
          [75.10179, 33.76725],
          [75.10179, 33.76725],
          [75.1018, 33.76725],
          [75.1018, 33.76725],
          [75.10181, 33.76724],
          [75.10182, 33.76724],
          [75.10183, 33.76723],
          [75.10184, 33.76722],
          [75.10186, 33.76722],
          [75.10187, 33.76721],
          [75.10189, 33.7672],
          [75.1019, 33.76719],
          [75.10192, 33.76718],
          [75.10194, 33.76717],
          [75.10196, 33.76716],
          [75.10198, 33.76715],
          [75.102, 33.76714],
          [75.10202, 33.76712],
          [75.10204, 33.76711],
          [75.10206, 33.7671],
          [75.10209, 33.76708],
          [75.10211, 33.76707],
          [75.10213, 33.76706],
          [75.10216, 33.76704],
          [75.10218, 33.76703],
          [75.10221, 33.76702],
          [75.10223, 33.767],
          [75.10225, 33.76699],
          [75.10228, 33.76698],
          [75.1023, 33.76696],
          [75.10232, 33.76695],
          [75.10235, 33.76693],
          [75.10237, 33.76692],
          [75.10239, 33.76691],
          [75.10241, 33.7669],
          [75.10243, 33.76688],
          [75.10245, 33.76687],
          [75.10247, 33.76686],
          [75.10249, 33.76685],
          [75.10251, 33.76684],
          [75.10252, 33.76683],
          [75.10254, 33.76682],
          [75.10255, 33.76681],
          [75.10256, 33.7668],
          [75.10257, 33.7668],
          [75.10258, 33.76679],
          [75.10259, 33.76678],
          [75.1026, 33.76678],
          [75.10261, 33.76677],
          [75.1031, 33.76658],
          [75.10339, 33.76648],
          [75.10354, 33.76643],
          [75.1044, 33.76643],
          [75.10552, 33.76686],
          [75.10659, 33.76724],
          [75.10659, 33.76724],
          [75.1066, 33.76724],
          [75.1066, 33.76724],
          [75.10661, 33.76724],
          [75.10662, 33.76724],
          [75.10664, 33.76724],
          [75.10665, 33.76724],
          [75.10667, 33.76724],
          [75.10669, 33.76724],
          [75.10671, 33.76724],
          [75.10673, 33.76724],
          [75.10676, 33.76724],
          [75.10678, 33.76724],
          [75.10681, 33.76724],
          [75.10684, 33.76724],
          [75.10687, 33.76724],
          [75.1069, 33.76724],
          [75.10693, 33.76724],
          [75.10696, 33.76724],
          [75.10699, 33.76724],
          [75.10702, 33.76724],
          [75.10706, 33.76724],
          [75.10709, 33.76724],
          [75.10713, 33.76724],
          [75.10716, 33.76724],
          [75.10719, 33.76724],
          [75.10723, 33.76724],
          [75.10726, 33.76724],
          [75.1073, 33.76724],
          [75.10733, 33.76724],
          [75.10736, 33.76724],
          [75.1074, 33.76724],
          [75.10743, 33.76724],
          [75.10746, 33.76724],
          [75.10749, 33.76724],
          [75.10752, 33.76724],
          [75.10755, 33.76724],
          [75.10757, 33.76724],
          [75.1076, 33.76724],
          [75.10762, 33.76724],
          [75.10765, 33.76724],
          [75.10767, 33.76724],
          [75.10769, 33.76724],
          [75.10771, 33.76724],
          [75.10772, 33.76724],
          [75.10774, 33.76724],
          [75.10775, 33.76724],
          [75.10776, 33.76724],
          [75.10776, 33.76724],
          [75.10777, 33.76724],
          [75.10859, 33.76729],
          [75.10881, 33.76739],
          [75.10904, 33.76748],
          [75.10968, 33.76792],
          [75.10986, 33.76802],
          [75.1113, 33.76877],
          [75.11365, 33.76948],
          [75.11365, 33.76948],
          [75.11534, 33.76973],
          [75.11712, 33.7699],
          [75.11712, 33.7699],
          [75.11712, 33.7699],
          [75.11712, 33.7699],
          [75.11713, 33.7699],
          [75.11713, 33.7699],
          [75.11714, 33.7699],
          [75.11715, 33.7699],
          [75.11716, 33.7699],
          [75.11716, 33.7699],
          [75.11717, 33.76989],
          [75.11718, 33.76989],
          [75.1172, 33.76989],
          [75.11721, 33.76989],
          [75.11722, 33.76989],
          [75.11723, 33.76989],
          [75.11725, 33.76988],
          [75.11726, 33.76988],
          [75.11728, 33.76988],
          [75.11729, 33.76988],
          [75.11731, 33.76988],
          [75.11733, 33.76987],
          [75.11734, 33.76987],
          [75.11736, 33.76987],
          [75.11738, 33.76987],
          [75.11739, 33.76987],
          [75.11741, 33.76986],
          [75.11743, 33.76986],
          [75.11744, 33.76986],
          [75.11746, 33.76986],
          [75.11746, 33.76986],
          [75.11748, 33.76985],
          [75.11748, 33.76985],
          [75.1175, 33.76985],
          [75.1175, 33.76985],
          [75.11751, 33.76985],
          [75.11751, 33.76985],
          [75.11753, 33.76985],
          [75.11753, 33.76985],
          [75.11755, 33.76985],
          [75.11755, 33.76985],
          [75.11756, 33.76984],
          [75.11756, 33.76984],
          [75.11758, 33.76984],
          [75.11758, 33.76984],
          [75.11759, 33.76984],
          [75.11759, 33.76984],
          [75.11761, 33.76984],
          [75.11761, 33.76984],
          [75.11762, 33.76984],
          [75.11762, 33.76984],
          [75.11764, 33.76984],
          [75.11765, 33.76983],
          [75.11766, 33.76983],
          [75.11767, 33.76983],
          [75.11769, 33.76983],
          [75.1177, 33.76983],
          [75.11771, 33.76983],
          [75.11772, 33.76983],
          [75.11772, 33.76983],
          [75.11774, 33.76983],
          [75.11944, 33.76982],
          [75.12008, 33.76778]
        ]
      ]
    ]
  }
}
