{
  "type": "Feature",
  "id": "JK-AC-60",
  "properties": {
    "stateName": "JAMMU & KASHMIR",
    "stateCode": "JK",
    "districtName": "UDHAMPUR",
    "acNo": 60,
    "acName": "UDHAMPUR EAST",
    "seatType": null,
    "pcNo": null,
    "pcName": null,
    "quality": "unverified",
    "sources": [
      "TBD"
    ]
  },
  "geometry": {
    "type": "MultiPolygon",
    "coordinates": [
      [
        [
          [75.02235, 32.99222],
          [75.02253, 32.99203],
          [75.02253, 32.99203],
          [75.02252, 32.99192],
          [75.0225, 32.99174],
          [75.02249, 32.99162],
          [75.02246, 32.99146],
          [75.02235, 32.99117],
          [75.02231, 32.99104],
          [75.02224, 32.99087],
          [75.02197, 32.99066],
          [75.02172, 32.99046],
          [75.02121, 32.99005],
          [75.02114, 32.99001],
          [75.02092, 32.98986],
          [75.02056, 32.98962],
          [75.02051, 32.98958],
          [75.02066, 32.98916],
          [75.02097, 32.98901],
          [75.02118, 32.98891],
          [75.02129, 32.98886],
          [75.02139, 32.98886],
          [75.02165, 32.98886],
          [75.02188, 32.98886],
          [75.02202, 32.98886],
          [75.02213, 32.98888],
          [75.02233, 32.98891],
          [75.02246, 32.98894],
          [75.02265, 32.98897],
          [75.02322, 32.98897],
          [75.02371, 32.98897],
          [75.02423, 32.98897],
          [75.02467, 32.98899],
          [75.02479, 32.98893],
          [75.02488, 32.98889],
          [75.02496, 32.98885],
          [75.02509, 32.98879],
          [75.02524, 32.98871],
          [75.02551, 32.98858],
          [75.02567, 32.98842],
          [75.02579, 32.9883],
          [75.02603, 32.98806],
          [75.02607, 32.98801],
          [75.02612, 32.98795],
          [75.02628, 32.98774],
          [75.02632, 32.98741],
          [75.02634, 32.98727],
          [75.02636, 32.98709],
          [75.02627, 32.98677],
          [75.02622, 32.98657],
          [75.02618, 32.98645],
          [75.0261, 32.98613],
          [75.0261, 32.98613],
          [75.02566, 32.98587],
          [75.02543, 32.98573],
          [75.02509, 32.98531],
          [75.02475, 32.98487],
          [75.02406, 32.98402],
          [75.0238, 32.98369],
          [75.02338, 32.98316],
          [75.0233, 32.98268],
          [75.0232, 32.98214],
          [75.02274, 32.98151],
          [75.02267, 32.9809],
          [75.02265, 32.98076],
          [75.02284, 32.98042],
          [75.02302, 32.98008],
          [75.02371, 32.97948],
          [75.0241, 32.97899],
          [75.02449, 32.9785],
          [75.02389, 32.97818],
          [75.02389, 32.97818],
          [75.02388, 32.97817],
          [75.02331, 32.97786],
          [75.02191, 32.97726],
          [75.02158, 32.97712],
          [75.0204, 32.97654],
          [75.01997, 32.97632],
          [75.01996, 32.97582],
          [75.01995, 32.97551],
          [75.01995, 32.97551],
          [75.02018, 32.97516],
          [75.02018, 32.97516],
          [75.02041, 32.97481],
          [75.02064, 32.97445],
          [75.02069, 32.97438],
          [75.02088, 32.97409],
          [75.02111, 32.97374],
          [75.02134, 32.97338],
          [75.02134, 32.97338],
          [75.02158, 32.97303],
          [75.02158, 32.97303],
          [75.02161, 32.97298],
          [75.02181, 32.97267],
          [75.02178, 32.97217],
          [75.02173, 32.97152],
          [75.02129, 32.97001],
          [75.02129, 32.97001],
          [75.02119, 32.96965],
          [75.02119, 32.96965],
          [75.02115, 32.96947],
          [75.02102, 32.96892],
          [75.0211, 32.96783],
          [75.02144, 32.96736],
          [75.02153, 32.96712],
          [75.02171, 32.96661],
          [75.02193, 32.96649],
          [75.02193, 32.96649],
          [75.02218, 32.96635],
          [75.02224, 32.96632],
          [75.02265, 32.9661],
          [75.02286, 32.96583],
          [75.02308, 32.96557],
          [75.02312, 32.96527],
          [75.02316, 32.96494],
          [75.02314, 32.9648],
          [75.02308, 32.96434],
          [75.02308, 32.96371],
          [75.02332, 32.96345],
          [75.02344, 32.96332],
          [75.02358, 32.96317],
          [75.02379, 32.96293],
          [75.02449, 32.96222],
          [75.02459, 32.96183],
          [75.02429, 32.96136],
          [75.02404, 32.96098],
          [75.02371, 32.96033],
          [75.02359, 32.96009],
          [75.02376, 32.95946],
          [75.02385, 32.9591],
          [75.02438, 32.95824],
          [75.02462, 32.95751],
          [75.0247, 32.95727],
          [75.02451, 32.95662],
          [75.02393, 32.9561],
          [75.02339, 32.95569],
          [75.02339, 32.95569],
          [75.02363, 32.95543],
          [75.0238, 32.95484],
          [75.0237, 32.95422],
          [75.02352, 32.95393],
          [75.02342, 32.95376],
          [75.02342, 32.95376],
          [75.02332, 32.95358],
          [75.02312, 32.9532],
          [75.02306, 32.95308],
          [75.02281, 32.95263],
          [75.0228, 32.95219],
          [75.02279, 32.95185],
          [75.02299, 32.95092],
          [75.02313, 32.95061],
          [75.02326, 32.95039],
          [75.02332, 32.9503],
          [75.02366, 32.94976],
          [75.02366, 32.94976],
          [75.02448, 32.94916],
          [75.02543, 32.94906],
          [75.02586, 32.94901],
          [75.02579, 32.94854],
          [75.02571, 32.94803],
          [75.02558, 32.94719],
          [75.02554, 32.94689],
          [75.02522, 32.94621],
          [75.02467, 32.94565],
          [75.02398, 32.94494],
          [75.02372, 32.94468],
          [75.02353, 32.94449],
          [75.02353, 32.94398],
          [75.02353, 32.94389],
          [75.0239, 32.94339],
          [75.0239, 32.94339],
          [75.02408, 32.94282],
          [75.02408, 32.94282],
          [75.02421, 32.94241],
          [75.0242, 32.9423],
          [75.02413, 32.94182],
          [75.02405, 32.94124],
          [75.02408, 32.94117],
          [75.0242, 32.94086],
          [75.02432, 32.94056],
          [75.02444, 32.94025],
          [75.02499, 32.93932],
          [75.02499, 32.93932],
          [75.0255, 32.93878],
          [75.02575, 32.93852],
          [75.02601, 32.93825],
          [75.02624, 32.93801],
          [75.0267, 32.93751],
          [75.027, 32.93721],
          [75.02721, 32.93699],
          [75.02735, 32.93632],
          [75.02748, 32.93573],
          [75.02754, 32.93547],
          [75.02752, 32.93508],
          [75.0275, 32.9346],
          [75.02757, 32.93427],
          [75.02769, 32.93375],
          [75.0278, 32.93327],
          [75.02784, 32.93309],
          [75.02798, 32.93243],
          [75.02813, 32.93176],
          [75.02828, 32.9311],
          [75.02815, 32.93058],
          [75.02805, 32.93015],
          [75.02791, 32.92957],
          [75.02791, 32.92957],
          [75.02834, 32.92919],
          [75.02892, 32.92837],
          [75.02927, 32.92736],
          [75.02927, 32.92736],
          [75.02969, 32.92627],
          [75.03, 32.9255],
          [75.03, 32.9255],
          [75.03047, 32.9248],
          [75.03126, 32.924],
          [75.03247, 32.92331],
          [75.03247, 32.92331],
          [75.0339, 32.92306],
          [75.03475, 32.92274],
          [75.03544, 32.92238],
          [75.03583, 32.92218],
          [75.03656, 32.92165],
          [75.03703, 32.9213],
          [75.03719, 32.92109],
          [75.03773, 32.92041],
          [75.03827, 32.91993],
          [75.03859, 32.91964],
          [75.03904, 32.91924],
          [75.03907, 32.91922],
          [75.03928, 32.91911],
          [75.03982, 32.91884],
          [75.0402, 32.91864],
          [75.04115, 32.91782],
          [75.04172, 32.91706],
          [75.04227, 32.9163],
          [75.04275, 32.91584],
          [75.04313, 32.91548],
          [75.04398, 32.91488],
          [75.04422, 32.91448],
          [75.04436, 32.91426],
          [75.04445, 32.91392],
          [75.0445, 32.91374],
          [75.04452, 32.91367],
          [75.04454, 32.91358],
          [75.04461, 32.91346],
          [75.045, 32.91279],
          [75.04547, 32.91234],
          [75.04554, 32.91226],
          [75.04594, 32.91201],
          [75.04637, 32.91173],
          [75.04637, 32.91173],
          [75.04666, 32.91126],
          [75.0468, 32.91035],
          [75.04673, 32.90944],
          [75.04694, 32.90885],
          [75.04702, 32.90806],
          [75.04702, 32.90806],
          [75.04711, 32.90728],
          [75.04767, 32.9062],
          [75.04808, 32.90542],
          [75.04825, 32.9051],
          [75.04837, 32.90487],
          [75.04847, 32.90468],
          [75.04866, 32.90432],
          [75.04894, 32.90378],
          [75.04906, 32.90353],
          [75.04915, 32.90349],
          [75.04968, 32.90325],
          [75.05018, 32.90284],
          [75.05104, 32.90214],
          [75.05163, 32.90147],
          [75.05176, 32.90133],
          [75.05184, 32.90123],
          [75.0522, 32.90084],
          [75.0525, 32.90049],
          [75.05271, 32.89998],
          [75.05279, 32.8998],
          [75.0528, 32.89978],
          [75.0533, 32.89922],
          [75.05405, 32.89884],
          [75.0543, 32.89767],
          [75.05443, 32.89754],
          [75.0545, 32.89746],
          [75.05469, 32.89736],
          [75.05494, 32.89724],
          [75.05537, 32.89703],
          [75.0561, 32.89633],
          [75.05687, 32.8956],
          [75.05773, 32.89483],
          [75.05921, 32.8937],
          [75.05999, 32.89306],
          [75.06038, 32.89244],
          [75.06078, 32.89182],
          [75.06156, 32.89103],
          [75.06192, 32.89066],
          [75.06192, 32.89066],
          [75.06235, 32.89023],
          [75.06368, 32.88935],
          [75.06368, 32.88935],
          [75.06446, 32.88847],
          [75.06525, 32.88793],
          [75.06548, 32.88777],
          [75.06647, 32.88674],
          [75.06779, 32.88612],
          [75.06879, 32.88575],
          [75.07013, 32.88525],
          [75.07013, 32.88525],
          [75.07013, 32.88524],
          [75.07014, 32.88524],
          [75.07014, 32.88524],
          [75.07015, 32.88524],
          [75.07015, 32.88524],
          [75.07016, 32.88523],
          [75.07017, 32.88523],
          [75.07018, 32.88523],
          [75.07019, 32.88522],
          [75.0702, 32.88522],
          [75.07021, 32.88522],
          [75.07022, 32.88521],
          [75.07023, 32.88521],
          [75.07024, 32.8852],
          [75.07025, 32.8852],
          [75.07027, 32.88519],
          [75.07028, 32.88519],
          [75.07029, 32.88518],
          [75.07031, 32.88518],
          [75.07032, 32.88517],
          [75.07034, 32.88516],
          [75.07035, 32.88516],
          [75.07036, 32.88515],
          [75.07038, 32.88515],
          [75.07039, 32.88514],
          [75.07041, 32.88514],
          [75.07042, 32.88513],
          [75.07043, 32.88513],
          [75.07045, 32.88512],
          [75.07046, 32.88512],
          [75.07047, 32.88511],
          [75.07049, 32.88511],
          [75.0705, 32.8851],
          [75.07051, 32.8851],
          [75.07052, 32.88509],
          [75.07053, 32.88509],
          [75.07054, 32.88508],
          [75.07055, 32.88508],
          [75.07056, 32.88508],
          [75.07057, 32.88507],
          [75.07058, 32.88507],
          [75.07058, 32.88507],
          [75.07059, 32.88507],
          [75.07059, 32.88506],
          [75.0706, 32.88506],
          [75.0706, 32.88506],
          [75.0706, 32.88506],
          [75.0706, 32.88506],
          [75.07132, 32.88458],
          [75.07153, 32.88509],
          [75.07156, 32.88518],
          [75.07215, 32.88558],
          [75.07238, 32.88563],
          [75.07257, 32.88568],
          [75.07277, 32.88573],
          [75.07299, 32.88578],
          [75.07373, 32.88562],
          [75.07446, 32.88546],
          [75.07496, 32.88517],
          [75.07496, 32.88517],
          [75.07545, 32.88488],
          [75.07584, 32.88467],
          [75.07632, 32.88457],
          [75.0768, 32.88447],
          [75.07743, 32.88421],
          [75.07807, 32.88395],
          [75.07859, 32.88381],
          [75.07887, 32.88373],
          [75.07911, 32.88366],
          [75.07979, 32.88342],
          [75.08006, 32.88329],
          [75.08048, 32.88308],
          [75.08118, 32.88255],
          [75.08164, 32.88239],
          [75.08198, 32.88227],
          [75.08235, 32.88245],
          [75.08235, 32.88289],
          [75.08235, 32.88306],
          [75.08236, 32.88332],
          [75.08229, 32.88389],
          [75.08224, 32.88435],
          [75.08223, 32.88446],
          [75.08223, 32.88446],
          [75.08151, 32.88517],
          [75.08151, 32.88517],
          [75.08127, 32.88553],
          [75.08126, 32.88566],
          [75.08122, 32.8862],
          [75.08117, 32.88687],
          [75.08133, 32.88698],
          [75.08139, 32.88703],
          [75.08151, 32.88712],
          [75.08161, 32.8872],
          [75.08268, 32.88717],
          [75.08286, 32.88716],
          [75.08398, 32.88707],
          [75.08481, 32.88658],
          [75.08564, 32.88608],
          [75.08601, 32.88582],
          [75.08637, 32.88555],
          [75.08637, 32.88555],
          [75.08687, 32.88503],
          [75.08735, 32.88451],
          [75.08776, 32.88416],
          [75.08795, 32.88399],
          [75.08842, 32.88359],
          [75.08855, 32.88348],
          [75.08884, 32.88333],
          [75.08897, 32.88333],
          [75.08906, 32.88333],
          [75.08936, 32.88334],
          [75.08964, 32.88335],
          [75.08958, 32.88362],
          [75.08969, 32.8837],
          [75.08987, 32.88383],
          [75.09016, 32.88405],
          [75.09073, 32.88419],
          [75.09073, 32.88419],
          [75.09126, 32.88385],
          [75.0918, 32.8835],
          [75.0918, 32.8835],
          [75.0918, 32.8835],
          [75.0918, 32.88349],
          [75.0918, 32.88349],
          [75.0918, 32.88349],
          [75.09181, 32.88348],
          [75.09181, 32.88347],
          [75.09181, 32.88347],
          [75.09182, 32.88346],
          [75.09182, 32.88345],
          [75.09183, 32.88344],
          [75.09183, 32.88343],
          [75.09203, 32.88304],
          [75.09203, 32.88304],
          [75.09203, 32.88304],
          [75.09203, 32.88303],
          [75.09204, 32.88303],
          [75.09204, 32.88302],
          [75.09204, 32.88301],
          [75.09205, 32.88301],
          [75.09205, 32.883],
          [75.09205, 32.88299],
          [75.09206, 32.88298],
          [75.09206, 32.88297],
          [75.09207, 32.88296],
          [75.09207, 32.88295],
          [75.09208, 32.88294],
          [75.09209, 32.88292],
          [75.09209, 32.88291],
          [75.0921, 32.8829],
          [75.0921, 32.88289],
          [75.09211, 32.88288],
          [75.09212, 32.88286],
          [75.09212, 32.88285],
          [75.09213, 32.88284],
          [75.09214, 32.88282],
          [75.09214, 32.88281],
          [75.09215, 32.8828],
          [75.09216, 32.88278],
          [75.09216, 32.88277],
          [75.09217, 32.88276],
          [75.09218, 32.88275],
          [75.09218, 32.88273],
          [75.09219, 32.88272],
          [75.09219, 32.88271],
          [75.0922, 32.8827],
          [75.09221, 32.88269],
          [75.09221, 32.88268],
          [75.09225, 32.88259],
          [75.09232, 32.88242],
          [75.09241, 32.88216],
          [75.094, 32.88113],
          [75.09449, 32.88082],
          [75.09498, 32.88051],
          [75.09561, 32.8802],
          [75.09645, 32.87979],
          [75.0967, 32.87958],
          [75.09687, 32.87945],
          [75.09729, 32.8791],
          [75.09773, 32.87879],
          [75.09801, 32.87859],
          [75.09816, 32.87848],
          [75.09838, 32.87837],
          [75.09911, 32.87797],
          [75.10006, 32.87745],
          [75.1003, 32.87713],
          [75.10083, 32.87642],
          [75.10122, 32.87618],
          [75.10151, 32.87601],
          [75.10218, 32.87559],
          [75.1027, 32.8752],
          [75.10322, 32.8748],
          [75.1035, 32.87433],
          [75.10387, 32.87373],
          [75.10409, 32.87271],
          [75.1043, 32.87169],
          [75.10407, 32.86891],
          [75.10398, 32.86702],
          [75.10396, 32.86664],
          [75.10423, 32.86612],
          [75.10423, 32.86612],
          [75.10502, 32.867],
          [75.10528, 32.86749],
          [75.10646, 32.86973],
          [75.10715, 32.87144],
          [75.10737, 32.87198],
          [75.1073, 32.87253],
          [75.10716, 32.87349],
          [75.10708, 32.87413],
          [75.10697, 32.87501],
          [75.10697, 32.87652],
          [75.10697, 32.87652],
          [75.10699, 32.87927],
          [75.10696, 32.88142],
          [75.10694, 32.88358],
          [75.10694, 32.88358],
          [75.10663, 32.88372],
          [75.10646, 32.88379],
          [75.10626, 32.88388],
          [75.10589, 32.88405],
          [75.10554, 32.88438],
          [75.10552, 32.88439],
          [75.10552, 32.88439],
          [75.10515, 32.88474],
          [75.10444, 32.8857],
          [75.10434, 32.88607],
          [75.10433, 32.88613],
          [75.10433, 32.88613],
          [75.10423, 32.88655],
          [75.1041, 32.88684],
          [75.10399, 32.88707],
          [75.10376, 32.88759],
          [75.10376, 32.88759],
          [75.10342, 32.88836],
          [75.10271, 32.88891],
          [75.102, 32.88948],
          [75.10115, 32.88957],
          [75.10104, 32.88958],
          [75.10085, 32.88957],
          [75.10033, 32.88955],
          [75.09961, 32.88953],
          [75.09848, 32.89026],
          [75.09801, 32.89072],
          [75.09801, 32.89072],
          [75.09755, 32.89118],
          [75.09675, 32.89171],
          [75.09617, 32.89182],
          [75.09604, 32.89184],
          [75.09527, 32.89173],
          [75.09524, 32.89204],
          [75.09522, 32.89227],
          [75.0955, 32.89293],
          [75.09561, 32.89306],
          [75.0958, 32.89332],
          [75.0961, 32.89372],
          [75.09665, 32.89419],
          [75.09665, 32.89419],
          [75.09754, 32.89495],
          [75.09817, 32.89549],
          [75.09817, 32.89549],
          [75.09891, 32.89642],
          [75.09905, 32.89693],
          [75.09914, 32.89726],
          [75.09896, 32.89853],
          [75.09896, 32.89853],
          [75.09944, 32.89927],
          [75.09944, 32.89927],
          [75.09963, 32.90067],
          [75.09966, 32.90094],
          [75.09971, 32.90138],
          [75.09988, 32.90189],
          [75.10009, 32.90257],
          [75.10069, 32.90339],
          [75.10103, 32.90384],
          [75.10128, 32.90401],
          [75.10171, 32.90429],
          [75.10175, 32.90448],
          [75.10182, 32.90478],
          [75.10077, 32.90505],
          [75.10076, 32.90506],
          [75.10074, 32.90508],
          [75.10009, 32.90577],
          [75.09963, 32.90625],
          [75.09941, 32.90649],
          [75.09919, 32.9072],
          [75.09893, 32.90807],
          [75.09862, 32.90907],
          [75.09903, 32.9096],
          [75.0993, 32.90994],
          [75.09929, 32.91028],
          [75.09927, 32.91098],
          [75.09926, 32.9114],
          [75.09926, 32.9116],
          [75.09935, 32.9118],
          [75.09953, 32.91218],
          [75.0997, 32.91256],
          [75.0998, 32.91276],
          [75.09949, 32.91372],
          [75.09968, 32.91471],
          [75.09951, 32.91499],
          [75.09929, 32.91535],
          [75.09922, 32.91539],
          [75.0992, 32.91541],
          [75.0992, 32.91541],
          [75.09946, 32.91614],
          [75.09985, 32.91721],
          [75.0999, 32.91718],
          [75.09994, 32.91716],
          [75.10046, 32.91739],
          [75.10079, 32.91781],
          [75.10083, 32.91804],
          [75.10091, 32.91849],
          [75.10089, 32.91869],
          [75.10086, 32.91888],
          [75.10075, 32.91966],
          [75.10089, 32.92016],
          [75.10097, 32.92042],
          [75.10112, 32.92092],
          [75.10124, 32.92134],
          [75.10159, 32.92181],
          [75.10193, 32.92229],
          [75.10224, 32.92295],
          [75.10257, 32.92338],
          [75.1028, 32.92369],
          [75.10293, 32.924],
          [75.10309, 32.92437],
          [75.1032, 32.92463],
          [75.10332, 32.9249],
          [75.1034, 32.92509],
          [75.10355, 32.92544],
          [75.10364, 32.926],
          [75.10373, 32.92656],
          [75.10419, 32.92789],
          [75.10423, 32.92817],
          [75.10439, 32.92927],
          [75.10466, 32.93001],
          [75.10472, 32.93018],
          [75.10493, 32.93075],
          [75.10518, 32.93146],
          [75.10525, 32.93167],
          [75.10556, 32.93214],
          [75.10581, 32.9325],
          [75.1062, 32.9331],
          [75.1062, 32.9331],
          [75.10658, 32.93369],
          [75.10655, 32.93416],
          [75.10679, 32.9349],
          [75.10735, 32.93551],
          [75.10771, 32.93577],
          [75.10872, 32.93648],
          [75.10945, 32.93699],
          [75.11062, 32.93722],
          [75.11181, 32.93722],
          [75.11229, 32.93713],
          [75.11297, 32.93699],
          [75.11297, 32.93699],
          [75.114, 32.9362],
          [75.11317, 32.93542],
          [75.11274, 32.93459],
          [75.11253, 32.93418],
          [75.11231, 32.93376],
          [75.11231, 32.93363],
          [75.11232, 32.93317],
          [75.11232, 32.93259],
          [75.11232, 32.93225],
          [75.11232, 32.93198],
          [75.11233, 32.93139],
          [75.11233, 32.9302],
          [75.11162, 32.92855],
          [75.11157, 32.92824],
          [75.11151, 32.92784],
          [75.1114, 32.92714],
          [75.11135, 32.92685],
          [75.11128, 32.92644],
          [75.11118, 32.92573],
          [75.11105, 32.92545],
          [75.11087, 32.92507],
          [75.1107, 32.92471],
          [75.11056, 32.92441],
          [75.11026, 32.92375],
          [75.10996, 32.92308],
          [75.10992, 32.92301],
          [75.10973, 32.92259],
          [75.1095, 32.92209],
          [75.10959, 32.92157],
          [75.10964, 32.92125],
          [75.10968, 32.92104],
          [75.10977, 32.92051],
          [75.10986, 32.91998],
          [75.10972, 32.91947],
          [75.10958, 32.91895],
          [75.10939, 32.91826],
          [75.10916, 32.91741],
          [75.10906, 32.91702],
          [75.10906, 32.91702],
          [75.10906, 32.91702],
          [75.1093, 32.91717],
          [75.10931, 32.91718],
          [75.10933, 32.91719],
          [75.10934, 32.91719],
          [75.10935, 32.9172],
          [75.10936, 32.91721],
          [75.10938, 32.91722],
          [75.10939, 32.91722],
          [75.1094, 32.91723],
          [75.10941, 32.91724],
          [75.10942, 32.91724],
          [75.10943, 32.91725],
          [75.10944, 32.91726],
          [75.10945, 32.91726],
          [75.10946, 32.91727],
          [75.10946, 32.91727],
          [75.10947, 32.91727],
          [75.10948, 32.91728],
          [75.10948, 32.91728],
          [75.10949, 32.91728],
          [75.10949, 32.91729],
          [75.10949, 32.91729],
          [75.10949, 32.91729],
          [75.10949, 32.91729],
          [75.11118, 32.91816],
          [75.11118, 32.91816],
          [75.11119, 32.91817],
          [75.11119, 32.91817],
          [75.1112, 32.91817],
          [75.1112, 32.91818],
          [75.11121, 32.91818],
          [75.11122, 32.91819],
          [75.11124, 32.91819],
          [75.11125, 32.9182],
          [75.11127, 32.91821],
          [75.11128, 32.91822],
          [75.1113, 32.91822],
          [75.11132, 32.91823],
          [75.11134, 32.91824],
          [75.11136, 32.91825],
          [75.11138, 32.91826],
          [75.1114, 32.91828],
          [75.11142, 32.91829],
          [75.11144, 32.9183],
          [75.11147, 32.91831],
          [75.11149, 32.91832],
          [75.11151, 32.91834],
          [75.11154, 32.91835],
          [75.11156, 32.91836],
          [75.11159, 32.91837],
          [75.11161, 32.91838],
          [75.11163, 32.9184],
          [75.11166, 32.91841],
          [75.11168, 32.91842],
          [75.1117, 32.91843],
          [75.11173, 32.91845],
          [75.11175, 32.91846],
          [75.11177, 32.91847],
          [75.11179, 32.91848],
          [75.11181, 32.91849],
          [75.11183, 32.9185],
          [75.11185, 32.91851],
          [75.11187, 32.91852],
          [75.11189, 32.91853],
          [75.1119, 32.91854],
          [75.11192, 32.91854],
          [75.11193, 32.91855],
          [75.11195, 32.91856],
          [75.11196, 32.91856],
          [75.11197, 32.91857],
          [75.11197, 32.91857],
          [75.11198, 32.91858],
          [75.11198, 32.91858],
          [75.11199, 32.91858],
          [75.1125, 32.91884],
          [75.1125, 32.91884],
          [75.1125, 32.91884],
          [75.11251, 32.91885],
          [75.11251, 32.91885],
          [75.11252, 32.91886],
          [75.11253, 32.91886],
          [75.11255, 32.91887],
          [75.11256, 32.91887],
          [75.11258, 32.91888],
          [75.11259, 32.91889],
          [75.11261, 32.9189],
          [75.11263, 32.91891],
          [75.11265, 32.91892],
          [75.11267, 32.91893],
          [75.1127, 32.91895],
          [75.11272, 32.91896],
          [75.11274, 32.91897],
          [75.11277, 32.91898],
          [75.1128, 32.919],
          [75.11282, 32.91901],
          [75.11285, 32.91902],
          [75.11288, 32.91904],
          [75.1129, 32.91905],
          [75.11293, 32.91907],
          [75.11296, 32.91908],
          [75.11299, 32.9191],
          [75.11302, 32.91911],
          [75.11304, 32.91912],
          [75.11307, 32.91914],
          [75.1131, 32.91915],
          [75.11312, 32.91917],
          [75.11315, 32.91918],
          [75.11318, 32.91919],
          [75.1132, 32.91921],
          [75.11322, 32.91922],
          [75.11325, 32.91923],
          [75.11327, 32.91924],
          [75.11329, 32.91925],
          [75.11331, 32.91926],
          [75.11333, 32.91927],
          [75.11335, 32.91928],
          [75.11336, 32.91929],
          [75.11338, 32.9193],
          [75.11339, 32.9193],
          [75.1134, 32.91931],
          [75.11341, 32.91931],
          [75.11342, 32.91932],
          [75.11342, 32.91932],
          [75.11343, 32.91932],
          [75.11384, 32.91953],
          [75.11421, 32.91965],
          [75.1143, 32.91967],
          [75.1143, 32.91967],
          [75.11476, 32.91981],
          [75.11536, 32.91987],
          [75.11598, 32.91992],
          [75.11668, 32.91976],
          [75.11714, 32.91976],
          [75.11741, 32.91975],
          [75.11805, 32.91922],
          [75.11918, 32.91834],
          [75.11959, 32.9178],
          [75.11971, 32.91764],
          [75.11938, 32.9171],
          [75.11889, 32.91631],
          [75.11854, 32.91574],
          [75.11832, 32.91483],
          [75.11822, 32.91453],
          [75.118, 32.91388],
          [75.11793, 32.91264],
          [75.11785, 32.91139],
          [75.11785, 32.91139],
          [75.11876, 32.91171],
          [75.11991, 32.91197],
          [75.12107, 32.91223],
          [75.12158, 32.91225],
          [75.12209, 32.91227],
          [75.123, 32.91265],
          [75.12315, 32.91271],
          [75.12383, 32.91278],
          [75.12383, 32.91278],
          [75.1245, 32.91284],
          [75.12463, 32.91284],
          [75.12507, 32.91281],
          [75.12564, 32.91278],
          [75.12605, 32.91272],
          [75.12622, 32.9127],
          [75.12647, 32.91266],
          [75.12666, 32.91267],
          [75.12703, 32.91267],
          [75.12731, 32.91268],
          [75.12915, 32.91271],
          [75.13018, 32.91274],
          [75.1303, 32.91273],
          [75.13105, 32.91268],
          [75.13191, 32.91261],
          [75.13191, 32.91261],
          [75.13191, 32.91322],
          [75.13191, 32.91352],
          [75.13191, 32.91365],
          [75.13191, 32.91408],
          [75.13162, 32.91497],
          [75.13151, 32.91541],
          [75.13141, 32.91581],
          [75.13133, 32.91625],
          [75.13169, 32.91685],
          [75.13197, 32.91733],
          [75.13325, 32.91835],
          [75.13393, 32.91885],
          [75.13424, 32.91943],
          [75.13476, 32.91989],
          [75.13574, 32.92029],
          [75.13653, 32.92089],
          [75.13756, 32.92175],
          [75.1379, 32.9225],
          [75.1379, 32.9225],
          [75.13829, 32.92308],
          [75.13836, 32.92378],
          [75.13836, 32.92378],
          [75.13851, 32.92432],
          [75.13851, 32.92432],
          [75.13895, 32.92474],
          [75.13926, 32.92479],
          [75.13944, 32.92482],
          [75.13955, 32.92483],
          [75.13966, 32.92483],
          [75.13993, 32.92485],
          [75.14035, 32.92446],
          [75.14078, 32.92402],
          [75.14152, 32.92325],
          [75.14199, 32.9229],
          [75.14243, 32.92257],
          [75.14442, 32.92266],
          [75.14445, 32.92267],
          [75.14446, 32.92267],
          [75.14446, 32.92267],
          [75.14447, 32.92267],
          [75.14461, 32.92272],
          [75.14461, 32.92272],
          [75.14461, 32.92271],
          [75.14461, 32.92269],
          [75.1446, 32.92268],
          [75.14459, 32.92266],
          [75.14458, 32.92263],
          [75.14457, 32.9226],
          [75.14456, 32.92257],
          [75.14455, 32.92253],
          [75.14453, 32.92249],
          [75.14452, 32.92245],
          [75.1445, 32.92241],
          [75.14448, 32.92236],
          [75.14446, 32.92231],
          [75.14444, 32.92226],
          [75.14442, 32.9222],
          [75.1444, 32.92214],
          [75.14438, 32.92209],
          [75.14436, 32.92203],
          [75.14434, 32.92196],
          [75.14431, 32.9219],
          [75.14429, 32.92184],
          [75.14427, 32.92178],
          [75.14424, 32.92171],
          [75.14422, 32.92165],
          [75.14419, 32.92158],
          [75.14417, 32.92152],
          [75.14415, 32.92146],
          [75.14412, 32.92139],
          [75.1441, 32.92133],
          [75.14408, 32.92127],
          [75.14406, 32.92121],
          [75.14403, 32.92115],
          [75.14401, 32.9211],
          [75.14399, 32.92104],
          [75.14397, 32.92099],
          [75.14395, 32.92094],
          [75.14394, 32.92089],
          [75.14392, 32.92084],
          [75.1439, 32.9208],
          [75.14389, 32.92076],
          [75.14388, 32.92073],
          [75.14386, 32.92069],
          [75.14385, 32.92067],
          [75.14384, 32.92064],
          [75.14384, 32.92062],
          [75.14383, 32.9206],
          [75.14383, 32.92059],
          [75.14382, 32.92058],
          [75.14382, 32.92058],
          [75.14382, 32.92058],
          [75.14382, 32.92058],
          [75.14382, 32.92056],
          [75.14382, 32.92056],
          [75.14382, 32.92056],
          [75.14382, 32.92055],
          [75.14378, 32.92036],
          [75.14378, 32.92036],
          [75.14378, 32.92035],
          [75.14378, 32.92035],
          [75.14378, 32.92034],
          [75.14378, 32.92033],
          [75.14377, 32.92032],
          [75.14377, 32.92031],
          [75.14377, 32.92029],
          [75.14377, 32.92027],
          [75.14376, 32.92026],
          [75.14376, 32.92024],
          [75.14376, 32.92021],
          [75.14376, 32.92019],
          [75.14375, 32.92017],
          [75.14375, 32.92014],
          [75.14374, 32.92012],
          [75.14374, 32.92009],
          [75.14374, 32.92007],
          [75.14373, 32.92004],
          [75.14373, 32.92001],
          [75.14372, 32.91998],
          [75.14372, 32.91995],
          [75.14371, 32.91992],
          [75.14371, 32.91989],
          [75.14371, 32.91986],
          [75.1437, 32.91983],
          [75.1437, 32.9198],
          [75.14369, 32.91977],
          [75.14369, 32.91974],
          [75.14368, 32.91972],
          [75.14368, 32.91969],
          [75.14367, 32.91966],
          [75.14367, 32.91963],
          [75.14367, 32.91961],
          [75.14366, 32.91958],
          [75.14366, 32.91956],
          [75.14366, 32.91953],
          [75.14365, 32.91951],
          [75.14365, 32.91949],
          [75.14365, 32.91947],
          [75.14364, 32.91945],
          [75.14364, 32.91943],
          [75.14364, 32.91942],
          [75.14364, 32.91941],
          [75.14363, 32.91939],
          [75.14363, 32.91938],
          [75.14363, 32.91938],
          [75.14363, 32.91937],
          [75.14363, 32.91937],
          [75.14363, 32.91936],
          [75.14363, 32.91936],
          [75.14363, 32.91936],
          [75.14363, 32.91936],
          [75.14363, 32.91936],
          [75.14363, 32.91935],
          [75.14363, 32.91935],
          [75.14363, 32.91934],
          [75.14363, 32.91934],
          [75.14363, 32.91933],
          [75.14363, 32.91932],
          [75.14363, 32.91931],
          [75.14363, 32.91931],
          [75.14363, 32.9193],
          [75.14363, 32.9193],
          [75.14363, 32.91928],
          [75.14363, 32.91928],
          [75.14363, 32.91926],
          [75.14363, 32.91926],
          [75.14363, 32.91924],
          [75.14363, 32.91924],
          [75.14363, 32.91922],
          [75.14363, 32.91922],
          [75.14363, 32.91919],
          [75.14363, 32.91917],
          [75.14363, 32.91914],
          [75.14363, 32.91912],
          [75.14363, 32.91909],
          [75.14363, 32.91906],
          [75.14363, 32.91903],
          [75.14363, 32.919],
          [75.14363, 32.91897],
          [75.14363, 32.91894],
          [75.14363, 32.91891],
          [75.14363, 32.91888],
          [75.14363, 32.91885],
          [75.14363, 32.91882],
          [75.14363, 32.91879],
          [75.14363, 32.91876],
          [75.14363, 32.91873],
          [75.14363, 32.9187],
          [75.14363, 32.91867],
          [75.14363, 32.91864],
          [75.14363, 32.91861],
          [75.14363, 32.91859],
          [75.14363, 32.91856],
          [75.14363, 32.91853],
          [75.14363, 32.91851],
          [75.14363, 32.91849],
          [75.14363, 32.91846],
          [75.14363, 32.91844],
          [75.14363, 32.91842],
          [75.14363, 32.91841],
          [75.14363, 32.91839],
          [75.14363, 32.91838],
          [75.14363, 32.91836],
          [75.14363, 32.91835],
          [75.14363, 32.91835],
          [75.14363, 32.91834],
          [75.14363, 32.91834],
          [75.14363, 32.91833],
          [75.14363, 32.91833],
          [75.14363, 32.91833],
          [75.14363, 32.91832],
          [75.14363, 32.91831],
          [75.14364, 32.9183],
          [75.14364, 32.91829],
          [75.14364, 32.91828],
          [75.14364, 32.91827],
          [75.14365, 32.91826],
          [75.14365, 32.91825],
          [75.14365, 32.91823],
          [75.14365, 32.91822],
          [75.14366, 32.9182],
          [75.14366, 32.91819],
          [75.14366, 32.91817],
          [75.14367, 32.91815],
          [75.14367, 32.91814],
          [75.14367, 32.91812],
          [75.14368, 32.9181],
          [75.14368, 32.91808],
          [75.14368, 32.91806],
          [75.14369, 32.91805],
          [75.14369, 32.91803],
          [75.14369, 32.91801],
          [75.1437, 32.91799],
          [75.1437, 32.91797],
          [75.14371, 32.91795],
          [75.14371, 32.91794],
          [75.14371, 32.91792],
          [75.14372, 32.9179],
          [75.14372, 32.91788],
          [75.14372, 32.91787],
          [75.14373, 32.91785],
          [75.14373, 32.91784],
          [75.14373, 32.91782],
          [75.14373, 32.91781],
          [75.14374, 32.91779],
          [75.14374, 32.91778],
          [75.14374, 32.91777],
          [75.14374, 32.91776],
          [75.14375, 32.91775],
          [75.14375, 32.91774],
          [75.14375, 32.91774],
          [75.14375, 32.91773],
          [75.14375, 32.91772],
          [75.14375, 32.91772],
          [75.14375, 32.91772],
          [75.14375, 32.91772],
          [75.14375, 32.91772],
          [75.14362, 32.91772],
          [75.14359, 32.91772],
          [75.14334, 32.91772],
          [75.14299, 32.91771],
          [75.14237, 32.91754],
          [75.14176, 32.91736],
          [75.14138, 32.91697],
          [75.141, 32.91658],
          [75.14029, 32.91639],
          [75.13984, 32.91626],
          [75.13957, 32.91619],
          [75.1392, 32.91619],
          [75.1387, 32.91619],
          [75.13783, 32.91618],
          [75.13719, 32.91638],
          [75.13719, 32.91638],
          [75.13718, 32.91638],
          [75.13718, 32.91638],
          [75.13718, 32.91638],
          [75.13717, 32.91638],
          [75.13717, 32.91639],
          [75.13716, 32.91639],
          [75.13715, 32.91639],
          [75.13715, 32.91639],
          [75.13714, 32.91639],
          [75.13713, 32.91639],
          [75.13712, 32.91639],
          [75.1371, 32.9164],
          [75.13709, 32.9164],
          [75.13708, 32.9164],
          [75.13707, 32.9164],
          [75.13706, 32.91641],
          [75.13704, 32.91641],
          [75.13703, 32.91641],
          [75.13701, 32.91641],
          [75.137, 32.91642],
          [75.13699, 32.91642],
          [75.13697, 32.91642],
          [75.13696, 32.91643],
          [75.13694, 32.91643],
          [75.13693, 32.91643],
          [75.13691, 32.91643],
          [75.1369, 32.91644],
          [75.13688, 32.91644],
          [75.13687, 32.91644],
          [75.13686, 32.91644],
          [75.13684, 32.91645],
          [75.13683, 32.91645],
          [75.13682, 32.91645],
          [75.1368, 32.91645],
          [75.13679, 32.91646],
          [75.13678, 32.91646],
          [75.13677, 32.91646],
          [75.13676, 32.91646],
          [75.13675, 32.91646],
          [75.13674, 32.91646],
          [75.13673, 32.91647],
          [75.13672, 32.91647],
          [75.13672, 32.91647],
          [75.13671, 32.91647],
          [75.13671, 32.91647],
          [75.1367, 32.91647],
          [75.1367, 32.91647],
          [75.1367, 32.91647],
          [75.1367, 32.91647],
          [75.1367, 32.91647],
          [75.13671, 32.91646],
          [75.13671, 32.91646],
          [75.13672, 32.91644],
          [75.13674, 32.91643],
          [75.13675, 32.91641],
          [75.13677, 32.91639],
          [75.13679, 32.91637],
          [75.13682, 32.91634],
          [75.13684, 32.91631],
          [75.13687, 32.91628],
          [75.1369, 32.91625],
          [75.13693, 32.91622],
          [75.13696, 32.91618],
          [75.137, 32.91614],
          [75.13703, 32.9161],
          [75.13707, 32.91606],
          [75.1371, 32.91602],
          [75.13714, 32.91598],
          [75.13718, 32.91594],
          [75.13722, 32.91589],
          [75.13726, 32.91585],
          [75.1373, 32.9158],
          [75.13734, 32.91576],
          [75.13739, 32.91571],
          [75.13743, 32.91567],
          [75.13747, 32.91562],
          [75.13751, 32.91558],
          [75.13755, 32.91553],
          [75.13759, 32.91549],
          [75.13763, 32.91544],
          [75.13767, 32.9154],
          [75.1377, 32.91536],
          [75.13774, 32.91532],
          [75.13778, 32.91528],
          [75.13781, 32.91524],
          [75.13784, 32.91521],
          [75.13787, 32.91517],
          [75.1379, 32.91514],
          [75.13793, 32.91511],
          [75.13795, 32.91508],
          [75.13798, 32.91506],
          [75.138, 32.91503],
          [75.13802, 32.91501],
          [75.13803, 32.91499],
          [75.13805, 32.91498],
          [75.13806, 32.91497],
          [75.13807, 32.91496],
          [75.13807, 32.91495],
          [75.13807, 32.91495],
          [75.13807, 32.91495],
          [75.13807, 32.91494],
          [75.13807, 32.91493],
          [75.13807, 32.91492],
          [75.13808, 32.9149],
          [75.13808, 32.91489],
          [75.13808, 32.91487],
          [75.13808, 32.91486],
          [75.13808, 32.91484],
          [75.13808, 32.91482],
          [75.13809, 32.9148],
          [75.13809, 32.91478],
          [75.13809, 32.91475],
          [75.13809, 32.91473],
          [75.13809, 32.91471],
          [75.1381, 32.91468],
          [75.1381, 32.91465],
          [75.1381, 32.91463],
          [75.1381, 32.9146],
          [75.13811, 32.91457],
          [75.13811, 32.91455],
          [75.13811, 32.91452],
          [75.13811, 32.91449],
          [75.13812, 32.91446],
          [75.13812, 32.91444],
          [75.13812, 32.91441],
          [75.13812, 32.91438],
          [75.13813, 32.91436],
          [75.13813, 32.91433],
          [75.13813, 32.9143],
          [75.13813, 32.91428],
          [75.13814, 32.91425],
          [75.13814, 32.91423],
          [75.13814, 32.91421],
          [75.13814, 32.91419],
          [75.13814, 32.91417],
          [75.13815, 32.91415],
          [75.13815, 32.91413],
          [75.13815, 32.91411],
          [75.13815, 32.9141],
          [75.13815, 32.91408],
          [75.13815, 32.91407],
          [75.13815, 32.91406],
          [75.13815, 32.91405],
          [75.13816, 32.91404],
          [75.13816, 32.91404],
          [75.13816, 32.91403],
          [75.13816, 32.91403],
          [75.1382, 32.91357],
          [75.1382, 32.91357],
          [75.1382, 32.91357],
          [75.1382, 32.91357],
          [75.13821, 32.91356],
          [75.13822, 32.91355],
          [75.13822, 32.91354],
          [75.13823, 32.91353],
          [75.13824, 32.91352],
          [75.13826, 32.9135],
          [75.13827, 32.91349],
          [75.13828, 32.91347],
          [75.1383, 32.91345],
          [75.13831, 32.91344],
          [75.13833, 32.91342],
          [75.13834, 32.9134],
          [75.13836, 32.91337],
          [75.13838, 32.91335],
          [75.1384, 32.91333],
          [75.13842, 32.91331],
          [75.13843, 32.91328],
          [75.13845, 32.91326],
          [75.13847, 32.91324],
          [75.13849, 32.91321],
          [75.13851, 32.91319],
          [75.13853, 32.91316],
          [75.13855, 32.91314],
          [75.13857, 32.91312],
          [75.13859, 32.91309],
          [75.13861, 32.91307],
          [75.13863, 32.91304],
          [75.13865, 32.91302],
          [75.13867, 32.913],
          [75.13869, 32.91298],
          [75.13871, 32.91295],
          [75.13872, 32.91293],
          [75.13874, 32.91291],
          [75.13876, 32.91289],
          [75.13877, 32.91288],
          [75.13879, 32.91286],
          [75.1388, 32.91284],
          [75.13881, 32.91283],
          [75.13882, 32.91281],
          [75.13883, 32.9128],
          [75.13884, 32.91279],
          [75.13885, 32.91278],
          [75.13886, 32.91277],
          [75.13886, 32.91277],
          [75.13886, 32.91276],
          [75.13887, 32.91276],
          [75.13887, 32.91276],
          [75.13887, 32.91276],
          [75.13887, 32.91275],
          [75.13887, 32.91274],
          [75.13888, 32.91273],
          [75.13889, 32.91272],
          [75.13889, 32.9127],
          [75.1389, 32.91268],
          [75.13891, 32.91265],
          [75.13892, 32.91263],
          [75.13893, 32.9126],
          [75.13895, 32.91257],
          [75.13896, 32.91254],
          [75.13897, 32.91251],
          [75.13899, 32.91247],
          [75.139, 32.91244],
          [75.13902, 32.9124],
          [75.13904, 32.91236],
          [75.13905, 32.91232],
          [75.13907, 32.91228],
          [75.13909, 32.91223],
          [75.13911, 32.91219],
          [75.13913, 32.91215],
          [75.13915, 32.9121],
          [75.13916, 32.91206],
          [75.13918, 32.91201],
          [75.1392, 32.91197],
          [75.13922, 32.91192],
          [75.13924, 32.91188],
          [75.13926, 32.91184],
          [75.13928, 32.91179],
          [75.13929, 32.91175],
          [75.13931, 32.91171],
          [75.13933, 32.91167],
          [75.13935, 32.91163],
          [75.13936, 32.91159],
          [75.13938, 32.91155],
          [75.13939, 32.91152],
          [75.13941, 32.91148],
          [75.13942, 32.91145],
          [75.13943, 32.91142],
          [75.13944, 32.9114],
          [75.13945, 32.91137],
          [75.13946, 32.91135],
          [75.13947, 32.91133],
          [75.13948, 32.91131],
          [75.13949, 32.9113],
          [75.13949, 32.91128],
          [75.13949, 32.91128],
          [75.1395, 32.91127],
          [75.1395, 32.91127],
          [75.1395, 32.91127],
          [75.1395, 32.91126],
          [75.1395, 32.91126],
          [75.13951, 32.91125],
          [75.13951, 32.91124],
          [75.13952, 32.91123],
          [75.13953, 32.91122],
          [75.13954, 32.9112],
          [75.13955, 32.91119],
          [75.13956, 32.91117],
          [75.13958, 32.91115],
          [75.13959, 32.91113],
          [75.1396, 32.91111],
          [75.13962, 32.91109],
          [75.13963, 32.91106],
          [75.13965, 32.91104],
          [75.13967, 32.91101],
          [75.13968, 32.91099],
          [75.1397, 32.91096],
          [75.13972, 32.91093],
          [75.13974, 32.9109],
          [75.13976, 32.91088],
          [75.13977, 32.91085],
          [75.13979, 32.91082],
          [75.13981, 32.91079],
          [75.13983, 32.91076],
          [75.13985, 32.91073],
          [75.13987, 32.91071],
          [75.13989, 32.91068],
          [75.1399, 32.91065],
          [75.13992, 32.91062],
          [75.13994, 32.9106],
          [75.13996, 32.91057],
          [75.13997, 32.91054],
          [75.13999, 32.91052],
          [75.14001, 32.9105],
          [75.14002, 32.91047],
          [75.14003, 32.91045],
          [75.14005, 32.91043],
          [75.14006, 32.91041],
          [75.14007, 32.91039],
          [75.14008, 32.91038],
          [75.14009, 32.91036],
          [75.1401, 32.91035],
          [75.14011, 32.91034],
          [75.14011, 32.91033],
          [75.14012, 32.91032],
          [75.14012, 32.91032],
          [75.14012, 32.91031],
          [75.14013, 32.91031],
          [75.14013, 32.91031],
          [75.13902, 32.91074],
          [75.13857, 32.91091],
          [75.13597, 32.91184],
          [75.13597, 32.91184],
          [75.13597, 32.91184],
          [75.13596, 32.91184],
          [75.13595, 32.91184],
          [75.13594, 32.91185],
          [75.134, 32.91238],
          [75.134, 32.91238],
          [75.13401, 32.91237],
          [75.13401, 32.91237],
          [75.13402, 32.91236],
          [75.13401, 32.91236],
          [75.134, 32.91237],
          [75.13399, 32.91237],
          [75.13481, 32.91168],
          [75.13482, 32.91167],
          [75.13482, 32.91167],
          [75.13483, 32.91167],
          [75.13483, 32.91166],
          [75.13501, 32.9112],
          [75.13529, 32.91052],
          [75.13495, 32.90902],
          [75.13446, 32.90787],
          [75.13481, 32.90711],
          [75.13618, 32.90482],
          [75.13732, 32.90504],
          [75.13732, 32.90504],
          [75.13819, 32.90515],
          [75.13835, 32.90518],
          [75.13856, 32.9052],
          [75.13947, 32.9052],
          [75.13954, 32.9052],
          [75.13976, 32.9051],
          [75.14022, 32.90486],
          [75.14066, 32.90467],
          [75.14095, 32.90454],
          [75.14166, 32.90451],
          [75.14189, 32.90513],
          [75.14211, 32.90576],
          [75.14192, 32.90687],
          [75.14203, 32.90811],
          [75.14228, 32.90851],
          [75.1423, 32.90855],
          [75.14232, 32.90858],
          [75.14234, 32.90861],
          [75.14236, 32.90864],
          [75.14238, 32.90867],
          [75.14241, 32.9087],
          [75.1427, 32.90916],
          [75.14271, 32.90917],
          [75.14271, 32.90917],
          [75.14272, 32.90917],
          [75.14273, 32.90917],
          [75.14275, 32.90917],
          [75.14276, 32.90917],
          [75.14278, 32.90917],
          [75.14279, 32.90917],
          [75.14281, 32.90917],
          [75.14283, 32.90917],
          [75.14286, 32.90918],
          [75.14288, 32.90918],
          [75.14291, 32.90918],
          [75.14293, 32.90918],
          [75.14296, 32.90918],
          [75.14299, 32.90918],
          [75.14302, 32.90919],
          [75.14305, 32.90919],
          [75.14308, 32.90919],
          [75.14311, 32.90919],
          [75.14314, 32.90919],
          [75.14317, 32.9092],
          [75.1432, 32.9092],
          [75.14323, 32.9092],
          [75.14326, 32.9092],
          [75.1433, 32.90921],
          [75.14333, 32.90921],
          [75.14336, 32.90921],
          [75.14339, 32.90921],
          [75.14342, 32.90921],
          [75.14345, 32.90922],
          [75.14348, 32.90922],
          [75.14351, 32.90922],
          [75.14353, 32.90922],
          [75.14376, 32.90924],
          [75.14535, 32.90832],
          [75.1469, 32.90771],
          [75.14762, 32.90765],
          [75.14822, 32.90737],
          [75.14894, 32.90704],
          [75.15042, 32.90694],
          [75.15102, 32.9069],
          [75.15225, 32.9075],
          [75.15252, 32.90748],
          [75.15339, 32.90743],
          [75.15336, 32.9065],
          [75.15336, 32.90637],
          [75.15336, 32.90626],
          [75.15336, 32.90626],
          [75.15336, 32.90626],
          [75.15336, 32.90626],
          [75.15336, 32.90625],
          [75.15336, 32.90625],
          [75.15336, 32.90624],
          [75.15336, 32.90624],
          [75.15336, 32.90623],
          [75.15336, 32.90622],
          [75.15336, 32.90621],
          [75.15336, 32.9062],
          [75.15336, 32.90619],
          [75.15336, 32.90618],
          [75.15336, 32.90617],
          [75.15336, 32.90615],
          [75.15336, 32.90614],
          [75.15336, 32.90613],
          [75.15336, 32.90611],
          [75.15336, 32.9061],
          [75.15336, 32.90608],
          [75.15336, 32.90607],
          [75.15336, 32.90605],
          [75.15336, 32.90604],
          [75.15336, 32.90602],
          [75.15335, 32.90575],
          [75.15335, 32.90575],
          [75.15335, 32.90574],
          [75.15335, 32.90574],
          [75.15335, 32.90573],
          [75.15335, 32.90573],
          [75.15335, 32.90572],
          [75.15335, 32.90571],
          [75.15335, 32.90569],
          [75.15335, 32.90568],
          [75.15335, 32.90567],
          [75.15335, 32.90566],
          [75.15335, 32.90564],
          [75.15335, 32.90562],
          [75.15335, 32.90561],
          [75.15335, 32.90559],
          [75.15335, 32.90557],
          [75.15335, 32.90556],
          [75.15335, 32.90554],
          [75.15335, 32.90552],
          [75.15335, 32.9055],
          [75.15335, 32.90548],
          [75.15335, 32.90546],
          [75.15335, 32.90544],
          [75.15335, 32.90542],
          [75.15335, 32.9054],
          [75.15335, 32.90538],
          [75.15335, 32.90536],
          [75.15335, 32.90534],
          [75.15335, 32.90532],
          [75.15335, 32.9053],
          [75.15335, 32.90528],
          [75.15335, 32.90527],
          [75.15335, 32.90525],
          [75.15335, 32.90523],
          [75.15335, 32.90522],
          [75.15335, 32.9052],
          [75.15335, 32.90519],
          [75.15335, 32.90517],
          [75.15334, 32.90516],
          [75.15334, 32.90515],
          [75.15334, 32.90513],
          [75.15334, 32.90512],
          [75.15334, 32.90512],
          [75.15334, 32.90511],
          [75.15334, 32.9051],
          [75.15334, 32.9051],
          [75.15334, 32.90509],
          [75.15334, 32.90509],
          [75.15334, 32.90509],
          [75.15334, 32.90509],
          [75.15334, 32.90508],
          [75.15334, 32.90508],
          [75.15334, 32.90508],
          [75.15334, 32.90507],
          [75.15334, 32.90506],
          [75.15334, 32.90506],
          [75.15334, 32.90505],
          [75.15334, 32.90504],
          [75.15334, 32.90503],
          [75.15334, 32.90502],
          [75.15334, 32.90501],
          [75.15334, 32.905],
          [75.15334, 32.90498],
          [75.15334, 32.90497],
          [75.15334, 32.90496],
          [75.15334, 32.90495],
          [75.15334, 32.90493],
          [75.15334, 32.90492],
          [75.15334, 32.9049],
          [75.15334, 32.90489],
          [75.15334, 32.90487],
          [75.15334, 32.90486],
          [75.15334, 32.90485],
          [75.15334, 32.90483],
          [75.15334, 32.90482],
          [75.15334, 32.9048],
          [75.15334, 32.90479],
          [75.15334, 32.9046],
          [75.15335, 32.90396],
          [75.15335, 32.90343],
          [75.15335, 32.90275],
          [75.15335, 32.90248],
          [75.15336, 32.90158],
          [75.15372, 32.90159],
          [75.15627, 32.9018],
          [75.16122, 32.90239],
          [75.16568, 32.90274],
          [75.16633, 32.90308],
          [75.16805, 32.90399],
          [75.16689, 32.90577],
          [75.16604, 32.90897],
          [75.16571, 32.91024],
          [75.1656, 32.91092],
          [75.16543, 32.91207],
          [75.16516, 32.9139],
          [75.165, 32.91577],
          [75.16489, 32.91692],
          [75.16483, 32.91764],
          [75.16475, 32.91814],
          [75.16694, 32.9192],
          [75.16695, 32.9192],
          [75.16697, 32.91921],
          [75.16699, 32.91922],
          [75.16701, 32.91923],
          [75.16704, 32.91925],
          [75.16708, 32.91926],
          [75.16712, 32.91928],
          [75.16717, 32.9193],
          [75.16722, 32.91932],
          [75.16727, 32.91935],
          [75.16733, 32.91937],
          [75.16739, 32.9194],
          [75.16745, 32.91943],
          [75.16745, 32.91943],
          [75.16752, 32.91946],
          [75.16752, 32.91946],
          [75.16759, 32.91949],
          [75.16759, 32.91949],
          [75.16766, 32.91952],
          [75.16766, 32.91952],
          [75.16773, 32.91956],
          [75.16773, 32.91956],
          [75.16781, 32.91959],
          [75.16789, 32.91962],
          [75.16796, 32.91966],
          [75.16804, 32.9197],
          [75.16812, 32.91973],
          [75.1682, 32.91977],
          [75.16828, 32.9198],
          [75.16837, 32.91984],
          [75.16845, 32.91988],
          [75.16853, 32.91991],
          [75.1686, 32.91995],
          [75.16868, 32.91998],
          [75.16876, 32.92002],
          [75.16884, 32.92005],
          [75.16891, 32.92008],
          [75.16898, 32.92012],
          [75.16905, 32.92015],
          [75.16912, 32.92018],
          [75.16918, 32.92021],
          [75.16924, 32.92023],
          [75.1693, 32.92026],
          [75.16935, 32.92028],
          [75.1694, 32.92031],
          [75.16945, 32.92033],
          [75.16949, 32.92034],
          [75.16953, 32.92036],
          [75.16956, 32.92038],
          [75.16958, 32.92039],
          [75.16961, 32.9204],
          [75.16962, 32.9204],
          [75.16963, 32.92041],
          [75.16964, 32.92041],
          [75.16964, 32.92041],
          [75.16965, 32.92041],
          [75.16967, 32.92041],
          [75.16968, 32.92041],
          [75.1697, 32.92042],
          [75.16972, 32.92042],
          [75.16974, 32.92042],
          [75.16976, 32.92042],
          [75.16979, 32.92043],
          [75.16981, 32.92043],
          [75.16984, 32.92043],
          [75.16987, 32.92044],
          [75.1699, 32.92044],
          [75.16992, 32.92044],
          [75.16994, 32.92045],
          [75.16997, 32.92045],
          [75.17, 32.92045],
          [75.17004, 32.92046],
          [75.17007, 32.92046],
          [75.17011, 32.92047],
          [75.17015, 32.92047],
          [75.17018, 32.92047],
          [75.17022, 32.92048],
          [75.17026, 32.92048],
          [75.1703, 32.92049],
          [75.17033, 32.92049],
          [75.17037, 32.9205],
          [75.17041, 32.9205],
          [75.17045, 32.92051],
          [75.17048, 32.92051],
          [75.17052, 32.92051],
          [75.17055, 32.92052],
          [75.17058, 32.92052],
          [75.17062, 32.92053],
          [75.17065, 32.92053],
          [75.17068, 32.92053],
          [75.17071, 32.92054],
          [75.17073, 32.92054],
          [75.17076, 32.92054],
          [75.17078, 32.92054],
          [75.1708, 32.92055],
          [75.17082, 32.92055],
          [75.17084, 32.92055],
          [75.17085, 32.92055],
          [75.17087, 32.92055],
          [75.17088, 32.92056],
          [75.17089, 32.92056],
          [75.17089, 32.92056],
          [75.17089, 32.92056],
          [75.17089, 32.92056],
          [75.1709, 32.92055],
          [75.1709, 32.92055],
          [75.17091, 32.92054],
          [75.17092, 32.92053],
          [75.17093, 32.92052],
          [75.17094, 32.92051],
          [75.17096, 32.9205],
          [75.17097, 32.92048],
          [75.17099, 32.92047],
          [75.17101, 32.92045],
          [75.17103, 32.92043],
          [75.17105, 32.92041],
          [75.17107, 32.92039],
          [75.1711, 32.92037],
          [75.17112, 32.92035],
          [75.17115, 32.92033],
          [75.17117, 32.9203],
          [75.1712, 32.92028],
          [75.17123, 32.92026],
          [75.17125, 32.92023],
          [75.17128, 32.92021],
          [75.17131, 32.92018],
          [75.17134, 32.92016],
          [75.17137, 32.92013],
          [75.1714, 32.9201],
          [75.17142, 32.92008],
          [75.17145, 32.92005],
          [75.17148, 32.92003],
          [75.17151, 32.92],
          [75.17154, 32.91998],
          [75.17156, 32.91996],
          [75.17159, 32.91993],
          [75.17161, 32.91991],
          [75.17164, 32.91989],
          [75.17166, 32.91987],
          [75.17169, 32.91985],
          [75.17171, 32.91983],
          [75.17173, 32.91981],
          [75.17175, 32.91979],
          [75.17177, 32.91978],
          [75.17178, 32.91976],
          [75.1718, 32.91975],
          [75.17181, 32.91974],
          [75.17182, 32.91973],
          [75.17183, 32.91972],
          [75.17184, 32.91971],
          [75.17185, 32.91971],
          [75.17185, 32.9197],
          [75.17185, 32.9197],
          [75.17185, 32.9197],
          [75.17186, 32.9197],
          [75.17187, 32.9197],
          [75.17188, 32.91971],
          [75.17189, 32.91971],
          [75.17191, 32.91971],
          [75.17192, 32.91971],
          [75.17194, 32.91972],
          [75.17197, 32.91972],
          [75.17199, 32.91973],
          [75.17202, 32.91973],
          [75.17205, 32.91974],
          [75.17208, 32.91974],
          [75.17211, 32.91975],
          [75.17215, 32.91976],
          [75.17218, 32.91976],
          [75.17222, 32.91977],
          [75.17226, 32.91978],
          [75.17229, 32.91978],
          [75.17233, 32.91979],
          [75.17237, 32.9198],
          [75.17241, 32.9198],
          [75.17245, 32.91981],
          [75.17249, 32.91982],
          [75.17254, 32.91983],
          [75.17258, 32.91983],
          [75.17262, 32.91984],
          [75.17266, 32.91985],
          [75.1727, 32.91986],
          [75.17273, 32.91986],
          [75.17274, 32.91986],
          [75.17278, 32.91987],
          [75.17282, 32.91988],
          [75.17285, 32.91988],
          [75.17289, 32.91989],
          [75.17292, 32.9199],
          [75.17296, 32.9199],
          [75.17299, 32.91991],
          [75.17302, 32.91992],
          [75.17305, 32.91992],
          [75.17308, 32.91993],
          [75.1731, 32.91993],
          [75.17313, 32.91994],
          [75.17315, 32.91994],
          [75.17317, 32.91994],
          [75.17318, 32.91995],
          [75.1732, 32.91995],
          [75.17321, 32.91995],
          [75.17322, 32.91995],
          [75.17322, 32.91995],
          [75.17322, 32.91995],
          [75.17322, 32.91995],
          [75.17323, 32.91996],
          [75.17323, 32.91996],
          [75.17324, 32.91996],
          [75.17324, 32.91997],
          [75.17325, 32.91998],
          [75.17326, 32.91999],
          [75.17327, 32.91999],
          [75.17328, 32.92001],
          [75.1733, 32.92002],
          [75.17331, 32.92003],
          [75.17333, 32.92004],
          [75.17334, 32.92005],
          [75.17336, 32.92007],
          [75.17338, 32.92008],
          [75.1734, 32.9201],
          [75.17341, 32.92011],
          [75.17343, 32.92013],
          [75.17345, 32.92015],
          [75.17347, 32.92016],
          [75.1735, 32.92018],
          [75.17352, 32.9202],
          [75.17354, 32.92022],
          [75.17356, 32.92024],
          [75.17358, 32.92025],
          [75.1736, 32.92027],
          [75.17362, 32.92029],
          [75.17365, 32.92031],
          [75.17367, 32.92033],
          [75.17369, 32.92034],
          [75.17371, 32.92036],
          [75.17373, 32.92038],
          [75.17375, 32.92039],
          [75.17377, 32.92041],
          [75.17379, 32.92042],
          [75.1738, 32.92044],
          [75.17382, 32.92045],
          [75.17384, 32.92047],
          [75.17385, 32.92048],
          [75.17387, 32.92049],
          [75.17388, 32.9205],
          [75.17389, 32.92051],
          [75.1739, 32.92052],
          [75.17391, 32.92053],
          [75.17392, 32.92054],
          [75.17393, 32.92054],
          [75.17394, 32.92055],
          [75.17394, 32.92055],
          [75.17394, 32.92055],
          [75.17395, 32.92055],
          [75.17397, 32.92054],
          [75.17399, 32.92054],
          [75.17401, 32.92053],
          [75.17403, 32.92052],
          [75.17406, 32.92051],
          [75.17409, 32.9205],
          [75.17412, 32.92049],
          [75.17416, 32.92048],
          [75.17419, 32.92047],
          [75.17423, 32.92045],
          [75.17427, 32.92044],
          [75.17432, 32.92042],
          [75.17436, 32.92041],
          [75.17441, 32.92039],
          [75.17445, 32.92038],
          [75.1745, 32.92036],
          [75.17455, 32.92034],
          [75.1746, 32.92032],
          [75.17465, 32.92031],
          [75.1747, 32.92029],
          [75.17476, 32.92027],
          [75.17481, 32.92025],
          [75.17486, 32.92023],
          [75.17491, 32.92022],
          [75.17496, 32.9202],
          [75.17501, 32.92018],
          [75.17506, 32.92016],
          [75.17511, 32.92015],
          [75.17516, 32.92013],
          [75.17516, 32.92013],
          [75.17521, 32.92011],
          [75.17526, 32.9201],
          [75.1753, 32.92008],
          [75.17534, 32.92007],
          [75.17538, 32.92005],
          [75.17542, 32.92004],
          [75.17546, 32.92002],
          [75.17549, 32.92001],
          [75.17553, 32.92],
          [75.17556, 32.91999],
          [75.17558, 32.91998],
          [75.17561, 32.91997],
          [75.17563, 32.91997],
          [75.17564, 32.91996],
          [75.17566, 32.91996],
          [75.17567, 32.91995],
          [75.17567, 32.91995],
          [75.17568, 32.91995],
          [75.17568, 32.91995],
          [75.17568, 32.91995],
          [75.17568, 32.91994],
          [75.17569, 32.91994],
          [75.17569, 32.91993],
          [75.1757, 32.91993],
          [75.17571, 32.91992],
          [75.17572, 32.91991],
          [75.17573, 32.91991],
          [75.17574, 32.9199],
          [75.17575, 32.91989],
          [75.17576, 32.91988],
          [75.17578, 32.91986],
          [75.17579, 32.91985],
          [75.17581, 32.91984],
          [75.17582, 32.91983],
          [75.17584, 32.91981],
          [75.17585, 32.9198],
          [75.17587, 32.91979],
          [75.17589, 32.91977],
          [75.1759, 32.91976],
          [75.17592, 32.91974],
          [75.17594, 32.91973],
          [75.17596, 32.91971],
          [75.17598, 32.9197],
          [75.17599, 32.91968],
          [75.17601, 32.91967],
          [75.17603, 32.91965],
          [75.17605, 32.91964],
          [75.17606, 32.91962],
          [75.17608, 32.91961],
          [75.1761, 32.91959],
          [75.17611, 32.91958],
          [75.17613, 32.91957],
          [75.17615, 32.91955],
          [75.17616, 32.91954],
          [75.17617, 32.91953],
          [75.17619, 32.91952],
          [75.1762, 32.91951],
          [75.17621, 32.9195],
          [75.17622, 32.91949],
          [75.17623, 32.91948],
          [75.17624, 32.91947],
          [75.17625, 32.91946],
          [75.17626, 32.91946],
          [75.17626, 32.91945],
          [75.17627, 32.91945],
          [75.17627, 32.91945],
          [75.17628, 32.91944],
          [75.17628, 32.91944],
          [75.17629, 32.91944],
          [75.1763, 32.91944],
          [75.17632, 32.91944],
          [75.17634, 32.91944],
          [75.17637, 32.91944],
          [75.1764, 32.91944],
          [75.17644, 32.91944],
          [75.17648, 32.91944],
          [75.17652, 32.91944],
          [75.17656, 32.91944],
          [75.17661, 32.91944],
          [75.17667, 32.91944],
          [75.17672, 32.91944],
          [75.17678, 32.91944],
          [75.17684, 32.91944],
          [75.1769, 32.91944],
          [75.17696, 32.91944],
          [75.17703, 32.91944],
          [75.1771, 32.91944],
          [75.17716, 32.91944],
          [75.17723, 32.91944],
          [75.1773, 32.91944],
          [75.1773, 32.91944],
          [75.17737, 32.91944],
          [75.17737, 32.91944],
          [75.17744, 32.91944],
          [75.17751, 32.91944],
          [75.17758, 32.91944],
          [75.17765, 32.91944],
          [75.17772, 32.91944],
          [75.17779, 32.91944],
          [75.17785, 32.91944],
          [75.17792, 32.91944],
          [75.17798, 32.91944],
          [75.17804, 32.91944],
          [75.1781, 32.91944],
          [75.17816, 32.91944],
          [75.17822, 32.91944],
          [75.17827, 32.91944],
          [75.17832, 32.91944],
          [75.17836, 32.91944],
          [75.17841, 32.91944],
          [75.17845, 32.91944],
          [75.17848, 32.91944],
          [75.17851, 32.91944],
          [75.17854, 32.91944],
          [75.17856, 32.91944],
          [75.17858, 32.91944],
          [75.1786, 32.91944],
          [75.17861, 32.91944],
          [75.17862, 32.91944],
          [75.17863, 32.91943],
          [75.17865, 32.91943],
          [75.17868, 32.91942],
          [75.17871, 32.91941],
          [75.17874, 32.91939],
          [75.17878, 32.91938],
          [75.17882, 32.91937],
          [75.17887, 32.91935],
          [75.17892, 32.91933],
          [75.17898, 32.91931],
          [75.17903, 32.91929],
          [75.17909, 32.91927],
          [75.17916, 32.91925],
          [75.17922, 32.91922],
          [75.17929, 32.9192],
          [75.17936, 32.91918],
          [75.17943, 32.91915],
          [75.17951, 32.91912],
          [75.17958, 32.9191],
          [75.17966, 32.91907],
          [75.17973, 32.91904],
          [75.17981, 32.91902],
          [75.17988, 32.91899],
          [75.17996, 32.91896],
          [75.18004, 32.91894],
          [75.18011, 32.91891],
          [75.18019, 32.91888],
          [75.18026, 32.91886],
          [75.18034, 32.91883],
          [75.18041, 32.91881],
          [75.18048, 32.91878],
          [75.18054, 32.91876],
          [75.18061, 32.91873],
          [75.18067, 32.91871],
          [75.18073, 32.91869],
          [75.18079, 32.91867],
          [75.18084, 32.91865],
          [75.1809, 32.91863],
          [75.18094, 32.91862],
          [75.18099, 32.9186],
          [75.18102, 32.91859],
          [75.18106, 32.91857],
          [75.18109, 32.91856],
          [75.18111, 32.91855],
          [75.18113, 32.91855],
          [75.18115, 32.91854],
          [75.18116, 32.91854],
          [75.18116, 32.91854],
          [75.18116, 32.91855],
          [75.18116, 32.91855],
          [75.18116, 32.91856],
          [75.18116, 32.91857],
          [75.18116, 32.91858],
          [75.18116, 32.9186],
          [75.18115, 32.91862],
          [75.18115, 32.91865],
          [75.18115, 32.91867],
          [75.18114, 32.9187],
          [75.18114, 32.91873],
          [75.18114, 32.91877],
          [75.18113, 32.9188],
          [75.18113, 32.91884],
          [75.18112, 32.91888],
          [75.18111, 32.91892],
          [75.18111, 32.91896],
          [75.1811, 32.919],
          [75.1811, 32.91905],
          [75.18109, 32.91909],
          [75.18108, 32.91914],
          [75.18108, 32.91918],
          [75.18107, 32.91923],
          [75.18106, 32.91927],
          [75.18106, 32.91932],
          [75.18105, 32.91937],
          [75.18104, 32.91941],
          [75.18104, 32.91946],
          [75.18103, 32.91951],
          [75.18102, 32.91955],
          [75.18102, 32.91959],
          [75.18101, 32.91964],
          [75.181, 32.91968],
          [75.181, 32.91972],
          [75.18099, 32.91976],
          [75.18099, 32.9198],
          [75.18098, 32.91984],
          [75.18098, 32.91986],
          [75.18097, 32.91987],
          [75.18097, 32.91991],
          [75.18096, 32.91994],
          [75.18096, 32.91997],
          [75.18096, 32.91999],
          [75.18095, 32.92002],
          [75.18095, 32.92004],
          [75.18095, 32.92005],
          [75.18094, 32.92007],
          [75.18094, 32.92008],
          [75.18094, 32.92009],
          [75.18094, 32.9201],
          [75.18094, 32.9201],
          [75.18093, 32.92011],
          [75.18093, 32.92011],
          [75.18092, 32.92012],
          [75.18092, 32.92014],
          [75.18091, 32.92015],
          [75.1809, 32.92017],
          [75.18089, 32.92018],
          [75.18088, 32.9202],
          [75.18087, 32.92022],
          [75.18085, 32.92024],
          [75.18084, 32.92027],
          [75.18083, 32.92029],
          [75.18081, 32.92032],
          [75.1808, 32.92034],
          [75.18078, 32.92037],
          [75.18076, 32.9204],
          [75.18076, 32.92041],
          [75.18075, 32.92042],
          [75.18073, 32.92045],
          [75.18071, 32.92048],
          [75.1807, 32.92051],
          [75.18068, 32.92054],
          [75.18066, 32.92057],
          [75.18064, 32.9206],
          [75.18062, 32.92063],
          [75.18061, 32.92066],
          [75.18059, 32.92069],
          [75.18057, 32.92072],
          [75.18055, 32.92075],
          [75.18054, 32.92078],
          [75.18052, 32.92081],
          [75.1805, 32.92084],
          [75.18049, 32.92086],
          [75.18047, 32.92089],
          [75.18046, 32.92091],
          [75.18044, 32.92094],
          [75.18043, 32.92096],
          [75.18042, 32.92098],
          [75.1804, 32.921],
          [75.18039, 32.92102],
          [75.18038, 32.92104],
          [75.18037, 32.92105],
          [75.18036, 32.92107],
          [75.18036, 32.92108],
          [75.18035, 32.92109],
          [75.18035, 32.9211],
          [75.18034, 32.9211],
          [75.18034, 32.92111],
          [75.18034, 32.92111],
          [75.18033, 32.92111],
          [75.18031, 32.92111],
          [75.1803, 32.92112],
          [75.18028, 32.92112],
          [75.18026, 32.92113],
          [75.18023, 32.92113],
          [75.1802, 32.92114],
          [75.18018, 32.92115],
          [75.18014, 32.92116],
          [75.18011, 32.92117],
          [75.18007, 32.92117],
          [75.18003, 32.92118],
          [75.17999, 32.92119],
          [75.17995, 32.92121],
          [75.17991, 32.92122],
          [75.17987, 32.92123],
          [75.17982, 32.92124],
          [75.17977, 32.92125],
          [75.17973, 32.92126],
          [75.17968, 32.92127],
          [75.17963, 32.92129],
          [75.17958, 32.9213],
          [75.17954, 32.92131],
          [75.17949, 32.92132],
          [75.17944, 32.92133],
          [75.17939, 32.92135],
          [75.17934, 32.92136],
          [75.1793, 32.92137],
          [75.17925, 32.92138],
          [75.17921, 32.92139],
          [75.17916, 32.9214],
          [75.17912, 32.92141],
          [75.17908, 32.92143],
          [75.17904, 32.92144],
          [75.179, 32.92144],
          [75.17897, 32.92145],
          [75.17893, 32.92146],
          [75.1789, 32.92147],
          [75.17887, 32.92148],
          [75.17884, 32.92148],
          [75.17882, 32.92149],
          [75.1788, 32.9215],
          [75.17878, 32.9215],
          [75.17876, 32.9215],
          [75.17875, 32.92151],
          [75.17874, 32.92151],
          [75.17873, 32.92151],
          [75.17873, 32.92151],
          [75.17873, 32.92152],
          [75.17873, 32.92152],
          [75.17873, 32.92152],
          [75.17872, 32.92152],
          [75.17872, 32.92153],
          [75.17871, 32.92154],
          [75.17871, 32.92155],
          [75.1787, 32.92156],
          [75.17869, 32.92158],
          [75.17868, 32.92159],
          [75.17866, 32.92161],
          [75.17865, 32.92163],
          [75.17864, 32.92165],
          [75.17862, 32.92168],
          [75.17861, 32.9217],
          [75.17859, 32.92173],
          [75.17857, 32.92176],
          [75.17855, 32.92178],
          [75.17853, 32.92181],
          [75.17851, 32.92184],
          [75.17849, 32.92187],
          [75.17847, 32.92191],
          [75.17845, 32.92194],
          [75.17843, 32.92197],
          [75.17841, 32.922],
          [75.17839, 32.92204],
          [75.17837, 32.92207],
          [75.17835, 32.9221],
          [75.17833, 32.92214],
          [75.1783, 32.92217],
          [75.17828, 32.9222],
          [75.17826, 32.92223],
          [75.17824, 32.92227],
          [75.17822, 32.9223],
          [75.1782, 32.92233],
          [75.17818, 32.92236],
          [75.17817, 32.92239],
          [75.17815, 32.92241],
          [75.17813, 32.92244],
          [75.17811, 32.92246],
          [75.1781, 32.92249],
          [75.17809, 32.92251],
          [75.17807, 32.92253],
          [75.17806, 32.92255],
          [75.17805, 32.92257],
          [75.17804, 32.92258],
          [75.17803, 32.92259],
          [75.17802, 32.92261],
          [75.17802, 32.92261],
          [75.17801, 32.92262],
          [75.17801, 32.92262],
          [75.17801, 32.92263],
          [75.17801, 32.92263],
          [75.178, 32.92263],
          [75.178, 32.92264],
          [75.17799, 32.92264],
          [75.17799, 32.92265],
          [75.17798, 32.92265],
          [75.17797, 32.92266],
          [75.17796, 32.92267],
          [75.17795, 32.92267],
          [75.17794, 32.92268],
          [75.17793, 32.92269],
          [75.17792, 32.9227],
          [75.17791, 32.92271],
          [75.1779, 32.92272],
          [75.17788, 32.92273],
          [75.17787, 32.92274],
          [75.17786, 32.92276],
          [75.17784, 32.92277],
          [75.17783, 32.92278],
          [75.17781, 32.92279],
          [75.1778, 32.9228],
          [75.17779, 32.92281],
          [75.17779, 32.92282],
          [75.17777, 32.92283],
          [75.17777, 32.92283],
          [75.17776, 32.92284],
          [75.17774, 32.92285],
          [75.17773, 32.92286],
          [75.17771, 32.92288],
          [75.1777, 32.92289],
          [75.17769, 32.9229],
          [75.17767, 32.92291],
          [75.17766, 32.92292],
          [75.17765, 32.92293],
          [75.17764, 32.92294],
          [75.17762, 32.92295],
          [75.17761, 32.92296],
          [75.1776, 32.92297],
          [75.17759, 32.92298],
          [75.17758, 32.92299],
          [75.17757, 32.92299],
          [75.17757, 32.923],
          [75.17756, 32.92301],
          [75.17755, 32.92301],
          [75.17755, 32.92302],
          [75.17754, 32.92302],
          [75.17754, 32.92303],
          [75.17753, 32.92303],
          [75.17753, 32.92303],
          [75.17753, 32.92303],
          [75.17752, 32.92303],
          [75.17752, 32.92304],
          [75.17751, 32.92304],
          [75.1775, 32.92305],
          [75.17748, 32.92306],
          [75.17747, 32.92306],
          [75.17745, 32.92307],
          [75.17744, 32.92308],
          [75.17742, 32.92309],
          [75.1774, 32.92311],
          [75.17738, 32.92312],
          [75.17736, 32.92313],
          [75.17733, 32.92314],
          [75.17731, 32.92316],
          [75.17728, 32.92317],
          [75.17726, 32.92318],
          [75.17723, 32.9232],
          [75.17721, 32.92321],
          [75.17718, 32.92323],
          [75.17715, 32.92324],
          [75.17712, 32.92326],
          [75.1771, 32.92328],
          [75.17707, 32.92329],
          [75.17704, 32.92331],
          [75.17701, 32.92332],
          [75.17699, 32.92334],
          [75.17696, 32.92335],
          [75.17693, 32.92337],
          [75.17691, 32.92338],
          [75.17688, 32.9234],
          [75.17685, 32.92341],
          [75.17683, 32.92343],
          [75.17681, 32.92344],
          [75.17678, 32.92345],
          [75.17676, 32.92346],
          [75.17674, 32.92348],
          [75.17672, 32.92349],
          [75.1767, 32.9235],
          [75.17668, 32.92351],
          [75.17667, 32.92352],
          [75.17666, 32.92352],
          [75.17664, 32.92353],
          [75.17663, 32.92354],
          [75.17662, 32.92354],
          [75.17662, 32.92355],
          [75.17661, 32.92355],
          [75.17661, 32.92355],
          [75.17661, 32.92355],
          [75.1766, 32.92355],
          [75.17657, 32.92354],
          [75.17483, 32.92365],
          [75.17419, 32.92369],
          [75.17363, 32.92361],
          [75.17266, 32.92345],
          [75.17109, 32.92359],
          [75.16999, 32.92369],
          [75.16948, 32.92412],
          [75.16922, 32.92434],
          [75.16922, 32.92434],
          [75.16903, 32.92435],
          [75.16724, 32.92449],
          [75.16741, 32.92499],
          [75.16755, 32.92542],
          [75.16755, 32.92603],
          [75.16755, 32.92663],
          [75.16755, 32.92671],
          [75.16745, 32.928],
          [75.16708, 32.92887],
          [75.16698, 32.92912],
          [75.16677, 32.9295],
          [75.1664, 32.93017],
          [75.16564, 32.9316],
          [75.1655, 32.93187],
          [75.16557, 32.93192],
          [75.16571, 32.93201],
          [75.16585, 32.93206],
          [75.1664, 32.93224],
          [75.16714, 32.93248],
          [75.16723, 32.93251],
          [75.16807, 32.93252],
          [75.16845, 32.93252],
          [75.16862, 32.93243],
          [75.16921, 32.9321],
          [75.16972, 32.93161],
          [75.16993, 32.93082],
          [75.17052, 32.93013],
          [75.17145, 32.92982],
          [75.17213, 32.92985],
          [75.17286, 32.92989],
          [75.17333, 32.93006],
          [75.17375, 32.93022],
          [75.17458, 32.92995],
          [75.17538, 32.92923],
          [75.17647, 32.92819],
          [75.17762, 32.92774],
          [75.17877, 32.92775],
          [75.17985, 32.92818],
          [75.17985, 32.92818],
          [75.18067, 32.9286],
          [75.18212, 32.92857],
          [75.18246, 32.92846],
          [75.18356, 32.9281],
          [75.18386, 32.92806],
          [75.18453, 32.92798],
          [75.18511, 32.92798],
          [75.18529, 32.92871],
          [75.18546, 32.9291],
          [75.18546, 32.9291],
          [75.18596, 32.92926],
          [75.18596, 32.92926],
          [75.18786, 32.928],
          [75.18954, 32.92663],
          [75.18954, 32.92663],
          [75.1871, 32.92476],
          [75.18698, 32.92467],
          [75.1868, 32.92453],
          [75.18582, 32.92341],
          [75.18542, 32.92295],
          [75.18542, 32.92288],
          [75.18525, 32.92279],
          [75.1841, 32.92166],
          [75.18307, 32.92094],
          [75.18247, 32.92055],
          [75.18263, 32.9199],
          [75.18332, 32.91919],
          [75.18364, 32.91855],
          [75.18415, 32.91783],
          [75.18511, 32.9167],
          [75.18583, 32.91569],
          [75.18624, 32.91515],
          [75.18626, 32.91445],
          [75.18602, 32.91406],
          [75.18569, 32.91318],
          [75.18567, 32.91231],
          [75.18578, 32.91163],
          [75.18619, 32.91097],
          [75.18674, 32.91065],
          [75.18834, 32.91011],
          [75.18971, 32.9097],
          [75.19128, 32.90887],
          [75.19154, 32.90874],
          [75.19213, 32.90846],
          [75.19338, 32.90786],
          [75.19469, 32.90686],
          [75.19461, 32.90591],
          [75.19157, 32.90141],
          [75.19124, 32.89991],
          [75.18986, 32.89627],
          [75.18907, 32.89486],
          [75.18905, 32.89422],
          [75.18916, 32.89336],
          [75.18938, 32.89218],
          [75.18971, 32.89108],
          [75.1898, 32.89036],
          [75.19027, 32.88951],
          [75.19055, 32.88856],
          [75.19058, 32.88757],
          [75.19055, 32.8865],
          [75.19133, 32.88422],
          [75.19155, 32.88269],
          [75.19125, 32.88186],
          [75.18994, 32.88121],
          [75.18989, 32.88105],
          [75.19041, 32.88003],
          [75.19077, 32.87937],
          [75.19083, 32.87875],
          [75.18966, 32.87733],
          [75.18896, 32.8764],
          [75.18844, 32.8755],
          [75.18789, 32.8749],
          [75.1874, 32.87462],
          [75.18639, 32.8742],
          [75.18557, 32.87395],
          [75.18492, 32.87394],
          [75.18361, 32.87426],
          [75.18288, 32.87425],
          [75.18212, 32.87342],
          [75.18187, 32.87296],
          [75.18117, 32.87184],
          [75.18005, 32.87108],
          [75.17899, 32.87027],
          [75.17839, 32.86976],
          [75.17828, 32.86937],
          [75.1785, 32.86835],
          [75.17872, 32.86719],
          [75.17878, 32.86634],
          [75.17947, 32.86579],
          [75.18027, 32.8651],
          [75.18106, 32.86457],
          [75.18122, 32.86429],
          [75.18136, 32.86378],
          [75.18235, 32.86311],
          [75.18315, 32.86303],
          [75.18388, 32.86297],
          [75.18574, 32.86318],
          [75.18704, 32.86347],
          [75.18941, 32.86409],
          [75.19042, 32.86469],
          [75.19249, 32.86545],
          [75.19378, 32.86592],
          [75.19509, 32.86613],
          [75.19638, 32.86643],
          [75.19807, 32.86683],
          [75.20086, 32.86748],
          [75.20277, 32.86799],
          [75.20416, 32.86818],
          [75.20544, 32.86837],
          [75.20667, 32.86862],
          [75.20709, 32.86857],
          [75.2081, 32.86754],
          [75.20901, 32.86645],
          [75.20966, 32.86575],
          [75.20957, 32.86561],
          [75.20896, 32.86487],
          [75.2087, 32.86411],
          [75.20869, 32.86383],
          [75.20872, 32.86326],
          [75.20865, 32.86267],
          [75.2084, 32.86209],
          [75.20837, 32.86191],
          [75.20844, 32.8617],
          [75.20844, 32.86158],
          [75.20905, 32.86145],
          [75.20962, 32.86125],
          [75.21008, 32.86076],
          [75.21066, 32.86047],
          [75.2113, 32.86016],
          [75.21189, 32.85992],
          [75.21254, 32.85957],
          [75.21311, 32.8593],
          [75.21254, 32.85877],
          [75.21214, 32.85839],
          [75.21175, 32.8579],
          [75.21157, 32.85767],
          [75.2112, 32.85727],
          [75.21081, 32.85679],
          [75.21052, 32.85638],
          [75.20981, 32.85552],
          [75.20939, 32.85512],
          [75.20907, 32.85461],
          [75.20896, 32.85421],
          [75.20888, 32.85383],
          [75.20878, 32.85313],
          [75.20869, 32.85242],
          [75.20872, 32.85156],
          [75.20887, 32.85105],
          [75.20901, 32.85079],
          [75.20946, 32.85024],
          [75.20987, 32.84978],
          [75.21008, 32.84948],
          [75.21029, 32.84909],
          [75.21051, 32.84871],
          [75.21058, 32.84844],
          [75.2105, 32.84776],
          [75.21033, 32.84718],
          [75.21007, 32.8465],
          [75.20982, 32.84603],
          [75.20958, 32.84567],
          [75.209, 32.84472],
          [75.20873, 32.84396],
          [75.20868, 32.84347],
          [75.20866, 32.84294],
          [75.20864, 32.84235],
          [75.20854, 32.8418],
          [75.20836, 32.84144],
          [75.20783, 32.84084],
          [75.20737, 32.84045],
          [75.20683, 32.84018],
          [75.20635, 32.83976],
          [75.20586, 32.83934],
          [75.2055, 32.83887],
          [75.20528, 32.83828],
          [75.20524, 32.83765],
          [75.20522, 32.83701],
          [75.20507, 32.83644],
          [75.20474, 32.83592],
          [75.20422, 32.83545],
          [75.20348, 32.83487],
          [75.20307, 32.83451],
          [75.20294, 32.83395],
          [75.20284, 32.83362],
          [75.20259, 32.83307],
          [75.20256, 32.83274],
          [75.20259, 32.83237],
          [75.20254, 32.83205],
          [75.20228, 32.83176],
          [75.20193, 32.8315],
          [75.20145, 32.8311],
          [75.20063, 32.83073],
          [75.20023, 32.83039],
          [75.19978, 32.82997],
          [75.19917, 32.82951],
          [75.19906, 32.82933],
          [75.19892, 32.82886],
          [75.19901, 32.82837],
          [75.19914, 32.82798],
          [75.19962, 32.82739],
          [75.20023, 32.82694],
          [75.20063, 32.82661],
          [75.20087, 32.82604],
          [75.20101, 32.82539],
          [75.20087, 32.82485],
          [75.2006, 32.82428],
          [75.20035, 32.82383],
          [75.2001, 32.82321],
          [75.19983, 32.82262],
          [75.19952, 32.82208],
          [75.19921, 32.82162],
          [75.19868, 32.821],
          [75.19829, 32.82062],
          [75.1979, 32.82037],
          [75.19718, 32.81992],
          [75.19672, 32.81965],
          [75.19557, 32.81908],
          [75.19513, 32.81888],
          [75.1947, 32.81868],
          [75.19394, 32.81848],
          [75.19341, 32.81841],
          [75.19271, 32.81832],
          [75.19175, 32.81838],
          [75.18998, 32.8185],
          [75.18931, 32.8186],
          [75.1884, 32.81873],
          [75.18756, 32.81892],
          [75.18684, 32.81907],
          [75.18599, 32.8193],
          [75.1854, 32.81944],
          [75.18529, 32.81946],
          [75.18492, 32.81949],
          [75.18462, 32.81952],
          [75.18448, 32.81953],
          [75.18402, 32.81956],
          [75.18359, 32.81953],
          [75.18287, 32.81922],
          [75.18236, 32.81887],
          [75.18185, 32.81829],
          [75.18151, 32.81783],
          [75.18126, 32.81751],
          [75.18112, 32.81703],
          [75.18095, 32.8164],
          [75.18088, 32.81578],
          [75.18089, 32.81497],
          [75.18087, 32.81445],
          [75.18094, 32.81385],
          [75.18098, 32.81318],
          [75.18106, 32.81258],
          [75.18103, 32.81198],
          [75.18097, 32.81141],
          [75.18094, 32.81074],
          [75.18089, 32.81056],
          [75.18061, 32.81016],
          [75.1804, 32.81002],
          [75.17996, 32.80986],
          [75.17918, 32.80972],
          [75.1785, 32.80953],
          [75.17759, 32.80938],
          [75.17686, 32.8092],
          [75.17612, 32.80916],
          [75.17554, 32.809],
          [75.17481, 32.80882],
          [75.17393, 32.80858],
          [75.17304, 32.80851],
          [75.17231, 32.80846],
          [75.17119, 32.80839],
          [75.16986, 32.80841],
          [75.1692, 32.80847],
          [75.16789, 32.80854],
          [75.1671, 32.80864],
          [75.16633, 32.80876],
          [75.16562, 32.80882],
          [75.16481, 32.80879],
          [75.16421, 32.80866],
          [75.16373, 32.80849],
          [75.16329, 32.80835],
          [75.16287, 32.80816],
          [75.16236, 32.80767],
          [75.16209, 32.80748],
          [75.16174, 32.80722],
          [75.16145, 32.80703],
          [75.16107, 32.8068],
          [75.16068, 32.80667],
          [75.16013, 32.80636],
          [75.15957, 32.80596],
          [75.15904, 32.80566],
          [75.1584, 32.80538],
          [75.15771, 32.80499],
          [75.1573, 32.80467],
          [75.15696, 32.80433],
          [75.15683, 32.80379],
          [75.15677, 32.8033],
          [75.15667, 32.80277],
          [75.15642, 32.80216],
          [75.15635, 32.80173],
          [75.15627, 32.80135],
          [75.15681, 32.80138],
          [75.15797, 32.80138],
          [75.15951, 32.80143],
          [75.16067, 32.80109],
          [75.16229, 32.80113],
          [75.16229, 32.80113],
          [75.16358, 32.80117],
          [75.16393, 32.80118],
          [75.16489, 32.8012],
          [75.1661, 32.80159],
          [75.16792, 32.80183],
          [75.16981, 32.80209],
          [75.17156, 32.80207],
          [75.17271, 32.80206],
          [75.17367, 32.80205],
          [75.17384, 32.80205],
          [75.17418, 32.80201],
          [75.17497, 32.80192],
          [75.17611, 32.8018],
          [75.17739, 32.80188],
          [75.17739, 32.80188],
          [75.17984, 32.80215],
          [75.17984, 32.80215],
          [75.18021, 32.8022],
          [75.18228, 32.80242],
          [75.18343, 32.80255],
          [75.18363, 32.80257],
          [75.18387, 32.80259],
          [75.18498, 32.80272],
          [75.18591, 32.80274],
          [75.18685, 32.80275],
          [75.18777, 32.80285],
          [75.18851, 32.80294],
          [75.1887, 32.80296],
          [75.18882, 32.80292],
          [75.18929, 32.80278],
          [75.18987, 32.80261],
          [75.19049, 32.80222],
          [75.1919, 32.80134],
          [75.19268, 32.80084],
          [75.19268, 32.80084],
          [75.19331, 32.80034],
          [75.19339, 32.80029],
          [75.19395, 32.79985],
          [75.19465, 32.79944],
          [75.19465, 32.79944],
          [75.19536, 32.79902],
          [75.19633, 32.7987],
          [75.19729, 32.79838],
          [75.19828, 32.79817],
          [75.19928, 32.79795],
          [75.20097, 32.79731],
          [75.20298, 32.79667],
          [75.20298, 32.79667],
          [75.205, 32.79602],
          [75.205, 32.79602],
          [75.20679, 32.79533],
          [75.20857, 32.79464],
          [75.20912, 32.79448],
          [75.20925, 32.79444],
          [75.20935, 32.79442],
          [75.21019, 32.79417],
          [75.2118, 32.79369],
          [75.21392, 32.79289],
          [75.21639, 32.79216],
          [75.2202, 32.79104],
          [75.22155, 32.79064],
          [75.22354, 32.79055],
          [75.22354, 32.79055],
          [75.22545, 32.79055],
          [75.23114, 32.79056],
          [75.23114, 32.79056],
          [75.23377, 32.78959],
          [75.2367, 32.78869],
          [75.23963, 32.78778],
          [75.23963, 32.78778],
          [75.23989, 32.78769],
          [75.24298, 32.78659],
          [75.24631, 32.7854],
          [75.24715, 32.78522],
          [75.24768, 32.78511],
          [75.24768, 32.78511],
          [75.24694, 32.7813],
          [75.24691, 32.78114],
          [75.24688, 32.78099],
          [75.24685, 32.78084],
          [75.24659, 32.77947],
          [75.24795, 32.7686],
          [75.24904, 32.7598],
          [75.24795, 32.75729],
          [75.24761, 32.75601],
          [75.24639, 32.75329],
          [75.24607, 32.75257],
          [75.24582, 32.752],
          [75.24529, 32.75084],
          [75.24511, 32.75043],
          [75.24441, 32.74997],
          [75.24419, 32.74988],
          [75.24411, 32.74985],
          [75.24389, 32.74983],
          [75.2432, 32.74977],
          [75.2432, 32.74977],
          [75.2468, 32.7494],
          [75.24753, 32.74932],
          [75.24783, 32.74918],
          [75.24944, 32.74845],
          [75.24971, 32.74788],
          [75.25037, 32.74752],
          [75.25087, 32.7476],
          [75.25088, 32.74761],
          [75.25088, 32.74761],
          [75.25122, 32.74763],
          [75.25143, 32.74764],
          [75.25154, 32.74765],
          [75.25172, 32.74729],
          [75.25174, 32.74725],
          [75.25186, 32.74667],
          [75.25187, 32.74658],
          [75.25197, 32.74609],
          [75.25187, 32.7456],
          [75.25117, 32.74534],
          [75.251, 32.74532],
          [75.2505, 32.74526],
          [75.25007, 32.74477],
          [75.25005, 32.74445],
          [75.25003, 32.74411],
          [75.24998, 32.74345],
          [75.25002, 32.74261],
          [75.25006, 32.74176],
          [75.25037, 32.74083],
          [75.25088, 32.74008],
          [75.25103, 32.74011],
          [75.25134, 32.74021],
          [75.25205, 32.74074],
          [75.25277, 32.74133],
          [75.25334, 32.74159],
          [75.25396, 32.74147],
          [75.25521, 32.74159],
          [75.25613, 32.74179],
          [75.25669, 32.74198],
          [75.2573, 32.74254],
          [75.25814, 32.74337],
          [75.2588, 32.74406],
          [75.25943, 32.74459],
          [75.26002, 32.74496],
          [75.26054, 32.74512],
          [75.26169, 32.74528],
          [75.26251, 32.7454],
          [75.26367, 32.7456],
          [75.26423, 32.74536],
          [75.2658, 32.74497],
          [75.26649, 32.7444],
          [75.26727, 32.74342],
          [75.26861, 32.74249],
          [75.26978, 32.74251],
          [75.27205, 32.74243],
          [75.27331, 32.74192],
          [75.27355, 32.7403],
          [75.2736, 32.73999],
          [75.27467, 32.73765],
          [75.27627, 32.73578],
          [75.27729, 32.73526],
          [75.27751, 32.73587],
          [75.27783, 32.73652],
          [75.27843, 32.73736],
          [75.27921, 32.73828],
          [75.27953, 32.73849],
          [75.27994, 32.73922],
          [75.28062, 32.74023],
          [75.2808, 32.74067],
          [75.281, 32.74106],
          [75.28169, 32.74186],
          [75.28304, 32.74357],
          [75.28401, 32.74511],
          [75.28453, 32.74629],
          [75.28483, 32.74686],
          [75.28529, 32.74755],
          [75.28593, 32.74886],
          [75.28645, 32.75009],
          [75.28698, 32.75109],
          [75.28808, 32.75276],
          [75.2888, 32.75392],
          [75.28925, 32.75445],
          [75.28985, 32.75538],
          [75.28995, 32.75576],
          [75.29057, 32.75687],
          [75.29118, 32.75792],
          [75.29178, 32.75894],
          [75.29212, 32.75991],
          [75.29229, 32.76043],
          [75.29278, 32.76071],
          [75.29367, 32.76125],
          [75.29455, 32.76155],
          [75.29546, 32.76172],
          [75.29635, 32.76184],
          [75.29691, 32.76159],
          [75.29781, 32.76113],
          [75.29847, 32.76103],
          [75.29915, 32.76106],
          [75.29986, 32.76127],
          [75.30028, 32.7614],
          [75.30152, 32.76145],
          [75.30257, 32.76153],
          [75.30364, 32.76155],
          [75.3043, 32.76157],
          [75.30465, 32.76164],
          [75.30508, 32.76196],
          [75.30555, 32.76203],
          [75.30633, 32.7621],
          [75.30702, 32.76247],
          [75.30753, 32.76279],
          [75.30785, 32.76295],
          [75.30836, 32.76299],
          [75.30888, 32.76312],
          [75.30928, 32.76335],
          [75.30972, 32.76363],
          [75.31024, 32.76324],
          [75.31077, 32.76278],
          [75.31131, 32.76231],
          [75.31184, 32.76182],
          [75.31248, 32.76156],
          [75.313, 32.76137],
          [75.31319, 32.76121],
          [75.31337, 32.76086],
          [75.31321, 32.75972],
          [75.31284, 32.75752],
          [75.31277, 32.75549],
          [75.31287, 32.75386],
          [75.31303, 32.75272],
          [75.31328, 32.75241],
          [75.31353, 32.75227],
          [75.31386, 32.7524],
          [75.31482, 32.75249],
          [75.31582, 32.75207],
          [75.31658, 32.75193],
          [75.31831, 32.75181],
          [75.31958, 32.75148],
          [75.32112, 32.75118],
          [75.3226, 32.7503],
          [75.32355, 32.74969],
          [75.32469, 32.74919],
          [75.32622, 32.74913],
          [75.32838, 32.74869],
          [75.32939, 32.74853],
          [75.33016, 32.74852],
          [75.33091, 32.74847],
          [75.3319, 32.74864],
          [75.33324, 32.74897],
          [75.3342, 32.74893],
          [75.33532, 32.74871],
          [75.337, 32.74845],
          [75.33871, 32.7483],
          [75.3412, 32.74829],
          [75.3443, 32.7483],
          [75.34776, 32.74836],
          [75.34875, 32.74847],
          [75.35011, 32.74914],
          [75.3507, 32.74842],
          [75.35147, 32.74786],
          [75.35475, 32.74508],
          [75.35786, 32.74357],
          [75.35906, 32.74256],
          [75.35959, 32.74162],
          [75.36144, 32.7395],
          [75.36342, 32.73799],
          [75.36439, 32.73661],
          [75.36488, 32.73592],
          [75.36535, 32.73566],
          [75.36616, 32.73539],
          [75.36702, 32.73579],
          [75.36775, 32.73587],
          [75.36887, 32.73538],
          [75.37009, 32.73515],
          [75.37113, 32.73516],
          [75.37169, 32.73546],
          [75.37221, 32.73599],
          [75.37253, 32.73615],
          [75.37305, 32.73614],
          [75.37405, 32.73591],
          [75.37552, 32.73561],
          [75.37716, 32.7354],
          [75.37838, 32.73524],
          [75.38, 32.73469],
          [75.38185, 32.73419],
          [75.38276, 32.73395],
          [75.38426, 32.7338],
          [75.38609, 32.7337],
          [75.38721, 32.73353],
          [75.38798, 32.73318],
          [75.38831, 32.73439],
          [75.38951, 32.73526],
          [75.39103, 32.7362],
          [75.39268, 32.7373],
          [75.39392, 32.73821],
          [75.39454, 32.73911],
          [75.39582, 32.73916],
          [75.39776, 32.73947],
          [75.3992, 32.73965],
          [75.40122, 32.74035],
          [75.40199, 32.74076],
          [75.40312, 32.74099],
          [75.40463, 32.74126],
          [75.40687, 32.74108],
          [75.40863, 32.74108],
          [75.41034, 32.74127],
          [75.41091, 32.74077],
          [75.41195, 32.74012],
          [75.41265, 32.73967],
          [75.41355, 32.73902],
          [75.41411, 32.73876],
          [75.41535, 32.73848],
          [75.4171, 32.73809],
          [75.41838, 32.73808],
          [75.41958, 32.73842],
          [75.42068, 32.73867],
          [75.42111, 32.73889],
          [75.42188, 32.73925],
          [75.42299, 32.73964],
          [75.42388, 32.73966],
          [75.4246, 32.73936],
          [75.42563, 32.73888],
          [75.4263, 32.73874],
          [75.4268, 32.73873],
          [75.42704, 32.73921],
          [75.42718, 32.73983],
          [75.42754, 32.73999],
          [75.42819, 32.7401],
          [75.42893, 32.73991],
          [75.42995, 32.7395],
          [75.43008, 32.73949],
          [75.43028, 32.73948],
          [75.43014, 32.74016],
          [75.42984, 32.74194],
          [75.42951, 32.74425],
          [75.42943, 32.74595],
          [75.42946, 32.7476],
          [75.42978, 32.74817],
          [75.43036, 32.74844],
          [75.4308, 32.74837],
          [75.43144, 32.74826],
          [75.43267, 32.74821],
          [75.43337, 32.74823],
          [75.43429, 32.74755],
          [75.43518, 32.74715],
          [75.43583, 32.74674],
          [75.4368, 32.74602],
          [75.43834, 32.74492],
          [75.44023, 32.74373],
          [75.44121, 32.74306],
          [75.44203, 32.74222],
          [75.44302, 32.74099],
          [75.44435, 32.73947],
          [75.44649, 32.73918],
          [75.44871, 32.73847],
          [75.45081, 32.73789],
          [75.45301, 32.73692],
          [75.45413, 32.73655],
          [75.45522, 32.73623],
          [75.45664, 32.73566],
          [75.45807, 32.73501],
          [75.45871, 32.73464],
          [75.45926, 32.73435],
          [75.45959, 32.73383],
          [75.45983, 32.73331],
          [75.46068, 32.73139],
          [75.4616, 32.73055],
          [75.4624, 32.72989],
          [75.46256, 32.7294],
          [75.46317, 32.72842],
          [75.46354, 32.72757],
          [75.46337, 32.72682],
          [75.463, 32.72616],
          [75.46265, 32.72574],
          [75.46257, 32.7253],
          [75.46268, 32.72458],
          [75.46308, 32.72364],
          [75.4637, 32.72255],
          [75.46438, 32.72159],
          [75.46509, 32.72084],
          [75.466, 32.72012],
          [75.46675, 32.7194],
          [75.46739, 32.71872],
          [75.46786, 32.71807],
          [75.46833, 32.71765],
          [75.46882, 32.71741],
          [75.4695, 32.7172],
          [75.47094, 32.71704],
          [75.47237, 32.717],
          [75.48207, 32.7171],
          [75.4823, 32.7171],
          [75.48406, 32.71701],
          [75.48408, 32.71682],
          [75.48393, 32.71614],
          [75.48385, 32.7158],
          [75.48377, 32.71546],
          [75.48372, 32.71512],
          [75.48366, 32.71478],
          [75.4836, 32.71444],
          [75.48354, 32.71411],
          [75.48346, 32.71388],
          [75.48337, 32.71364],
          [75.48319, 32.71318],
          [75.48266, 32.71298],
          [75.48239, 32.71288],
          [75.48212, 32.71278],
          [75.48158, 32.7127],
          [75.48103, 32.71262],
          [75.48058, 32.7124],
          [75.48036, 32.71229],
          [75.48014, 32.71218],
          [75.47965, 32.71198],
          [75.47916, 32.71178],
          [75.47845, 32.71149],
          [75.47774, 32.71119],
          [75.4775, 32.71111],
          [75.47725, 32.71103],
          [75.47677, 32.71086],
          [75.47662, 32.71066],
          [75.47646, 32.71046],
          [75.47643, 32.71007],
          [75.47639, 32.70968],
          [75.47635, 32.70928],
          [75.4763, 32.70888],
          [75.47632, 32.70871],
          [75.47633, 32.70861],
          [75.47652, 32.70849],
          [75.47654, 32.70829],
          [75.47658, 32.70773],
          [75.47668, 32.70691],
          [75.47689, 32.70647],
          [75.47699, 32.70624],
          [75.47709, 32.70602],
          [75.47765, 32.7053],
          [75.47822, 32.70458],
          [75.47852, 32.70421],
          [75.47883, 32.70384],
          [75.47913, 32.70347],
          [75.47943, 32.7031],
          [75.47992, 32.70209],
          [75.48041, 32.70108],
          [75.4807, 32.7004],
          [75.48099, 32.69971],
          [75.48113, 32.69882],
          [75.4812, 32.69837],
          [75.48127, 32.69792],
          [75.48122, 32.69759],
          [75.48117, 32.69726],
          [75.48109, 32.69659],
          [75.4809, 32.6962],
          [75.48072, 32.69581],
          [75.48054, 32.69542],
          [75.48036, 32.69503],
          [75.48009, 32.69481],
          [75.47983, 32.69459],
          [75.47956, 32.69437],
          [75.47929, 32.69415],
          [75.47876, 32.69375],
          [75.47821, 32.69334],
          [75.47713, 32.69254],
          [75.47624, 32.69193],
          [75.47579, 32.69163],
          [75.47534, 32.69132],
          [75.47462, 32.69057],
          [75.47438, 32.69032],
          [75.47431, 32.69001],
          [75.47424, 32.68969],
          [75.4741, 32.68906],
          [75.47474, 32.68843],
          [75.47536, 32.68779],
          [75.47573, 32.68752],
          [75.47609, 32.68725],
          [75.47646, 32.68699],
          [75.47683, 32.68672],
          [75.47719, 32.68633],
          [75.47737, 32.68613],
          [75.47756, 32.68593],
          [75.47761, 32.6857],
          [75.47768, 32.68546],
          [75.47781, 32.685],
          [75.47752, 32.6844],
          [75.47723, 32.6838],
          [75.47694, 32.68321],
          [75.47665, 32.68261],
          [75.47612, 32.68184],
          [75.4756, 32.68108],
          [75.47508, 32.68031],
          [75.47456, 32.67955],
          [75.47417, 32.67875],
          [75.47379, 32.67797],
          [75.47304, 32.67751],
          [75.47266, 32.67728],
          [75.4726, 32.67724],
          [75.47229, 32.67705],
          [75.47137, 32.67656],
          [75.47091, 32.67632],
          [75.47082, 32.67627],
          [75.47045, 32.67607],
          [75.47033, 32.67601],
          [75.47007, 32.67586],
          [75.46969, 32.67565],
          [75.46932, 32.67543],
          [75.46894, 32.67522],
          [75.46848, 32.67494],
          [75.46802, 32.67466],
          [75.46768, 32.67447],
          [75.46733, 32.67427],
          [75.46713, 32.67412],
          [75.46692, 32.67396],
          [75.46672, 32.67381],
          [75.46652, 32.67365],
          [75.46628, 32.67337],
          [75.46604, 32.67308],
          [75.46604, 32.67282],
          [75.46604, 32.67256],
          [75.46604, 32.67256],
          [75.46604, 32.67238],
          [75.46604, 32.6723],
          [75.46604, 32.67204],
          [75.46596, 32.67163],
          [75.46596, 32.67163],
          [75.46587, 32.67123],
          [75.46579, 32.67082],
          [75.46572, 32.67042],
          [75.46558, 32.67002],
          [75.46558, 32.67002],
          [75.46545, 32.66963],
          [75.46531, 32.66923],
          [75.46518, 32.66884],
          [75.46473, 32.6685],
          [75.4647, 32.66848],
          [75.46422, 32.66812],
          [75.46374, 32.66775],
          [75.46327, 32.66739],
          [75.46258, 32.66713],
          [75.46191, 32.66686],
          [75.46133, 32.66663],
          [75.46055, 32.66633],
          [75.45968, 32.66604],
          [75.45939, 32.66594],
          [75.45707, 32.66516],
          [75.457, 32.66524],
          [75.45601, 32.66622],
          [75.45598, 32.66638],
          [75.45595, 32.66648],
          [75.45595, 32.66648],
          [75.45589, 32.66673],
          [75.45585, 32.66689],
          [75.45576, 32.66724],
          [75.45562, 32.66745],
          [75.45549, 32.66765],
          [75.45535, 32.66785],
          [75.4552, 32.66805],
          [75.45511, 32.66803],
          [75.45511, 32.66803],
          [75.45449, 32.66793],
          [75.45449, 32.66793],
          [75.45413, 32.66786],
          [75.45413, 32.66786],
          [75.45377, 32.6678],
          [75.45267, 32.66777],
          [75.45254, 32.66777],
          [75.45213, 32.66775],
          [75.45166, 32.66777],
          [75.45142, 32.66777],
          [75.45118, 32.66777],
          [75.45115, 32.66783],
          [75.45083, 32.6685],
          [75.45079, 32.66859],
          [75.45065, 32.66886],
          [75.45041, 32.66911],
          [75.45041, 32.66911],
          [75.45029, 32.66924],
          [75.45017, 32.66937],
          [75.45008, 32.66937],
          [75.44929, 32.66939],
          [75.44925, 32.66944],
          [75.44891, 32.66993],
          [75.44891, 32.66993],
          [75.44873, 32.67019],
          [75.44854, 32.67046],
          [75.44733, 32.67116],
          [75.44705, 32.67172],
          [75.4469, 32.67195],
          [75.44675, 32.67218],
          [75.44664, 32.67217],
          [75.44616, 32.67213],
          [75.44556, 32.67208],
          [75.44558, 32.67214],
          [75.44587, 32.67314],
          [75.44518, 32.67393],
          [75.44484, 32.67423],
          [75.4445, 32.67453],
          [75.44444, 32.67451],
          [75.44444, 32.67451],
          [75.44428, 32.67445],
          [75.44418, 32.67441],
          [75.44386, 32.67429],
          [75.44329, 32.674],
          [75.44219, 32.6739],
          [75.44159, 32.6737],
          [75.44145, 32.67365],
          [75.4412, 32.67356],
          [75.44086, 32.67329],
          [75.44052, 32.67301],
          [75.44034, 32.67261],
          [75.44016, 32.6722],
          [75.44001, 32.67184],
          [75.43982, 32.6714],
          [75.43889, 32.67057],
          [75.43882, 32.67068],
          [75.43878, 32.67074],
          [75.43866, 32.67092],
          [75.43843, 32.67127],
          [75.43812, 32.67155],
          [75.43803, 32.67164],
          [75.4372, 32.67239],
          [75.43648, 32.67267],
          [75.43611, 32.6728],
          [75.43575, 32.67294],
          [75.43574, 32.67294],
          [75.43561, 32.67299],
          [75.43508, 32.67294],
          [75.43482, 32.67293],
          [75.43456, 32.67291],
          [75.43381, 32.67288],
          [75.43343, 32.67261],
          [75.43304, 32.67235],
          [75.43265, 32.67181],
          [75.43247, 32.67154],
          [75.43228, 32.67127],
          [75.43202, 32.67057],
          [75.43176, 32.66988],
          [75.43141, 32.66979],
          [75.43106, 32.6697],
          [75.43074, 32.66967],
          [75.43042, 32.66964],
          [75.42978, 32.66959],
          [75.42971, 32.66919],
          [75.42969, 32.66906],
          [75.42978, 32.66858],
          [75.42987, 32.66809],
          [75.42993, 32.66746],
          [75.42997, 32.66714],
          [75.42999, 32.66683],
          [75.43001, 32.66651],
          [75.43003, 32.6662],
          [75.43007, 32.66557],
          [75.42987, 32.66503],
          [75.42968, 32.66449],
          [75.42945, 32.66399],
          [75.42933, 32.66374],
          [75.42922, 32.6635],
          [75.429, 32.66325],
          [75.42881, 32.66302],
          [75.42856, 32.66317],
          [75.42818, 32.66394],
          [75.42811, 32.66409],
          [75.42795, 32.66439],
          [75.42775, 32.66471],
          [75.42767, 32.66482],
          [75.42712, 32.66567],
          [75.42627, 32.6675],
          [75.42602, 32.66782],
          [75.42585, 32.66804],
          [75.42527, 32.66877],
          [75.42494, 32.66914],
          [75.42463, 32.66948],
          [75.42392, 32.67024],
          [75.42386, 32.67033],
          [75.42325, 32.67112],
          [75.42228, 32.67204],
          [75.42164, 32.67272],
          [75.4215, 32.67288],
          [75.42124, 32.67315],
          [75.42099, 32.67347],
          [75.42073, 32.67379],
          [75.42048, 32.67411],
          [75.42021, 32.67443],
          [75.42009, 32.67467],
          [75.41997, 32.67491],
          [75.41984, 32.67515],
          [75.41972, 32.67539],
          [75.41967, 32.67564],
          [75.41963, 32.67589],
          [75.4196, 32.67605],
          [75.41954, 32.67638],
          [75.41947, 32.67728],
          [75.41954, 32.67878],
          [75.41968, 32.68016],
          [75.41931, 32.68097],
          [75.41918, 32.68101],
          [75.41918, 32.68101],
          [75.41849, 32.68122],
          [75.41795, 32.68137],
          [75.41779, 32.68142],
          [75.41708, 32.68146],
          [75.41638, 32.68151],
          [75.41567, 32.68163],
          [75.41496, 32.68176],
          [75.41423, 32.68158],
          [75.4135, 32.6814],
          [75.4131, 32.68144],
          [75.41269, 32.68147],
          [75.41189, 32.68155],
          [75.41147, 32.68095],
          [75.41126, 32.68065],
          [75.41106, 32.68035],
          [75.41048, 32.67944],
          [75.4099, 32.67853],
          [75.40967, 32.67822],
          [75.40944, 32.6779],
          [75.40898, 32.67727],
          [75.40887, 32.67684],
          [75.40877, 32.6764],
          [75.40845, 32.67616],
          [75.40813, 32.67592],
          [75.4079, 32.67594],
          [75.40767, 32.67596],
          [75.40721, 32.676],
          [75.40694, 32.67606],
          [75.40668, 32.67611],
          [75.4062, 32.67622],
          [75.4055, 32.67655],
          [75.40547, 32.67655],
          [75.40484, 32.67654],
          [75.40477, 32.67611],
          [75.40477, 32.67611],
          [75.40473, 32.6759],
          [75.4047, 32.67568],
          [75.40485, 32.67524],
          [75.40494, 32.67496],
          [75.40502, 32.67472],
          [75.40543, 32.67445],
          [75.40548, 32.67442],
          [75.40592, 32.67436],
          [75.40609, 32.67433],
          [75.40618, 32.67432],
          [75.40619, 32.67422],
          [75.40621, 32.6741],
          [75.40622, 32.67397],
          [75.40623, 32.67385],
          [75.40624, 32.6738],
          [75.406, 32.67379],
          [75.40566, 32.67377],
          [75.40545, 32.67376],
          [75.40497, 32.67373],
          [75.40325, 32.67372],
          [75.40277, 32.67383],
          [75.40228, 32.67394],
          [75.40214, 32.67398],
          [75.40133, 32.67416],
          [75.40098, 32.67426],
          [75.40063, 32.67435],
          [75.40063, 32.67435],
          [75.39993, 32.67453],
          [75.39964, 32.6745],
          [75.39954, 32.67449],
          [75.39881, 32.67443],
          [75.39839, 32.67407],
          [75.39839, 32.67407],
          [75.39818, 32.67389],
          [75.39797, 32.67371],
          [75.3976, 32.67338],
          [75.39723, 32.67304],
          [75.39686, 32.67271],
          [75.3965, 32.67238],
          [75.39546, 32.67141],
          [75.39523, 32.6712],
          [75.3948, 32.6708],
          [75.39454, 32.67058],
          [75.39439, 32.67045],
          [75.39378, 32.66994],
          [75.39369, 32.66999],
          [75.39357, 32.67006],
          [75.39336, 32.67017],
          [75.39311, 32.67042],
          [75.39285, 32.67068],
          [75.39266, 32.67087],
          [75.39235, 32.67119],
          [75.39179, 32.67156],
          [75.39179, 32.67156],
          [75.39151, 32.67175],
          [75.39123, 32.67194],
          [75.39076, 32.67212],
          [75.39029, 32.67231],
          [75.38982, 32.67249],
          [75.38974, 32.67252],
          [75.38934, 32.67267],
          [75.38934, 32.67267],
          [75.38789, 32.67374],
          [75.38787, 32.67397],
          [75.38775, 32.67518],
          [75.3875, 32.67557],
          [75.38725, 32.67597],
          [75.38706, 32.67656],
          [75.38688, 32.67714],
          [75.38685, 32.67758],
          [75.38682, 32.67801],
          [75.3868, 32.67845],
          [75.38677, 32.67888],
          [75.3865, 32.67992],
          [75.38547, 32.68072],
          [75.38455, 32.68115],
          [75.38414, 32.68205],
          [75.38407, 32.68244],
          [75.38403, 32.68269],
          [75.38396, 32.68309],
          [75.38394, 32.68324],
          [75.38387, 32.68364],
          [75.3836, 32.68405],
          [75.38334, 32.68446],
          [75.38241, 32.68574],
          [75.3822, 32.68649],
          [75.38198, 32.68723],
          [75.38191, 32.68792],
          [75.38184, 32.68862],
          [75.38158, 32.6904],
          [75.38129, 32.69174],
          [75.38123, 32.69218],
          [75.38116, 32.69261],
          [75.3811, 32.69305],
          [75.38104, 32.69348],
          [75.3806, 32.69493],
          [75.38028, 32.69535],
          [75.37995, 32.69578],
          [75.37946, 32.69632],
          [75.37896, 32.69686],
          [75.37871, 32.69713],
          [75.37862, 32.69723],
          [75.37796, 32.69795],
          [75.37756, 32.69857],
          [75.37735, 32.69888],
          [75.37714, 32.69919],
          [75.37676, 32.6996],
          [75.37638, 32.7],
          [75.37628, 32.70001],
          [75.37606, 32.70004],
          [75.37574, 32.70007],
          [75.3756, 32.69989],
          [75.37547, 32.69972],
          [75.37533, 32.69954],
          [75.37519, 32.69936],
          [75.37508, 32.69913],
          [75.37497, 32.69891],
          [75.37475, 32.69846],
          [75.37453, 32.69817],
          [75.37432, 32.69786],
          [75.37408, 32.6974],
          [75.37384, 32.69695],
          [75.37349, 32.69623],
          [75.37314, 32.69552],
          [75.37281, 32.6948],
          [75.37246, 32.69409],
          [75.37197, 32.69327],
          [75.37147, 32.69245],
          [75.37176, 32.69187],
          [75.37204, 32.69128],
          [75.37233, 32.69069],
          [75.37261, 32.69011],
          [75.37308, 32.68947],
          [75.37355, 32.68882],
          [75.37403, 32.68818],
          [75.3745, 32.68753],
          [75.37549, 32.68608],
          [75.37647, 32.68464],
          [75.37745, 32.68319],
          [75.37844, 32.68174],
          [75.37892, 32.6808],
          [75.3794, 32.67987],
          [75.3789, 32.67927],
          [75.3784, 32.67868],
          [75.37791, 32.67807],
          [75.37741, 32.67748],
          [75.37731, 32.67677],
          [75.37722, 32.67606],
          [75.37713, 32.67535],
          [75.37703, 32.67465],
          [75.37709, 32.67388],
          [75.37716, 32.67311],
          [75.37652, 32.67287],
          [75.37588, 32.67262],
          [75.37524, 32.67238],
          [75.37459, 32.67213],
          [75.37455, 32.67219],
          [75.37428, 32.67258],
          [75.37396, 32.67304],
          [75.37357, 32.67357],
          [75.37317, 32.67409],
          [75.37277, 32.67461],
          [75.37257, 32.67487],
          [75.37237, 32.67513],
          [75.37218, 32.67562],
          [75.372, 32.67611],
          [75.37199, 32.67674],
          [75.37198, 32.67735],
          [75.37198, 32.67737],
          [75.37198, 32.67739],
          [75.37197, 32.678],
          [75.37197, 32.67862],
          [75.37187, 32.67863],
          [75.37161, 32.67865],
          [75.37123, 32.67867],
          [75.37087, 32.67869],
          [75.3705, 32.67871],
          [75.37012, 32.67884],
          [75.36973, 32.67897],
          [75.36954, 32.67904],
          [75.36935, 32.67911],
          [75.36897, 32.67924],
          [75.36897, 32.67924],
          [75.3685, 32.6792],
          [75.36803, 32.67917],
          [75.36757, 32.67912],
          [75.36711, 32.67909],
          [75.36678, 32.67896],
          [75.36645, 32.67882],
          [75.36612, 32.67869],
          [75.36579, 32.67856],
          [75.36547, 32.67827],
          [75.36537, 32.67817],
          [75.36561, 32.67784],
          [75.36586, 32.67751],
          [75.3661, 32.67718],
          [75.36635, 32.67685],
          [75.36672, 32.67642],
          [75.36709, 32.67599],
          [75.36746, 32.67556],
          [75.36784, 32.67513],
          [75.36819, 32.67478],
          [75.36853, 32.67443],
          [75.36887, 32.67407],
          [75.36922, 32.67372],
          [75.36972, 32.67335],
          [75.37021, 32.67298],
          [75.3706, 32.67286],
          [75.37073, 32.67282],
          [75.37099, 32.67273],
          [75.37138, 32.67261],
          [75.37171, 32.67251],
          [75.37177, 32.67249],
          [75.37241, 32.67213],
          [75.37306, 32.67177],
          [75.37342, 32.67154],
          [75.37379, 32.6713],
          [75.37415, 32.67107],
          [75.37452, 32.67083],
          [75.3747, 32.67056],
          [75.37489, 32.6703],
          [75.37507, 32.67003],
          [75.37525, 32.66977],
          [75.37531, 32.66927],
          [75.37538, 32.66879],
          [75.37517, 32.66839],
          [75.37498, 32.668],
          [75.37467, 32.66801],
          [75.37437, 32.66802],
          [75.37412, 32.66824],
          [75.37388, 32.66846],
          [75.37363, 32.66868],
          [75.37363, 32.66868],
          [75.37339, 32.66889],
          [75.3733, 32.66892],
          [75.3733, 32.66893],
          [75.37302, 32.66902],
          [75.37275, 32.66912],
          [75.37248, 32.66922],
          [75.37221, 32.66931],
          [75.37192, 32.66917],
          [75.37163, 32.66904],
          [75.37134, 32.6689],
          [75.37105, 32.66876],
          [75.37054, 32.66828],
          [75.37002, 32.6678],
          [75.36943, 32.66706],
          [75.36884, 32.66633],
          [75.36824, 32.66527],
          [75.36794, 32.66474],
          [75.36764, 32.66422],
          [75.36724, 32.66358],
          [75.36683, 32.66294],
          [75.36624, 32.66249],
          [75.36595, 32.66227],
          [75.36565, 32.66205],
          [75.36503, 32.66185],
          [75.36442, 32.66166],
          [75.36413, 32.66168],
          [75.36384, 32.66169],
          [75.36355, 32.66171],
          [75.36326, 32.66172],
          [75.36303, 32.66171],
          [75.36279, 32.66169],
          [75.36256, 32.66167],
          [75.36233, 32.66166],
          [75.36203, 32.66106],
          [75.36164, 32.66032],
          [75.36125, 32.65957],
          [75.3601, 32.66014],
          [75.35979, 32.6603],
          [75.35906, 32.66065],
          [75.35898, 32.6607],
          [75.35841, 32.66098],
          [75.35833, 32.66131],
          [75.35826, 32.66164],
          [75.35854, 32.66184],
          [75.35883, 32.66204],
          [75.35887, 32.6623],
          [75.35891, 32.66256],
          [75.35895, 32.66281],
          [75.35898, 32.66306],
          [75.35878, 32.66371],
          [75.35858, 32.66436],
          [75.35834, 32.66471],
          [75.3581, 32.66504],
          [75.35786, 32.66539],
          [75.35762, 32.66572],
          [75.35743, 32.66619],
          [75.35743, 32.6662],
          [75.35734, 32.66643],
          [75.35724, 32.66666],
          [75.35742, 32.66709],
          [75.3576, 32.66751],
          [75.35777, 32.66788],
          [75.358, 32.66838],
          [75.35812, 32.66862],
          [75.3583, 32.66899],
          [75.3585, 32.66931],
          [75.35869, 32.66964],
          [75.35889, 32.66996],
          [75.35907, 32.67029],
          [75.35899, 32.67032],
          [75.35899, 32.67032],
          [75.35835, 32.67054],
          [75.35771, 32.67077],
          [75.35733, 32.67059],
          [75.35696, 32.6704],
          [75.35616, 32.66903],
          [75.35577, 32.66834],
          [75.35537, 32.66766],
          [75.35503, 32.66709],
          [75.35468, 32.66652],
          [75.35434, 32.66596],
          [75.35399, 32.6654],
          [75.35379, 32.66486],
          [75.35359, 32.66433],
          [75.35323, 32.66431],
          [75.35286, 32.66429],
          [75.35213, 32.66424],
          [75.35101, 32.66393],
          [75.35045, 32.66378],
          [75.34989, 32.66362],
          [75.34939, 32.66313],
          [75.34889, 32.66265],
          [75.34844, 32.66186],
          [75.34798, 32.66109],
          [75.34774, 32.6608],
          [75.3475, 32.66052],
          [75.34703, 32.65996],
          [75.34658, 32.65959],
          [75.34632, 32.65938],
          [75.34614, 32.65924],
          [75.34554, 32.65967],
          [75.34574, 32.66104],
          [75.34582, 32.6616],
          [75.34591, 32.66224],
          [75.34583, 32.66336],
          [75.34582, 32.66339],
          [75.34582, 32.66343],
          [75.34573, 32.66454],
          [75.34591, 32.66663],
          [75.34583, 32.66662],
          [75.34401, 32.66656],
          [75.34213, 32.66648],
          [75.34024, 32.6664],
          [75.33835, 32.66632],
          [75.33672, 32.66632],
          [75.33618, 32.66632],
          [75.3351, 32.66632],
          [75.33478, 32.66626],
          [75.33458, 32.66623],
          [75.33432, 32.66619],
          [75.33389, 32.66614],
          [75.33371, 32.66612],
          [75.33336, 32.6661],
          [75.33272, 32.66613],
          [75.33264, 32.66613],
          [75.3324, 32.66614],
          [75.3322, 32.66601],
          [75.332, 32.66587],
          [75.33193, 32.66564],
          [75.33187, 32.66543],
          [75.33181, 32.66513],
          [75.33176, 32.66483],
          [75.33166, 32.66424],
          [75.33141, 32.66389],
          [75.33112, 32.66385],
          [75.33054, 32.66377],
          [75.33025, 32.66372],
          [75.32977, 32.66359],
          [75.3293, 32.66347],
          [75.32898, 32.66338],
          [75.32834, 32.66321],
          [75.32769, 32.66315],
          [75.32732, 32.66324],
          [75.32732, 32.66324],
          [75.32714, 32.66329],
          [75.32696, 32.66334],
          [75.32572, 32.66274],
          [75.32547, 32.66242],
          [75.32529, 32.66221],
          [75.32508, 32.66195],
          [75.32487, 32.6617],
          [75.32414, 32.66058],
          [75.32391, 32.66057],
          [75.32369, 32.66055],
          [75.32323, 32.66052],
          [75.32205, 32.6596],
          [75.32132, 32.65946],
          [75.32125, 32.65945],
          [75.32118, 32.65944],
          [75.32047, 32.6593],
          [75.31832, 32.65917],
          [75.31808, 32.65893],
          [75.31788, 32.65872],
          [75.31737, 32.65821],
          [75.31716, 32.65785],
          [75.317, 32.65757],
          [75.31664, 32.65693],
          [75.31634, 32.6564],
          [75.31478, 32.65614],
          [75.31438, 32.65611],
          [75.31397, 32.65608],
          [75.31357, 32.65605],
          [75.31317, 32.65601],
          [75.31271, 32.65582],
          [75.31226, 32.65564],
          [75.31181, 32.65545],
          [75.31135, 32.65526],
          [75.30979, 32.65422],
          [75.30981, 32.65355],
          [75.30981, 32.65355],
          [75.30981, 32.65321],
          [75.30982, 32.65288],
          [75.30973, 32.65256],
          [75.30963, 32.65225],
          [75.30947, 32.65211],
          [75.30941, 32.65206],
          [75.30901, 32.6517],
          [75.30898, 32.65168],
          [75.30804, 32.6517],
          [75.30702, 32.65202],
          [75.30649, 32.65238],
          [75.30595, 32.65273],
          [75.30574, 32.65289],
          [75.30574, 32.65289],
          [75.30562, 32.65298],
          [75.30532, 32.65321],
          [75.30511, 32.65337],
          [75.30509, 32.65338],
          [75.30438, 32.65385],
          [75.30342, 32.65397],
          [75.30314, 32.654],
          [75.30315, 32.654],
          [75.30288, 32.65403],
          [75.30261, 32.65406],
          [75.30235, 32.65408],
          [75.30212, 32.65407],
          [75.3019, 32.65406],
          [75.30175, 32.65405],
          [75.30145, 32.65404],
          [75.30038, 32.65379],
          [75.29992, 32.65352],
          [75.29947, 32.65334],
          [75.29936, 32.65329],
          [75.29917, 32.65321],
          [75.29816, 32.65232],
          [75.29762, 32.65164],
          [75.29735, 32.65131],
          [75.29708, 32.65097],
          [75.29682, 32.65055],
          [75.29674, 32.65041],
          [75.29657, 32.65013],
          [75.2964, 32.64984],
          [75.29612, 32.64958],
          [75.29612, 32.64958],
          [75.29584, 32.64931],
          [75.29566, 32.64913],
          [75.29529, 32.64878],
          [75.29428, 32.64818],
          [75.29343, 32.64813],
          [75.29302, 32.64812],
          [75.2926, 32.64809],
          [75.29179, 32.64805],
          [75.29179, 32.64805],
          [75.29139, 32.64803],
          [75.29139, 32.64803],
          [75.29098, 32.648],
          [75.29069, 32.64795],
          [75.29069, 32.64795],
          [75.2904, 32.6479],
          [75.29012, 32.64784],
          [75.28983, 32.64779],
          [75.28956, 32.64757],
          [75.28946, 32.64749],
          [75.28875, 32.64691],
          [75.28841, 32.64605],
          [75.28833, 32.64584],
          [75.28819, 32.64548],
          [75.28801, 32.64488],
          [75.28783, 32.64429],
          [75.28706, 32.64361],
          [75.28643, 32.6436],
          [75.28581, 32.64358],
          [75.28444, 32.64357],
          [75.28442, 32.64358],
          [75.2841, 32.64374],
          [75.28376, 32.64391],
          [75.28342, 32.64408],
          [75.28308, 32.64425],
          [75.28235, 32.64482],
          [75.28164, 32.64503],
          [75.28093, 32.64523],
          [75.27963, 32.64569],
          [75.2792, 32.64626],
          [75.27904, 32.6473],
          [75.27896, 32.64812],
          [75.27862, 32.64822],
          [75.27828, 32.64833],
          [75.27812, 32.64836],
          [75.27796, 32.64838],
          [75.27781, 32.64841],
          [75.27781, 32.64841],
          [75.27773, 32.64842],
          [75.27703, 32.64854],
          [75.27646, 32.64868],
          [75.2759, 32.64882],
          [75.27534, 32.64895],
          [75.27477, 32.64909],
          [75.27441, 32.64921],
          [75.27423, 32.64927],
          [75.27412, 32.6493],
          [75.27404, 32.64933],
          [75.27331, 32.64957],
          [75.27295, 32.64976],
          [75.27295, 32.64976],
          [75.27277, 32.64986],
          [75.27277, 32.64986],
          [75.27259, 32.64995],
          [75.27236, 32.65007],
          [75.27226, 32.65012],
          [75.27186, 32.65033],
          [75.27168, 32.65042],
          [75.2715, 32.6505],
          [75.27113, 32.65067],
          [75.27095, 32.65076],
          [75.27077, 32.65085],
          [75.2704, 32.65102],
          [75.2701, 32.651],
          [75.2698, 32.65099],
          [75.26965, 32.65098],
          [75.2695, 32.65097],
          [75.26919, 32.65095],
          [75.26892, 32.65082],
          [75.26878, 32.65075],
          [75.26865, 32.65068],
          [75.26851, 32.65062],
          [75.26851, 32.65061],
          [75.26837, 32.65055],
          [75.2681, 32.65041],
          [75.26779, 32.65035],
          [75.26747, 32.6503],
          [75.26732, 32.65026],
          [75.26716, 32.65023],
          [75.26684, 32.65017],
          [75.26634, 32.65032],
          [75.26584, 32.65047],
          [75.26546, 32.65055],
          [75.26508, 32.65062],
          [75.26491, 32.65058],
          [75.26473, 32.65054],
          [75.26456, 32.6505],
          [75.26439, 32.65046],
          [75.26404, 32.65038],
          [75.26369, 32.6503],
          [75.26348, 32.65026],
          [75.26348, 32.65026],
          [75.26327, 32.65023],
          [75.26285, 32.65016],
          [75.26243, 32.65009],
          [75.26201, 32.65002],
          [75.26183, 32.65004],
          [75.26166, 32.65007],
          [75.26131, 32.65011],
          [75.26114, 32.65014],
          [75.26097, 32.65016],
          [75.26062, 32.65021],
          [75.26047, 32.65027],
          [75.26031, 32.65033],
          [75.26001, 32.65046],
          [75.2597, 32.65057],
          [75.25939, 32.65069],
          [75.25907, 32.65084],
          [75.25877, 32.65099],
          [75.25846, 32.65114],
          [75.25815, 32.65129],
          [75.25778, 32.65137],
          [75.2576, 32.65141],
          [75.25742, 32.65145],
          [75.25733, 32.65147],
          [75.25705, 32.65152],
          [75.25687, 32.65156],
          [75.25669, 32.6516],
          [75.2565, 32.65181],
          [75.2564, 32.65191],
          [75.25631, 32.65201],
          [75.25612, 32.65221],
          [75.25593, 32.65242],
          [75.25539, 32.65276],
          [75.25485, 32.65312],
          [75.25453, 32.65347],
          [75.25437, 32.65365],
          [75.25421, 32.65383],
          [75.2539, 32.65418],
          [75.25359, 32.65454],
          [75.25321, 32.65487],
          [75.25302, 32.65504],
          [75.25302, 32.65504],
          [75.25283, 32.6552],
          [75.25246, 32.65554],
          [75.25209, 32.65587],
          [75.25189, 32.65575],
          [75.25168, 32.65564],
          [75.25149, 32.65554],
          [75.25123, 32.65542],
          [75.25086, 32.65525],
          [75.25049, 32.65509],
          [75.25021, 32.65507],
          [75.24992, 32.65505],
          [75.24957, 32.65531],
          [75.24931, 32.65545],
          [75.2491, 32.6556],
          [75.24906, 32.65563],
          [75.24833, 32.65533],
          [75.2476, 32.65504],
          [75.24693, 32.65503],
          [75.24693, 32.65503],
          [75.24626, 32.65502],
          [75.2462, 32.65502],
          [75.24624, 32.65441],
          [75.24624, 32.65441],
          [75.24624, 32.65441],
          [75.24566, 32.65236],
          [75.24566, 32.65236],
          [75.24566, 32.65236],
          [75.24595, 32.64966],
          [75.24595, 32.64966],
          [75.24595, 32.64966],
          [75.24652, 32.64827],
          [75.24652, 32.64827],
          [75.24652, 32.64827],
          [75.24652, 32.64827],
          [75.24652, 32.64827],
          [75.24623, 32.64721],
          [75.24623, 32.64721],
          [75.24623, 32.64721],
          [75.24623, 32.64721],
          [75.24546, 32.64639],
          [75.24545, 32.64639],
          [75.24362, 32.64606],
          [75.24362, 32.64606],
          [75.24149, 32.64599],
          [75.24149, 32.64599],
          [75.24149, 32.64599],
          [75.23937, 32.6455],
          [75.23936, 32.6455],
          [75.2384, 32.64509],
          [75.2384, 32.64509],
          [75.2384, 32.64509],
          [75.23801, 32.64395],
          [75.23801, 32.64395],
          [75.23801, 32.64394],
          [75.23801, 32.64394],
          [75.23801, 32.64394],
          [75.23801, 32.64394],
          [75.23882, 32.64256],
          [75.23675, 32.64308],
          [75.23558, 32.64317],
          [75.23441, 32.64327],
          [75.23237, 32.64367],
          [75.23115, 32.64412],
          [75.23, 32.64435],
          [75.22943, 32.64402],
          [75.22887, 32.64369],
          [75.22885, 32.64325],
          [75.22881, 32.64281],
          [75.22854, 32.64245],
          [75.22827, 32.64211],
          [75.22644, 32.64179],
          [75.22576, 32.64165],
          [75.22502, 32.64101],
          [75.22441, 32.64081],
          [75.22379, 32.64061],
          [75.22308, 32.64012],
          [75.22327, 32.63986],
          [75.22332, 32.63979],
          [75.2231, 32.63979],
          [75.222, 32.64018],
          [75.21589, 32.64237],
          [75.21103, 32.64351],
          [75.20985, 32.64399],
          [75.20889, 32.64448],
          [75.20747, 32.64476],
          [75.20691, 32.64556],
          [75.2079, 32.64631],
          [75.20861, 32.64723],
          [75.20827, 32.64827],
          [75.2082, 32.64891],
          [75.20813, 32.64956],
          [75.20839, 32.65062],
          [75.20866, 32.65168],
          [75.20785, 32.65266],
          [75.20642, 32.6534],
          [75.20473, 32.65299],
          [75.2041, 32.65265],
          [75.20347, 32.6523],
          [75.20245, 32.65207],
          [75.20154, 32.65256],
          [75.20045, 32.65204],
          [75.19989, 32.65189],
          [75.19933, 32.65175],
          [75.19919, 32.65191],
          [75.19865, 32.65226],
          [75.19825, 32.65246],
          [75.19828, 32.65282],
          [75.19831, 32.65318],
          [75.19905, 32.65405],
          [75.19981, 32.65427],
          [75.20058, 32.65453],
          [75.2014, 32.65479],
          [75.2021, 32.6554],
          [75.20292, 32.65583],
          [75.20291, 32.65633],
          [75.20291, 32.65683],
          [75.20241, 32.65744],
          [75.20179, 32.65836],
          [75.20191, 32.65873],
          [75.20203, 32.6591],
          [75.20205, 32.6591],
          [75.20263, 32.65915],
          [75.20378, 32.65925],
          [75.20552, 32.6594],
          [75.20708, 32.65942],
          [75.20786, 32.65942],
          [75.20864, 32.65943],
          [75.20951, 32.65919],
          [75.21034, 32.65896],
          [75.21035, 32.65895],
          [75.21038, 32.65895],
          [75.21037, 32.65895],
          [75.20969, 32.65958],
          [75.20894, 32.66024],
          [75.20891, 32.66026],
          [75.20887, 32.66029],
          [75.20784, 32.66075],
          [75.20703, 32.66115],
          [75.20578, 32.66123],
          [75.2051, 32.662],
          [75.20439, 32.66313],
          [75.20466, 32.66381],
          [75.2051, 32.66557],
          [75.20502, 32.66666],
          [75.20449, 32.6676],
          [75.20381, 32.66977],
          [75.20395, 32.6711],
          [75.20263, 32.67235],
          [75.20218, 32.67413],
          [75.20182, 32.67662],
          [75.20241, 32.6782],
          [75.20349, 32.67883],
          [75.20442, 32.68012],
          [75.20594, 32.68071],
          [75.20711, 32.6822],
          [75.20747, 32.68326],
          [75.20601, 32.68435],
          [75.20456, 32.68543],
          [75.20382, 32.68537],
          [75.20308, 32.68531],
          [75.20189, 32.68488],
          [75.20129, 32.68537],
          [75.20128, 32.68663],
          [75.20128, 32.6879],
          [75.19976, 32.68912],
          [75.19829, 32.68949],
          [75.19687, 32.68932],
          [75.19505, 32.68907],
          [75.19348, 32.68878],
          [75.19259, 32.68915],
          [75.19121, 32.69026],
          [75.19037, 32.69076],
          [75.18939, 32.69046],
          [75.18866, 32.69087],
          [75.18812, 32.69114],
          [75.18754, 32.6916],
          [75.18731, 32.69204],
          [75.18691, 32.69312],
          [75.18638, 32.69435],
          [75.18603, 32.69497],
          [75.18578, 32.69568],
          [75.18527, 32.69622],
          [75.18447, 32.69667],
          [75.18388, 32.69708],
          [75.18347, 32.69749],
          [75.18289, 32.69865],
          [75.18256, 32.69919],
          [75.18217, 32.69953],
          [75.18156, 32.69962],
          [75.18092, 32.69989],
          [75.18031, 32.70008],
          [75.17999, 32.70028],
          [75.17969, 32.70061],
          [75.17917, 32.70071],
          [75.17874, 32.70086],
          [75.17832, 32.70101],
          [75.17764, 32.70192],
          [75.17746, 32.70257],
          [75.17727, 32.70322],
          [75.17683, 32.70411],
          [75.17638, 32.70499],
          [75.17514, 32.70607],
          [75.17418, 32.70665],
          [75.17338, 32.70692],
          [75.17263, 32.7072],
          [75.17188, 32.70747],
          [75.17107, 32.70801],
          [75.17026, 32.70854],
          [75.16828, 32.70972],
          [75.16609, 32.71159],
          [75.16551, 32.71149],
          [75.16431, 32.71042],
          [75.16383, 32.71025],
          [75.16336, 32.71008],
          [75.1617, 32.71012],
          [75.16, 32.71043],
          [75.15862, 32.71096],
          [75.15729, 32.71198],
          [75.15722, 32.7125],
          [75.15714, 32.71302],
          [75.15718, 32.71324],
          [75.1572, 32.71346],
          [75.15746, 32.71394],
          [75.1582, 32.71501],
          [75.15788, 32.71574],
          [75.15726, 32.71627],
          [75.15664, 32.71678],
          [75.15584, 32.71703],
          [75.15471, 32.71749],
          [75.15422, 32.71789],
          [75.15397, 32.71813],
          [75.1537, 32.71836],
          [75.15356, 32.71858],
          [75.15265, 32.71934],
          [75.15175, 32.7201],
          [75.15146, 32.72024],
          [75.15117, 32.72039],
          [75.1505, 32.72119],
          [75.15021, 32.7216],
          [75.15033, 32.72209],
          [75.15044, 32.72257],
          [75.15098, 32.72379],
          [75.15022, 32.72426],
          [75.14946, 32.72472],
          [75.14757, 32.72604],
          [75.14725, 32.72624],
          [75.14692, 32.72644],
          [75.14648, 32.72649],
          [75.14605, 32.72654],
          [75.14549, 32.72618],
          [75.14526, 32.72582],
          [75.14546, 32.72525],
          [75.14535, 32.72463],
          [75.14471, 32.72387],
          [75.14395, 32.72323],
          [75.14322, 32.72299],
          [75.14229, 32.72325],
          [75.14179, 32.72365],
          [75.14128, 32.72405],
          [75.13958, 32.72504],
          [75.13901, 32.72527],
          [75.13843, 32.72549],
          [75.13777, 32.72549],
          [75.13711, 32.72549],
          [75.13635, 32.72523],
          [75.13591, 32.72487],
          [75.13548, 32.72451],
          [75.13508, 32.7239],
          [75.13468, 32.72328],
          [75.1341, 32.72232],
          [75.13353, 32.72136],
          [75.13341, 32.72088],
          [75.13328, 32.72038],
          [75.13211, 32.71975],
          [75.13092, 32.71911],
          [75.12965, 32.71855],
          [75.12837, 32.71799],
          [75.12794, 32.71778],
          [75.12751, 32.71757],
          [75.12721, 32.71725],
          [75.12691, 32.71692],
          [75.12659, 32.71654],
          [75.12627, 32.71616],
          [75.12596, 32.71593],
          [75.12567, 32.71569],
          [75.12486, 32.71577],
          [75.12405, 32.71586],
          [75.1233, 32.71623],
          [75.12254, 32.71661],
          [75.12158, 32.71702],
          [75.12063, 32.71741],
          [75.11983, 32.71771],
          [75.11925, 32.71745],
          [75.11867, 32.7172],
          [75.11883, 32.71704],
          [75.119, 32.71689],
          [75.11947, 32.71653],
          [75.11995, 32.71618],
          [75.12037, 32.71576],
          [75.1208, 32.71534],
          [75.12099, 32.71499],
          [75.12118, 32.71464],
          [75.12126, 32.71446],
          [75.12149, 32.71399],
          [75.12165, 32.7137],
          [75.12212, 32.71332],
          [75.1226, 32.71293],
          [75.1233, 32.7126],
          [75.12401, 32.71228],
          [75.12418, 32.71201],
          [75.12419, 32.71159],
          [75.1242, 32.71117],
          [75.1239, 32.71058],
          [75.12358, 32.71],
          [75.12325, 32.70937],
          [75.12293, 32.70875],
          [75.12259, 32.70748],
          [75.12123, 32.70848],
          [75.12063, 32.70897],
          [75.12004, 32.70946],
          [75.1193, 32.70992],
          [75.11901, 32.71009],
          [75.11898, 32.71011],
          [75.11895, 32.71013],
          [75.11893, 32.71014],
          [75.11859, 32.71036],
          [75.11839, 32.71046],
          [75.1182, 32.71056],
          [75.11766, 32.71084],
          [75.11672, 32.71095],
          [75.11558, 32.71059],
          [75.11409, 32.70956],
          [75.11369, 32.7097],
          [75.1133, 32.70983],
          [75.11251, 32.71011],
          [75.11196, 32.71027],
          [75.1115, 32.71041],
          [75.11142, 32.71043],
          [75.11142, 32.71043],
          [75.11072, 32.71075],
          [75.10994, 32.71111],
          [75.10993, 32.71112],
          [75.10986, 32.71115],
          [75.10931, 32.71158],
          [75.10877, 32.712],
          [75.10826, 32.71264],
          [75.10774, 32.71327],
          [75.10767, 32.71374],
          [75.10639, 32.71464],
          [75.10514, 32.71552],
          [75.10452, 32.71577],
          [75.10385, 32.71605],
          [75.10301, 32.71617],
          [75.10216, 32.71629],
          [75.10153, 32.71657],
          [75.10058, 32.717],
          [75.10051, 32.71703],
          [75.10036, 32.71713],
          [75.10022, 32.71723],
          [75.09938, 32.71781],
          [75.09878, 32.71797],
          [75.09815, 32.71814],
          [75.0975, 32.718],
          [75.09685, 32.71787],
          [75.09616, 32.71726],
          [75.09547, 32.71666],
          [75.09467, 32.71614],
          [75.09425, 32.71612],
          [75.09384, 32.7161],
          [75.09381, 32.71613],
          [75.09378, 32.71613],
          [75.0935, 32.71637],
          [75.09322, 32.7166],
          [75.09301, 32.7168],
          [75.0928, 32.71699],
          [75.09246, 32.71731],
          [75.09239, 32.71737],
          [75.09202, 32.71815],
          [75.09165, 32.71893],
          [75.09164, 32.71964],
          [75.09163, 32.72034],
          [75.09166, 32.72087],
          [75.09166, 32.72097],
          [75.09169, 32.72139],
          [75.09222, 32.72219],
          [75.09275, 32.72299],
          [75.0936, 32.72451],
          [75.09446, 32.72604],
          [75.09491, 32.72671],
          [75.09595, 32.72821],
          [75.09595, 32.72825],
          [75.09684, 32.72943],
          [75.09686, 32.72945],
          [75.0976, 32.73098],
          [75.09764, 32.73099],
          [75.09766, 32.73104],
          [75.09883, 32.73144],
          [75.09894, 32.73147],
          [75.1018, 32.73246],
          [75.10235, 32.73265],
          [75.10293, 32.73311],
          [75.10464, 32.73447],
          [75.10513, 32.73492],
          [75.10664, 32.73633],
          [75.10804, 32.73784],
          [75.10945, 32.73937],
          [75.11154, 32.74123],
          [75.11154, 32.74123],
          [75.11161, 32.74129],
          [75.11163, 32.74128],
          [75.11256, 32.74186],
          [75.11349, 32.74245],
          [75.11349, 32.74245],
          [75.11446, 32.74243],
          [75.11543, 32.74241],
          [75.11563, 32.74243],
          [75.11665, 32.74251],
          [75.11664, 32.74251],
          [75.11778, 32.74261],
          [75.11785, 32.74262],
          [75.11872, 32.74315],
          [75.11869, 32.74313],
          [75.11954, 32.74365],
          [75.11997, 32.74384],
          [75.12128, 32.74442],
          [75.12328, 32.74279],
          [75.12393, 32.74187],
          [75.12457, 32.74095],
          [75.12553, 32.74057],
          [75.1265, 32.74019],
          [75.12711, 32.73986],
          [75.1277, 32.73951],
          [75.12763, 32.73946],
          [75.12878, 32.73949],
          [75.13008, 32.73952],
          [75.13098, 32.74014],
          [75.13098, 32.74014],
          [75.13063, 32.74106],
          [75.13038, 32.74124],
          [75.13035, 32.74127],
          [75.12959, 32.7418],
          [75.12941, 32.74258],
          [75.13005, 32.74312],
          [75.13008, 32.74313],
          [75.1313, 32.74382],
          [75.13169, 32.74403],
          [75.13209, 32.74424],
          [75.13287, 32.74466],
          [75.13294, 32.74471],
          [75.13351, 32.74513],
          [75.13351, 32.74513],
          [75.13353, 32.74514],
          [75.13359, 32.74519],
          [75.13374, 32.7453],
          [75.13382, 32.74566],
          [75.13389, 32.74592],
          [75.13396, 32.74618],
          [75.13345, 32.74676],
          [75.13294, 32.74735],
          [75.13275, 32.74759],
          [75.13273, 32.74762],
          [75.1321, 32.74843],
          [75.13214, 32.74877],
          [75.13218, 32.74909],
          [75.13244, 32.74956],
          [75.13249, 32.74956],
          [75.13252, 32.74961],
          [75.13252, 32.74962],
          [75.13253, 32.74962],
          [75.13403, 32.74977],
          [75.13404, 32.74977],
          [75.13404, 32.74977],
          [75.13928, 32.7505],
          [75.13998, 32.75247],
          [75.14135, 32.75511],
          [75.14136, 32.75512],
          [75.14139, 32.75517],
          [75.14514, 32.75751],
          [75.14663, 32.75777],
          [75.1494, 32.75825],
          [75.15266, 32.75911],
          [75.15426, 32.75998],
          [75.1549, 32.76033],
          [75.15504, 32.7604],
          [75.15685, 32.76139],
          [75.16118, 32.76268],
          [75.16176, 32.76287],
          [75.16352, 32.76358],
          [75.1637, 32.7635],
          [75.16382, 32.76353],
          [75.16559, 32.76484],
          [75.16559, 32.76484],
          [75.16559, 32.76484],
          [75.16609, 32.7663],
          [75.16702, 32.76784],
          [75.16702, 32.76784],
          [75.16702, 32.76784],
          [75.16692, 32.77028],
          [75.16601, 32.77157],
          [75.16519, 32.77292],
          [75.16509, 32.77293],
          [75.16407, 32.77344],
          [75.16266, 32.7738],
          [75.16203, 32.77414],
          [75.1614, 32.77447],
          [75.16116, 32.77567],
          [75.16064, 32.77683],
          [75.16012, 32.77798],
          [75.1594, 32.77938],
          [75.15894, 32.7803],
          [75.1584, 32.78137],
          [75.15796, 32.78226],
          [75.15792, 32.78238],
          [75.15764, 32.78326],
          [75.15751, 32.7839],
          [75.15738, 32.78454],
          [75.15765, 32.78515],
          [75.15792, 32.78577],
          [75.15795, 32.78708],
          [75.15768, 32.78778],
          [75.1574, 32.78848],
          [75.157, 32.78867],
          [75.15666, 32.78884],
          [75.15661, 32.78886],
          [75.15603, 32.78856],
          [75.15575, 32.78842],
          [75.15544, 32.78826],
          [75.15437, 32.78725],
          [75.15328, 32.787],
          [75.15175, 32.78746],
          [75.1517, 32.78748],
          [75.15079, 32.78779],
          [75.14825, 32.7895],
          [75.14599, 32.79077],
          [75.14328, 32.79122],
          [75.14031, 32.79219],
          [75.13633, 32.79242],
          [75.13383, 32.7929],
          [75.13089, 32.79433],
          [75.12983, 32.7957],
          [75.12936, 32.79631],
          [75.12896, 32.79682],
          [75.12837, 32.79759],
          [75.12826, 32.7985],
          [75.12812, 32.79956],
          [75.12844, 32.80108],
          [75.12875, 32.80261],
          [75.12906, 32.80413],
          [75.12908, 32.80417],
          [75.12909, 32.80423],
          [75.12936, 32.80479],
          [75.12963, 32.80536],
          [75.13, 32.80616],
          [75.13038, 32.80696],
          [75.13077, 32.80809],
          [75.13116, 32.80921],
          [75.13169, 32.81042],
          [75.13179, 32.81129],
          [75.13151, 32.81279],
          [75.13112, 32.81369],
          [75.12997, 32.81467],
          [75.12882, 32.81566],
          [75.12723, 32.81651],
          [75.12646, 32.81703],
          [75.12515, 32.81744],
          [75.12468, 32.81769],
          [75.1236, 32.81824],
          [75.12192, 32.81911],
          [75.12025, 32.81971],
          [75.11892, 32.82045],
          [75.11748, 32.821],
          [75.11686, 32.82142],
          [75.11624, 32.82183],
          [75.11563, 32.82264],
          [75.11569, 32.82314],
          [75.11546, 32.82383],
          [75.11504, 32.82508],
          [75.11475, 32.82596],
          [75.11447, 32.8268],
          [75.11328, 32.82754],
          [75.1116, 32.82912],
          [75.1095, 32.82967],
          [75.10797, 32.83039],
          [75.10609, 32.83167],
          [75.1042, 32.83252],
          [75.1021, 32.83318],
          [75.09862, 32.83446],
          [75.09623, 32.8364],
          [75.09361, 32.83835],
          [75.09129, 32.8395],
          [75.08657, 32.84205],
          [75.0834, 32.84366],
          [75.08009, 32.84558],
          [75.07677, 32.84728],
          [75.07607, 32.84782],
          [75.07572, 32.84855],
          [75.07564, 32.84933],
          [75.07507, 32.84999],
          [75.07439, 32.85043],
          [75.07346, 32.85087],
          [75.07224, 32.8515],
          [75.07076, 32.85202],
          [75.07009, 32.85245],
          [75.07009, 32.85245],
          [75.06822, 32.85376],
          [75.0671, 32.85463],
          [75.06629, 32.85557],
          [75.06552, 32.85638],
          [75.06437, 32.85715],
          [75.06201, 32.85891],
          [75.05976, 32.86098],
          [75.05887, 32.86188],
          [75.05812, 32.8629],
          [75.0581, 32.86294],
          [75.05779, 32.86335],
          [75.05775, 32.86339],
          [75.05744, 32.8638],
          [75.0564, 32.86478],
          [75.05557, 32.86552],
          [75.0545, 32.86607],
          [75.0538, 32.86608],
          [75.05251, 32.86614],
          [75.0516, 32.86623],
          [75.05094, 32.86632],
          [75.04985, 32.86639],
          [75.04824, 32.8672],
          [75.0467, 32.86829],
          [75.04578, 32.86911],
          [75.04494, 32.86974],
          [75.04446, 32.87003],
          [75.04274, 32.87107],
          [75.04221, 32.87121],
          [75.04221, 32.87121],
          [75.04037, 32.87176],
          [75.03902, 32.87197],
          [75.03761, 32.87242],
          [75.03691, 32.87274],
          [75.0362, 32.87305],
          [75.03521, 32.87366],
          [75.03451, 32.87399],
          [75.03381, 32.87431],
          [75.03286, 32.87488],
          [75.03245, 32.87577],
          [75.0319, 32.8768],
          [75.03142, 32.87735],
          [75.02999, 32.87902],
          [75.02842, 32.88056],
          [75.02861, 32.88155],
          [75.02826, 32.88194],
          [75.0272, 32.88312],
          [75.02591, 32.88411],
          [75.02547, 32.88444],
          [75.02442, 32.8856],
          [75.02374, 32.88605],
          [75.02306, 32.8865],
          [75.02193, 32.88707],
          [75.0213, 32.88748],
          [75.0194, 32.88873],
          [75.01866, 32.88914],
          [75.01684, 32.89012],
          [75.01564, 32.89077],
          [75.01463, 32.8912],
          [75.01363, 32.89162],
          [75.01226, 32.8926],
          [75.01203, 32.89299],
          [75.01179, 32.89338],
          [75.0117, 32.89444],
          [75.01146, 32.89531],
          [75.01121, 32.89618],
          [75.01018, 32.89689],
          [75.00917, 32.8976],
          [75.0087, 32.89815],
          [75.00823, 32.8987],
          [75.00738, 32.89948],
          [75.00541, 32.90127],
          [75.00467, 32.90231],
          [75.0038, 32.90353],
          [75.00201, 32.9053],
          [75.00121, 32.90577],
          [75.00027, 32.90615],
          [74.99945, 32.90683],
          [74.99898, 32.90712],
          [74.99728, 32.90877],
          [74.9962, 32.90948],
          [74.99513, 32.91018],
          [74.99342, 32.91104],
          [74.9917, 32.9119],
          [74.99125, 32.91237],
          [74.99079, 32.91285],
          [74.9903, 32.91391],
          [74.98981, 32.91496],
          [74.98848, 32.9162],
          [74.98716, 32.91743],
          [74.98583, 32.91796],
          [74.98523, 32.91796],
          [74.98414, 32.91919],
          [74.98361, 32.92095],
          [74.98258, 32.92142],
          [74.98132, 32.92213],
          [74.98008, 32.92351],
          [74.97883, 32.92487],
          [74.97859, 32.92754],
          [74.97826, 32.92908],
          [74.97763, 32.93001],
          [74.97699, 32.93094],
          [74.97518, 32.93298],
          [74.97449, 32.93427],
          [74.9738, 32.93557],
          [74.97368, 32.93584],
          [74.97308, 32.93725],
          [74.9725, 32.93887],
          [74.97234, 32.93986],
          [74.9717, 32.9404],
          [74.97061, 32.94084],
          [74.97012, 32.94179],
          [74.96996, 32.94219],
          [74.9704, 32.94257],
          [74.97041, 32.94259],
          [74.97043, 32.94269],
          [74.97044, 32.94271],
          [74.97047, 32.94285],
          [74.97048, 32.94286],
          [74.97054, 32.94295],
          [74.97055, 32.94296],
          [74.97064, 32.94305],
          [74.97065, 32.94306],
          [74.97095, 32.94327],
          [74.97097, 32.94328],
          [74.97107, 32.94337],
          [74.97109, 32.94338],
          [74.97138, 32.94356],
          [74.97139, 32.94357],
          [74.97152, 32.94366],
          [74.97154, 32.94367],
          [74.97182, 32.94392],
          [74.97184, 32.94393],
          [74.97214, 32.94436],
          [74.97215, 32.94438],
          [74.97227, 32.94496],
          [74.97229, 32.94508],
          [74.97229, 32.9451],
          [74.97233, 32.94534],
          [74.97233, 32.94536],
          [74.97241, 32.94557],
          [74.97242, 32.94559],
          [74.97265, 32.94591],
          [74.97267, 32.94592],
          [74.97338, 32.94645],
          [74.97339, 32.94646],
          [74.97403, 32.94702],
          [74.97404, 32.94703],
          [74.97423, 32.94721],
          [74.97424, 32.94722],
          [74.97425, 32.94736],
          [74.97425, 32.94738],
          [74.97422, 32.94753],
          [74.97421, 32.94755],
          [74.97421, 32.94769],
          [74.97421, 32.94771],
          [74.97429, 32.94782],
          [74.9743, 32.94784],
          [74.97444, 32.94792],
          [74.97445, 32.94793],
          [74.97482, 32.94816],
          [74.97483, 32.94817],
          [74.97494, 32.94826],
          [74.97496, 32.94827],
          [74.97503, 32.94832],
          [74.97504, 32.94833],
          [74.9751, 32.94836],
          [74.97512, 32.94836],
          [74.97576, 32.9481],
          [74.97578, 32.9481],
          [74.97645, 32.94812],
          [74.97647, 32.94813],
          [74.97664, 32.94829],
          [74.97665, 32.94829],
          [74.97732, 32.94804],
          [74.97734, 32.94804],
          [74.97754, 32.94815],
          [74.97755, 32.94816],
          [74.9776, 32.9483],
          [74.9776, 32.94831],
          [74.97765, 32.94849],
          [74.97765, 32.94851],
          [74.97769, 32.9492],
          [74.97769, 32.94922],
          [74.97769, 32.94947],
          [74.97768, 32.95002],
          [74.97768, 32.95004],
          [74.97769, 32.95042],
          [74.97769, 32.95044],
          [74.97786, 32.95108],
          [74.97787, 32.9511],
          [74.97814, 32.95153],
          [74.97832, 32.95256],
          [74.97832, 32.95257],
          [74.97884, 32.95367],
          [74.97884, 32.95368],
          [74.97851, 32.95403],
          [74.9785, 32.95404],
          [74.97816, 32.95447],
          [74.97816, 32.95449],
          [74.97815, 32.95461],
          [74.97796, 32.95472],
          [74.97779, 32.95488],
          [74.97753, 32.95515],
          [74.97782, 32.95562],
          [74.97786, 32.9557],
          [74.97799, 32.95591],
          [74.9781, 32.95618],
          [74.97831, 32.95669],
          [74.97857, 32.95722],
          [74.97892, 32.95796],
          [74.97893, 32.95796],
          [74.97893, 32.95797],
          [74.97955, 32.9583],
          [74.98003, 32.95856],
          [74.9807, 32.95923],
          [74.98143, 32.96016],
          [74.98179, 32.96037],
          [74.9824, 32.96075],
          [74.98269, 32.96082],
          [74.98428, 32.96124],
          [74.98447, 32.96171],
          [74.98466, 32.9622],
          [74.98461, 32.96302],
          [74.98468, 32.96325],
          [74.98475, 32.96348],
          [74.98499, 32.96382],
          [74.98524, 32.96416],
          [74.98529, 32.96478],
          [74.98508, 32.96533],
          [74.98467, 32.96581],
          [74.98467, 32.9662],
          [74.98497, 32.96672],
          [74.98462, 32.96749],
          [74.98433, 32.96785],
          [74.98405, 32.96821],
          [74.98386, 32.96865],
          [74.98392, 32.96961],
          [74.98369, 32.97162],
          [74.9843, 32.97219],
          [74.98491, 32.97275],
          [74.98616, 32.97328],
          [74.98671, 32.9735],
          [74.98646, 32.97299],
          [74.98646, 32.97299],
          [74.98648, 32.9728],
          [74.98658, 32.97208],
          [74.98715, 32.97173],
          [74.98789, 32.97175],
          [74.98818, 32.97182],
          [74.9883, 32.97185],
          [74.98836, 32.97186],
          [74.98871, 32.97195],
          [74.98919, 32.97236],
          [74.9893, 32.97245],
          [74.98955, 32.97267],
          [74.98989, 32.97296],
          [74.99031, 32.97335],
          [74.99069, 32.97325],
          [74.99073, 32.97322],
          [74.99091, 32.97307],
          [74.99112, 32.97288],
          [74.99125, 32.97262],
          [74.9913, 32.97251],
          [74.99137, 32.97236],
          [74.99167, 32.97204],
          [74.99205, 32.97195],
          [74.99216, 32.97197],
          [74.99259, 32.97207],
          [74.99292, 32.97196],
          [74.99325, 32.97185],
          [74.99336, 32.97146],
          [74.99343, 32.9712],
          [74.9936, 32.97079],
          [74.99377, 32.97039],
          [74.9944, 32.97004],
          [74.99506, 32.96991],
          [74.9957, 32.96978],
          [74.99642, 32.96916],
          [74.997, 32.96854],
          [74.99756, 32.96791],
          [74.99763, 32.96775],
          [74.99791, 32.96711],
          [74.99787, 32.96649],
          [74.99785, 32.96617],
          [74.99785, 32.96617],
          [74.99784, 32.96587],
          [74.99829, 32.96524],
          [74.99836, 32.96521],
          [74.99842, 32.96518],
          [74.99905, 32.96487],
          [74.99908, 32.96486],
          [74.9993, 32.96649],
          [75.00114, 32.98049],
          [75.00098, 32.98136],
          [74.99908, 32.99169],
          [74.99981, 32.99147],
          [75.0002, 32.99137],
          [75.00057, 32.99127],
          [75.00206, 32.99085],
          [75.00206, 32.99085],
          [75.00216, 32.99082],
          [75.00281, 32.99064],
          [75.00387, 32.99008],
          [75.00431, 32.98991],
          [75.00481, 32.9897],
          [75.00585, 32.98914],
          [75.00639, 32.98878],
          [75.00639, 32.98878],
          [75.00639, 32.98878],
          [75.00639, 32.98878],
          [75.0064, 32.98878],
          [75.0064, 32.98877],
          [75.00641, 32.98877],
          [75.00641, 32.98876],
          [75.00642, 32.98876],
          [75.00643, 32.98875],
          [75.00644, 32.98874],
          [75.00645, 32.98874],
          [75.00646, 32.98873],
          [75.00648, 32.98872],
          [75.00649, 32.98871],
          [75.0065, 32.9887],
          [75.00652, 32.9887],
          [75.00653, 32.98869],
          [75.00655, 32.98868],
          [75.00656, 32.98867],
          [75.00658, 32.98866],
          [75.00659, 32.98865],
          [75.00661, 32.98863],
          [75.00662, 32.98862],
          [75.00664, 32.98861],
          [75.00666, 32.9886],
          [75.00667, 32.98859],
          [75.00669, 32.98858],
          [75.00671, 32.98857],
          [75.00672, 32.98856],
          [75.00674, 32.98855],
          [75.00675, 32.98854],
          [75.00677, 32.98853],
          [75.00678, 32.98852],
          [75.0068, 32.98851],
          [75.00681, 32.9885],
          [75.00683, 32.98849],
          [75.00684, 32.98848],
          [75.00685, 32.98847],
          [75.00686, 32.98847],
          [75.00687, 32.98846],
          [75.00688, 32.98845],
          [75.00689, 32.98845],
          [75.0069, 32.98844],
          [75.00691, 32.98844],
          [75.00692, 32.98843],
          [75.00692, 32.98843],
          [75.00693, 32.98843],
          [75.00693, 32.98842],
          [75.00693, 32.98842],
          [75.00693, 32.98842],
          [75.00694, 32.98842],
          [75.00694, 32.98842],
          [75.00694, 32.98842],
          [75.00694, 32.98842],
          [75.00694, 32.98842],
          [75.00694, 32.98842],
          [75.00695, 32.98842],
          [75.00695, 32.98842],
          [75.00695, 32.98842],
          [75.00695, 32.98842],
          [75.00695, 32.98842],
          [75.00696, 32.98842],
          [75.00696, 32.98842],
          [75.00696, 32.98842],
          [75.00696, 32.98842],
          [75.00696, 32.98842],
          [75.00697, 32.98842],
          [75.00697, 32.98842],
          [75.00697, 32.98842],
          [75.00697, 32.98842],
          [75.00698, 32.98842],
          [75.00698, 32.98842],
          [75.00698, 32.98842],
          [75.00698, 32.98842],
          [75.00698, 32.98842],
          [75.00698, 32.98843],
          [75.00698, 32.98843],
          [75.00699, 32.98843],
          [75.00699, 32.98843],
          [75.00699, 32.98843],
          [75.00699, 32.98843],
          [75.00699, 32.98843],
          [75.00699, 32.98843],
          [75.00699, 32.98843],
          [75.00699, 32.98843],
          [75.00699, 32.98843],
          [75.007, 32.98843],
          [75.007, 32.98843],
          [75.007, 32.98843],
          [75.007, 32.98843],
          [75.007, 32.98843],
          [75.007, 32.98843],
          [75.007, 32.98843],
          [75.007, 32.98843],
          [75.007, 32.98843],
          [75.007, 32.98843],
          [75.007, 32.98843],
          [75.00701, 32.98843],
          [75.00702, 32.98843],
          [75.00704, 32.98843],
          [75.00705, 32.98843],
          [75.00707, 32.98843],
          [75.0071, 32.98843],
          [75.00712, 32.98843],
          [75.00715, 32.98843],
          [75.00718, 32.98843],
          [75.00722, 32.98843],
          [75.00725, 32.98844],
          [75.00729, 32.98844],
          [75.00733, 32.98844],
          [75.00737, 32.98844],
          [75.00741, 32.98844],
          [75.00745, 32.98844],
          [75.0075, 32.98845],
          [75.00754, 32.98845],
          [75.00759, 32.98845],
          [75.00764, 32.98845],
          [75.00769, 32.98845],
          [75.00774, 32.98846],
          [75.00778, 32.98846],
          [75.00783, 32.98846],
          [75.00788, 32.98846],
          [75.00793, 32.98846],
          [75.00798, 32.98847],
          [75.00803, 32.98847],
          [75.00807, 32.98847],
          [75.00812, 32.98847],
          [75.00817, 32.98847],
          [75.00821, 32.98848],
          [75.00825, 32.98848],
          [75.00829, 32.98848],
          [75.00833, 32.98848],
          [75.00837, 32.98848],
          [75.00841, 32.98849],
          [75.00844, 32.98849],
          [75.00848, 32.98849],
          [75.00851, 32.98849],
          [75.00864, 32.98849],
          [75.00895, 32.98851],
          [75.00957, 32.98854],
          [75.00982, 32.98867],
          [75.01018, 32.98886],
          [75.01045, 32.989],
          [75.01078, 32.98917],
          [75.01122, 32.98954],
          [75.01166, 32.98991],
          [75.01187, 32.99017],
          [75.01194, 32.99026],
          [75.012, 32.99034],
          [75.0121, 32.99048],
          [75.01228, 32.99058],
          [75.01239, 32.99064],
          [75.01245, 32.99067],
          [75.01305, 32.99081],
          [75.01326, 32.99087],
          [75.01365, 32.99096],
          [75.01395, 32.991],
          [75.014, 32.99101],
          [75.01418, 32.99081],
          [75.01421, 32.99077],
          [75.01443, 32.99052],
          [75.01457, 32.99053],
          [75.01489, 32.99054],
          [75.01535, 32.99055],
          [75.01587, 32.99063],
          [75.01637, 32.99069],
          [75.01639, 32.99069],
          [75.01639, 32.99069],
          [75.01675, 32.99072],
          [75.01675, 32.99072],
          [75.01712, 32.99075],
          [75.01752, 32.99093],
          [75.01792, 32.9911],
          [75.01813, 32.99128],
          [75.01817, 32.99131],
          [75.01833, 32.99145],
          [75.01857, 32.99158],
          [75.01864, 32.99162],
          [75.01868, 32.99164],
          [75.01894, 32.99179],
          [75.01925, 32.99196],
          [75.01953, 32.99212],
          [75.01955, 32.99213],
          [75.01955, 32.99213],
          [75.02007, 32.9921],
          [75.02058, 32.99207],
          [75.0213, 32.99227],
          [75.0213, 32.99227],
          [75.0213, 32.99227],
          [75.02131, 32.99227],
          [75.02131, 32.99227],
          [75.02131, 32.99227],
          [75.02132, 32.99227],
          [75.02132, 32.99227],
          [75.02133, 32.99228],
          [75.02133, 32.99228],
          [75.02134, 32.99228],
          [75.02134, 32.99228],
          [75.02135, 32.99228],
          [75.02135, 32.99228],
          [75.02136, 32.99229],
          [75.02137, 32.99229],
          [75.02138, 32.99229],
          [75.02138, 32.99229],
          [75.02139, 32.99229],
          [75.0214, 32.9923],
          [75.02141, 32.9923],
          [75.02141, 32.9923],
          [75.02142, 32.9923],
          [75.02143, 32.99231],
          [75.02144, 32.99231],
          [75.02145, 32.99231],
          [75.02145, 32.99231],
          [75.02146, 32.99232],
          [75.02147, 32.99232],
          [75.02148, 32.99232],
          [75.02149, 32.99232],
          [75.02149, 32.99233],
          [75.0215, 32.99233],
          [75.02151, 32.99233],
          [75.02152, 32.99233],
          [75.02152, 32.99233],
          [75.02153, 32.99234],
          [75.02153, 32.99234],
          [75.02154, 32.99234],
          [75.02155, 32.99234],
          [75.02155, 32.99234],
          [75.02156, 32.99234],
          [75.02156, 32.99235],
          [75.02156, 32.99235],
          [75.02157, 32.99235],
          [75.02157, 32.99235],
          [75.02157, 32.99235],
          [75.02157, 32.99235],
          [75.02157, 32.99235],
          [75.02157, 32.99235],
          [75.02186, 32.99238],
          [75.02212, 32.9924],
          [75.02216, 32.99241],
          [75.02235, 32.99222]
        ]
      ]
    ]
  }
}
