{
  "type": "Feature",
  "id": "HP-AC-21",
  "properties": {
    "stateName": "HIMACHAL PRADESH",
    "stateCode": "HP",
    "districtName": "LAHUL & SPITI",
    "acNo": 21,
    "acName": "LAHAUL & SPITI",
    "seatType": null,
    "pcNo": null,
    "pcName": null,
    "quality": "unverified",
    "sources": [
      "TBD"
    ]
  },
  "geometry": {
    "type": "Polygon",
    "coordinates": [
      [
        [76.77123, 33.24963],
        [76.77117, 33.24971],
        [76.77202, 33.25135],
        [76.77389, 33.25291],
        [76.77554, 33.25363],
        [76.77777, 33.254],
        [76.77937, 33.25426],
        [76.78056, 33.25436],
        [76.78206, 33.254],
        [76.78299, 33.25384],
        [76.78398, 33.25368],
        [76.78445, 33.2538],
        [76.78584, 33.25415],
        [76.78796, 33.25508],
        [76.78946, 33.25591],
        [76.79044, 33.25591],
        [76.79184, 33.25659],
        [76.792, 33.2569],
        [76.79246, 33.25695],
        [76.79272, 33.25664],
        [76.79396, 33.25648],
        [76.79468, 33.25638],
        [76.79541, 33.25622],
        [76.79598, 33.25633],
        [76.79763, 33.25648],
        [76.79929, 33.25607],
        [76.80281, 33.25379],
        [76.80415, 33.25141],
        [76.80457, 33.25001],
        [76.80486, 33.24963],
        [76.8049, 33.24955],
        [76.80506, 33.24906],
        [76.80601, 33.24764],
        [76.80666, 33.2464],
        [76.8067, 33.24585],
        [76.80692, 33.24527],
        [76.80708, 33.24503],
        [76.80746, 33.24485],
        [76.80792, 33.24462],
        [76.80927, 33.24342],
        [76.81259, 33.24091],
        [76.81404, 33.23994],
        [76.81516, 33.2392],
        [76.81667, 33.23823],
        [76.81754, 33.23754],
        [76.81844, 33.23675],
        [76.81949, 33.23628],
        [76.82018, 33.23607],
        [76.82102, 33.23601],
        [76.82155, 33.23617],
        [76.8221, 33.2365],
        [76.82235, 33.2368],
        [76.82272, 33.23713],
        [76.82283, 33.23762],
        [76.82304, 33.23961],
        [76.82326, 33.24147],
        [76.82348, 33.24261],
        [76.82386, 33.24355],
        [76.82426, 33.24411],
        [76.82565, 33.24524],
        [76.82793, 33.24678],
        [76.82954, 33.24817],
        [76.8309, 33.24931],
        [76.83118, 33.24934],
        [76.83153, 33.24931],
        [76.83235, 33.2491],
        [76.8334, 33.24862],
        [76.8344, 33.24811],
        [76.83521, 33.24795],
        [76.83623, 33.24797],
        [76.8373, 33.24797],
        [76.83837, 33.24767],
        [76.83967, 33.24734],
        [76.8406, 33.24715],
        [76.84245, 33.24703],
        [76.84316, 33.24687],
        [76.8434, 33.24654],
        [76.84354, 33.24561],
        [76.84382, 33.24439],
        [76.8445, 33.24298],
        [76.84466, 33.24239],
        [76.84455, 33.24219],
        [76.84352, 33.24166],
        [76.84165, 33.2406],
        [76.84074, 33.2396],
        [76.83977, 33.23852],
        [76.83851, 33.23685],
        [76.83821, 33.23589],
        [76.83764, 33.23408],
        [76.83744, 33.23364],
        [76.83642, 33.2329],
        [76.83452, 33.23154],
        [76.83378, 33.23099],
        [76.83225, 33.2296],
        [76.83159, 33.22851],
        [76.83074, 33.22743],
        [76.83062, 33.22671],
        [76.8304, 33.22537],
        [76.83012, 33.22466],
        [76.82938, 33.22394],
        [76.82793, 33.22308],
        [76.82774, 33.22252],
        [76.828, 33.22168],
        [76.82822, 33.22044],
        [76.82847, 33.21961],
        [76.82837, 33.21867],
        [76.82822, 33.21812],
        [76.82742, 33.2171],
        [76.82633, 33.21627],
        [76.82577, 33.21588],
        [76.82563, 33.21533],
        [76.82583, 33.2147],
        [76.82639, 33.21452],
        [76.82736, 33.21409],
        [76.82869, 33.21368],
        [76.83083, 33.21297],
        [76.83189, 33.2126],
        [76.83195, 33.21214],
        [76.83188, 33.21132],
        [76.83128, 33.21028],
        [76.83138, 33.20991],
        [76.83199, 33.20973],
        [76.83282, 33.20955],
        [76.83348, 33.20924],
        [76.83408, 33.20873],
        [76.83433, 33.20841],
        [76.83438, 33.20737],
        [76.83455, 33.20539],
        [76.83438, 33.20493],
        [76.83398, 33.2047],
        [76.83235, 33.20401],
        [76.83008, 33.20346],
        [76.82911, 33.20301],
        [76.82843, 33.20238],
        [76.82704, 33.20155],
        [76.82617, 33.20094],
        [76.82535, 33.19973],
        [76.8244, 33.19829],
        [76.82368, 33.19758],
        [76.82305, 33.19741],
        [76.82199, 33.19731],
        [76.821, 33.19678],
        [76.81927, 33.19607],
        [76.81831, 33.19519],
        [76.81756, 33.19434],
        [76.81746, 33.19413],
        [76.81802, 33.19397],
        [76.81869, 33.19356],
        [76.81917, 33.19279],
        [76.81941, 33.19181],
        [76.81955, 33.19075],
        [76.81955, 33.18988],
        [76.81971, 33.18935],
        [76.8202, 33.18874],
        [76.8207, 33.18804],
        [76.82177, 33.18672],
        [76.82219, 33.18566],
        [76.82247, 33.18432],
        [76.82239, 33.18355],
        [76.82188, 33.18306],
        [76.82094, 33.18216],
        [76.82016, 33.18104],
        [76.81891, 33.18004],
        [76.81698, 33.17908],
        [76.81531, 33.17835],
        [76.8138, 33.1776],
        [76.81362, 33.17731],
        [76.81382, 33.17699],
        [76.8139, 33.17638],
        [76.81368, 33.17566],
        [76.81332, 33.17463],
        [76.81294, 33.17328],
        [76.81305, 33.17151],
        [76.81371, 33.17027],
        [76.81507, 33.16937],
        [76.81654, 33.16815],
        [76.8174, 33.16681],
        [76.81748, 33.16605],
        [76.81726, 33.16461],
        [76.81686, 33.16281],
        [76.81676, 33.16158],
        [76.81696, 33.15978],
        [76.81754, 33.15838],
        [76.81897, 33.15597],
        [76.81994, 33.1543],
        [76.82036, 33.15363],
        [76.82128, 33.15296],
        [76.82255, 33.15211],
        [76.82294, 33.15105],
        [76.82376, 33.14997],
        [76.82442, 33.14915],
        [76.82517, 33.14838],
        [76.82587, 33.14795],
        [76.82676, 33.14763],
        [76.82793, 33.1473],
        [76.82923, 33.14706],
        [76.82982, 33.14659],
        [76.82996, 33.14567],
        [76.82971, 33.14471],
        [76.82982, 33.14359],
        [76.83006, 33.14301],
        [76.83072, 33.14235],
        [76.83141, 33.1419],
        [76.83272, 33.14142],
        [76.8339, 33.14107],
        [76.83491, 33.14082],
        [76.83581, 33.14107],
        [76.83712, 33.1414],
        [76.83863, 33.14135],
        [76.83938, 33.14103],
        [76.84074, 33.14001],
        [76.84247, 33.13899],
        [76.844, 33.13806],
        [76.84444, 33.13761],
        [76.84463, 33.13657],
        [76.84453, 33.1361],
        [76.84394, 33.13535],
        [76.84316, 33.1346],
        [76.84279, 33.13374],
        [76.8427, 33.1325],
        [76.84286, 33.13052],
        [76.84308, 33.13032],
        [76.84368, 33.13028],
        [76.84479, 33.13044],
        [76.84605, 33.13006],
        [76.84768, 33.12938],
        [76.8496, 33.12853],
        [76.85109, 33.12769],
        [76.85225, 33.12678],
        [76.85283, 33.12598],
        [76.85292, 33.12568],
        [76.8529, 33.12519],
        [76.85273, 33.12482],
        [76.85189, 33.12411],
        [76.85065, 33.12325],
        [76.84958, 33.12224],
        [76.84927, 33.12114],
        [76.84933, 33.12024],
        [76.84988, 33.11902],
        [76.8505, 33.11819],
        [76.85121, 33.11792],
        [76.85277, 33.11714],
        [76.85428, 33.11631],
        [76.85466, 33.11594],
        [76.85489, 33.11552],
        [76.85487, 33.11495],
        [76.85507, 33.11458],
        [76.85529, 33.11429],
        [76.85577, 33.11415],
        [76.85895, 33.11336],
        [76.86058, 33.11303],
        [76.86241, 33.11283],
        [76.86399, 33.11291],
        [76.8667, 33.11322],
        [76.86809, 33.11369],
        [76.86916, 33.11375],
        [76.87002, 33.11344],
        [76.87036, 33.11352],
        [76.87107, 33.11411],
        [76.8721, 33.11517],
        [76.87457, 33.11729],
        [76.87573, 33.11843],
        [76.87715, 33.11906],
        [76.87869, 33.11951],
        [76.88043, 33.11994],
        [76.8822, 33.1201],
        [76.88294, 33.12038],
        [76.8838, 33.1212],
        [76.88471, 33.12158],
        [76.88517, 33.12165],
        [76.88535, 33.12128],
        [76.88548, 33.12063],
        [76.88599, 33.11993],
        [76.88744, 33.11877],
        [76.88867, 33.11753],
        [76.89, 33.11597],
        [76.89119, 33.11472],
        [76.89177, 33.11336],
        [76.89268, 33.11126],
        [76.89302, 33.11049],
        [76.893, 33.10981],
        [76.89288, 33.10886],
        [76.89264, 33.10774],
        [76.89244, 33.107],
        [76.89254, 33.10584],
        [76.89296, 33.10531],
        [76.89403, 33.10444],
        [76.89477, 33.10373],
        [76.89522, 33.10285],
        [76.89618, 33.10242],
        [76.897, 33.10175],
        [76.89732, 33.1012],
        [76.89753, 33.10069],
        [76.89761, 33.09937],
        [76.89767, 33.09896],
        [76.89793, 33.09872],
        [76.89871, 33.09833],
        [76.90077, 33.09774],
        [76.90375, 33.09678],
        [76.90606, 33.09593],
        [76.90789, 33.09514],
        [76.9088, 33.09463],
        [76.90924, 33.09412],
        [76.90944, 33.0932],
        [76.90964, 33.09194],
        [76.91009, 33.0908],
        [76.91009, 33.09023],
        [76.90986, 33.08953],
        [76.90938, 33.08903],
        [76.90803, 33.08807],
        [76.90684, 33.08679],
        [76.90588, 33.08544],
        [76.90504, 33.08357],
        [76.90479, 33.08235],
        [76.90495, 33.08106],
        [76.90561, 33.07878],
        [76.90594, 33.07862],
        [76.90732, 33.07799],
        [76.90952, 33.07699],
        [76.91049, 33.07652],
        [76.91113, 33.07602],
        [76.91133, 33.07547],
        [76.91135, 33.07453],
        [76.91115, 33.07231],
        [76.91125, 33.07186],
        [76.91183, 33.07113],
        [76.91306, 33.07001],
        [76.91385, 33.06907],
        [76.91413, 33.06815],
        [76.91421, 33.06643],
        [76.91407, 33.06392],
        [76.91453, 33.06355],
        [76.91549, 33.06245],
        [76.91665, 33.06107],
        [76.91727, 33.05964],
        [76.91751, 33.05891],
        [76.91827, 33.0572],
        [76.91893, 33.05632],
        [76.92043, 33.05528],
        [76.92123, 33.05465],
        [76.92214, 33.05384],
        [76.92252, 33.0526],
        [76.92283, 33.05109],
        [76.92322, 33.05028],
        [76.92429, 33.04934],
        [76.92546, 33.04773],
        [76.92578, 33.04659],
        [76.92568, 33.04527],
        [76.92578, 33.04417],
        [76.92592, 33.044],
        [76.9266, 33.04313],
        [76.92671, 33.0425],
        [76.9263, 33.04111],
        [76.92582, 33.03914],
        [76.92602, 33.03845],
        [76.92675, 33.03714],
        [76.92805, 33.03499],
        [76.92864, 33.03354],
        [76.92868, 33.03203],
        [76.92988, 33.03153],
        [76.93065, 33.03106],
        [76.93204, 33.02957],
        [76.93296, 33.02849],
        [76.93347, 33.02822],
        [76.93472, 33.02849],
        [76.93725, 33.02849],
        [76.93908, 33.02843],
        [76.94107, 33.02849],
        [76.94155, 33.02839],
        [76.9421, 33.02804],
        [76.943, 33.02727],
        [76.94383, 33.02625],
        [76.94461, 33.02544],
        [76.94554, 33.02487],
        [76.9465, 33.02383],
        [76.94763, 33.0222],
        [76.949, 33.02087],
        [76.94962, 33.02],
        [76.95067, 33.01845],
        [76.9512, 33.01847],
        [76.95196, 33.01835],
        [76.95272, 33.01815],
        [76.95423, 33.01725],
        [76.95634, 33.0165],
        [76.9584, 33.01593],
        [76.95911, 33.0157],
        [76.96015, 33.01536],
        [76.96053, 33.01477],
        [76.96101, 33.01351],
        [76.96162, 33.01232],
        [76.96176, 33.01149],
        [76.96168, 33.01082],
        [76.96101, 33.00966],
        [76.96091, 33.00911],
        [76.96168, 33.00852],
        [76.96234, 33.0078],
        [76.96297, 33.0065],
        [76.96444, 33.00497],
        [76.96555, 33.00408],
        [76.96681, 33.00426],
        [76.96814, 33.00438],
        [76.96864, 33.00406],
        [76.96922, 33.00347],
        [76.97017, 33.00241],
        [76.97111, 33.00131],
        [76.97121, 33.00092],
        [76.97162, 33.00045],
        [76.97233, 33.00019],
        [76.973, 32.99984],
        [76.98089, 32.9999],
        [76.98174, 33.00056],
        [76.98325, 33.00098],
        [76.98558, 33.00117],
        [76.98722, 33.00143],
        [76.98846, 33.00198],
        [76.98902, 33.00247],
        [76.98939, 33.00251],
        [76.99045, 33.00217],
        [76.99176, 33.00192],
        [76.99245, 33.00184],
        [76.99269, 33.00119],
        [76.99301, 33.00037],
        [76.99341, 32.99984],
        [76.99345, 32.99974],
        [76.99476, 32.99833],
        [76.99572, 32.99752],
        [76.99627, 32.99704],
        [76.99723, 32.99661],
        [76.99861, 32.99623],
        [76.99967, 32.99593],
        [77.00046, 32.99565],
        [77.00058, 32.99537],
        [77.00113, 32.9943],
        [77.00127, 32.99412],
        [77.00153, 32.99393],
        [77.00288, 32.9936],
        [77.00481, 32.99323],
        [77.00638, 32.99264],
        [77.00752, 32.99215],
        [77.00808, 32.99173],
        [77.00906, 32.99083],
        [77.00934, 32.99041],
        [77.00967, 32.98989],
        [77.00992, 32.98952],
        [77.01011, 32.98922],
        [77.0103, 32.9891],
        [77.01132, 32.98899],
        [77.01262, 32.98889],
        [77.01314, 32.98894],
        [77.0141, 32.98895],
        [77.0147, 32.98927],
        [77.01586, 32.98969],
        [77.01763, 32.99013],
        [77.01895, 32.99032],
        [77.02041, 32.99062],
        [77.02109, 32.99095],
        [77.02144, 32.99106],
        [77.02176, 32.99108],
        [77.02295, 32.99125],
        [77.02388, 32.99169],
        [77.02416, 32.99176],
        [77.02461, 32.99181],
        [77.02517, 32.99185],
        [77.02586, 32.99183],
        [77.02689, 32.9916],
        [77.02836, 32.9915],
        [77.02974, 32.99137],
        [77.0303, 32.99113],
        [77.03174, 32.99046],
        [77.03209, 32.99032],
        [77.03258, 32.99027],
        [77.033, 32.99036],
        [77.03323, 32.99048],
        [77.03337, 32.99064],
        [77.03428, 32.99171],
        [77.03493, 32.99248],
        [77.03783, 32.99533],
        [77.03988, 32.99808],
        [77.04009, 32.9982],
        [77.04186, 32.99859],
        [77.04335, 32.9989],
        [77.04644, 32.99906],
        [77.049, 32.99904],
        [77.04921, 32.99892],
        [77.04951, 32.99825],
        [77.05035, 32.99724],
        [77.05206, 32.99621],
        [77.05376, 32.99549],
        [77.05522, 32.99494],
        [77.0555, 32.99477],
        [77.05581, 32.99442],
        [77.0563, 32.99365],
        [77.05793, 32.99183],
        [77.05907, 32.99106],
        [77.06082, 32.99008],
        [77.06224, 32.98943],
        [77.06408, 32.98894],
        [77.06576, 32.98834],
        [77.06656, 32.98807],
        [77.06784, 32.98749],
        [77.06889, 32.98679],
        [77.06966, 32.98586],
        [77.07101, 32.98505],
        [77.07145, 32.98449],
        [77.07215, 32.98426],
        [77.07292, 32.98416],
        [77.07558, 32.98367],
        [77.07875, 32.98334],
        [77.07961, 32.98339],
        [77.07989, 32.98337],
        [77.08029, 32.98304],
        [77.08041, 32.98281],
        [77.0808, 32.98169],
        [77.08127, 32.98034],
        [77.08171, 32.97946],
        [77.08188, 32.97901],
        [77.08201, 32.97864],
        [77.0822, 32.97825],
        [77.08227, 32.97797],
        [77.08222, 32.97704],
        [77.08204, 32.97646],
        [77.08197, 32.97625],
        [77.08195, 32.97597],
        [77.08209, 32.97553],
        [77.08316, 32.97469],
        [77.08495, 32.97313],
        [77.08608, 32.97233],
        [77.08636, 32.97231],
        [77.0889, 32.9728],
        [77.09013, 32.97301],
        [77.09081, 32.97301],
        [77.09134, 32.97289],
        [77.09162, 32.97278],
        [77.09199, 32.97252],
        [77.09332, 32.9718],
        [77.0943, 32.97131],
        [77.09465, 32.97119],
        [77.095, 32.9711],
        [77.09549, 32.97105],
        [77.096, 32.97119],
        [77.09804, 32.97161],
        [77.09855, 32.97166],
        [77.09955, 32.97164],
        [77.10055, 32.97187],
        [77.10202, 32.9724],
        [77.10277, 32.97278],
        [77.10381, 32.9731],
        [77.10489, 32.97331],
        [77.10593, 32.9735],
        [77.10694, 32.97389],
        [77.10857, 32.97434],
        [77.1109, 32.97518],
        [77.11128, 32.97536],
        [77.11155, 32.97583],
        [77.11176, 32.97648],
        [77.11174, 32.9781],
        [77.11167, 32.97889],
        [77.11188, 32.97945],
        [77.11202, 32.9797],
        [77.11268, 32.98045],
        [77.11407, 32.98187],
        [77.11498, 32.9831],
        [77.11563, 32.98413],
        [77.11584, 32.98455],
        [77.11612, 32.98476],
        [77.11817, 32.98422],
        [77.12039, 32.98366],
        [77.12233, 32.9829],
        [77.12373, 32.98206],
        [77.12543, 32.98129],
        [77.12706, 32.98102],
        [77.12886, 32.98062],
        [77.13088, 32.98043],
        [77.13224, 32.98047],
        [77.13285, 32.98027],
        [77.13415, 32.97978],
        [77.13462, 32.97964],
        [77.13504, 32.97961],
        [77.13539, 32.97961],
        [77.13651, 32.9798],
        [77.13916, 32.98075],
        [77.14037, 32.98089],
        [77.14135, 32.98103],
        [77.14242, 32.98101],
        [77.14277, 32.98092],
        [77.14321, 32.98064],
        [77.14389, 32.98022],
        [77.14457, 32.97978],
        [77.14524, 32.97903],
        [77.14649, 32.97833],
        [77.14735, 32.97808],
        [77.14863, 32.97801],
        [77.14896, 32.97805],
        [77.14921, 32.97815],
        [77.14949, 32.97824],
        [77.14973, 32.97815],
        [77.14975, 32.97796],
        [77.15, 32.97659],
        [77.14996, 32.97582],
        [77.14984, 32.97409],
        [77.14938, 32.97222],
        [77.14928, 32.9716],
        [77.14928, 32.97097],
        [77.14938, 32.96957],
        [77.1494, 32.96837],
        [77.14935, 32.96797],
        [77.14921, 32.96767],
        [77.14886, 32.96725],
        [77.14844, 32.96681],
        [77.14805, 32.96639],
        [77.14789, 32.96599],
        [77.14786, 32.96569],
        [77.14786, 32.9655],
        [77.14786, 32.96527],
        [77.1483, 32.96429],
        [77.14903, 32.96219],
        [77.14914, 32.96146],
        [77.14912, 32.96035],
        [77.14903, 32.95918],
        [77.14901, 32.95865],
        [77.14903, 32.95811],
        [77.14912, 32.95762],
        [77.14912, 32.95718],
        [77.14901, 32.95667],
        [77.14898, 32.95639],
        [77.14905, 32.95606],
        [77.14924, 32.95579],
        [77.1494, 32.95562],
        [77.14994, 32.95534],
        [77.15178, 32.95476],
        [77.15437, 32.95424],
        [77.15661, 32.95405],
        [77.15877, 32.9535],
        [77.16033, 32.95322],
        [77.16068, 32.95312],
        [77.16089, 32.95298],
        [77.16117, 32.95247],
        [77.16164, 32.95157],
        [77.16199, 32.95077],
        [77.16201, 32.94994],
        [77.16203, 32.94916],
        [77.16187, 32.94804],
        [77.16154, 32.94699],
        [77.16152, 32.94625],
        [77.16131, 32.94536],
        [77.16073, 32.94321],
        [77.16008, 32.94181],
        [77.15982, 32.94118],
        [77.15963, 32.94063],
        [77.15952, 32.94028],
        [77.15945, 32.93993],
        [77.15942, 32.93965],
        [77.15938, 32.93928],
        [77.15935, 32.93907],
        [77.15935, 32.93879],
        [77.15938, 32.9386],
        [77.15942, 32.93837],
        [77.15949, 32.93816],
        [77.15966, 32.938],
        [77.15982, 32.93786],
        [77.16054, 32.9376],
        [77.1622, 32.93736],
        [77.16337, 32.93729],
        [77.16362, 32.93731],
        [77.1639, 32.9372],
        [77.16395, 32.93699],
        [77.16388, 32.93589],
        [77.16386, 32.93561],
        [77.16383, 32.93538],
        [77.16372, 32.9351],
        [77.1629, 32.93438],
        [77.16211, 32.93361],
        [77.16171, 32.93305],
        [77.16148, 32.93275],
        [77.16134, 32.93225],
        [77.16129, 32.93162],
        [77.16145, 32.93062],
        [77.1618, 32.92964],
        [77.16227, 32.92797],
        [77.16295, 32.92493],
        [77.16311, 32.92383],
        [77.1633, 32.92218],
        [77.16334, 32.92171],
        [77.16348, 32.92094],
        [77.16362, 32.92027],
        [77.16406, 32.91945],
        [77.16418, 32.91918],
        [77.16418, 32.9189],
        [77.16404, 32.91857],
        [77.16351, 32.9175],
        [77.1615, 32.91455],
        [77.16073, 32.91337],
        [77.16043, 32.91302],
        [77.16015, 32.91276],
        [77.15985, 32.9125],
        [77.15961, 32.91241],
        [77.15887, 32.9123],
        [77.1581, 32.91216],
        [77.15773, 32.91211],
        [77.15705, 32.91192],
        [77.15714, 32.91169],
        [77.15838, 32.91171],
        [77.16057, 32.91176],
        [77.16171, 32.9116],
        [77.16406, 32.91113],
        [77.16601, 32.91073],
        [77.16757, 32.91062],
        [77.1695, 32.91073],
        [77.17022, 32.91076],
        [77.17085, 32.9111],
        [77.17248, 32.91201],
        [77.17461, 32.91367],
        [77.17512, 32.91432],
        [77.17531, 32.91467],
        [77.17522, 32.91512],
        [77.17522, 32.91579],
        [77.17554, 32.91677],
        [77.17629, 32.91855],
        [77.17715, 32.92004],
        [77.17736, 32.92095],
        [77.17775, 32.92171],
        [77.17845, 32.92276],
        [77.17985, 32.92391],
        [77.18172, 32.92519],
        [77.18374, 32.92603],
        [77.18626, 32.92696],
        [77.18735, 32.92764],
        [77.18787, 32.9281],
        [77.18801, 32.92852],
        [77.18826, 32.92882],
        [77.18857, 32.92866],
        [77.1892, 32.92752],
        [77.19043, 32.9258],
        [77.19191, 32.92323],
        [77.19235, 32.92232],
        [77.19258, 32.92195],
        [77.19261, 32.9216],
        [77.19273, 32.91911],
        [77.19284, 32.91749],
        [77.19317, 32.91656],
        [77.19399, 32.91533],
        [77.19492, 32.914],
        [77.19576, 32.91307],
        [77.19708, 32.91204],
        [77.19767, 32.91143],
        [77.19811, 32.9108],
        [77.19818, 32.91049],
        [77.19825, 32.91012],
        [77.1983, 32.90975],
        [77.19865, 32.90922],
        [77.19884, 32.90905],
        [77.19919, 32.90887],
        [77.19998, 32.9087],
        [77.20133, 32.90852],
        [77.20165, 32.90852],
        [77.20189, 32.90847],
        [77.20217, 32.90826],
        [77.20238, 32.90798],
        [77.20254, 32.9077],
        [77.20284, 32.90721],
        [77.20315, 32.90675],
        [77.20384, 32.9063],
        [77.20465, 32.906],
        [77.20597, 32.90595],
        [77.2066, 32.906],
        [77.20695, 32.90597],
        [77.20737, 32.90583],
        [77.20786, 32.90565],
        [77.20856, 32.90527],
        [77.20909, 32.90495],
        [77.20933, 32.90481],
        [77.20954, 32.90469],
        [77.21014, 32.90462],
        [77.21054, 32.90464],
        [77.21128, 32.90467],
        [77.21445, 32.90448],
        [77.21687, 32.90418],
        [77.21907, 32.9039],
        [77.21933, 32.90385],
        [77.22028, 32.90329],
        [77.2221, 32.90197],
        [77.22401, 32.90085],
        [77.22569, 32.8998],
        [77.22699, 32.89889],
        [77.22833, 32.89795],
        [77.22977, 32.89679],
        [77.23091, 32.89579],
        [77.23238, 32.89495],
        [77.23322, 32.89437],
        [77.23369, 32.89388],
        [77.23392, 32.89374],
        [77.23492, 32.89346],
        [77.23669, 32.89313],
        [77.23811, 32.89306],
        [77.24074, 32.89303],
        [77.24199, 32.89303],
        [77.24241, 32.89301],
        [77.24279, 32.89287],
        [77.24311, 32.89278],
        [77.24339, 32.89259],
        [77.24288, 32.89192],
        [77.24246, 32.89096],
        [77.24183, 32.8895],
        [77.24181, 32.88882],
        [77.24148, 32.88803],
        [77.2412, 32.88742],
        [77.2405, 32.88627],
        [77.2401, 32.88562],
        [77.24001, 32.88506],
        [77.23994, 32.88485],
        [77.23978, 32.88469],
        [77.23868, 32.88387],
        [77.23831, 32.88359],
        [77.23761, 32.8828],
        [77.23745, 32.8825],
        [77.23733, 32.88231],
        [77.23705, 32.88174],
        [77.23698, 32.88137],
        [77.237, 32.88093],
        [77.23737, 32.88002],
        [77.238, 32.87923],
        [77.23938, 32.87802],
        [77.24146, 32.87685],
        [77.24253, 32.87627],
        [77.2429, 32.87589],
        [77.24313, 32.87554],
        [77.24325, 32.87531],
        [77.24337, 32.87503],
        [77.24339, 32.87478],
        [77.24339, 32.87417],
        [77.24339, 32.87382],
        [77.24339, 32.87364],
        [77.24348, 32.87331],
        [77.24365, 32.87294],
        [77.2439, 32.87278],
        [77.24535, 32.87226],
        [77.24628, 32.87182],
        [77.24654, 32.87166],
        [77.24716, 32.87168],
        [77.24812, 32.87171],
        [77.24875, 32.87266],
        [77.24925, 32.87273],
        [77.24957, 32.87266],
        [77.24986, 32.87241],
        [77.25183, 32.87063],
        [77.25384, 32.86865],
        [77.25429, 32.86814],
        [77.25454, 32.86789],
        [77.25505, 32.8669],
        [77.25518, 32.86665],
        [77.25524, 32.86639],
        [77.25528, 32.8662],
        [77.25515, 32.86569],
        [77.25505, 32.86547],
        [77.25438, 32.86435],
        [77.25429, 32.86413],
        [77.25422, 32.864],
        [77.25435, 32.86388],
        [77.25594, 32.86352],
        [77.25798, 32.86343],
        [77.26009, 32.86346],
        [77.2606, 32.86349],
        [77.26219, 32.86388],
        [77.26245, 32.86397],
        [77.26257, 32.86403],
        [77.26283, 32.86419],
        [77.26296, 32.86442],
        [77.26417, 32.86591],
        [77.26551, 32.86792],
        [77.26583, 32.86833],
        [77.26739, 32.8697],
        [77.26951, 32.87141],
        [77.27183, 32.8729],
        [77.27365, 32.8737],
        [77.27384, 32.87376],
        [77.27394, 32.8738],
        [77.274, 32.87379],
        [77.27457, 32.87357],
        [77.27585, 32.87262],
        [77.27751, 32.87144],
        [77.27878, 32.87064],
        [77.28025, 32.86972],
        [77.28151, 32.86894],
        [77.28329, 32.86722],
        [77.28485, 32.86572],
        [77.28594, 32.86467],
        [77.28616, 32.86429],
        [77.28638, 32.86384],
        [77.28724, 32.862],
        [77.28753, 32.86139],
        [77.28769, 32.86091],
        [77.28782, 32.86059],
        [77.28798, 32.86031],
        [77.28842, 32.8597],
        [77.2891, 32.85866],
        [77.29012, 32.85729],
        [77.29092, 32.85662],
        [77.29165, 32.85618],
        [77.29308, 32.85545],
        [77.29461, 32.85468],
        [77.29713, 32.85338],
        [77.29863, 32.85258],
        [77.29943, 32.85217],
        [77.29978, 32.85191],
        [77.30006, 32.85159],
        [77.30032, 32.85131],
        [77.30051, 32.85083],
        [77.3007, 32.85048],
        [77.30086, 32.85016],
        [77.30105, 32.84991],
        [77.30118, 32.84981],
        [77.3014, 32.84978],
        [77.30261, 32.84975],
        [77.30407, 32.84973],
        [77.30432, 32.84967],
        [77.30509, 32.84974],
        [77.30681, 32.8505],
        [77.30805, 32.85117],
        [77.30843, 32.85133],
        [77.30869, 32.85142],
        [77.30907, 32.85149],
        [77.30933, 32.85152],
        [77.30965, 32.85152],
        [77.31016, 32.85139],
        [77.31223, 32.85095],
        [77.31353, 32.8506],
        [77.31392, 32.85053],
        [77.31424, 32.85053],
        [77.31449, 32.85056],
        [77.31475, 32.8506],
        [77.31497, 32.85063],
        [77.31538, 32.85076],
        [77.31653, 32.85133],
        [77.31685, 32.85152],
        [77.3171, 32.85161],
        [77.31742, 32.85174],
        [77.31787, 32.85184],
        [77.31806, 32.85184],
        [77.31832, 32.85184],
        [77.31857, 32.85184],
        [77.31886, 32.85193],
        [77.31911, 32.85203],
        [77.31943, 32.85213],
        [77.31972, 32.85222],
        [77.32004, 32.85225],
        [77.32029, 32.85225],
        [77.32051, 32.85222],
        [77.32144, 32.8519],
        [77.32252, 32.85117],
        [77.32329, 32.8505],
        [77.3237, 32.85012],
        [77.32403, 32.84941],
        [77.32429, 32.8483],
        [77.32429, 32.84788],
        [77.32438, 32.8476],
        [77.32445, 32.84731],
        [77.32454, 32.84696],
        [77.32473, 32.84655],
        [77.32617, 32.8453],
        [77.32751, 32.84406],
        [77.32782, 32.84378],
        [77.32814, 32.84346],
        [77.32837, 32.84327],
        [77.32856, 32.84308],
        [77.32865, 32.84295],
        [77.32869, 32.84276],
        [77.32868, 32.8426],
        [77.32763, 32.84167],
        [77.32709, 32.84104],
        [77.32687, 32.84081],
        [77.32671, 32.84053],
        [77.32649, 32.84011],
        [77.32642, 32.83973],
        [77.32646, 32.83901],
        [77.32655, 32.8385],
        [77.32655, 32.8379],
        [77.32652, 32.83745],
        [77.32633, 32.83698],
        [77.32614, 32.83669],
        [77.32595, 32.8364],
        [77.32575, 32.83618],
        [77.32563, 32.83599],
        [77.3254, 32.8357],
        [77.32528, 32.83541],
        [77.3254, 32.83519],
        [77.3262, 32.83449],
        [77.32649, 32.83414],
        [77.32668, 32.83379],
        [77.32684, 32.83341],
        [77.32693, 32.83283],
        [77.32696, 32.83226],
        [77.32697, 32.83201],
        [77.32696, 32.83188],
        [77.327, 32.83162],
        [77.32706, 32.83146],
        [77.32719, 32.83134],
        [77.32728, 32.83124],
        [77.32751, 32.83112],
        [77.32881, 32.83092],
        [77.32946, 32.83068],
        [77.32994, 32.83033],
        [77.33035, 32.82973],
        [77.33054, 32.82852],
        [77.33064, 32.82807],
        [77.3307, 32.82763],
        [77.33073, 32.82737],
        [77.3308, 32.82705],
        [77.33099, 32.82683],
        [77.3314, 32.82651],
        [77.33201, 32.8261],
        [77.33233, 32.82584],
        [77.3328, 32.82559],
        [77.33398, 32.82533],
        [77.3352, 32.8253],
        [77.33558, 32.82518],
        [77.33586, 32.82505],
        [77.33602, 32.82492],
        [77.33612, 32.82457],
        [77.33637, 32.82349],
        [77.33635, 32.82101],
        [77.33651, 32.8199],
        [77.33664, 32.81939],
        [77.33677, 32.81901],
        [77.33689, 32.81869],
        [77.33705, 32.81843],
        [77.33731, 32.81812],
        [77.33769, 32.81767],
        [77.33794, 32.81742],
        [77.33823, 32.81716],
        [77.33845, 32.817],
        [77.33865, 32.81687],
        [77.33884, 32.81681],
        [77.33903, 32.81678],
        [77.33935, 32.81684],
        [77.34094, 32.8171],
        [77.3419, 32.81703],
        [77.34304, 32.817],
        [77.34505, 32.81687],
        [77.34626, 32.81675],
        [77.34738, 32.81653],
        [77.34881, 32.81582],
        [77.3492, 32.81566],
        [77.34964, 32.81554],
        [77.34996, 32.81551],
        [77.35034, 32.81557],
        [77.3513, 32.8156],
        [77.35213, 32.81573],
        [77.35308, 32.81595],
        [77.35417, 32.8164],
        [77.35557, 32.81723],
        [77.35582, 32.81738],
        [77.35602, 32.81748],
        [77.35627, 32.81758],
        [77.35675, 32.81764],
        [77.35761, 32.8177],
        [77.35948, 32.81764],
        [77.36002, 32.81761],
        [77.36034, 32.81765],
        [77.36053, 32.81777],
        [77.36114, 32.81803],
        [77.36283, 32.81921],
        [77.36353, 32.81959],
        [77.365, 32.82026],
        [77.3656, 32.82058],
        [77.36608, 32.8208],
        [77.36649, 32.82099],
        [77.36688, 32.82105],
        [77.3692, 32.82137],
        [77.36971, 32.8215],
        [77.37016, 32.82162],
        [77.37083, 32.82191],
        [77.37213, 32.82268],
        [77.37265, 32.82316],
        [77.37309, 32.82347],
        [77.37347, 32.82386],
        [77.37389, 32.82446],
        [77.3743, 32.82577],
        [77.37504, 32.82798],
        [77.37552, 32.83049],
        [77.37584, 32.83148],
        [77.37644, 32.83295],
        [77.37654, 32.83317],
        [77.37657, 32.83349],
        [77.37657, 32.83381],
        [77.37631, 32.83549],
        [77.37628, 32.83578],
        [77.37628, 32.8361],
        [77.37628, 32.83632],
        [77.37628, 32.83651],
        [77.37635, 32.83674],
        [77.37644, 32.83686],
        [77.37686, 32.83731],
        [77.37871, 32.83854],
        [77.37909, 32.83883],
        [77.37922, 32.83902],
        [77.37928, 32.8394],
        [77.37941, 32.84128],
        [77.37951, 32.84205],
        [77.37979, 32.84373],
        [77.37995, 32.84513],
        [77.37995, 32.84545],
        [77.37986, 32.84571],
        [77.37941, 32.84615],
        [77.37833, 32.84666],
        [77.37708, 32.84755],
        [77.37606, 32.84878],
        [77.37552, 32.84986],
        [77.37488, 32.85241],
        [77.37453, 32.85349],
        [77.37447, 32.85407],
        [77.37444, 32.85438],
        [77.3744, 32.85458],
        [77.3744, 32.85474],
        [77.37517, 32.85598],
        [77.37635, 32.85739],
        [77.37673, 32.85777],
        [77.37696, 32.85793],
        [77.37775, 32.85835],
        [77.37826, 32.85873],
        [77.37928, 32.85943],
        [77.38014, 32.86045],
        [77.3811, 32.8615],
        [77.38123, 32.86169],
        [77.38139, 32.86185],
        [77.38155, 32.86201],
        [77.38167, 32.86211],
        [77.38186, 32.8622],
        [77.38244, 32.86243],
        [77.38375, 32.86274],
        [77.38512, 32.86297],
        [77.38626, 32.86316],
        [77.38665, 32.86319],
        [77.38709, 32.86332],
        [77.38741, 32.86338],
        [77.3876, 32.86348],
        [77.38773, 32.86354],
        [77.38792, 32.86367],
        [77.38841, 32.86476],
        [77.39019, 32.86766],
        [77.39154, 32.86952],
        [77.39201, 32.87015],
        [77.39221, 32.87031],
        [77.3924, 32.87051],
        [77.39265, 32.87066],
        [77.39389, 32.87111],
        [77.39402, 32.87118],
        [77.39415, 32.87127],
        [77.39434, 32.87254],
        [77.39466, 32.87312],
        [77.39482, 32.87337],
        [77.39495, 32.87356],
        [77.39504, 32.87379],
        [77.39514, 32.8742],
        [77.3952, 32.8756],
        [77.3952, 32.87573],
        [77.39523, 32.87592],
        [77.39533, 32.87614],
        [77.39571, 32.87675],
        [77.39603, 32.87742],
        [77.39676, 32.87805],
        [77.39741, 32.87855],
        [77.3991, 32.87925],
        [77.40184, 32.88094],
        [77.40346, 32.88205],
        [77.40531, 32.88317],
        [77.40711, 32.88388],
        [77.40736, 32.88397],
        [77.40778, 32.884],
        [77.40899, 32.88378],
        [77.40947, 32.88375],
        [77.40985, 32.88372],
        [77.41017, 32.88371],
        [77.41042, 32.88368],
        [77.41068, 32.88368],
        [77.41112, 32.88372],
        [77.41211, 32.88397],
        [77.4124, 32.884],
        [77.41275, 32.88407],
        [77.4131, 32.88407],
        [77.41342, 32.88407],
        [77.41361, 32.88403],
        [77.4139, 32.88384],
        [77.41463, 32.88346],
        [77.41641, 32.8819],
        [77.41793, 32.88068],
        [77.41863, 32.88027],
        [77.41901, 32.88008],
        [77.42051, 32.8796],
        [77.42111, 32.87935],
        [77.42162, 32.87909],
        [77.4221, 32.87881],
        [77.42264, 32.87845],
        [77.42392, 32.87744],
        [77.42433, 32.87712],
        [77.42472, 32.8768],
        [77.425, 32.87664],
        [77.42526, 32.87648],
        [77.42545, 32.87635],
        [77.42573, 32.87623],
        [77.42628, 32.876],
        [77.42672, 32.87588],
        [77.42736, 32.87568],
        [77.42787, 32.87559],
        [77.42851, 32.87549],
        [77.4294, 32.87543],
        [77.42997, 32.87556],
        [77.43048, 32.87549],
        [77.43109, 32.87546],
        [77.4315, 32.87549],
        [77.43236, 32.87556],
        [77.43265, 32.87562],
        [77.43303, 32.87569],
        [77.43335, 32.87588],
        [77.43463, 32.87632],
        [77.43514, 32.87667],
        [77.43756, 32.87817],
        [77.43823, 32.87871],
        [77.43864, 32.8789],
        [77.43941, 32.87916],
        [77.44169, 32.87957],
        [77.44265, 32.87957],
        [77.44335, 32.8797],
        [77.44418, 32.8797],
        [77.44456, 32.8797],
        [77.44478, 32.87967],
        [77.44491, 32.8796],
        [77.44501, 32.87941],
        [77.44545, 32.87842],
        [77.44561, 32.87811],
        [77.44577, 32.87769],
        [77.446, 32.87734],
        [77.44631, 32.87693],
        [77.44679, 32.87642],
        [77.44695, 32.87623],
        [77.44724, 32.87594],
        [77.44759, 32.87572],
        [77.44781, 32.87549],
        [77.4481, 32.87505],
        [77.44813, 32.87483],
        [77.44807, 32.87457],
        [77.44807, 32.87347],
        [77.44778, 32.87296],
        [77.44746, 32.8722],
        [77.44746, 32.87181],
        [77.44743, 32.87146],
        [77.44746, 32.87105],
        [77.44791, 32.87006],
        [77.44842, 32.86901],
        [77.44893, 32.86831],
        [77.44985, 32.867],
        [77.45046, 32.86631],
        [77.45078, 32.86586],
        [77.45113, 32.86532],
        [77.45148, 32.86484],
        [77.4518, 32.86449],
        [77.45212, 32.8642],
        [77.45286, 32.86361],
        [77.45426, 32.86314],
        [77.45538, 32.86259],
        [77.45605, 32.86224],
        [77.45643, 32.86205],
        [77.45675, 32.86193],
        [77.45726, 32.86183],
        [77.45764, 32.8618],
        [77.45796, 32.86174],
        [77.45841, 32.86158],
        [77.45882, 32.86135],
        [77.46016, 32.86046],
        [77.46064, 32.86017],
        [77.46099, 32.86005],
        [77.46293, 32.85954],
        [77.46714, 32.85861],
        [77.46834, 32.85854],
        [77.46872, 32.85845],
        [77.46901, 32.85845],
        [77.46939, 32.85861],
        [77.47028, 32.85921],
        [77.47296, 32.86042],
        [77.47452, 32.86128],
        [77.475, 32.86154],
        [77.47535, 32.86176],
        [77.47551, 32.86201],
        [77.47561, 32.86224],
        [77.47602, 32.86364],
        [77.47615, 32.86399],
        [77.47631, 32.86421],
        [77.4765, 32.86444],
        [77.47672, 32.86463],
        [77.4771, 32.86482],
        [77.47736, 32.86498],
        [77.47758, 32.86507],
        [77.47771, 32.8652],
        [77.478, 32.86555],
        [77.47863, 32.86663],
        [77.47879, 32.86751],
        [77.47943, 32.86866],
        [77.4807, 32.87047],
        [77.48093, 32.8706],
        [77.48125, 32.87076],
        [77.48188, 32.87092],
        [77.4822, 32.87101],
        [77.48252, 32.87117],
        [77.48348, 32.87187],
        [77.48405, 32.87242],
        [77.48431, 32.87261],
        [77.48472, 32.87273],
        [77.48539, 32.87299],
        [77.48564, 32.87315],
        [77.48606, 32.8735],
        [77.48779, 32.87603],
        [77.48957, 32.87829],
        [77.49043, 32.87903],
        [77.49075, 32.87925],
        [77.49101, 32.87944],
        [77.4912, 32.87957],
        [77.49152, 32.87963],
        [77.492, 32.8797],
        [77.49232, 32.87973],
        [77.49314, 32.87973],
        [77.49369, 32.87966],
        [77.49429, 32.87966],
        [77.49537, 32.87976],
        [77.49617, 32.87992],
        [77.49652, 32.88002],
        [77.49681, 32.88011],
        [77.49697, 32.88017],
        [77.49706, 32.88027],
        [77.49713, 32.88037],
        [77.49719, 32.88052],
        [77.49735, 32.88097],
        [77.49745, 32.88145],
        [77.49754, 32.88288],
        [77.49764, 32.88345],
        [77.4978, 32.88387],
        [77.49796, 32.88412],
        [77.49824, 32.88428],
        [77.49875, 32.88444],
        [77.50119, 32.88552],
        [77.50138, 32.88562],
        [77.50153, 32.88565],
        [77.50169, 32.88562],
        [77.50354, 32.88481],
        [77.50456, 32.88426],
        [77.50487, 32.88404],
        [77.50527, 32.8837],
        [77.50558, 32.88339],
        [77.50598, 32.88287],
        [77.50657, 32.88209],
        [77.50801, 32.8803],
        [77.50865, 32.87947],
        [77.50896, 32.87922],
        [77.50946, 32.87885],
        [77.50998, 32.87845],
        [77.51045, 32.87817],
        [77.51091, 32.87792],
        [77.51141, 32.87774],
        [77.51175, 32.87761],
        [77.51218, 32.87752],
        [77.51249, 32.87749],
        [77.51273, 32.87749],
        [77.51326, 32.87761],
        [77.51443, 32.87817],
        [77.51552, 32.87848],
        [77.51644, 32.87873],
        [77.51753, 32.87888],
        [77.51864, 32.87897],
        [77.51969, 32.87903],
        [77.52117, 32.87934],
        [77.5252, 32.88089],
        [77.52626, 32.88144],
        [77.52727, 32.88191],
        [77.52823, 32.8828],
        [77.52857, 32.88308],
        [77.52888, 32.88333],
        [77.52938, 32.88364],
        [77.53145, 32.88435],
        [77.53343, 32.88518],
        [77.53464, 32.88538],
        [77.53615, 32.88559],
        [77.53683, 32.88572],
        [77.53748, 32.88599],
        [77.53921, 32.8868],
        [77.5402, 32.88745],
        [77.54426, 32.89079],
        [77.54618, 32.89262],
        [77.5468, 32.89352],
        [77.54757, 32.89537],
        [77.54899, 32.89858],
        [77.54936, 32.89911],
        [77.54958, 32.89942],
        [77.54998, 32.89994],
        [77.55042, 32.90047],
        [77.55076, 32.90081],
        [77.5527, 32.90223],
        [77.55502, 32.90396],
        [77.55809, 32.90605],
        [77.55994, 32.90781],
        [77.56124, 32.90941],
        [77.56279, 32.91142],
        [77.56353, 32.91219],
        [77.56381, 32.91241],
        [77.56427, 32.91269],
        [77.56473, 32.91281],
        [77.56507, 32.91293],
        [77.56572, 32.91293],
        [77.56711, 32.9129],
        [77.56986, 32.9129],
        [77.57446, 32.91356],
        [77.57529, 32.91378],
        [77.57582, 32.91396],
        [77.57628, 32.91412],
        [77.57665, 32.9143],
        [77.57727, 32.91467],
        [77.57838, 32.91566],
        [77.57894, 32.91631],
        [77.57919, 32.91659],
        [77.57934, 32.91674],
        [77.57956, 32.9169],
        [77.57999, 32.91715],
        [77.58181, 32.91792],
        [77.58751, 32.92136],
        [77.58928, 32.92239],
        [77.59141, 32.92387],
        [77.59392, 32.92591],
        [77.59568, 32.92731],
        [77.59624, 32.92799],
        [77.59667, 32.92864],
        [77.59791, 32.93099],
        [77.5984, 32.93222],
        [77.59933, 32.93522],
        [77.5997, 32.93642],
        [77.60017, 32.93746],
        [77.6006, 32.93804],
        [77.60113, 32.93878],
        [77.60171, 32.93962],
        [77.60184, 32.93993],
        [77.60193, 32.9402],
        [77.60205, 32.94172],
        [77.60211, 32.94237],
        [77.60211, 32.94252],
        [77.60215, 32.94264],
        [77.60233, 32.94283],
        [77.60295, 32.94298],
        [77.6053, 32.94323],
        [77.60972, 32.94342],
        [77.61511, 32.94342],
        [77.61681, 32.9437],
        [77.61724, 32.94373],
        [77.61814, 32.94379],
        [77.61903, 32.94379],
        [77.61965, 32.94379],
        [77.6199, 32.94385],
        [77.62008, 32.94392],
        [77.62129, 32.9445],
        [77.62349, 32.94528],
        [77.6255, 32.94555],
        [77.62665, 32.94558],
        [77.62773, 32.94555],
        [77.6289, 32.94543],
        [77.62983, 32.94528],
        [77.63057, 32.94518],
        [77.63153, 32.94518],
        [77.63221, 32.94534],
        [77.63401, 32.94574],
        [77.6355, 32.9463],
        [77.63751, 32.94682],
        [77.63921, 32.94713],
        [77.64007, 32.94713],
        [77.64075, 32.9471],
        [77.64103, 32.94704],
        [77.64183, 32.94679],
        [77.64273, 32.94658],
        [77.64295, 32.94654],
        [77.64307, 32.94658],
        [77.6431, 32.94673],
        [77.64335, 32.9476],
        [77.64338, 32.94815],
        [77.64332, 32.94874],
        [77.64329, 32.94902],
        [77.64332, 32.94911],
        [77.64347, 32.9493],
        [77.64455, 32.94954],
        [77.64542, 32.94966],
        [77.64604, 32.94997],
        [77.64684, 32.95056],
        [77.64863, 32.95238],
        [77.65003, 32.95348],
        [77.6518, 32.95447],
        [77.65322, 32.9553],
        [77.65359, 32.95574],
        [77.65448, 32.95694],
        [77.6556, 32.95879],
        [77.65575, 32.95891],
        [77.65591, 32.95898],
        [77.65643, 32.95898],
        [77.65714, 32.95891],
        [77.65791, 32.95904],
        [77.65826, 32.95904],
        [77.65996, 32.95876],
        [77.66325, 32.95836],
        [77.6643, 32.95836],
        [77.6652, 32.95858],
        [77.66653, 32.95892],
        [77.6686, 32.95972],
        [77.67113, 32.96046],
        [77.67326, 32.9608],
        [77.67345, 32.96086],
        [77.67367, 32.96093],
        [77.67441, 32.96142],
        [77.67453, 32.96161],
        [77.67456, 32.9617],
        [77.67456, 32.96192],
        [77.67394, 32.96396],
        [77.67367, 32.9657],
        [77.67364, 32.96616],
        [77.67367, 32.96644],
        [77.67404, 32.96724],
        [77.67404, 32.96734],
        [77.67423, 32.96752],
        [77.67441, 32.96771],
        [77.67558, 32.96823],
        [77.67583, 32.96845],
        [77.67614, 32.96873],
        [77.67642, 32.969],
        [77.67657, 32.96919],
        [77.6767, 32.96935],
        [77.67682, 32.96944],
        [77.67719, 32.96947],
        [77.67818, 32.96962],
        [77.67843, 32.96962],
        [77.67858, 32.96965],
        [77.67871, 32.96972],
        [77.67886, 32.96984],
        [77.67966, 32.97092],
        [77.6811, 32.97316],
        [77.68168, 32.97436],
        [77.68208, 32.97551],
        [77.68208, 32.97649],
        [77.6819, 32.97773],
        [77.68125, 32.9794],
        [77.68119, 32.97952],
        [77.68119, 32.97977],
        [77.68122, 32.98011],
        [77.68159, 32.98079],
        [77.68171, 32.98128],
        [77.68165, 32.98171],
        [77.68109, 32.98276],
        [77.68079, 32.98355],
        [77.68069, 32.98383],
        [77.68134, 32.98574],
        [77.68224, 32.98853],
        [77.68236, 32.98868],
        [77.68249, 32.98871],
        [77.68292, 32.98862],
        [77.68416, 32.98815],
        [77.68465, 32.98806],
        [77.68524, 32.98803],
        [77.68619, 32.98803],
        [77.68715, 32.98803],
        [77.6878, 32.98806],
        [77.68824, 32.98812],
        [77.68861, 32.98812],
        [77.68888, 32.98809],
        [77.68929, 32.988],
        [77.68953, 32.98788],
        [77.68978, 32.98769],
        [77.69065, 32.98698],
        [77.69369, 32.98436],
        [77.69446, 32.98368],
        [77.69468, 32.98346],
        [77.69493, 32.98328],
        [77.69576, 32.98312],
        [77.69756, 32.98284],
        [77.69771, 32.98275],
        [77.69765, 32.98257],
        [77.69709, 32.98034],
        [77.69703, 32.98016],
        [77.69703, 32.97985],
        [77.69703, 32.97963],
        [77.69712, 32.97957],
        [77.69725, 32.97951],
        [77.6974, 32.97951],
        [77.69756, 32.97951],
        [77.69783, 32.97957],
        [77.69845, 32.97991],
        [77.69916, 32.98037],
        [77.6995, 32.98044],
        [77.69972, 32.98044],
        [77.69997, 32.98034],
        [77.70083, 32.98022],
        [77.70108, 32.98022],
        [77.70126, 32.98028],
        [77.70151, 32.9804],
        [77.70241, 32.98108],
        [77.70262, 32.98124],
        [77.70281, 32.9813],
        [77.70309, 32.9813],
        [77.70383, 32.98127],
        [77.70659, 32.98189],
        [77.70903, 32.98241],
        [77.70962, 32.9826],
        [77.71024, 32.98257],
        [77.71213, 32.98257],
        [77.71256, 32.98257],
        [77.71287, 32.98257],
        [77.71305, 32.98257],
        [77.71321, 32.98244],
        [77.71324, 32.98213],
        [77.71352, 32.9801],
        [77.71377, 32.97718],
        [77.71399, 32.9765],
        [77.71408, 32.97622],
        [77.71414, 32.97604],
        [77.71439, 32.9756],
        [77.71559, 32.97425],
        [77.71661, 32.9727],
        [77.7181, 32.97031],
        [77.71887, 32.96939],
        [77.71915, 32.96908],
        [77.71934, 32.96892],
        [77.71949, 32.9688],
        [77.71965, 32.96871],
        [77.7198, 32.96868],
        [77.72122, 32.96877],
        [77.72184, 32.96886],
        [77.72246, 32.96889],
        [77.72277, 32.96889],
        [77.72302, 32.96889],
        [77.72326, 32.96889],
        [77.72345, 32.96895],
        [77.72363, 32.96898],
        [77.72394, 32.96904],
        [77.72422, 32.96914],
        [77.72444, 32.96923],
        [77.72475, 32.96932],
        [77.72512, 32.96945],
        [77.72543, 32.9696],
        [77.72691, 32.9713],
        [77.7285, 32.97279],
        [77.73016, 32.97412],
        [77.73041, 32.97434],
        [77.73057, 32.97443],
        [77.73072, 32.97446],
        [77.73091, 32.97443],
        [77.73109, 32.97428],
        [77.73156, 32.97329],
        [77.7318, 32.97289],
        [77.73202, 32.97261],
        [77.73224, 32.97233],
        [77.73245, 32.97211],
        [77.73276, 32.97181],
        [77.73307, 32.97153],
        [77.73443, 32.97082],
        [77.73614, 32.97019],
        [77.73759, 32.96979],
        [77.73868, 32.9696],
        [77.73939, 32.96945],
        [77.74004, 32.96926],
        [77.74047, 32.96917],
        [77.74072, 32.96905],
        [77.74081, 32.96895],
        [77.74093, 32.96877],
        [77.74106, 32.96843],
        [77.74118, 32.96803],
        [77.74133, 32.96741],
        [77.7414, 32.96722],
        [77.74155, 32.96695],
        [77.74174, 32.96667],
        [77.74192, 32.96642],
        [77.74214, 32.96617],
        [77.74242, 32.96599],
        [77.74276, 32.9658],
        [77.743, 32.96565],
        [77.74319, 32.96546],
        [77.74334, 32.96525],
        [77.74347, 32.96497],
        [77.74365, 32.96438],
        [77.74418, 32.96236],
        [77.74443, 32.96193],
        [77.74465, 32.96165],
        [77.74499, 32.96116],
        [77.74533, 32.9607],
        [77.74604, 32.96005],
        [77.74755, 32.95915],
        [77.74874, 32.95872],
        [77.74942, 32.95816],
        [77.74968, 32.95787],
        [77.74992, 32.95761],
        [77.75011, 32.95735],
        [77.75033, 32.95693],
        [77.75047, 32.95651],
        [77.75059, 32.95613],
        [77.75065, 32.95585],
        [77.75067, 32.95557],
        [77.75069, 32.95535],
        [77.75071, 32.95513],
        [77.75077, 32.95493],
        [77.75085, 32.95473],
        [77.75095, 32.95461],
        [77.75133, 32.95436],
        [77.75287, 32.9537],
        [77.75567, 32.95239],
        [77.75687, 32.95185],
        [77.75719, 32.95175],
        [77.75741, 32.95173],
        [77.75771, 32.95171],
        [77.75803, 32.95171],
        [77.75835, 32.95171],
        [77.75858, 32.95169],
        [77.75884, 32.95163],
        [77.75908, 32.95151],
        [77.7609, 32.95046],
        [77.76346, 32.94924],
        [77.76375, 32.94898],
        [77.76457, 32.948],
        [77.76548, 32.94713],
        [77.76594, 32.94683],
        [77.76626, 32.94659],
        [77.76642, 32.94641],
        [77.7665, 32.9462],
        [77.7665, 32.94587],
        [77.76638, 32.9456],
        [77.76538, 32.94462],
        [77.76504, 32.94428],
        [77.7649, 32.94404],
        [77.76486, 32.9438],
        [77.76488, 32.94348],
        [77.765, 32.94312],
        [77.76582, 32.94157],
        [77.76602, 32.94139],
        [77.76626, 32.94121],
        [77.76694, 32.94091],
        [77.76896, 32.94008],
        [77.76978, 32.93956],
        [77.77026, 32.93928],
        [77.77062, 32.939],
        [77.77096, 32.93878],
        [77.77123, 32.93854],
        [77.77145, 32.93834],
        [77.77177, 32.93802],
        [77.77215, 32.9376],
        [77.77233, 32.93739],
        [77.77265, 32.93709],
        [77.77289, 32.93689],
        [77.77333, 32.93657],
        [77.77395, 32.93621],
        [77.77437, 32.93579],
        [77.77501, 32.93515],
        [77.77563, 32.93441],
        [77.77635, 32.93403],
        [77.77653, 32.93387],
        [77.77683, 32.93353],
        [77.77697, 32.93325],
        [77.77713, 32.93261],
        [77.77717, 32.93233],
        [77.77727, 32.93211],
        [77.77743, 32.93189],
        [77.779, 32.9307],
        [77.78142, 32.92906],
        [77.78238, 32.92831],
        [77.78276, 32.92813],
        [77.7831, 32.92793],
        [77.78356, 32.92771],
        [77.78378, 32.92754],
        [77.78406, 32.92737],
        [77.7843, 32.92724],
        [77.78446, 32.92712],
        [77.78474, 32.927],
        [77.78526, 32.92674],
        [77.78559, 32.92656],
        [77.78585, 32.92638],
        [77.78605, 32.92614],
        [77.78629, 32.92578],
        [77.78649, 32.92542],
        [77.78659, 32.92516],
        [77.78677, 32.92474],
        [77.78697, 32.92434],
        [77.78713, 32.92399],
        [77.78735, 32.92369],
        [77.78761, 32.92341],
        [77.78821, 32.92301],
        [77.78895, 32.92253],
        [77.79018, 32.92203],
        [77.79122, 32.92153],
        [77.79282, 32.92095],
        [77.79359, 32.92066],
        [77.79403, 32.92034],
        [77.79457, 32.91996],
        [77.79495, 32.91968],
        [77.79519, 32.91948],
        [77.79539, 32.91931],
        [77.79559, 32.91906],
        [77.79569, 32.91875],
        [77.79575, 32.91843],
        [77.79575, 32.91811],
        [77.79575, 32.91789],
        [77.79587, 32.91761],
        [77.79603, 32.91735],
        [77.79624, 32.91709],
        [77.79652, 32.91675],
        [77.79672, 32.91631],
        [77.79678, 32.91609],
        [77.79686, 32.91586],
        [77.79694, 32.91556],
        [77.7971, 32.91524],
        [77.79728, 32.91488],
        [77.79782, 32.91426],
        [77.79946, 32.91271],
        [77.79984, 32.91229],
        [77.8, 32.91215],
        [77.80026, 32.91209],
        [77.80112, 32.91187],
        [77.80196, 32.91155],
        [77.8028, 32.91123],
        [77.80358, 32.91097],
        [77.80433, 32.91074],
        [77.80493, 32.91052],
        [77.80545, 32.91026],
        [77.80599, 32.90998],
        [77.80631, 32.90978],
        [77.80695, 32.90928],
        [77.80757, 32.90868],
        [77.80775, 32.90848],
        [77.80791, 32.90832],
        [77.80848, 32.90796],
        [77.80922, 32.9077],
        [77.80992, 32.90739],
        [77.8102, 32.90729],
        [77.81048, 32.90714],
        [77.81066, 32.90699],
        [77.81088, 32.90677],
        [77.81153, 32.90564],
        [77.81169, 32.90532],
        [77.81175, 32.90508],
        [77.81179, 32.90486],
        [77.81173, 32.90464],
        [77.81139, 32.9037],
        [77.81125, 32.9032],
        [77.81117, 32.90283],
        [77.81113, 32.90263],
        [77.81093, 32.90209],
        [77.81071, 32.90137],
        [77.8107, 32.9004],
        [77.81064, 32.90006],
        [77.81052, 32.89966],
        [77.81038, 32.89948],
        [77.81017, 32.89932],
        [77.80987, 32.89916],
        [77.80925, 32.89894],
        [77.80891, 32.89871],
        [77.80861, 32.89839],
        [77.80801, 32.89725],
        [77.80787, 32.89697],
        [77.80765, 32.89663],
        [77.80737, 32.89629],
        [77.80707, 32.89599],
        [77.80635, 32.89532],
        [77.80549, 32.89472],
        [77.8049, 32.8943],
        [77.80401, 32.89385],
        [77.80309, 32.89355],
        [77.80189, 32.89333],
        [77.8011, 32.89327],
        [77.79978, 32.89313],
        [77.79894, 32.89289],
        [77.79792, 32.89279],
        [77.79655, 32.89278],
        [77.79533, 32.89305],
        [77.79345, 32.89321],
        [77.79319, 32.89317],
        [77.79301, 32.89309],
        [77.7924, 32.89244],
        [77.79196, 32.89211],
        [77.79071, 32.89151],
        [77.78979, 32.89104],
        [77.78945, 32.89078],
        [77.78931, 32.8906],
        [77.78919, 32.89034],
        [77.78855, 32.8888],
        [77.78809, 32.88788],
        [77.78761, 32.88632],
        [77.78715, 32.88576],
        [77.78693, 32.8855],
        [77.78673, 32.88526],
        [77.78607, 32.88446],
        [77.78536, 32.88389],
        [77.78506, 32.88355],
        [77.78476, 32.88331],
        [77.78448, 32.88321],
        [77.78426, 32.88311],
        [77.78414, 32.88303],
        [77.78402, 32.88291],
        [77.78392, 32.88277],
        [77.78392, 32.88243],
        [77.78397, 32.88188],
        [77.78385, 32.8814],
        [77.7837, 32.88056],
        [77.78328, 32.87977],
        [77.78294, 32.87899],
        [77.78274, 32.87853],
        [77.78262, 32.87825],
        [77.78252, 32.87795],
        [77.78248, 32.87773],
        [77.78248, 32.87745],
        [77.7826, 32.87695],
        [77.78294, 32.87599],
        [77.78294, 32.87539],
        [77.7829, 32.87497],
        [77.7829, 32.87471],
        [77.78286, 32.87447],
        [77.78276, 32.87421],
        [77.78254, 32.87387],
        [77.78214, 32.87306],
        [77.78144, 32.87174],
        [77.78134, 32.87156],
        [77.78126, 32.87136],
        [77.78118, 32.871],
        [77.78118, 32.8704],
        [77.78138, 32.86894],
        [77.78124, 32.86816],
        [77.78118, 32.86784],
        [77.78112, 32.86748],
        [77.7809, 32.86641],
        [77.7809, 32.86613],
        [77.7809, 32.86588],
        [77.78092, 32.86575],
        [77.78094, 32.86559],
        [77.78104, 32.86551],
        [77.7817, 32.86499],
        [77.78236, 32.86457],
        [77.7827, 32.86437],
        [77.78289, 32.86421],
        [77.78312, 32.86407],
        [77.78331, 32.86375],
        [77.78341, 32.86353],
        [77.78383, 32.86313],
        [77.78418, 32.86258],
        [77.7845, 32.86166],
        [77.78486, 32.86115],
        [77.78542, 32.86051],
        [77.78565, 32.86029],
        [77.78585, 32.86013],
        [77.78601, 32.86005],
        [77.78629, 32.85995],
        [77.78711, 32.85961],
        [77.78739, 32.85945],
        [77.78767, 32.85923],
        [77.78803, 32.85891],
        [77.78847, 32.85857],
        [77.78947, 32.85779],
        [77.79071, 32.85661],
        [77.79111, 32.85635],
        [77.79143, 32.85611],
        [77.79167, 32.85595],
        [77.79197, 32.85579],
        [77.79235, 32.85573],
        [77.79259, 32.85569],
        [77.79295, 32.85567],
        [77.79333, 32.85563],
        [77.79367, 32.85561],
        [77.79397, 32.85563],
        [77.79484, 32.85579],
        [77.79514, 32.85597],
        [77.7954, 32.85613],
        [77.7957, 32.85633],
        [77.79598, 32.85643],
        [77.79646, 32.85651],
        [77.79682, 32.85651],
        [77.7972, 32.85643],
        [77.7975, 32.85633],
        [77.79816, 32.85609],
        [77.79858, 32.85587],
        [77.79892, 32.85561],
        [77.79955, 32.85501],
        [77.80063, 32.85383],
        [77.80155, 32.85292],
        [77.80261, 32.8518],
        [77.80345, 32.85122],
        [77.80452, 32.85041],
        [77.80522, 32.85003],
        [77.80548, 32.84989],
        [77.80564, 32.84981],
        [77.80586, 32.84979],
        [77.80608, 32.84977],
        [77.80779, 32.85005],
        [77.80959, 32.85005],
        [77.81168, 32.84985],
        [77.8138, 32.84953],
        [77.81448, 32.84926],
        [77.81528, 32.84884],
        [77.81599, 32.84838],
        [77.81703, 32.8472],
        [77.81771, 32.84616],
        [77.81922, 32.84404],
        [77.82022, 32.84267],
        [77.82149, 32.84145],
        [77.82265, 32.84041],
        [77.82325, 32.83962],
        [77.82515, 32.83723],
        [77.82561, 32.8366],
        [77.82577, 32.83639],
        [77.82605, 32.83626],
        [77.82623, 32.83619],
        [77.82653, 32.83616],
        [77.82918, 32.8359],
        [77.83144, 32.83596],
        [77.8324, 32.8363],
        [77.83258, 32.83646],
        [77.83274, 32.83677],
        [77.83294, 32.83743],
        [77.83379, 32.83903],
        [77.83484, 32.84045],
        [77.83536, 32.84083],
        [77.83616, 32.84117],
        [77.83694, 32.84153],
        [77.83842, 32.84197],
        [77.83868, 32.84209],
        [77.83895, 32.84215],
        [77.83913, 32.84213],
        [77.84011, 32.84163],
        [77.84161, 32.84089],
        [77.84434, 32.83999],
        [77.8467, 32.83904],
        [77.84765, 32.83845],
        [77.84867, 32.83753],
        [77.84951, 32.83662],
        [77.85044, 32.83574],
        [77.8507, 32.83546],
        [77.85094, 32.83522],
        [77.8512, 32.83508],
        [77.85144, 32.83496],
        [77.8518, 32.8348],
        [77.85262, 32.83468],
        [77.853, 32.83456],
        [77.8531, 32.83444],
        [77.85332, 32.83418],
        [77.85396, 32.83371],
        [77.8551, 32.83258],
        [77.85636, 32.83202],
        [77.8575, 32.83138],
        [77.85786, 32.83116],
        [77.85814, 32.83104],
        [77.85848, 32.8309],
        [77.86003, 32.8305],
        [77.86189, 32.82988],
        [77.86462, 32.82892],
        [77.86647, 32.82826],
        [77.86719, 32.82786],
        [77.86759, 32.82768],
        [77.86775, 32.82762],
        [77.86819, 32.82748],
        [77.86884, 32.82724],
        [77.86926, 32.82702],
        [77.86946, 32.82686],
        [77.86964, 32.82662],
        [77.86998, 32.82626],
        [77.87048, 32.82499],
        [77.87082, 32.82439],
        [77.87086, 32.82407],
        [77.87094, 32.82365],
        [77.87098, 32.82329],
        [77.87106, 32.82297],
        [77.87114, 32.82269],
        [77.87128, 32.82249],
        [77.87146, 32.82244],
        [77.87222, 32.8222],
        [77.87388, 32.82193],
        [77.8747, 32.82167],
        [77.87524, 32.82137],
        [77.87582, 32.82105],
        [77.87628, 32.82085],
        [77.87688, 32.82055],
        [77.87728, 32.82029],
        [77.878, 32.81973],
        [77.87839, 32.81941],
        [77.87863, 32.81907],
        [77.87881, 32.81877],
        [77.87893, 32.81843],
        [77.87909, 32.81788],
        [77.87919, 32.81694],
        [77.87951, 32.81505],
        [77.87967, 32.8143],
        [77.87983, 32.8139],
        [77.87993, 32.81362],
        [77.88011, 32.81326],
        [77.88055, 32.8125],
        [77.88151, 32.81142],
        [77.88177, 32.81097],
        [77.88191, 32.81059],
        [77.88199, 32.81025],
        [77.88201, 32.80971],
        [77.88213, 32.80802],
        [77.88201, 32.80706],
        [77.88197, 32.80674],
        [77.88185, 32.80632],
        [77.88173, 32.80605],
        [77.88155, 32.80573],
        [77.88139, 32.80547],
        [77.88121, 32.80511],
        [77.88097, 32.80471],
        [77.88089, 32.80449],
        [77.88089, 32.80429],
        [77.88121, 32.80391],
        [77.88177, 32.80349],
        [77.88277, 32.80259],
        [77.88387, 32.80129],
        [77.88457, 32.80055],
        [77.88497, 32.80021],
        [77.88553, 32.79981],
        [77.88586, 32.79957],
        [77.8867, 32.79922],
        [77.88718, 32.79912],
        [77.88744, 32.79906],
        [77.88764, 32.79898],
        [77.8878, 32.79888],
        [77.88786, 32.79882],
        [77.88792, 32.79868],
        [77.88804, 32.79836],
        [77.88808, 32.79814],
        [77.88788, 32.79718],
        [77.8873, 32.79534],
        [77.88684, 32.79432],
        [77.88656, 32.7939],
        [77.88636, 32.79368],
        [77.88604, 32.79326],
        [77.88573, 32.79278],
        [77.88509, 32.79053],
        [77.88427, 32.78858],
        [77.88409, 32.78811],
        [77.88409, 32.78787],
        [77.88409, 32.78771],
        [77.88442, 32.78749],
        [77.88586, 32.78685],
        [77.88945, 32.78456],
        [77.89192, 32.78293],
        [77.89224, 32.78255],
        [77.89238, 32.78225],
        [77.8926, 32.78183],
        [77.89292, 32.78116],
        [77.89308, 32.7806],
        [77.8932, 32.78016],
        [77.8934, 32.77968],
        [77.89368, 32.77922],
        [77.89398, 32.77876],
        [77.89409, 32.7786],
        [77.89515, 32.7777],
        [77.89739, 32.77593],
        [77.89839, 32.77542],
        [77.90013, 32.7746],
        [77.90159, 32.7738],
        [77.9022, 32.77338],
        [77.90272, 32.773],
        [77.90296, 32.77266],
        [77.90314, 32.77241],
        [77.90332, 32.77217],
        [77.90348, 32.77197],
        [77.90378, 32.77185],
        [77.90384, 32.77191],
        [77.906, 32.77223],
        [77.90697, 32.77254],
        [77.90817, 32.77322],
        [77.90833, 32.7733],
        [77.90867, 32.7733],
        [77.90893, 32.77326],
        [77.90937, 32.77312],
        [77.9102, 32.77288],
        [77.91054, 32.77282],
        [77.9108, 32.7728],
        [77.91118, 32.77278],
        [77.91148, 32.77278],
        [77.9119, 32.7729],
        [77.9125, 32.77308],
        [77.91488, 32.7738],
        [77.91577, 32.77394],
        [77.91615, 32.77394],
        [77.91643, 32.77384],
        [77.91827, 32.77282],
        [77.91925, 32.77236],
        [77.92038, 32.77214],
        [77.92108, 32.77202],
        [77.92166, 32.77193],
        [77.92224, 32.77181],
        [77.92417, 32.7719],
        [77.92536, 32.77203],
        [77.92566, 32.77205],
        [77.92582, 32.77203],
        [77.92588, 32.77194],
        [77.92592, 32.77163],
        [77.92598, 32.77029],
        [77.92602, 32.76983],
        [77.92604, 32.76947],
        [77.92608, 32.76897],
        [77.92648, 32.76761],
        [77.92758, 32.76559],
        [77.92776, 32.76521],
        [77.92796, 32.76483],
        [77.92816, 32.76457],
        [77.92844, 32.76419],
        [77.9287, 32.76393],
        [77.92888, 32.76383],
        [77.92904, 32.76364],
        [77.9295, 32.76336],
        [77.93065, 32.76308],
        [77.932, 32.76249],
        [77.93248, 32.76217],
        [77.93282, 32.76189],
        [77.9331, 32.76159],
        [77.93346, 32.76113],
        [77.93368, 32.76074],
        [77.93378, 32.76038],
        [77.93387, 32.75996],
        [77.93391, 32.75972],
        [77.93401, 32.75904],
        [77.93409, 32.75828],
        [77.93431, 32.75598],
        [77.9341, 32.75444],
        [77.93402, 32.75395],
        [77.93389, 32.75359],
        [77.93378, 32.75313],
        [77.93365, 32.75257],
        [77.9335, 32.75217],
        [77.93312, 32.75157],
        [77.93267, 32.751],
        [77.93235, 32.75078],
        [77.93199, 32.75067],
        [77.93188, 32.7506],
        [77.93179, 32.75052],
        [77.93168, 32.75041],
        [77.93166, 32.75028],
        [77.93172, 32.75003],
        [77.93157, 32.7497],
        [77.93194, 32.74846],
        [77.93196, 32.74815],
        [77.93203, 32.74795],
        [77.93213, 32.74778],
        [77.93225, 32.74762],
        [77.93234, 32.74749],
        [77.93246, 32.74731],
        [77.93256, 32.74718],
        [77.93265, 32.747],
        [77.93273, 32.74687],
        [77.93277, 32.74673],
        [77.93277, 32.74662],
        [77.93277, 32.7465],
        [77.93261, 32.74633],
        [77.93064, 32.74435],
        [77.92951, 32.74326],
        [77.92939, 32.74304],
        [77.92928, 32.74281],
        [77.9292, 32.74262],
        [77.92914, 32.7424],
        [77.92914, 32.74213],
        [77.92914, 32.74184],
        [77.92922, 32.74117],
        [77.92943, 32.74023],
        [77.92992, 32.73886],
        [77.93023, 32.73767],
        [77.93038, 32.73724],
        [77.9305, 32.73707],
        [77.93056, 32.73697],
        [77.93058, 32.73691],
        [77.93052, 32.73684],
        [77.92984, 32.73678],
        [77.92837, 32.73662],
        [77.92732, 32.73654],
        [77.92712, 32.73646],
        [77.92691, 32.73635],
        [77.9267, 32.73623],
        [77.92656, 32.7361],
        [77.92645, 32.7359],
        [77.92637, 32.73573],
        [77.92627, 32.73538],
        [77.92623, 32.73515],
        [77.92629, 32.7348],
        [77.92641, 32.73447],
        [77.92654, 32.73426],
        [77.92666, 32.73408],
        [77.92699, 32.73371],
        [77.92775, 32.73305],
        [77.92794, 32.73296],
        [77.92823, 32.7329],
        [77.92877, 32.73276],
        [77.93001, 32.73265],
        [77.9304, 32.73255],
        [77.93077, 32.73242],
        [77.93096, 32.7323],
        [77.93116, 32.73214],
        [77.93131, 32.73201],
        [77.93145, 32.73184],
        [77.93182, 32.73135],
        [77.93225, 32.7307],
        [77.93244, 32.7303],
        [77.9324, 32.73004],
        [77.93239, 32.72981],
        [77.93238, 32.7296],
        [77.93256, 32.72915],
        [77.93262, 32.729],
        [77.93262, 32.72888],
        [77.93262, 32.72865],
        [77.93262, 32.72848],
        [77.93266, 32.72832],
        [77.9327, 32.72818],
        [77.93277, 32.72795],
        [77.93293, 32.72762],
        [77.93361, 32.72681],
        [77.93421, 32.7261],
        [77.93429, 32.726],
        [77.9343, 32.72591],
        [77.93394, 32.72575],
        [77.93334, 32.72558],
        [77.93169, 32.72486],
        [77.93048, 32.7241],
        [77.92973, 32.72343],
        [77.92881, 32.72277],
        [77.92802, 32.72214],
        [77.92744, 32.72154],
        [77.92699, 32.72088],
        [77.9266, 32.72003],
        [77.92635, 32.71939],
        [77.92606, 32.71904],
        [77.9255, 32.71821],
        [77.92522, 32.71782],
        [77.92505, 32.71763],
        [77.92491, 32.71737],
        [77.92478, 32.71712],
        [77.9247, 32.71691],
        [77.92462, 32.71679],
        [77.92458, 32.71662],
        [77.92453, 32.71643],
        [77.92449, 32.71612],
        [77.92445, 32.71579],
        [77.92445, 32.71567],
        [77.92489, 32.7126],
        [77.92482, 32.71229],
        [77.92474, 32.71171],
        [77.92466, 32.71152],
        [77.92454, 32.71132],
        [77.92445, 32.71113],
        [77.9242, 32.7108],
        [77.92359, 32.7102],
        [77.92296, 32.70977],
        [77.92216, 32.70918],
        [77.92194, 32.70891],
        [77.92181, 32.70872],
        [77.92169, 32.70851],
        [77.92167, 32.70841],
        [77.92165, 32.70822],
        [77.92165, 32.70814],
        [77.92167, 32.70808],
        [77.92177, 32.70793],
        [77.92212, 32.70763],
        [77.92233, 32.7074],
        [77.92256, 32.70721],
        [77.92262, 32.70709],
        [77.92274, 32.70676],
        [77.9228, 32.70641],
        [77.92278, 32.70603],
        [77.92251, 32.70513],
        [77.92202, 32.70427],
        [77.92191, 32.70406],
        [77.92171, 32.70379],
        [77.92163, 32.70363],
        [77.92156, 32.7034],
        [77.92152, 32.70319],
        [77.9215, 32.70298],
        [77.92152, 32.70245],
        [77.92171, 32.70166],
        [77.92189, 32.70112],
        [77.92241, 32.6994],
        [77.92241, 32.69921],
        [77.92237, 32.69909],
        [77.92229, 32.69892],
        [77.92214, 32.69871],
        [77.92144, 32.69816],
        [77.92051, 32.6976],
        [77.9201, 32.69723],
        [77.91985, 32.69704],
        [77.91958, 32.69688],
        [77.91925, 32.69671],
        [77.91896, 32.69656],
        [77.91869, 32.69648],
        [77.91845, 32.6964],
        [77.91826, 32.69634],
        [77.91822, 32.69626],
        [77.91818, 32.69623],
        [77.91815, 32.69607],
        [77.91814, 32.69592],
        [77.91834, 32.69563],
        [77.91857, 32.69532],
        [77.91894, 32.69508],
        [77.91906, 32.69491],
        [77.91909, 32.69472],
        [77.91913, 32.69454],
        [77.91904, 32.69415],
        [77.91863, 32.69283],
        [77.91843, 32.69242],
        [77.91838, 32.69221],
        [77.9183, 32.69165],
        [77.9183, 32.69134],
        [77.91832, 32.69118],
        [77.91839, 32.69095],
        [77.91851, 32.69068],
        [77.91867, 32.69044],
        [77.91898, 32.69002],
        [77.91944, 32.68955],
        [77.92, 32.68911],
        [77.92072, 32.6886],
        [77.9222, 32.68799],
        [77.92389, 32.68753],
        [77.92485, 32.6872],
        [77.92544, 32.68689],
        [77.92656, 32.68627],
        [77.92745, 32.68569],
        [77.92811, 32.68513],
        [77.92896, 32.68425],
        [77.9299, 32.6833],
        [77.93019, 32.68291],
        [77.93038, 32.68258],
        [77.9305, 32.68239],
        [77.93064, 32.68222],
        [77.93097, 32.68195],
        [77.93122, 32.68185],
        [77.93159, 32.68173],
        [77.9336, 32.68146],
        [77.93389, 32.68142],
        [77.93414, 32.68134],
        [77.93422, 32.68131],
        [77.93438, 32.68121],
        [77.93449, 32.68107],
        [77.93457, 32.68086],
        [77.93465, 32.68055],
        [77.93471, 32.6804],
        [77.9348, 32.68014],
        [77.9352, 32.67932],
        [77.93584, 32.67862],
        [77.9372, 32.6775],
        [77.93869, 32.67599],
        [77.93964, 32.67496],
        [77.94008, 32.67469],
        [77.94018, 32.6745],
        [77.94049, 32.67407],
        [77.94108, 32.67238],
        [77.94131, 32.67129],
        [77.94152, 32.67028],
        [77.9415, 32.67015],
        [77.94154, 32.66992],
        [77.9416, 32.6697],
        [77.94168, 32.66947],
        [77.94179, 32.66924],
        [77.94197, 32.66871],
        [77.94212, 32.66802],
        [77.94214, 32.66748],
        [77.94222, 32.66655],
        [77.94224, 32.66628],
        [77.9423, 32.66609],
        [77.94251, 32.66576],
        [77.94339, 32.66475],
        [77.94364, 32.66419],
        [77.94379, 32.66398],
        [77.94468, 32.6632],
        [77.9462, 32.66167],
        [77.94765, 32.66074],
        [77.95012, 32.65953],
        [77.9518, 32.65891],
        [77.95394, 32.65847],
        [77.95577, 32.65814],
        [77.95743, 32.658],
        [77.95937, 32.65777],
        [77.96104, 32.65755],
        [77.96269, 32.65767],
        [77.96444, 32.65784],
        [77.96516, 32.6578],
        [77.96556, 32.65773],
        [77.96593, 32.65761],
        [77.96634, 32.6574],
        [77.9669, 32.65699],
        [77.96698, 32.65688],
        [77.96714, 32.65674],
        [77.96723, 32.65666],
        [77.96737, 32.65656],
        [77.9689, 32.65602],
        [77.97061, 32.65524],
        [77.97104, 32.65495],
        [77.97129, 32.65472],
        [77.97152, 32.6546],
        [77.97183, 32.65437],
        [77.97207, 32.6542],
        [77.97218, 32.654],
        [77.9723, 32.65373],
        [77.97238, 32.65346],
        [77.97243, 32.65282],
        [77.97236, 32.65243],
        [77.97212, 32.65174],
        [77.97203, 32.65141],
        [77.97202, 32.6507],
        [77.97197, 32.6501],
        [77.97189, 32.64975],
        [77.97156, 32.64917],
        [77.97109, 32.64832],
        [77.97096, 32.64807],
        [77.97084, 32.64789],
        [77.97073, 32.64768],
        [77.97059, 32.64749],
        [77.97042, 32.64731],
        [77.97024, 32.64715],
        [77.97009, 32.64702],
        [77.97003, 32.64692],
        [77.97013, 32.64675],
        [77.97032, 32.64665],
        [77.97086, 32.64632],
        [77.97154, 32.64605],
        [77.97179, 32.64599],
        [77.97228, 32.64603],
        [77.97334, 32.64621],
        [77.97385, 32.64617],
        [77.97423, 32.64609],
        [77.97489, 32.64578],
        [77.97665, 32.64461],
        [77.97711, 32.64426],
        [77.97806, 32.64374],
        [77.97944, 32.64261],
        [77.98039, 32.64221],
        [77.98093, 32.64203],
        [77.98217, 32.64198],
        [77.98386, 32.64201],
        [77.98411, 32.64194],
        [77.98453, 32.64167],
        [77.9849, 32.64124],
        [77.98539, 32.64033],
        [77.98687, 32.63732],
        [77.98722, 32.63664],
        [77.98733, 32.63643],
        [77.98745, 32.63627],
        [77.98766, 32.63604],
        [77.98863, 32.63507],
        [77.98974, 32.63408],
        [77.99166, 32.6326],
        [77.9918, 32.63248],
        [77.99182, 32.63233],
        [77.99174, 32.63218],
        [77.9916, 32.63196],
        [77.99143, 32.63161],
        [77.99137, 32.63126],
        [77.99133, 32.63111],
        [77.99135, 32.63094],
        [77.99143, 32.6307],
        [77.99164, 32.63045],
        [77.99321, 32.62895],
        [77.99413, 32.62808],
        [77.99581, 32.62711],
        [77.99659, 32.6267],
        [77.99694, 32.62655],
        [77.99713, 32.62653],
        [77.99869, 32.62644],
        [78.00064, 32.62561],
        [78.00288, 32.62471],
        [78.00323, 32.62466],
        [78.00352, 32.62463],
        [78.00375, 32.62463],
        [78.00426, 32.62466],
        [78.00606, 32.62509],
        [78.00847, 32.62551],
        [78.00892, 32.62554],
        [78.00942, 32.62546],
        [78.01052, 32.62529],
        [78.01176, 32.62505],
        [78.01215, 32.62479],
        [78.01232, 32.62401],
        [78.01249, 32.62264],
        [78.01265, 32.62223],
        [78.01301, 32.62169],
        [78.01414, 32.62079],
        [78.01584, 32.61976],
        [78.01639, 32.61958],
        [78.01668, 32.6195],
        [78.01701, 32.61952],
        [78.01744, 32.6196],
        [78.01846, 32.61995],
        [78.02087, 32.62117],
        [78.02271, 32.6219],
        [78.02505, 32.62221],
        [78.02686, 32.62245],
        [78.029, 32.62337],
        [78.02912, 32.62367],
        [78.02905, 32.62406],
        [78.02816, 32.62505],
        [78.02773, 32.62525],
        [78.02706, 32.62549],
        [78.02537, 32.62687],
        [78.02529, 32.62709],
        [78.02537, 32.62731],
        [78.02562, 32.62739],
        [78.02715, 32.62829],
        [78.02913, 32.62995],
        [78.03056, 32.63171],
        [78.03191, 32.63301],
        [78.03291, 32.63356],
        [78.03356, 32.63393],
        [78.03366, 32.63413],
        [78.03365, 32.63443],
        [78.03361, 32.63575],
        [78.03362, 32.63624],
        [78.03372, 32.63659],
        [78.03405, 32.63691],
        [78.03446, 32.63714],
        [78.03484, 32.63727],
        [78.03519, 32.6373],
        [78.03638, 32.63751],
        [78.03866, 32.63845],
        [78.04054, 32.63918],
        [78.04233, 32.63991],
        [78.04306, 32.64034],
        [78.0432, 32.64069],
        [78.04318, 32.6411],
        [78.04323, 32.64172],
        [78.04331, 32.64213],
        [78.04363, 32.64256],
        [78.04463, 32.64358],
        [78.04682, 32.64501],
        [78.04704, 32.64491],
        [78.04723, 32.6443],
        [78.04775, 32.64338],
        [78.04933, 32.64131],
        [78.05008, 32.64062],
        [78.05113, 32.63985],
        [78.05132, 32.63956],
        [78.05151, 32.63907],
        [78.05174, 32.63856],
        [78.05323, 32.63716],
        [78.05589, 32.63515],
        [78.05672, 32.63445],
        [78.05698, 32.63389],
        [78.05738, 32.63255],
        [78.05797, 32.63146],
        [78.05872, 32.63044],
        [78.05924, 32.6296],
        [78.06011, 32.62749],
        [78.06063, 32.62666],
        [78.06109, 32.62625],
        [78.0616, 32.626],
        [78.0621, 32.6259],
        [78.06275, 32.62587],
        [78.06401, 32.62586],
        [78.06534, 32.62595],
        [78.06645, 32.62604],
        [78.06789, 32.62647],
        [78.06918, 32.62717],
        [78.07138, 32.62886],
        [78.0735, 32.63069],
        [78.0739, 32.63079],
        [78.07425, 32.63079],
        [78.07469, 32.63076],
        [78.07545, 32.63042],
        [78.07645, 32.62974],
        [78.07855, 32.62867],
        [78.07888, 32.62846],
        [78.07922, 32.62813],
        [78.07977, 32.62728],
        [78.08007, 32.62692],
        [78.08141, 32.62604],
        [78.08246, 32.62569],
        [78.08316, 32.62552],
        [78.08463, 32.6253],
        [78.08525, 32.62506],
        [78.08639, 32.62433],
        [78.08674, 32.62425],
        [78.08698, 32.62425],
        [78.08724, 32.62436],
        [78.08895, 32.62546],
        [78.0899, 32.62611],
        [78.09059, 32.62695],
        [78.09159, 32.62833],
        [78.09203, 32.62862],
        [78.09257, 32.62878],
        [78.09397, 32.62903],
        [78.097, 32.62982],
        [78.09891, 32.63038],
        [78.09889, 32.63061],
        [78.0988, 32.63091],
        [78.09862, 32.63146],
        [78.09862, 32.632],
        [78.09869, 32.63246],
        [78.09899, 32.63362],
        [78.09918, 32.63495],
        [78.09922, 32.63561],
        [78.09918, 32.63623],
        [78.09897, 32.63712],
        [78.09851, 32.63815],
        [78.0974, 32.64017],
        [78.09638, 32.64212],
        [78.09618, 32.64283],
        [78.0961, 32.6434],
        [78.09594, 32.64443],
        [78.09573, 32.64478],
        [78.09397, 32.64625],
        [78.0927, 32.64729],
        [78.09257, 32.64772],
        [78.09273, 32.64791],
        [78.0954, 32.64998],
        [78.09965, 32.65335],
        [78.10291, 32.65609],
        [78.10423, 32.65716],
        [78.10704, 32.6593],
        [78.10947, 32.66143],
        [78.11058, 32.6626],
        [78.11092, 32.66254],
        [78.11223, 32.662],
        [78.11396, 32.66141],
        [78.11507, 32.6608],
        [78.11599, 32.66035],
        [78.11657, 32.66026],
        [78.11717, 32.66021],
        [78.11788, 32.66019],
        [78.11837, 32.66027],
        [78.11942, 32.66065],
        [78.11994, 32.6607],
        [78.12031, 32.66067],
        [78.12077, 32.66054],
        [78.12112, 32.6602],
        [78.12174, 32.65928],
        [78.12254, 32.65757],
        [78.12326, 32.6564],
        [78.1254, 32.65382],
        [78.12711, 32.65228],
        [78.12751, 32.65214],
        [78.12779, 32.65211],
        [78.12808, 32.65214],
        [78.12835, 32.65222],
        [78.12881, 32.65252],
        [78.12967, 32.65311],
        [78.1305, 32.65338],
        [78.13113, 32.65344],
        [78.13266, 32.65351],
        [78.1337, 32.6537],
        [78.13543, 32.65431],
        [78.1364, 32.65446],
        [78.13745, 32.65446],
        [78.14065, 32.65422],
        [78.14476, 32.654],
        [78.14669, 32.65398],
        [78.14707, 32.654],
        [78.14731, 32.65406],
        [78.14753, 32.65427],
        [78.14782, 32.65461],
        [78.14788, 32.65484],
        [78.14787, 32.65536],
        [78.14779, 32.65607],
        [78.14766, 32.65756],
        [78.14768, 32.65781],
        [78.14774, 32.65799],
        [78.14782, 32.65826],
        [78.14801, 32.65885],
        [78.14812, 32.65921],
        [78.14812, 32.6595],
        [78.1479, 32.65973],
        [78.1475, 32.66041],
        [78.14749, 32.66062],
        [78.14755, 32.66099],
        [78.14777, 32.66124],
        [78.14814, 32.66179],
        [78.14823, 32.66219],
        [78.14845, 32.6649],
        [78.14845, 32.66572],
        [78.14818, 32.66653],
        [78.14761, 32.66835],
        [78.14753, 32.669],
        [78.14753, 32.66956],
        [78.14758, 32.66997],
        [78.14778, 32.67092],
        [78.14778, 32.67125],
        [78.14774, 32.67159],
        [78.14748, 32.67222],
        [78.14628, 32.6748],
        [78.14561, 32.67673],
        [78.14522, 32.67768],
        [78.14464, 32.67846],
        [78.14389, 32.679],
        [78.14284, 32.67969],
        [78.14248, 32.68004],
        [78.14227, 32.68052],
        [78.14221, 32.68079],
        [78.14219, 32.6811],
        [78.14223, 32.68145],
        [78.14238, 32.68167],
        [78.14265, 32.68182],
        [78.14291, 32.68187],
        [78.14417, 32.6819],
        [78.14603, 32.68189],
        [78.14688, 32.68177],
        [78.14769, 32.68168],
        [78.1488, 32.68165],
        [78.15072, 32.68193],
        [78.15185, 32.68225],
        [78.15239, 32.68255],
        [78.15332, 32.68311],
        [78.15371, 32.68322],
        [78.15443, 32.68341],
        [78.158, 32.68401],
        [78.15825, 32.68393],
        [78.15884, 32.68344],
        [78.15959, 32.68293],
        [78.15997, 32.68285],
        [78.16019, 32.68284],
        [78.16063, 32.68288],
        [78.1619, 32.68301],
        [78.16246, 32.683],
        [78.16317, 32.68292],
        [78.16403, 32.68284],
        [78.1649, 32.68298],
        [78.16545, 32.68296],
        [78.16594, 32.68274],
        [78.16807, 32.68133],
        [78.16984, 32.68068],
        [78.17118, 32.68041],
        [78.17164, 32.68035],
        [78.17211, 32.68035],
        [78.17245, 32.68038],
        [78.17292, 32.68049],
        [78.17399, 32.68084],
        [78.17498, 32.68096],
        [78.1754, 32.68097],
        [78.17581, 32.68085],
        [78.17641, 32.68034],
        [78.17871, 32.67869],
        [78.1802, 32.6779],
        [78.18067, 32.6778],
        [78.18126, 32.67776],
        [78.18205, 32.67769],
        [78.18242, 32.6776],
        [78.18355, 32.67684],
        [78.18649, 32.67501],
        [78.18682, 32.67491],
        [78.18714, 32.67489],
        [78.18742, 32.67491],
        [78.1885, 32.67499],
        [78.18941, 32.67489],
        [78.19098, 32.67434],
        [78.1928, 32.67345],
        [78.19518, 32.6718],
        [78.19699, 32.67031],
        [78.19757, 32.67008],
        [78.19799, 32.67004],
        [78.19841, 32.67007],
        [78.19979, 32.67019],
        [78.20102, 32.67026],
        [78.20151, 32.67024],
        [78.20176, 32.67018],
        [78.20205, 32.66997],
        [78.20222, 32.66958],
        [78.20241, 32.66894],
        [78.20271, 32.66845],
        [78.20355, 32.66748],
        [78.20404, 32.66713],
        [78.20426, 32.66707],
        [78.20448, 32.66704],
        [78.20626, 32.66689],
        [78.20807, 32.66678],
        [78.20921, 32.66653],
        [78.21073, 32.66602],
        [78.21169, 32.66583],
        [78.21729, 32.665],
        [78.21947, 32.6647],
        [78.21975, 32.66484],
        [78.22023, 32.66516],
        [78.22128, 32.66598],
        [78.22401, 32.66758],
        [78.22656, 32.66948],
        [78.22749, 32.66998],
        [78.22935, 32.67063],
        [78.23089, 32.67126],
        [78.2324, 32.67174],
        [78.23355, 32.67191],
        [78.23581, 32.67207],
        [78.23704, 32.6721],
        [78.23767, 32.67194],
        [78.23904, 32.67144],
        [78.23928, 32.67137],
        [78.2395, 32.67136],
        [78.23983, 32.67136],
        [78.24083, 32.67145],
        [78.24345, 32.67182],
        [78.2445, 32.67187],
        [78.24542, 32.67174],
        [78.24594, 32.67183],
        [78.24599, 32.67204],
        [78.24599, 32.67236],
        [78.24599, 32.67293],
        [78.246, 32.67318],
        [78.24621, 32.67356],
        [78.24686, 32.67419],
        [78.24786, 32.67521],
        [78.24807, 32.67563],
        [78.24814, 32.67585],
        [78.24801, 32.67747],
        [78.2481, 32.67769],
        [78.24859, 32.67809],
        [78.24967, 32.68008],
        [78.25302, 32.69106],
        [78.27555, 32.6993],
        [78.2892, 32.69929],
        [78.30136, 32.70314],
        [78.31222, 32.70917],
        [78.31507, 32.7161],
        [78.31463, 32.72119],
        [78.31117, 32.72799],
        [78.3042, 32.73422],
        [78.33053, 32.74537],
        [78.33315, 32.74984],
        [78.33437, 32.75035],
        [78.3392, 32.75187],
        [78.34627, 32.75419],
        [78.35195, 32.75606],
        [78.35522, 32.75729],
        [78.35662, 32.75768],
        [78.35717, 32.75778],
        [78.35739, 32.75772],
        [78.35814, 32.75736],
        [78.3605, 32.75555],
        [78.36185, 32.75445],
        [78.36236, 32.75415],
        [78.36307, 32.75398],
        [78.36431, 32.7537],
        [78.36573, 32.75352],
        [78.36666, 32.75358],
        [78.36829, 32.75394],
        [78.37146, 32.755],
        [78.37299, 32.75561],
        [78.37331, 32.75553],
        [78.37378, 32.75528],
        [78.37498, 32.75435],
        [78.3752, 32.75431],
        [78.37589, 32.75429],
        [78.37754, 32.75437],
        [78.38081, 32.75498],
        [78.38224, 32.75538],
        [78.38325, 32.75573],
        [78.38496, 32.7567],
        [78.38549, 32.75699],
        [78.38592, 32.75709],
        [78.38638, 32.75705],
        [78.38772, 32.75693],
        [78.38789, 32.75676],
        [78.38787, 32.75656],
        [78.38726, 32.7542],
        [78.38569, 32.74985],
        [78.38732, 32.74219],
        [78.38779, 32.73003],
        [78.39149, 32.71896],
        [78.39436, 32.71561],
        [78.38407, 32.69581],
        [78.38014, 32.6818],
        [78.37959, 32.66825],
        [78.38731, 32.63437],
        [78.39227, 32.62581],
        [78.40517, 32.61942],
        [78.3934, 32.61108],
        [78.3569, 32.58925],
        [78.34801, 32.58106],
        [78.33422, 32.5764],
        [78.3186, 32.57491],
        [78.31285, 32.57371],
        [78.31531, 32.52542],
        [78.31117, 32.51861],
        [78.2946, 32.50409],
        [78.32227, 32.47385],
        [78.32644, 32.47202],
        [78.37249, 32.50876],
        [78.39284, 32.52214],
        [78.39859, 32.52574],
        [78.41054, 32.52462],
        [78.41407, 32.52315],
        [78.41521, 32.52245],
        [78.4164, 32.51976],
        [78.41755, 32.51423],
        [78.4214, 32.51118],
        [78.42136, 32.51029],
        [78.42507, 32.50878],
        [78.42531, 32.50808],
        [78.43111, 32.50705],
        [78.4418, 32.50808],
        [78.44785, 32.50632],
        [78.45174, 32.50378],
        [78.4525, 32.5031],
        [78.45454, 32.50138],
        [78.45613, 32.49922],
        [78.45678, 32.49657],
        [78.45965, 32.49532],
        [78.46116, 32.49393],
        [78.46375, 32.48843],
        [78.46484, 32.48615],
        [78.4648, 32.48523],
        [78.46445, 32.4832],
        [78.46407, 32.48236],
        [78.46185, 32.47809],
        [78.45768, 32.4737],
        [78.4534, 32.46705],
        [78.45185, 32.46205],
        [78.45149, 32.45855],
        [78.45266, 32.45535],
        [78.45318, 32.45511],
        [78.45314, 32.45399],
        [78.45417, 32.45303],
        [78.45415, 32.45237],
        [78.45754, 32.45068],
        [78.4592, 32.45028],
        [78.46204, 32.44949],
        [78.47077, 32.44651],
        [78.47803, 32.44395],
        [78.48216, 32.44111],
        [78.48285, 32.43905],
        [78.48365, 32.43879],
        [78.48419, 32.43878],
        [78.48417, 32.43832],
        [78.4847, 32.43807],
        [78.48688, 32.43328],
        [78.48738, 32.43306],
        [78.48792, 32.43281],
        [78.48902, 32.42885],
        [78.4896, 32.42847],
        [78.49087, 32.42707],
        [78.4911, 32.42615],
        [78.49265, 32.42497],
        [78.49258, 32.4234],
        [78.4939, 32.42266],
        [78.49413, 32.42177],
        [78.49967, 32.42093],
        [78.50333, 32.42118],
        [78.51861, 32.42212],
        [78.52752, 32.4196],
        [78.53045, 32.41783],
        [78.53476, 32.41439],
        [78.53321, 32.40903],
        [78.53265, 32.40838],
        [78.52095, 32.39881],
        [78.51983, 32.39771],
        [78.51805, 32.39639],
        [78.51767, 32.39595],
        [78.51358, 32.39112],
        [78.5118, 32.38665],
        [78.50989, 32.37317],
        [78.50762, 32.36915],
        [78.50093, 32.36355],
        [78.49992, 32.36272],
        [78.4988, 32.36174],
        [78.48384, 32.35385],
        [78.48046, 32.34901],
        [78.47991, 32.34809],
        [78.47872, 32.34542],
        [78.47713, 32.33881],
        [78.47651, 32.33307],
        [78.47704, 32.33284],
        [78.48044, 32.31647],
        [78.48109, 32.30812],
        [78.48271, 32.28769],
        [78.48187, 32.27981],
        [78.48002, 32.27357],
        [78.47842, 32.27191],
        [78.47483, 32.26649],
        [78.47412, 32.26493],
        [78.47217, 32.26363],
        [78.46965, 32.25986],
        [78.46858, 32.25943],
        [78.46651, 32.25767],
        [78.46619, 32.2572],
        [78.46401, 32.25402],
        [78.46284, 32.2529],
        [78.4611, 32.25154],
        [78.46068, 32.25113],
        [78.45733, 32.24761],
        [78.45654, 32.2474],
        [78.45505, 32.24405],
        [78.45485, 32.24224],
        [78.46237, 32.24157],
        [78.46355, 32.24146],
        [78.47471, 32.2412],
        [78.47578, 32.24094],
        [78.47977, 32.24171],
        [78.4985, 32.23887],
        [78.51719, 32.24145],
        [78.52154, 32.24356],
        [78.52956, 32.24515],
        [78.5359, 32.24585],
        [78.53644, 32.2459],
        [78.53942, 32.24617],
        [78.55137, 32.24553],
        [78.55509, 32.24569],
        [78.55874, 32.24444],
        [78.57789, 32.233],
        [78.58958, 32.22699],
        [78.60854, 32.21432],
        [78.60904, 32.21339],
        [78.60993, 32.21278],
        [78.61072, 32.21232],
        [78.61078, 32.2114],
        [78.61075, 32.20712],
        [78.60673, 32.19958],
        [78.60608, 32.19326],
        [78.60685, 32.19301],
        [78.60977, 32.1841],
        [78.60927, 32.17803],
        [78.60782, 32.17557],
        [78.60505, 32.16956],
        [78.6043, 32.16711],
        [78.60085, 32.16455],
        [78.59964, 32.16409],
        [78.59354, 32.16113],
        [78.59338, 32.16068],
        [78.59281, 32.16067],
        [78.59009, 32.15715],
        [78.58983, 32.15423],
        [78.59019, 32.15333],
        [78.59124, 32.15329],
        [78.59173, 32.15215],
        [78.5952, 32.15007],
        [78.6038, 32.14295],
        [78.60427, 32.14158],
        [78.60503, 32.14113],
        [78.60544, 32.13794],
        [78.60671, 32.13675],
        [78.60797, 32.13559],
        [78.60968, 32.13124],
        [78.60995, 32.12745],
        [78.61179, 32.11897],
        [78.61259, 32.11851],
        [78.61279, 32.11759],
        [78.61473, 32.11646],
        [78.61493, 32.11591],
        [78.62164, 32.11303],
        [78.62559, 32.11334],
        [78.63137, 32.11135],
        [78.63189, 32.11156],
        [78.63255, 32.11176],
        [78.64406, 32.11048],
        [78.65505, 32.10764],
        [78.66332, 32.10265],
        [78.66383, 32.10195],
        [78.66443, 32.1008],
        [78.66508, 32.09421],
        [78.66648, 32.08885],
        [78.66375, 32.08906],
        [78.6614, 32.08569],
        [78.66099, 32.08019],
        [78.65819, 32.0736],
        [78.65203, 32.06953],
        [78.64276, 32.06583],
        [78.63367, 32.06428],
        [78.6242, 32.06366],
        [78.61544, 32.05953],
        [78.60416, 32.05236],
        [78.59993, 32.05221],
        [78.59599, 32.05801],
        [78.5865, 32.06027],
        [78.56728, 32.06138],
        [78.55868, 32.06038],
        [78.54616, 32.06192],
        [78.54121, 32.06329],
        [78.52302, 32.0581],
        [78.51417, 32.0532],
        [78.49853, 32.05162],
        [78.49795, 32.05227],
        [78.49763, 32.05252],
        [78.49718, 32.05274],
        [78.49657, 32.05281],
        [78.49505, 32.05281],
        [78.49186, 32.0525],
        [78.49106, 32.05236],
        [78.49043, 32.0522],
        [78.48953, 32.05172],
        [78.48931, 32.05163],
        [78.48914, 32.05159],
        [78.48889, 32.05159],
        [78.48821, 32.05179],
        [78.48757, 32.05195],
        [78.48726, 32.05198],
        [78.48712, 32.05196],
        [78.48688, 32.05192],
        [78.48654, 32.05179],
        [78.48575, 32.05082],
        [78.48467, 32.04895],
        [78.48432, 32.04858],
        [78.48405, 32.0484],
        [78.48367, 32.04827],
        [78.48335, 32.04825],
        [78.48307, 32.04827],
        [78.4827, 32.0485],
        [78.48238, 32.04879],
        [78.48203, 32.04927],
        [78.48187, 32.04972],
        [78.48182, 32.05003],
        [78.48178, 32.05188],
        [78.48179, 32.05265],
        [78.48172, 32.05284],
        [78.48142, 32.05325],
        [78.48115, 32.05335],
        [78.48073, 32.05344],
        [78.48006, 32.05345],
        [78.47877, 32.05333],
        [78.47817, 32.05329],
        [78.47768, 32.05333],
        [78.47588, 32.05371],
        [78.47505, 32.05405],
        [78.47469, 32.05421],
        [78.47446, 32.05442],
        [78.47405, 32.05506],
        [78.47394, 32.05582],
        [78.47397, 32.05646],
        [78.47388, 32.05688],
        [78.4734, 32.05765],
        [78.47298, 32.05795],
        [78.47184, 32.05811],
        [78.4706, 32.05828],
        [78.46993, 32.05841],
        [78.46938, 32.05856],
        [78.46863, 32.05899],
        [78.46761, 32.05988],
        [78.46691, 32.06063],
        [78.46642, 32.06091],
        [78.46604, 32.06101],
        [78.46566, 32.06101],
        [78.4635, 32.06063],
        [78.46222, 32.06058],
        [78.46061, 32.06065],
        [78.4587, 32.06107],
        [78.45664, 32.06181],
        [78.45555, 32.06197],
        [78.45496, 32.062],
        [78.45434, 32.06198],
        [78.45314, 32.06168],
        [78.45107, 32.06072],
        [78.45006, 32.06011],
        [78.44961, 32.05979],
        [78.44941, 32.05941],
        [78.44932, 32.05905],
        [78.4492, 32.05797],
        [78.44929, 32.05732],
        [78.44941, 32.05701],
        [78.44967, 32.05658],
        [78.4498, 32.05622],
        [78.4498, 32.05542],
        [78.4499, 32.05478],
        [78.4499, 32.05454],
        [78.44992, 32.05438],
        [78.44987, 32.05414],
        [78.44982, 32.05394],
        [78.44971, 32.05375],
        [78.44931, 32.05326],
        [78.4483, 32.05255],
        [78.44762, 32.05185],
        [78.44681, 32.05077],
        [78.44605, 32.04965],
        [78.44567, 32.04879],
        [78.44542, 32.04769],
        [78.44499, 32.04594],
        [78.44443, 32.04478],
        [78.44398, 32.04348],
        [78.4439, 32.04292],
        [78.44389, 32.04225],
        [78.44397, 32.04142],
        [78.44432, 32.0401],
        [78.44476, 32.03897],
        [78.44481, 32.03878],
        [78.44484, 32.03858],
        [78.4448, 32.03836],
        [78.4447, 32.03806],
        [78.44358, 32.03659],
        [78.4431, 32.03575],
        [78.44264, 32.03434],
        [78.44257, 32.03343],
        [78.44262, 32.03183],
        [78.4426, 32.03119],
        [78.44256, 32.03073],
        [78.4424, 32.02997],
        [78.4421, 32.02946],
        [78.44116, 32.02834],
        [78.44007, 32.02699],
        [78.43942, 32.02594],
        [78.43834, 32.02354],
        [78.43732, 32.02153],
        [78.43688, 32.02062],
        [78.43668, 32.02016],
        [78.43659, 32.01984],
        [78.43656, 32.0193],
        [78.43659, 32.01833],
        [78.43668, 32.01631],
        [78.43667, 32.01459],
        [78.43664, 32.01345],
        [78.43665, 32.01277],
        [78.43667, 32.01212],
        [78.43685, 32.01112],
        [78.43719, 32.00981],
        [78.43773, 32.0079],
        [78.43869, 32.00554],
        [78.43925, 32.0042],
        [78.43998, 32.00272],
        [78.44029, 32.00167],
        [78.44055, 32.00067],
        [78.44059, 32],
        [78.44074, 31.99844],
        [78.44092, 31.99772],
        [78.44092, 31.99753],
        [78.44093, 31.99737],
        [78.44093, 31.99718],
        [78.44093, 31.99706],
        [78.4409, 31.99695],
        [78.44085, 31.99684],
        [78.44048, 31.99624],
        [78.44023, 31.99572],
        [78.44014, 31.99522],
        [78.44018, 31.99452],
        [78.44035, 31.99354],
        [78.44042, 31.99266],
        [78.44042, 31.9919],
        [78.4403, 31.99116],
        [78.44019, 31.99085],
        [78.44005, 31.99076],
        [78.43984, 31.99067],
        [78.43963, 31.99062],
        [78.43956, 31.99058],
        [78.43951, 31.99051],
        [78.43945, 31.99037],
        [78.43924, 31.98778],
        [78.439, 31.9852],
        [78.4388, 31.98413],
        [78.43813, 31.98223],
        [78.43749, 31.98114],
        [78.43651, 31.98037],
        [78.43344, 31.97864],
        [78.43239, 31.97803],
        [78.43228, 31.9779],
        [78.43221, 31.97774],
        [78.43219, 31.97752],
        [78.43221, 31.9772],
        [78.43247, 31.97642],
        [78.43261, 31.97532],
        [78.43272, 31.97439],
        [78.43286, 31.97389],
        [78.43335, 31.97287],
        [78.43466, 31.97074],
        [78.43524, 31.97011],
        [78.43566, 31.96988],
        [78.43647, 31.9697],
        [78.43872, 31.96919],
        [78.44182, 31.96871],
        [78.44267, 31.96843],
        [78.44339, 31.96796],
        [78.44414, 31.96723],
        [78.44466, 31.96657],
        [78.44499, 31.96634],
        [78.44591, 31.96588],
        [78.4476, 31.96502],
        [78.44962, 31.96408],
        [78.45166, 31.96328],
        [78.45284, 31.96259],
        [78.4534, 31.96221],
        [78.45368, 31.96184],
        [78.45397, 31.96124],
        [78.45465, 31.96039],
        [78.45515, 31.95999],
        [78.4561, 31.95962],
        [78.45744, 31.95918],
        [78.45786, 31.95893],
        [78.45826, 31.95846],
        [78.45857, 31.95776],
        [78.45861, 31.95758],
        [78.45859, 31.95723],
        [78.45825, 31.95647],
        [78.45737, 31.9557],
        [78.45633, 31.95522],
        [78.45589, 31.95496],
        [78.45563, 31.95454],
        [78.45533, 31.95299],
        [78.45511, 31.95171],
        [78.45499, 31.95115],
        [78.45439, 31.95037],
        [78.45363, 31.94986],
        [78.45309, 31.94953],
        [78.45291, 31.94933],
        [78.45286, 31.94924],
        [78.45284, 31.94898],
        [78.45286, 31.94877],
        [78.45291, 31.94843],
        [78.45384, 31.9463],
        [78.45464, 31.94503],
        [78.45503, 31.94467],
        [78.45621, 31.94351],
        [78.45661, 31.94295],
        [78.45679, 31.94244],
        [78.45691, 31.94191],
        [78.45693, 31.94151],
        [78.45691, 31.94085],
        [78.45663, 31.9399],
        [78.45621, 31.93883],
        [78.45596, 31.93818],
        [78.45529, 31.9376],
        [78.45478, 31.93741],
        [78.45441, 31.93734],
        [78.45423, 31.93734],
        [78.45386, 31.93736],
        [78.45348, 31.93737],
        [78.45335, 31.93734],
        [78.45284, 31.93711],
        [78.45226, 31.9367],
        [78.45179, 31.93646],
        [78.45069, 31.93616],
        [78.44747, 31.93581],
        [78.44596, 31.93566],
        [78.4454, 31.93568],
        [78.44482, 31.93568],
        [78.44385, 31.93594],
        [78.44214, 31.93631],
        [78.44052, 31.93649],
        [78.43934, 31.93652],
        [78.43824, 31.9364],
        [78.4364, 31.936],
        [78.43469, 31.93517],
        [78.43372, 31.93474],
        [78.43346, 31.93469],
        [78.43265, 31.93481],
        [78.4299, 31.93585],
        [78.42837, 31.9364],
        [78.42683, 31.93689],
        [78.42506, 31.93723],
        [78.42463, 31.93719],
        [78.42412, 31.9371],
        [78.42347, 31.93689],
        [78.42208, 31.93605],
        [78.42113, 31.93524],
        [78.42036, 31.93482],
        [78.42014, 31.93473],
        [78.41992, 31.93471],
        [78.4196, 31.93471],
        [78.41951, 31.93478],
        [78.41944, 31.93494],
        [78.41933, 31.93577],
        [78.41898, 31.93617],
        [78.41734, 31.93751],
        [78.41671, 31.93809],
        [78.4163, 31.93844],
        [78.41507, 31.93888],
        [78.4146, 31.93901],
        [78.41431, 31.93915],
        [78.41414, 31.93932],
        [78.4138, 31.94038],
        [78.41323, 31.94131],
        [78.41232, 31.94198],
        [78.4108, 31.94274],
        [78.41047, 31.94296],
        [78.41022, 31.94339],
        [78.4095, 31.94494],
        [78.40904, 31.94636],
        [78.40893, 31.94675],
        [78.40885, 31.947],
        [78.40865, 31.9471],
        [78.40761, 31.94784],
        [78.40391, 31.95023],
        [78.40176, 31.95157],
        [78.39968, 31.95358],
        [78.39893, 31.95393],
        [78.39771, 31.95411],
        [78.39657, 31.95406],
        [78.39551, 31.95386],
        [78.39407, 31.95335],
        [78.39322, 31.95295],
        [78.39271, 31.95281],
        [78.39232, 31.95279],
        [78.39104, 31.95307],
        [78.38952, 31.95334],
        [78.3878, 31.95369],
        [78.38729, 31.95397],
        [78.38588, 31.95446],
        [78.385, 31.95466],
        [78.38357, 31.95482],
        [78.3822, 31.9548],
        [78.38095, 31.95476],
        [78.38007, 31.95485],
        [78.37869, 31.9551],
        [78.3772, 31.95573],
        [78.37482, 31.95706],
        [78.37414, 31.95721],
        [78.37172, 31.95808],
        [78.37067, 31.95832],
        [78.36855, 31.95852],
        [78.36735, 31.95866],
        [78.36566, 31.9591],
        [78.36421, 31.95956],
        [78.36396, 31.95961],
        [78.36387, 31.95959],
        [78.3638, 31.95951],
        [78.36375, 31.95938],
        [78.36375, 31.95919],
        [78.36382, 31.95908],
        [78.36451, 31.95838],
        [78.36539, 31.95708],
        [78.3657, 31.95614],
        [78.36572, 31.95556],
        [78.36546, 31.95486],
        [78.36498, 31.9537],
        [78.36475, 31.95298],
        [78.36475, 31.95231],
        [78.36482, 31.95139],
        [78.36482, 31.95096],
        [78.36479, 31.95073],
        [78.36454, 31.95039],
        [78.36269, 31.94877],
        [78.36077, 31.94698],
        [78.35823, 31.94478],
        [78.35675, 31.94323],
        [78.35478, 31.94183],
        [78.35357, 31.94069],
        [78.35241, 31.9391],
        [78.3519, 31.9387],
        [78.35139, 31.93848],
        [78.34994, 31.93836],
        [78.34869, 31.93836],
        [78.34784, 31.93824],
        [78.34682, 31.9379],
        [78.34522, 31.93713],
        [78.34451, 31.93662],
        [78.34397, 31.9359],
        [78.34367, 31.93489],
        [78.34342, 31.93402],
        [78.34217, 31.93233],
        [78.34123, 31.9312],
        [78.34111, 31.93103],
        [78.34086, 31.93094],
        [78.34076, 31.93094],
        [78.33968, 31.93164],
        [78.33794, 31.93282],
        [78.33693, 31.93351],
        [78.33541, 31.93406],
        [78.33513, 31.93413],
        [78.33471, 31.93411],
        [78.33377, 31.93397],
        [78.33284, 31.93392],
        [78.3321, 31.93401],
        [78.33113, 31.9342],
        [78.32967, 31.93432],
        [78.32593, 31.9345],
        [78.32418, 31.93457],
        [78.32238, 31.9348],
        [78.31924, 31.93531],
        [78.31551, 31.93633],
        [78.31427, 31.93658],
        [78.31386, 31.93664],
        [78.31344, 31.93674],
        [78.31266, 31.93715],
        [78.31203, 31.93739],
        [78.31122, 31.93748],
        [78.31051, 31.93746],
        [78.30828, 31.93709],
        [78.30669, 31.93667],
        [78.30569, 31.93621],
        [78.30462, 31.93531],
        [78.30339, 31.93452],
        [78.30314, 31.93439],
        [78.30298, 31.93432],
        [78.3028, 31.93427],
        [78.30243, 31.93422],
        [78.30212, 31.93422],
        [78.30203, 31.9342],
        [78.30187, 31.93415],
        [78.30187, 31.93404],
        [78.30192, 31.9338],
        [78.30208, 31.93355],
        [78.30244, 31.93263],
        [78.30244, 31.93216],
        [78.30236, 31.93154],
        [78.30208, 31.9307],
        [78.30146, 31.92982],
        [78.30088, 31.92917],
        [78.30072, 31.92878],
        [78.30062, 31.92841],
        [78.3006, 31.92801],
        [78.30067, 31.92745],
        [78.30088, 31.92667],
        [78.3009, 31.92649],
        [78.30083, 31.92634],
        [78.30071, 31.92618],
        [78.30049, 31.92588],
        [78.30004, 31.92547],
        [78.29967, 31.92525],
        [78.29916, 31.92517],
        [78.29873, 31.92516],
        [78.29787, 31.92517],
        [78.29581, 31.9254],
        [78.29426, 31.92551],
        [78.29051, 31.92602],
        [78.28931, 31.92634],
        [78.28389, 31.92829],
        [78.28011, 31.93005],
        [78.2773, 31.93162],
        [78.27471, 31.93284],
        [78.27156, 31.9337],
        [78.26823, 31.93448],
        [78.26715, 31.93462],
        [78.26669, 31.93457],
        [78.26639, 31.9345],
        [78.26614, 31.93441],
        [78.26424, 31.93288],
        [78.26373, 31.93247],
        [78.26347, 31.93237],
        [78.26297, 31.93233],
        [78.26068, 31.93269],
        [78.25929, 31.93275],
        [78.25841, 31.93274],
        [78.25776, 31.93267],
        [78.25656, 31.93242],
        [78.25501, 31.93199],
        [78.25408, 31.93205],
        [78.25177, 31.9324],
        [78.25075, 31.93266],
        [78.25008, 31.93266],
        [78.24982, 31.93268],
        [78.24953, 31.93272],
        [78.24932, 31.93279],
        [78.24925, 31.93287],
        [78.24874, 31.93393],
        [78.2464, 31.9338],
        [78.24495, 31.9332],
        [78.24462, 31.93311],
        [78.24436, 31.93307],
        [78.24386, 31.93305],
        [78.24169, 31.93338],
        [78.24002, 31.93363],
        [78.23867, 31.93366],
        [78.2371, 31.9336],
        [78.23554, 31.93338],
        [78.234, 31.93304],
        [78.23311, 31.93281],
        [78.23283, 31.93277],
        [78.23257, 31.93277],
        [78.23232, 31.9328],
        [78.2314, 31.9331],
        [78.2312, 31.93314],
        [78.23107, 31.93316],
        [78.22985, 31.93302],
        [78.22799, 31.93247],
        [78.22687, 31.93219],
        [78.22583, 31.93202],
        [78.22441, 31.93202],
        [78.22261, 31.93213],
        [78.22093, 31.93226],
        [78.21887, 31.93268],
        [78.21698, 31.93308],
        [78.21496, 31.93375],
        [78.21396, 31.93421],
        [78.2137, 31.93429],
        [78.21341, 31.93432],
        [78.21316, 31.93432],
        [78.21264, 31.93427],
        [78.2117, 31.93402],
        [78.21118, 31.93388],
        [78.21097, 31.93384],
        [78.21085, 31.93384],
        [78.21057, 31.93384],
        [78.20988, 31.93393],
        [78.20927, 31.93401],
        [78.20884, 31.934],
        [78.2058, 31.93365],
        [78.20318, 31.93327],
        [78.20193, 31.93305],
        [78.20116, 31.93275],
        [78.2005, 31.93237],
        [78.19986, 31.93175],
        [78.19923, 31.93075],
        [78.1985, 31.92998],
        [78.19683, 31.92883],
        [78.19505, 31.92784],
        [78.19438, 31.92747],
        [78.19395, 31.92704],
        [78.1938, 31.92683],
        [78.19374, 31.92625],
        [78.19396, 31.92439],
        [78.19438, 31.92176],
        [78.19437, 31.92122],
        [78.19432, 31.92077],
        [78.1941, 31.91995],
        [78.19341, 31.91887],
        [78.19301, 31.91834],
        [78.1924, 31.91794],
        [78.19116, 31.91751],
        [78.18985, 31.91734],
        [78.18883, 31.91731],
        [78.18778, 31.91742],
        [78.18676, 31.91756],
        [78.18648, 31.91756],
        [78.18617, 31.91755],
        [78.18554, 31.9174],
        [78.18334, 31.91672],
        [78.18215, 31.9163],
        [78.18182, 31.91618],
        [78.18164, 31.91609],
        [78.18157, 31.91582],
        [78.18149, 31.91491],
        [78.18161, 31.91379],
        [78.18169, 31.91294],
        [78.18194, 31.91216],
        [78.18251, 31.91114],
        [78.18363, 31.90942],
        [78.18448, 31.90818],
        [78.18466, 31.90745],
        [78.18506, 31.90544],
        [78.18533, 31.90411],
        [78.18533, 31.90344],
        [78.18525, 31.90272],
        [78.18486, 31.90184],
        [78.18434, 31.90081],
        [78.18351, 31.89953],
        [78.18296, 31.89844],
        [78.18282, 31.89784],
        [78.18279, 31.89725],
        [78.18291, 31.89661],
        [78.18328, 31.89567],
        [78.18391, 31.89484],
        [78.18513, 31.8938],
        [78.18528, 31.89366],
        [78.18536, 31.89357],
        [78.18539, 31.89349],
        [78.1854, 31.89326],
        [78.18533, 31.89311],
        [78.18444, 31.89207],
        [78.18287, 31.89044],
        [78.18233, 31.8898],
        [78.18221, 31.88964],
        [78.18214, 31.88947],
        [78.18211, 31.88931],
        [78.18209, 31.88894],
        [78.18214, 31.8886],
        [78.18296, 31.88632],
        [78.18354, 31.88396],
        [78.18363, 31.88372],
        [78.18367, 31.88369],
        [78.1839, 31.88363],
        [78.18555, 31.88348],
        [78.18562, 31.88348],
        [78.18574, 31.88343],
        [78.18579, 31.88339],
        [78.18586, 31.88333],
        [78.18588, 31.8832],
        [78.1858, 31.88291],
        [78.18551, 31.88199],
        [78.18525, 31.88041],
        [78.18516, 31.8792],
        [78.18527, 31.87812],
        [78.18551, 31.87726],
        [78.18598, 31.87648],
        [78.18671, 31.87589],
        [78.1878, 31.87529],
        [78.18835, 31.87504],
        [78.18855, 31.87485],
        [78.18883, 31.87407],
        [78.18918, 31.87287],
        [78.18919, 31.87265],
        [78.18919, 31.87254],
        [78.18915, 31.87246],
        [78.18906, 31.87236],
        [78.1877, 31.87178],
        [78.18682, 31.87141],
        [78.18426, 31.86957],
        [78.18322, 31.86855],
        [78.18205, 31.86767],
        [78.18062, 31.86622],
        [78.18017, 31.86596],
        [78.17987, 31.8659],
        [78.17974, 31.86585],
        [78.1796, 31.86583],
        [78.1793, 31.86582],
        [78.17762, 31.86645],
        [78.1767, 31.86672],
        [78.17568, 31.86682],
        [78.17443, 31.86682],
        [78.17403, 31.86671],
        [78.17375, 31.86652],
        [78.17344, 31.86579],
        [78.17327, 31.86505],
        [78.17281, 31.86411],
        [78.1721, 31.86314],
        [78.17192, 31.863],
        [78.17183, 31.86283],
        [78.17175, 31.86273],
        [78.17174, 31.86252],
        [78.17178, 31.8623],
        [78.1718, 31.86219],
        [78.17181, 31.86198],
        [78.17178, 31.8618],
        [78.17174, 31.86171],
        [78.17165, 31.86162],
        [78.17134, 31.86142],
        [78.17078, 31.86124],
        [78.17013, 31.86118],
        [78.1685, 31.86136],
        [78.1663, 31.86185],
        [78.16555, 31.86192],
        [78.16524, 31.86192],
        [78.16503, 31.86189],
        [78.16475, 31.86188],
        [78.16457, 31.86182],
        [78.1635, 31.86113],
        [78.16262, 31.86042],
        [78.16201, 31.86021],
        [78.1618, 31.86013],
        [78.16112, 31.86006],
        [78.16003, 31.86012],
        [78.15878, 31.86037],
        [78.15623, 31.86116],
        [78.15467, 31.86158],
        [78.15382, 31.86176],
        [78.15318, 31.86197],
        [78.15253, 31.8624],
        [78.1515, 31.8634],
        [78.14946, 31.86578],
        [78.14735, 31.86774],
        [78.14695, 31.86795],
        [78.14665, 31.868],
        [78.14641, 31.86802],
        [78.14614, 31.86803],
        [78.14501, 31.86741],
        [78.143, 31.86645],
        [78.1405, 31.86582],
        [78.13906, 31.86573],
        [78.13846, 31.86575],
        [78.13775, 31.86589],
        [78.13606, 31.86662],
        [78.13521, 31.86682],
        [78.13465, 31.86686],
        [78.13259, 31.86673],
        [78.13088, 31.86673],
        [78.12963, 31.86685],
        [78.12887, 31.86694],
        [78.12836, 31.8671],
        [78.12789, 31.86747],
        [78.12714, 31.86833],
        [78.12702, 31.86848],
        [78.12693, 31.86854],
        [78.12675, 31.86857],
        [78.12657, 31.86857],
        [78.12458, 31.86801],
        [78.12278, 31.86737],
        [78.12259, 31.86731],
        [78.12233, 31.86728],
        [78.12216, 31.86728],
        [78.12189, 31.86728],
        [78.12168, 31.86727],
        [78.12134, 31.86723],
        [78.12114, 31.8672],
        [78.12081, 31.86713],
        [78.12068, 31.86704],
        [78.12049, 31.86691],
        [78.11988, 31.86589],
        [78.11944, 31.86485],
        [78.1191, 31.86429],
        [78.11893, 31.864],
        [78.11819, 31.86356],
        [78.11624, 31.86215],
        [78.11424, 31.86105],
        [78.1121, 31.86013],
        [78.11115, 31.85979],
        [78.11075, 31.8597],
        [78.11051, 31.85961],
        [78.11033, 31.85949],
        [78.10929, 31.85866],
        [78.10854, 31.85821],
        [78.10797, 31.85799],
        [78.10653, 31.85775],
        [78.10441, 31.85754],
        [78.10357, 31.85755],
        [78.10297, 31.85761],
        [78.10242, 31.85775],
        [78.10157, 31.85804],
        [78.10005, 31.85836],
        [78.09822, 31.85879],
        [78.09736, 31.85913],
        [78.09698, 31.85918],
        [78.09688, 31.85918],
        [78.09651, 31.85912],
        [78.09612, 31.85903],
        [78.09546, 31.85858],
        [78.09509, 31.85842],
        [78.09493, 31.85837],
        [78.09427, 31.85834],
        [78.09331, 31.85831],
        [78.09231, 31.85807],
        [78.09053, 31.85758],
        [78.09003, 31.8574],
        [78.08988, 31.85727],
        [78.08977, 31.85711],
        [78.08977, 31.85688],
        [78.08985, 31.85653],
        [78.09055, 31.85568],
        [78.09219, 31.85403],
        [78.09295, 31.85303],
        [78.09359, 31.85202],
        [78.09365, 31.85187],
        [78.09367, 31.85174],
        [78.09365, 31.85166],
        [78.09359, 31.85163],
        [78.09337, 31.8516],
        [78.09185, 31.85147],
        [78.09116, 31.85128],
        [78.08954, 31.85074],
        [78.08825, 31.85052],
        [78.08739, 31.85021],
        [78.08618, 31.84946],
        [78.08439, 31.84821],
        [78.0831, 31.84704],
        [78.08284, 31.84667],
        [78.08278, 31.8465],
        [78.08278, 31.8463],
        [78.08281, 31.84618],
        [78.08285, 31.84606],
        [78.08296, 31.84594],
        [78.08378, 31.84526],
        [78.0851, 31.84431],
        [78.08561, 31.84363],
        [78.08603, 31.8427],
        [78.08618, 31.84204],
        [78.08625, 31.84183],
        [78.08644, 31.8417],
        [78.0872, 31.84155],
        [78.08835, 31.84136],
        [78.08986, 31.8413],
        [78.09039, 31.84123],
        [78.09105, 31.8409],
        [78.09204, 31.84008],
        [78.093, 31.83956],
        [78.09367, 31.83915],
        [78.09465, 31.8384],
        [78.09547, 31.83772],
        [78.09643, 31.83704],
        [78.0967, 31.83668],
        [78.0968, 31.83619],
        [78.09683, 31.83567],
        [78.09677, 31.83507],
        [78.09665, 31.83455],
        [78.09641, 31.83403],
        [78.09555, 31.83312],
        [78.09517, 31.8327],
        [78.09432, 31.83227],
        [78.09298, 31.83186],
        [78.09189, 31.83149],
        [78.0913, 31.83112],
        [78.09116, 31.83096],
        [78.09107, 31.83064],
        [78.09107, 31.83033],
        [78.0911, 31.83006],
        [78.09139, 31.82933],
        [78.09218, 31.82809],
        [78.09321, 31.8269],
        [78.09491, 31.82551],
        [78.09529, 31.82524],
        [78.09535, 31.82513],
        [78.09537, 31.8246],
        [78.09519, 31.82352],
        [78.09501, 31.82296],
        [78.09488, 31.8227],
        [78.09467, 31.82248],
        [78.0931, 31.82118],
        [78.09231, 31.82054],
        [78.09204, 31.82031],
        [78.09197, 31.82017],
        [78.09197, 31.81999],
        [78.092, 31.81986],
        [78.09227, 31.81904],
        [78.09237, 31.81819],
        [78.09234, 31.81747],
        [78.09233, 31.81726],
        [78.09227, 31.81714],
        [78.09212, 31.81675],
        [78.0916, 31.81625],
        [78.09078, 31.81568],
        [78.09028, 31.81531],
        [78.08945, 31.81358],
        [78.08883, 31.81186],
        [78.08795, 31.81034],
        [78.08742, 31.80976],
        [78.08682, 31.80939],
        [78.08566, 31.809],
        [78.08487, 31.80854],
        [78.08471, 31.80842],
        [78.08462, 31.80833],
        [78.08462, 31.80816],
        [78.08465, 31.80784],
        [78.08484, 31.80721],
        [78.085, 31.80682],
        [78.08503, 31.80659],
        [78.08503, 31.80635],
        [78.08464, 31.80534],
        [78.08393, 31.80376],
        [78.0836, 31.8029],
        [78.08348, 31.8023],
        [78.08342, 31.80168],
        [78.08341, 31.8012],
        [78.08339, 31.8009],
        [78.08333, 31.80072],
        [78.08326, 31.80063],
        [78.08257, 31.79999],
        [78.08209, 31.79931],
        [78.0817, 31.79844],
        [78.08154, 31.79789],
        [78.08148, 31.79665],
        [78.0815, 31.79544],
        [78.08147, 31.79382],
        [78.08147, 31.79287],
        [78.08152, 31.79238],
        [78.0816, 31.79196],
        [78.08202, 31.7912],
        [78.08308, 31.78971],
        [78.0833, 31.78914],
        [78.08335, 31.78901],
        [78.08335, 31.78881],
        [78.08327, 31.78866],
        [78.08278, 31.78814],
        [78.08114, 31.78717],
        [78.07906, 31.78616],
        [78.07808, 31.78581],
        [78.07751, 31.78577],
        [78.07711, 31.78571],
        [78.07683, 31.78565],
        [78.07653, 31.78556],
        [78.07634, 31.78549],
        [78.07579, 31.78499],
        [78.07546, 31.78462],
        [78.07462, 31.78368],
        [78.07329, 31.78289],
        [78.07284, 31.78264],
        [78.07256, 31.78253],
        [78.07217, 31.7825],
        [78.07067, 31.78261],
        [78.06931, 31.78279],
        [78.06828, 31.78305],
        [78.06702, 31.78344],
        [78.06632, 31.78354],
        [78.06557, 31.7836],
        [78.06487, 31.78351],
        [78.06379, 31.78311],
        [78.06242, 31.78289],
        [78.06082, 31.78288],
        [78.05942, 31.78301],
        [78.05786, 31.78341],
        [78.05725, 31.78371],
        [78.05715, 31.78375],
        [78.05708, 31.78378],
        [78.05687, 31.7838],
        [78.05678, 31.7838],
        [78.05663, 31.78377],
        [78.05648, 31.78365],
        [78.0557, 31.78271],
        [78.05529, 31.78224],
        [78.05475, 31.77988],
        [78.05447, 31.7789],
        [78.05415, 31.77822],
        [78.05403, 31.77801],
        [78.05393, 31.77792],
        [78.05374, 31.77782],
        [78.05362, 31.77779],
        [78.05327, 31.77777],
        [78.05217, 31.77788],
        [78.05135, 31.77797],
        [78.05098, 31.77797],
        [78.05086, 31.77797],
        [78.05074, 31.77792],
        [78.05059, 31.77786],
        [78.05044, 31.77777],
        [78.05014, 31.77752],
        [78.04925, 31.77658],
        [78.0476, 31.77469],
        [78.04544, 31.7729],
        [78.04272, 31.77075],
        [78.0421, 31.7703],
        [78.04179, 31.76996],
        [78.041, 31.76814],
        [78.04037, 31.76692],
        [78.03952, 31.76572],
        [78.0384, 31.76423],
        [78.03763, 31.76304],
        [78.03736, 31.7627],
        [78.03708, 31.76247],
        [78.03679, 31.76238],
        [78.03621, 31.76216],
        [78.03512, 31.76207],
        [78.03465, 31.76207],
        [78.03447, 31.76203],
        [78.03438, 31.76198],
        [78.03356, 31.76159],
        [78.03196, 31.76059],
        [78.03066, 31.75992],
        [78.03014, 31.75957],
        [78.02944, 31.75889],
        [78.0289, 31.75801],
        [78.02883, 31.75791],
        [78.02865, 31.75786],
        [78.02813, 31.75791],
        [78.02743, 31.75806],
        [78.02656, 31.75823],
        [78.02616, 31.75834],
        [78.02573, 31.75862],
        [78.02379, 31.76087],
        [78.02192, 31.76318],
        [78.01986, 31.76548],
        [78.01971, 31.76557],
        [78.01931, 31.76568],
        [78.01822, 31.76575],
        [78.01555, 31.7659],
        [78.0152, 31.76606],
        [78.01511, 31.76614],
        [78.015, 31.76629],
        [78.01476, 31.76661],
        [78.01463, 31.76697],
        [78.01451, 31.76789],
        [78.01442, 31.76898],
        [78.01445, 31.77067],
        [78.0143, 31.771],
        [78.01387, 31.77182],
        [78.01337, 31.77261],
        [78.0127, 31.77337],
        [78.01171, 31.77413],
        [78.0103, 31.77487],
        [78.00943, 31.77509],
        [78.00885, 31.77504],
        [78.00767, 31.7746],
        [78.00633, 31.77405],
        [78.00575, 31.77397],
        [78.00475, 31.77396],
        [78.00405, 31.77387],
        [78.00294, 31.77357],
        [78.00165, 31.77284],
        [78.00136, 31.77263],
        [78.00125, 31.77256],
        [78.00114, 31.77254],
        [78.00101, 31.77255],
        [78.0009, 31.77262],
        [78.00071, 31.77285],
        [78.00066, 31.77339],
        [78.00062, 31.77361],
        [78.00054, 31.77388],
        [78.00051, 31.77403],
        [78.00044, 31.77433],
        [77.99981, 31.77528],
        [77.99873, 31.77655],
        [77.99824, 31.78007],
        [77.99777, 31.78036],
        [77.99702, 31.78066],
        [77.99611, 31.78059],
        [77.99513, 31.78068],
        [77.99337, 31.78083],
        [77.99213, 31.78122],
        [77.99173, 31.78109],
        [77.99036, 31.78034],
        [77.98888, 31.77948],
        [77.98823, 31.77929],
        [77.9875, 31.77923],
        [77.98744, 31.77936],
        [77.98741, 31.77968],
        [77.98741, 31.7807],
        [77.98734, 31.78109],
        [77.98695, 31.78143],
        [77.98597, 31.78208],
        [77.98516, 31.78254],
        [77.98437, 31.78267],
        [77.9836, 31.78261],
        [77.98282, 31.78228],
        [77.98129, 31.78167],
        [77.97945, 31.78118],
        [77.97885, 31.78102],
        [77.97786, 31.78093],
        [77.97564, 31.78111],
        [77.97483, 31.78115],
        [77.97418, 31.78097],
        [77.97379, 31.781],
        [77.97354, 31.78136],
        [77.97272, 31.78258],
        [77.97234, 31.78269],
        [77.97199, 31.78261],
        [77.97151, 31.7824],
        [77.97094, 31.78188],
        [77.97007, 31.78152],
        [77.96897, 31.78145],
        [77.96769, 31.7815],
        [77.96682, 31.78172],
        [77.96598, 31.78229],
        [77.9652, 31.78285],
        [77.96456, 31.78313],
        [77.96381, 31.78328],
        [77.96257, 31.78342],
        [77.95982, 31.78342],
        [77.95852, 31.78346],
        [77.95775, 31.78363],
        [77.95687, 31.78405],
        [77.95597, 31.78476],
        [77.95512, 31.78508],
        [77.95373, 31.78571],
        [77.95292, 31.78615],
        [77.95223, 31.7868],
        [77.95117, 31.78752],
        [77.9501, 31.78782],
        [77.94915, 31.78791],
        [77.94801, 31.78773],
        [77.94693, 31.78737],
        [77.946, 31.78675],
        [77.94473, 31.78515],
        [77.94395, 31.78403],
        [77.94401, 31.78356],
        [77.9442, 31.78313],
        [77.94446, 31.78251],
        [77.9448, 31.78141],
        [77.945, 31.78022],
        [77.94509, 31.77932],
        [77.94501, 31.77895],
        [77.94401, 31.77811],
        [77.94321, 31.77746],
        [77.94312, 31.77676],
        [77.94325, 31.77621],
        [77.94345, 31.7753],
        [77.9437, 31.77352],
        [77.9435, 31.77231],
        [77.94332, 31.77129],
        [77.94317, 31.77007],
        [77.9434, 31.76846],
        [77.9437, 31.76689],
        [77.94424, 31.76456],
        [77.94435, 31.76402],
        [77.94426, 31.76338],
        [77.94379, 31.76286],
        [77.94017, 31.7603],
        [77.93703, 31.75799],
        [77.93682, 31.75778],
        [77.93682, 31.75766],
        [77.93784, 31.75629],
        [77.93832, 31.75585],
        [77.93894, 31.75486],
        [77.93906, 31.75441],
        [77.939, 31.75393],
        [77.93841, 31.75341],
        [77.93736, 31.75254],
        [77.93607, 31.75109],
        [77.93542, 31.75028],
        [77.93513, 31.74939],
        [77.9351, 31.74894],
        [77.93471, 31.74901],
        [77.93408, 31.74925],
        [77.93319, 31.74943],
        [77.93198, 31.74953],
        [77.93104, 31.7496],
        [77.92996, 31.7496],
        [77.9281, 31.74957],
        [77.92661, 31.74964],
        [77.92586, 31.74941],
        [77.92521, 31.74901],
        [77.92476, 31.74892],
        [77.92395, 31.74903],
        [77.92312, 31.74926],
        [77.9226, 31.74953],
        [77.92207, 31.74964],
        [77.92112, 31.74953],
        [77.92038, 31.74957],
        [77.91931, 31.75007],
        [77.91828, 31.75061],
        [77.91682, 31.7515],
        [77.91614, 31.75203],
        [77.91471, 31.75315],
        [77.91377, 31.75384],
        [77.9129, 31.75415],
        [77.9123, 31.75418],
        [77.91169, 31.75406],
        [77.91064, 31.75359],
        [77.90945, 31.75307],
        [77.9081, 31.75248],
        [77.9066, 31.75184],
        [77.90635, 31.75189],
        [77.90598, 31.75216],
        [77.90513, 31.75266],
        [77.90412, 31.75316],
        [77.9032, 31.75375],
        [77.90236, 31.75375],
        [77.9012, 31.75368],
        [77.90006, 31.75397],
        [77.89903, 31.75422],
        [77.89813, 31.75463],
        [77.8975, 31.75506],
        [77.89691, 31.75513],
        [77.89628, 31.75522],
        [77.89615, 31.75547],
        [77.89602, 31.75599],
        [77.89606, 31.75663],
        [77.89633, 31.75823],
        [77.89644, 31.75866],
        [77.89689, 31.76005],
        [77.89686, 31.76043],
        [77.89667, 31.7608],
        [77.89604, 31.76146],
        [77.8956, 31.76172],
        [77.89481, 31.76236],
        [77.89422, 31.76286],
        [77.89391, 31.76352],
        [77.89361, 31.76374],
        [77.89308, 31.76381],
        [77.89168, 31.76368],
        [77.89088, 31.76404],
        [77.89023, 31.76463],
        [77.88883, 31.76562],
        [77.88811, 31.76612],
        [77.88754, 31.76633],
        [77.88601, 31.76732],
        [77.88473, 31.76834],
        [77.88304, 31.76941],
        [77.88155, 31.77034],
        [77.881, 31.7708],
        [77.88038, 31.77147],
        [77.87966, 31.77222],
        [77.87851, 31.77325],
        [77.87771, 31.77372],
        [77.87611, 31.77467],
        [77.8753, 31.77522],
        [77.87456, 31.77569],
        [77.87367, 31.77623],
        [77.87267, 31.77672],
        [77.87146, 31.77735],
        [77.87029, 31.77798],
        [77.86983, 31.77841],
        [77.86936, 31.77903],
        [77.86878, 31.77996],
        [77.86852, 31.78072],
        [77.86853, 31.78134],
        [77.86878, 31.78238],
        [77.86871, 31.78276],
        [77.8684, 31.78301],
        [77.86822, 31.78304],
        [77.86644, 31.78495],
        [77.86587, 31.7862],
        [77.86526, 31.78799],
        [77.86489, 31.78946],
        [77.86475, 31.79146],
        [77.86392, 31.79311],
        [77.86327, 31.79382],
        [77.8623, 31.79432],
        [77.85931, 31.79511],
        [77.85682, 31.79575],
        [77.8551, 31.79622],
        [77.85329, 31.79729],
        [77.85171, 31.79851],
        [77.85095, 31.79926],
        [77.85048, 31.7998],
        [77.84944, 31.80026],
        [77.84843, 31.80076],
        [77.84753, 31.80101],
        [77.84666, 31.8014],
        [77.84601, 31.80219],
        [77.846, 31.80224],
        [77.84594, 31.80251],
        [77.84613, 31.80302],
        [77.84663, 31.80381],
        [77.84688, 31.80584],
        [77.84713, 31.80874],
        [77.84735, 31.80953],
        [77.84774, 31.81039],
        [77.84799, 31.81114],
        [77.84796, 31.81221],
        [77.84789, 31.81321],
        [77.84749, 31.81515],
        [77.84728, 31.81701],
        [77.84709, 31.81769],
        [77.84649, 31.81962],
        [77.8458, 31.82155],
        [77.84457, 31.82413],
        [77.84356, 31.82503],
        [77.8441, 31.82599],
        [77.84529, 31.82756],
        [77.84548, 31.8281],
        [77.84548, 31.82853],
        [77.84587, 31.829],
        [77.84709, 31.83007],
        [77.84835, 31.83168],
        [77.84847, 31.83207],
        [77.84782, 31.83397],
        [77.84717, 31.83497],
        [77.84648, 31.83547],
        [77.84558, 31.83583],
        [77.84439, 31.83608],
        [77.84371, 31.83619],
        [77.84299, 31.83651],
        [77.84266, 31.83701],
        [77.84241, 31.83748],
        [77.84241, 31.83801],
        [77.84288, 31.83912],
        [77.84324, 31.84012],
        [77.84324, 31.84109],
        [77.84299, 31.84188],
        [77.84302, 31.84252],
        [77.84324, 31.84295],
        [77.84335, 31.84334],
        [77.84306, 31.84413],
        [77.84262, 31.84558],
        [77.84166, 31.84809],
        [77.84135, 31.84882],
        [77.84131, 31.8498],
        [77.84122, 31.85072],
        [77.84057, 31.85154],
        [77.83954, 31.85229],
        [77.83874, 31.85272],
        [77.838, 31.8532],
        [77.83701, 31.85376],
        [77.83651, 31.85421],
        [77.83648, 31.85446],
        [77.83659, 31.85481],
        [77.83799, 31.85662],
        [77.83948, 31.85818],
        [77.8397, 31.85845],
        [77.8396, 31.85903],
        [77.83943, 31.85982],
        [77.83943, 31.86022],
        [77.83977, 31.86083],
        [77.84073, 31.86136],
        [77.84158, 31.86233],
        [77.84207, 31.86326],
        [77.84265, 31.86387],
        [77.84352, 31.8648],
        [77.84473, 31.86635],
        [77.84487, 31.86736],
        [77.84473, 31.86832],
        [77.84464, 31.86889],
        [77.84468, 31.86929],
        [77.84551, 31.87077],
        [77.8459, 31.87142],
        [77.84643, 31.87219],
        [77.84732, 31.87274],
        [77.84775, 31.87308],
        [77.8482, 31.87385],
        [77.84874, 31.8744],
        [77.84963, 31.87553],
        [77.85036, 31.8762],
        [77.85106, 31.87664],
        [77.85175, 31.87691],
        [77.85278, 31.87696],
        [77.85366, 31.87696],
        [77.85437, 31.87702],
        [77.85533, 31.87723],
        [77.8566, 31.87795],
        [77.85842, 31.8789],
        [77.85947, 31.87958],
        [77.8611, 31.88053],
        [77.86378, 31.88197],
        [77.86503, 31.88273],
        [77.86581, 31.88305],
        [77.86631, 31.88367],
        [77.86671, 31.88442],
        [77.86693, 31.88527],
        [77.86722, 31.88582],
        [77.86736, 31.8863],
        [77.86714, 31.88657],
        [77.86633, 31.88688],
        [77.86497, 31.88727],
        [77.86407, 31.88747],
        [77.86311, 31.88802],
        [77.86285, 31.8882],
        [77.86222, 31.88838],
        [77.8609, 31.88847],
        [77.85954, 31.88854],
        [77.85846, 31.88872],
        [77.85754, 31.88879],
        [77.85656, 31.8891],
        [77.85578, 31.88958],
        [77.85524, 31.88985],
        [77.85433, 31.89019],
        [77.85356, 31.89026],
        [77.85301, 31.89042],
        [77.85213, 31.89076],
        [77.85124, 31.89156],
        [77.85034, 31.8923],
        [77.84963, 31.89273],
        [77.84927, 31.89284],
        [77.84874, 31.89271],
        [77.84693, 31.89242],
        [77.84589, 31.89251],
        [77.84482, 31.89287],
        [77.84403, 31.89337],
        [77.84323, 31.89412],
        [77.84234, 31.89486],
        [77.84158, 31.89523],
        [77.84115, 31.89534],
        [77.84033, 31.89543],
        [77.83947, 31.89561],
        [77.83849, 31.89582],
        [77.83778, 31.89593],
        [77.83717, 31.896],
        [77.83581, 31.89636],
        [77.83478, 31.897],
        [77.83399, 31.8975],
        [77.83324, 31.89797],
        [77.83185, 31.89843],
        [77.83084, 31.89885],
        [77.82992, 31.89904],
        [77.82865, 31.89908],
        [77.82724, 31.89915],
        [77.82664, 31.89929],
        [77.82597, 31.89942],
        [77.82567, 31.89926],
        [77.82525, 31.89892],
        [77.82436, 31.89786],
        [77.82398, 31.89736],
        [77.82362, 31.89705],
        [77.82303, 31.89702],
        [77.82201, 31.89738],
        [77.82165, 31.8974],
        [77.82089, 31.89761],
        [77.81882, 31.89779],
        [77.8176, 31.89793],
        [77.81621, 31.89793],
        [77.81522, 31.89822],
        [77.81304, 31.8987],
        [77.81213, 31.89879],
        [77.81117, 31.89913],
        [77.81034, 31.89952],
        [77.80926, 31.89972],
        [77.80803, 31.89995],
        [77.80694, 31.90026],
        [77.80573, 31.90036],
        [77.80464, 31.90038],
        [77.80357, 31.90022],
        [77.8034, 31.90036],
        [77.8032, 31.90124],
        [77.80265, 31.90253],
        [77.80191, 31.90325],
        [77.80116, 31.90368],
        [77.7983, 31.90496],
        [77.7967, 31.90548],
        [77.79607, 31.90607],
        [77.79551, 31.90691],
        [77.79477, 31.90783],
        [77.7944, 31.90818],
        [77.79359, 31.90876],
        [77.79278, 31.90906],
        [77.79163, 31.90951],
        [77.79071, 31.90995],
        [77.79013, 31.91044],
        [77.79001, 31.91069],
        [77.7901, 31.91169],
        [77.7899, 31.913],
        [77.7891, 31.91511],
        [77.78898, 31.91561],
        [77.7882, 31.91715],
        [77.78704, 31.91833],
        [77.78636, 31.91897],
        [77.78505, 31.92021],
        [77.78381, 31.9208],
        [77.78274, 31.92121],
        [77.78182, 31.9216],
        [77.78096, 31.92187],
        [77.78093, 31.92212],
        [77.78113, 31.92341],
        [77.78203, 31.92742],
        [77.78254, 31.92989],
        [77.78237, 31.93064],
        [77.78176, 31.93137],
        [77.78128, 31.93178],
        [77.78071, 31.93219],
        [77.77979, 31.93246],
        [77.77885, 31.93275],
        [77.77836, 31.93307],
        [77.77809, 31.93384],
        [77.77789, 31.93463],
        [77.77769, 31.93488],
        [77.77724, 31.93554],
        [77.77662, 31.93577],
        [77.77595, 31.93613],
        [77.77494, 31.93638],
        [77.77371, 31.9366],
        [77.77264, 31.93695],
        [77.77214, 31.93735],
        [77.77186, 31.9376],
        [77.77152, 31.93826],
        [77.7714, 31.93851],
        [77.77123, 31.93937],
        [77.77062, 31.94071],
        [77.76993, 31.94198],
        [77.76954, 31.94239],
        [77.76867, 31.94307],
        [77.76735, 31.94413],
        [77.76658, 31.94456],
        [77.76628, 31.94479],
        [77.76653, 31.94608],
        [77.76662, 31.94649],
        [77.76671, 31.94701],
        [77.76669, 31.94744],
        [77.76657, 31.94765],
        [77.76632, 31.94774],
        [77.76632, 31.94792],
        [77.76639, 31.94803],
        [77.76649, 31.94808],
        [77.76703, 31.94851],
        [77.76876, 31.95003],
        [77.76948, 31.95084],
        [77.7708, 31.95191],
        [77.77109, 31.95213],
        [77.77183, 31.95227],
        [77.77208, 31.95241],
        [77.77256, 31.95329],
        [77.77264, 31.95384],
        [77.77228, 31.95445],
        [77.7723, 31.95535],
        [77.77252, 31.95597],
        [77.77326, 31.95674],
        [77.77427, 31.95773],
        [77.77595, 31.95912],
        [77.77623, 31.95944],
        [77.77623, 31.95994],
        [77.77648, 31.96111],
        [77.77728, 31.9619],
        [77.77816, 31.9624],
        [77.77885, 31.96299],
        [77.77957, 31.96379],
        [77.78064, 31.96558],
        [77.78105, 31.9669],
        [77.78107, 31.96789],
        [77.7806, 31.96911],
        [77.78055, 31.96959],
        [77.7805, 31.97016],
        [77.78035, 31.97142],
        [77.78082, 31.97191],
        [77.78158, 31.9727],
        [77.78198, 31.97356],
        [77.78274, 31.97483],
        [77.7834, 31.97556],
        [77.78447, 31.97617],
        [77.78534, 31.97662],
        [77.78822, 31.97748],
        [77.78993, 31.97843],
        [77.79151, 31.97938],
        [77.79247, 31.98006],
        [77.79314, 31.98079],
        [77.79388, 31.98202],
        [77.79477, 31.98353],
        [77.79636, 31.98574],
        [77.79765, 31.98726],
        [77.79777, 31.98757],
        [77.7971, 31.989],
        [77.79681, 31.98963],
        [77.79629, 31.9905],
        [77.79555, 31.99125],
        [77.79505, 31.9919],
        [77.79419, 31.99299],
        [77.79372, 31.9936],
        [77.79279, 31.99414],
        [77.79183, 31.99469],
        [77.7909, 31.9955],
        [77.79008, 31.99593],
        [77.78896, 31.9963],
        [77.78755, 31.99691],
        [77.78626, 31.99727],
        [77.78554, 31.9975],
        [77.78505, 31.99786],
        [77.78469, 31.99859],
        [77.78391, 31.99982],
        [77.7822, 32.0021],
        [77.78143, 32.00274],
        [77.77938, 32.00364],
        [77.77798, 32.00427],
        [77.77738, 32.00494],
        [77.77692, 32.00547],
        [77.77548, 32.0058],
        [77.77433, 32.00601],
        [77.77261, 32.00626],
        [77.7723, 32.00656],
        [77.77324, 32.00775],
        [77.7746, 32.00871],
        [77.77686, 32.01055],
        [77.77853, 32.01147],
        [77.78051, 32.01208],
        [77.78313, 32.01309],
        [77.78568, 32.01451],
        [77.78689, 32.01543],
        [77.78788, 32.01578],
        [77.78884, 32.01635],
        [77.78936, 32.01721],
        [77.78976, 32.01798],
        [77.79001, 32.01893],
        [77.79003, 32.01914],
        [77.78989, 32.01993],
        [77.78957, 32.02069],
        [77.78867, 32.02177],
        [77.78771, 32.02297],
        [77.78732, 32.02416],
        [77.7874, 32.02487],
        [77.78673, 32.02537],
        [77.78654, 32.02587],
        [77.78596, 32.02674],
        [77.78356, 32.02923],
        [77.78078, 32.03199],
        [77.77907, 32.03406],
        [77.7784, 32.03486],
        [77.77786, 32.03661],
        [77.77713, 32.03814],
        [77.77694, 32.03829],
        [77.77663, 32.03839],
        [77.77621, 32.03837],
        [77.77457, 32.03797],
        [77.77382, 32.03777],
        [77.77277, 32.03756],
        [77.77181, 32.03762],
        [77.7702, 32.03852],
        [77.76839, 32.03961],
        [77.76805, 32.04009],
        [77.76739, 32.0407],
        [77.76599, 32.04168],
        [77.76369, 32.043],
        [77.7625, 32.044],
        [77.76233, 32.04432],
        [77.76233, 32.04496],
        [77.7624, 32.04622],
        [77.76287, 32.04892],
        [77.76354, 32.05089],
        [77.7639, 32.0525],
        [77.76396, 32.05398],
        [77.76409, 32.05596],
        [77.76446, 32.05729],
        [77.76453, 32.05918],
        [77.76448, 32.05962],
        [77.76265, 32.06225],
        [77.76099, 32.06386],
        [77.75901, 32.06575],
        [77.7563, 32.06876],
        [77.75707, 32.07016],
        [77.75476, 32.07211],
        [77.75325, 32.07328],
        [77.75421, 32.07496],
        [77.75421, 32.07521],
        [77.75396, 32.07629],
        [77.75298, 32.07792],
        [77.75206, 32.07922],
        [77.75106, 32.08001],
        [77.74869, 32.08095],
        [77.74794, 32.08158],
        [77.74627, 32.08219],
        [77.74539, 32.08289],
        [77.74475, 32.08373],
        [77.74406, 32.08449],
        [77.74369, 32.08525],
        [77.74351, 32.08573],
        [77.74327, 32.08806],
        [77.743, 32.08979],
        [77.74296, 32.08997],
        [77.74287, 32.09003],
        [77.74278, 32.09003],
        [77.74243, 32.09007],
        [77.73955, 32.09004],
        [77.73573, 32.09031],
        [77.73373, 32.09067],
        [77.73318, 32.09073],
        [77.73261, 32.09064],
        [77.73133, 32.09034],
        [77.73006, 32.09025],
        [77.72706, 32.09052],
        [77.72254, 32.09091],
        [77.7206, 32.09113],
        [77.71836, 32.09182],
        [77.71638, 32.09263],
        [77.71468, 32.09369],
        [77.71286, 32.09512],
        [77.71074, 32.09681],
        [77.7081, 32.09869],
        [77.70695, 32.09966],
        [77.70593, 32.10081],
        [77.70453, 32.10245],
        [77.70402, 32.10269],
        [77.70386, 32.10275],
        [77.70356, 32.10281],
        [77.70338, 32.10281],
        [77.70308, 32.10278],
        [77.70262, 32.10263],
        [77.70159, 32.1023],
        [77.69992, 32.10224],
        [77.69926, 32.10221],
        [77.69853, 32.10211],
        [77.69811, 32.1019],
        [77.69762, 32.10178],
        [77.69726, 32.10178],
        [77.69577, 32.10193],
        [77.69538, 32.10187],
        [77.69292, 32.10054],
        [77.69256, 32.10051],
        [77.69086, 32.10057],
        [77.68974, 32.10075],
        [77.68934, 32.10081],
        [77.68877, 32.10118],
        [77.68834, 32.10151],
        [77.68789, 32.10169],
        [77.68743, 32.1019],
        [77.68722, 32.10208],
        [77.68683, 32.1026],
        [77.68597, 32.10392],
        [77.68542, 32.10434],
        [77.68485, 32.10462],
        [77.68406, 32.10495],
        [77.683, 32.10544],
        [77.68285, 32.10556],
        [77.68275, 32.10574],
        [77.68269, 32.10604],
        [77.68263, 32.10628],
        [77.68263, 32.10646],
        [77.68245, 32.10689],
        [77.68209, 32.10789],
        [77.68182, 32.10852],
        [77.68115, 32.1094],
        [77.68033, 32.11019],
        [77.6796, 32.11119],
        [77.6789, 32.11219],
        [77.67833, 32.11267],
        [77.67772, 32.11319],
        [77.67733, 32.11388],
        [77.6763, 32.1151],
        [77.67563, 32.11576],
        [77.67509, 32.11598],
        [77.67481, 32.11598],
        [77.67433, 32.11595],
        [77.67381, 32.11592],
        [77.67281, 32.11576],
        [77.6716, 32.11561],
        [77.67118, 32.11579],
        [77.67075, 32.11607],
        [77.67034, 32.11672],
        [77.67001, 32.11763],
        [77.66974, 32.11878],
        [77.66964, 32.12012],
        [77.6697, 32.12063],
        [77.66964, 32.12102],
        [77.66949, 32.12136],
        [77.66937, 32.12157],
        [77.66913, 32.12172],
        [77.66892, 32.12187],
        [77.66846, 32.12205],
        [77.66816, 32.12212],
        [77.66755, 32.12202],
        [77.66679, 32.12187],
        [77.66607, 32.12178],
        [77.66564, 32.12181],
        [77.66501, 32.12199],
        [77.66434, 32.12221],
        [77.66219, 32.12317],
        [77.6614, 32.12372],
        [77.66122, 32.12396],
        [77.66107, 32.12417],
        [77.66085, 32.12457],
        [77.66058, 32.12625],
        [77.66046, 32.12674],
        [77.66046, 32.1271],
        [77.66052, 32.12747],
        [77.6607, 32.12783],
        [77.6611, 32.12892],
        [77.66122, 32.12925],
        [77.66122, 32.12949],
        [77.66107, 32.12974],
        [77.66088, 32.12986],
        [77.65973, 32.13025],
        [77.65864, 32.13062],
        [77.65846, 32.13074],
        [77.65831, 32.1311],
        [77.65831, 32.13149],
        [77.65834, 32.13171],
        [77.65846, 32.13198],
        [77.65885, 32.13265],
        [77.6594, 32.13437],
        [77.65958, 32.1351],
        [77.65958, 32.13543],
        [77.65952, 32.1357],
        [77.65943, 32.13601],
        [77.65922, 32.13628],
        [77.65903, 32.13655],
        [77.65861, 32.13689],
        [77.65705, 32.13785],
        [77.65554, 32.13848],
        [77.65302, 32.13979],
        [77.65238, 32.14021],
        [77.65223, 32.14048],
        [77.65214, 32.14072],
        [77.65202, 32.14099],
        [77.65193, 32.14136],
        [77.6519, 32.14178],
        [77.65202, 32.14266],
        [77.65208, 32.14296],
        [77.65202, 32.14318],
        [77.65184, 32.14318],
        [77.65166, 32.14312],
        [77.65145, 32.14312],
        [77.65105, 32.14312],
        [77.65063, 32.14315],
        [77.65014, 32.1433],
        [77.64931, 32.14367],
        [77.64882, 32.14391],
        [77.64779, 32.14467],
        [77.6474, 32.14491],
        [77.64685, 32.1451],
        [77.64524, 32.14534],
        [77.64376, 32.14576],
        [77.64285, 32.14628],
        [77.64176, 32.14713],
        [77.64148, 32.14737],
        [77.6413, 32.14764],
        [77.64118, 32.14794],
        [77.641, 32.14831],
        [77.64064, 32.14885],
        [77.64024, 32.14906],
        [77.63942, 32.14931],
        [77.63821, 32.14946],
        [77.63594, 32.14937],
        [77.6353, 32.14937],
        [77.63403, 32.1497],
        [77.63324, 32.14988],
        [77.63272, 32.14988],
        [77.63254, 32.14982],
        [77.63178, 32.14973],
        [77.6313, 32.14964],
        [77.63112, 32.14961],
        [77.63087, 32.14967],
        [77.63057, 32.14988],
        [77.63018, 32.15031],
        [77.62984, 32.15076],
        [77.62925, 32.15229],
        [77.62891, 32.15329],
        [77.62882, 32.15353],
        [77.62864, 32.15386],
        [77.62846, 32.15404],
        [77.62779, 32.15462],
        [77.62749, 32.15495],
        [77.627, 32.15544],
        [77.62667, 32.15601],
        [77.62646, 32.15638],
        [77.62603, 32.15744],
        [77.62591, 32.15771],
        [77.62567, 32.15783],
        [77.62537, 32.15798],
        [77.62488, 32.15798],
        [77.62428, 32.15789],
        [77.6214, 32.15653],
        [77.61976, 32.15559],
        [77.61927, 32.15547],
        [77.61885, 32.15547],
        [77.61824, 32.15568],
        [77.61473, 32.15786],
        [77.61257, 32.15928],
        [77.61124, 32.15971],
        [77.61079, 32.15974],
        [77.61006, 32.1598],
        [77.60781, 32.16007],
        [77.60757, 32.16022],
        [77.60742, 32.16031],
        [77.60736, 32.1604],
        [77.6073, 32.16056],
        [77.60733, 32.16074],
        [77.60736, 32.16098],
        [77.60749, 32.16242],
        [77.60749, 32.16258],
        [77.60737, 32.16288],
        [77.60676, 32.16321],
        [77.60434, 32.16439],
        [77.60264, 32.16561],
        [77.60164, 32.16688],
        [77.60137, 32.16742],
        [77.60109, 32.16836],
        [77.60103, 32.16894],
        [77.60109, 32.17027],
        [77.60103, 32.17103],
        [77.601, 32.17148],
        [77.60094, 32.17169],
        [77.6007, 32.17194],
        [77.60055, 32.172],
        [77.59988, 32.17215],
        [77.59952, 32.17221],
        [77.59912, 32.1723],
        [77.5987, 32.17248],
        [77.5984, 32.17251],
        [77.598, 32.17251],
        [77.59758, 32.17251],
        [77.59721, 32.17257],
        [77.59706, 32.17263],
        [77.59679, 32.17281],
        [77.59643, 32.173],
        [77.59615, 32.17309],
        [77.59555, 32.17315],
        [77.59482, 32.17315],
        [77.59437, 32.17324],
        [77.594, 32.17336],
        [77.59273, 32.17391],
        [77.5914, 32.17436],
        [77.59073, 32.17454],
        [77.58912, 32.17478],
        [77.58395, 32.17511],
        [77.58352, 32.17517],
        [77.5834, 32.17523],
        [77.5834, 32.17538],
        [77.58346, 32.17565],
        [77.58365, 32.17677],
        [77.58386, 32.17808],
        [77.58389, 32.1795],
        [77.5838, 32.18059],
        [77.58358, 32.18107],
        [77.5834, 32.18135],
        [77.58319, 32.18168],
        [77.58298, 32.18183],
        [77.58255, 32.18217],
        [77.5821, 32.1825],
        [77.58152, 32.18274],
        [77.5811, 32.18286],
        [77.58074, 32.18295],
        [77.58043, 32.18295],
        [77.58001, 32.18301],
        [77.57955, 32.1831],
        [77.57916, 32.18329],
        [77.57895, 32.18344],
        [77.57873, 32.18362],
        [77.57837, 32.1838],
        [77.57789, 32.18404],
        [77.57746, 32.18423],
        [77.5771, 32.18429],
        [77.57579, 32.18426],
        [77.5724, 32.18392],
        [77.57222, 32.18395],
        [77.57203, 32.18401],
        [77.57179, 32.18419],
        [77.57103, 32.18507],
        [77.56972, 32.18588],
        [77.56911, 32.18639],
        [77.56896, 32.18658],
        [77.5689, 32.18673],
        [77.56887, 32.187],
        [77.56887, 32.1873],
        [77.56896, 32.18773],
        [77.56899, 32.18818],
        [77.56899, 32.18861],
        [77.56896, 32.18894],
        [77.56893, 32.1893],
        [77.5682, 32.19003],
        [77.56675, 32.19145],
        [77.56545, 32.19291],
        [77.56444, 32.19424],
        [77.5635, 32.19557],
        [77.56335, 32.19594],
        [77.56338, 32.19618],
        [77.56347, 32.19648],
        [77.56394, 32.19738],
        [77.56475, 32.19865],
        [77.56497, 32.19938],
        [77.56512, 32.19986],
        [77.56512, 32.20044],
        [77.56512, 32.20098],
        [77.56515, 32.2018],
        [77.56512, 32.20217],
        [77.56503, 32.20274],
        [77.56491, 32.20323],
        [77.56475, 32.20401],
        [77.56454, 32.2045],
        [77.56424, 32.20498],
        [77.56381, 32.20553],
        [77.56266, 32.20659],
        [77.56139, 32.20786],
        [77.55974, 32.20891],
        [77.55834, 32.2094],
        [77.55728, 32.21006],
        [77.55483, 32.21146],
        [77.55395, 32.21194],
        [77.55337, 32.21218],
        [77.55243, 32.21276],
        [77.55083, 32.21397],
        [77.54965, 32.21509],
        [77.54819, 32.21627],
        [77.54668, 32.21717],
        [77.54586, 32.21769],
        [77.54483, 32.21857],
        [77.54456, 32.21881],
        [77.54435, 32.2189],
        [77.54422, 32.21887],
        [77.54413, 32.21875],
        [77.54398, 32.21851],
        [77.54386, 32.21829],
        [77.54365, 32.21793],
        [77.54344, 32.21757],
        [77.54244, 32.21608],
        [77.54074, 32.21481],
        [77.53913, 32.21387],
        [77.53737, 32.21321],
        [77.53701, 32.21299],
        [77.53504, 32.21114],
        [77.53364, 32.21039],
        [77.53343, 32.21033],
        [77.53322, 32.2103],
        [77.53292, 32.2103],
        [77.53246, 32.2103],
        [77.53195, 32.21027],
        [77.53161, 32.21011],
        [77.5314, 32.20996],
        [77.53128, 32.20972],
        [77.53122, 32.20945],
        [77.5311, 32.20915],
        [77.53098, 32.20881],
        [77.53095, 32.20799],
        [77.53115, 32.20706],
        [77.53133, 32.20655],
        [77.53148, 32.20627],
        [77.53206, 32.20552],
        [77.53382, 32.20422],
        [77.53454, 32.20328],
        [77.53485, 32.20267],
        [77.53491, 32.20246],
        [77.53494, 32.20219],
        [77.53491, 32.20201],
        [77.53476, 32.20173],
        [77.53442, 32.20137],
        [77.53282, 32.19979],
        [77.53254, 32.19943],
        [77.53242, 32.19916],
        [77.53233, 32.1987],
        [77.53209, 32.19749],
        [77.532, 32.19698],
        [77.53194, 32.19667],
        [77.53179, 32.1964],
        [77.53166, 32.19616],
        [77.53103, 32.19552],
        [77.53072, 32.19537],
        [77.53051, 32.19531],
        [77.53024, 32.19531],
        [77.52994, 32.1954],
        [77.52909, 32.1958],
        [77.52742, 32.19637],
        [77.52697, 32.19652],
        [77.52651, 32.19652],
        [77.52618, 32.19646],
        [77.52551, 32.19634],
        [77.52424, 32.19595],
        [77.52396, 32.19592],
        [77.52366, 32.19592],
        [77.52315, 32.19616],
        [77.5226, 32.19634],
        [77.52221, 32.19637],
        [77.52145, 32.1964],
        [77.51757, 32.19655],
        [77.5159, 32.19713],
        [77.51423, 32.198],
        [77.51369, 32.19861],
        [77.51357, 32.19888],
        [77.51363, 32.19919],
        [77.51375, 32.19949],
        [77.51463, 32.20107],
        [77.51475, 32.20137],
        [77.51472, 32.20164],
        [77.51396, 32.2027],
        [77.51346, 32.20318],
        [77.51291, 32.2033],
        [77.51258, 32.20336],
        [77.51103, 32.20366],
        [77.51064, 32.20384],
        [77.51052, 32.20396],
        [77.51049, 32.20427],
        [77.51043, 32.20466],
        [77.51006, 32.2056],
        [77.50982, 32.20614],
        [77.50952, 32.2066],
        [77.50894, 32.2073],
        [77.50855, 32.2076],
        [77.50816, 32.20787],
        [77.50776, 32.20808],
        [77.50588, 32.20893],
        [77.50455, 32.20963],
        [77.504, 32.20996],
        [77.50364, 32.21027],
        [77.50331, 32.21063],
        [77.50249, 32.21123],
        [77.50188, 32.21178],
        [77.50173, 32.21208],
        [77.50164, 32.21238],
        [77.50155, 32.21269],
        [77.50182, 32.2142],
        [77.50185, 32.21463],
        [77.50173, 32.2149],
        [77.50155, 32.21508],
        [77.50103, 32.21532],
        [77.49862, 32.21707],
        [77.49809, 32.21734],
        [77.4975, 32.2174],
        [77.4967, 32.21746],
        [77.49563, 32.2174],
        [77.49409, 32.21728],
        [77.49376, 32.21728],
        [77.4935, 32.21731],
        [77.49314, 32.2174],
        [77.49288, 32.21752],
        [77.49231, 32.21787],
        [77.49129, 32.21888],
        [77.49114, 32.219],
        [77.49085, 32.21924],
        [77.49058, 32.21944],
        [77.49016, 32.21974],
        [77.48936, 32.2203],
        [77.48842, 32.22092],
        [77.48806, 32.22113],
        [77.48794, 32.22122],
        [77.48762, 32.22131],
        [77.48611, 32.22155],
        [77.48468, 32.22205],
        [77.48427, 32.22205],
        [77.48362, 32.22172],
        [77.4816, 32.22104],
        [77.48125, 32.22092],
        [77.47953, 32.22104],
        [77.47747, 32.22137],
        [77.47628, 32.22146],
        [77.47519, 32.22151],
        [77.47486, 32.22166],
        [77.47463, 32.22181],
        [77.47353, 32.22276],
        [77.4724, 32.2235],
        [77.47202, 32.22359],
        [77.47154, 32.22376],
        [77.47101, 32.22391],
        [77.46944, 32.22418],
        [77.46909, 32.22418],
        [77.46876, 32.22403],
        [77.46832, 32.22391],
        [77.46778, 32.22371],
        [77.46609, 32.22329],
        [77.46568, 32.22303],
        [77.46571, 32.22267],
        [77.46583, 32.22249],
        [77.46606, 32.22223],
        [77.4663, 32.22193],
        [77.46695, 32.22131],
        [77.46775, 32.21997],
        [77.46805, 32.21933],
        [77.46793, 32.21744],
        [77.46793, 32.21552],
        [77.4679, 32.21511],
        [77.46757, 32.21371],
        [77.46757, 32.21336],
        [77.4674, 32.21288],
        [77.4666, 32.212],
        [77.46535, 32.21096],
        [77.46417, 32.21046],
        [77.46402, 32.21031],
        [77.46402, 32.21016],
        [77.46411, 32.21001],
        [77.46446, 32.20954],
        [77.46523, 32.20877],
        [77.46715, 32.2068],
        [77.46804, 32.20585],
        [77.4681, 32.2057],
        [77.46813, 32.20546],
        [77.46804, 32.20526],
        [77.46792, 32.20511],
        [77.46769, 32.2049],
        [77.46662, 32.20401],
        [77.46511, 32.20348],
        [77.46384, 32.2033],
        [77.46271, 32.20295],
        [77.46159, 32.20256],
        [77.46141, 32.20242],
        [77.46111, 32.20203],
        [77.4607, 32.20073],
        [77.4607, 32.2004],
        [77.46075, 32.19999],
        [77.46079, 32.19972],
        [77.46087, 32.19937],
        [77.46123, 32.1983],
        [77.46194, 32.19745],
        [77.46289, 32.19648],
        [77.4639, 32.19515],
        [77.46449, 32.19414],
        [77.46461, 32.19396],
        [77.46464, 32.19379],
        [77.46455, 32.19373],
        [77.46428, 32.19364],
        [77.4639, 32.19358],
        [77.46345, 32.19352],
        [77.46298, 32.19343],
        [77.4623, 32.19325],
        [77.46176, 32.19313],
        [77.46094, 32.19287],
        [77.45948, 32.1926],
        [77.45791, 32.19192],
        [77.45735, 32.19171],
        [77.4572, 32.19171],
        [77.45609, 32.19168],
        [77.4552, 32.19171],
        [77.45366, 32.19162],
        [77.45295, 32.1915],
        [77.45159, 32.19076],
        [77.45058, 32.19029],
        [77.44999, 32.19017],
        [77.44984, 32.19017],
        [77.44951, 32.19017],
        [77.44928, 32.1902],
        [77.44901, 32.19023],
        [77.44865, 32.19023],
        [77.44797, 32.1902],
        [77.44723, 32.19026],
        [77.44625, 32.19053],
        [77.44602, 32.19053],
        [77.44551, 32.19035],
        [77.4451, 32.1902],
        [77.44465, 32.19005],
        [77.44317, 32.18943],
        [77.4411, 32.18872],
        [77.44086, 32.18872],
        [77.44074, 32.18875],
        [77.44048, 32.18878],
        [77.43997, 32.1889],
        [77.43658, 32.19029],
        [77.43527, 32.19073],
        [77.43507, 32.19082],
        [77.43471, 32.19082],
        [77.43418, 32.19082],
        [77.43353, 32.19076],
        [77.43282, 32.19065],
        [77.43068, 32.1899],
        [77.42799, 32.18931],
        [77.42662, 32.18913],
        [77.42648, 32.18913],
        [77.42591, 32.18925],
        [77.42556, 32.18943],
        [77.42485, 32.1899],
        [77.42381, 32.1905],
        [77.4234, 32.19059],
        [77.42319, 32.19047],
        [77.42265, 32.19026],
        [77.42108, 32.18955],
        [77.42088, 32.18955],
        [77.42052, 32.18955],
        [77.42017, 32.1899],
        [77.41969, 32.19086],
        [77.41904, 32.19217],
        [77.41841, 32.1932],
        [77.41824, 32.19347],
        [77.41794, 32.1945],
        [77.41761, 32.19581],
        [77.41734, 32.19798],
        [77.41702, 32.19931],
        [77.41654, 32.20106],
        [77.41625, 32.20227],
        [77.41619, 32.20233],
        [77.41595, 32.20233],
        [77.41583, 32.20233],
        [77.41565, 32.2023],
        [77.41524, 32.20227],
        [77.414, 32.20218],
        [77.41361, 32.20224],
        [77.41323, 32.2023],
        [77.41305, 32.20245],
        [77.41284, 32.20266],
        [77.41263, 32.20295],
        [77.41248, 32.20319],
        [77.41225, 32.2034],
        [77.4121, 32.20355],
        [77.41145, 32.20387],
        [77.41106, 32.20408],
        [77.40916, 32.20447],
        [77.40836, 32.20489],
        [77.40818, 32.20509],
        [77.40806, 32.20533],
        [77.40794, 32.20551],
        [77.40789, 32.20566],
        [77.40786, 32.2058],
        [77.40783, 32.20631],
        [77.40786, 32.20687],
        [77.40789, 32.20723],
        [77.40786, 32.20758],
        [77.40768, 32.20782],
        [77.40679, 32.20835],
        [77.40513, 32.20945],
        [77.40374, 32.21036],
        [77.4032, 32.21063],
        [77.401, 32.21122],
        [77.39969, 32.21164],
        [77.398, 32.21282],
        [77.39709, 32.21329],
        [77.39685, 32.21329],
        [77.39664, 32.21321],
        [77.39641, 32.21312],
        [77.39584, 32.21279],
        [77.39543, 32.21252],
        [77.39501, 32.21217],
        [77.39454, 32.21169],
        [77.3935, 32.21131],
        [77.39167, 32.21033],
        [77.39063, 32.21016],
        [77.38933, 32.20974],
        [77.38888, 32.20953],
        [77.38852, 32.20956],
        [77.38811, 32.20959],
        [77.3879, 32.20968],
        [77.38774, 32.20974],
        [77.3863, 32.21025],
        [77.38527, 32.21087],
        [77.38485, 32.21125],
        [77.38407, 32.21156],
        [77.38357, 32.21174],
        [77.38226, 32.21185],
        [77.38111, 32.21194],
        [77.38066, 32.21203],
        [77.3804, 32.21224],
        [77.38004, 32.21259],
        [77.37969, 32.21301],
        [77.3793, 32.21342],
        [77.37901, 32.21384],
        [77.37847, 32.21473],
        [77.37821, 32.21508],
        [77.378, 32.21538],
        [77.37755, 32.21582],
        [77.37732, 32.21609],
        [77.37672, 32.21656],
        [77.37584, 32.21733],
        [77.37535, 32.21811],
        [77.37508, 32.21841],
        [77.37494, 32.21859],
        [77.37375, 32.21956],
        [77.37334, 32.21986],
        [77.37292, 32.21983],
        [77.37103, 32.21933],
        [77.36966, 32.21929],
        [77.36922, 32.21941],
        [77.36892, 32.21962],
        [77.36869, 32.21983],
        [77.36845, 32.22009],
        [77.36818, 32.22051],
        [77.36747, 32.22148],
        [77.36709, 32.22178],
        [77.36679, 32.22193],
        [77.36614, 32.22243],
        [77.36551, 32.22333],
        [77.3653, 32.22369],
        [77.36494, 32.22401],
        [77.36453, 32.22422],
        [77.36406, 32.22431],
        [77.36228, 32.22452],
        [77.36142, 32.22484],
        [77.36109, 32.22496],
        [77.36089, 32.22523],
        [77.35982, 32.22621],
        [77.35896, 32.22662],
        [77.35858, 32.22674],
        [77.35834, 32.22686],
        [77.35742, 32.22739],
        [77.3548, 32.22918],
        [77.3543, 32.2295],
        [77.35415, 32.2298],
        [77.3541, 32.23001],
        [77.35409, 32.23036],
        [77.35409, 32.23098],
        [77.35403, 32.23164],
        [77.3538, 32.23252],
        [77.35359, 32.233],
        [77.35338, 32.23329],
        [77.35261, 32.23424],
        [77.35235, 32.2346],
        [77.35199, 32.23507],
        [77.35175, 32.23549],
        [77.3511, 32.23708],
        [77.34828, 32.24074],
        [77.34783, 32.24142],
        [77.34784, 32.24175],
        [77.34789, 32.24202],
        [77.34807, 32.24261],
        [77.34798, 32.24338],
        [77.34763, 32.24409],
        [77.34751, 32.24423],
        [77.34724, 32.24432],
        [77.34689, 32.24447],
        [77.34644, 32.24465],
        [77.34564, 32.24524],
        [77.34549, 32.24536],
        [77.34538, 32.24566],
        [77.3452, 32.24616],
        [77.34514, 32.24657],
        [77.34511, 32.24693],
        [77.34517, 32.24731],
        [77.34538, 32.24826],
        [77.34541, 32.2485],
        [77.34541, 32.24871],
        [77.34532, 32.24903],
        [77.34475, 32.24978],
        [77.34456, 32.25052],
        [77.34453, 32.25095],
        [77.34455, 32.25104],
        [77.34461, 32.25115],
        [77.34465, 32.25121],
        [77.34471, 32.25128],
        [77.34479, 32.25131],
        [77.34495, 32.25131],
        [77.34523, 32.25131],
        [77.34544, 32.25131],
        [77.34577, 32.25138],
        [77.34607, 32.25148],
        [77.34661, 32.25165],
        [77.34699, 32.25181],
        [77.34737, 32.25204],
        [77.34751, 32.25217],
        [77.34754, 32.2523],
        [77.34754, 32.2525],
        [77.34751, 32.2527],
        [77.34745, 32.25296],
        [77.34721, 32.25379],
        [77.3472, 32.25409],
        [77.34725, 32.25429],
        [77.34731, 32.25452],
        [77.34756, 32.25509],
        [77.34779, 32.2561],
        [77.34791, 32.2569],
        [77.34799, 32.25724],
        [77.348, 32.25757],
        [77.34786, 32.25855],
        [77.3479, 32.25882],
        [77.34796, 32.25898],
        [77.34829, 32.25946],
        [77.34878, 32.26055],
        [77.34901, 32.26134],
        [77.34921, 32.26241],
        [77.34924, 32.26266],
        [77.34923, 32.26282],
        [77.34917, 32.26312],
        [77.34914, 32.26338],
        [77.34908, 32.26365],
        [77.34907, 32.26391],
        [77.34911, 32.26423],
        [77.34941, 32.26539],
        [77.34967, 32.26702],
        [77.34989, 32.26817],
        [77.3499, 32.26849],
        [77.34989, 32.26878],
        [77.34987, 32.26903],
        [77.3498, 32.26924],
        [77.34969, 32.26935],
        [77.3495, 32.26945],
        [77.3492, 32.26955],
        [77.34892, 32.2696],
        [77.34874, 32.26962],
        [77.34812, 32.26978],
        [77.34774, 32.26985],
        [77.3475, 32.26995],
        [77.34691, 32.27042],
        [77.34682, 32.2705],
        [77.34672, 32.27063],
        [77.34656, 32.27085],
        [77.34646, 32.27106],
        [77.34639, 32.27131],
        [77.34632, 32.27197],
        [77.34631, 32.27229],
        [77.34628, 32.2725],
        [77.34599, 32.2731],
        [77.34551, 32.27392],
        [77.34525, 32.2746],
        [77.34518, 32.27485],
        [77.34518, 32.27505],
        [77.34524, 32.27532],
        [77.34573, 32.27649],
        [77.34638, 32.27826],
        [77.34638, 32.27848],
        [77.34636, 32.27872],
        [77.34617, 32.27915],
        [77.34606, 32.27938],
        [77.34592, 32.27958],
        [77.34573, 32.27977],
        [77.34553, 32.27997],
        [77.34538, 32.28017],
        [77.34521, 32.28046],
        [77.34511, 32.28069],
        [77.34508, 32.28092],
        [77.3451, 32.28121],
        [77.34517, 32.28142],
        [77.34521, 32.28189],
        [77.34502, 32.28367],
        [77.34497, 32.2842],
        [77.34487, 32.28453],
        [77.34478, 32.28483],
        [77.34454, 32.28528],
        [77.34429, 32.28582],
        [77.34416, 32.28607],
        [77.344, 32.28627],
        [77.3438, 32.28645],
        [77.34362, 32.28658],
        [77.34314, 32.28709],
        [77.34134, 32.28853],
        [77.33991, 32.28948],
        [77.33958, 32.28965],
        [77.33949, 32.28997],
        [77.33952, 32.29025],
        [77.33958, 32.29055],
        [77.33979, 32.29114],
        [77.33988, 32.29142],
        [77.34003, 32.29166],
        [77.34025, 32.29195],
        [77.34044, 32.29216],
        [77.34057, 32.29232],
        [77.3407, 32.29255],
        [77.34077, 32.29277],
        [77.34072, 32.29372],
        [77.34072, 32.29421],
        [77.3409, 32.2951],
        [77.34084, 32.29631],
        [77.34074, 32.29674],
        [77.34068, 32.29704],
        [77.3406, 32.29724],
        [77.34044, 32.29743],
        [77.34029, 32.29754],
        [77.34002, 32.29774],
        [77.33966, 32.298],
        [77.33917, 32.2985],
        [77.33831, 32.29925],
        [77.33813, 32.29953],
        [77.33813, 32.29969],
        [77.33813, 32.29992],
        [77.33799, 32.30018],
        [77.33775, 32.30037],
        [77.33752, 32.30058],
        [77.33732, 32.30078],
        [77.33707, 32.30108],
        [77.33663, 32.30151],
        [77.33571, 32.3024],
        [77.33528, 32.30314],
        [77.33475, 32.30389],
        [77.33447, 32.30438],
        [77.3343, 32.30452],
        [77.33419, 32.30454],
        [77.33403, 32.30451],
        [77.33384, 32.30444],
        [77.3337, 32.30436],
        [77.33361, 32.30428],
        [77.33347, 32.30419],
        [77.33279, 32.30415],
        [77.33121, 32.30392],
        [77.33044, 32.30373],
        [77.32955, 32.30347],
        [77.32946, 32.30347],
        [77.32932, 32.30357],
        [77.3292, 32.30375],
        [77.32907, 32.30388],
        [77.32864, 32.30431],
        [77.3281, 32.30474],
        [77.32782, 32.30505],
        [77.32766, 32.30528],
        [77.32756, 32.30547],
        [77.32745, 32.30574],
        [77.32741, 32.30591],
        [77.32726, 32.30629],
        [77.32709, 32.30673],
        [77.32705, 32.30701],
        [77.32702, 32.30725],
        [77.32682, 32.30795],
        [77.32616, 32.30882],
        [77.32608, 32.30911],
        [77.32604, 32.30933],
        [77.32606, 32.30954],
        [77.32616, 32.30969],
        [77.32633, 32.30983],
        [77.32661, 32.31007],
        [77.32703, 32.31068],
        [77.32732, 32.31105],
        [77.32784, 32.31161],
        [77.32798, 32.31187],
        [77.32811, 32.31216],
        [77.32818, 32.3134],
        [77.32802, 32.31498],
        [77.32798, 32.31528],
        [77.32791, 32.31544],
        [77.32779, 32.31558],
        [77.32765, 32.3157],
        [77.32736, 32.31587],
        [77.32713, 32.31595],
        [77.32648, 32.31613],
        [77.32624, 32.31626],
        [77.32585, 32.31654],
        [77.32489, 32.31716],
        [77.32289, 32.31784],
        [77.32217, 32.31835],
        [77.32181, 32.31872],
        [77.32168, 32.31891],
        [77.32154, 32.31918],
        [77.32145, 32.31945],
        [77.32142, 32.31991],
        [77.32113, 32.32097],
        [77.32098, 32.3212],
        [77.32087, 32.32137],
        [77.3207, 32.32145],
        [77.32038, 32.32148],
        [77.31998, 32.32151],
        [77.31955, 32.32153],
        [77.31922, 32.32161],
        [77.31877, 32.32187],
        [77.3185, 32.32209],
        [77.31797, 32.32256],
        [77.31695, 32.32308],
        [77.31587, 32.32377],
        [77.31468, 32.32473],
        [77.31406, 32.32546],
        [77.31344, 32.32644],
        [77.31324, 32.32676],
        [77.31305, 32.32692],
        [77.31273, 32.32712],
        [77.31253, 32.32724],
        [77.31161, 32.32762],
        [77.31124, 32.32777],
        [77.31072, 32.32798],
        [77.31058, 32.32808],
        [77.31049, 32.32818],
        [77.31035, 32.32837],
        [77.31026, 32.32858],
        [77.31018, 32.32881],
        [77.31009, 32.32903],
        [77.31002, 32.32926],
        [77.30983, 32.33019],
        [77.30953, 32.33094],
        [77.30929, 32.3315],
        [77.3091, 32.33182],
        [77.30895, 32.33202],
        [77.30879, 32.33223],
        [77.3086, 32.33249],
        [77.30833, 32.3331],
        [77.30801, 32.33363],
        [77.30788, 32.33377],
        [77.30775, 32.33383],
        [77.30755, 32.33386],
        [77.30732, 32.33384],
        [77.30698, 32.3338],
        [77.30656, 32.33367],
        [77.30567, 32.33348],
        [77.30405, 32.33256],
        [77.30313, 32.33231],
        [77.30285, 32.33226],
        [77.30265, 32.33226],
        [77.30216, 32.33228],
        [77.3019, 32.33228],
        [77.3015, 32.33229],
        [77.3008, 32.33231],
        [77.29973, 32.33269],
        [77.29948, 32.33283],
        [77.29917, 32.33303],
        [77.29892, 32.33317],
        [77.29863, 32.33346],
        [77.29838, 32.33372],
        [77.2981, 32.33398],
        [77.29793, 32.33415],
        [77.29774, 32.33428],
        [77.2976, 32.33435],
        [77.29728, 32.33447],
        [77.29613, 32.33465],
        [77.29598, 32.33477],
        [77.29588, 32.33493],
        [77.2958, 32.33506],
        [77.29565, 32.33527],
        [77.2953, 32.33609],
        [77.29516, 32.33631],
        [77.29501, 32.33641],
        [77.2947, 32.33656],
        [77.29394, 32.337],
        [77.29299, 32.33773],
        [77.29239, 32.33821],
        [77.29195, 32.33868],
        [77.2918, 32.3389],
        [77.29176, 32.33907],
        [77.29173, 32.33928],
        [77.29167, 32.33943],
        [77.29157, 32.33951],
        [77.2913, 32.33963],
        [77.2911, 32.3397],
        [77.29085, 32.33977],
        [77.29051, 32.33987],
        [77.28927, 32.34024],
        [77.28831, 32.34045],
        [77.28728, 32.34043],
        [77.28522, 32.34066],
        [77.2847, 32.34076],
        [77.28439, 32.34098],
        [77.2842, 32.34114],
        [77.28402, 32.34135],
        [77.28369, 32.34176],
        [77.28319, 32.34262],
        [77.28269, 32.34337],
        [77.2825, 32.34367],
        [77.28233, 32.34391],
        [77.28197, 32.34432],
        [77.28173, 32.34455],
        [77.2815, 32.34476],
        [77.28105, 32.34506],
        [77.28079, 32.34526],
        [77.28015, 32.34584],
        [77.27926, 32.34632],
        [77.2785, 32.34688],
        [77.27818, 32.34715],
        [77.27794, 32.34744],
        [77.27757, 32.34802],
        [77.27729, 32.3485],
        [77.27714, 32.34883],
        [77.27704, 32.34912],
        [77.27702, 32.34934],
        [77.27699, 32.34962],
        [77.27696, 32.34988],
        [77.27696, 32.35021],
        [77.27709, 32.35133],
        [77.27719, 32.35268],
        [77.27718, 32.35288],
        [77.27711, 32.35311],
        [77.27701, 32.35321],
        [77.27678, 32.35345],
        [77.27661, 32.35368],
        [77.27645, 32.35388],
        [77.27633, 32.3541],
        [77.27622, 32.35426],
        [77.27577, 32.35513],
        [77.27561, 32.3554],
        [77.2755, 32.35551],
        [77.27533, 32.35556],
        [77.27474, 32.35579],
        [77.27279, 32.35647],
        [77.27106, 32.35706],
        [77.2698, 32.35777],
        [77.26961, 32.35784],
        [77.2694, 32.35784],
        [77.269, 32.35782],
        [77.26855, 32.35788],
        [77.26757, 32.35797],
        [77.26729, 32.3581],
        [77.26713, 32.35827],
        [77.2669, 32.35856],
        [77.2667, 32.35877],
        [77.26652, 32.35887],
        [77.26628, 32.35891],
        [77.26609, 32.35891],
        [77.26552, 32.35887],
        [77.2652, 32.35884],
        [77.2647, 32.35899],
        [77.26379, 32.35944],
        [77.26182, 32.36014],
        [77.26139, 32.36038],
        [77.26124, 32.36048],
        [77.26106, 32.36067],
        [77.26071, 32.36103],
        [77.25963, 32.36213],
        [77.25883, 32.36283],
        [77.25851, 32.36303],
        [77.25824, 32.36315],
        [77.25676, 32.3635],
        [77.25641, 32.36371],
        [77.25615, 32.36389],
        [77.25589, 32.36416],
        [77.25536, 32.36461],
        [77.25428, 32.36554],
        [77.252, 32.36819],
        [77.25125, 32.36906],
        [77.25098, 32.36937],
        [77.25073, 32.36953],
        [77.25031, 32.36967],
        [77.25004, 32.36973],
        [77.24873, 32.37008],
        [77.2468, 32.37073],
        [77.24613, 32.37116],
        [77.24594, 32.37131],
        [77.24585, 32.37144],
        [77.24572, 32.37213],
        [77.24518, 32.37399],
        [77.24505, 32.37453],
        [77.24499, 32.37481],
        [77.24486, 32.37501],
        [77.24449, 32.37537],
        [77.24401, 32.37574],
        [77.24302, 32.37637],
        [77.24259, 32.37662],
        [77.24222, 32.37667],
        [77.24164, 32.37669],
        [77.23907, 32.3768],
        [77.23872, 32.37671],
        [77.23849, 32.37658],
        [77.23827, 32.37645],
        [77.23773, 32.37567],
        [77.23721, 32.37542],
        [77.23618, 32.37509],
        [77.23569, 32.37507],
        [77.23541, 32.37507],
        [77.23508, 32.37511],
        [77.23446, 32.37526],
        [77.23357, 32.37552],
        [77.23282, 32.37565],
        [77.23241, 32.37571],
        [77.23208, 32.37571],
        [77.23033, 32.37474],
        [77.2293, 32.37407],
        [77.22865, 32.37347],
        [77.2285, 32.37325],
        [77.22828, 32.37267],
        [77.22807, 32.37196],
        [77.22804, 32.37181],
        [77.22824, 32.37073],
        [77.2282, 32.37058],
        [77.22809, 32.37056],
        [77.2277, 32.3709],
        [77.22517, 32.37346],
        [77.22419, 32.37447],
        [77.22353, 32.37525],
        [77.22281, 32.37624],
        [77.22247, 32.37674],
        [77.22204, 32.37704],
        [77.22102, 32.37755],
        [77.21955, 32.37827],
        [77.21852, 32.37861],
        [77.2172, 32.37896],
        [77.2164, 32.37926],
        [77.21532, 32.37989],
        [77.2132, 32.38142],
        [77.21154, 32.38276],
        [77.21093, 32.38319],
        [77.21057, 32.3833],
        [77.20996, 32.38347],
        [77.20859, 32.38404],
        [77.20755, 32.38454],
        [77.20667, 32.38517],
        [77.20609, 32.38549],
        [77.20561, 32.3856],
        [77.20526, 32.38564],
        [77.2047, 32.38568],
        [77.20423, 32.38568],
        [77.20362, 32.38579],
        [77.20159, 32.38627],
        [77.20101, 32.38648],
        [77.20073, 32.38663],
        [77.20056, 32.3868],
        [77.19948, 32.38926],
        [77.19891, 32.39103],
        [77.19827, 32.39262],
        [77.19732, 32.39606],
        [77.19707, 32.39705],
        [77.1964, 32.39843],
        [77.19614, 32.3988],
        [77.19601, 32.39902],
        [77.19583, 32.39912],
        [77.1957, 32.39915],
        [77.19514, 32.39917],
        [77.19428, 32.39902],
        [77.19242, 32.39878],
        [77.19203, 32.39878],
        [77.18951, 32.39768],
        [77.18778, 32.3972],
        [77.18666, 32.39703],
        [77.18625, 32.39714],
        [77.18599, 32.39723],
        [77.18569, 32.39736],
        [77.18545, 32.39751],
        [77.18482, 32.39798],
        [77.18342, 32.39926],
        [77.18277, 32.40026],
        [77.18204, 32.40147],
        [77.18134, 32.40254],
        [77.18113, 32.40274],
        [77.18067, 32.40306],
        [77.17992, 32.40369],
        [77.17839, 32.40468],
        [77.17609, 32.40601],
        [77.17529, 32.40631],
        [77.17449, 32.40657],
        [77.17321, 32.40695],
        [77.17244, 32.40726],
        [77.17112, 32.40777],
        [77.17075, 32.40799],
        [77.17056, 32.40819],
        [77.17028, 32.40844],
        [77.17004, 32.40872],
        [77.16974, 32.40918],
        [77.16937, 32.40957],
        [77.16916, 32.40963],
        [77.16883, 32.4098],
        [77.16866, 32.40995],
        [77.16847, 32.41004],
        [77.16823, 32.41004],
        [77.16738, 32.41017],
        [77.16636, 32.41045],
        [77.16483, 32.41084],
        [77.16293, 32.41127],
        [77.16181, 32.41153],
        [77.15929, 32.41253],
        [77.1584, 32.41284],
        [77.15722, 32.41344],
        [77.15592, 32.41411],
        [77.15465, 32.41463],
        [77.15396, 32.41497],
        [77.15292, 32.41529],
        [77.1527, 32.41529],
        [77.15247, 32.41529],
        [77.15091, 32.4148],
        [77.14947, 32.41434],
        [77.14812, 32.41412],
        [77.14691, 32.41371],
        [77.14598, 32.41343],
        [77.14585, 32.41332],
        [77.14568, 32.4131],
        [77.14544, 32.4128],
        [77.14524, 32.41256],
        [77.14509, 32.41237],
        [77.14438, 32.4112],
        [77.14378, 32.41077],
        [77.14313, 32.41006],
        [77.14244, 32.40917],
        [77.14201, 32.40855],
        [77.14175, 32.40836],
        [77.14164, 32.40827],
        [77.14145, 32.40816],
        [77.14121, 32.40814],
        [77.1408, 32.40807],
        [77.13989, 32.40797],
        [77.13909, 32.40782],
        [77.13749, 32.40732],
        [77.13625, 32.4068],
        [77.1353, 32.40645],
        [77.13384, 32.4061],
        [77.13312, 32.40578],
        [77.13248, 32.40559],
        [77.13187, 32.40524],
        [77.13142, 32.40501],
        [77.13122, 32.40494],
        [77.13088, 32.4049],
        [77.13049, 32.40483],
        [77.13021, 32.40479],
        [77.129, 32.4049],
        [77.12829, 32.40494],
        [77.12807, 32.40492],
        [77.12629, 32.40413],
        [77.12478, 32.40388],
        [77.124, 32.40379],
        [77.12376, 32.40373],
        [77.12338, 32.40351],
        [77.12212, 32.40271],
        [77.12078, 32.40226],
        [77.11862, 32.40146],
        [77.11761, 32.40087],
        [77.11627, 32.4002],
        [77.11562, 32.39983],
        [77.11487, 32.39912],
        [77.11424, 32.39863],
        [77.11325, 32.39824],
        [77.11262, 32.39794],
        [77.11182, 32.39776],
        [77.11107, 32.39742],
        [77.10995, 32.39706],
        [77.10896, 32.3968],
        [77.10883, 32.39681],
        [77.10859, 32.39683],
        [77.10803, 32.39687],
        [77.10708, 32.39702],
        [77.10654, 32.39709],
        [77.10628, 32.39708],
        [77.10593, 32.39709],
        [77.10544, 32.39706],
        [77.10492, 32.39696],
        [77.10438, 32.39674],
        [77.10343, 32.39629],
        [77.10321, 32.3962],
        [77.10304, 32.39618],
        [77.10222, 32.39622],
        [77.10192, 32.39622],
        [77.10168, 32.39618],
        [77.10157, 32.39614],
        [77.10142, 32.39599],
        [77.1006, 32.39502],
        [77.10002, 32.39432],
        [77.09969, 32.39413],
        [77.09857, 32.39387],
        [77.09771, 32.39376],
        [77.09657, 32.39376],
        [77.09577, 32.39374],
        [77.09564, 32.39376],
        [77.09545, 32.39385],
        [77.0943, 32.39422],
        [77.09374, 32.39428],
        [77.09322, 32.39432],
        [77.09203, 32.3945],
        [77.09098, 32.39469],
        [77.09044, 32.39476],
        [77.08988, 32.39475],
        [77.08929, 32.39478],
        [77.08906, 32.39491],
        [77.08858, 32.39521],
        [77.08817, 32.39549],
        [77.0878, 32.39579],
        [77.08741, 32.39627],
        [77.08715, 32.39644],
        [77.0869, 32.39652],
        [77.08666, 32.3965],
        [77.08618, 32.39631],
        [77.08487, 32.39575],
        [77.0839, 32.39536],
        [77.08357, 32.39532],
        [77.08314, 32.39532],
        [77.08091, 32.39595],
        [77.07968, 32.39642],
        [77.07946, 32.39655],
        [77.07925, 32.39675],
        [77.07907, 32.39692],
        [77.0789, 32.39718],
        [77.07871, 32.39755],
        [77.07851, 32.39785],
        [77.07808, 32.39828],
        [77.07709, 32.39893],
        [77.07529, 32.39992],
        [77.07572, 32.40084],
        [77.07579, 32.40101],
        [77.07583, 32.40122],
        [77.07581, 32.4017],
        [77.07581, 32.40209],
        [77.07579, 32.40254],
        [77.07581, 32.40282],
        [77.07587, 32.40304],
        [77.07639, 32.40442],
        [77.07745, 32.40745],
        [77.07788, 32.40911],
        [77.07814, 32.41049],
        [77.07831, 32.4123],
        [77.07827, 32.41353],
        [77.07833, 32.41445],
        [77.07814, 32.41596],
        [77.07797, 32.41715],
        [77.07764, 32.41829],
        [77.07756, 32.41853],
        [77.07749, 32.41862],
        [77.07736, 32.41866],
        [77.0771, 32.41868],
        [77.07434, 32.41834],
        [77.07208, 32.4181],
        [77.06925, 32.4181],
        [77.06634, 32.41827],
        [77.065, 32.41841],
        [77.06478, 32.41847],
        [77.0647, 32.41858],
        [77.06461, 32.41871],
        [77.06457, 32.41888],
        [77.06446, 32.41922],
        [77.06288, 32.42193],
        [77.06226, 32.42301],
        [77.06215, 32.42327],
        [77.06215, 32.42344],
        [77.06215, 32.42364],
        [77.06215, 32.42379],
        [77.06217, 32.42439],
        [77.06213, 32.42569],
        [77.06208, 32.42601],
        [77.06204, 32.42621],
        [77.06174, 32.4264],
        [77.06063, 32.42757],
        [77.05858, 32.42975],
        [77.05679, 32.43191],
        [77.05558, 32.43316],
        [77.05515, 32.43366],
        [77.05497, 32.4337],
        [77.0548, 32.43368],
        [77.05469, 32.43357],
        [77.05458, 32.43338],
        [77.05452, 32.43321],
        [77.05394, 32.43254],
        [77.05301, 32.43191],
        [77.05059, 32.43068],
        [77.04977, 32.43036],
        [77.04583, 32.42773],
        [77.04229, 32.42564],
        [77.04102, 32.4251],
        [77.03893, 32.42439],
        [77.03709, 32.4237],
        [77.03679, 32.4237],
        [77.03662, 32.42372],
        [77.03636, 32.42372],
        [77.03504, 32.42418],
        [77.03332, 32.42469],
        [77.03267, 32.42491],
        [77.03215, 32.42497],
        [77.03178, 32.42502],
        [77.03161, 32.42502],
        [77.03137, 32.42499],
        [77.03109, 32.42495],
        [77.02945, 32.42452],
        [77.02715, 32.42356],
        [77.02393, 32.42248],
        [77.02173, 32.42181],
        [77.01959, 32.42071],
        [77.01722, 32.41929],
        [77.01564, 32.41853],
        [77.0134, 32.41777],
        [77.01228, 32.41729],
        [77.01211, 32.41723],
        [77.01189, 32.41721],
        [77.01168, 32.41719],
        [77.01144, 32.41719],
        [77.01116, 32.41718],
        [77.01051, 32.41723],
        [77.01012, 32.41721],
        [77.0099, 32.41716],
        [77.00975, 32.4171],
        [77.00956, 32.41703],
        [77.00932, 32.41697],
        [77.00917, 32.41688],
        [77.00848, 32.41673],
        [77.00766, 32.41662],
        [77.00647, 32.41643],
        [77.00585, 32.41628],
        [77.00505, 32.41578],
        [77.00431, 32.41548],
        [77.00405, 32.41542],
        [77.00388, 32.4154],
        [77.00364, 32.41537],
        [77.00332, 32.41537],
        [77.00287, 32.41542],
        [77.00248, 32.41542],
        [77.00144, 32.41524],
        [77.00082, 32.41503],
        [77.00069, 32.41496],
        [77.00051, 32.41481],
        [76.99943, 32.41339],
        [76.99939, 32.41328],
        [76.99933, 32.41309],
        [76.99928, 32.41291],
        [76.99926, 32.41268],
        [76.99886, 32.41223],
        [76.99845, 32.41138],
        [76.99238, 32.40944],
        [76.98936, 32.4084],
        [76.98672, 32.40708],
        [76.98493, 32.40599],
        [76.98353, 32.40526],
        [76.98227, 32.4049],
        [76.98148, 32.40462],
        [76.97958, 32.40386],
        [76.97902, 32.40372],
        [76.97676, 32.40347],
        [76.97502, 32.40313],
        [76.97337, 32.40263],
        [76.97158, 32.4021],
        [76.96981, 32.40173],
        [76.96889, 32.40165],
        [76.9679, 32.40162],
        [76.96617, 32.40182],
        [76.96361, 32.40213],
        [76.96094, 32.40241],
        [76.95951, 32.40249],
        [76.95797, 32.40263],
        [76.95702, 32.40263],
        [76.95433, 32.40254],
        [76.95185, 32.40275],
        [76.95037, 32.40297],
        [76.94832, 32.40308],
        [76.94731, 32.40319],
        [76.94692, 32.40347],
        [76.9456, 32.40493],
        [76.94462, 32.40647],
        [76.94432, 32.40742],
        [76.94434, 32.40844],
        [76.94434, 32.40894],
        [76.94443, 32.41029],
        [76.94426, 32.41172],
        [76.94426, 32.41276],
        [76.94429, 32.41318],
        [76.9444, 32.41346],
        [76.94459, 32.41391],
        [76.9449, 32.41494],
        [76.94555, 32.41732],
        [76.94616, 32.41871],
        [76.94672, 32.41924],
        [76.94726, 32.41991],
        [76.94773, 32.42064],
        [76.9481, 32.42148],
        [76.94829, 32.42226],
        [76.94829, 32.4228],
        [76.94829, 32.42322],
        [76.94824, 32.42378],
        [76.94813, 32.42414],
        [76.9479, 32.42484],
        [76.94762, 32.42596],
        [76.94756, 32.42621],
        [76.9474, 32.42641],
        [76.94709, 32.42666],
        [76.94684, 32.42686],
        [76.94661, 32.42691],
        [76.94633, 32.42688],
        [76.94577, 32.42686],
        [76.94434, 32.42652],
        [76.94238, 32.42588],
        [76.94162, 32.42546],
        [76.93962, 32.42371],
        [76.93895, 32.42324],
        [76.93862, 32.42301],
        [76.93651, 32.42248],
        [76.93576, 32.422],
        [76.93455, 32.42091],
        [76.93209, 32.41918],
        [76.9306, 32.41796],
        [76.93001, 32.41763],
        [76.92928, 32.41746],
        [76.92791, 32.41738],
        [76.9267, 32.41718],
        [76.92487, 32.41656],
        [76.92398, 32.41625],
        [76.92274, 32.41628],
        [76.92112, 32.4162],
        [76.91918, 32.41625],
        [76.91742, 32.41656],
        [76.9156, 32.41695],
        [76.91498, 32.41696],
        [76.91397, 32.41701],
        [76.91321, 32.41681],
        [76.91218, 32.41681],
        [76.91071, 32.41705],
        [76.90911, 32.41741],
        [76.90875, 32.41758],
        [76.90846, 32.41775],
        [76.90838, 32.41794],
        [76.90838, 32.41867],
        [76.90832, 32.41951],
        [76.90846, 32.4203],
        [76.90855, 32.42058],
        [76.90883, 32.4208],
        [76.90925, 32.42097],
        [76.9095, 32.42111],
        [76.91031, 32.4215],
        [76.91124, 32.42206],
        [76.91181, 32.42266],
        [76.91259, 32.42426],
        [76.91321, 32.42499],
        [76.91338, 32.4253],
        [76.91343, 32.42571],
        [76.91343, 32.42597],
        [76.9134, 32.42647],
        [76.9134, 32.42686],
        [76.91346, 32.42742],
        [76.91351, 32.42801],
        [76.91371, 32.42868],
        [76.91436, 32.43005],
        [76.91593, 32.43237],
        [76.9166, 32.43371],
        [76.91699, 32.4345],
        [76.91705, 32.43478],
        [76.91705, 32.43503],
        [76.91702, 32.43539],
        [76.91691, 32.43564],
        [76.91663, 32.43603],
        [76.91582, 32.43654],
        [76.91355, 32.43755],
        [76.91192, 32.43786],
        [76.91063, 32.43839],
        [76.90791, 32.43998],
        [76.90645, 32.44131],
        [76.90452, 32.44339],
        [76.90323, 32.44521],
        [76.90261, 32.44621],
        [76.90233, 32.44644],
        [76.90017, 32.44726],
        [76.89927, 32.44768],
        [76.89907, 32.44785],
        [76.89893, 32.44807],
        [76.89888, 32.44852],
        [76.89913, 32.44914],
        [76.89966, 32.45073],
        [76.90031, 32.45258],
        [76.90073, 32.45384],
        [76.90166, 32.45559],
        [76.90213, 32.45609],
        [76.90281, 32.45674],
        [76.9039, 32.45772],
        [76.90519, 32.45847],
        [76.90665, 32.45987],
        [76.90805, 32.46097],
        [76.90895, 32.46208],
        [76.91088, 32.46342],
        [76.91166, 32.46392],
        [76.91186, 32.46423],
        [76.91169, 32.4644],
        [76.9106, 32.46527],
        [76.90993, 32.46583],
        [76.90939, 32.46594],
        [76.90866, 32.46597],
        [76.90738, 32.46619],
        [76.90606, 32.46658],
        [76.90441, 32.46728],
        [76.90379, 32.46751],
        [76.90348, 32.46751],
        [76.90264, 32.46726],
        [76.89965, 32.46666],
        [76.89856, 32.4663],
        [76.89783, 32.46627],
        [76.89699, 32.46627],
        [76.89626, 32.46627],
        [76.89528, 32.46627],
        [76.89399, 32.46624],
        [76.8932, 32.46622],
        [76.89177, 32.46585],
        [76.89127, 32.46585],
        [76.89074, 32.46583],
        [76.88995, 32.46582],
        [76.88945, 32.46602],
        [76.88911, 32.46622],
        [76.88883, 32.46625],
        [76.88844, 32.46619],
        [76.88791, 32.46605],
        [76.88715, 32.46585],
        [76.88645, 32.4656],
        [76.88617, 32.46552],
        [76.88583, 32.46549],
        [76.88474, 32.46574],
        [76.88342, 32.46611],
        [76.88289, 32.46608],
        [76.8818, 32.46591],
        [76.87861, 32.46498],
        [76.87763, 32.46467],
        [76.87724, 32.46465],
        [76.87623, 32.46487],
        [76.87547, 32.46506],
        [76.8736, 32.46535],
        [76.87337, 32.46535],
        [76.87292, 32.46529],
        [76.87259, 32.46515],
        [76.87219, 32.46495],
        [76.87135, 32.46473],
        [76.87046, 32.46445],
        [76.86976, 32.46436],
        [76.86735, 32.46378],
        [76.86488, 32.46358],
        [76.86455, 32.46353],
        [76.86435, 32.46341],
        [76.86379, 32.46459],
        [76.86274, 32.46619],
        [76.86266, 32.4664],
        [76.86258, 32.46678],
        [76.8626, 32.46696],
        [76.86281, 32.46825],
        [76.86289, 32.46865],
        [76.86295, 32.46922],
        [76.86295, 32.46945],
        [76.86274, 32.47072],
        [76.86218, 32.47248],
        [76.86214, 32.47276],
        [76.86211, 32.47299],
        [76.86209, 32.4732],
        [76.86201, 32.47351],
        [76.86197, 32.47373],
        [76.8619, 32.47393],
        [76.86178, 32.47421],
        [76.86098, 32.47534],
        [76.86014, 32.47659],
        [76.85926, 32.47749],
        [76.85735, 32.47964],
        [76.85729, 32.47979],
        [76.85722, 32.48019],
        [76.85723, 32.48039],
        [76.85784, 32.48365],
        [76.85788, 32.48397],
        [76.8579, 32.48443],
        [76.8579, 32.48471],
        [76.85786, 32.48494],
        [76.85773, 32.4853],
        [76.8576, 32.48567],
        [76.85758, 32.48639],
        [76.8576, 32.48662],
        [76.85752, 32.48862],
        [76.8576, 32.48967],
        [76.85771, 32.49016],
        [76.85806, 32.49201],
        [76.85836, 32.493],
        [76.85849, 32.49327],
        [76.85871, 32.49361],
        [76.85924, 32.49438],
        [76.85941, 32.49468],
        [76.85954, 32.49502],
        [76.85978, 32.49687],
        [76.85979, 32.4975],
        [76.85983, 32.49771],
        [76.85989, 32.49801],
        [76.85995, 32.49824],
        [76.86004, 32.49845],
        [76.86105, 32.49967],
        [76.86206, 32.5012],
        [76.86304, 32.50228],
        [76.86367, 32.50279],
        [76.86477, 32.50372],
        [76.86528, 32.50415],
        [76.86587, 32.50502],
        [76.86611, 32.5053],
        [76.86635, 32.50547],
        [76.86676, 32.50561],
        [76.86707, 32.50571],
        [76.86805, 32.5064],
        [76.8697, 32.50695],
        [76.87097, 32.50755],
        [76.87154, 32.50791],
        [76.87229, 32.50843],
        [76.87327, 32.50963],
        [76.87437, 32.5107],
        [76.87571, 32.51208],
        [76.87722, 32.51335],
        [76.87722, 32.51342],
        [76.87705, 32.51359],
        [76.87638, 32.51395],
        [76.87583, 32.51445],
        [76.87511, 32.51524],
        [76.87449, 32.51605],
        [76.87356, 32.51766],
        [76.87282, 32.51857],
        [76.87215, 32.51935],
        [76.87124, 32.51995],
        [76.87009, 32.5203],
        [76.8692, 32.52037],
        [76.86899, 32.52049],
        [76.86894, 32.52071],
        [76.86915, 32.52262],
        [76.86932, 32.52346],
        [76.86966, 32.52422],
        [76.86987, 32.52477],
        [76.86997, 32.52527],
        [76.86997, 32.52571],
        [76.86992, 32.52616],
        [76.8698, 32.52654],
        [76.86925, 32.5274],
        [76.86782, 32.52942],
        [76.86691, 32.53069],
        [76.86605, 32.53174],
        [76.86564, 32.53212],
        [76.86545, 32.53248],
        [76.86536, 32.5326],
        [76.86533, 32.5331],
        [76.86526, 32.53399],
        [76.86514, 32.5344],
        [76.865, 32.53461],
        [76.86483, 32.53473],
        [76.86464, 32.53473],
        [76.8644, 32.53464],
        [76.86294, 32.5342],
        [76.85957, 32.53332],
        [76.85741, 32.53272],
        [76.85698, 32.5326],
        [76.8556, 32.53186],
        [76.85416, 32.53141],
        [76.85244, 32.53062],
        [76.85137, 32.52984],
        [76.84976, 32.52829],
        [76.84895, 32.52778],
        [76.84783, 32.52707],
        [76.84689, 32.52678],
        [76.84591, 32.52659],
        [76.84539, 32.52657],
        [76.84433, 32.52661],
        [76.84366, 32.52647],
        [76.84273, 32.5263],
        [76.84067, 32.52515],
        [76.83983, 32.52499],
        [76.83893, 32.52503],
        [76.8383, 32.52508],
        [76.83799, 32.52518],
        [76.83754, 32.52537],
        [76.83711, 32.52559],
        [76.8367, 32.52582],
        [76.83629, 32.52616],
        [76.83598, 32.52654],
        [76.8357, 32.52683],
        [76.83519, 32.52723],
        [76.83383, 32.52812],
        [76.83278, 32.52852],
        [76.83131, 32.52921],
        [76.83088, 32.52959],
        [76.83012, 32.52988],
        [76.82904, 32.52995],
        [76.82844, 32.5301],
        [76.82806, 32.53014],
        [76.82772, 32.53029],
        [76.82706, 32.53074],
        [76.82684, 32.53112],
        [76.8267, 32.53151],
        [76.82662, 32.53184],
        [76.82662, 32.53225],
        [76.82665, 32.53266],
        [76.82667, 32.53304],
        [76.82672, 32.53361],
        [76.82682, 32.53538],
        [76.82675, 32.53612],
        [76.82675, 32.53667],
        [76.82675, 32.53696],
        [76.82665, 32.53739],
        [76.82653, 32.5377],
        [76.82634, 32.53806],
        [76.82613, 32.53842],
        [76.82567, 32.53885],
        [76.82546, 32.5389],
        [76.82505, 32.5389],
        [76.82493, 32.53887],
        [76.82386, 32.53861],
        [76.82225, 32.5383],
        [76.8212, 32.53792],
        [76.82106, 32.53789],
        [76.82012, 32.53794],
        [76.81981, 32.53796],
        [76.81926, 32.53808],
        [76.81885, 32.53813],
        [76.81828, 32.53811],
        [76.81756, 32.53792],
        [76.81665, 32.53748],
        [76.81625, 32.53741],
        [76.81608, 32.53744],
        [76.81555, 32.53758],
        [76.81512, 32.53763],
        [76.81479, 32.53761],
        [76.81452, 32.53758],
        [76.81421, 32.53749],
        [76.81388, 32.53734],
        [76.81359, 32.5371],
        [76.81247, 32.53631],
        [76.81142, 32.536],
        [76.81078, 32.53587],
        [76.81058, 32.53583],
        [76.81023, 32.53578],
        [76.80996, 32.53569],
        [76.80956, 32.53557],
        [76.80932, 32.53545],
        [76.80903, 32.53528],
        [76.80867, 32.53511],
        [76.80834, 32.53492],
        [76.80774, 32.53468],
        [76.80752, 32.53459],
        [76.80726, 32.53447],
        [76.80692, 32.53437],
        [76.80669, 32.53423],
        [76.80659, 32.53411],
        [76.8064, 32.53392],
        [76.80623, 32.53375],
        [76.80609, 32.53368],
        [76.80537, 32.53372],
        [76.80515, 32.5338],
        [76.80484, 32.53394],
        [76.80465, 32.53396],
        [76.80424, 32.53384],
        [76.80367, 32.53363],
        [76.80288, 32.5332],
        [76.80018, 32.53236],
        [76.79896, 32.53198],
        [76.79812, 32.53184],
        [76.7975, 32.53193],
        [76.79719, 32.53198],
        [76.79697, 32.53222],
        [76.7969, 32.53253],
        [76.7968, 32.53291],
        [76.79664, 32.53387],
        [76.79534, 32.53627],
        [76.79472, 32.53716],
        [76.79448, 32.53745],
        [76.79412, 32.53781],
        [76.7939, 32.53792],
        [76.7935, 32.53814],
        [76.79311, 32.53835],
        [76.79252, 32.53871],
        [76.79142, 32.53941],
        [76.79096, 32.53984],
        [76.79079, 32.5401],
        [76.79065, 32.54039],
        [76.79055, 32.54065],
        [76.79048, 32.54103],
        [76.79048, 32.54122],
        [76.79051, 32.54154],
        [76.79065, 32.54194],
        [76.79103, 32.54261],
        [76.79198, 32.54506],
        [76.7921, 32.54537],
        [76.79209, 32.54554],
        [76.79207, 32.54573],
        [76.79205, 32.54602],
        [76.792, 32.54628],
        [76.7919, 32.54671],
        [76.7919, 32.547],
        [76.79188, 32.54726],
        [76.79186, 32.54741],
        [76.79176, 32.54748],
        [76.79162, 32.54757],
        [76.7914, 32.54767],
        [76.79119, 32.54776],
        [76.79068, 32.54788],
        [76.79013, 32.54803],
        [76.78894, 32.54817],
        [76.78793, 32.54841],
        [76.78748, 32.54841],
        [76.78623, 32.54829],
        [76.78358, 32.54812],
        [76.7825, 32.54817],
        [76.78188, 32.54836],
        [76.78166, 32.5485],
        [76.78147, 32.54872],
        [76.78104, 32.54901],
        [76.78044, 32.54929],
        [76.7792, 32.54972],
        [76.77867, 32.54987],
        [76.77755, 32.55001],
        [76.77717, 32.55004],
        [76.77669, 32.55004],
        [76.77638, 32.54996],
        [76.77564, 32.5497],
        [76.77516, 32.54927],
        [76.77489, 32.54901],
        [76.77404, 32.5481],
        [76.77346, 32.54762],
        [76.77279, 32.54745],
        [76.77253, 32.54726],
        [76.77222, 32.54712],
        [76.77193, 32.54709],
        [76.77114, 32.54707],
        [76.77004, 32.54669],
        [76.76906, 32.54647],
        [76.76882, 32.54631],
        [76.76863, 32.54614],
        [76.76801, 32.54576],
        [76.76698, 32.54561],
        [76.76528, 32.54568],
        [76.76428, 32.5459],
        [76.76318, 32.54645],
        [76.76256, 32.547],
        [76.762, 32.54769],
        [76.76167, 32.5481],
        [76.76143, 32.54851],
        [76.76136, 32.54877],
        [76.76126, 32.54913],
        [76.76126, 32.54929],
        [76.76122, 32.54958],
        [76.76117, 32.54987],
        [76.76093, 32.55092],
        [76.76064, 32.55161],
        [76.76045, 32.55178],
        [76.75959, 32.55221],
        [76.75858, 32.55291],
        [76.75733, 32.55384],
        [76.75716, 32.55394],
        [76.75647, 32.55413],
        [76.75616, 32.55425],
        [76.75547, 32.55466],
        [76.75518, 32.55492],
        [76.75487, 32.55523],
        [76.75444, 32.55595],
        [76.75422, 32.55621],
        [76.75403, 32.55635],
        [76.75386, 32.55636],
        [76.75355, 32.55631],
        [76.75334, 32.55623],
        [76.75286, 32.55616],
        [76.7525, 32.55614],
        [76.75207, 32.55611],
        [76.75173, 32.55612],
        [76.75137, 32.55612],
        [76.75099, 32.55616],
        [76.75054, 32.55623],
        [76.75015, 32.55631],
        [76.74886, 32.55695],
        [76.74852, 32.55828],
        [76.74757, 32.55817],
        [76.74473, 32.55799],
        [76.74275, 32.55825],
        [76.74102, 32.55913],
        [76.74014, 32.56023],
        [76.73896, 32.56107],
        [76.73634, 32.55975],
        [76.73248, 32.55746],
        [76.7306, 32.55625],
        [76.72776, 32.5553],
        [76.72718, 32.55482],
        [76.72611, 32.55464],
        [76.72478, 32.55387],
        [76.72302, 32.55287],
        [76.72158, 32.55193],
        [76.72055, 32.54893],
        [76.71893, 32.54443],
        [76.71738, 32.54259],
        [76.71591, 32.54036],
        [76.71455, 32.53962],
        [76.71351, 32.53885],
        [76.71245, 32.53797],
        [76.71197, 32.53735],
        [76.7116, 32.53794],
        [76.71075, 32.53889],
        [76.70972, 32.54061],
        [76.70718, 32.54272],
        [76.70505, 32.54364],
        [76.70317, 32.54426],
        [76.70056, 32.54466],
        [76.69967, 32.54521],
        [76.6982, 32.54558],
        [76.69964, 32.54752],
        [76.7017, 32.55059],
        [76.70317, 32.55212],
        [76.70417, 32.5541],
        [76.70601, 32.55823],
        [76.70696, 32.56065],
        [76.70718, 32.56204],
        [76.7074, 32.56259],
        [76.7073, 32.56344],
        [76.70674, 32.56609],
        [76.70549, 32.56892],
        [76.70508, 32.57119],
        [76.70277, 32.57335],
        [76.70048, 32.57442],
        [76.6989, 32.57405],
        [76.69676, 32.57354],
        [76.69305, 32.5726],
        [76.6897, 32.57172],
        [76.68613, 32.57077],
        [76.68476, 32.57056],
        [76.68359, 32.5706],
        [76.68119, 32.57027],
        [76.67998, 32.5702],
        [76.67791, 32.56958],
        [76.67703, 32.5695],
        [76.67593, 32.5695],
        [76.67228, 32.56947],
        [76.67077, 32.56969],
        [76.67037, 32.56988],
        [76.6696, 32.57002],
        [76.66823, 32.57058],
        [76.66661, 32.57079],
        [76.66613, 32.57153],
        [76.66407, 32.57237],
        [76.66252, 32.57322],
        [76.66142, 32.57409],
        [76.65921, 32.57472],
        [76.6566, 32.57652],
        [76.65652, 32.57655],
        [76.65575, 32.57692],
        [76.65472, 32.57765],
        [76.65384, 32.57831],
        [76.65284, 32.57897],
        [76.65203, 32.57956],
        [76.64956, 32.58183],
        [76.64776, 32.58323],
        [76.6471, 32.58315],
        [76.64654, 32.58267],
        [76.64223, 32.58032],
        [76.64165, 32.57989],
        [76.64088, 32.57916],
        [76.6401, 32.57875],
        [76.63933, 32.57809],
        [76.63815, 32.57747],
        [76.63683, 32.57684],
        [76.63565, 32.57596],
        [76.63473, 32.57541],
        [76.63311, 32.57508],
        [76.63182, 32.57439],
        [76.62942, 32.57409],
        [76.62843, 32.57398],
        [76.62618, 32.57376],
        [76.6257, 32.57398],
        [76.62534, 32.57417],
        [76.62508, 32.57461],
        [76.62453, 32.57567],
        [76.62408, 32.57622],
        [76.62368, 32.57714],
        [76.62346, 32.57734],
        [76.62287, 32.57807],
        [76.62239, 32.5784],
        [76.62232, 32.5795],
        [76.62213, 32.5802],
        [76.62173, 32.58111],
        [76.62103, 32.58298],
        [76.621, 32.5852],
        [76.62103, 32.5855],
        [76.62103, 32.58656],
        [76.62158, 32.58733],
        [76.62247, 32.58876],
        [76.6235, 32.5903],
        [76.62497, 32.59281],
        [76.62511, 32.59288],
        [76.62556, 32.59362],
        [76.62574, 32.59409],
        [76.6257, 32.59526],
        [76.62537, 32.59567],
        [76.62508, 32.5967],
        [76.62508, 32.59739],
        [76.62534, 32.59787],
        [76.6257, 32.59937],
        [76.62662, 32.60079],
        [76.62943, 32.60361],
        [76.6288, 32.60372],
        [76.62777, 32.60375],
        [76.62729, 32.60372],
        [76.6253, 32.60375],
        [76.62221, 32.60409],
        [76.61963, 32.6043],
        [76.61713, 32.60486],
        [76.61529, 32.60438],
        [76.61352, 32.60427],
        [76.61109, 32.60364],
        [76.60984, 32.60335],
        [76.60929, 32.60346],
        [76.60796, 32.60375],
        [76.60715, 32.60427],
        [76.60604, 32.60471],
        [76.60277, 32.60584],
        [76.60251, 32.60705],
        [76.60203, 32.6085],
        [76.60159, 32.60949],
        [76.6006, 32.61162],
        [76.59964, 32.61378],
        [76.59879, 32.61613],
        [76.5989, 32.61695],
        [76.59993, 32.61794],
        [76.6024, 32.62153],
        [76.60247, 32.62227],
        [76.60214, 32.62252],
        [76.60167, 32.62326],
        [76.60078, 32.6237],
        [76.59905, 32.62548],
        [76.59787, 32.62614],
        [76.59633, 32.62746],
        [76.5943, 32.62929],
        [76.59304, 32.63138],
        [76.59231, 32.63217],
        [76.59253, 32.63367],
        [76.59304, 32.63584],
        [76.59378, 32.63756],
        [76.5933, 32.63855],
        [76.59268, 32.63985],
        [76.59191, 32.6411],
        [76.59102, 32.6426],
        [76.58973, 32.64396],
        [76.58826, 32.6444],
        [76.5858, 32.64425],
        [76.58403, 32.64377],
        [76.58215, 32.6437],
        [76.58053, 32.64425],
        [76.57931, 32.64535],
        [76.57703, 32.64786],
        [76.57486, 32.64918],
        [76.57055, 32.6498],
        [76.56724, 32.65006],
        [76.56433, 32.65116],
        [76.55972, 32.65314],
        [76.55583, 32.65543],
        [76.55498, 32.65602],
        [76.55177, 32.65774],
        [76.54964, 32.65818],
        [76.54835, 32.658],
        [76.54172, 32.65664],
        [76.53742, 32.65613],
        [76.53436, 32.65627],
        [76.5313, 32.65634],
        [76.52916, 32.6569],
        [76.52747, 32.65752],
        [76.52666, 32.65796],
        [76.52379, 32.66016],
        [76.5221, 32.66232],
        [76.52114, 32.66426],
        [76.52089, 32.66632],
        [76.51974, 32.66929],
        [76.51492, 32.66683],
        [76.5119, 32.66635],
        [76.50896, 32.66595],
        [76.5062, 32.66621],
        [76.50398, 32.66653],
        [76.50185, 32.66639],
        [76.49983, 32.66529],
        [76.49894, 32.66397],
        [76.49786, 32.66318],
        [76.49737, 32.6628],
        [76.49583, 32.66123],
        [76.4954, 32.6609],
        [76.49517, 32.6609],
        [76.49496, 32.66092],
        [76.4947, 32.661],
        [76.49439, 32.66108],
        [76.49396, 32.6611],
        [76.49357, 32.6611],
        [76.4926, 32.66098],
        [76.49208, 32.66087],
        [76.49075, 32.66046],
        [76.48932, 32.65973],
        [76.48793, 32.65896],
        [76.48608, 32.65829],
        [76.48503, 32.65817],
        [76.48464, 32.65817],
        [76.48421, 32.65819],
        [76.48377, 32.65819],
        [76.48346, 32.65819],
        [76.48307, 32.65819],
        [76.48272, 32.65817],
        [76.48171, 32.65791],
        [76.47934, 32.65772],
        [76.47857, 32.65752],
        [76.47818, 32.65736],
        [76.47777, 32.65716],
        [76.47705, 32.65664],
        [76.47667, 32.65626],
        [76.47631, 32.65613],
        [76.47607, 32.65605],
        [76.47564, 32.65605],
        [76.47512, 32.65608],
        [76.47358, 32.65616],
        [76.47299, 32.65623],
        [76.4724, 32.65621],
        [76.47165, 32.65598],
        [76.46944, 32.65495],
        [76.46747, 32.65377],
        [76.46452, 32.65246],
        [76.46401, 32.65223],
        [76.4638, 32.65218],
        [76.46357, 32.65213],
        [76.46329, 32.65213],
        [76.46298, 32.65215],
        [76.46234, 32.6522],
        [76.46185, 32.65223],
        [76.46103, 32.65243],
        [76.45918, 32.65287],
        [76.45625, 32.65369],
        [76.45231, 32.65516],
        [76.4517, 32.65528],
        [76.45098, 32.65549],
        [76.44958, 32.65563],
        [76.44703, 32.65573],
        [76.44454, 32.65629],
        [76.44189, 32.65719],
        [76.4405, 32.65802],
        [76.43976, 32.65866],
        [76.43958, 32.65889],
        [76.43953, 32.65907],
        [76.4396, 32.65922],
        [76.44022, 32.66036],
        [76.44146, 32.66211],
        [76.443, 32.66393],
        [76.44426, 32.6657],
        [76.44495, 32.66757],
        [76.44542, 32.66905],
        [76.44542, 32.66944],
        [76.44539, 32.66975],
        [76.44537, 32.66995],
        [76.44516, 32.67039],
        [76.4447, 32.67108],
        [76.44403, 32.6726],
        [76.4438, 32.67376],
        [76.44367, 32.67396],
        [76.44352, 32.67398],
        [76.44336, 32.67396],
        [76.44311, 32.67388],
        [76.4428, 32.67381],
        [76.44167, 32.67388],
        [76.44052, 32.6742],
        [76.43862, 32.67497],
        [76.43626, 32.67582],
        [76.43484, 32.67656],
        [76.4341, 32.67702],
        [76.43274, 32.67841],
        [76.43142, 32.68022],
        [76.43016, 32.68202],
        [76.42967, 32.68245],
        [76.42929, 32.68271],
        [76.42867, 32.68304],
        [76.42777, 32.68338],
        [76.42703, 32.68356],
        [76.42618, 32.68387],
        [76.42584, 32.68402],
        [76.42492, 32.68471],
        [76.42307, 32.68681],
        [76.42258, 32.68753],
        [76.42243, 32.68799],
        [76.4224, 32.68835],
        [76.4226, 32.68927],
        [76.42286, 32.68974],
        [76.42317, 32.69015],
        [76.42353, 32.69058],
        [76.42397, 32.69102],
        [76.42497, 32.69171],
        [76.42685, 32.69284],
        [76.42764, 32.69343],
        [76.42819, 32.69431],
        [76.42932, 32.69616],
        [76.42955, 32.69655],
        [76.42962, 32.69686],
        [76.42965, 32.69719],
        [76.42963, 32.69763],
        [76.42957, 32.69788],
        [76.42934, 32.69835],
        [76.42898, 32.69887],
        [76.42813, 32.6999],
        [76.42795, 32.70021],
        [76.4278, 32.70064],
        [76.42767, 32.70108],
        [76.4277, 32.70159],
        [76.42772, 32.70342],
        [76.42785, 32.70522],
        [76.42818, 32.70759],
        [76.42821, 32.70797],
        [76.42816, 32.70818],
        [76.42787, 32.70851],
        [76.42759, 32.70872],
        [76.42579, 32.70995],
        [76.42469, 32.71082],
        [76.4228, 32.71253],
        [76.42203, 32.71343],
        [76.42, 32.715],
        [76.41553, 32.71867],
        [76.41218, 32.72107],
        [76.41066, 32.72199],
        [76.41023, 32.72222],
        [76.40984, 32.72238],
        [76.40899, 32.72258],
        [76.40858, 32.72271],
        [76.40817, 32.72289],
        [76.40784, 32.7231],
        [76.40743, 32.72333],
        [76.40712, 32.72346],
        [76.40642, 32.72371],
        [76.40617, 32.72384],
        [76.40534, 32.72451],
        [76.40334, 32.72551],
        [76.40068, 32.72652],
        [76.39958, 32.72691],
        [76.39935, 32.72716],
        [76.39922, 32.7274],
        [76.39909, 32.72776],
        [76.39855, 32.72907],
        [76.39786, 32.73117],
        [76.3976, 32.73207],
        [76.39745, 32.73274],
        [76.39734, 32.73343],
        [76.39737, 32.73455],
        [76.39739, 32.73506],
        [76.39799, 32.73725],
        [76.39832, 32.73863],
        [76.39829, 32.73915],
        [76.39817, 32.73948],
        [76.39801, 32.73974],
        [76.39781, 32.73992],
        [76.39747, 32.74012],
        [76.39549, 32.74105],
        [76.39423, 32.74168],
        [76.39371, 32.74216],
        [76.39356, 32.74252],
        [76.3934, 32.74293],
        [76.39335, 32.74329],
        [76.39328, 32.74373],
        [76.39317, 32.7444],
        [76.3931, 32.74491],
        [76.39299, 32.7455],
        [76.39294, 32.74599],
        [76.39294, 32.74661],
        [76.39297, 32.7472],
        [76.39299, 32.74766],
        [76.39299, 32.74822],
        [76.39346, 32.74969],
        [76.3934, 32.75042],
        [76.39342, 32.75063],
        [76.3934, 32.7509],
        [76.3928, 32.75219],
        [76.39205, 32.75337],
        [76.39143, 32.75443],
        [76.39037, 32.7562],
        [76.39002, 32.75724],
        [76.38989, 32.75759],
        [76.38966, 32.75792],
        [76.3892, 32.75918],
        [76.38899, 32.76068],
        [76.38897, 32.76095],
        [76.38889, 32.76119],
        [76.38881, 32.76144],
        [76.3887, 32.76167],
        [76.38864, 32.76186],
        [76.3886, 32.76207],
        [76.38858, 32.76229],
        [76.38864, 32.7634],
        [76.38864, 32.76375],
        [76.38858, 32.76414],
        [76.38841, 32.76479],
        [76.3882, 32.76685],
        [76.38791, 32.76762],
        [76.38781, 32.76785],
        [76.3877, 32.76803],
        [76.38716, 32.76849],
        [76.38708, 32.76866],
        [76.38706, 32.76891],
        [76.38691, 32.77024],
        [76.38687, 32.77055],
        [76.3867, 32.77133],
        [76.38654, 32.77158],
        [76.38614, 32.77189],
        [76.38508, 32.77253],
        [76.38479, 32.7727],
        [76.38456, 32.77289],
        [76.38442, 32.77303],
        [76.38433, 32.77316],
        [76.38431, 32.7733],
        [76.38431, 32.77345],
        [76.38433, 32.77407],
        [76.38517, 32.77648],
        [76.38564, 32.77775],
        [76.386, 32.7789],
        [76.386, 32.77998],
        [76.38616, 32.78102],
        [76.38619, 32.78135],
        [76.38618, 32.78162],
        [76.38612, 32.78199],
        [76.38589, 32.7826],
        [76.38535, 32.78357],
        [76.38477, 32.78463],
        [76.38367, 32.78726],
        [76.38325, 32.78819],
        [76.38311, 32.78892],
        [76.38294, 32.79012],
        [76.38273, 32.79077],
        [76.38254, 32.79173],
        [76.38242, 32.792],
        [76.38211, 32.79244],
        [76.38177, 32.79275],
        [76.38107, 32.79312],
        [76.37974, 32.79337],
        [76.37897, 32.79354],
        [76.37841, 32.79373],
        [76.37803, 32.79383],
        [76.37722, 32.79414],
        [76.37672, 32.79435],
        [76.376, 32.79487],
        [76.37546, 32.79549],
        [76.37479, 32.79626],
        [76.37434, 32.79668],
        [76.37353, 32.79709],
        [76.37347, 32.79743],
        [76.37366, 32.79806],
        [76.37485, 32.80069],
        [76.37508, 32.80138],
        [76.37514, 32.80167],
        [76.3752, 32.802],
        [76.37522, 32.80217],
        [76.3752, 32.80229],
        [76.37516, 32.80258],
        [76.37507, 32.80283],
        [76.37483, 32.80333],
        [76.37397, 32.80484],
        [76.37304, 32.80626],
        [76.37246, 32.80707],
        [76.37235, 32.80729],
        [76.37233, 32.8075],
        [76.37233, 32.80762],
        [76.37256, 32.80922],
        [76.37258, 32.81045],
        [76.37254, 32.81089],
        [76.3725, 32.81116],
        [76.37246, 32.81151],
        [76.37246, 32.81165],
        [76.37235, 32.8119],
        [76.37219, 32.81232],
        [76.37196, 32.81297],
        [76.37192, 32.8132],
        [76.372, 32.81349],
        [76.37217, 32.81387],
        [76.37335, 32.81491],
        [76.37418, 32.81561],
        [76.37453, 32.81596],
        [76.37468, 32.81621],
        [76.37483, 32.8165],
        [76.37491, 32.81669],
        [76.37499, 32.81698],
        [76.37503, 32.81723],
        [76.37505, 32.81748],
        [76.37503, 32.81771],
        [76.37495, 32.81889],
        [76.37493, 32.81902],
        [76.37493, 32.81912],
        [76.37495, 32.81927],
        [76.37511, 32.81952],
        [76.37599, 32.82015],
        [76.37792, 32.82142],
        [76.37822, 32.82167],
        [76.37857, 32.82183],
        [76.37979, 32.82212],
        [76.38133, 32.8226],
        [76.38166, 32.82268],
        [76.38239, 32.82275],
        [76.38358, 32.82285],
        [76.3842, 32.82285],
        [76.38445, 32.82289],
        [76.38547, 32.82349],
        [76.38683, 32.82423],
        [76.38714, 32.8244],
        [76.38903, 32.82465],
        [76.39026, 32.82473],
        [76.39061, 32.82479],
        [76.39084, 32.82483],
        [76.39103, 32.82483],
        [76.39124, 32.82489],
        [76.39149, 32.82504],
        [76.39242, 32.82598],
        [76.39321, 32.8268],
        [76.39344, 32.82718],
        [76.39438, 32.82811],
        [76.3961, 32.82955],
        [76.39644, 32.83007],
        [76.39679, 32.83086],
        [76.39824, 32.83238],
        [76.39845, 32.8325],
        [76.39874, 32.83259],
        [76.39906, 32.83263],
        [76.39926, 32.83265],
        [76.39943, 32.83269],
        [76.40076, 32.83375],
        [76.40278, 32.83539],
        [76.4042, 32.83713],
        [76.40538, 32.83839],
        [76.40586, 32.83902],
        [76.40603, 32.83927],
        [76.40646, 32.83949],
        [76.40698, 32.83978],
        [76.40796, 32.83995],
        [76.40941, 32.84028],
        [76.41056, 32.84055],
        [76.41081, 32.84068],
        [76.41114, 32.84093],
        [76.41206, 32.84226],
        [76.41235, 32.84247],
        [76.41289, 32.84274],
        [76.41329, 32.84295],
        [76.41373, 32.84309],
        [76.41451, 32.84324],
        [76.4156, 32.84332],
        [76.41699, 32.84334],
        [76.41796, 32.8433],
        [76.41842, 32.8433],
        [76.41936, 32.84322],
        [76.42079, 32.84299],
        [76.4221, 32.84289],
        [76.4239, 32.84299],
        [76.42523, 32.84328],
        [76.42729, 32.84405],
        [76.42947, 32.84515],
        [76.43184, 32.847],
        [76.43297, 32.84813],
        [76.43368, 32.84892],
        [76.43409, 32.84938],
        [76.43419, 32.84963],
        [76.43434, 32.84979],
        [76.43461, 32.85],
        [76.43536, 32.8504],
        [76.43565, 32.8506],
        [76.43584, 32.85081],
        [76.43609, 32.8511],
        [76.43719, 32.8528],
        [76.43787, 32.8542],
        [76.4385, 32.85541],
        [76.43873, 32.85549],
        [76.43894, 32.85549],
        [76.43917, 32.85531],
        [76.43996, 32.8541],
        [76.4405, 32.85346],
        [76.44079, 32.85319],
        [76.44108, 32.85298],
        [76.44233, 32.85234],
        [76.44389, 32.85173],
        [76.44512, 32.85141],
        [76.44616, 32.85092],
        [76.44703, 32.85065],
        [76.44741, 32.85058],
        [76.44766, 32.85048],
        [76.44807, 32.85025],
        [76.44884, 32.84952],
        [76.45031, 32.84788],
        [76.45159, 32.84613],
        [76.45219, 32.8448],
        [76.45296, 32.84307],
        [76.45379, 32.84175],
        [76.45456, 32.84094],
        [76.45596, 32.83903],
        [76.45697, 32.837],
        [76.4572, 32.83607],
        [76.45735, 32.83552],
        [76.45743, 32.83513],
        [76.45753, 32.83484],
        [76.45785, 32.83442],
        [76.45886, 32.83324],
        [76.45941, 32.83254],
        [76.46018, 32.83103],
        [76.46047, 32.83032],
        [76.4607, 32.82991],
        [76.46097, 32.82966],
        [76.46134, 32.82935],
        [76.46155, 32.82918],
        [76.46176, 32.82887],
        [76.46236, 32.82762],
        [76.46278, 32.8268],
        [76.46305, 32.82626],
        [76.46371, 32.82552],
        [76.46488, 32.82473],
        [76.46841, 32.82205],
        [76.47012, 32.82059],
        [76.47041, 32.82023],
        [76.47039, 32.81984],
        [76.47028, 32.81925],
        [76.46962, 32.81799],
        [76.46848, 32.81602],
        [76.46812, 32.81501],
        [76.46793, 32.81439],
        [76.46785, 32.81416],
        [76.46762, 32.81397],
        [76.46638, 32.81323],
        [76.46623, 32.81304],
        [76.46594, 32.81271],
        [76.46584, 32.81241],
        [76.46579, 32.8119],
        [76.46591, 32.81016],
        [76.46583, 32.80756],
        [76.46585, 32.80704],
        [76.46592, 32.8065],
        [76.466, 32.80609],
        [76.46614, 32.80584],
        [76.46635, 32.80557],
        [76.4666, 32.80532],
        [76.46735, 32.80499],
        [76.46816, 32.80468],
        [76.4714, 32.80424],
        [76.47443, 32.80389],
        [76.47657, 32.80394],
        [76.47707, 32.80396],
        [76.47769, 32.80384],
        [76.47896, 32.80359],
        [76.48251, 32.80262],
        [76.48617, 32.80199],
        [76.48938, 32.80164],
        [76.49115, 32.80168],
        [76.49231, 32.80172],
        [76.49472, 32.80211],
        [76.49678, 32.80267],
        [76.49888, 32.80327],
        [76.49964, 32.80383],
        [76.50021, 32.80386],
        [76.5022, 32.80386],
        [76.50265, 32.80392],
        [76.50309, 32.80402],
        [76.50354, 32.80415],
        [76.50409, 32.80434],
        [76.50463, 32.8045],
        [76.50502, 32.80456],
        [76.50537, 32.80456],
        [76.50575, 32.80453],
        [76.50857, 32.80396],
        [76.50927, 32.80379],
        [76.50998, 32.8036],
        [76.51017, 32.80357],
        [76.51039, 32.80351],
        [76.51068, 32.80344],
        [76.51206, 32.80523],
        [76.51267, 32.80587],
        [76.51299, 32.80619],
        [76.51325, 32.80639],
        [76.51344, 32.80655],
        [76.51366, 32.80664],
        [76.5144, 32.80674],
        [76.51661, 32.8068],
        [76.51835, 32.80671],
        [76.51967, 32.80649],
        [76.51992, 32.80649],
        [76.52012, 32.80649],
        [76.52037, 32.80655],
        [76.52469, 32.80911],
        [76.52652, 32.80995],
        [76.52684, 32.81027],
        [76.52703, 32.81059],
        [76.52783, 32.8118],
        [76.52819, 32.81212],
        [76.52857, 32.81235],
        [76.52895, 32.81251],
        [76.52937, 32.8127],
        [76.52985, 32.8128],
        [76.5303, 32.81279],
        [76.53062, 32.8128],
        [76.531, 32.81289],
        [76.53193, 32.81388],
        [76.53212, 32.81398],
        [76.53235, 32.81404],
        [76.53305, 32.81404],
        [76.53344, 32.81401],
        [76.53385, 32.81404],
        [76.53478, 32.81455],
        [76.53778, 32.81563],
        [76.53995, 32.81595],
        [76.54072, 32.81607],
        [76.54152, 32.81607],
        [76.54271, 32.81591],
        [76.54389, 32.81575],
        [76.54511, 32.8155],
        [76.54607, 32.8155],
        [76.54751, 32.81563],
        [76.54828, 32.81582],
        [76.54905, 32.81614],
        [76.54947, 32.81652],
        [76.55183, 32.81828],
        [76.55345, 32.81948],
        [76.55906, 32.82172],
        [76.56152, 32.82239],
        [76.56508, 32.82319],
        [76.56591, 32.82354],
        [76.56652, 32.82357],
        [76.5677, 32.82364],
        [76.56841, 32.82363],
        [76.56927, 32.82348],
        [76.56956, 32.82338],
        [76.56995, 32.82335],
        [76.5703, 32.82335],
        [76.57155, 32.82364],
        [76.57253, 32.8239],
        [76.57288, 32.82415],
        [76.5741, 32.82575],
        [76.57647, 32.82761],
        [76.57714, 32.8286],
        [76.57887, 32.83097],
        [76.57941, 32.83142],
        [76.57976, 32.83177],
        [76.58012, 32.83209],
        [76.58256, 32.83566],
        [76.58509, 32.8396],
        [76.58554, 32.84075],
        [76.58576, 32.84101],
        [76.58608, 32.84127],
        [76.58672, 32.84159],
        [76.58736, 32.84197],
        [76.5879, 32.84226],
        [76.58842, 32.84245],
        [76.5888, 32.84254],
        [76.58957, 32.84258],
        [76.59018, 32.84261],
        [76.59178, 32.84223],
        [76.59242, 32.84216],
        [76.59316, 32.84203],
        [76.59364, 32.84197],
        [76.59396, 32.84194],
        [76.59415, 32.84194],
        [76.59434, 32.84197],
        [76.59466, 32.84203],
        [76.59514, 32.84226],
        [76.59665, 32.8429],
        [76.59802, 32.84358],
        [76.59898, 32.84419],
        [76.60128, 32.8464],
        [76.6034, 32.84906],
        [76.60468, 32.85034],
        [76.60545, 32.85117],
        [76.60576, 32.85142],
        [76.60592, 32.85149],
        [76.60615, 32.85146],
        [76.60628, 32.85117],
        [76.60721, 32.84966],
        [76.60788, 32.8489],
        [76.60839, 32.84845],
        [76.60884, 32.84822],
        [76.61012, 32.84794],
        [76.61166, 32.84762],
        [76.61243, 32.84749],
        [76.61268, 32.84752],
        [76.61316, 32.84755],
        [76.61352, 32.84758],
        [76.61403, 32.84771],
        [76.61491, 32.84791],
        [76.61927, 32.84986],
        [76.61997, 32.85006],
        [76.62042, 32.85009],
        [76.62116, 32.85005],
        [76.62276, 32.84986],
        [76.62407, 32.8498],
        [76.62638, 32.85012],
        [76.62801, 32.85021],
        [76.62897, 32.85053],
        [76.63167, 32.8515],
        [76.63442, 32.8522],
        [76.63554, 32.85259],
        [76.63663, 32.85271],
        [76.63868, 32.85294],
        [76.63945, 32.85313],
        [76.64112, 32.85396],
        [76.64153, 32.85396],
        [76.64266, 32.85339],
        [76.64416, 32.853],
        [76.64493, 32.85288],
        [76.64534, 32.85272],
        [76.64563, 32.85246],
        [76.64595, 32.85204],
        [76.64643, 32.85076],
        [76.64691, 32.84971],
        [76.64765, 32.84824],
        [76.64775, 32.84788],
        [76.64791, 32.84763],
        [76.64836, 32.8474],
        [76.64927, 32.84711],
        [76.64975, 32.84682],
        [76.6501, 32.84637],
        [76.6509, 32.84464],
        [76.65125, 32.8441],
        [76.65189, 32.84355],
        [76.65343, 32.84292],
        [76.65423, 32.84279],
        [76.65522, 32.84291],
        [76.65702, 32.84343],
        [76.66073, 32.84509],
        [76.66418, 32.84628],
        [76.66558, 32.8465],
        [76.66622, 32.84669],
        [76.6668, 32.84679],
        [76.66747, 32.84676],
        [76.66799, 32.84666],
        [76.66875, 32.84653],
        [76.66936, 32.84628],
        [76.67013, 32.84602],
        [76.67058, 32.84589],
        [76.671, 32.84586],
        [76.67173, 32.84605],
        [76.67362, 32.84634],
        [76.67478, 32.84657],
        [76.67541, 32.84692],
        [76.67586, 32.84717],
        [76.67618, 32.84743],
        [76.6767, 32.84791],
        [76.67734, 32.84868],
        [76.67775, 32.84916],
        [76.67795, 32.84941],
        [76.67811, 32.84967],
        [76.67839, 32.84999],
        [76.67887, 32.85044],
        [76.68003, 32.85146],
        [76.68076, 32.85252],
        [76.68261, 32.8557],
        [76.68334, 32.85682],
        [76.68402, 32.85768],
        [76.68453, 32.85865],
        [76.68475, 32.85909],
        [76.68495, 32.85983],
        [76.68504, 32.86012],
        [76.68523, 32.8604],
        [76.68542, 32.86063],
        [76.68626, 32.86229],
        [76.68655, 32.86265],
        [76.68748, 32.86317],
        [76.68969, 32.86458],
        [76.69052, 32.86541],
        [76.69081, 32.86598],
        [76.69087, 32.86765],
        [76.6912, 32.86984],
        [76.69193, 32.87211],
        [76.69212, 32.87272],
        [76.69225, 32.87291],
        [76.69251, 32.87317],
        [76.69411, 32.87445],
        [76.69603, 32.87614],
        [76.69706, 32.8771],
        [76.69767, 32.8785],
        [76.69819, 32.87978],
        [76.69879, 32.88071],
        [76.69972, 32.88134],
        [76.70148, 32.88208],
        [76.70446, 32.88326],
        [76.70613, 32.8841],
        [76.70635, 32.88429],
        [76.70635, 32.88461],
        [76.70616, 32.88554],
        [76.70613, 32.88739],
        [76.70677, 32.89003],
        [76.70668, 32.8908],
        [76.70655, 32.89253],
        [76.70648, 32.8932],
        [76.70645, 32.89372],
        [76.70642, 32.89413],
        [76.70642, 32.89445],
        [76.70636, 32.89477],
        [76.70632, 32.89503],
        [76.70632, 32.89535],
        [76.70642, 32.89564],
        [76.70661, 32.89589],
        [76.70716, 32.89727],
        [76.70725, 32.89765],
        [76.70732, 32.89791],
        [76.70757, 32.89823],
        [76.70831, 32.89935],
        [76.70883, 32.90036],
        [76.70934, 32.90222],
        [76.70995, 32.90391],
        [76.71008, 32.90433],
        [76.71021, 32.90481],
        [76.71021, 32.90526],
        [76.71014, 32.90612],
        [76.71005, 32.90673],
        [76.70992, 32.90715],
        [76.70979, 32.90775],
        [76.70966, 32.90817],
        [76.70947, 32.90859],
        [76.70931, 32.90891],
        [76.70915, 32.90919],
        [76.70912, 32.90945],
        [76.70918, 32.90977],
        [76.70928, 32.91012],
        [76.7096, 32.91124],
        [76.71053, 32.91383],
        [76.71091, 32.9153],
        [76.71149, 32.9168],
        [76.71181, 32.91735],
        [76.712, 32.91773],
        [76.71213, 32.91799],
        [76.71226, 32.91808],
        [76.71428, 32.91872],
        [76.71601, 32.91901],
        [76.717, 32.91911],
        [76.71754, 32.91927],
        [76.7185, 32.91949],
        [76.71914, 32.91975],
        [76.71959, 32.91994],
        [76.71985, 32.92013],
        [76.72007, 32.92039],
        [76.7203, 32.92058],
        [76.72039, 32.9208],
        [76.72081, 32.92295],
        [76.72126, 32.92468],
        [76.72148, 32.92516],
        [76.72167, 32.92544],
        [76.72216, 32.9261],
        [76.72408, 32.92802],
        [76.72472, 32.9285],
        [76.72527, 32.92883],
        [76.72745, 32.92975],
        [76.72863, 32.93004],
        [76.72927, 32.93014],
        [76.72975, 32.93014],
        [76.73065, 32.93007],
        [76.73132, 32.92998],
        [76.73196, 32.92975],
        [76.73238, 32.92966],
        [76.7327, 32.92946],
        [76.73311, 32.92921],
        [76.73347, 32.92905],
        [76.73379, 32.92886],
        [76.73401, 32.92879],
        [76.73462, 32.92857],
        [76.73645, 32.92831],
        [76.73986, 32.92799],
        [76.74146, 32.92761],
        [76.74261, 32.92719],
        [76.74402, 32.92642],
        [76.74687, 32.92527],
        [76.74879, 32.92473],
        [76.75, 32.92452],
        [76.75044, 32.92447],
        [76.75116, 32.92452],
        [76.75168, 32.9246],
        [76.75233, 32.92472],
        [76.75263, 32.92482],
        [76.7531, 32.92489],
        [76.75342, 32.92494],
        [76.75377, 32.92497],
        [76.75409, 32.92497],
        [76.75437, 32.92497],
        [76.75457, 32.92497],
        [76.75476, 32.92499],
        [76.75576, 32.92586],
        [76.75703, 32.92676],
        [76.75939, 32.92848],
        [76.76133, 32.92972],
        [76.76264, 32.93051],
        [76.76297, 32.93103],
        [76.76336, 32.932],
        [76.76359, 32.93242],
        [76.76376, 32.93257],
        [76.76406, 32.93289],
        [76.76448, 32.93337],
        [76.76617, 32.93438],
        [76.76802, 32.93532],
        [76.76851, 32.93569],
        [76.76859, 32.93589],
        [76.76859, 32.93611],
        [76.76829, 32.93728],
        [76.76819, 32.93772],
        [76.76814, 32.9379],
        [76.76807, 32.93834],
        [76.76809, 32.93859],
        [76.76814, 32.9403],
        [76.76849, 32.94194],
        [76.76871, 32.94266],
        [76.76874, 32.94283],
        [76.76879, 32.94298],
        [76.76884, 32.94308],
        [76.76894, 32.94326],
        [76.76908, 32.94336],
        [76.7701, 32.9439],
        [76.77102, 32.94415],
        [76.77274, 32.94553],
        [76.77398, 32.94655],
        [76.77508, 32.94709],
        [76.77793, 32.9497],
        [76.7798, 32.95143],
        [76.78035, 32.95212],
        [76.7805, 32.95242],
        [76.78065, 32.95277],
        [76.78075, 32.95309],
        [76.78082, 32.95339],
        [76.78087, 32.95383],
        [76.78072, 32.95639],
        [76.7807, 32.95679],
        [76.78082, 32.95723],
        [76.78092, 32.95751],
        [76.78097, 32.95773],
        [76.78099, 32.95795],
        [76.78092, 32.95805],
        [76.7805, 32.9585],
        [76.77938, 32.95929],
        [76.77829, 32.96004],
        [76.77796, 32.96029],
        [76.77794, 32.96039],
        [76.77779, 32.96095],
        [76.77799, 32.96348],
        [76.77806, 32.96368],
        [76.77903, 32.96452],
        [76.77985, 32.96566],
        [76.78079, 32.9672],
        [76.78106, 32.96765],
        [76.78124, 32.968],
        [76.78136, 32.96832],
        [76.78141, 32.96859],
        [76.78151, 32.96909],
        [76.78134, 32.96924],
        [76.7796, 32.97001],
        [76.77731, 32.97191],
        [76.77716, 32.97221],
        [76.77714, 32.97245],
        [76.77714, 32.97424],
        [76.77711, 32.97451],
        [76.77706, 32.97471],
        [76.77697, 32.97509],
        [76.77677, 32.97548],
        [76.77597, 32.97667],
        [76.77466, 32.97794],
        [76.77458, 32.97811],
        [76.77463, 32.97834],
        [76.77485, 32.97913],
        [76.77483, 32.97955],
        [76.77488, 32.9806],
        [76.7749, 32.98085],
        [76.775, 32.98118],
        [76.77508, 32.98155],
        [76.77518, 32.98165],
        [76.77537, 32.98192],
        [76.77542, 32.98219],
        [76.77537, 32.98237],
        [76.77525, 32.98254],
        [76.77438, 32.98274],
        [76.77125, 32.98391],
        [76.76936, 32.98456],
        [76.76926, 32.98473],
        [76.76899, 32.9852],
        [76.76891, 32.98553],
        [76.76874, 32.98605],
        [76.76869, 32.98637],
        [76.76861, 32.98667],
        [76.76856, 32.98692],
        [76.76849, 32.98707],
        [76.76836, 32.98722],
        [76.76648, 32.9887],
        [76.76576, 32.98932],
        [76.76571, 32.98945],
        [76.76563, 32.98965],
        [76.76563, 32.99068],
        [76.76533, 32.99234],
        [76.76516, 32.99303],
        [76.76536, 32.99492],
        [76.76561, 32.99654],
        [76.76585, 32.99811],
        [76.7661, 32.999],
        [76.76642, 32.99967],
        [76.77243, 33.00034],
        [76.7735, 33.00214],
        [76.77201, 33.00963],
        [76.7745, 33.01448],
        [76.76769, 33.0176],
        [76.76144, 33.01803],
        [76.75558, 33.02536],
        [76.75644, 33.03669],
        [76.75304, 33.03851],
        [76.75437, 33.04433],
        [76.74469, 33.05324],
        [76.74263, 33.06382],
        [76.73632, 33.0751],
        [76.73473, 33.08275],
        [76.73612, 33.08954],
        [76.73457, 33.09667],
        [76.73675, 33.10628],
        [76.73995, 33.11465],
        [76.73962, 33.12062],
        [76.74454, 33.12543],
        [76.74654, 33.13022],
        [76.7477, 33.13978],
        [76.74708, 33.14846],
        [76.74322, 33.15425],
        [76.7455, 33.1584],
        [76.74657, 33.17834],
        [76.74686, 33.17834],
        [76.74695, 33.1785],
        [76.74692, 33.17882],
        [76.74686, 33.18087],
        [76.74683, 33.18298],
        [76.74727, 33.18433],
        [76.74806, 33.18623],
        [76.74878, 33.18705],
        [76.74915, 33.18724],
        [76.75001, 33.18781],
        [76.75038, 33.18836],
        [76.75027, 33.18975],
        [76.75017, 33.19178],
        [76.75055, 33.19201],
        [76.7512, 33.19237],
        [76.75331, 33.19331],
        [76.7556, 33.19423],
        [76.75638, 33.19459],
        [76.75719, 33.195],
        [76.7582, 33.19594],
        [76.75892, 33.19716],
        [76.75994, 33.19887],
        [76.76049, 33.19977],
        [76.76089, 33.20099],
        [76.76127, 33.20162],
        [76.76205, 33.20264],
        [76.76294, 33.20359],
        [76.76382, 33.20555],
        [76.76429, 33.2065],
        [76.76502, 33.20671],
        [76.76558, 33.20706],
        [76.76622, 33.20783],
        [76.76646, 33.2085],
        [76.7666, 33.21019],
        [76.76687, 33.21099],
        [76.76795, 33.21121],
        [76.76924, 33.21156],
        [76.77003, 33.21194],
        [76.77071, 33.21255],
        [76.77116, 33.21312],
        [76.77127, 33.21386],
        [76.77126, 33.21434],
        [76.77105, 33.21502],
        [76.77077, 33.21553],
        [76.77081, 33.21628],
        [76.77125, 33.21746],
        [76.77196, 33.21882],
        [76.77331, 33.22023],
        [76.77397, 33.22056],
        [76.77463, 33.22057],
        [76.77584, 33.22049],
        [76.77611, 33.22068],
        [76.77624, 33.22125],
        [76.77616, 33.22292],
        [76.77638, 33.22402],
        [76.77711, 33.22497],
        [76.77743, 33.22565],
        [76.77733, 33.2265],
        [76.77697, 33.22803],
        [76.77711, 33.22962],
        [76.77749, 33.23104],
        [76.77882, 33.23406],
        [76.77952, 33.23587],
        [76.77972, 33.23709],
        [76.7795, 33.23823],
        [76.77926, 33.23912],
        [76.77888, 33.23971],
        [76.77801, 33.24012],
        [76.77665, 33.24045],
        [76.77387, 33.24155],
        [76.77333, 33.2423],
        [76.77312, 33.2433],
        [76.77296, 33.24462],
        [76.77228, 33.24676],
        [76.77192, 33.24749],
        [76.77192, 33.24778],
        [76.77202, 33.24833],
        [76.77202, 33.24888],
        [76.77141, 33.24926],
        [76.77141, 33.24934],
        [76.7714, 33.24941],
        [76.77123, 33.24963]
      ]
    ]
  }
}
