{
  "type": "Feature",
  "id": "HP-AC-8",
  "properties": {
    "stateName": "HIMACHAL PRADESH",
    "stateCode": "HP",
    "districtName": "KANGRA",
    "acNo": 8,
    "acName": "FATEHPUR",
    "seatType": null,
    "pcNo": null,
    "pcName": null,
    "quality": "unverified",
    "sources": [
      "TBD"
    ]
  },
  "geometry": {
    "type": "Polygon",
    "coordinates": [
      [
        [75.92744, 32.23858],
        [75.92974, 32.23648],
        [75.93079, 32.23707],
        [75.93134, 32.23764],
        [75.93147, 32.23783],
        [75.93164, 32.23801],
        [75.9317, 32.23806],
        [75.93187, 32.23813],
        [75.93208, 32.23817],
        [75.93238, 32.23826],
        [75.93257, 32.23829],
        [75.93288, 32.23842],
        [75.93297, 32.23844],
        [75.93331, 32.23842],
        [75.93338, 32.23839],
        [75.93358, 32.23835],
        [75.93387, 32.23823],
        [75.93418, 32.23804],
        [75.93435, 32.23797],
        [75.93456, 32.23796],
        [75.93483, 32.23799],
        [75.93506, 32.23801],
        [75.93518, 32.238],
        [75.9353, 32.23801],
        [75.9353, 32.23765],
        [75.93542, 32.23724],
        [75.93551, 32.23705],
        [75.93558, 32.23681],
        [75.9356, 32.2366],
        [75.93565, 32.2364],
        [75.93563, 32.23637],
        [75.93563, 32.23635],
        [75.93571, 32.23627],
        [75.93574, 32.23625],
        [75.93586, 32.23612],
        [75.936, 32.236],
        [75.93609, 32.23587],
        [75.93617, 32.2358],
        [75.93626, 32.23575],
        [75.9364, 32.23567],
        [75.93655, 32.23554],
        [75.93661, 32.2355],
        [75.93668, 32.23541],
        [75.93672, 32.23536],
        [75.93699, 32.23511],
        [75.9371, 32.23501],
        [75.93712, 32.23494],
        [75.93718, 32.23488],
        [75.93733, 32.2347],
        [75.93738, 32.23463],
        [75.93763, 32.23454],
        [75.9377, 32.23447],
        [75.93773, 32.23445],
        [75.93814, 32.23402],
        [75.93818, 32.234],
        [75.93838, 32.23378],
        [75.93847, 32.23372],
        [75.93867, 32.23363],
        [75.93887, 32.23348],
        [75.93928, 32.2333],
        [75.93935, 32.23328],
        [75.93981, 32.23311],
        [75.94015, 32.23297],
        [75.94036, 32.2329],
        [75.94067, 32.23277],
        [75.94118, 32.23252],
        [75.94174, 32.23234],
        [75.94215, 32.23226],
        [75.94234, 32.2322],
        [75.94279, 32.23196],
        [75.94295, 32.23191],
        [75.94299, 32.23187],
        [75.94312, 32.23182],
        [75.94346, 32.23155],
        [75.94347, 32.23152],
        [75.94351, 32.23147],
        [75.94357, 32.23131],
        [75.94359, 32.23123],
        [75.94353, 32.23085],
        [75.94352, 32.23084],
        [75.94342, 32.23062],
        [75.94325, 32.23034],
        [75.94316, 32.23006],
        [75.94312, 32.22984],
        [75.9431, 32.22978],
        [75.94309, 32.22975],
        [75.94314, 32.22961],
        [75.94323, 32.22944],
        [75.94338, 32.2293],
        [75.9436, 32.22913],
        [75.94449, 32.2287],
        [75.94468, 32.22865],
        [75.94481, 32.22862],
        [75.94514, 32.22857],
        [75.94521, 32.22857],
        [75.94533, 32.22857],
        [75.94535, 32.22857],
        [75.9461, 32.22861],
        [75.94626, 32.22859],
        [75.94648, 32.22852],
        [75.94621, 32.2276],
        [75.94616, 32.22742],
        [75.94553, 32.22638],
        [75.94552, 32.22637],
        [75.94534, 32.2262],
        [75.94514, 32.22601],
        [75.94509, 32.22596],
        [75.94472, 32.22511],
        [75.94454, 32.22468],
        [75.94454, 32.2244],
        [75.94454, 32.22395],
        [75.94454, 32.22383],
        [75.94458, 32.2235],
        [75.94459, 32.22344],
        [75.94459, 32.22337],
        [75.94471, 32.22227],
        [75.94475, 32.22197],
        [75.94478, 32.22166],
        [75.94485, 32.22104],
        [75.94481, 32.22071],
        [75.9447, 32.22036],
        [75.94462, 32.22006],
        [75.94453, 32.21995],
        [75.94443, 32.21962],
        [75.94438, 32.21864],
        [75.9445, 32.21694],
        [75.94458, 32.21678],
        [75.94544, 32.2151],
        [75.94653, 32.21295],
        [75.94438, 32.21102],
        [75.94321, 32.20949],
        [75.94283, 32.2085],
        [75.94177, 32.20677],
        [75.94116, 32.20405],
        [75.94004, 32.20178],
        [75.93833, 32.19989],
        [75.93695, 32.19842],
        [75.93693, 32.19841],
        [75.93667, 32.19828],
        [75.93659, 32.19833],
        [75.93629, 32.19851],
        [75.93578, 32.19892],
        [75.93538, 32.1994],
        [75.93497, 32.2001],
        [75.93447, 32.20094],
        [75.93371, 32.20176],
        [75.93346, 32.20201],
        [75.93288, 32.20262],
        [75.93193, 32.20356],
        [75.93155, 32.20393],
        [75.93112, 32.20433],
        [75.93054, 32.20478],
        [75.93018, 32.20519],
        [75.93009, 32.20531],
        [75.93007, 32.20532],
        [75.92979, 32.20559],
        [75.9295, 32.20606],
        [75.92945, 32.20613],
        [75.92899, 32.20684],
        [75.92857, 32.20724],
        [75.92818, 32.20735],
        [75.92794, 32.20705],
        [75.92802, 32.20698],
        [75.9281, 32.2069],
        [75.92819, 32.20676],
        [75.92828, 32.20654],
        [75.92833, 32.20639],
        [75.92837, 32.20622],
        [75.92837, 32.20603],
        [75.92835, 32.20582],
        [75.92834, 32.20566],
        [75.92835, 32.20558],
        [75.92843, 32.20539],
        [75.92849, 32.20533],
        [75.9285, 32.2053],
        [75.92854, 32.20529],
        [75.92857, 32.20527],
        [75.92884, 32.20513],
        [75.92888, 32.20509],
        [75.92893, 32.205],
        [75.92894, 32.20494],
        [75.92895, 32.20481],
        [75.92892, 32.20467],
        [75.9289, 32.20465],
        [75.9288, 32.20455],
        [75.92873, 32.2045],
        [75.92861, 32.20446],
        [75.92848, 32.20445],
        [75.92786, 32.20455],
        [75.92771, 32.20455],
        [75.9276, 32.20452],
        [75.92733, 32.20436],
        [75.92725, 32.2043],
        [75.92707, 32.20411],
        [75.92698, 32.20404],
        [75.92669, 32.20387],
        [75.92631, 32.2037],
        [75.9256, 32.20334],
        [75.92553, 32.20328],
        [75.92534, 32.20314],
        [75.92526, 32.20305],
        [75.92517, 32.20292],
        [75.92516, 32.20288],
        [75.92513, 32.20285],
        [75.92511, 32.20276],
        [75.92511, 32.20263],
        [75.92513, 32.20257],
        [75.92517, 32.20246],
        [75.92523, 32.20238],
        [75.92525, 32.20237],
        [75.92526, 32.20235],
        [75.92528, 32.20231],
        [75.92535, 32.20225],
        [75.92544, 32.20212],
        [75.92549, 32.20201],
        [75.92554, 32.20185],
        [75.92554, 32.2017],
        [75.92551, 32.20165],
        [75.92548, 32.20162],
        [75.92536, 32.20154],
        [75.92523, 32.20147],
        [75.92512, 32.2014],
        [75.92503, 32.20132],
        [75.92499, 32.20127],
        [75.92491, 32.20112],
        [75.92489, 32.20102],
        [75.9249, 32.20094],
        [75.92491, 32.20082],
        [75.92493, 32.20078],
        [75.92495, 32.20076],
        [75.92508, 32.20069],
        [75.92516, 32.20067],
        [75.92526, 32.20064],
        [75.92546, 32.20053],
        [75.92556, 32.20047],
        [75.92559, 32.20045],
        [75.92562, 32.20036],
        [75.92568, 32.20029],
        [75.92578, 32.20012],
        [75.92584, 32.20001],
        [75.92586, 32.19989],
        [75.92586, 32.19977],
        [75.92585, 32.19974],
        [75.92582, 32.19971],
        [75.92581, 32.19968],
        [75.92569, 32.19962],
        [75.92558, 32.19958],
        [75.92551, 32.19953],
        [75.92544, 32.19948],
        [75.92542, 32.19945],
        [75.92542, 32.19943],
        [75.92545, 32.19939],
        [75.92556, 32.19931],
        [75.92569, 32.19927],
        [75.92591, 32.1992],
        [75.92596, 32.19916],
        [75.92598, 32.19908],
        [75.92599, 32.199],
        [75.92586, 32.19867],
        [75.92583, 32.19857],
        [75.92584, 32.19846],
        [75.92589, 32.19834],
        [75.92606, 32.19821],
        [75.92616, 32.19815],
        [75.92629, 32.1981],
        [75.92642, 32.19808],
        [75.92691, 32.19807],
        [75.927, 32.19805],
        [75.92703, 32.19801],
        [75.92706, 32.198],
        [75.92708, 32.19797],
        [75.92714, 32.19782],
        [75.92716, 32.19775],
        [75.92723, 32.19758],
        [75.92732, 32.19744],
        [75.92748, 32.19732],
        [75.92772, 32.19716],
        [75.9278, 32.19709],
        [75.92787, 32.197],
        [75.92789, 32.19696],
        [75.92788, 32.19689],
        [75.92784, 32.19676],
        [75.92779, 32.19666],
        [75.92757, 32.19636],
        [75.92745, 32.19623],
        [75.92734, 32.19606],
        [75.92725, 32.19583],
        [75.92723, 32.19569],
        [75.92724, 32.19539],
        [75.92726, 32.19534],
        [75.92731, 32.19523],
        [75.92734, 32.19515],
        [75.92735, 32.19509],
        [75.92735, 32.19487],
        [75.92731, 32.19473],
        [75.92731, 32.19465],
        [75.92734, 32.19454],
        [75.92736, 32.19452],
        [75.92738, 32.19451],
        [75.92759, 32.19445],
        [75.92776, 32.19439],
        [75.9278, 32.19436],
        [75.92783, 32.19431],
        [75.92784, 32.19425],
        [75.92782, 32.19414],
        [75.92779, 32.19405],
        [75.92774, 32.19398],
        [75.9277, 32.1939],
        [75.9277, 32.19378],
        [75.9277, 32.19366],
        [75.92773, 32.19364],
        [75.92775, 32.1936],
        [75.92778, 32.19358],
        [75.92785, 32.19357],
        [75.92794, 32.19357],
        [75.9281, 32.19361],
        [75.92817, 32.19365],
        [75.92819, 32.19367],
        [75.92827, 32.19368],
        [75.92837, 32.19368],
        [75.9284, 32.19367],
        [75.92844, 32.19363],
        [75.92851, 32.1936],
        [75.92877, 32.19322],
        [75.92885, 32.19312],
        [75.9291, 32.19287],
        [75.92918, 32.19275],
        [75.92922, 32.19267],
        [75.92923, 32.19254],
        [75.92921, 32.19243],
        [75.92918, 32.19233],
        [75.92915, 32.19227],
        [75.92905, 32.19215],
        [75.92899, 32.19208],
        [75.92885, 32.19189],
        [75.92884, 32.19181],
        [75.92883, 32.1917],
        [75.9289, 32.19162],
        [75.92893, 32.19162],
        [75.92894, 32.19162],
        [75.92899, 32.19158],
        [75.92916, 32.19154],
        [75.92922, 32.1915],
        [75.92929, 32.1914],
        [75.92932, 32.19133],
        [75.92932, 32.19131],
        [75.9293, 32.19125],
        [75.92917, 32.19114],
        [75.92906, 32.19107],
        [75.92884, 32.19099],
        [75.92866, 32.19088],
        [75.92861, 32.19085],
        [75.92858, 32.19079],
        [75.92855, 32.19075],
        [75.92855, 32.19071],
        [75.92859, 32.19068],
        [75.9287, 32.19063],
        [75.92895, 32.19056],
        [75.92907, 32.19053],
        [75.92918, 32.1905],
        [75.92925, 32.19046],
        [75.92927, 32.19043],
        [75.92934, 32.19038],
        [75.92944, 32.19034],
        [75.92949, 32.19031],
        [75.92951, 32.19028],
        [75.92947, 32.19024],
        [75.92943, 32.19023],
        [75.92932, 32.19023],
        [75.92867, 32.19029],
        [75.92859, 32.19029],
        [75.92844, 32.19027],
        [75.92838, 32.19025],
        [75.92832, 32.19022],
        [75.92825, 32.19016],
        [75.92822, 32.19011],
        [75.92814, 32.18994],
        [75.92809, 32.18972],
        [75.92805, 32.18963],
        [75.92797, 32.18955],
        [75.92784, 32.18949],
        [75.92773, 32.18947],
        [75.92748, 32.18944],
        [75.9274, 32.18941],
        [75.9273, 32.18934],
        [75.92724, 32.18925],
        [75.92724, 32.1892],
        [75.92725, 32.18915],
        [75.92734, 32.18905],
        [75.92748, 32.18881],
        [75.92751, 32.18873],
        [75.92752, 32.18867],
        [75.92751, 32.18861],
        [75.92747, 32.18856],
        [75.92745, 32.18852],
        [75.92744, 32.18844],
        [75.92744, 32.18838],
        [75.92744, 32.18837],
        [75.9273, 32.18813],
        [75.92784, 32.18729],
        [75.92814, 32.1864],
        [75.92813, 32.18593],
        [75.92781, 32.18547],
        [75.92756, 32.18522],
        [75.92792, 32.185],
        [75.92839, 32.18479],
        [75.92887, 32.18393],
        [75.9289, 32.18341],
        [75.92919, 32.18242],
        [75.92948, 32.18146],
        [75.92991, 32.18094],
        [75.9301, 32.18038],
        [75.93054, 32.17958],
        [75.93054, 32.17883],
        [75.93076, 32.17818],
        [75.93126, 32.17751],
        [75.93285, 32.17696],
        [75.93381, 32.1759],
        [75.93492, 32.17415],
        [75.9362, 32.17257],
        [75.9366, 32.17208],
        [75.93845, 32.17005],
        [75.94002, 32.16789],
        [75.94042, 32.16713],
        [75.94114, 32.16595],
        [75.94288, 32.16423],
        [75.9436, 32.16352],
        [75.94436, 32.16242],
        [75.9445, 32.1616],
        [75.94451, 32.16156],
        [75.94559, 32.16008],
        [75.94646, 32.15957],
        [75.94705, 32.15959],
        [75.94795, 32.15925],
        [75.94952, 32.15854],
        [75.95151, 32.15792],
        [75.95369, 32.15736],
        [75.95532, 32.15662],
        [75.957, 32.15542],
        [75.95746, 32.15468],
        [75.95862, 32.15403],
        [75.96026, 32.15328],
        [75.96158, 32.15258],
        [75.96252, 32.15205],
        [75.96375, 32.15143],
        [75.96535, 32.15045],
        [75.96608, 32.14983],
        [75.96691, 32.14869],
        [75.96695, 32.14767],
        [75.96724, 32.14652],
        [75.96709, 32.14556],
        [75.96665, 32.1448],
        [75.96604, 32.14378],
        [75.96549, 32.14295],
        [75.96548, 32.14212],
        [75.96518, 32.14076],
        [75.96508, 32.13947],
        [75.96523, 32.13835],
        [75.96602, 32.13714],
        [75.96682, 32.13591],
        [75.9674, 32.13466],
        [75.96752, 32.13399],
        [75.96692, 32.13269],
        [75.96645, 32.13199],
        [75.9658, 32.13096],
        [75.96518, 32.13025],
        [75.96471, 32.12971],
        [75.96439, 32.12931],
        [75.96408, 32.12891],
        [75.96386, 32.12808],
        [75.96345, 32.12668],
        [75.96362, 32.12588],
        [75.96362, 32.12483],
        [75.96385, 32.12435],
        [75.96368, 32.12433],
        [75.96325, 32.1235],
        [75.96307, 32.12276],
        [75.96355, 32.12177],
        [75.96411, 32.12035],
        [75.96448, 32.11773],
        [75.96492, 32.11667],
        [75.96524, 32.11639],
        [75.9647, 32.11597],
        [75.96426, 32.11556],
        [75.96425, 32.1155],
        [75.96421, 32.11524],
        [75.96459, 32.115],
        [75.9654, 32.11491],
        [75.96579, 32.11426],
        [75.96574, 32.11333],
        [75.96605, 32.11296],
        [75.96681, 32.11259],
        [75.9672, 32.11231],
        [75.96711, 32.11182],
        [75.9665, 32.11154],
        [75.96591, 32.11132],
        [75.96541, 32.11126],
        [75.96541, 32.1108],
        [75.96552, 32.11052],
        [75.96617, 32.11033],
        [75.96682, 32.11015],
        [75.96704, 32.10978],
        [75.96682, 32.10904],
        [75.96661, 32.10802],
        [75.96649, 32.10755],
        [75.96591, 32.10668],
        [75.9628, 32.1048],
        [75.96231, 32.1043],
        [75.96231, 32.1041],
        [75.96231, 32.10389],
        [75.96236, 32.10324],
        [75.9629, 32.103],
        [75.9641, 32.10278],
        [75.96513, 32.10277],
        [75.96595, 32.10277],
        [75.96676, 32.1024],
        [75.9672, 32.10198],
        [75.96748, 32.10166],
        [75.96774, 32.10101],
        [75.96763, 32.10014],
        [75.96719, 32.09926],
        [75.96638, 32.09865],
        [75.96578, 32.09791],
        [75.96573, 32.09694],
        [75.96632, 32.09568],
        [75.96664, 32.09484],
        [75.96718, 32.09434],
        [75.96746, 32.09377],
        [75.9674, 32.09345],
        [75.96686, 32.09341],
        [75.96631, 32.09345],
        [75.9655, 32.09354],
        [75.96457, 32.09359],
        [75.96409, 32.09336],
        [75.96387, 32.09299],
        [75.96387, 32.09225],
        [75.96451, 32.09206],
        [75.96559, 32.09197],
        [75.96653, 32.09178],
        [75.96685, 32.09169],
        [75.96685, 32.0915],
        [75.96682, 32.09132],
        [75.96667, 32.09073],
        [75.96606, 32.08989],
        [75.9653, 32.08924],
        [75.96464, 32.08865],
        [75.96421, 32.08837],
        [75.96431, 32.08782],
        [75.9646, 32.08711],
        [75.96427, 32.08618],
        [75.96394, 32.08572],
        [75.9638, 32.08537],
        [75.96402, 32.08482],
        [75.96428, 32.08366],
        [75.9645, 32.08319],
        [75.96473, 32.08254],
        [75.96456, 32.082],
        [75.96408, 32.08144],
        [75.96353, 32.08093],
        [75.96358, 32.08065],
        [75.96412, 32.08051],
        [75.96488, 32.08033],
        [75.96602, 32.07981],
        [75.96634, 32.07944],
        [75.96732, 32.07814],
        [75.96745, 32.07694],
        [75.96771, 32.07585],
        [75.96827, 32.07492],
        [75.96842, 32.07404],
        [75.96842, 32.07362],
        [75.96847, 32.07321],
        [75.9682, 32.07306],
        [75.96744, 32.07293],
        [75.96631, 32.07293],
        [75.96516, 32.07297],
        [75.96435, 32.07293],
        [75.96341, 32.07293],
        [75.96309, 32.07294],
        [75.96276, 32.07297],
        [75.96221, 32.07275],
        [75.96217, 32.07205],
        [75.96217, 32.07136],
        [75.96221, 32.07118],
        [75.96304, 32.07042],
        [75.96428, 32.07023],
        [75.96563, 32.07019],
        [75.96657, 32.07006],
        [75.96726, 32.06961],
        [75.96856, 32.06864],
        [75.96976, 32.06757],
        [75.97035, 32.0671],
        [75.97124, 32.06544],
        [75.9715, 32.06456],
        [75.97141, 32.06437],
        [75.97036, 32.06429],
        [75.96879, 32.0642],
        [75.96764, 32.06392],
        [75.96731, 32.06378],
        [75.96731, 32.06346],
        [75.96764, 32.06303],
        [75.96862, 32.06285],
        [75.97014, 32.06266],
        [75.97113, 32.06262],
        [75.97183, 32.06253],
        [75.97188, 32.06238],
        [75.97145, 32.06216],
        [75.97091, 32.06208],
        [75.97041, 32.06175],
        [75.9703, 32.06134],
        [75.97036, 32.06069],
        [75.97123, 32.06017],
        [75.97154, 32.05995],
        [75.97167, 32.05961],
        [75.97221, 32.05901],
        [75.97328, 32.05919],
        [75.97427, 32.05934],
        [75.97552, 32.05915],
        [75.97633, 32.05878],
        [75.97655, 32.05846],
        [75.9765, 32.05809],
        [75.97558, 32.05808],
        [75.97427, 32.05841],
        [75.9733, 32.05832],
        [75.97247, 32.05809],
        [75.97145, 32.05804],
        [75.96992, 32.058],
        [75.96927, 32.05791],
        [75.96855, 32.05782],
        [75.96747, 32.05749],
        [75.96709, 32.0568],
        [75.96682, 32.05628],
        [75.96671, 32.0562],
        [75.96655, 32.05605],
        [75.96634, 32.05646],
        [75.9658, 32.0572],
        [75.96569, 32.058],
        [75.96536, 32.05859],
        [75.96515, 32.05898],
        [75.96482, 32.05898],
        [75.96416, 32.0587],
        [75.96367, 32.05852],
        [75.96318, 32.05824],
        [75.96253, 32.05815],
        [75.96215, 32.05791],
        [75.9621, 32.05745],
        [75.9621, 32.05741],
        [75.96225, 32.05699],
        [75.96346, 32.05685],
        [75.9641, 32.05671],
        [75.96475, 32.0563],
        [75.96471, 32.05606],
        [75.96438, 32.05578],
        [75.96383, 32.05495],
        [75.96329, 32.05448],
        [75.96292, 32.05411],
        [75.9629, 32.05365],
        [75.96372, 32.05346],
        [75.96399, 32.05346],
        [75.96486, 32.05355],
        [75.96584, 32.05383],
        [75.96655, 32.05387],
        [75.96715, 32.05392],
        [75.9678, 32.05379],
        [75.96792, 32.05333],
        [75.96764, 32.05281],
        [75.96769, 32.0525],
        [75.96795, 32.05201],
        [75.96882, 32.05157],
        [75.96964, 32.05183],
        [75.97024, 32.05175],
        [75.97078, 32.05166],
        [75.97138, 32.0517],
        [75.97209, 32.05183],
        [75.97241, 32.05184],
        [75.97296, 32.05169],
        [75.97306, 32.05123],
        [75.97317, 32.05091],
        [75.97324, 32.0504],
        [75.97372, 32.05002],
        [75.97426, 32.04989],
        [75.97448, 32.04993],
        [75.97504, 32.05067],
        [75.97525, 32.0509],
        [75.97622, 32.05098],
        [75.97692, 32.05097],
        [75.97764, 32.05106],
        [75.97775, 32.05107],
        [75.97792, 32.0507],
        [75.97792, 32.05047],
        [75.97834, 32.04977],
        [75.97872, 32.04973],
        [75.97931, 32.04949],
        [75.97975, 32.04921],
        [75.97981, 32.04847],
        [75.97986, 32.04824],
        [75.97966, 32.04773],
        [75.97779, 32.04669],
        [75.97666, 32.04627],
        [75.97578, 32.04539],
        [75.97563, 32.04488],
        [75.9748, 32.04441],
        [75.97443, 32.04428],
        [75.97334, 32.04414],
        [75.97236, 32.04427],
        [75.97149, 32.04432],
        [75.97077, 32.04442],
        [75.97023, 32.04442],
        [75.97012, 32.04433],
        [75.97012, 32.04395],
        [75.97028, 32.04336],
        [75.97095, 32.04321],
        [75.97127, 32.04302],
        [75.97127, 32.04275],
        [75.9711, 32.04238],
        [75.97029, 32.04219],
        [75.96996, 32.04219],
        [75.96936, 32.04206],
        [75.96903, 32.04182],
        [75.96892, 32.04163],
        [75.96903, 32.04151],
        [75.96969, 32.04121],
        [75.97061, 32.04125],
        [75.9711, 32.04135],
        [75.97154, 32.04138],
        [75.97208, 32.04102],
        [75.97273, 32.04046],
        [75.97322, 32.04032],
        [75.97398, 32.04032],
        [75.97452, 32.04041],
        [75.97502, 32.04041],
        [75.97556, 32.04032],
        [75.97561, 32.04004],
        [75.97561, 32.03967],
        [75.97534, 32.03889],
        [75.97453, 32.03856],
        [75.97284, 32.03819],
        [75.97132, 32.03791],
        [75.9698, 32.0381],
        [75.96877, 32.03819],
        [75.968, 32.03838],
        [75.96735, 32.03842],
        [75.96648, 32.03875],
        [75.96572, 32.03894],
        [75.965, 32.03912],
        [75.96321, 32.03964],
        [75.96203, 32.03917],
        [75.96142, 32.03877],
        [75.96051, 32.03844],
        [75.9604, 32.03788],
        [75.96033, 32.03736],
        [75.96081, 32.03732],
        [75.96158, 32.03732],
        [75.96223, 32.03751],
        [75.96321, 32.03793],
        [75.96386, 32.03774],
        [75.96462, 32.03774],
        [75.96528, 32.03751],
        [75.9661, 32.03746],
        [75.96658, 32.03728],
        [75.96723, 32.03663],
        [75.96795, 32.03658],
        [75.96932, 32.03599],
        [75.97002, 32.03525],
        [75.97056, 32.03451],
        [75.97154, 32.03408],
        [75.97295, 32.03315],
        [75.97399, 32.03284],
        [75.97469, 32.03239],
        [75.97528, 32.03198],
        [75.97534, 32.03174],
        [75.97529, 32.03152],
        [75.97518, 32.03133],
        [75.97485, 32.03119],
        [75.97381, 32.03128],
        [75.97311, 32.03147],
        [75.97235, 32.03178],
        [75.97138, 32.03249],
        [75.97033, 32.03262],
        [75.96947, 32.03258],
        [75.96876, 32.03249],
        [75.96761, 32.0324],
        [75.96707, 32.03249],
        [75.96626, 32.03259],
        [75.96593, 32.03258],
        [75.96565, 32.03254],
        [75.96544, 32.03221],
        [75.96555, 32.03184],
        [75.96624, 32.03138],
        [75.96696, 32.03097],
        [75.9675, 32.03073],
        [75.9682, 32.03054],
        [75.96853, 32.03036],
        [75.96907, 32.03027],
        [75.96924, 32.03013],
        [75.96924, 32.02995],
        [75.96876, 32.02995],
        [75.96822, 32.02999],
        [75.96739, 32.03012],
        [75.96685, 32.03017],
        [75.9663, 32.03017],
        [75.96593, 32.03008],
        [75.96543, 32.0299],
        [75.9643, 32.02938],
        [75.96429, 32.02919],
        [75.96478, 32.02878],
        [75.96538, 32.02882],
        [75.96641, 32.02882],
        [75.96706, 32.02869],
        [75.96816, 32.02813],
        [75.96913, 32.02752],
        [75.96952, 32.02743],
        [75.97, 32.02706],
        [75.97017, 32.02692],
        [75.97027, 32.02675],
        [75.97032, 32.02662],
        [75.97023, 32.02647],
        [75.96968, 32.02638],
        [75.96859, 32.02638],
        [75.96788, 32.02625],
        [75.96722, 32.02616],
        [75.96657, 32.02588],
        [75.96657, 32.0256],
        [75.96662, 32.02551],
        [75.9669, 32.02545],
        [75.96755, 32.02545],
        [75.96836, 32.02523],
        [75.96989, 32.0246],
        [75.97054, 32.02414],
        [75.97081, 32.02373],
        [75.97098, 32.02327],
        [75.97141, 32.02317],
        [75.97168, 32.02303],
        [75.97168, 32.0228],
        [75.97126, 32.02266],
        [75.97065, 32.02262],
        [75.96848, 32.02257],
        [75.968, 32.02243],
        [75.96761, 32.02215],
        [75.96712, 32.02188],
        [75.96717, 32.02155],
        [75.96728, 32.02127],
        [75.96745, 32.02108],
        [75.9683, 32.02112],
        [75.96869, 32.02112],
        [75.96902, 32.02108],
        [75.96939, 32.02108],
        [75.96978, 32.02095],
        [75.97005, 32.0209],
        [75.97054, 32.02039],
        [75.97076, 32.02003],
        [75.97102, 32.0198],
        [75.97119, 32.0192],
        [75.97152, 32.01902],
        [75.9718, 32.01892],
        [75.97195, 32.01874],
        [75.97184, 32.01859],
        [75.97169, 32.01855],
        [75.97125, 32.01855],
        [75.97043, 32.01846],
        [75.97021, 32.01841],
        [75.96995, 32.01837],
        [75.96967, 32.01804],
        [75.96967, 32.01772],
        [75.96971, 32.01748],
        [75.97065, 32.01726],
        [75.97141, 32.01733],
        [75.97206, 32.01733],
        [75.97239, 32.01733],
        [75.97276, 32.01716],
        [75.97293, 32.01688],
        [75.97265, 32.0161],
        [75.9726, 32.01569],
        [75.97266, 32.01536],
        [75.97287, 32.01499],
        [75.97352, 32.01467],
        [75.97402, 32.01439],
        [75.97467, 32.01397],
        [75.97478, 32.01365],
        [75.97478, 32.01314],
        [75.97467, 32.01276],
        [75.97462, 32.01239],
        [75.97445, 32.01226],
        [75.97397, 32.01226],
        [75.97347, 32.01286],
        [75.97234, 32.01406],
        [75.97179, 32.01453],
        [75.97136, 32.01485],
        [75.97092, 32.01531],
        [75.9706, 32.01574],
        [75.97006, 32.0162],
        [75.96945, 32.01624],
        [75.96875, 32.01638],
        [75.96821, 32.01652],
        [75.96755, 32.01652],
        [75.96738, 32.01652],
        [75.96701, 32.01648],
        [75.96688, 32.01676],
        [75.9669, 32.01759],
        [75.96658, 32.01837],
        [75.96647, 32.01875],
        [75.96614, 32.01874],
        [75.96592, 32.01866],
        [75.96571, 32.01839],
        [75.96549, 32.01774],
        [75.96542, 32.01728],
        [75.96538, 32.017],
        [75.96521, 32.01672],
        [75.9651, 32.01672],
        [75.96494, 32.01713],
        [75.96477, 32.01763],
        [75.96473, 32.0181],
        [75.96462, 32.01861],
        [75.96444, 32.01861],
        [75.96418, 32.01857],
        [75.96407, 32.01796],
        [75.96401, 32.01737],
        [75.96396, 32.01713],
        [75.96385, 32.01681],
        [75.96346, 32.0168],
        [75.96299, 32.01704],
        [75.96288, 32.01726],
        [75.96287, 32.01759],
        [75.96292, 32.01806],
        [75.96314, 32.01852],
        [75.96314, 32.01874],
        [75.96303, 32.01917],
        [75.96288, 32.0193],
        [75.96266, 32.01926],
        [75.96238, 32.01895],
        [75.96201, 32.01876],
        [75.9614, 32.01889],
        [75.96097, 32.01931],
        [75.96064, 32.02014],
        [75.96027, 32.02038],
        [75.95978, 32.02039],
        [75.95928, 32.02035],
        [75.95896, 32.02007],
        [75.95895, 32.01966],
        [75.95922, 32.01915],
        [75.9595, 32.01859],
        [75.96026, 32.0179],
        [75.96091, 32.01762],
        [75.96117, 32.01716],
        [75.96135, 32.01697],
        [75.96139, 32.01669],
        [75.96135, 32.01645],
        [75.96113, 32.01577],
        [75.96097, 32.01571],
        [75.96054, 32.01575],
        [75.96004, 32.01594],
        [75.95978, 32.01594],
        [75.95939, 32.01581],
        [75.95938, 32.01544],
        [75.95954, 32.01516],
        [75.95954, 32.01479],
        [75.95945, 32.01451],
        [75.95928, 32.01442],
        [75.9589, 32.01442],
        [75.95858, 32.01446],
        [75.95814, 32.01455],
        [75.95782, 32.01492],
        [75.95738, 32.01501],
        [75.95705, 32.01553],
        [75.95699, 32.0159],
        [75.95689, 32.01637],
        [75.95667, 32.01664],
        [75.95624, 32.01683],
        [75.95608, 32.01711],
        [75.95613, 32.01757],
        [75.95623, 32.01785],
        [75.95624, 32.01813],
        [75.95619, 32.0185],
        [75.95623, 32.01896],
        [75.95623, 32.01924],
        [75.95608, 32.01952],
        [75.95554, 32.02017],
        [75.95536, 32.02044],
        [75.95526, 32.021],
        [75.95478, 32.02159],
        [75.95385, 32.022],
        [75.95316, 32.02191],
        [75.95244, 32.02172],
        [75.95233, 32.0214],
        [75.95239, 32.02098],
        [75.95281, 32.02066],
        [75.95342, 32.02052],
        [75.95368, 32.02033],
        [75.95396, 32.01987],
        [75.95391, 32.01945],
        [75.9537, 32.01894],
        [75.95369, 32.01866],
        [75.95374, 32.01847],
        [75.95374, 32.01782],
        [75.95374, 32.01751],
        [75.95358, 32.01732],
        [75.9533, 32.01714],
        [75.9525, 32.01695],
        [75.95141, 32.01722],
        [75.95048, 32.01727],
        [75.95026, 32.01723],
        [75.9501, 32.01705],
        [75.9502, 32.01658],
        [75.95048, 32.0164],
        [75.95134, 32.01634],
        [75.95167, 32.01609],
        [75.95243, 32.01595],
        [75.95293, 32.01577],
        [75.95335, 32.01539],
        [75.9533, 32.01506],
        [75.95319, 32.01488],
        [75.95324, 32.0146],
        [75.95352, 32.01423],
        [75.95396, 32.01413],
        [75.95407, 32.01395],
        [75.95411, 32.01339],
        [75.95443, 32.01321],
        [75.95493, 32.01321],
        [75.95526, 32.01321],
        [75.95591, 32.01317],
        [75.95624, 32.0128],
        [75.95651, 32.01256],
        [75.95694, 32.01219],
        [75.95733, 32.01205],
        [75.95754, 32.012],
        [75.95792, 32.01172],
        [75.95792, 32.01163],
        [75.95782, 32.01154],
        [75.95717, 32.01154],
        [75.95663, 32.01163],
        [75.95591, 32.01191],
        [75.95548, 32.01187],
        [75.95521, 32.01168],
        [75.95542, 32.0115],
        [75.95596, 32.01094],
        [75.95624, 32.01053],
        [75.95624, 32.01031],
        [75.95608, 32.01012],
        [75.9558, 32.01007],
        [75.95504, 32.01016],
        [75.95456, 32.0102],
        [75.95395, 32.01035],
        [75.95358, 32.01039],
        [75.95286, 32.01039],
        [75.95243, 32.01039],
        [75.95221, 32.01035],
        [75.95199, 32.00998],
        [75.95199, 32.00967],
        [75.95199, 32.00966],
        [75.95204, 32.00947],
        [75.95258, 32.00919],
        [75.95313, 32.00914],
        [75.95367, 32.00905],
        [75.954, 32.00896],
        [75.95454, 32.00877],
        [75.95508, 32.00873],
        [75.95596, 32.00836],
        [75.95639, 32.00836],
        [75.95689, 32.00844],
        [75.95726, 32.00867],
        [75.9577, 32.00877],
        [75.95819, 32.00895],
        [75.95889, 32.00927],
        [75.9589, 32.00951],
        [75.95885, 32.00988],
        [75.95889, 32.01025],
        [75.9589, 32.01044],
        [75.95901, 32.01053],
        [75.95929, 32.01057],
        [75.95961, 32.01053],
        [75.95998, 32.01044],
        [75.96048, 32.01044],
        [75.96086, 32.01045],
        [75.96113, 32.01045],
        [75.96156, 32.01091],
        [75.96146, 32.01147],
        [75.96141, 32.01175],
        [75.9613, 32.01221],
        [75.9613, 32.01249],
        [75.9613, 32.01276],
        [75.96145, 32.01299],
        [75.96163, 32.01304],
        [75.96178, 32.01286],
        [75.96184, 32.01239],
        [75.9618, 32.01199],
        [75.96185, 32.01156],
        [75.96223, 32.01147],
        [75.96265, 32.01156],
        [75.96282, 32.01184],
        [75.96304, 32.0123],
        [75.96352, 32.01277],
        [75.96385, 32.01341],
        [75.96391, 32.01388],
        [75.96397, 32.01429],
        [75.96407, 32.01453],
        [75.96429, 32.0148],
        [75.96446, 32.0149],
        [75.96461, 32.0149],
        [75.96489, 32.01471],
        [75.96463, 32.01406],
        [75.9643, 32.01356],
        [75.96435, 32.01337],
        [75.96461, 32.01319],
        [75.96489, 32.01319],
        [75.96533, 32.01323],
        [75.9657, 32.0136],
        [75.96587, 32.01387],
        [75.96614, 32.01397],
        [75.96646, 32.01393],
        [75.9663, 32.01341],
        [75.96635, 32.01304],
        [75.96656, 32.01285],
        [75.96717, 32.01285],
        [75.96772, 32.01248],
        [75.96815, 32.01235],
        [75.96843, 32.01211],
        [75.96847, 32.01193],
        [75.96837, 32.01184],
        [75.96782, 32.01174],
        [75.96739, 32.01174],
        [75.96658, 32.01174],
        [75.96604, 32.01174],
        [75.96549, 32.01165],
        [75.96517, 32.01137],
        [75.96467, 32.01082],
        [75.96445, 32.01017],
        [75.96423, 32.0098],
        [75.96408, 32.00952],
        [75.96385, 32.00902],
        [75.96385, 32.00855],
        [75.96397, 32.00846],
        [75.96445, 32.0084],
        [75.96478, 32.0085],
        [75.96521, 32.00887],
        [75.96547, 32.00928],
        [75.9658, 32.00955],
        [75.96612, 32.00998],
        [75.96624, 32.01002],
        [75.9663, 32.00994],
        [75.9663, 32.00957],
        [75.9663, 32.0091],
        [75.9663, 32.00883],
        [75.96652, 32.00863],
        [75.96712, 32.00853],
        [75.96721, 32.00872],
        [75.96732, 32.00909],
        [75.96743, 32.00947],
        [75.96765, 32.00965],
        [75.96793, 32.00965],
        [75.96825, 32.00974],
        [75.96874, 32.0097],
        [75.96928, 32.00993],
        [75.9695, 32.01002],
        [75.96972, 32.01011],
        [75.96989, 32.00984],
        [75.96984, 32.00952],
        [75.96984, 32.00938],
        [75.96993, 32.00929],
        [75.97049, 32.0091],
        [75.97064, 32.00897],
        [75.97101, 32.00869],
        [75.97119, 32.00837],
        [75.97118, 32.00819],
        [75.97107, 32.008],
        [75.97092, 32.00795],
        [75.96999, 32.00799],
        [75.96918, 32.00795],
        [75.96842, 32.00786],
        [75.96792, 32.00782],
        [75.96792, 32.00758],
        [75.96814, 32.00721],
        [75.96879, 32.00721],
        [75.96959, 32.00721],
        [75.97042, 32.00689],
        [75.97101, 32.00665],
        [75.97162, 32.00656],
        [75.97221, 32.00652],
        [75.97231, 32.00638],
        [75.97184, 32.00616],
        [75.97146, 32.00592],
        [75.97161, 32.00555],
        [75.97216, 32.00514],
        [75.97303, 32.0049],
        [75.97368, 32.00471],
        [75.97416, 32.0043],
        [75.97503, 32.00351],
        [75.97542, 32.00277],
        [75.97527, 32.00277],
        [75.97483, 32.00277],
        [75.97411, 32.00309],
        [75.9732, 32.00328],
        [75.97276, 32.0036],
        [75.97211, 32.00407],
        [75.97168, 32.00439],
        [75.97118, 32.00425],
        [75.97081, 32.00384],
        [75.97059, 32.00338],
        [75.97048, 32.00296],
        [75.97037, 32.00255],
        [75.9702, 32.00253],
        [75.96966, 32.00309],
        [75.96944, 32.0037],
        [75.96917, 32.00425],
        [75.96889, 32.00457],
        [75.96868, 32.00463],
        [75.96824, 32.00449],
        [75.9678, 32.00407],
        [75.96785, 32.00351],
        [75.96824, 32.00311],
        [75.96857, 32.00264],
        [75.96872, 32.00236],
        [75.96868, 32.00222],
        [75.9682, 32.00226],
        [75.96737, 32.00263],
        [75.9665, 32.00296],
        [75.96612, 32.00287],
        [75.96585, 32.0024],
        [75.966, 32.00213],
        [75.96645, 32.00158],
        [75.96698, 32.00121],
        [75.96802, 32.00093],
        [75.96894, 32.00074],
        [75.96976, 32.00056],
        [75.97042, 32.00056],
        [75.97096, 32.00052],
        [75.97178, 32.0005],
        [75.97231, 32.00037],
        [75.97298, 32.00013],
        [75.97346, 31.99977],
        [75.97429, 31.99957],
        [75.97459, 31.99919],
        [75.97479, 31.99888],
        [75.97476, 31.99844],
        [75.97449, 31.99805],
        [75.9746, 31.99751],
        [75.97464, 31.99722],
        [75.97436, 31.99692],
        [75.97376, 31.99662],
        [75.97283, 31.99638],
        [75.9724, 31.99631],
        [75.97223, 31.99666],
        [75.97209, 31.99712],
        [75.97185, 31.99704],
        [75.9717, 31.99678],
        [75.97133, 31.99682],
        [75.9709, 31.99697],
        [75.97064, 31.99687],
        [75.97068, 31.99653],
        [75.97087, 31.99623],
        [75.97156, 31.99594],
        [75.97186, 31.99555],
        [75.97172, 31.99504],
        [75.97161, 31.99415],
        [75.97133, 31.99274],
        [75.97139, 31.99211],
        [75.97133, 31.99154],
        [75.97113, 31.99118],
        [75.97079, 31.99088],
        [75.97027, 31.99057],
        [75.97006, 31.9905],
        [75.96994, 31.99062],
        [75.96912, 31.99196],
        [75.96868, 31.99268],
        [75.96823, 31.99308],
        [75.96808, 31.99326],
        [75.96834, 31.99384],
        [75.96839, 31.99425],
        [75.968, 31.99434],
        [75.96776, 31.99442],
        [75.96762, 31.99488],
        [75.96725, 31.99504],
        [75.96689, 31.99476],
        [75.96636, 31.9945],
        [75.96607, 31.99458],
        [75.96605, 31.99469],
        [75.96622, 31.99492],
        [75.96683, 31.99545],
        [75.96633, 31.99608],
        [75.96621, 31.99648],
        [75.9668, 31.99723],
        [75.96677, 31.99801],
        [75.9667, 31.99876],
        [75.96636, 31.99921],
        [75.96571, 31.99963],
        [75.96521, 31.99969],
        [75.9647, 31.99964],
        [75.96448, 31.99951],
        [75.96441, 31.99926],
        [75.96442, 31.99897],
        [75.96461, 31.9986],
        [75.96512, 31.99825],
        [75.96536, 31.998],
        [75.96533, 31.99759],
        [75.9651, 31.99721],
        [75.96492, 31.99745],
        [75.96446, 31.99792],
        [75.96403, 31.99816],
        [75.9637, 31.99796],
        [75.96357, 31.99777],
        [75.96328, 31.99765],
        [75.96301, 31.9979],
        [75.96272, 31.99805],
        [75.96246, 31.99818],
        [75.96249, 31.99847],
        [75.96204, 31.9986],
        [75.96202, 31.99878],
        [75.96197, 31.99978],
        [75.96215, 32.00036],
        [75.96188, 32.00101],
        [75.96166, 32.00157],
        [75.96139, 32.00212],
        [75.96111, 32.0025],
        [75.96085, 32.00287],
        [75.96075, 32.003],
        [75.96058, 32.00303],
        [75.96055, 32.00304],
        [75.96016, 32.00293],
        [75.95994, 32.00268],
        [75.95985, 32.00263],
        [75.95965, 32.0025],
        [75.95952, 32.00264],
        [75.95941, 32.00275],
        [75.95935, 32.00278],
        [75.95917, 32.00284],
        [75.95907, 32.00287],
        [75.95895, 32.00281],
        [75.95882, 32.00276],
        [75.9587, 32.00265],
        [75.95855, 32.0025],
        [75.95846, 32.00246],
        [75.95828, 32.00233],
        [75.95807, 32.00218],
        [75.95806, 32.00205],
        [75.95828, 32.00172],
        [75.9585, 32.0014],
        [75.95872, 32.00121],
        [75.95882, 32.00079],
        [75.95887, 32.00042],
        [75.95882, 31.99986],
        [75.95938, 31.99978],
        [75.95994, 31.99897],
        [75.9602, 31.99837],
        [75.96034, 31.99753],
        [75.96083, 31.9969],
        [75.96156, 31.99628],
        [75.96214, 31.99589],
        [75.9626, 31.9952],
        [75.96297, 31.99478],
        [75.96372, 31.99427],
        [75.96421, 31.99382],
        [75.96477, 31.99338],
        [75.96499, 31.9929],
        [75.96475, 31.99233],
        [75.96476, 31.99184],
        [75.96464, 31.99121],
        [75.96464, 31.99031],
        [75.96464, 31.98986],
        [75.9646, 31.98966],
        [75.96416, 31.98952],
        [75.96398, 31.98928],
        [75.96392, 31.9892],
        [75.96376, 31.98917],
        [75.96351, 31.98927],
        [75.96321, 31.98929],
        [75.96286, 31.98934],
        [75.96271, 31.98948],
        [75.96286, 31.98975],
        [75.96286, 31.98988],
        [75.96264, 31.99004],
        [75.96239, 31.99003],
        [75.96229, 31.99011],
        [75.96228, 31.99018],
        [75.96272, 31.99144],
        [75.96276, 31.99165],
        [75.96267, 31.99172],
        [75.96248, 31.9917],
        [75.96228, 31.99155],
        [75.9619, 31.99149],
        [75.96148, 31.99161],
        [75.96125, 31.99176],
        [75.96115, 31.99198],
        [75.96124, 31.99221],
        [75.96146, 31.99244],
        [75.96143, 31.99266],
        [75.96137, 31.99292],
        [75.96139, 31.99342],
        [75.96115, 31.99347],
        [75.96084, 31.99354],
        [75.96072, 31.99366],
        [75.96063, 31.99397],
        [75.96061, 31.99465],
        [75.96042, 31.99492],
        [75.96033, 31.99492],
        [75.96025, 31.9949],
        [75.9601, 31.99484],
        [75.95993, 31.99455],
        [75.95966, 31.99435],
        [75.95943, 31.99411],
        [75.95944, 31.99388],
        [75.95969, 31.99359],
        [75.95974, 31.99338],
        [75.95966, 31.99327],
        [75.9595, 31.99322],
        [75.95931, 31.99326],
        [75.95877, 31.99359],
        [75.95804, 31.99381],
        [75.95785, 31.99398],
        [75.95785, 31.99415],
        [75.95794, 31.99522],
        [75.95789, 31.9957],
        [75.95813, 31.99688],
        [75.95805, 31.99734],
        [75.95801, 31.9978],
        [75.95728, 31.99842],
        [75.95679, 31.99884],
        [75.9566, 31.99876],
        [75.95645, 31.99856],
        [75.95677, 31.9981],
        [75.95728, 31.99724],
        [75.95724, 31.99639],
        [75.9574, 31.99581],
        [75.95732, 31.99514],
        [75.95718, 31.99479],
        [75.95728, 31.99461],
        [75.95742, 31.99449],
        [75.95742, 31.99446],
        [75.95718, 31.99439],
        [75.95703, 31.99421],
        [75.95685, 31.99422],
        [75.95683, 31.99439],
        [75.95653, 31.9955],
        [75.95628, 31.99588],
        [75.956, 31.9958],
        [75.95578, 31.99558],
        [75.95562, 31.99518],
        [75.95541, 31.99505],
        [75.95509, 31.9952],
        [75.95486, 31.99543],
        [75.95456, 31.99606],
        [75.95408, 31.99602],
        [75.95381, 31.99606],
        [75.95368, 31.99612],
        [75.95365, 31.99676],
        [75.95363, 31.99721],
        [75.95318, 31.99743],
        [75.95308, 31.9979],
        [75.95306, 31.99803],
        [75.95328, 31.9981],
        [75.95352, 31.99829],
        [75.95328, 31.99874],
        [75.95326, 31.99933],
        [75.95314, 31.99949],
        [75.9529, 31.9996],
        [75.95254, 31.99965],
        [75.95218, 31.99964],
        [75.95195, 31.99958],
        [75.95176, 31.99947],
        [75.95162, 31.99919],
        [75.95159, 31.99864],
        [75.95158, 31.99834],
        [75.9519, 31.99828],
        [75.95198, 31.99821],
        [75.95188, 31.99807],
        [75.95158, 31.99802],
        [75.95133, 31.99773],
        [75.95124, 31.99746],
        [75.95128, 31.99732],
        [75.95236, 31.9969],
        [75.95273, 31.99663],
        [75.9528, 31.9963],
        [75.95274, 31.99603],
        [75.95269, 31.99584],
        [75.95241, 31.99567],
        [75.95203, 31.9956],
        [75.95178, 31.9956],
        [75.95124, 31.99568],
        [75.95079, 31.99576],
        [75.95049, 31.99594],
        [75.95032, 31.99605],
        [75.95021, 31.99622],
        [75.95003, 31.99628],
        [75.9499, 31.99619],
        [75.95008, 31.99599],
        [75.9502, 31.99566],
        [75.95012, 31.99538],
        [75.95021, 31.995],
        [75.95009, 31.99481],
        [75.94997, 31.99473],
        [75.94993, 31.99467],
        [75.94994, 31.99452],
        [75.95036, 31.99457],
        [75.95102, 31.99484],
        [75.95138, 31.99495],
        [75.95215, 31.99503],
        [75.95274, 31.99487],
        [75.95298, 31.99486],
        [75.95334, 31.99506],
        [75.95351, 31.99515],
        [75.95388, 31.99515],
        [75.95413, 31.99501],
        [75.95428, 31.99484],
        [75.95435, 31.99465],
        [75.95424, 31.99458],
        [75.95315, 31.99426],
        [75.95292, 31.9941],
        [75.95339, 31.99361],
        [75.95428, 31.99322],
        [75.95476, 31.99296],
        [75.95505, 31.99265],
        [75.95528, 31.99233],
        [75.95558, 31.9923],
        [75.95577, 31.99239],
        [75.95584, 31.99251],
        [75.95607, 31.99296],
        [75.95633, 31.99304],
        [75.95645, 31.99296],
        [75.95652, 31.99272],
        [75.9565, 31.9924],
        [75.9571, 31.99256],
        [75.95763, 31.99243],
        [75.95804, 31.99212],
        [75.95812, 31.99199],
        [75.95874, 31.99194],
        [75.9591, 31.99175],
        [75.95901, 31.99141],
        [75.95859, 31.99123],
        [75.95842, 31.99105],
        [75.95834, 31.99085],
        [75.95827, 31.99068],
        [75.95831, 31.99048],
        [75.95844, 31.99026],
        [75.95958, 31.98989],
        [75.95974, 31.98968],
        [75.96008, 31.98935],
        [75.96074, 31.98898],
        [75.96104, 31.98848],
        [75.96131, 31.98816],
        [75.96203, 31.98785],
        [75.96243, 31.98762],
        [75.96293, 31.98762],
        [75.96343, 31.98765],
        [75.9636, 31.98754],
        [75.96385, 31.98711],
        [75.96394, 31.98679],
        [75.9642, 31.98684],
        [75.96482, 31.98692],
        [75.96503, 31.98689],
        [75.96535, 31.98635],
        [75.96564, 31.98606],
        [75.96588, 31.98579],
        [75.96654, 31.98555],
        [75.96705, 31.98502],
        [75.96756, 31.98505],
        [75.96774, 31.98526],
        [75.96773, 31.98596],
        [75.96786, 31.98609],
        [75.96803, 31.98609],
        [75.96845, 31.98591],
        [75.96878, 31.98607],
        [75.96969, 31.98666],
        [75.96997, 31.98681],
        [75.97029, 31.98684],
        [75.97067, 31.98676],
        [75.97101, 31.98628],
        [75.97132, 31.986],
        [75.97142, 31.98565],
        [75.97161, 31.98525],
        [75.97166, 31.98501],
        [75.9714, 31.98486],
        [75.97125, 31.98462],
        [75.97112, 31.98424],
        [75.97095, 31.9839],
        [75.97061, 31.98387],
        [75.97035, 31.98379],
        [75.97027, 31.98365],
        [75.97033, 31.98342],
        [75.97106, 31.98281],
        [75.97105, 31.98271],
        [75.97083, 31.98261],
        [75.97055, 31.98231],
        [75.9707, 31.98196],
        [75.97146, 31.98106],
        [75.9719, 31.9804],
        [75.97191, 31.98004],
        [75.97182, 31.97976],
        [75.97163, 31.97964],
        [75.97149, 31.9795],
        [75.97113, 31.97962],
        [75.97097, 31.97974],
        [75.97025, 31.9806],
        [75.96978, 31.98087],
        [75.96931, 31.9808],
        [75.9689, 31.9808],
        [75.96863, 31.98055],
        [75.96844, 31.9805],
        [75.96826, 31.98061],
        [75.96823, 31.9809],
        [75.96812, 31.98211],
        [75.96795, 31.98218],
        [75.96784, 31.9814],
        [75.96784, 31.98024],
        [75.96786, 31.97981],
        [75.96884, 31.97888],
        [75.96906, 31.9783],
        [75.9688, 31.97785],
        [75.96842, 31.97744],
        [75.96803, 31.97734],
        [75.96755, 31.97742],
        [75.96709, 31.97805],
        [75.96665, 31.97781],
        [75.9662, 31.97733],
        [75.96572, 31.97719],
        [75.96474, 31.97701],
        [75.96309, 31.97702],
        [75.96252, 31.97702],
        [75.96252, 31.97723],
        [75.96288, 31.97804],
        [75.96255, 31.9784],
        [75.96252, 31.97867],
        [75.96288, 31.97918],
        [75.9623, 31.97966],
        [75.96255, 31.98058],
        [75.96291, 31.98112],
        [75.96282, 31.98131],
        [75.96267, 31.9815],
        [75.96282, 31.98182],
        [75.96303, 31.98221],
        [75.96294, 31.98242],
        [75.96275, 31.9824],
        [75.96265, 31.98221],
        [75.96252, 31.98154],
        [75.96237, 31.98125],
        [75.9621, 31.98115],
        [75.96181, 31.98122],
        [75.96182, 31.9816],
        [75.96207, 31.98213],
        [75.96181, 31.98216],
        [75.96162, 31.9821],
        [75.96087, 31.98189],
        [75.96059, 31.98189],
        [75.96037, 31.9821],
        [75.96036, 31.98232],
        [75.96032, 31.98272],
        [75.96122, 31.98381],
        [75.96124, 31.9845],
        [75.96112, 31.9848],
        [75.96073, 31.98493],
        [75.96065, 31.9852],
        [75.9605, 31.98554],
        [75.96029, 31.98551],
        [75.96003, 31.9854],
        [75.95948, 31.98545],
        [75.9589, 31.98556],
        [75.9586, 31.98585],
        [75.95849, 31.98593],
        [75.95808, 31.98601],
        [75.95779, 31.98612],
        [75.95757, 31.98604],
        [75.95723, 31.98588],
        [75.95691, 31.98599],
        [75.95663, 31.98644],
        [75.95627, 31.98692],
        [75.95598, 31.98718],
        [75.95586, 31.98709],
        [75.95579, 31.9868],
        [75.95616, 31.98613],
        [75.95667, 31.98571],
        [75.95718, 31.98552],
        [75.95772, 31.98553],
        [75.95817, 31.98555],
        [75.95851, 31.98547],
        [75.95904, 31.98507],
        [75.95977, 31.9843],
        [75.95996, 31.98385],
        [75.95993, 31.98353],
        [75.95976, 31.9834],
        [75.9594, 31.98338],
        [75.95895, 31.98354],
        [75.9585, 31.98367],
        [75.95815, 31.98402],
        [75.9579, 31.98404],
        [75.95786, 31.98385],
        [75.958, 31.98367],
        [75.959, 31.98303],
        [75.95937, 31.98277],
        [75.95936, 31.98255],
        [75.95919, 31.9825],
        [75.95867, 31.9825],
        [75.95856, 31.98241],
        [75.95854, 31.98204],
        [75.95835, 31.98189],
        [75.95844, 31.98173],
        [75.95929, 31.98178],
        [75.95953, 31.98163],
        [75.95957, 31.98096],
        [75.95957, 31.98045],
        [75.95969, 31.98036],
        [75.9601, 31.98041],
        [75.96025, 31.98007],
        [75.96054, 31.9798],
        [75.96074, 31.97944],
        [75.96085, 31.97908],
        [75.96106, 31.97868],
        [75.96114, 31.97824],
        [75.9611, 31.97773],
        [75.96094, 31.97744],
        [75.96046, 31.97719],
        [75.95998, 31.97705],
        [75.95891, 31.97681],
        [75.95827, 31.97662],
        [75.95797, 31.97659],
        [75.95771, 31.97668],
        [75.95757, 31.97688],
        [75.95784, 31.97961],
        [75.95758, 31.97971],
        [75.95682, 31.97978],
        [75.95581, 31.97972],
        [75.95504, 31.9797],
        [75.95463, 31.98002],
        [75.95431, 31.98048],
        [75.95435, 31.98088],
        [75.95484, 31.98191],
        [75.95496, 31.98226],
        [75.95493, 31.98282],
        [75.95475, 31.98277],
        [75.95463, 31.98247],
        [75.95418, 31.98144],
        [75.95375, 31.98148],
        [75.95307, 31.98176],
        [75.95271, 31.98198],
        [75.95264, 31.98279],
        [75.95269, 31.98374],
        [75.95249, 31.984],
        [75.95233, 31.98377],
        [75.95231, 31.98292],
        [75.9522, 31.98238],
        [75.95199, 31.98195],
        [75.95178, 31.98186],
        [75.95153, 31.98193],
        [75.95144, 31.9825],
        [75.9512, 31.9832],
        [75.95115, 31.98396],
        [75.9509, 31.98431],
        [75.95068, 31.98443],
        [75.95054, 31.98456],
        [75.95039, 31.98435],
        [75.95081, 31.98367],
        [75.95088, 31.98311],
        [75.95082, 31.98292],
        [75.95071, 31.98276],
        [75.95031, 31.98277],
        [75.94994, 31.98287],
        [75.94981, 31.98282],
        [75.94946, 31.98276],
        [75.94956, 31.98261],
        [75.95022, 31.98253],
        [75.95071, 31.98227],
        [75.95129, 31.98192],
        [75.95125, 31.98173],
        [75.95061, 31.98167],
        [75.9502, 31.98157],
        [75.95, 31.98142],
        [75.95014, 31.98123],
        [75.95065, 31.98107],
        [75.95112, 31.98054],
        [75.95174, 31.98052],
        [75.95216, 31.98052],
        [75.95269, 31.98041],
        [75.95274, 31.98029],
        [75.95252, 31.98015],
        [75.95181, 31.9798],
        [75.95182, 31.97946],
        [75.95209, 31.97938],
        [75.95232, 31.97927],
        [75.9525, 31.97906],
        [75.95267, 31.97895],
        [75.95301, 31.9788],
        [75.95291, 31.9786],
        [75.95274, 31.97841],
        [75.95276, 31.97818],
        [75.95294, 31.97794],
        [75.95314, 31.97771],
        [75.9531, 31.9775],
        [75.95312, 31.97719],
        [75.95318, 31.97697],
        [75.95304, 31.97691],
        [75.95264, 31.97704],
        [75.95208, 31.97715],
        [75.95148, 31.9775],
        [75.95114, 31.97789],
        [75.95052, 31.97819],
        [75.95029, 31.9784],
        [75.94998, 31.97858],
        [75.94985, 31.97847],
        [75.94958, 31.97821],
        [75.94941, 31.97809],
        [75.94887, 31.97805],
        [75.94854, 31.97789],
        [75.94836, 31.97768],
        [75.94828, 31.97674],
        [75.94807, 31.97521],
        [75.94809, 31.97367],
        [75.94757, 31.97139],
        [75.94759, 31.97065],
        [75.94716, 31.96921],
        [75.9471, 31.96832],
        [75.94722, 31.96731],
        [75.94333, 31.96739],
        [75.93951, 31.96746],
        [75.93831, 31.96726],
        [75.93608, 31.96717],
        [75.93505, 31.96719],
        [75.93422, 31.96637],
        [75.93388, 31.96594],
        [75.93341, 31.96467],
        [75.93263, 31.96213],
        [75.93241, 31.96093],
        [75.93231, 31.95964],
        [75.93255, 31.95835],
        [75.93281, 31.95777],
        [75.93295, 31.95653],
        [75.93339, 31.95522],
        [75.93297, 31.95423],
        [75.93217, 31.95376],
        [75.93158, 31.95354],
        [75.93065, 31.95309],
        [75.92967, 31.95295],
        [75.92754, 31.95328],
        [75.92311, 31.95457],
        [75.9206, 31.95518],
        [75.9183, 31.95585],
        [75.91782, 31.95562],
        [75.91676, 31.95522],
        [75.91597, 31.9552],
        [75.91531, 31.9555],
        [75.91444, 31.95577],
        [75.91393, 31.95571],
        [75.91378, 31.95583],
        [75.9131, 31.95601],
        [75.9121, 31.95594],
        [75.91047, 31.95579],
        [75.90948, 31.9556],
        [75.90816, 31.95562],
        [75.90583, 31.95545],
        [75.9009, 31.95489],
        [75.89985, 31.95595],
        [75.89744, 31.95838],
        [75.89643, 31.95932],
        [75.8958, 31.95978],
        [75.89474, 31.96036],
        [75.89425, 31.96061],
        [75.89344, 31.96097],
        [75.89159, 31.96208],
        [75.89086, 31.9624],
        [75.88965, 31.96284],
        [75.88858, 31.96325],
        [75.88799, 31.96345],
        [75.88673, 31.9637],
        [75.886, 31.96387],
        [75.88541, 31.96408],
        [75.88501, 31.96433],
        [75.88405, 31.96489],
        [75.88356, 31.96534],
        [75.88332, 31.96569],
        [75.88326, 31.96595],
        [75.88327, 31.96628],
        [75.88362, 31.96882],
        [75.88334, 31.96887],
        [75.88296, 31.96887],
        [75.88213, 31.96874],
        [75.88005, 31.96859],
        [75.87912, 31.96856],
        [75.87815, 31.96859],
        [75.87522, 31.96904],
        [75.8739, 31.96931],
        [75.87276, 31.96965],
        [75.87225, 31.96985],
        [75.87011, 31.97084],
        [75.86902, 31.97132],
        [75.86835, 31.97152],
        [75.86734, 31.97172],
        [75.8665, 31.97183],
        [75.86582, 31.97192],
        [75.86136, 31.97197],
        [75.86086, 31.972],
        [75.86012, 31.97205],
        [75.85918, 31.97221],
        [75.85852, 31.9724],
        [75.85716, 31.97299],
        [75.85678, 31.97319],
        [75.8564, 31.97345],
        [75.85614, 31.9737],
        [75.85552, 31.97468],
        [75.85473, 31.97613],
        [75.85417, 31.97697],
        [75.85372, 31.97757],
        [75.85331, 31.97813],
        [75.85243, 31.97919],
        [75.85195, 31.97985],
        [75.85104, 31.98182],
        [75.85081, 31.98197],
        [75.84937, 31.98164],
        [75.84892, 31.98159],
        [75.84797, 31.9816],
        [75.84643, 31.98167],
        [75.84486, 31.98173],
        [75.84403, 31.98172],
        [75.84346, 31.98175],
        [75.8421, 31.98191],
        [75.84167, 31.98193],
        [75.83988, 31.98175],
        [75.83957, 31.98175],
        [75.83927, 31.98182],
        [75.83901, 31.98192],
        [75.83823, 31.98213],
        [75.8377, 31.98225],
        [75.83655, 31.98238],
        [75.83575, 31.98246],
        [75.83474, 31.98246],
        [75.83321, 31.98254],
        [75.83246, 31.98259],
        [75.83212, 31.98268],
        [75.83102, 31.98309],
        [75.83066, 31.98326],
        [75.83011, 31.98339],
        [75.82967, 31.98344],
        [75.82914, 31.98344],
        [75.82661, 31.98334],
        [75.82549, 31.98327],
        [75.82504, 31.98327],
        [75.82357, 31.98342],
        [75.82279, 31.98345],
        [75.82211, 31.98352],
        [75.82143, 31.98367],
        [75.82084, 31.98388],
        [75.81992, 31.98421],
        [75.81921, 31.98451],
        [75.81694, 31.98546],
        [75.816, 31.98582],
        [75.81555, 31.98602],
        [75.81459, 31.98645],
        [75.81335, 31.98706],
        [75.81201, 31.9877],
        [75.80963, 31.98893],
        [75.80717, 31.9902],
        [75.8059, 31.99096],
        [75.80474, 31.99155],
        [75.80393, 31.99205],
        [75.80345, 31.99233],
        [75.80263, 31.99278],
        [75.80221, 31.99306],
        [75.80183, 31.99326],
        [75.8016, 31.99329],
        [75.8008, 31.99331],
        [75.80021, 31.99338],
        [75.79988, 31.99346],
        [75.79955, 31.99361],
        [75.79912, 31.994],
        [75.79872, 31.99435],
        [75.79719, 31.99531],
        [75.7959, 31.99607],
        [75.79436, 31.99696],
        [75.79223, 31.99813],
        [75.79169, 31.99851],
        [75.79134, 31.99881],
        [75.79099, 31.99917],
        [75.79047, 31.99971],
        [75.78767, 32.00222],
        [75.78262, 32.00274],
        [75.78082, 32.00441],
        [75.7785, 32.0062],
        [75.77486, 32.00882],
        [75.77124, 32.0137],
        [75.76903, 32.01629],
        [75.76581, 32.0188],
        [75.76396, 32.02041],
        [75.76095, 32.02405],
        [75.75784, 32.02784],
        [75.755, 32.03287],
        [75.75365, 32.03502],
        [75.75038, 32.03933],
        [75.74893, 32.04091],
        [75.74881, 32.03932],
        [75.74834, 32.03872],
        [75.74793, 32.03844],
        [75.74752, 32.0383],
        [75.74659, 32.03854],
        [75.74484, 32.03899],
        [75.74305, 32.03947],
        [75.74294, 32.03948],
        [75.74268, 32.03975],
        [75.74198, 32.04073],
        [75.74116, 32.04197],
        [75.73999, 32.04353],
        [75.73949, 32.04419],
        [75.73831, 32.04502],
        [75.73757, 32.04605],
        [75.73745, 32.04694],
        [75.73746, 32.04827],
        [75.73831, 32.04837],
        [75.7393, 32.04843],
        [75.74096, 32.0486],
        [75.74249, 32.04882],
        [75.74438, 32.04914],
        [75.74529, 32.04917],
        [75.74617, 32.049],
        [75.74669, 32.04844],
        [75.74737, 32.04725],
        [75.7482, 32.04576],
        [75.74899, 32.04433],
        [75.75005, 32.0435],
        [75.75118, 32.04235],
        [75.75278, 32.04044],
        [75.75373, 32.0397],
        [75.75614, 32.03837],
        [75.75778, 32.03797],
        [75.75972, 32.03827],
        [75.75973, 32.03992],
        [75.7601, 32.04088],
        [75.76212, 32.04043],
        [75.76394, 32.04025],
        [75.76645, 32.04],
        [75.77072, 32.04011],
        [75.77582, 32.04024],
        [75.77978, 32.04063],
        [75.78538, 32.04224],
        [75.78883, 32.04224],
        [75.79126, 32.04174],
        [75.79389, 32.04],
        [75.79632, 32.03775],
        [75.79912, 32.03472],
        [75.80085, 32.0333],
        [75.80688, 32.03023],
        [75.81798, 32.02684],
        [75.82078, 32.02625],
        [75.82304, 32.02657],
        [75.82589, 32.02739],
        [75.82891, 32.02964],
        [75.82982, 32.03139],
        [75.82961, 32.03235],
        [75.82885, 32.03318],
        [75.82853, 32.03446],
        [75.82928, 32.03639],
        [75.83117, 32.03767],
        [75.83267, 32.03783],
        [75.83342, 32.03783],
        [75.83399, 32.03781],
        [75.83422, 32.03782],
        [75.83462, 32.03771],
        [75.83524, 32.03746],
        [75.83583, 32.03705],
        [75.83588, 32.03701],
        [75.83668, 32.03633],
        [75.83698, 32.03604],
        [75.8371, 32.0359],
        [75.83741, 32.03543],
        [75.83774, 32.03484],
        [75.83787, 32.03467],
        [75.83804, 32.03445],
        [75.8383, 32.0342],
        [75.83862, 32.03406],
        [75.8394, 32.03384],
        [75.83964, 32.03373],
        [75.84016, 32.03345],
        [75.84024, 32.03338],
        [75.84029, 32.03337],
        [75.84036, 32.03338],
        [75.84069, 32.03349],
        [75.84072, 32.03352],
        [75.84074, 32.03358],
        [75.84077, 32.03376],
        [75.84078, 32.03407],
        [75.84073, 32.03434],
        [75.8407, 32.03466],
        [75.84068, 32.03497],
        [75.84065, 32.03518],
        [75.84066, 32.0354],
        [75.84071, 32.03562],
        [75.84077, 32.03565],
        [75.84083, 32.03571],
        [75.84095, 32.03576],
        [75.84128, 32.03577],
        [75.84155, 32.03574],
        [75.84195, 32.03564],
        [75.84233, 32.03548],
        [75.84262, 32.03533],
        [75.84296, 32.0351],
        [75.84334, 32.03478],
        [75.84365, 32.03448],
        [75.84392, 32.03417],
        [75.84443, 32.0335],
        [75.84456, 32.03329],
        [75.84462, 32.03318],
        [75.84478, 32.03299],
        [75.84506, 32.03274],
        [75.84527, 32.0326],
        [75.84543, 32.03255],
        [75.84555, 32.03254],
        [75.84568, 32.03256],
        [75.84583, 32.03264],
        [75.84591, 32.03271],
        [75.84596, 32.0328],
        [75.8461, 32.03313],
        [75.84624, 32.03346],
        [75.84636, 32.03374],
        [75.84643, 32.03383],
        [75.84673, 32.03426],
        [75.84685, 32.03438],
        [75.84729, 32.03472],
        [75.84772, 32.03499],
        [75.848, 32.03521],
        [75.84823, 32.03543],
        [75.84841, 32.03567],
        [75.84842, 32.0358],
        [75.84836, 32.03613],
        [75.84822, 32.03649],
        [75.8481, 32.03671],
        [75.84792, 32.0371],
        [75.84786, 32.03718],
        [75.8478, 32.03731],
        [75.84774, 32.03739],
        [75.84773, 32.03744],
        [75.84768, 32.0375],
        [75.84766, 32.03758],
        [75.84766, 32.03775],
        [75.84768, 32.03788],
        [75.84774, 32.03805],
        [75.84785, 32.03822],
        [75.84809, 32.0384],
        [75.84804, 32.03851],
        [75.84792, 32.03862],
        [75.84754, 32.03889],
        [75.84715, 32.03924],
        [75.84706, 32.03935],
        [75.84701, 32.03942],
        [75.84687, 32.03958],
        [75.84659, 32.03987],
        [75.84651, 32.03996],
        [75.84638, 32.04016],
        [75.84635, 32.04027],
        [75.84625, 32.04044],
        [75.8462, 32.04056],
        [75.84609, 32.04089],
        [75.84602, 32.04116],
        [75.84599, 32.04137],
        [75.846, 32.0415],
        [75.84609, 32.04192],
        [75.8461, 32.04203],
        [75.84612, 32.0421],
        [75.8461, 32.04232],
        [75.84607, 32.04241],
        [75.84602, 32.04251],
        [75.846, 32.04259],
        [75.84587, 32.0429],
        [75.84727, 32.04444],
        [75.84531, 32.04651],
        [75.84521, 32.04654],
        [75.84508, 32.04657],
        [75.84488, 32.04665],
        [75.84473, 32.04677],
        [75.8446, 32.0469],
        [75.84448, 32.04701],
        [75.8443, 32.04711],
        [75.84426, 32.04714],
        [75.8442, 32.04718],
        [75.84411, 32.0472],
        [75.84394, 32.04721],
        [75.84385, 32.04721],
        [75.84364, 32.04719],
        [75.84346, 32.04716],
        [75.84333, 32.04716],
        [75.84315, 32.04716],
        [75.84307, 32.04718],
        [75.84286, 32.04732],
        [75.8428, 32.04746],
        [75.84274, 32.04758],
        [75.8427, 32.04772],
        [75.84266, 32.04779],
        [75.84257, 32.04787],
        [75.84247, 32.04794],
        [75.84236, 32.04799],
        [75.84227, 32.04803],
        [75.8422, 32.04805],
        [75.84184, 32.04807],
        [75.84176, 32.04809],
        [75.84104, 32.04837],
        [75.84042, 32.04864],
        [75.84015, 32.04877],
        [75.84002, 32.04882],
        [75.83957, 32.04894],
        [75.83939, 32.04897],
        [75.83921, 32.04897],
        [75.83904, 32.04895],
        [75.83886, 32.0489],
        [75.83782, 32.04978],
        [75.83656, 32.05079],
        [75.83619, 32.0511],
        [75.83447, 32.05263],
        [75.83307, 32.05372],
        [75.83198, 32.05478],
        [75.8321, 32.05603],
        [75.83205, 32.05648],
        [75.83214, 32.05772],
        [75.83208, 32.05841],
        [75.83184, 32.05874],
        [75.83136, 32.05994],
        [75.83086, 32.06077],
        [75.82942, 32.06337],
        [75.82889, 32.06505],
        [75.8291, 32.06526],
        [75.82914, 32.06531],
        [75.82957, 32.06554],
        [75.82961, 32.06555],
        [75.82962, 32.06556],
        [75.82986, 32.06568],
        [75.82982, 32.06569],
        [75.82945, 32.06573],
        [75.82858, 32.06575],
        [75.82827, 32.06582],
        [75.82793, 32.0658],
        [75.82754, 32.06585],
        [75.82714, 32.0658],
        [75.82675, 32.06565],
        [75.82644, 32.06546],
        [75.82616, 32.06522],
        [75.82561, 32.06464],
        [75.82526, 32.06441],
        [75.82495, 32.06441],
        [75.82492, 32.06439],
        [75.82488, 32.06437],
        [75.82474, 32.06431],
        [75.82471, 32.06428],
        [75.8247, 32.06428],
        [75.82464, 32.06424],
        [75.82454, 32.06418],
        [75.82452, 32.06417],
        [75.82437, 32.06409],
        [75.8242, 32.06402],
        [75.82404, 32.06397],
        [75.82397, 32.06396],
        [75.82393, 32.06396],
        [75.82371, 32.0639],
        [75.82353, 32.06389],
        [75.82345, 32.06389],
        [75.82324, 32.06389],
        [75.82319, 32.06389],
        [75.82305, 32.06389],
        [75.82289, 32.06391],
        [75.82285, 32.06391],
        [75.82278, 32.06392],
        [75.82261, 32.06395],
        [75.82244, 32.06398],
        [75.82238, 32.06399],
        [75.82223, 32.06403],
        [75.82219, 32.06404],
        [75.8221, 32.06407],
        [75.82207, 32.06407],
        [75.82172, 32.0642],
        [75.8216, 32.06423],
        [75.8215, 32.06424],
        [75.82117, 32.06432],
        [75.82114, 32.06432],
        [75.82091, 32.06438],
        [75.82085, 32.0644],
        [75.82084, 32.0644],
        [75.82082, 32.06441],
        [75.82063, 32.06446],
        [75.82045, 32.06452],
        [75.82044, 32.06453],
        [75.82041, 32.06454],
        [75.82034, 32.06457],
        [75.82022, 32.06462],
        [75.82006, 32.06469],
        [75.81978, 32.06479],
        [75.81969, 32.06483],
        [75.81963, 32.06488],
        [75.8196, 32.06488],
        [75.81949, 32.06491],
        [75.81919, 32.06504],
        [75.81912, 32.06506],
        [75.81909, 32.06508],
        [75.81894, 32.06515],
        [75.81914, 32.06525],
        [75.81931, 32.06533],
        [75.81951, 32.06546],
        [75.81959, 32.06552],
        [75.8196, 32.06553],
        [75.81966, 32.06558],
        [75.81977, 32.06569],
        [75.81979, 32.06572],
        [75.81984, 32.06578],
        [75.81987, 32.06583],
        [75.82014, 32.06626],
        [75.82028, 32.0664],
        [75.82058, 32.06663],
        [75.82106, 32.06683],
        [75.82149, 32.06695],
        [75.82186, 32.06706],
        [75.82215, 32.06719],
        [75.82241, 32.06734],
        [75.82257, 32.06743],
        [75.82305, 32.06782],
        [75.82313, 32.06786],
        [75.82345, 32.06799],
        [75.82398, 32.06809],
        [75.82407, 32.06812],
        [75.82424, 32.06825],
        [75.82441, 32.06839],
        [75.82465, 32.06863],
        [75.82479, 32.06873],
        [75.82559, 32.06929],
        [75.82584, 32.06942],
        [75.82587, 32.06943],
        [75.8259, 32.06944],
        [75.82592, 32.06947],
        [75.82599, 32.0695],
        [75.82609, 32.06956],
        [75.82632, 32.06974],
        [75.82652, 32.07],
        [75.82655, 32.07004],
        [75.82668, 32.0703],
        [75.82673, 32.07037],
        [75.82674, 32.07038],
        [75.82687, 32.07053],
        [75.82714, 32.0708],
        [75.82758, 32.07121],
        [75.828, 32.07147],
        [75.82805, 32.07152],
        [75.82829, 32.07169],
        [75.82853, 32.0719],
        [75.82864, 32.07196],
        [75.82888, 32.07213],
        [75.82919, 32.07231],
        [75.82934, 32.07241],
        [75.8294, 32.07244],
        [75.82962, 32.07254],
        [75.82988, 32.07269],
        [75.83013, 32.07288],
        [75.83029, 32.07299],
        [75.83046, 32.07308],
        [75.83067, 32.07323],
        [75.83083, 32.07331],
        [75.83093, 32.0734],
        [75.83095, 32.0734],
        [75.83098, 32.07343],
        [75.83173, 32.07379],
        [75.83173, 32.07381],
        [75.83145, 32.07463],
        [75.83088, 32.07539],
        [75.82964, 32.07727],
        [75.82959, 32.07739],
        [75.82924, 32.0775],
        [75.82898, 32.07758],
        [75.82866, 32.07764],
        [75.8284, 32.0777],
        [75.82827, 32.07774],
        [75.8282, 32.07774],
        [75.82811, 32.07777],
        [75.82787, 32.07787],
        [75.82785, 32.07788],
        [75.82784, 32.07788],
        [75.82775, 32.07793],
        [75.82754, 32.07805],
        [75.82742, 32.07811],
        [75.8274, 32.07814],
        [75.82678, 32.07943],
        [75.82673, 32.07988],
        [75.8265, 32.08028],
        [75.82615, 32.08056],
        [75.82609, 32.08058],
        [75.82604, 32.08058],
        [75.82592, 32.0806],
        [75.82541, 32.08059],
        [75.82543, 32.08067],
        [75.82547, 32.08097],
        [75.82555, 32.08113],
        [75.82572, 32.08121],
        [75.82574, 32.08121],
        [75.8259, 32.08126],
        [75.82603, 32.08129],
        [75.82611, 32.08131],
        [75.8264, 32.08134],
        [75.82649, 32.08135],
        [75.82654, 32.08198],
        [75.8266, 32.08219],
        [75.82668, 32.08231],
        [75.82751, 32.0835],
        [75.82765, 32.0837],
        [75.82775, 32.08389],
        [75.82777, 32.08395],
        [75.8278, 32.08401],
        [75.82785, 32.08417],
        [75.82792, 32.08446],
        [75.82794, 32.08456],
        [75.82796, 32.08483],
        [75.82792, 32.08515],
        [75.82793, 32.08532],
        [75.82807, 32.08565],
        [75.82822, 32.08593],
        [75.82826, 32.08607],
        [75.82816, 32.08654],
        [75.82812, 32.08684],
        [75.82812, 32.08689],
        [75.82813, 32.08703],
        [75.82818, 32.08723],
        [75.82824, 32.08753],
        [75.82827, 32.0877],
        [75.82827, 32.0883],
        [75.82766, 32.0883],
        [75.82681, 32.0883],
        [75.82609, 32.08806],
        [75.8254, 32.08782],
        [75.82496, 32.08782],
        [75.82456, 32.0882],
        [75.82456, 32.08902],
        [75.82355, 32.09022],
        [75.82303, 32.0908],
        [75.8221, 32.09119],
        [75.82096, 32.0909],
        [75.81944, 32.09052],
        [75.81781, 32.09012],
        [75.81713, 32.09011],
        [75.8156, 32.09025],
        [75.81519, 32.09029],
        [75.81439, 32.09055],
        [75.81393, 32.09068],
        [75.81262, 32.09166],
        [75.81099, 32.09304],
        [75.81074, 32.09346],
        [75.81053, 32.09439],
        [75.81059, 32.09479],
        [75.8107, 32.09516],
        [75.81078, 32.09527],
        [75.81087, 32.09544],
        [75.81091, 32.09558],
        [75.81087, 32.09573],
        [75.81085, 32.09578],
        [75.81073, 32.09607],
        [75.81055, 32.09623],
        [75.81029, 32.09645],
        [75.81006, 32.09648],
        [75.80937, 32.09625],
        [75.8088, 32.09582],
        [75.80862, 32.09641],
        [75.80821, 32.09707],
        [75.80817, 32.09716],
        [75.80814, 32.09724],
        [75.80802, 32.09758],
        [75.80801, 32.09762],
        [75.80819, 32.09867],
        [75.80842, 32.09986],
        [75.80866, 32.10014],
        [75.8087, 32.10018],
        [75.80873, 32.10019],
        [75.80957, 32.10049],
        [75.80977, 32.10055],
        [75.80977, 32.10057],
        [75.80961, 32.10095],
        [75.80954, 32.10108],
        [75.8095, 32.10142],
        [75.80931, 32.10207],
        [75.80921, 32.1023],
        [75.80909, 32.10275],
        [75.80894, 32.10318],
        [75.80889, 32.10337],
        [75.80884, 32.10366],
        [75.80884, 32.10374],
        [75.80885, 32.10378],
        [75.8089, 32.10383],
        [75.80892, 32.10388],
        [75.80903, 32.10398],
        [75.8092, 32.10408],
        [75.80938, 32.1042],
        [75.80952, 32.10434],
        [75.80969, 32.10453],
        [75.80979, 32.10462],
        [75.80988, 32.10467],
        [75.8099, 32.10471],
        [75.80993, 32.10477],
        [75.80998, 32.10494],
        [75.81, 32.10505],
        [75.80999, 32.10527],
        [75.80995, 32.10562],
        [75.80988, 32.10608],
        [75.80987, 32.10631],
        [75.80981, 32.10668],
        [75.80981, 32.1068],
        [75.80982, 32.10701],
        [75.80982, 32.1075],
        [75.80959, 32.11128],
        [75.80962, 32.11162],
        [75.80725, 32.11221],
        [75.80505, 32.11273],
        [75.80398, 32.11329],
        [75.80313, 32.11419],
        [75.80246, 32.11511],
        [75.80243, 32.11512],
        [75.80235, 32.11515],
        [75.80217, 32.11525],
        [75.80189, 32.11537],
        [75.80117, 32.11563],
        [75.80106, 32.11566],
        [75.80097, 32.11568],
        [75.80057, 32.11576],
        [75.8004, 32.11581],
        [75.80017, 32.11588],
        [75.8, 32.11595],
        [75.79981, 32.11603],
        [75.79956, 32.11617],
        [75.79928, 32.11634],
        [75.79901, 32.11631],
        [75.79875, 32.1163],
        [75.7985, 32.11626],
        [75.79787, 32.11586],
        [75.79761, 32.11573],
        [75.7972, 32.11557],
        [75.79698, 32.11545],
        [75.79668, 32.11522],
        [75.79659, 32.1151],
        [75.7965, 32.11502],
        [75.79625, 32.11473],
        [75.79607, 32.11451],
        [75.79585, 32.11424],
        [75.79566, 32.11396],
        [75.79557, 32.11391],
        [75.79551, 32.11385],
        [75.79546, 32.1138],
        [75.79535, 32.11372],
        [75.79529, 32.11368],
        [75.79517, 32.11364],
        [75.79488, 32.11354],
        [75.79443, 32.11343],
        [75.79403, 32.11334],
        [75.79388, 32.11304],
        [75.79381, 32.11289],
        [75.7938, 32.11286],
        [75.79371, 32.11267],
        [75.79364, 32.11251],
        [75.79363, 32.11248],
        [75.79359, 32.11237],
        [75.79358, 32.11232],
        [75.79357, 32.11226],
        [75.79356, 32.11221],
        [75.79356, 32.11213],
        [75.79355, 32.11198],
        [75.79357, 32.11178],
        [75.79369, 32.11114],
        [75.79375, 32.11077],
        [75.79376, 32.11074],
        [75.79376, 32.11073],
        [75.79377, 32.11068],
        [75.79379, 32.11065],
        [75.79378, 32.11064],
        [75.79375, 32.11062],
        [75.79374, 32.11061],
        [75.79353, 32.11047],
        [75.79336, 32.11037],
        [75.79315, 32.11029],
        [75.79278, 32.1102],
        [75.79261, 32.11019],
        [75.79232, 32.1102],
        [75.79205, 32.11023],
        [75.79197, 32.11024],
        [75.7918, 32.11029],
        [75.79124, 32.1105],
        [75.79064, 32.11066],
        [75.79044, 32.1107],
        [75.79031, 32.11072],
        [75.79011, 32.11073],
        [75.78976, 32.11073],
        [75.7889, 32.1107],
        [75.78846, 32.11072],
        [75.78822, 32.11071],
        [75.78793, 32.11066],
        [75.78834, 32.11109],
        [75.78838, 32.11116],
        [75.7884, 32.11117],
        [75.78843, 32.11121],
        [75.78849, 32.11143],
        [75.78855, 32.11172],
        [75.78866, 32.11215],
        [75.78869, 32.11223],
        [75.78893, 32.11247],
        [75.78904, 32.1126],
        [75.78946, 32.11314],
        [75.78955, 32.11329],
        [75.78956, 32.1133],
        [75.78968, 32.11349],
        [75.78975, 32.11362],
        [75.78979, 32.11375],
        [75.7898, 32.11388],
        [75.78979, 32.11398],
        [75.78975, 32.11408],
        [75.78971, 32.11421],
        [75.7899, 32.11439],
        [75.78994, 32.11443],
        [75.78997, 32.11447],
        [75.78994, 32.11498],
        [75.7897, 32.11607],
        [75.78923, 32.11684],
        [75.7887, 32.11753],
        [75.78847, 32.1176],
        [75.78772, 32.11781],
        [75.78771, 32.11782],
        [75.78757, 32.11786],
        [75.78742, 32.11791],
        [75.78725, 32.118],
        [75.78705, 32.11813],
        [75.78685, 32.11828],
        [75.7867, 32.11838],
        [75.78629, 32.11857],
        [75.7861, 32.11863],
        [75.78596, 32.11871],
        [75.78562, 32.11884],
        [75.78532, 32.11894],
        [75.78514, 32.11898],
        [75.78501, 32.11869],
        [75.78488, 32.11856],
        [75.78473, 32.11847],
        [75.78471, 32.11845],
        [75.78457, 32.11841],
        [75.78442, 32.11839],
        [75.78363, 32.11838],
        [75.78354, 32.11837],
        [75.78334, 32.11827],
        [75.78321, 32.1182],
        [75.78279, 32.11789],
        [75.78268, 32.11778],
        [75.78258, 32.11774],
        [75.78246, 32.11772],
        [75.7821, 32.11769],
        [75.78195, 32.11767],
        [75.7818, 32.11762],
        [75.78147, 32.11748],
        [75.78137, 32.11745],
        [75.7812, 32.11744],
        [75.78096, 32.11746],
        [75.78073, 32.11751],
        [75.78064, 32.11754],
        [75.78063, 32.11755],
        [75.78004, 32.11751],
        [75.77986, 32.11748],
        [75.7798, 32.11747],
        [75.77959, 32.11743],
        [75.77957, 32.11742],
        [75.77947, 32.11738],
        [75.77936, 32.11734],
        [75.77884, 32.11714],
        [75.77866, 32.11701],
        [75.77831, 32.11679],
        [75.77811, 32.11663],
        [75.77779, 32.11638],
        [75.77763, 32.11628],
        [75.77747, 32.1162],
        [75.77724, 32.11613],
        [75.77706, 32.11609],
        [75.7767, 32.11603],
        [75.77647, 32.11597],
        [75.77634, 32.11593],
        [75.77628, 32.11589],
        [75.77622, 32.11583],
        [75.7762, 32.11578],
        [75.77622, 32.11559],
        [75.77628, 32.11532],
        [75.77629, 32.11524],
        [75.77626, 32.11512],
        [75.77622, 32.11503],
        [75.77617, 32.11497],
        [75.77611, 32.11491],
        [75.77607, 32.11483],
        [75.77599, 32.11471],
        [75.77554, 32.11437],
        [75.77536, 32.11426],
        [75.77514, 32.11414],
        [75.7751, 32.1141],
        [75.77509, 32.11408],
        [75.77479, 32.11405],
        [75.77408, 32.11403],
        [75.77372, 32.114],
        [75.77358, 32.11398],
        [75.77336, 32.11392],
        [75.77296, 32.11372],
        [75.77283, 32.11364],
        [75.77269, 32.11352],
        [75.77258, 32.11337],
        [75.77234, 32.11293],
        [75.77229, 32.11277],
        [75.77225, 32.1126],
        [75.77216, 32.11242],
        [75.77213, 32.11228],
        [75.77212, 32.112],
        [75.77213, 32.11175],
        [75.77212, 32.1117],
        [75.77206, 32.1116],
        [75.77206, 32.11159],
        [75.77191, 32.11134],
        [75.77177, 32.11124],
        [75.77157, 32.11113],
        [75.77148, 32.11109],
        [75.77102, 32.11097],
        [75.77089, 32.11094],
        [75.77081, 32.11094],
        [75.77075, 32.11093],
        [75.7707, 32.11093],
        [75.77059, 32.11092],
        [75.77038, 32.1109],
        [75.7702, 32.11086],
        [75.76997, 32.11078],
        [75.76983, 32.11069],
        [75.76976, 32.11061],
        [75.76965, 32.11047],
        [75.76957, 32.1103],
        [75.76957, 32.11026],
        [75.76954, 32.11022],
        [75.76951, 32.1101],
        [75.76947, 32.11],
        [75.76934, 32.10978],
        [75.76925, 32.10967],
        [75.76921, 32.10963],
        [75.76917, 32.10961],
        [75.76865, 32.10951],
        [75.76834, 32.10942],
        [75.76799, 32.10926],
        [75.76782, 32.10917],
        [75.76774, 32.10912],
        [75.7676, 32.109],
        [75.76748, 32.10888],
        [75.76742, 32.10882],
        [75.76732, 32.10867],
        [75.7672, 32.10843],
        [75.76712, 32.10816],
        [75.76712, 32.10805],
        [75.76626, 32.1068],
        [75.76601, 32.10681],
        [75.76444, 32.10716],
        [75.7634, 32.10776],
        [75.7627, 32.10856],
        [75.764, 32.11037],
        [75.76598, 32.11346],
        [75.76809, 32.11686],
        [75.76998, 32.11877],
        [75.77005, 32.11884],
        [75.77008, 32.11886],
        [75.77009, 32.11887],
        [75.77387, 32.12059],
        [75.77655, 32.12207],
        [75.7782, 32.12376],
        [75.77866, 32.12428],
        [75.77882, 32.12443],
        [75.77906, 32.1246],
        [75.77938, 32.12479],
        [75.7796, 32.12489],
        [75.78003, 32.12504],
        [75.78041, 32.12523],
        [75.78063, 32.12532],
        [75.78094, 32.12542],
        [75.7811, 32.12545],
        [75.78153, 32.12546],
        [75.78185, 32.12543],
        [75.78237, 32.12544],
        [75.78259, 32.12547],
        [75.78317, 32.12557],
        [75.78396, 32.12565],
        [75.7844, 32.12576],
        [75.7846, 32.12579],
        [75.78503, 32.12579],
        [75.7855, 32.12575],
        [75.78608, 32.12565],
        [75.78636, 32.12558],
        [75.78693, 32.12547],
        [75.78741, 32.12543],
        [75.78787, 32.12545],
        [75.78826, 32.12552],
        [75.78844, 32.12561],
        [75.78858, 32.12578],
        [75.78869, 32.12595],
        [75.78876, 32.12601],
        [75.78883, 32.12628],
        [75.78887, 32.12664],
        [75.78887, 32.12691],
        [75.78884, 32.12713],
        [75.78875, 32.12759],
        [75.78874, 32.12781],
        [75.78893, 32.12889],
        [75.78917, 32.12927],
        [75.78966, 32.12984],
        [75.78973, 32.12989],
        [75.79008, 32.13007],
        [75.79092, 32.13033],
        [75.79136, 32.13053],
        [75.79148, 32.1306],
        [75.7917, 32.13038],
        [75.79221, 32.13007],
        [75.79244, 32.12995],
        [75.79259, 32.1299],
        [75.79282, 32.12985],
        [75.79303, 32.12982],
        [75.79318, 32.12983],
        [75.79327, 32.12984],
        [75.79343, 32.12988],
        [75.7936, 32.12995],
        [75.79378, 32.13006],
        [75.79403, 32.13024],
        [75.79431, 32.13051],
        [75.79486, 32.13111],
        [75.79506, 32.13131],
        [75.79545, 32.13167],
        [75.79562, 32.13181],
        [75.7957, 32.13185],
        [75.79585, 32.1319],
        [75.79614, 32.13198],
        [75.79689, 32.13209],
        [75.79704, 32.13212],
        [75.79715, 32.13216],
        [75.7973, 32.13227],
        [75.79746, 32.1324],
        [75.79765, 32.1326],
        [75.79783, 32.13275],
        [75.79799, 32.13287],
        [75.79822, 32.133],
        [75.7985, 32.13314],
        [75.79875, 32.13326],
        [75.79913, 32.13336],
        [75.7995, 32.13339],
        [75.7999, 32.13341],
        [75.8002, 32.13353],
        [75.80057, 32.13376],
        [75.80103, 32.13401],
        [75.80141, 32.13415],
        [75.80199, 32.13427],
        [75.8026, 32.13427],
        [75.80319, 32.1342],
        [75.80322, 32.13418],
        [75.8036, 32.13404],
        [75.8041, 32.13388],
        [75.80462, 32.13376],
        [75.80475, 32.13372],
        [75.80481, 32.1337],
        [75.80522, 32.13345],
        [75.80539, 32.13337],
        [75.80556, 32.13332],
        [75.80568, 32.13331],
        [75.80586, 32.1333],
        [75.80602, 32.13331],
        [75.80618, 32.13336],
        [75.80625, 32.13337],
        [75.8063, 32.13341],
        [75.80639, 32.13345],
        [75.80699, 32.13382],
        [75.80703, 32.13381],
        [75.80782, 32.13375],
        [75.80809, 32.13372],
        [75.80842, 32.13368],
        [75.80935, 32.13359],
        [75.80957, 32.13356],
        [75.8097, 32.13352],
        [75.80999, 32.13344],
        [75.81063, 32.13327],
        [75.81089, 32.13324],
        [75.81122, 32.13321],
        [75.81156, 32.13322],
        [75.8118, 32.13323],
        [75.81195, 32.13326],
        [75.81225, 32.1334],
        [75.81256, 32.13359],
        [75.81261, 32.13362],
        [75.81264, 32.13364],
        [75.81324, 32.1336],
        [75.81343, 32.13359],
        [75.81351, 32.13358],
        [75.81376, 32.13356],
        [75.81395, 32.13353],
        [75.81412, 32.1335],
        [75.81446, 32.13341],
        [75.8146, 32.13337],
        [75.81483, 32.13335],
        [75.81498, 32.13335],
        [75.81507, 32.13335],
        [75.81523, 32.13336],
        [75.81536, 32.13336],
        [75.81551, 32.13337],
        [75.81554, 32.13338],
        [75.81588, 32.13344],
        [75.81605, 32.13347],
        [75.81659, 32.13359],
        [75.81727, 32.13348],
        [75.81817, 32.13282],
        [75.8199, 32.13158],
        [75.82013, 32.13166],
        [75.82065, 32.13188],
        [75.821, 32.13204],
        [75.82119, 32.13212],
        [75.82124, 32.13215],
        [75.8213, 32.13215],
        [75.82132, 32.13217],
        [75.82135, 32.13222],
        [75.82137, 32.13224],
        [75.82138, 32.13227],
        [75.82144, 32.13232],
        [75.82159, 32.13244],
        [75.82165, 32.13248],
        [75.82183, 32.13264],
        [75.82226, 32.13302],
        [75.82231, 32.13307],
        [75.82233, 32.13308],
        [75.82234, 32.1331],
        [75.82239, 32.13314],
        [75.82249, 32.13323],
        [75.82261, 32.13334],
        [75.82277, 32.13352],
        [75.82281, 32.13358],
        [75.82283, 32.1336],
        [75.82286, 32.13365],
        [75.823, 32.13394],
        [75.82304, 32.13404],
        [75.82356, 32.13258],
        [75.8234, 32.13062],
        [75.82345, 32.12926],
        [75.82359, 32.12893],
        [75.82367, 32.1287],
        [75.82375, 32.12815],
        [75.82375, 32.12803],
        [75.82373, 32.12782],
        [75.82371, 32.12755],
        [75.82364, 32.12741],
        [75.82352, 32.12722],
        [75.82337, 32.12706],
        [75.82324, 32.12699],
        [75.82319, 32.12694],
        [75.82275, 32.12671],
        [75.82276, 32.12649],
        [75.82282, 32.12631],
        [75.8229, 32.12614],
        [75.82294, 32.12611],
        [75.823, 32.12601],
        [75.8231, 32.12589],
        [75.8232, 32.12573],
        [75.82322, 32.12565],
        [75.82355, 32.12501],
        [75.8236, 32.12486],
        [75.82362, 32.12469],
        [75.82361, 32.12452],
        [75.82351, 32.12414],
        [75.82332, 32.12361],
        [75.82327, 32.12338],
        [75.82325, 32.12325],
        [75.82327, 32.12296],
        [75.82342, 32.12262],
        [75.82356, 32.12263],
        [75.82381, 32.12268],
        [75.82383, 32.12268],
        [75.82386, 32.1227],
        [75.8241, 32.12278],
        [75.8242, 32.12282],
        [75.82422, 32.12283],
        [75.82429, 32.12286],
        [75.82431, 32.12287],
        [75.82444, 32.12293],
        [75.82454, 32.12297],
        [75.82458, 32.12299],
        [75.82459, 32.12299],
        [75.82502, 32.12315],
        [75.82557, 32.12336],
        [75.82592, 32.12333],
        [75.82614, 32.12334],
        [75.82634, 32.12337],
        [75.82652, 32.12341],
        [75.82663, 32.12345],
        [75.82688, 32.12361],
        [75.82695, 32.12366],
        [75.82739, 32.12397],
        [75.82746, 32.12401],
        [75.82784, 32.12418],
        [75.82821, 32.12429],
        [75.82858, 32.12438],
        [75.82887, 32.12448],
        [75.82899, 32.12454],
        [75.82927, 32.12469],
        [75.82935, 32.12473],
        [75.82945, 32.12481],
        [75.82962, 32.12499],
        [75.82977, 32.12517],
        [75.83007, 32.1256],
        [75.83021, 32.12577],
        [75.8303, 32.12583],
        [75.83064, 32.12598],
        [75.83104, 32.12637],
        [75.83185, 32.12697],
        [75.83239, 32.12719],
        [75.83281, 32.12722],
        [75.8332, 32.12703],
        [75.83362, 32.12647],
        [75.83377, 32.126],
        [75.83403, 32.1256],
        [75.83403, 32.12477],
        [75.8341, 32.12418],
        [75.83413, 32.12378],
        [75.83413, 32.12344],
        [75.83412, 32.12325],
        [75.83405, 32.12292],
        [75.83399, 32.12257],
        [75.83396, 32.12232],
        [75.83396, 32.12226],
        [75.83398, 32.12213],
        [75.83398, 32.12193],
        [75.83394, 32.12164],
        [75.83394, 32.12148],
        [75.83394, 32.12128],
        [75.83397, 32.12105],
        [75.83393, 32.12075],
        [75.83383, 32.1205],
        [75.83358, 32.12009],
        [75.8335, 32.11988],
        [75.83337, 32.11962],
        [75.83322, 32.11934],
        [75.8332, 32.11926],
        [75.83319, 32.11917],
        [75.83317, 32.11912],
        [75.8332, 32.119],
        [75.83317, 32.11854],
        [75.83331, 32.11771],
        [75.83327, 32.11715],
        [75.83324, 32.11695],
        [75.83317, 32.11676],
        [75.83304, 32.11651],
        [75.83299, 32.11645],
        [75.83278, 32.11619],
        [75.83243, 32.1158],
        [75.83214, 32.11545],
        [75.83206, 32.11532],
        [75.83204, 32.11528],
        [75.83204, 32.11519],
        [75.83207, 32.11507],
        [75.8324, 32.11514],
        [75.83255, 32.11514],
        [75.83272, 32.11511],
        [75.83276, 32.1151],
        [75.83279, 32.11509],
        [75.8328, 32.11508],
        [75.83286, 32.11507],
        [75.83311, 32.115],
        [75.83331, 32.11491],
        [75.83343, 32.11485],
        [75.83346, 32.11482],
        [75.83358, 32.1147],
        [75.83379, 32.11436],
        [75.83414, 32.11398],
        [75.83426, 32.11383],
        [75.83429, 32.1138],
        [75.83455, 32.11347],
        [75.83457, 32.11341],
        [75.8348, 32.11317],
        [75.83488, 32.11311],
        [75.83496, 32.11304],
        [75.83524, 32.11276],
        [75.83543, 32.11268],
        [75.83566, 32.11262],
        [75.83578, 32.11262],
        [75.83591, 32.11265],
        [75.83596, 32.11269],
        [75.83606, 32.11279],
        [75.83613, 32.11294],
        [75.83617, 32.11313],
        [75.8362, 32.11338],
        [75.83648, 32.1135],
        [75.83683, 32.11365],
        [75.83728, 32.11378],
        [75.83749, 32.11387],
        [75.83764, 32.11394],
        [75.83793, 32.11413],
        [75.83826, 32.1144],
        [75.8384, 32.11449],
        [75.83878, 32.1147],
        [75.83915, 32.11487],
        [75.83942, 32.11504],
        [75.83971, 32.11526],
        [75.84003, 32.11558],
        [75.84007, 32.11567],
        [75.84012, 32.11572],
        [75.84061, 32.11593],
        [75.84096, 32.11608],
        [75.84147, 32.11634],
        [75.84172, 32.11644],
        [75.84181, 32.11648],
        [75.84191, 32.11649],
        [75.84209, 32.11646],
        [75.84219, 32.11642],
        [75.84242, 32.11624],
        [75.84267, 32.11616],
        [75.84273, 32.11615],
        [75.84313, 32.11619],
        [75.8432, 32.11621],
        [75.8434, 32.11634],
        [75.84447, 32.11579],
        [75.845, 32.11489],
        [75.84526, 32.11377],
        [75.8461, 32.11278],
        [75.84658, 32.1122],
        [75.84686, 32.11196],
        [75.84694, 32.11182],
        [75.84807, 32.11072],
        [75.84812, 32.11048],
        [75.84823, 32.11005],
        [75.84856, 32.1099],
        [75.8496, 32.10986],
        [75.8505, 32.10992],
        [75.85141, 32.10993],
        [75.85171, 32.10998],
        [75.85202, 32.11004],
        [75.85212, 32.11038],
        [75.85235, 32.11056],
        [75.85278, 32.11067],
        [75.85348, 32.11072],
        [75.85427, 32.11078],
        [75.85473, 32.11099],
        [75.85509, 32.11129],
        [75.85564, 32.11081],
        [75.85642, 32.10989],
        [75.8569, 32.10923],
        [75.85721, 32.10815],
        [75.85745, 32.10678],
        [75.85755, 32.1056],
        [75.85755, 32.10453],
        [75.85866, 32.10406],
        [75.86196, 32.10294],
        [75.86382, 32.10244],
        [75.86383, 32.10244],
        [75.86413, 32.10258],
        [75.86492, 32.10241],
        [75.86521, 32.10229],
        [75.86534, 32.10196],
        [75.86529, 32.10159],
        [75.86516, 32.10126],
        [75.86514, 32.10094],
        [75.86516, 32.10087],
        [75.86519, 32.1007],
        [75.86536, 32.10053],
        [75.86558, 32.10054],
        [75.86574, 32.10053],
        [75.86589, 32.10058],
        [75.86598, 32.10074],
        [75.86611, 32.10089],
        [75.8661, 32.10103],
        [75.86611, 32.10122],
        [75.86616, 32.10136],
        [75.86625, 32.10147],
        [75.86636, 32.10147],
        [75.86645, 32.10142],
        [75.86654, 32.10119],
        [75.86664, 32.10098],
        [75.86678, 32.10074],
        [75.86698, 32.10071],
        [75.86718, 32.10077],
        [75.86727, 32.10089],
        [75.86733, 32.10109],
        [75.86751, 32.10139],
        [75.8676, 32.10148],
        [75.8678, 32.10148],
        [75.86784, 32.10148],
        [75.86798, 32.10114],
        [75.86798, 32.10086],
        [75.86804, 32.10046],
        [75.86818, 32.10019],
        [75.86848, 32.0999],
        [75.86868, 32.09996],
        [75.86893, 32.10009],
        [75.86935, 32.10038],
        [75.86982, 32.10068],
        [75.87026, 32.10101],
        [75.87049, 32.10116],
        [75.87075, 32.10129],
        [75.87126, 32.10149],
        [75.87159, 32.10164],
        [75.87178, 32.10174],
        [75.87208, 32.10192],
        [75.87214, 32.10197],
        [75.87221, 32.10204],
        [75.87229, 32.10215],
        [75.87232, 32.10224],
        [75.8723, 32.10235],
        [75.87223, 32.1025],
        [75.87249, 32.10256],
        [75.8726, 32.10259],
        [75.87281, 32.10272],
        [75.87324, 32.10307],
        [75.87353, 32.10326],
        [75.8737, 32.10337],
        [75.87394, 32.10349],
        [75.87427, 32.10363],
        [75.87511, 32.10387],
        [75.87539, 32.10393],
        [75.8755, 32.10397],
        [75.87559, 32.10402],
        [75.87568, 32.10409],
        [75.8759, 32.10427],
        [75.87598, 32.10433],
        [75.87606, 32.10437],
        [75.87615, 32.1044],
        [75.87637, 32.10443],
        [75.87651, 32.10448],
        [75.87658, 32.10453],
        [75.87661, 32.10454],
        [75.87665, 32.10458],
        [75.87664, 32.10478],
        [75.87654, 32.10516],
        [75.87653, 32.10523],
        [75.87654, 32.10528],
        [75.87657, 32.10534],
        [75.87665, 32.10541],
        [75.87672, 32.10548],
        [75.87678, 32.10557],
        [75.87681, 32.10566],
        [75.87686, 32.10585],
        [75.87689, 32.10594],
        [75.87697, 32.10609],
        [75.87703, 32.10615],
        [75.87709, 32.10617],
        [75.87718, 32.1062],
        [75.87734, 32.10623],
        [75.8775, 32.10624],
        [75.87768, 32.10624],
        [75.87779, 32.10622],
        [75.87792, 32.1062],
        [75.87808, 32.1062],
        [75.87825, 32.10622],
        [75.87848, 32.10626],
        [75.87852, 32.10628],
        [75.87881, 32.10647],
        [75.8791, 32.10667],
        [75.87927, 32.1068],
        [75.87938, 32.1068],
        [75.87981, 32.10675],
        [75.87997, 32.10675],
        [75.8801, 32.10677],
        [75.88019, 32.10679],
        [75.88032, 32.10683],
        [75.88044, 32.10688],
        [75.88065, 32.10709],
        [75.88078, 32.10723],
        [75.88105, 32.10769],
        [75.88121, 32.10791],
        [75.88135, 32.10805],
        [75.88149, 32.10817],
        [75.88172, 32.10834],
        [75.88183, 32.10838],
        [75.88192, 32.10844],
        [75.88217, 32.10852],
        [75.8822, 32.10894],
        [75.88227, 32.10912],
        [75.88232, 32.10919],
        [75.88238, 32.10921],
        [75.88252, 32.10931],
        [75.88282, 32.10951],
        [75.88293, 32.1096],
        [75.88326, 32.10991],
        [75.88329, 32.10995],
        [75.88336, 32.11007],
        [75.8834, 32.11011],
        [75.88352, 32.11016],
        [75.88364, 32.11017],
        [75.88382, 32.1102],
        [75.88396, 32.11025],
        [75.88414, 32.11035],
        [75.88432, 32.11045],
        [75.88459, 32.11066],
        [75.88481, 32.11087],
        [75.88512, 32.11134],
        [75.88518, 32.11141],
        [75.8855, 32.11184],
        [75.88579, 32.11215],
        [75.88589, 32.11223],
        [75.88607, 32.11235],
        [75.88611, 32.11237],
        [75.88614, 32.1124],
        [75.88618, 32.11242],
        [75.88634, 32.11247],
        [75.88645, 32.11251],
        [75.88646, 32.11251],
        [75.88706, 32.11327],
        [75.88813, 32.11439],
        [75.88944, 32.11555],
        [75.89021, 32.11607],
        [75.8913, 32.11663],
        [75.89133, 32.11669],
        [75.89126, 32.11688],
        [75.89065, 32.1178],
        [75.89068, 32.11857],
        [75.89067, 32.11921],
        [75.89059, 32.1206],
        [75.89012, 32.12138],
        [75.88951, 32.12217],
        [75.88888, 32.12236],
        [75.88778, 32.12217],
        [75.88608, 32.12196],
        [75.88462, 32.12165],
        [75.88339, 32.12112],
        [75.88231, 32.12063],
        [75.88209, 32.12036],
        [75.88191, 32.12021],
        [75.88187, 32.12017],
        [75.88182, 32.12014],
        [75.88171, 32.12006],
        [75.88169, 32.12004],
        [75.88167, 32.12002],
        [75.88165, 32.12001],
        [75.88158, 32.11994],
        [75.88154, 32.1199],
        [75.88143, 32.11983],
        [75.88118, 32.11958],
        [75.88084, 32.11926],
        [75.88009, 32.11862],
        [75.88001, 32.11852],
        [75.88, 32.11847],
        [75.88001, 32.1184],
        [75.88004, 32.11829],
        [75.88008, 32.1182],
        [75.88015, 32.11812],
        [75.88017, 32.11809],
        [75.88019, 32.11805],
        [75.87952, 32.11831],
        [75.87815, 32.11934],
        [75.87661, 32.12044],
        [75.87592, 32.12093],
        [75.87593, 32.12094],
        [75.87601, 32.12113],
        [75.87606, 32.12128],
        [75.87622, 32.12202],
        [75.8763, 32.12225],
        [75.87644, 32.12263],
        [75.87654, 32.12294],
        [75.87656, 32.12342],
        [75.87657, 32.12354],
        [75.87661, 32.12416],
        [75.8766, 32.12418],
        [75.87664, 32.12447],
        [75.87691, 32.1251],
        [75.87724, 32.12567],
        [75.87747, 32.1263],
        [75.87731, 32.12683],
        [75.87692, 32.12742],
        [75.87681, 32.12781],
        [75.87701, 32.12817],
        [75.87708, 32.12869],
        [75.87712, 32.12896],
        [75.87702, 32.12931],
        [75.87635, 32.12977],
        [75.8759, 32.13053],
        [75.8759, 32.13089],
        [75.87613, 32.13146],
        [75.87629, 32.13162],
        [75.87646, 32.13178],
        [75.87653, 32.13186],
        [75.87662, 32.13194],
        [75.87673, 32.13206],
        [75.8768, 32.13212],
        [75.87687, 32.13221],
        [75.87698, 32.13242],
        [75.87701, 32.13246],
        [75.87709, 32.13264],
        [75.8771, 32.13269],
        [75.87715, 32.13278],
        [75.87718, 32.13289],
        [75.87719, 32.13294],
        [75.87721, 32.133],
        [75.87721, 32.13306],
        [75.87723, 32.13313],
        [75.87724, 32.1332],
        [75.87727, 32.1333],
        [75.87729, 32.13338],
        [75.87734, 32.13356],
        [75.87736, 32.1336],
        [75.87744, 32.13369],
        [75.87748, 32.13374],
        [75.87752, 32.13381],
        [75.87758, 32.13391],
        [75.87761, 32.13398],
        [75.87774, 32.13419],
        [75.87779, 32.13424],
        [75.87787, 32.13432],
        [75.87793, 32.13441],
        [75.87794, 32.13443],
        [75.87801, 32.1345],
        [75.87804, 32.13457],
        [75.87812, 32.13463],
        [75.87817, 32.13473],
        [75.87836, 32.13495],
        [75.8784, 32.13505],
        [75.87852, 32.13521],
        [75.87856, 32.13528],
        [75.87861, 32.13535],
        [75.87865, 32.13544],
        [75.87875, 32.1356],
        [75.87877, 32.13567],
        [75.87881, 32.13577],
        [75.87884, 32.13587],
        [75.87886, 32.13598],
        [75.87891, 32.13614],
        [75.87891, 32.1362],
        [75.87893, 32.1363],
        [75.879, 32.13645],
        [75.879, 32.13651],
        [75.87905, 32.13658],
        [75.87911, 32.1367],
        [75.87925, 32.13702],
        [75.87965, 32.13799],
        [75.87971, 32.1382],
        [75.87978, 32.13839],
        [75.87991, 32.13884],
        [75.88007, 32.1392],
        [75.88024, 32.1397],
        [75.88022, 32.13972],
        [75.88024, 32.13988],
        [75.88049, 32.14064],
        [75.88111, 32.14133],
        [75.88117, 32.1414],
        [75.88097, 32.14143],
        [75.88055, 32.14147],
        [75.8804, 32.14149],
        [75.88036, 32.14149],
        [75.88022, 32.14149],
        [75.8799, 32.14148],
        [75.87988, 32.14148],
        [75.87977, 32.14148],
        [75.87969, 32.14148],
        [75.87961, 32.14148],
        [75.8796, 32.14148],
        [75.87928, 32.14153],
        [75.87918, 32.14155],
        [75.87916, 32.14156],
        [75.8771, 32.14293],
        [75.87535, 32.14407],
        [75.87513, 32.1443],
        [75.87509, 32.14434],
        [75.87381, 32.1441],
        [75.87268, 32.14437],
        [75.87219, 32.14451],
        [75.87163, 32.14466],
        [75.87128, 32.1448],
        [75.87055, 32.14543],
        [75.87016, 32.14572],
        [75.87035, 32.14615],
        [75.87082, 32.14655],
        [75.87008, 32.14695],
        [75.86884, 32.14734],
        [75.86802, 32.14741],
        [75.86693, 32.14754],
        [75.86549, 32.14791],
        [75.86375, 32.14833],
        [75.86251, 32.14847],
        [75.86219, 32.14853],
        [75.86204, 32.14939],
        [75.86208, 32.1513],
        [75.86204, 32.15207],
        [75.86224, 32.1527],
        [75.8625, 32.15344],
        [75.86323, 32.15443],
        [75.86344, 32.15476],
        [75.86449, 32.15597],
        [75.86526, 32.15689],
        [75.86573, 32.15756],
        [75.86685, 32.15881],
        [75.86688, 32.15953],
        [75.8664, 32.16074],
        [75.86589, 32.16154],
        [75.86553, 32.16214],
        [75.86531, 32.16264],
        [75.86519, 32.16349],
        [75.86489, 32.16429],
        [75.86454, 32.16523],
        [75.86407, 32.16583],
        [75.86349, 32.16638],
        [75.86302, 32.16698],
        [75.8625, 32.16752],
        [75.86192, 32.16792],
        [75.86158, 32.16811],
        [75.86105, 32.16825],
        [75.86103, 32.16825],
        [75.86084, 32.16828],
        [75.86018, 32.1688],
        [75.85946, 32.16947],
        [75.8591, 32.16978],
        [75.85928, 32.16997],
        [75.85915, 32.1701],
        [75.8589, 32.17029],
        [75.85854, 32.17036],
        [75.85818, 32.17046],
        [75.85729, 32.17094],
        [75.85705, 32.17104],
        [75.85604, 32.17181],
        [75.85537, 32.17234],
        [75.85469, 32.17243],
        [75.85401, 32.17204],
        [75.85292, 32.17195],
        [75.85219, 32.17231],
        [75.85161, 32.17243],
        [75.85109, 32.17266],
        [75.85036, 32.17266],
        [75.84979, 32.17262],
        [75.84921, 32.17239],
        [75.84859, 32.17226],
        [75.84762, 32.17206],
        [75.84701, 32.17206],
        [75.84643, 32.17219],
        [75.84612, 32.17268],
        [75.84653, 32.17334],
        [75.84658, 32.17383],
        [75.84626, 32.17487],
        [75.84544, 32.17612],
        [75.84445, 32.17677],
        [75.84442, 32.17679],
        [75.8454, 32.17804],
        [75.84563, 32.17909],
        [75.84561, 32.1795],
        [75.84546, 32.18057],
        [75.84535, 32.181],
        [75.84529, 32.18191],
        [75.84537, 32.18232],
        [75.84548, 32.1831],
        [75.84555, 32.18344],
        [75.84627, 32.1838],
        [75.84671, 32.18391],
        [75.84728, 32.1842],
        [75.84758, 32.18436],
        [75.8482, 32.18477],
        [75.8487, 32.18497],
        [75.84896, 32.18497],
        [75.84909, 32.18474],
        [75.84934, 32.18445],
        [75.84943, 32.18436],
        [75.84964, 32.18412],
        [75.85004, 32.18391],
        [75.85087, 32.18354],
        [75.85118, 32.18326],
        [75.85158, 32.18248],
        [75.85168, 32.18211],
        [75.85195, 32.18166],
        [75.85452, 32.17931],
        [75.85471, 32.17925],
        [75.85485, 32.17925],
        [75.85499, 32.17922],
        [75.8551, 32.17922],
        [75.85533, 32.17917],
        [75.85544, 32.17917],
        [75.85548, 32.17915],
        [75.85561, 32.17915],
        [75.85571, 32.17913],
        [75.85582, 32.17912],
        [75.85596, 32.1791],
        [75.85611, 32.17909],
        [75.85637, 32.17902],
        [75.85652, 32.17901],
        [75.85705, 32.17891],
        [75.8573, 32.17884],
        [75.85752, 32.1788],
        [75.85791, 32.17878],
        [75.85793, 32.17877],
        [75.858, 32.17877],
        [75.85826, 32.17876],
        [75.85835, 32.17875],
        [75.85844, 32.17876],
        [75.85876, 32.17876],
        [75.8591, 32.1787],
        [75.85936, 32.17862],
        [75.8594, 32.17861],
        [75.85976, 32.17849],
        [75.86007, 32.17884],
        [75.86017, 32.17894],
        [75.86035, 32.17908],
        [75.86063, 32.17925],
        [75.86088, 32.17935],
        [75.86115, 32.17944],
        [75.86126, 32.17946],
        [75.86191, 32.17955],
        [75.86655, 32.17921],
        [75.86671, 32.17921],
        [75.86725, 32.17919],
        [75.86739, 32.17919],
        [75.86745, 32.1792],
        [75.86761, 32.1792],
        [75.8677, 32.1792],
        [75.86792, 32.17921],
        [75.86808, 32.17922],
        [75.86825, 32.17925],
        [75.86835, 32.17925],
        [75.86863, 32.17928],
        [75.86896, 32.1793],
        [75.86912, 32.1793],
        [75.86942, 32.17928],
        [75.86956, 32.17928],
        [75.8697, 32.1793],
        [75.86982, 32.17929],
        [75.86999, 32.17929],
        [75.87044, 32.17936],
        [75.87103, 32.17942],
        [75.87139, 32.17947],
        [75.87159, 32.1795],
        [75.87166, 32.17953],
        [75.87172, 32.17954],
        [75.87178, 32.17956],
        [75.8718, 32.17957],
        [75.87204, 32.17967],
        [75.87208, 32.17968],
        [75.87219, 32.17973],
        [75.8724, 32.17983],
        [75.87251, 32.17987],
        [75.87266, 32.17991],
        [75.87284, 32.17999],
        [75.87308, 32.1801],
        [75.8733, 32.18019],
        [75.87354, 32.18033],
        [75.87387, 32.18059],
        [75.87404, 32.18076],
        [75.87419, 32.18095],
        [75.8743, 32.18112],
        [75.87462, 32.18146],
        [75.87507, 32.18175],
        [75.87536, 32.18189],
        [75.87558, 32.18192],
        [75.87581, 32.18201],
        [75.8759, 32.1821],
        [75.87594, 32.18217],
        [75.87596, 32.18225],
        [75.87597, 32.18234],
        [75.87602, 32.18248],
        [75.87605, 32.18252],
        [75.87609, 32.18255],
        [75.87611, 32.18259],
        [75.87619, 32.18268],
        [75.87622, 32.18273],
        [75.87632, 32.18292],
        [75.87641, 32.18306],
        [75.87652, 32.18319],
        [75.87675, 32.18338],
        [75.87698, 32.18361],
        [75.87708, 32.18376],
        [75.87714, 32.18391],
        [75.87718, 32.18413],
        [75.87718, 32.18423],
        [75.87717, 32.18432],
        [75.87717, 32.18438],
        [75.87721, 32.18466],
        [75.87729, 32.18485],
        [75.87749, 32.18526],
        [75.87755, 32.18542],
        [75.87762, 32.18572],
        [75.87767, 32.18588],
        [75.87776, 32.18613],
        [75.87789, 32.18629],
        [75.87799, 32.18646],
        [75.87809, 32.18656],
        [75.87818, 32.18671],
        [75.8782, 32.18679],
        [75.87823, 32.18685],
        [75.87823, 32.18697],
        [75.87821, 32.18713],
        [75.87817, 32.18737],
        [75.87816, 32.1875],
        [75.8782, 32.18768],
        [75.87829, 32.18788],
        [75.87838, 32.18815],
        [75.87841, 32.18827],
        [75.87841, 32.18829],
        [75.87842, 32.18835],
        [75.87842, 32.18846],
        [75.87835, 32.18862],
        [75.87828, 32.18874],
        [75.8782, 32.18896],
        [75.87815, 32.18933],
        [75.87813, 32.18976],
        [75.87815, 32.19008],
        [75.87824, 32.191],
        [75.8782, 32.19125],
        [75.87788, 32.19169],
        [75.87762, 32.19201],
        [75.87749, 32.19219],
        [75.87746, 32.19224],
        [75.87739, 32.19241],
        [75.87734, 32.19276],
        [75.87732, 32.19294],
        [75.87729, 32.19309],
        [75.87725, 32.19339],
        [75.87723, 32.19359],
        [75.87723, 32.19368],
        [75.87723, 32.19387],
        [75.87699, 32.19554],
        [75.87699, 32.19614],
        [75.87699, 32.1966],
        [75.87634, 32.19749],
        [75.87599, 32.19838],
        [75.87579, 32.19956],
        [75.87594, 32.19999],
        [75.87747, 32.20023],
        [75.87756, 32.20025],
        [75.87976, 32.20064],
        [75.88082, 32.20095],
        [75.88162, 32.20116],
        [75.88293, 32.20158],
        [75.88364, 32.20223],
        [75.88411, 32.2025],
        [75.88413, 32.20273],
        [75.88424, 32.2031],
        [75.88438, 32.20334],
        [75.88496, 32.20336],
        [75.88561, 32.20332],
        [75.88581, 32.20325],
        [75.88611, 32.20297],
        [75.88679, 32.20293],
        [75.88717, 32.20298],
        [75.88805, 32.20339],
        [75.88828, 32.2036],
        [75.88838, 32.20386],
        [75.88826, 32.20396],
        [75.88797, 32.20408],
        [75.88769, 32.20451],
        [75.88768, 32.20452],
        [75.88768, 32.20453],
        [75.88735, 32.2051],
        [75.88775, 32.20543],
        [75.8884, 32.20614],
        [75.88857, 32.20643],
        [75.88638, 32.20779],
        [75.88608, 32.20816],
        [75.88558, 32.20869],
        [75.88534, 32.20884],
        [75.88466, 32.20895],
        [75.88408, 32.20883],
        [75.88312, 32.20884],
        [75.88211, 32.20904],
        [75.88187, 32.20905],
        [75.88113, 32.21039],
        [75.88111, 32.21096],
        [75.88161, 32.21131],
        [75.88278, 32.21131],
        [75.88405, 32.21105],
        [75.88496, 32.2106],
        [75.88583, 32.21039],
        [75.8865, 32.21062],
        [75.88707, 32.21111],
        [75.88774, 32.21167],
        [75.88968, 32.21263],
        [75.8899, 32.21251],
        [75.89061, 32.21224],
        [75.89115, 32.2122],
        [75.89184, 32.2122],
        [75.89215, 32.21219],
        [75.89244, 32.2122],
        [75.89282, 32.2122],
        [75.89333, 32.2121],
        [75.89423, 32.21208],
        [75.89479, 32.21208],
        [75.89534, 32.21218],
        [75.89593, 32.21224],
        [75.89615, 32.21218],
        [75.89666, 32.21221],
        [75.89769, 32.21191],
        [75.89829, 32.21174],
        [75.89876, 32.21166],
        [75.89905, 32.21169],
        [75.8992, 32.21172],
        [75.89959, 32.21163],
        [75.89994, 32.21159],
        [75.90053, 32.21153],
        [75.9009, 32.2114],
        [75.90101, 32.21134],
        [75.90132, 32.21144],
        [75.90173, 32.21147],
        [75.90204, 32.2114],
        [75.90266, 32.21111],
        [75.90325, 32.21081],
        [75.90394, 32.21053],
        [75.90483, 32.21032],
        [75.9059, 32.21011],
        [75.90638, 32.20989],
        [75.90711, 32.21002],
        [75.90802, 32.21045],
        [75.90937, 32.21137],
        [75.90721, 32.21316],
        [75.90439, 32.21622],
        [75.90432, 32.21631],
        [75.90412, 32.21638],
        [75.90352, 32.21665],
        [75.90258, 32.21718],
        [75.90234, 32.21732],
        [75.90231, 32.21736],
        [75.90221, 32.21744],
        [75.90218, 32.21747],
        [75.90208, 32.21766],
        [75.90201, 32.21774],
        [75.90198, 32.21785],
        [75.90195, 32.21789],
        [75.90192, 32.21798],
        [75.90184, 32.21812],
        [75.9018, 32.21823],
        [75.90178, 32.21826],
        [75.90173, 32.21829],
        [75.9017, 32.21837],
        [75.90162, 32.21847],
        [75.90145, 32.21865],
        [75.90135, 32.21874],
        [75.90122, 32.21882],
        [75.90089, 32.21899],
        [75.9008, 32.21891],
        [75.90071, 32.21883],
        [75.90061, 32.21879],
        [75.90055, 32.21877],
        [75.90047, 32.21877],
        [75.90041, 32.21877],
        [75.90034, 32.21881],
        [75.90023, 32.2189],
        [75.90021, 32.21896],
        [75.90017, 32.21899],
        [75.90013, 32.21903],
        [75.90013, 32.21906],
        [75.90008, 32.21918],
        [75.90004, 32.21934],
        [75.90003, 32.21942],
        [75.90002, 32.21962],
        [75.9, 32.21974],
        [75.89982, 32.22017],
        [75.89971, 32.22029],
        [75.89956, 32.2204],
        [75.89935, 32.22053],
        [75.89925, 32.22058],
        [75.89913, 32.22063],
        [75.89885, 32.22062],
        [75.89877, 32.22055],
        [75.89875, 32.22053],
        [75.89873, 32.22046],
        [75.89873, 32.22035],
        [75.89878, 32.22029],
        [75.89885, 32.22013],
        [75.89876, 32.21998],
        [75.89872, 32.21996],
        [75.89851, 32.21988],
        [75.89842, 32.21983],
        [75.8983, 32.21975],
        [75.89828, 32.21969],
        [75.89828, 32.21965],
        [75.8983, 32.21962],
        [75.89731, 32.22022],
        [75.8969, 32.22073],
        [75.89663, 32.22165],
        [75.89664, 32.22459],
        [75.8964, 32.22616],
        [75.8959, 32.22722],
        [75.89566, 32.22814],
        [75.89577, 32.2291],
        [75.89578, 32.22908],
        [75.89579, 32.22905],
        [75.89584, 32.22896],
        [75.8959, 32.22877],
        [75.89596, 32.22869],
        [75.89604, 32.22862],
        [75.89631, 32.22843],
        [75.89633, 32.22841],
        [75.89641, 32.22837],
        [75.89649, 32.22836],
        [75.89661, 32.22838],
        [75.89668, 32.2284],
        [75.89682, 32.22848],
        [75.89703, 32.22855],
        [75.89723, 32.22857],
        [75.89753, 32.22858],
        [75.89756, 32.2286],
        [75.89759, 32.22861],
        [75.89768, 32.22868],
        [75.89789, 32.22895],
        [75.89794, 32.22897],
        [75.89816, 32.229],
        [75.89825, 32.229],
        [75.89845, 32.22903],
        [75.89852, 32.22906],
        [75.89868, 32.22917],
        [75.89874, 32.2292],
        [75.89882, 32.22922],
        [75.89889, 32.2292],
        [75.89894, 32.22919],
        [75.89903, 32.22914],
        [75.89907, 32.22912],
        [75.89909, 32.22911],
        [75.8991, 32.22911],
        [75.89916, 32.22911],
        [75.89919, 32.22911],
        [75.89923, 32.22912],
        [75.89925, 32.22912],
        [75.89931, 32.22912],
        [75.8994, 32.22911],
        [75.89944, 32.22909],
        [75.89948, 32.22901],
        [75.8995, 32.22896],
        [75.89952, 32.22893],
        [75.89957, 32.22886],
        [75.8996, 32.22882],
        [75.8996, 32.22873],
        [75.89959, 32.22871],
        [75.89959, 32.22866],
        [75.89952, 32.22853],
        [75.89946, 32.22843],
        [75.89941, 32.22835],
        [75.8994, 32.22829],
        [75.8994, 32.22823],
        [75.89939, 32.22816],
        [75.8994, 32.22808],
        [75.89941, 32.22807],
        [75.89945, 32.22804],
        [75.89946, 32.22803],
        [75.89948, 32.22799],
        [75.8995, 32.22798],
        [75.89953, 32.22797],
        [75.89954, 32.22796],
        [75.8996, 32.22791],
        [75.89961, 32.22791],
        [75.89964, 32.22791],
        [75.89969, 32.22791],
        [75.89975, 32.22791],
        [75.89981, 32.22793],
        [75.89986, 32.22794],
        [75.89988, 32.22795],
        [75.89995, 32.22796],
        [75.90008, 32.22802],
        [75.90013, 32.22805],
        [75.90018, 32.22808],
        [75.90021, 32.22811],
        [75.90024, 32.22815],
        [75.90029, 32.22817],
        [75.9004, 32.22832],
        [75.90042, 32.22834],
        [75.90069, 32.22833],
        [75.90095, 32.22831],
        [75.90114, 32.22829],
        [75.90132, 32.22828],
        [75.9018, 32.22823],
        [75.90235, 32.2275],
        [75.90312, 32.22665],
        [75.90412, 32.2263],
        [75.90764, 32.2263],
        [75.9099, 32.2263],
        [75.91179, 32.22676],
        [75.9119, 32.22708],
        [75.91196, 32.2272],
        [75.91199, 32.2273],
        [75.91207, 32.22744],
        [75.91217, 32.22755],
        [75.91224, 32.22757],
        [75.91242, 32.22761],
        [75.91253, 32.2276],
        [75.91293, 32.22744],
        [75.91301, 32.22744],
        [75.91311, 32.22746],
        [75.91317, 32.22748],
        [75.91321, 32.2275],
        [75.91327, 32.22753],
        [75.9133, 32.22756],
        [75.91339, 32.2277],
        [75.91347, 32.22786],
        [75.9135, 32.2279],
        [75.91368, 32.22806],
        [75.9138, 32.22809],
        [75.91385, 32.22812],
        [75.91398, 32.22814],
        [75.91405, 32.22819],
        [75.91414, 32.22829],
        [75.91419, 32.22837],
        [75.91424, 32.22848],
        [75.91429, 32.22854],
        [75.91492, 32.2291],
        [75.91528, 32.22943],
        [75.91535, 32.22955],
        [75.91538, 32.22963],
        [75.91541, 32.23004],
        [75.91543, 32.2301],
        [75.91551, 32.23027],
        [75.91558, 32.23036],
        [75.91562, 32.23039],
        [75.91567, 32.23043],
        [75.91574, 32.23046],
        [75.9158, 32.23049],
        [75.91589, 32.23058],
        [75.91591, 32.23061],
        [75.91592, 32.23107],
        [75.91598, 32.23114],
        [75.91606, 32.23121],
        [75.91621, 32.23131],
        [75.91626, 32.23136],
        [75.91629, 32.2314],
        [75.91631, 32.2315],
        [75.91632, 32.23155],
        [75.91632, 32.23161],
        [75.9163, 32.23165],
        [75.91626, 32.23168],
        [75.91623, 32.23172],
        [75.9162, 32.23179],
        [75.9162, 32.23184],
        [75.91621, 32.2319],
        [75.91627, 32.23206],
        [75.91642, 32.23214],
        [75.9161, 32.23232],
        [75.91609, 32.23234],
        [75.91603, 32.23246],
        [75.91596, 32.2326],
        [75.91589, 32.23275],
        [75.91586, 32.23284],
        [75.91579, 32.23301],
        [75.91577, 32.2331],
        [75.91573, 32.23333],
        [75.91576, 32.23357],
        [75.91577, 32.23363],
        [75.9159, 32.23422],
        [75.91596, 32.23437],
        [75.91599, 32.23443],
        [75.91603, 32.23454],
        [75.91609, 32.23465],
        [75.91616, 32.23473],
        [75.91671, 32.23535],
        [75.91735, 32.23604],
        [75.91759, 32.23627],
        [75.9177, 32.2364],
        [75.91792, 32.23655],
        [75.91828, 32.2367],
        [75.91851, 32.23678],
        [75.91877, 32.23685],
        [75.9196, 32.23673],
        [75.92001, 32.2366],
        [75.92106, 32.2366],
        [75.92111, 32.23669],
        [75.9225, 32.23675],
        [75.92272, 32.23701],
        [75.9229, 32.23721],
        [75.92314, 32.23758],
        [75.92332, 32.23782],
        [75.92349, 32.238],
        [75.9237, 32.23823],
        [75.92379, 32.23835],
        [75.92407, 32.23865],
        [75.92416, 32.23876],
        [75.92419, 32.23878],
        [75.92427, 32.23891],
        [75.92431, 32.23894],
        [75.92435, 32.23901],
        [75.92549, 32.24008],
        [75.92697, 32.23878],
        [75.92744, 32.23858]
      ]
    ]
  }
}
