{
  "type": "Feature",
  "id": "MH-AC-103",
  "properties": {
    "stateName": "MAHARASHTRA",
    "stateCode": "MH",
    "districtName": "JALNA",
    "acNo": 103,
    "acName": "BHOKARDAN",
    "seatType": null,
    "pcNo": null,
    "pcName": null,
    "quality": "unverified",
    "sources": [
      "TBD"
    ]
  },
  "geometry": {
    "type": "Polygon",
    "coordinates": [
      [
        [76.00804, 20.64379],
        [76.00786, 20.64403],
        [76.00783, 20.64431],
        [76.00769, 20.64579],
        [76.00841, 20.64558],
        [76.00845, 20.64473],
        [76.00879, 20.64409],
        [76.00916, 20.64379],
        [76.01079, 20.64312],
        [76.01378, 20.6429],
        [76.0167, 20.64284],
        [76.01748, 20.64405],
        [76.01785, 20.64458],
        [76.01872, 20.64628],
        [76.02121, 20.64575],
        [76.02299, 20.64528],
        [76.02265, 20.64338],
        [76.02209, 20.64192],
        [76.02518, 20.6411],
        [76.02518, 20.63919],
        [76.02568, 20.63903],
        [76.02842, 20.63791],
        [76.03219, 20.63709],
        [76.032, 20.6349],
        [76.0315, 20.63075],
        [76.03129, 20.62937],
        [76.03088, 20.62659],
        [76.03057, 20.62453],
        [76.03067, 20.62371],
        [76.03176, 20.62123],
        [76.03373, 20.61749],
        [76.03485, 20.6149],
        [76.03606, 20.61234],
        [76.03662, 20.61111],
        [76.03716, 20.60975],
        [76.03737, 20.60907],
        [76.03787, 20.60849],
        [76.03865, 20.60751],
        [76.03971, 20.60595],
        [76.03971, 20.60557],
        [76.03953, 20.6046],
        [76.03999, 20.60312],
        [76.0399, 20.6018],
        [76.03987, 20.5992],
        [76.03981, 20.59576],
        [76.03763, 20.59579],
        [76.03748, 20.59433],
        [76.03704, 20.59169],
        [76.0367, 20.58891],
        [76.03655, 20.5873],
        [76.03801, 20.5866],
        [76.03873, 20.58619],
        [76.03932, 20.58584],
        [76.03963, 20.5851],
        [76.04004, 20.58412],
        [76.0415, 20.58136],
        [76.04259, 20.57942],
        [76.04216, 20.57896],
        [76.0411, 20.57787],
        [76.0392, 20.57565],
        [76.0374, 20.57339],
        [76.03634, 20.57175],
        [76.03653, 20.56976],
        [76.03675, 20.56735],
        [76.03679, 20.56702],
        [76.03724, 20.56398],
        [76.03749, 20.56224],
        [76.03765, 20.56141],
        [76.03777, 20.56019],
        [76.03779, 20.5592],
        [76.0374, 20.55853],
        [76.03678, 20.55735],
        [76.03625, 20.55612],
        [76.03585, 20.55533],
        [76.03339, 20.55542],
        [76.03065, 20.55533],
        [76.02916, 20.555],
        [76.02763, 20.55456],
        [76.02601, 20.554],
        [76.02458, 20.55356],
        [76.02296, 20.55315],
        [76.02, 20.55249],
        [76.01879, 20.55219],
        [76.01536, 20.55125],
        [76.01545, 20.55073],
        [76.01592, 20.54804],
        [76.01614, 20.54692],
        [76.01673, 20.54397],
        [76.01698, 20.54265],
        [76.01736, 20.54111],
        [76.01762, 20.54088],
        [76.01789, 20.54057],
        [76.01815, 20.53997],
        [76.01847, 20.53948],
        [76.01864, 20.539],
        [76.01873, 20.53852],
        [76.01875, 20.53817],
        [76.01862, 20.53735],
        [76.01857, 20.53666],
        [76.01861, 20.53581],
        [76.01891, 20.53516],
        [76.01909, 20.53381],
        [76.01916, 20.53221],
        [76.01921, 20.53118],
        [76.01916, 20.52914],
        [76.01916, 20.52886],
        [76.01754, 20.52939],
        [76.01575, 20.52997],
        [76.0145, 20.53039],
        [76.01074, 20.53155],
        [76.0096, 20.53187],
        [76.00941, 20.5325],
        [76.00927, 20.53318],
        [76.00935, 20.53382],
        [76.00969, 20.53463],
        [76.00991, 20.53516],
        [76.01005, 20.53598],
        [76.00993, 20.53653],
        [76.00956, 20.53723],
        [76.00919, 20.53775],
        [76.00902, 20.53831],
        [76.00859, 20.53849],
        [76.00835, 20.53839],
        [76.00814, 20.53817],
        [76.00804, 20.53727],
        [76.00776, 20.53655],
        [76.00756, 20.53594],
        [76.00697, 20.5348],
        [76.00656, 20.53407],
        [76.00624, 20.53355],
        [76.00555, 20.53282],
        [76.00511, 20.53254],
        [76.00434, 20.53208],
        [76.00338, 20.53165],
        [76.00194, 20.53131],
        [76.0016, 20.53118],
        [76.00141, 20.53083],
        [76.00109, 20.52958],
        [76.00101, 20.52936],
        [75.99917, 20.53019],
        [75.99863, 20.53052],
        [75.99833, 20.53064],
        [75.99802, 20.53071],
        [75.99771, 20.53073],
        [75.99735, 20.53079],
        [75.99702, 20.53097],
        [75.99678, 20.53124],
        [75.99665, 20.53158],
        [75.99662, 20.53176],
        [75.99662, 20.53356],
        [75.99666, 20.53389],
        [75.99652, 20.53419],
        [75.99626, 20.53438],
        [75.99594, 20.53443],
        [75.99469, 20.53427],
        [75.99424, 20.53422],
        [75.99394, 20.53427],
        [75.99365, 20.53437],
        [75.99339, 20.53453],
        [75.99279, 20.5356],
        [75.99263, 20.53577],
        [75.99243, 20.53587],
        [75.9922, 20.53588],
        [75.99198, 20.53581],
        [75.9918, 20.5357],
        [75.99167, 20.53553],
        [75.99162, 20.53532],
        [75.99166, 20.53511],
        [75.99172, 20.53464],
        [75.99171, 20.53426],
        [75.99169, 20.53388],
        [75.99164, 20.53351],
        [75.99157, 20.53314],
        [75.99149, 20.53277],
        [75.99139, 20.5324],
        [75.99126, 20.53204],
        [75.99112, 20.53169],
        [75.99109, 20.5315],
        [75.99102, 20.53132],
        [75.99091, 20.53116],
        [75.99078, 20.53102],
        [75.99063, 20.5309],
        [75.99028, 20.53076],
        [75.98973, 20.53077],
        [75.98939, 20.53078],
        [75.98906, 20.53075],
        [75.98873, 20.53068],
        [75.98842, 20.53057],
        [75.98813, 20.53053],
        [75.98785, 20.5305],
        [75.98756, 20.53047],
        [75.98728, 20.53044],
        [75.98699, 20.53042],
        [75.9867, 20.5304],
        [75.98642, 20.53039],
        [75.98613, 20.53038],
        [75.98584, 20.53038],
        [75.98559, 20.53038],
        [75.98533, 20.53036],
        [75.98508, 20.53033],
        [75.98483, 20.53029],
        [75.98458, 20.53023],
        [75.98433, 20.53015],
        [75.9841, 20.53007],
        [75.98386, 20.52996],
        [75.98363, 20.52985],
        [75.98344, 20.52973],
        [75.98324, 20.52963],
        [75.98304, 20.52954],
        [75.98283, 20.52947],
        [75.98261, 20.52942],
        [75.98239, 20.52938],
        [75.98217, 20.52935],
        [75.98195, 20.52934],
        [75.98172, 20.52934],
        [75.98139, 20.52928],
        [75.98106, 20.52922],
        [75.98072, 20.52917],
        [75.98039, 20.52913],
        [75.98005, 20.5291],
        [75.97971, 20.52907],
        [75.97938, 20.52905],
        [75.97904, 20.52904],
        [75.9787, 20.52904],
        [75.97832, 20.5291],
        [75.97813, 20.52917],
        [75.97796, 20.52926],
        [75.9778, 20.52937],
        [75.97766, 20.52951],
        [75.97754, 20.52965],
        [75.97744, 20.52982],
        [75.97735, 20.52999],
        [75.97702, 20.53167],
        [75.97675, 20.53193],
        [75.9764, 20.53203],
        [75.97604, 20.53196],
        [75.97575, 20.53173],
        [75.97479, 20.53084],
        [75.97458, 20.53069],
        [75.97428, 20.53077],
        [75.97351, 20.53142],
        [75.97332, 20.53155],
        [75.97311, 20.53163],
        [75.97294, 20.53151],
        [75.97286, 20.53068],
        [75.97273, 20.53038],
        [75.97253, 20.53012],
        [75.97237, 20.52997],
        [75.9722, 20.52976],
        [75.97207, 20.52952],
        [75.972, 20.52926],
        [75.97198, 20.52899],
        [75.97173, 20.52878],
        [75.97087, 20.52901],
        [75.97056, 20.52745],
        [75.97023, 20.52492],
        [75.9699, 20.52241],
        [75.96983, 20.52222],
        [75.96878, 20.52225],
        [75.96821, 20.5223],
        [75.96763, 20.52235],
        [75.96705, 20.52242],
        [75.96648, 20.52251],
        [75.96591, 20.5226],
        [75.96534, 20.52271],
        [75.96478, 20.52283],
        [75.96422, 20.52297],
        [75.96366, 20.52312],
        [75.96329, 20.52321],
        [75.96294, 20.52333],
        [75.96261, 20.52348],
        [75.96228, 20.52367],
        [75.96197, 20.52388],
        [75.96169, 20.52411],
        [75.96142, 20.52437],
        [75.96118, 20.52466],
        [75.96097, 20.52496],
        [75.96003, 20.5262],
        [75.95879, 20.52536],
        [75.95846, 20.52516],
        [75.95814, 20.52493],
        [75.95785, 20.52467],
        [75.95757, 20.5244],
        [75.95732, 20.5241],
        [75.95709, 20.52378],
        [75.95689, 20.52345],
        [75.95672, 20.5231],
        [75.95657, 20.52274],
        [75.9565, 20.52248],
        [75.95637, 20.52224],
        [75.95619, 20.52203],
        [75.95597, 20.52187],
        [75.95263, 20.52015],
        [75.94952, 20.51871],
        [75.94933, 20.51862],
        [75.94917, 20.5185],
        [75.94902, 20.51835],
        [75.94891, 20.51818],
        [75.94882, 20.51799],
        [75.94877, 20.51779],
        [75.94875, 20.51759],
        [75.94877, 20.51738],
        [75.94882, 20.51718],
        [75.94887, 20.5169],
        [75.94891, 20.51662],
        [75.94894, 20.51633],
        [75.94896, 20.51605],
        [75.94897, 20.51576],
        [75.94898, 20.51548],
        [75.94897, 20.51519],
        [75.94895, 20.51491],
        [75.94892, 20.51462],
        [75.94838, 20.5117],
        [75.94832, 20.5114],
        [75.94824, 20.5111],
        [75.94816, 20.51081],
        [75.94807, 20.51051],
        [75.94798, 20.51022],
        [75.94787, 20.50993],
        [75.94776, 20.50964],
        [75.94765, 20.50936],
        [75.94752, 20.50908],
        [75.94731, 20.50871],
        [75.94709, 20.50835],
        [75.94686, 20.50799],
        [75.94661, 20.50764],
        [75.94636, 20.5073],
        [75.94609, 20.50697],
        [75.94582, 20.50665],
        [75.94553, 20.50633],
        [75.94524, 20.50602],
        [75.94406, 20.505],
        [75.94148, 20.50306],
        [75.94124, 20.50288],
        [75.94105, 20.50265],
        [75.94093, 20.50238],
        [75.94087, 20.50209],
        [75.94091, 20.50067],
        [75.94087, 20.50046],
        [75.94086, 20.50025],
        [75.94084, 20.50004],
        [75.94081, 20.49983],
        [75.94078, 20.49962],
        [75.94074, 20.49941],
        [75.9407, 20.49921],
        [75.94065, 20.499],
        [75.94059, 20.4988],
        [75.94059, 20.49831],
        [75.94058, 20.49783],
        [75.94058, 20.49734],
        [75.94058, 20.49685],
        [75.94059, 20.49637],
        [75.94061, 20.49588],
        [75.94062, 20.4954],
        [75.94065, 20.49491],
        [75.94067, 20.49442],
        [75.9407, 20.49408],
        [75.94074, 20.49375],
        [75.94079, 20.49341],
        [75.94085, 20.49308],
        [75.94093, 20.49274],
        [75.94101, 20.49241],
        [75.9411, 20.49208],
        [75.9412, 20.49176],
        [75.94131, 20.49144],
        [75.94139, 20.49111],
        [75.9415, 20.4908],
        [75.94163, 20.49049],
        [75.94178, 20.49019],
        [75.94232, 20.49011],
        [75.94251, 20.4902],
        [75.94271, 20.49023],
        [75.94292, 20.49019],
        [75.94311, 20.4901],
        [75.94324, 20.48981],
        [75.9433, 20.48959],
        [75.94337, 20.48938],
        [75.94345, 20.48917],
        [75.94353, 20.48896],
        [75.94362, 20.48875],
        [75.94372, 20.48855],
        [75.94383, 20.48835],
        [75.94394, 20.48816],
        [75.94376, 20.48715],
        [75.94373, 20.48691],
        [75.94371, 20.48667],
        [75.94372, 20.48643],
        [75.94375, 20.4862],
        [75.94379, 20.48596],
        [75.94386, 20.48573],
        [75.94394, 20.4855],
        [75.94404, 20.48529],
        [75.94416, 20.48508],
        [75.94441, 20.48492],
        [75.94463, 20.48473],
        [75.94483, 20.4845],
        [75.945, 20.48426],
        [75.94517, 20.48397],
        [75.94539, 20.48367],
        [75.94563, 20.48339],
        [75.9459, 20.48313],
        [75.94627, 20.4829],
        [75.94656, 20.48275],
        [75.94658, 20.48241],
        [75.94658, 20.4822],
        [75.9466, 20.48198],
        [75.94662, 20.48177],
        [75.94666, 20.48156],
        [75.94671, 20.48135],
        [75.94677, 20.48114],
        [75.94684, 20.48093],
        [75.94692, 20.48073],
        [75.94702, 20.48054],
        [75.94699, 20.48018],
        [75.94707, 20.47984],
        [75.94724, 20.47952],
        [75.9475, 20.47928],
        [75.94778, 20.4791],
        [75.94797, 20.47888],
        [75.94811, 20.47862],
        [75.94818, 20.47833],
        [75.94817, 20.47803],
        [75.94814, 20.47771],
        [75.94814, 20.47739],
        [75.94818, 20.47707],
        [75.94825, 20.47676],
        [75.94842, 20.4765],
        [75.94848, 20.4762],
        [75.94827, 20.4759],
        [75.94816, 20.47567],
        [75.94809, 20.47543],
        [75.94805, 20.47519],
        [75.94805, 20.47494],
        [75.94812, 20.47476],
        [75.94821, 20.47459],
        [75.94831, 20.47443],
        [75.94843, 20.47428],
        [75.94849, 20.47407],
        [75.94854, 20.47378],
        [75.94863, 20.4735],
        [75.94878, 20.47325],
        [75.94897, 20.47302],
        [75.95072, 20.47282],
        [75.9549, 20.47294],
        [75.9547, 20.47262],
        [75.95454, 20.47232],
        [75.95439, 20.47202],
        [75.95425, 20.47171],
        [75.95411, 20.4714],
        [75.95399, 20.47109],
        [75.95387, 20.47077],
        [75.95377, 20.47044],
        [75.95367, 20.47012],
        [75.95359, 20.46979],
        [75.95345, 20.46931],
        [75.95331, 20.46883],
        [75.95315, 20.46835],
        [75.95298, 20.46788],
        [75.95281, 20.46741],
        [75.95262, 20.46695],
        [75.95242, 20.46649],
        [75.95221, 20.46603],
        [75.952, 20.46558],
        [75.95196, 20.46527],
        [75.95231, 20.46514],
        [75.95257, 20.46518],
        [75.95283, 20.46521],
        [75.95309, 20.46524],
        [75.95335, 20.46526],
        [75.95361, 20.46527],
        [75.95388, 20.46528],
        [75.95414, 20.46528],
        [75.9544, 20.46528],
        [75.95466, 20.46526],
        [75.9549, 20.4653],
        [75.95515, 20.46532],
        [75.9554, 20.46532],
        [75.95564, 20.4653],
        [75.95565, 20.46484],
        [75.95571, 20.46214],
        [75.95572, 20.46136],
        [75.95572, 20.46058],
        [75.95573, 20.45979],
        [75.95574, 20.45901],
        [75.95574, 20.45823],
        [75.95575, 20.45745],
        [75.95575, 20.45666],
        [75.95575, 20.45588],
        [75.95575, 20.4551],
        [75.9557, 20.45472],
        [75.95565, 20.45434],
        [75.95559, 20.45397],
        [75.95553, 20.45359],
        [75.95547, 20.45322],
        [75.95541, 20.45284],
        [75.95534, 20.45247],
        [75.95526, 20.45209],
        [75.95519, 20.45172],
        [75.95524, 20.45146],
        [75.95522, 20.4512],
        [75.95512, 20.45095],
        [75.95497, 20.45074],
        [75.95465, 20.45061],
        [75.95443, 20.45055],
        [75.95422, 20.45048],
        [75.95402, 20.45038],
        [75.95382, 20.45027],
        [75.95364, 20.45015],
        [75.95346, 20.45001],
        [75.9533, 20.44986],
        [75.95315, 20.44969],
        [75.95265, 20.44933],
        [75.95214, 20.44896],
        [75.95164, 20.44859],
        [75.95114, 20.44822],
        [75.95064, 20.44785],
        [75.95014, 20.44747],
        [75.94964, 20.4471],
        [75.94915, 20.44672],
        [75.94866, 20.44634],
        [75.94829, 20.44599],
        [75.94794, 20.44564],
        [75.94759, 20.44527],
        [75.94725, 20.4449],
        [75.94692, 20.44452],
        [75.94659, 20.44413],
        [75.94628, 20.44374],
        [75.94597, 20.44333],
        [75.94567, 20.44293],
        [75.94557, 20.44273],
        [75.94538, 20.44261],
        [75.94505, 20.44262],
        [75.94488, 20.44277],
        [75.94452, 20.44281],
        [75.94417, 20.44276],
        [75.94398, 20.4423],
        [75.94388, 20.44188],
        [75.94379, 20.44145],
        [75.9437, 20.44102],
        [75.94363, 20.44059],
        [75.94355, 20.44016],
        [75.94348, 20.43973],
        [75.94342, 20.43929],
        [75.94337, 20.43886],
        [75.94327, 20.43822],
        [75.94318, 20.43759],
        [75.9431, 20.43695],
        [75.94304, 20.43631],
        [75.94298, 20.43567],
        [75.94293, 20.43502],
        [75.9429, 20.43438],
        [75.94287, 20.43374],
        [75.94285, 20.4331],
        [75.94296, 20.43292],
        [75.94302, 20.43272],
        [75.94302, 20.43252],
        [75.94295, 20.43232],
        [75.94283, 20.43215],
        [75.94266, 20.43203],
        [75.94246, 20.43197],
        [75.94225, 20.43196],
        [75.94206, 20.43202],
        [75.93908, 20.432],
        [75.93923, 20.43176],
        [75.93946, 20.4316],
        [75.93977, 20.43142],
        [75.93997, 20.43121],
        [75.94012, 20.43096],
        [75.94022, 20.43069],
        [75.94025, 20.4304],
        [75.94016, 20.43012],
        [75.9401, 20.42984],
        [75.94004, 20.42956],
        [75.94, 20.42927],
        [75.93997, 20.42899],
        [75.93996, 20.4287],
        [75.93996, 20.42841],
        [75.93998, 20.42813],
        [75.94001, 20.42784],
        [75.94007, 20.42743],
        [75.94017, 20.42703],
        [75.94033, 20.42665],
        [75.94053, 20.42629],
        [75.94077, 20.42596],
        [75.94105, 20.42565],
        [75.94136, 20.42539],
        [75.94171, 20.42516],
        [75.94208, 20.42498],
        [75.94235, 20.42477],
        [75.9426, 20.42453],
        [75.94281, 20.42427],
        [75.94299, 20.42398],
        [75.94303, 20.42368],
        [75.943, 20.42337],
        [75.94305, 20.42306],
        [75.94317, 20.42278],
        [75.94336, 20.42253],
        [75.94349, 20.42235],
        [75.9436, 20.42216],
        [75.94369, 20.42195],
        [75.94376, 20.42174],
        [75.94381, 20.42152],
        [75.94384, 20.4213],
        [75.94385, 20.42107],
        [75.94354, 20.41966],
        [75.94347, 20.41931],
        [75.9434, 20.41895],
        [75.94334, 20.41859],
        [75.94327, 20.41823],
        [75.94321, 20.41787],
        [75.94315, 20.41752],
        [75.94309, 20.41716],
        [75.94304, 20.4168],
        [75.94298, 20.41644],
        [75.94299, 20.41624],
        [75.94302, 20.41605],
        [75.94307, 20.41586],
        [75.94315, 20.41568],
        [75.94324, 20.41551],
        [75.94335, 20.41535],
        [75.94348, 20.41521],
        [75.94362, 20.41508],
        [75.94378, 20.41497],
        [75.94429, 20.4151],
        [75.94463, 20.41516],
        [75.94498, 20.41521],
        [75.94533, 20.41524],
        [75.94557, 20.41514],
        [75.9458, 20.41502],
        [75.94602, 20.41486],
        [75.94621, 20.41468],
        [75.94638, 20.41448],
        [75.94653, 20.41427],
        [75.94665, 20.41403],
        [75.94674, 20.41379],
        [75.9468, 20.41353],
        [75.94693, 20.41325],
        [75.94705, 20.41297],
        [75.94715, 20.41268],
        [75.94723, 20.41238],
        [75.9473, 20.41208],
        [75.94735, 20.41178],
        [75.94738, 20.41148],
        [75.9474, 20.41117],
        [75.9474, 20.41086],
        [75.94734, 20.41068],
        [75.94728, 20.4105],
        [75.94722, 20.41031],
        [75.94717, 20.41013],
        [75.94711, 20.40994],
        [75.94706, 20.40976],
        [75.94701, 20.40957],
        [75.94697, 20.40938],
        [75.94692, 20.40919],
        [75.94694, 20.40894],
        [75.94697, 20.40868],
        [75.94701, 20.40843],
        [75.94707, 20.40818],
        [75.94714, 20.40794],
        [75.94722, 20.4077],
        [75.94732, 20.40746],
        [75.94743, 20.40723],
        [75.94756, 20.40701],
        [75.9477, 20.40668],
        [75.94783, 20.40634],
        [75.94795, 20.40601],
        [75.94805, 20.40566],
        [75.94813, 20.40531],
        [75.9482, 20.40496],
        [75.94825, 20.40461],
        [75.94829, 20.40425],
        [75.94832, 20.40389],
        [75.94831, 20.40332],
        [75.94831, 20.40274],
        [75.94833, 20.40217],
        [75.94835, 20.40159],
        [75.94838, 20.40102],
        [75.94842, 20.40044],
        [75.94847, 20.39987],
        [75.94853, 20.3993],
        [75.9486, 20.39873],
        [75.94857, 20.39845],
        [75.94858, 20.39818],
        [75.94862, 20.39791],
        [75.94868, 20.39764],
        [75.94877, 20.39739],
        [75.94889, 20.39714],
        [75.94903, 20.39691],
        [75.9492, 20.39669],
        [75.94939, 20.3965],
        [75.94954, 20.39623],
        [75.94961, 20.39594],
        [75.94958, 20.39564],
        [75.94948, 20.39535],
        [75.94933, 20.39508],
        [75.94923, 20.39477],
        [75.94915, 20.39446],
        [75.9491, 20.39415],
        [75.94907, 20.39383],
        [75.94908, 20.3936],
        [75.94912, 20.39338],
        [75.94919, 20.39316],
        [75.94929, 20.39296],
        [75.94942, 20.39277],
        [75.94957, 20.39261],
        [75.94975, 20.39246],
        [75.94995, 20.39235],
        [75.95016, 20.39226],
        [75.95039, 20.39196],
        [75.95062, 20.39164],
        [75.95082, 20.39131],
        [75.951, 20.39097],
        [75.95117, 20.39062],
        [75.95131, 20.39026],
        [75.95144, 20.3899],
        [75.95155, 20.38953],
        [75.95163, 20.38915],
        [75.95168, 20.38888],
        [75.95174, 20.38862],
        [75.95182, 20.38836],
        [75.95193, 20.38811],
        [75.95205, 20.38787],
        [75.95219, 20.38763],
        [75.95234, 20.38741],
        [75.95252, 20.3872],
        [75.95271, 20.38701],
        [75.95294, 20.38684],
        [75.95318, 20.38669],
        [75.95342, 20.38655],
        [75.95368, 20.38641],
        [75.95393, 20.38629],
        [75.9542, 20.38619],
        [75.95447, 20.38609],
        [75.95474, 20.386],
        [75.95501, 20.38593],
        [75.95557, 20.38579],
        [75.95612, 20.38564],
        [75.95667, 20.38547],
        [75.95721, 20.38529],
        [75.95775, 20.3851],
        [75.95829, 20.3849],
        [75.95882, 20.38468],
        [75.95935, 20.38446],
        [75.95987, 20.38422],
        [75.96016, 20.38414],
        [75.96044, 20.38402],
        [75.9607, 20.38387],
        [75.96093, 20.38368],
        [75.96114, 20.38347],
        [75.96133, 20.38323],
        [75.96147, 20.38296],
        [75.96158, 20.38268],
        [75.96166, 20.38239],
        [75.96168, 20.38195],
        [75.96173, 20.38152],
        [75.96182, 20.38109],
        [75.96194, 20.38066],
        [75.96209, 20.38025],
        [75.96228, 20.37986],
        [75.96249, 20.37947],
        [75.96274, 20.37911],
        [75.96301, 20.37877],
        [75.96335, 20.37843],
        [75.96367, 20.37808],
        [75.96398, 20.37772],
        [75.96427, 20.37734],
        [75.96455, 20.37696],
        [75.96481, 20.37656],
        [75.96505, 20.37615],
        [75.96527, 20.37573],
        [75.96548, 20.3753],
        [75.96561, 20.37513],
        [75.96574, 20.37495],
        [75.96586, 20.37476],
        [75.96596, 20.37457],
        [75.96606, 20.37438],
        [75.96615, 20.37418],
        [75.96623, 20.37397],
        [75.96629, 20.37376],
        [75.96635, 20.37355],
        [75.96637, 20.37326],
        [75.9664, 20.37297],
        [75.96643, 20.37268],
        [75.96647, 20.3724],
        [75.96651, 20.37211],
        [75.96655, 20.37182],
        [75.9666, 20.37154],
        [75.96665, 20.37125],
        [75.96671, 20.37097],
        [75.96672, 20.3707],
        [75.96671, 20.37043],
        [75.96667, 20.37016],
        [75.9666, 20.3699],
        [75.96565, 20.36996],
        [75.96168, 20.37164],
        [75.96009, 20.37228],
        [75.95989, 20.37124],
        [75.95922, 20.36734],
        [75.95891, 20.36613],
        [75.95858, 20.3662],
        [75.95837, 20.36625],
        [75.95815, 20.36631],
        [75.95794, 20.36637],
        [75.95706, 20.36662],
        [75.95617, 20.36688],
        [75.95529, 20.36715],
        [75.95441, 20.36743],
        [75.95354, 20.36772],
        [75.95266, 20.36801],
        [75.95179, 20.36832],
        [75.95093, 20.36863],
        [75.95006, 20.36896],
        [75.94923, 20.36919],
        [75.94839, 20.36939],
        [75.94753, 20.36955],
        [75.94668, 20.36968],
        [75.94582, 20.36977],
        [75.94495, 20.36983],
        [75.94408, 20.36985],
        [75.94322, 20.36984],
        [75.94222, 20.3698],
        [75.94196, 20.36976],
        [75.94174, 20.36963],
        [75.94157, 20.36942],
        [75.94149, 20.36917],
        [75.94125, 20.36551],
        [75.94121, 20.36077],
        [75.94141, 20.35591],
        [75.94137, 20.35166],
        [75.94121, 20.34816],
        [75.94097, 20.3445],
        [75.94117, 20.34199],
        [75.94117, 20.34156],
        [75.94097, 20.34128],
        [75.94061, 20.34108],
        [75.9397, 20.34067],
        [75.93668, 20.33948],
        [75.93425, 20.33861],
        [75.93393, 20.33837],
        [75.93273, 20.33545],
        [75.93246, 20.33466],
        [75.93219, 20.33386],
        [75.93192, 20.33307],
        [75.93166, 20.33228],
        [75.9314, 20.33148],
        [75.93114, 20.33069],
        [75.93089, 20.32989],
        [75.93063, 20.32909],
        [75.93038, 20.32829],
        [75.93034, 20.32801],
        [75.93025, 20.32773],
        [75.93014, 20.32746],
        [75.92999, 20.32722],
        [75.92981, 20.32699],
        [75.92961, 20.32678],
        [75.92938, 20.3266],
        [75.92913, 20.32645],
        [75.92887, 20.32633],
        [75.92821, 20.32585],
        [75.92755, 20.32536],
        [75.9269, 20.32486],
        [75.92626, 20.32435],
        [75.92563, 20.32383],
        [75.925, 20.32329],
        [75.92439, 20.32275],
        [75.92378, 20.3222],
        [75.92318, 20.32164],
        [75.92294, 20.32149],
        [75.92271, 20.32132],
        [75.9225, 20.32113],
        [75.92231, 20.32092],
        [75.92224, 20.32026],
        [75.92225, 20.31971],
        [75.92226, 20.31916],
        [75.92228, 20.31861],
        [75.92229, 20.31807],
        [75.9223, 20.31752],
        [75.92232, 20.31697],
        [75.92233, 20.31642],
        [75.92235, 20.31587],
        [75.92232, 20.31535],
        [75.92232, 20.31483],
        [75.92237, 20.31431],
        [75.92244, 20.3138],
        [75.92256, 20.31329],
        [75.9227, 20.31279],
        [75.92288, 20.3123],
        [75.9231, 20.31183],
        [75.92335, 20.31137],
        [75.92368, 20.3106],
        [75.92404, 20.30983],
        [75.92442, 20.30908],
        [75.92482, 20.30833],
        [75.92524, 20.3076],
        [75.92568, 20.30688],
        [75.92614, 20.30618],
        [75.92663, 20.30549],
        [75.92713, 20.30481],
        [75.92744, 20.30445],
        [75.92773, 20.30409],
        [75.92803, 20.30372],
        [75.92831, 20.30335],
        [75.92858, 20.30297],
        [75.92885, 20.30258],
        [75.92911, 20.30219],
        [75.92936, 20.30179],
        [75.9296, 20.30139],
        [75.93006, 20.30108],
        [75.93054, 20.30082],
        [75.93103, 20.30059],
        [75.93155, 20.30039],
        [75.93208, 20.30024],
        [75.93261, 20.30013],
        [75.93316, 20.30006],
        [75.9337, 20.30003],
        [75.93425, 20.30004],
        [75.9347, 20.30013],
        [75.93515, 20.30021],
        [75.9356, 20.30028],
        [75.93606, 20.30033],
        [75.93652, 20.30037],
        [75.93697, 20.3004],
        [75.93743, 20.30041],
        [75.93789, 20.30041],
        [75.93835, 20.3004],
        [75.93923, 20.30032],
        [75.94011, 20.30025],
        [75.94099, 20.30018],
        [75.94187, 20.30011],
        [75.94275, 20.30004],
        [75.94363, 20.29997],
        [75.94451, 20.2999],
        [75.94539, 20.29983],
        [75.94627, 20.29976],
        [75.94655, 20.29967],
        [75.94683, 20.29958],
        [75.94711, 20.29949],
        [75.94739, 20.29939],
        [75.94766, 20.29929],
        [75.94794, 20.2992],
        [75.94821, 20.29909],
        [75.94849, 20.29899],
        [75.94876, 20.29889],
        [75.94881, 20.29916],
        [75.94887, 20.29944],
        [75.94892, 20.29971],
        [75.94898, 20.29999],
        [75.94904, 20.30026],
        [75.9491, 20.30053],
        [75.94916, 20.30081],
        [75.94922, 20.30108],
        [75.94928, 20.3014],
        [75.94932, 20.30159],
        [75.94944, 20.30175],
        [75.94975, 20.30171],
        [75.95015, 20.30167],
        [75.95058, 20.30179],
        [75.951, 20.30193],
        [75.95142, 20.30207],
        [75.95184, 20.30222],
        [75.95225, 20.30239],
        [75.95266, 20.30256],
        [75.95306, 20.30275],
        [75.95346, 20.30294],
        [75.95386, 20.30315],
        [75.95413, 20.30324],
        [75.9544, 20.30334],
        [75.95466, 20.30345],
        [75.95493, 20.30356],
        [75.95519, 20.30368],
        [75.95545, 20.3038],
        [75.9557, 20.30394],
        [75.95595, 20.30408],
        [75.9562, 20.30422],
        [75.95654, 20.30452],
        [75.95688, 20.30481],
        [75.95724, 20.3051],
        [75.9576, 20.30537],
        [75.95796, 20.30563],
        [75.95834, 20.30588],
        [75.95872, 20.30612],
        [75.95911, 20.30635],
        [75.9595, 20.30657],
        [75.95977, 20.30677],
        [75.96003, 20.30697],
        [75.96029, 20.30717],
        [75.96055, 20.30737],
        [75.96081, 20.30758],
        [75.96106, 20.30779],
        [75.96131, 20.308],
        [75.96156, 20.30822],
        [75.96181, 20.30844],
        [75.96194, 20.30864],
        [75.96208, 20.30884],
        [75.96223, 20.30904],
        [75.96237, 20.30924],
        [75.96253, 20.30943],
        [75.96268, 20.30961],
        [75.96285, 20.30979],
        [75.96301, 20.30997],
        [75.96318, 20.31015],
        [75.9634, 20.31034],
        [75.96363, 20.31052],
        [75.96387, 20.31068],
        [75.96412, 20.31083],
        [75.96438, 20.31096],
        [75.96465, 20.31107],
        [75.96492, 20.31117],
        [75.9652, 20.31124],
        [75.96549, 20.3113],
        [75.966, 20.31178],
        [75.96684, 20.31265],
        [75.96727, 20.31345],
        [75.96717, 20.31416],
        [75.96715, 20.31517],
        [75.96802, 20.31533],
        [75.9683, 20.31537],
        [75.96858, 20.31536],
        [75.96886, 20.3153],
        [75.96912, 20.3152],
        [75.96948, 20.31507],
        [75.96983, 20.3149],
        [75.97, 20.31481],
        [75.97016, 20.31471],
        [75.97032, 20.3146],
        [75.97048, 20.31449],
        [75.97063, 20.31437],
        [75.9708, 20.31418],
        [75.971, 20.31402],
        [75.97123, 20.31392],
        [75.97148, 20.31386],
        [75.97182, 20.31386],
        [75.97204, 20.31387],
        [75.97225, 20.31389],
        [75.97247, 20.3139],
        [75.97268, 20.31392],
        [75.97289, 20.31395],
        [75.97311, 20.31397],
        [75.97332, 20.314],
        [75.97353, 20.31403],
        [75.97377, 20.31407],
        [75.974, 20.3141],
        [75.97424, 20.31412],
        [75.97448, 20.31413],
        [75.97472, 20.31413],
        [75.97496, 20.31411],
        [75.97519, 20.31408],
        [75.97543, 20.31404],
        [75.97579, 20.31401],
        [75.97603, 20.31398],
        [75.97626, 20.31387],
        [75.97642, 20.31368],
        [75.97651, 20.31344],
        [75.97643, 20.31325],
        [75.97635, 20.31306],
        [75.97627, 20.31287],
        [75.97619, 20.31268],
        [75.97611, 20.31249],
        [75.97603, 20.3123],
        [75.97595, 20.31211],
        [75.97588, 20.31192],
        [75.97568, 20.31153],
        [75.9755, 20.31113],
        [75.97534, 20.31071],
        [75.97521, 20.3103],
        [75.9751, 20.30987],
        [75.97502, 20.30944],
        [75.97496, 20.309],
        [75.97492, 20.30856],
        [75.97491, 20.30812],
        [75.97525, 20.3081],
        [75.97559, 20.30807],
        [75.97592, 20.30805],
        [75.97626, 20.30803],
        [75.97659, 20.308],
        [75.97693, 20.30798],
        [75.97727, 20.30796],
        [75.9776, 20.30794],
        [75.97794, 20.30792],
        [75.97854, 20.30793],
        [75.97914, 20.30793],
        [75.97973, 20.30792],
        [75.98033, 20.30791],
        [75.98093, 20.3079],
        [75.98153, 20.30788],
        [75.98213, 20.30786],
        [75.98272, 20.30783],
        [75.98332, 20.30781],
        [75.98382, 20.30781],
        [75.98432, 20.30781],
        [75.98483, 20.30781],
        [75.98533, 20.30781],
        [75.98583, 20.30781],
        [75.98633, 20.30781],
        [75.98683, 20.30781],
        [75.98734, 20.30781],
        [75.98784, 20.30781],
        [75.98811, 20.30783],
        [75.98837, 20.30785],
        [75.98864, 20.30788],
        [75.98891, 20.3079],
        [75.98918, 20.30794],
        [75.98944, 20.30797],
        [75.98971, 20.308],
        [75.98998, 20.30804],
        [75.99024, 20.30809],
        [75.99045, 20.30823],
        [75.99064, 20.30839],
        [75.99081, 20.30856],
        [75.99098, 20.30875],
        [75.99112, 20.30895],
        [75.99125, 20.30917],
        [75.99137, 20.30939],
        [75.99146, 20.30962],
        [75.99153, 20.30992],
        [75.99163, 20.31018],
        [75.99187, 20.31031],
        [75.99216, 20.31032],
        [75.9924, 20.31034],
        [75.99265, 20.31034],
        [75.9929, 20.31032],
        [75.99315, 20.31029],
        [75.99356, 20.31025],
        [75.99384, 20.31023],
        [75.99412, 20.3102],
        [75.99441, 20.31016],
        [75.99469, 20.31011],
        [75.99497, 20.31006],
        [75.99525, 20.31],
        [75.99552, 20.30993],
        [75.9958, 20.30985],
        [75.99608, 20.30969],
        [75.99633, 20.30949],
        [75.99655, 20.30925],
        [75.99672, 20.30898],
        [75.9969, 20.30878],
        [75.99714, 20.30868],
        [75.99738, 20.30861],
        [75.99763, 20.30857],
        [75.99788, 20.30855],
        [75.99795, 20.30854],
        [76.00075, 20.30707],
        [76.00189, 20.30693],
        [76.00314, 20.30685],
        [76.00462, 20.30636],
        [76.00342, 20.30271],
        [76.00274, 20.30034],
        [76.00173, 20.29783],
        [76.00165, 20.29531],
        [76.00096, 20.29053],
        [76.0051, 20.28985],
        [76.00875, 20.28925],
        [76.01273, 20.28937],
        [76.01554, 20.28941],
        [76.01558, 20.28888],
        [76.01753, 20.28873],
        [76.01762, 20.2881],
        [76.02088, 20.28806],
        [76.02262, 20.28806],
        [76.02253, 20.29005],
        [76.02895, 20.28855],
        [76.02929, 20.29272],
        [76.02944, 20.29528],
        [76.03018, 20.29901],
        [76.03066, 20.3016],
        [76.03139, 20.30465],
        [76.03283, 20.30789],
        [76.03607, 20.31474],
        [76.03756, 20.31921],
        [76.03848, 20.32184],
        [76.03882, 20.32271],
        [76.03993, 20.32249],
        [76.04216, 20.32685],
        [76.04429, 20.33125],
        [76.04584, 20.33426],
        [76.04726, 20.33709],
        [76.04977, 20.33934],
        [76.05369, 20.34295],
        [76.05767, 20.34318],
        [76.06073, 20.34341],
        [76.063, 20.34413],
        [76.06515, 20.34495],
        [76.06684, 20.34695],
        [76.0686, 20.34879],
        [76.07198, 20.34924],
        [76.07149, 20.3512],
        [76.07348, 20.35157],
        [76.07555, 20.35688],
        [76.07617, 20.35865],
        [76.07904, 20.36083],
        [76.08143, 20.36256],
        [76.08348, 20.36501],
        [76.08468, 20.36663],
        [76.08595, 20.36662],
        [76.08715, 20.36659],
        [76.0868, 20.36136],
        [76.08855, 20.36035],
        [76.0916, 20.3608],
        [76.09355, 20.35952],
        [76.09188, 20.35794],
        [76.09192, 20.35433],
        [76.08855, 20.35312],
        [76.0911, 20.35102],
        [76.09238, 20.34853],
        [76.0924, 20.34797],
        [76.09586, 20.34774],
        [76.09694, 20.34733],
        [76.09905, 20.35008],
        [76.09742, 20.35339],
        [76.10234, 20.35376],
        [76.10633, 20.35395],
        [76.1083, 20.35406],
        [76.10842, 20.34857],
        [76.11115, 20.34917],
        [76.11227, 20.34929],
        [76.11239, 20.34582],
        [76.11586, 20.34552],
        [76.11747, 20.34669],
        [76.11951, 20.34759],
        [76.12023, 20.34586],
        [76.12042, 20.34263],
        [76.12246, 20.34233],
        [76.1233, 20.34168],
        [76.12623, 20.34466],
        [76.12635, 20.33698],
        [76.12642, 20.33619],
        [76.12529, 20.33454],
        [76.12413, 20.33262],
        [76.12401, 20.33142],
        [76.12477, 20.32909],
        [76.12535, 20.3263],
        [76.12439, 20.32529],
        [76.12969, 20.32216],
        [76.12924, 20.31799],
        [76.12692, 20.31573],
        [76.12794, 20.3146],
        [76.13447, 20.31912],
        [76.14019, 20.31607],
        [76.14107, 20.31228],
        [76.143, 20.31299],
        [76.14771, 20.31021],
        [76.14507, 20.30468],
        [76.14258, 20.30509],
        [76.14055, 20.3005],
        [76.14956, 20.29986],
        [76.15421, 20.30219],
        [76.15731, 20.30208],
        [76.15781, 20.30242],
        [76.15972, 20.29926],
        [76.16219, 20.29764],
        [76.16502, 20.2967],
        [76.16679, 20.29591],
        [76.16847, 20.29471],
        [76.1707, 20.29948],
        [76.17198, 20.30238],
        [76.17782, 20.30128],
        [76.18112, 20.30057],
        [76.18509, 20.30031],
        [76.18856, 20.29985],
        [76.19037, 20.30102],
        [76.1938, 20.29978],
        [76.19176, 20.29534],
        [76.19041, 20.29271],
        [76.18863, 20.28887],
        [76.18648, 20.28876],
        [76.18615, 20.28518],
        [76.18533, 20.27939],
        [76.18508, 20.2783],
        [76.18432, 20.27657],
        [76.18228, 20.27281],
        [76.17975, 20.26908],
        [76.17876, 20.26826],
        [76.17907, 20.26536],
        [76.17844, 20.26509],
        [76.17659, 20.26431],
        [76.17359, 20.26261],
        [76.17153, 20.2601],
        [76.16988, 20.25806],
        [76.1686, 20.25427],
        [76.16811, 20.25069],
        [76.16737, 20.24779],
        [76.16708, 20.24491],
        [76.16654, 20.23869],
        [76.16372, 20.23863],
        [76.15827, 20.23802],
        [76.15269, 20.23744],
        [76.14979, 20.23721],
        [76.14915, 20.23615],
        [76.14851, 20.23522],
        [76.14617, 20.23314],
        [76.14511, 20.23213],
        [76.14389, 20.23146],
        [76.14322, 20.23127],
        [76.14177, 20.23117],
        [76.13902, 20.23098],
        [76.13854, 20.23018],
        [76.13806, 20.22919],
        [76.13726, 20.22743],
        [76.13633, 20.22621],
        [76.13537, 20.22506],
        [76.13324, 20.22242],
        [76.13433, 20.22011],
        [76.13558, 20.21902],
        [76.13699, 20.21758],
        [76.13812, 20.21646],
        [76.13844, 20.21565],
        [76.13863, 20.21491],
        [76.13895, 20.21337],
        [76.13921, 20.21241],
        [76.14273, 20.21071],
        [76.14748, 20.20862],
        [76.14809, 20.20807],
        [76.14966, 20.20593],
        [76.14857, 20.20417],
        [76.14495, 20.19919],
        [76.14453, 20.19903],
        [76.14415, 20.19903],
        [76.14325, 20.19893],
        [76.14226, 20.19884],
        [76.14146, 20.1989],
        [76.14043, 20.19877],
        [76.14025, 20.19868],
        [76.14006, 20.19863],
        [76.13977, 20.19861],
        [76.13957, 20.19865],
        [76.1392, 20.1987],
        [76.13883, 20.19874],
        [76.13846, 20.19876],
        [76.13809, 20.19875],
        [76.1354, 20.19889],
        [76.13218, 20.19862],
        [76.13212, 20.19839],
        [76.13219, 20.19808],
        [76.1322, 20.19788],
        [76.1322, 20.19768],
        [76.13219, 20.19747],
        [76.13217, 20.19727],
        [76.13213, 20.19707],
        [76.13209, 20.19687],
        [76.13204, 20.19668],
        [76.13197, 20.19649],
        [76.13193, 20.19629],
        [76.13192, 20.19608],
        [76.13197, 20.19588],
        [76.13205, 20.19569],
        [76.13212, 20.1955],
        [76.13213, 20.19529],
        [76.13213, 20.19507],
        [76.13212, 20.19486],
        [76.13209, 20.19465],
        [76.13216, 20.19432],
        [76.13228, 20.19401],
        [76.13233, 20.19382],
        [76.13236, 20.1936],
        [76.13235, 20.19338],
        [76.13232, 20.19316],
        [76.13226, 20.19294],
        [76.13229, 20.19275],
        [76.13236, 20.19256],
        [76.13245, 20.19239],
        [76.13258, 20.19224],
        [76.13277, 20.19205],
        [76.13297, 20.19177],
        [76.13313, 20.19147],
        [76.13322, 20.19114],
        [76.13326, 20.19079],
        [76.13339, 20.19055],
        [76.13354, 20.19032],
        [76.13373, 20.18998],
        [76.13377, 20.18976],
        [76.1338, 20.18954],
        [76.13382, 20.18932],
        [76.13383, 20.1891],
        [76.13383, 20.18878],
        [76.13392, 20.18847],
        [76.134, 20.1883],
        [76.13404, 20.18808],
        [76.13403, 20.18785],
        [76.13396, 20.18764],
        [76.13385, 20.18745],
        [76.13372, 20.18721],
        [76.13364, 20.18695],
        [76.13359, 20.18668],
        [76.13359, 20.18641],
        [76.13365, 20.18608],
        [76.13368, 20.1859],
        [76.1337, 20.18571],
        [76.13371, 20.18552],
        [76.1337, 20.18533],
        [76.13368, 20.18514],
        [76.13365, 20.18495],
        [76.13361, 20.18477],
        [76.13356, 20.18459],
        [76.13337, 20.18436],
        [76.13319, 20.18413],
        [76.13301, 20.18389],
        [76.13282, 20.18366],
        [76.13264, 20.18342],
        [76.13247, 20.18318],
        [76.13229, 20.18295],
        [76.13211, 20.18271],
        [76.13194, 20.18247],
        [76.13167, 20.18237],
        [76.13141, 20.18229],
        [76.13113, 20.18221],
        [76.13086, 20.18213],
        [76.13057, 20.1821],
        [76.13027, 20.18203],
        [76.12999, 20.18189],
        [76.12976, 20.18168],
        [76.12958, 20.18143],
        [76.12949, 20.18125],
        [76.12939, 20.18108],
        [76.12929, 20.18091],
        [76.12919, 20.18073],
        [76.12909, 20.18056],
        [76.12898, 20.18039],
        [76.12888, 20.18022],
        [76.12877, 20.18005],
        [76.12867, 20.17988],
        [76.1285, 20.17971],
        [76.12832, 20.17954],
        [76.12814, 20.17939],
        [76.12794, 20.17924],
        [76.12776, 20.1791],
        [76.12763, 20.17893],
        [76.12757, 20.17872],
        [76.12757, 20.1785],
        [76.12763, 20.1783],
        [76.12764, 20.17795],
        [76.12757, 20.17761],
        [76.12742, 20.1773],
        [76.1272, 20.17703],
        [76.12694, 20.17676],
        [76.12681, 20.17661],
        [76.12667, 20.17646],
        [76.12653, 20.17631],
        [76.12638, 20.17618],
        [76.12622, 20.17604],
        [76.12606, 20.17592],
        [76.1259, 20.1758],
        [76.12573, 20.17568],
        [76.12556, 20.1755],
        [76.1254, 20.1753],
        [76.12526, 20.17508],
        [76.12514, 20.17485],
        [76.12499, 20.17464],
        [76.12478, 20.17445],
        [76.12457, 20.17426],
        [76.12436, 20.17407],
        [76.12415, 20.17389],
        [76.12397, 20.17376],
        [76.12383, 20.17359],
        [76.12374, 20.17339],
        [76.1237, 20.17318],
        [76.12377, 20.17295],
        [76.12391, 20.17271],
        [76.12406, 20.17248],
        [76.1242, 20.17224],
        [76.12435, 20.17201],
        [76.1245, 20.17186],
        [76.12461, 20.17168],
        [76.12469, 20.17148],
        [76.12473, 20.17128],
        [76.12474, 20.17107],
        [76.1247, 20.17086],
        [76.12464, 20.17066],
        [76.12454, 20.17048],
        [76.1244, 20.17031],
        [76.12425, 20.17004],
        [76.12412, 20.16975],
        [76.12403, 20.16945],
        [76.12397, 20.16914],
        [76.12396, 20.16884],
        [76.12393, 20.16857],
        [76.12385, 20.16829],
        [76.12374, 20.16804],
        [76.12358, 20.16781],
        [76.12324, 20.1677],
        [76.12289, 20.16765],
        [76.12254, 20.16765],
        [76.12218, 20.1677],
        [76.12188, 20.16779],
        [76.1216, 20.16787],
        [76.12133, 20.16794],
        [76.12104, 20.168],
        [76.12072, 20.16805],
        [76.12063, 20.16784],
        [76.12079, 20.16758],
        [76.12087, 20.16737],
        [76.12095, 20.16716],
        [76.12101, 20.16694],
        [76.12107, 20.16673],
        [76.12112, 20.16651],
        [76.12117, 20.16628],
        [76.1212, 20.16606],
        [76.12123, 20.16584],
        [76.12127, 20.1656],
        [76.12127, 20.16536],
        [76.12123, 20.16513],
        [76.12115, 20.1649],
        [76.12099, 20.16473],
        [76.12078, 20.1646],
        [76.12056, 20.16447],
        [76.12035, 20.16433],
        [76.12013, 20.1642],
        [76.11989, 20.16398],
        [76.11973, 20.16368],
        [76.11969, 20.16336],
        [76.11976, 20.16303],
        [76.11992, 20.16274],
        [76.12007, 20.16243],
        [76.12016, 20.1621],
        [76.12019, 20.16175],
        [76.12015, 20.16141],
        [76.12005, 20.16122],
        [76.1197, 20.16116],
        [76.11945, 20.16122],
        [76.11763, 20.16138],
        [76.11524, 20.16155],
        [76.11418, 20.16168],
        [76.11088, 20.16237],
        [76.10884, 20.16288],
        [76.10859, 20.16183],
        [76.1082, 20.15983],
        [76.10791, 20.15873],
        [76.1073, 20.15703],
        [76.10676, 20.15572],
        [76.1055, 20.15304],
        [76.10656, 20.15152],
        [76.10743, 20.15013],
        [76.10775, 20.1492],
        [76.10791, 20.14818],
        [76.10804, 20.14718],
        [76.10808, 20.14615],
        [76.10839, 20.14498],
        [76.10879, 20.14423],
        [76.10905, 20.14384],
        [76.10839, 20.1429],
        [76.10751, 20.14122],
        [76.10724, 20.14041],
        [76.1068, 20.13812],
        [76.10635, 20.13588],
        [76.10618, 20.13396],
        [76.10618, 20.13308],
        [76.10574, 20.13297],
        [76.10416, 20.13264],
        [76.10171, 20.13193],
        [76.09887, 20.13082],
        [76.09896, 20.12837],
        [76.09912, 20.12581],
        [76.09938, 20.12404],
        [76.09936, 20.12275],
        [76.09931, 20.12028],
        [76.09952, 20.11796],
        [76.09965, 20.11728],
        [76.09967, 20.11675],
        [76.09965, 20.11631],
        [76.09923, 20.11494],
        [76.09816, 20.11194],
        [76.09692, 20.10902],
        [76.09654, 20.10796],
        [76.09625, 20.10657],
        [76.09617, 20.1055],
        [76.09603, 20.10385],
        [76.09611, 20.10076],
        [76.09603, 20.09848],
        [76.09585, 20.09704],
        [76.09582, 20.09634],
        [76.09507, 20.09625],
        [76.09457, 20.0962],
        [76.09435, 20.09624],
        [76.09414, 20.09632],
        [76.09395, 20.09642],
        [76.09377, 20.09655],
        [76.0936, 20.0967],
        [76.09341, 20.0968],
        [76.09319, 20.09686],
        [76.09298, 20.09688],
        [76.09276, 20.09685],
        [76.0925, 20.09664],
        [76.09244, 20.09631],
        [76.09253, 20.09612],
        [76.09257, 20.09587],
        [76.09249, 20.09563],
        [76.09231, 20.09545],
        [76.09207, 20.09538],
        [76.09173, 20.0954],
        [76.09141, 20.09546],
        [76.0911, 20.09558],
        [76.09081, 20.09575],
        [76.09058, 20.0959],
        [76.09039, 20.096],
        [76.09019, 20.09609],
        [76.08999, 20.09617],
        [76.08979, 20.09623],
        [76.08947, 20.09629],
        [76.08916, 20.09634],
        [76.08885, 20.09638],
        [76.08853, 20.09641],
        [76.08822, 20.09645],
        [76.08793, 20.09655],
        [76.08768, 20.09674],
        [76.0875, 20.097],
        [76.0874, 20.09729],
        [76.08735, 20.09758],
        [76.08731, 20.09786],
        [76.08726, 20.09814],
        [76.08722, 20.09843],
        [76.08718, 20.09871],
        [76.08714, 20.099],
        [76.0871, 20.09928],
        [76.08707, 20.09957],
        [76.08701, 20.09996],
        [76.08693, 20.10015],
        [76.08679, 20.10031],
        [76.08661, 20.10041],
        [76.0864, 20.10045],
        [76.0861, 20.10045],
        [76.08581, 20.10038],
        [76.08555, 20.10024],
        [76.08533, 20.10003],
        [76.08522, 20.09975],
        [76.08519, 20.09944],
        [76.08521, 20.09913],
        [76.08527, 20.09883],
        [76.08538, 20.09854],
        [76.08539, 20.09821],
        [76.08501, 20.09812],
        [76.08469, 20.09809],
        [76.08437, 20.09808],
        [76.08405, 20.09808],
        [76.08373, 20.0981],
        [76.08341, 20.09814],
        [76.0831, 20.09819],
        [76.08278, 20.09825],
        [76.08247, 20.09834],
        [76.08201, 20.09849],
        [76.0817, 20.09863],
        [76.08141, 20.09879],
        [76.08113, 20.09898],
        [76.08087, 20.0992],
        [76.08067, 20.09945],
        [76.08043, 20.09967],
        [76.08017, 20.09986],
        [76.07989, 20.10002],
        [76.0796, 20.10014],
        [76.07931, 20.10023],
        [76.079, 20.10027],
        [76.07869, 20.10027],
        [76.07839, 20.10023],
        [76.07809, 20.10021],
        [76.07789, 20.10022],
        [76.0777, 20.10025],
        [76.0775, 20.10031],
        [76.07732, 20.10042],
        [76.07713, 20.10054],
        [76.07694, 20.10065],
        [76.07675, 20.10076],
        [76.07655, 20.10086],
        [76.07635, 20.10096],
        [76.07616, 20.10106],
        [76.07595, 20.10115],
        [76.07575, 20.10124],
        [76.07544, 20.1013],
        [76.07513, 20.10132],
        [76.07482, 20.10132],
        [76.07451, 20.1013],
        [76.07401, 20.10131],
        [76.07367, 20.10138],
        [76.07333, 20.10146],
        [76.073, 20.10156],
        [76.07269, 20.10163],
        [76.0724, 20.1016],
        [76.07212, 20.10152],
        [76.07185, 20.1014],
        [76.07162, 20.10123],
        [76.07139, 20.10111],
        [76.07118, 20.10096],
        [76.07099, 20.10078],
        [76.07083, 20.10058],
        [76.07068, 20.10038],
        [76.07049, 20.10024],
        [76.07027, 20.10012],
        [76.07004, 20.10005],
        [76.0698, 20.10002],
        [76.06958, 20.10006],
        [76.06936, 20.10007],
        [76.06914, 20.10007],
        [76.06892, 20.10004],
        [76.0687, 20.09999],
        [76.06849, 20.09993],
        [76.06829, 20.09984],
        [76.06809, 20.09973],
        [76.06791, 20.0996],
        [76.06763, 20.09938],
        [76.06733, 20.09919],
        [76.06701, 20.09903],
        [76.06667, 20.09891],
        [76.06623, 20.09886],
        [76.06596, 20.09887],
        [76.06569, 20.09889],
        [76.06542, 20.09893],
        [76.06516, 20.09898],
        [76.06489, 20.09904],
        [76.06463, 20.09912],
        [76.06438, 20.09921],
        [76.06404, 20.09944],
        [76.06385, 20.09967],
        [76.06365, 20.0999],
        [76.06343, 20.10011],
        [76.06321, 20.10031],
        [76.0629, 20.10034],
        [76.06258, 20.10031],
        [76.06228, 20.10022],
        [76.06201, 20.10008],
        [76.06178, 20.09989],
        [76.06156, 20.09972],
        [76.06134, 20.09957],
        [76.06109, 20.09945],
        [76.06084, 20.09935],
        [76.06035, 20.09939],
        [76.06003, 20.09946],
        [76.05971, 20.09955],
        [76.05941, 20.09967],
        [76.05919, 20.09969],
        [76.05897, 20.09969],
        [76.05875, 20.09967],
        [76.05853, 20.09962],
        [76.05832, 20.09954],
        [76.05812, 20.09945],
        [76.05793, 20.09933],
        [76.05776, 20.0992],
        [76.0576, 20.09904],
        [76.05739, 20.09886],
        [76.05719, 20.09866],
        [76.057, 20.09845],
        [76.05682, 20.09823],
        [76.05667, 20.09806],
        [76.05643, 20.0979],
        [76.05607, 20.09779],
        [76.05585, 20.09776],
        [76.05562, 20.09768],
        [76.05541, 20.09755],
        [76.05524, 20.09737],
        [76.05511, 20.09716],
        [76.05499, 20.09693],
        [76.05484, 20.09673],
        [76.05466, 20.09654],
        [76.05446, 20.09638],
        [76.05427, 20.09625],
        [76.05416, 20.09606],
        [76.05415, 20.09575],
        [76.05417, 20.09546],
        [76.0542, 20.09516],
        [76.05424, 20.09487],
        [76.05429, 20.09458],
        [76.05433, 20.09429],
        [76.05433, 20.094],
        [76.05429, 20.0937],
        [76.0542, 20.09342],
        [76.05405, 20.09313],
        [76.05399, 20.09295],
        [76.05395, 20.09277],
        [76.05395, 20.09258],
        [76.05396, 20.09236],
        [76.05394, 20.09211],
        [76.05386, 20.09186],
        [76.05374, 20.09164],
        [76.05358, 20.09144],
        [76.05336, 20.09121],
        [76.05316, 20.09096],
        [76.053, 20.09068],
        [76.05287, 20.09039],
        [76.05276, 20.09006],
        [76.05271, 20.08979],
        [76.0527, 20.0896],
        [76.0527, 20.08942],
        [76.05266, 20.08922],
        [76.05262, 20.08903],
        [76.05257, 20.08883],
        [76.05251, 20.08864],
        [76.05245, 20.08845],
        [76.05238, 20.08826],
        [76.05231, 20.08808],
        [76.05223, 20.08789],
        [76.05214, 20.08771],
        [76.05208, 20.08743],
        [76.05203, 20.08714],
        [76.052, 20.08684],
        [76.05198, 20.08655],
        [76.05199, 20.08629],
        [76.05203, 20.08608],
        [76.05207, 20.08586],
        [76.05212, 20.08565],
        [76.05219, 20.08544],
        [76.05354, 20.08579],
        [76.05858, 20.08736],
        [76.06271, 20.08478],
        [76.0635, 20.08408],
        [76.06476, 20.08257],
        [76.06622, 20.08051],
        [76.06662, 20.07957],
        [76.06734, 20.07758],
        [76.068, 20.07609],
        [76.06983, 20.07308],
        [76.06938, 20.07241],
        [76.06818, 20.0714],
        [76.06714, 20.07079],
        [76.06586, 20.07031],
        [76.06465, 20.06966],
        [76.06369, 20.06889],
        [76.06275, 20.06836],
        [76.06123, 20.06781],
        [76.06083, 20.06767],
        [76.06043, 20.06753],
        [76.06003, 20.0674],
        [76.05963, 20.06726],
        [76.05923, 20.06712],
        [76.05883, 20.06698],
        [76.05843, 20.06684],
        [76.05803, 20.0667],
        [76.05763, 20.06656],
        [76.05735, 20.06644],
        [76.05708, 20.06632],
        [76.05682, 20.06618],
        [76.05656, 20.06603],
        [76.05631, 20.06587],
        [76.05606, 20.06571],
        [76.05582, 20.06553],
        [76.05559, 20.06535],
        [76.05537, 20.06515],
        [76.05524, 20.06496],
        [76.05511, 20.06477],
        [76.05498, 20.06457],
        [76.05486, 20.06437],
        [76.05473, 20.06417],
        [76.05462, 20.06397],
        [76.0545, 20.06377],
        [76.05439, 20.06357],
        [76.05427, 20.06337],
        [76.05383, 20.06255],
        [76.05055, 20.0626],
        [76.04731, 20.06284],
        [76.0442, 20.06297],
        [76.04353, 20.06292],
        [76.04281, 20.06276],
        [76.04183, 20.06241],
        [76.04085, 20.06213],
        [76.04043, 20.06208],
        [76.04, 20.06203],
        [76.03958, 20.06199],
        [76.03915, 20.06196],
        [76.03872, 20.06194],
        [76.0383, 20.06193],
        [76.03787, 20.06193],
        [76.03744, 20.06194],
        [76.03701, 20.06196],
        [76.03671, 20.06199],
        [76.03641, 20.06202],
        [76.03611, 20.06203],
        [76.03581, 20.06204],
        [76.03551, 20.06203],
        [76.0352, 20.06201],
        [76.0349, 20.06198],
        [76.0346, 20.06194],
        [76.03431, 20.06189],
        [76.03398, 20.06186],
        [76.03365, 20.06181],
        [76.03333, 20.06175],
        [76.03301, 20.06168],
        [76.03269, 20.0616],
        [76.03237, 20.06151],
        [76.03205, 20.06141],
        [76.03174, 20.06129],
        [76.03144, 20.06117],
        [76.03104, 20.06099],
        [76.03065, 20.06082],
        [76.03024, 20.06067],
        [76.02983, 20.06053],
        [76.02941, 20.06041],
        [76.02899, 20.06031],
        [76.02857, 20.06022],
        [76.02814, 20.06015],
        [76.02771, 20.06009],
        [76.02719, 20.05998],
        [76.02666, 20.05988],
        [76.02614, 20.05978],
        [76.02561, 20.05969],
        [76.02508, 20.0596],
        [76.02456, 20.05951],
        [76.02403, 20.05944],
        [76.0235, 20.05936],
        [76.02297, 20.05929],
        [76.02258, 20.05927],
        [76.02219, 20.05926],
        [76.02181, 20.05925],
        [76.02142, 20.05926],
        [76.02103, 20.05927],
        [76.02064, 20.0593],
        [76.02026, 20.05933],
        [76.01987, 20.05937],
        [76.01949, 20.05942],
        [76.01927, 20.05934],
        [76.01909, 20.05919],
        [76.01899, 20.05898],
        [76.01897, 20.05875],
        [76.01909, 20.05821],
        [76.01919, 20.05777],
        [76.01929, 20.05734],
        [76.01939, 20.05691],
        [76.0195, 20.05648],
        [76.0196, 20.05605],
        [76.01971, 20.05562],
        [76.01981, 20.05519],
        [76.01992, 20.05476],
        [76.02007, 20.05417],
        [76.02022, 20.05358],
        [76.02037, 20.05298],
        [76.02051, 20.05239],
        [76.02064, 20.05179],
        [76.02076, 20.0512],
        [76.02088, 20.0506],
        [76.021, 20.05],
        [76.0211, 20.0494],
        [76.02117, 20.0488],
        [76.02125, 20.04821],
        [76.02132, 20.04761],
        [76.02141, 20.04702],
        [76.02149, 20.04643],
        [76.02158, 20.04583],
        [76.02167, 20.04524],
        [76.02177, 20.04465],
        [76.02187, 20.04406],
        [76.02199, 20.04342],
        [76.0221, 20.04277],
        [76.0222, 20.04213],
        [76.02229, 20.04149],
        [76.02238, 20.04084],
        [76.02247, 20.0402],
        [76.02254, 20.03955],
        [76.02261, 20.0389],
        [76.02267, 20.03825],
        [76.02277, 20.0377],
        [76.02286, 20.03715],
        [76.02294, 20.0366],
        [76.02301, 20.03604],
        [76.02308, 20.03549],
        [76.02315, 20.03493],
        [76.0232, 20.03438],
        [76.02325, 20.03382],
        [76.0233, 20.03326],
        [76.02338, 20.03267],
        [76.02345, 20.03207],
        [76.02351, 20.03147],
        [76.02356, 20.03087],
        [76.02359, 20.03028],
        [76.02362, 20.02968],
        [76.02364, 20.02907],
        [76.02365, 20.02848],
        [76.02365, 20.02787],
        [76.0237, 20.02758],
        [76.02374, 20.02729],
        [76.02376, 20.02699],
        [76.02377, 20.0267],
        [76.02376, 20.0264],
        [76.02373, 20.02611],
        [76.02369, 20.02581],
        [76.02364, 20.02552],
        [76.02357, 20.02524],
        [76.02346, 20.025],
        [76.02334, 20.02476],
        [76.02323, 20.02451],
        [76.02313, 20.02427],
        [76.02266, 20.02389],
        [76.0204, 20.02362],
        [76.01847, 20.02322],
        [76.01572, 20.02283],
        [76.01498, 20.02262],
        [76.01294, 20.02171],
        [76.01137, 20.0212],
        [76.01023, 20.02072],
        [76.00954, 20.02027],
        [76.00937, 20.02015],
        [76.00923, 20.01999],
        [76.00914, 20.0198],
        [76.0091, 20.01959],
        [76.0091, 20.01935],
        [76.009, 20.01911],
        [76.0088, 20.01896],
        [76.00868, 20.01873],
        [76.00864, 20.01848],
        [76.0085, 20.0182],
        [76.0083, 20.01796],
        [76.00817, 20.01778],
        [76.00814, 20.01759],
        [76.00814, 20.01737],
        [76.00807, 20.01714],
        [76.00796, 20.01693],
        [76.00779, 20.01675],
        [76.00759, 20.01663],
        [76.00741, 20.01648],
        [76.00726, 20.01631],
        [76.00713, 20.01611],
        [76.00704, 20.0159],
        [76.00699, 20.0157],
        [76.00692, 20.01551],
        [76.00682, 20.01534],
        [76.0067, 20.01518],
        [76.00654, 20.01506],
        [76.00634, 20.01483],
        [76.0062, 20.01456],
        [76.00613, 20.01426],
        [76.00615, 20.01395],
        [76.00618, 20.01369],
        [76.00615, 20.01347],
        [76.0061, 20.01326],
        [76.00602, 20.01305],
        [76.00592, 20.01286],
        [76.00585, 20.01261],
        [76.00578, 20.01239],
        [76.00558, 20.01242],
        [76.00531, 20.01256],
        [76.00504, 20.01271],
        [76.00478, 20.01286],
        [76.00451, 20.01302],
        [76.00426, 20.01318],
        [76.004, 20.01335],
        [76.00375, 20.01352],
        [76.0035, 20.0137],
        [76.00326, 20.01388],
        [76.00306, 20.01391],
        [76.00286, 20.01391],
        [76.00267, 20.01388],
        [76.00248, 20.01383],
        [76.00222, 20.01372],
        [76.00191, 20.01355],
        [76.00161, 20.01336],
        [76.00133, 20.01315],
        [76.00106, 20.01292],
        [76.00086, 20.01275],
        [76.00056, 20.01285],
        [76.00035, 20.01297],
        [76.00013, 20.01305],
        [75.9999, 20.01309],
        [75.99967, 20.01309],
        [75.99936, 20.01305],
        [75.99793, 20.01162],
        [75.99772, 20.01148],
        [75.99742, 20.01144],
        [75.99721, 20.01146],
        [75.99702, 20.01141],
        [75.99685, 20.0113],
        [75.99673, 20.01114],
        [75.99662, 20.0109],
        [75.99639, 20.01065],
        [75.9961, 20.01047],
        [75.99578, 20.01039],
        [75.99544, 20.01041],
        [75.99525, 20.01037],
        [75.99507, 20.01031],
        [75.99489, 20.01007],
        [75.99459, 20.00993],
        [75.99425, 20.00994],
        [75.99395, 20.0098],
        [75.99379, 20.00952],
        [75.99358, 20.0094],
        [75.99325, 20.00945],
        [75.99289, 20.00938],
        [75.99257, 20.00921],
        [75.99235, 20.00898],
        [75.99188, 20.00889],
        [75.99166, 20.00885],
        [75.99109, 20.00817],
        [75.99095, 20.00803],
        [75.99077, 20.00794],
        [75.99048, 20.00793],
        [75.99029, 20.00801],
        [75.99008, 20.00814],
        [75.98983, 20.00819],
        [75.98958, 20.00815],
        [75.98936, 20.00802],
        [75.98862, 20.00698],
        [75.98842, 20.00673],
        [75.98817, 20.00654],
        [75.98789, 20.0064],
        [75.98759, 20.00631],
        [75.98726, 20.00629],
        [75.98692, 20.00623],
        [75.98661, 20.00609],
        [75.98634, 20.00588],
        [75.98612, 20.00562],
        [75.98586, 20.00538],
        [75.98557, 20.00519],
        [75.98524, 20.00507],
        [75.9849, 20.00501],
        [75.98283, 20.00449],
        [75.98235, 20.00445],
        [75.98187, 20.0044],
        [75.9814, 20.00432],
        [75.98093, 20.00422],
        [75.98046, 20.00409],
        [75.98, 20.00395],
        [75.97955, 20.00378],
        [75.97911, 20.00359],
        [75.97868, 20.00338],
        [75.97844, 20.0033],
        [75.97819, 20.00324],
        [75.97795, 20.00321],
        [75.97757, 20.00321],
        [75.97715, 20.00326],
        [75.97673, 20.00325],
        [75.97647, 20.00336],
        [75.97625, 20.00354],
        [75.9761, 20.00378],
        [75.9759, 20.00437],
        [75.97579, 20.00454],
        [75.97563, 20.00467],
        [75.97544, 20.00474],
        [75.97524, 20.00476],
        [75.97283, 20.00253],
        [75.97257, 20.00231],
        [75.97226, 20.00218],
        [75.97176, 20.00215],
        [75.97144, 20.00224],
        [75.97108, 20.0022],
        [75.97073, 20.00218],
        [75.97037, 20.00218],
        [75.97001, 20.00219],
        [75.96965, 20.00222],
        [75.9693, 20.00226],
        [75.96895, 20.00232],
        [75.9686, 20.0024],
        [75.96825, 20.0025],
        [75.96532, 20.00329],
        [75.96696, 20.00071],
        [75.96656, 20.00004],
        [75.96459, 19.9987],
        [75.96449, 19.99847],
        [75.96453, 19.99825],
        [75.96456, 19.99802],
        [75.96473, 19.99772],
        [75.96488, 19.99741],
        [75.96504, 19.9971],
        [75.96518, 19.99678],
        [75.96533, 19.99647],
        [75.96547, 19.99615],
        [75.9656, 19.99583],
        [75.96573, 19.99551],
        [75.96585, 19.99519],
        [75.95911, 19.99539],
        [75.94347, 19.99735],
        [75.93954, 19.99784],
        [75.93022, 20.00088],
        [75.92945, 20.00537],
        [75.92977, 20.00609],
        [75.93022, 20.00713],
        [75.93025, 20.00719],
        [75.93389, 20.01555],
        [75.93835, 20.0236],
        [75.93871, 20.02423],
        [75.93936, 20.02541],
        [75.93352, 20.02609],
        [75.92683, 20.02548],
        [75.92112, 20.02634],
        [75.919, 20.02786],
        [75.91017, 20.02968],
        [75.90954, 20.02981],
        [75.916, 20.04992],
        [75.91616, 20.0504],
        [75.91724, 20.05378],
        [75.91815, 20.0566],
        [75.91843, 20.06259],
        [75.91575, 20.0764],
        [75.91424, 20.07917],
        [75.90862, 20.08306],
        [75.90316, 20.08684],
        [75.91004, 20.092],
        [75.91668, 20.0957],
        [75.92304, 20.09755],
        [75.92549, 20.10075],
        [75.9255, 20.10117],
        [75.92555, 20.10305],
        [75.92557, 20.10402],
        [75.92559, 20.10491],
        [75.9246, 20.10795],
        [75.91845, 20.11905],
        [75.91898, 20.11899],
        [75.92233, 20.11863],
        [75.92349, 20.12963],
        [75.92738, 20.12955],
        [75.92353, 20.14474],
        [75.92449, 20.15143],
        [75.92385, 20.15389],
        [75.92369, 20.1545],
        [75.92353, 20.15509],
        [75.92898, 20.15595],
        [75.93193, 20.1581],
        [75.93884, 20.16676],
        [75.93879, 20.16771],
        [75.9398, 20.16957],
        [75.93984, 20.17015],
        [75.93666, 20.17051],
        [75.93468, 20.16985],
        [75.93234, 20.16998],
        [75.93022, 20.17029],
        [75.93251, 20.17184],
        [75.93168, 20.17626],
        [75.93172, 20.17951],
        [75.93084, 20.17952],
        [75.92863, 20.17898],
        [75.92663, 20.17798],
        [75.92241, 20.17884],
        [75.91746, 20.17952],
        [75.91374, 20.18058],
        [75.91076, 20.17941],
        [75.90904, 20.17884],
        [75.90675, 20.17859],
        [75.90494, 20.17839],
        [75.90026, 20.17687],
        [75.89776, 20.17568],
        [75.8955, 20.17449],
        [75.8921, 20.17116],
        [75.89208, 20.17095],
        [75.89112, 20.17099],
        [75.88877, 20.16871],
        [75.88507, 20.16736],
        [75.88303, 20.16594],
        [75.88004, 20.16455],
        [75.87828, 20.16355],
        [75.87723, 20.16251],
        [75.8782, 20.16268],
        [75.88073, 20.16169],
        [75.88109, 20.16036],
        [75.88145, 20.15903],
        [75.88129, 20.1573],
        [75.88109, 20.15513],
        [75.88137, 20.15293],
        [75.88105, 20.14946],
        [75.88091, 20.14794],
        [75.8808, 20.14664],
        [75.88034, 20.14426],
        [75.87986, 20.14394],
        [75.87973, 20.1426],
        [75.87969, 20.14008],
        [75.87949, 20.13796],
        [75.87933, 20.13641],
        [75.87893, 20.13449],
        [75.87885, 20.13372],
        [75.87739, 20.13205],
        [75.87715, 20.13186],
        [75.87524, 20.13002],
        [75.8744, 20.12812],
        [75.87401, 20.12639],
        [75.87342, 20.12467],
        [75.87334, 20.12442],
        [75.8693, 20.12202],
        [75.86032, 20.12285],
        [75.85688, 20.1256],
        [75.85097, 20.12632],
        [75.84463, 20.12558],
        [75.83685, 20.12815],
        [75.83569, 20.131],
        [75.83235, 20.13604],
        [75.83224, 20.13657],
        [75.83188, 20.14052],
        [75.83151, 20.14234],
        [75.83121, 20.14382],
        [75.83255, 20.14811],
        [75.83398, 20.15088],
        [75.83605, 20.15274],
        [75.83838, 20.1548],
        [75.83968, 20.15605],
        [75.84046, 20.15668],
        [75.84115, 20.15722],
        [75.84163, 20.15761],
        [75.84184, 20.15758],
        [75.8474, 20.15682],
        [75.84896, 20.15294],
        [75.85178, 20.15263],
        [75.85627, 20.15219],
        [75.8584, 20.15209],
        [75.8606, 20.15264],
        [75.86522, 20.15634],
        [75.86484, 20.15744],
        [75.865, 20.15918],
        [75.86516, 20.16092],
        [75.86511, 20.1631],
        [75.86529, 20.16505],
        [75.86489, 20.16594],
        [75.86202, 20.16587],
        [75.86097, 20.16744],
        [75.86154, 20.1685],
        [75.86088, 20.17181],
        [75.86155, 20.17657],
        [75.86198, 20.17873],
        [75.86122, 20.18095],
        [75.8614, 20.1829],
        [75.86006, 20.18542],
        [75.85993, 20.18558],
        [75.85983, 20.18668],
        [75.85919, 20.18759],
        [75.85901, 20.18825],
        [75.85834, 20.18872],
        [75.85675, 20.18967],
        [75.85474, 20.19129],
        [75.85337, 20.19201],
        [75.85208, 20.1936],
        [75.85053, 20.19498],
        [75.85002, 20.19457],
        [75.84948, 20.19394],
        [75.84818, 20.1927],
        [75.84768, 20.1925],
        [75.84624, 20.19235],
        [75.84457, 20.19243],
        [75.84334, 20.19206],
        [75.84168, 20.19214],
        [75.83952, 20.19202],
        [75.83904, 20.19205],
        [75.83593, 20.19198],
        [75.8345, 20.19205],
        [75.83187, 20.19196],
        [75.82949, 20.19207],
        [75.82758, 20.19216],
        [75.82665, 20.19243],
        [75.82548, 20.1927],
        [75.82336, 20.19302],
        [75.82217, 20.19308],
        [75.82193, 20.19309],
        [75.82025, 20.19295],
        [75.81849, 20.19195],
        [75.81797, 20.19154],
        [75.81667, 20.19029],
        [75.81562, 20.18925],
        [75.81454, 20.18778],
        [75.8133, 20.18718],
        [75.81227, 20.18636],
        [75.81106, 20.1862],
        [75.81007, 20.18581],
        [75.8072, 20.18573],
        [75.80597, 20.18536],
        [75.80546, 20.18494],
        [75.8039, 20.18349],
        [75.80189, 20.18228],
        [75.79934, 20.18044],
        [75.79729, 20.1788],
        [75.79572, 20.17713],
        [75.79401, 20.17394],
        [75.79425, 20.17393],
        [75.79361, 20.172],
        [75.79419, 20.17045],
        [75.79569, 20.16974],
        [75.79459, 20.16751],
        [75.79373, 20.16786],
        [75.79174, 20.1697],
        [75.78912, 20.16982],
        [75.78359, 20.16922],
        [75.78148, 20.16975],
        [75.77944, 20.17094],
        [75.77662, 20.17151],
        [75.77425, 20.17162],
        [75.77443, 20.17096],
        [75.77436, 20.17009],
        [75.77278, 20.16843],
        [75.76984, 20.16748],
        [75.76712, 20.1663],
        [75.76509, 20.16487],
        [75.76162, 20.1633],
        [75.75917, 20.16254],
        [75.75645, 20.16137],
        [75.7557, 20.16096],
        [75.75486, 20.16231],
        [75.75238, 20.16396],
        [75.75013, 20.16559],
        [75.74761, 20.1668],
        [75.74386, 20.16763],
        [75.74105, 20.1682],
        [75.73798, 20.16857],
        [75.73832, 20.16986],
        [75.73879, 20.17267],
        [75.73981, 20.17349],
        [75.74069, 20.17541],
        [75.74103, 20.1767],
        [75.7416, 20.17776],
        [75.74214, 20.17861],
        [75.74247, 20.17968],
        [75.74307, 20.18118],
        [75.74369, 20.18289],
        [75.74455, 20.18459],
        [75.74528, 20.18761],
        [75.74539, 20.18891],
        [75.746, 20.19062],
        [75.74614, 20.19073],
        [75.74652, 20.19103],
        [75.74608, 20.19149],
        [75.74447, 20.19222],
        [75.74263, 20.19318],
        [75.74128, 20.19411],
        [75.73877, 20.19554],
        [75.73573, 20.19634],
        [75.73629, 20.1974],
        [75.73642, 20.19892],
        [75.73583, 20.20047],
        [75.73499, 20.20182],
        [75.73321, 20.20343],
        [75.72987, 20.20359],
        [75.73065, 20.20725],
        [75.73155, 20.20939],
        [75.73103, 20.21181],
        [75.73075, 20.21422],
        [75.73061, 20.21553],
        [75.73053, 20.21584],
        [75.7243, 20.21858],
        [75.71866, 20.21985],
        [75.71584, 20.22115],
        [75.71501, 20.22063],
        [75.71439, 20.21891],
        [75.71388, 20.2185],
        [75.71346, 20.21634],
        [75.71259, 20.21443],
        [75.71139, 20.21143],
        [75.70895, 20.20785],
        [75.70677, 20.20446],
        [75.70544, 20.20278],
        [75.70414, 20.20154],
        [75.70314, 20.20093],
        [75.70234, 20.19988],
        [75.70133, 20.19928],
        [75.70057, 20.19866],
        [75.70004, 20.19803],
        [75.69927, 20.19741],
        [75.69902, 20.19721],
        [75.69814, 20.19812],
        [75.69671, 20.19819],
        [75.69457, 20.19829],
        [75.69292, 20.19858],
        [75.69109, 20.19954],
        [75.68755, 20.20014],
        [75.67935, 20.20206],
        [75.67911, 20.20282],
        [75.67846, 20.20671],
        [75.67815, 20.20853],
        [75.67817, 20.20872],
        [75.67816, 20.20891],
        [75.67814, 20.2091],
        [75.67809, 20.20928],
        [75.67803, 20.20945],
        [75.67794, 20.20962],
        [75.67784, 20.20978],
        [75.67773, 20.20993],
        [75.67759, 20.21006],
        [75.67751, 20.21033],
        [75.67744, 20.21061],
        [75.67739, 20.21089],
        [75.67735, 20.21117],
        [75.67734, 20.21146],
        [75.67734, 20.21174],
        [75.67735, 20.21203],
        [75.67739, 20.21231],
        [75.67744, 20.21259],
        [75.67868, 20.21642],
        [75.6792, 20.21934],
        [75.67939, 20.2211],
        [75.68013, 20.22405],
        [75.68016, 20.22432],
        [75.68017, 20.2246],
        [75.68017, 20.22488],
        [75.68015, 20.22516],
        [75.68011, 20.22544],
        [75.68006, 20.22571],
        [75.68, 20.22598],
        [75.67992, 20.22625],
        [75.67982, 20.22652],
        [75.6798, 20.22666],
        [75.67979, 20.22681],
        [75.67977, 20.22695],
        [75.67976, 20.2271],
        [75.67975, 20.22724],
        [75.67975, 20.22739],
        [75.67974, 20.22754],
        [75.67974, 20.22768],
        [75.67974, 20.22783],
        [75.67979, 20.22799],
        [75.67983, 20.22815],
        [75.67984, 20.22832],
        [75.67983, 20.22849],
        [75.6798, 20.22865],
        [75.67975, 20.22882],
        [75.67968, 20.22897],
        [75.6796, 20.22911],
        [75.6795, 20.22925],
        [75.67875, 20.22959],
        [75.67863, 20.22964],
        [75.67853, 20.22974],
        [75.67846, 20.22985],
        [75.67661, 20.23073],
        [75.67639, 20.23074],
        [75.67616, 20.23077],
        [75.67594, 20.23082],
        [75.67573, 20.2309],
        [75.67553, 20.231],
        [75.67534, 20.23112],
        [75.67517, 20.23125],
        [75.675, 20.23141],
        [75.67486, 20.23158],
        [75.6744, 20.23186],
        [75.67399, 20.23222],
        [75.67366, 20.23265],
        [75.67341, 20.23313],
        [75.67326, 20.23365],
        [75.67321, 20.23419],
        [75.67326, 20.23473],
        [75.67341, 20.23526],
        [75.67366, 20.23574],
        [75.67389, 20.23603],
        [75.6741, 20.23633],
        [75.67429, 20.23665],
        [75.67447, 20.23697],
        [75.67462, 20.23731],
        [75.67475, 20.23766],
        [75.67486, 20.23801],
        [75.67495, 20.23837],
        [75.67502, 20.23873],
        [75.67514, 20.23897],
        [75.67528, 20.23921],
        [75.67542, 20.23944],
        [75.67557, 20.23966],
        [75.67573, 20.23988],
        [75.67589, 20.2401],
        [75.67606, 20.24031],
        [75.67623, 20.24052],
        [75.67641, 20.24072],
        [75.67674, 20.24096],
        [75.67702, 20.24124],
        [75.67727, 20.24155],
        [75.67748, 20.24189],
        [75.67764, 20.24226],
        [75.67775, 20.24265],
        [75.67781, 20.24304],
        [75.67782, 20.24344],
        [75.67778, 20.24384],
        [75.67771, 20.24434],
        [75.67766, 20.24485],
        [75.67763, 20.24536],
        [75.67762, 20.24586],
        [75.67763, 20.24637],
        [75.67767, 20.24688],
        [75.67772, 20.24738],
        [75.6778, 20.24789],
        [75.67789, 20.24838],
        [75.67794, 20.24864],
        [75.67798, 20.2489],
        [75.67803, 20.24915],
        [75.67807, 20.24941],
        [75.67812, 20.24966],
        [75.67817, 20.24992],
        [75.67822, 20.25017],
        [75.67827, 20.25043],
        [75.67832, 20.25068],
        [75.67942, 20.25264],
        [75.67957, 20.25297],
        [75.6797, 20.2533],
        [75.67983, 20.25364],
        [75.67994, 20.25399],
        [75.68004, 20.25434],
        [75.68013, 20.25469],
        [75.6802, 20.25504],
        [75.68026, 20.2554],
        [75.68031, 20.25575],
        [75.68085, 20.25833],
        [75.68088, 20.25841],
        [75.68092, 20.2585],
        [75.68097, 20.25857],
        [75.68103, 20.25864],
        [75.68111, 20.2587],
        [75.68118, 20.25875],
        [75.68127, 20.25878],
        [75.68136, 20.25881],
        [75.68145, 20.25881],
        [75.68235, 20.2589],
        [75.68248, 20.25892],
        [75.68261, 20.25896],
        [75.68273, 20.25902],
        [75.68284, 20.25909],
        [75.68295, 20.25917],
        [75.68305, 20.25926],
        [75.68329, 20.25959],
        [75.68364, 20.25999],
        [75.68543, 20.2631],
        [75.68565, 20.26345],
        [75.6859, 20.26377],
        [75.68618, 20.26406],
        [75.68649, 20.26433],
        [75.68682, 20.26457],
        [75.68717, 20.26478],
        [75.68753, 20.26496],
        [75.68792, 20.26509],
        [75.68831, 20.2652],
        [75.68841, 20.26522],
        [75.68851, 20.26525],
        [75.68861, 20.26527],
        [75.68871, 20.26528],
        [75.68881, 20.26529],
        [75.68891, 20.2653],
        [75.68901, 20.26529],
        [75.68911, 20.26529],
        [75.68922, 20.26528],
        [75.68935, 20.26525],
        [75.68949, 20.26524],
        [75.68963, 20.26526],
        [75.68976, 20.2653],
        [75.68989, 20.26536],
        [75.69, 20.26544],
        [75.6901, 20.26553],
        [75.69018, 20.26565],
        [75.69024, 20.26577],
        [75.69027, 20.26624],
        [75.69032, 20.2667],
        [75.69039, 20.26717],
        [75.69049, 20.26763],
        [75.6906, 20.26808],
        [75.69073, 20.26853],
        [75.69088, 20.26897],
        [75.69105, 20.26941],
        [75.69124, 20.26984],
        [75.69132, 20.27012],
        [75.6914, 20.2704],
        [75.69147, 20.27069],
        [75.69154, 20.27097],
        [75.69161, 20.27126],
        [75.69168, 20.27154],
        [75.69175, 20.27183],
        [75.69181, 20.27211],
        [75.69187, 20.2724],
        [75.6919, 20.27248],
        [75.69194, 20.27256],
        [75.69198, 20.27264],
        [75.69203, 20.27271],
        [75.69208, 20.27278],
        [75.69214, 20.27285],
        [75.6922, 20.27291],
        [75.69227, 20.27296],
        [75.69234, 20.27302],
        [75.69237, 20.27308],
        [75.6924, 20.27315],
        [75.69243, 20.27322],
        [75.69245, 20.27329],
        [75.69247, 20.27337],
        [75.69248, 20.27344],
        [75.69249, 20.27351],
        [75.6925, 20.27359],
        [75.6925, 20.27366],
        [75.69251, 20.27395],
        [75.69254, 20.27423],
        [75.69259, 20.27451],
        [75.69265, 20.27479],
        [75.69273, 20.27507],
        [75.69282, 20.27534],
        [75.69294, 20.2756],
        [75.69306, 20.27586],
        [75.69321, 20.2761],
        [75.69345, 20.27647],
        [75.69367, 20.27685],
        [75.69387, 20.27724],
        [75.69404, 20.27764],
        [75.69419, 20.27806],
        [75.69431, 20.27848],
        [75.6944, 20.27891],
        [75.69446, 20.27934],
        [75.69449, 20.27978],
        [75.6944, 20.28018],
        [75.69432, 20.28059],
        [75.69426, 20.281],
        [75.69421, 20.28141],
        [75.69418, 20.28182],
        [75.69416, 20.28223],
        [75.69416, 20.28265],
        [75.69417, 20.28306],
        [75.6942, 20.28347],
        [75.69413, 20.28361],
        [75.69407, 20.28375],
        [75.694, 20.28388],
        [75.69392, 20.28402],
        [75.69384, 20.28415],
        [75.69375, 20.28427],
        [75.69366, 20.28439],
        [75.69356, 20.28451],
        [75.69345, 20.28462],
        [75.69334, 20.2848],
        [75.69323, 20.28498],
        [75.6931, 20.28515],
        [75.69297, 20.28532],
        [75.69283, 20.28548],
        [75.69268, 20.28564],
        [75.69253, 20.28578],
        [75.69238, 20.28593],
        [75.69221, 20.28606],
        [75.69207, 20.28623],
        [75.69194, 20.2864],
        [75.69183, 20.28659],
        [75.69173, 20.28678],
        [75.69164, 20.28698],
        [75.69157, 20.28718],
        [75.69151, 20.28739],
        [75.69147, 20.28761],
        [75.69144, 20.28782],
        [75.69144, 20.28813],
        [75.69143, 20.28843],
        [75.69141, 20.28874],
        [75.69139, 20.28905],
        [75.69135, 20.28935],
        [75.69131, 20.28966],
        [75.69126, 20.28996],
        [75.69121, 20.29026],
        [75.69114, 20.29056],
        [75.69109, 20.29076],
        [75.69104, 20.29097],
        [75.69098, 20.29117],
        [75.69092, 20.29137],
        [75.69085, 20.29157],
        [75.69078, 20.29177],
        [75.69071, 20.29197],
        [75.69064, 20.29217],
        [75.69056, 20.29236],
        [75.69028, 20.29266],
        [75.69, 20.29296],
        [75.68971, 20.29325],
        [75.68942, 20.29355],
        [75.68914, 20.29384],
        [75.68885, 20.29413],
        [75.68856, 20.29442],
        [75.68826, 20.29471],
        [75.68797, 20.295],
        [75.68758, 20.29552],
        [75.68721, 20.29605],
        [75.68685, 20.29659],
        [75.68651, 20.29715],
        [75.68619, 20.29772],
        [75.68589, 20.29829],
        [75.6856, 20.29888],
        [75.68534, 20.29948],
        [75.6851, 20.30008],
        [75.68505, 20.30021],
        [75.685, 20.30034],
        [75.68494, 20.30046],
        [75.68488, 20.30058],
        [75.68481, 20.3007],
        [75.68474, 20.30082],
        [75.68467, 20.30094],
        [75.68459, 20.30105],
        [75.68451, 20.30116],
        [75.68439, 20.30127],
        [75.68427, 20.30138],
        [75.68414, 20.30148],
        [75.68401, 20.30157],
        [75.68387, 20.30166],
        [75.68373, 20.30174],
        [75.68359, 20.30182],
        [75.68344, 20.30189],
        [75.68329, 20.30195],
        [75.68247, 20.30215],
        [75.68238, 20.30218],
        [75.68231, 20.30222],
        [75.68224, 20.30228],
        [75.68218, 20.30235],
        [75.68214, 20.30243],
        [75.68212, 20.30252],
        [75.68212, 20.30261],
        [75.68213, 20.30269],
        [75.68217, 20.30278],
        [75.68181, 20.30602],
        [75.68177, 20.3061],
        [75.68175, 20.30618],
        [75.68175, 20.30627],
        [75.68176, 20.30636],
        [75.68179, 20.30644],
        [75.68184, 20.30651],
        [75.68191, 20.30658],
        [75.68198, 20.30662],
        [75.68206, 20.30665],
        [75.68225, 20.30677],
        [75.68244, 20.30689],
        [75.68263, 20.307],
        [75.68283, 20.30711],
        [75.68302, 20.30722],
        [75.68321, 20.30733],
        [75.68341, 20.30744],
        [75.68361, 20.30754],
        [75.68381, 20.30764],
        [75.6842, 20.30777],
        [75.68459, 20.30789],
        [75.68499, 20.308],
        [75.68538, 20.3081],
        [75.68578, 20.3082],
        [75.68618, 20.30829],
        [75.68658, 20.30838],
        [75.68699, 20.30846],
        [75.68739, 20.30854],
        [75.68783, 20.30859],
        [75.68826, 20.30865],
        [75.6887, 20.30873],
        [75.68914, 20.30881],
        [75.68957, 20.3089],
        [75.69, 20.30901],
        [75.69042, 20.30912],
        [75.69085, 20.30924],
        [75.69127, 20.30937],
        [75.69145, 20.30939],
        [75.69163, 20.30941],
        [75.69182, 20.30943],
        [75.692, 20.30944],
        [75.69218, 20.30946],
        [75.69236, 20.30947],
        [75.69255, 20.30947],
        [75.69273, 20.30948],
        [75.69291, 20.30948],
        [75.69315, 20.3095],
        [75.69339, 20.30952],
        [75.69363, 20.30954],
        [75.69387, 20.30955],
        [75.69411, 20.30956],
        [75.69435, 20.30957],
        [75.69458, 20.30957],
        [75.69482, 20.30956],
        [75.69506, 20.30956],
        [75.69564, 20.30968],
        [75.69623, 20.30979],
        [75.69681, 20.3099],
        [75.69739, 20.31001],
        [75.69797, 20.31012],
        [75.69856, 20.31023],
        [75.69914, 20.31033],
        [75.69972, 20.31043],
        [75.70031, 20.31053],
        [75.70093, 20.31074],
        [75.70155, 20.31096],
        [75.70217, 20.31116],
        [75.70279, 20.31137],
        [75.70342, 20.31156],
        [75.70404, 20.31176],
        [75.70467, 20.31194],
        [75.7053, 20.31213],
        [75.70593, 20.3123],
        [75.70629, 20.31233],
        [75.70664, 20.31241],
        [75.70697, 20.31253],
        [75.70729, 20.3127],
        [75.70758, 20.31291],
        [75.70784, 20.31316],
        [75.70806, 20.31344],
        [75.70824, 20.31375],
        [75.70837, 20.31408],
        [75.70841, 20.31427],
        [75.70845, 20.31445],
        [75.7085, 20.31463],
        [75.70857, 20.31481],
        [75.70864, 20.31499],
        [75.70872, 20.31516],
        [75.70881, 20.31533],
        [75.70891, 20.31549],
        [75.70901, 20.31565],
        [75.70911, 20.31577],
        [75.70919, 20.31589],
        [75.70927, 20.31601],
        [75.70935, 20.31614],
        [75.70941, 20.31627],
        [75.70947, 20.31641],
        [75.70952, 20.31655],
        [75.70957, 20.31669],
        [75.7096, 20.31684],
        [75.71125, 20.31921],
        [75.71137, 20.31933],
        [75.71148, 20.31946],
        [75.71157, 20.31959],
        [75.71166, 20.31974],
        [75.71173, 20.31989],
        [75.7118, 20.32004],
        [75.71184, 20.3202],
        [75.71188, 20.32036],
        [75.7119, 20.32053],
        [75.71194, 20.32068],
        [75.71198, 20.32082],
        [75.71202, 20.32096],
        [75.71207, 20.32111],
        [75.71213, 20.32125],
        [75.71219, 20.32138],
        [75.71225, 20.32152],
        [75.71232, 20.32165],
        [75.7124, 20.32178],
        [75.71252, 20.32199],
        [75.71265, 20.3222],
        [75.7128, 20.32239],
        [75.71296, 20.32257],
        [75.71313, 20.32274],
        [75.71331, 20.3229],
        [75.7135, 20.32305],
        [75.71371, 20.32318],
        [75.71391, 20.32329],
        [75.71399, 20.3233],
        [75.71406, 20.32331],
        [75.71413, 20.32333],
        [75.7142, 20.32336],
        [75.71426, 20.32341],
        [75.7143, 20.32346],
        [75.71434, 20.32352],
        [75.71437, 20.32359],
        [75.71439, 20.32366],
        [75.7144, 20.32386],
        [75.71441, 20.32405],
        [75.71441, 20.32425],
        [75.71441, 20.32444],
        [75.71441, 20.32463],
        [75.7144, 20.32483],
        [75.71439, 20.32502],
        [75.71438, 20.32522],
        [75.71436, 20.32541],
        [75.71442, 20.32569],
        [75.71448, 20.32597],
        [75.71454, 20.32624],
        [75.71462, 20.32652],
        [75.71471, 20.32679],
        [75.7148, 20.32706],
        [75.7149, 20.32733],
        [75.71501, 20.32759],
        [75.71513, 20.32785],
        [75.7151, 20.32813],
        [75.7151, 20.32841],
        [75.71515, 20.32869],
        [75.71522, 20.32896],
        [75.71533, 20.32922],
        [75.71548, 20.32946],
        [75.71565, 20.32968],
        [75.71584, 20.32988],
        [75.71607, 20.33006],
        [75.71607, 20.33015],
        [75.71609, 20.33025],
        [75.71613, 20.33034],
        [75.71618, 20.33042],
        [75.71626, 20.33049],
        [75.71635, 20.33053],
        [75.71644, 20.33056],
        [75.71654, 20.33057],
        [75.71664, 20.33055],
        [75.71735, 20.33027],
        [75.7176, 20.33018],
        [75.71785, 20.33011],
        [75.71811, 20.33003],
        [75.71836, 20.32996],
        [75.71862, 20.3299],
        [75.71888, 20.32983],
        [75.71913, 20.32978],
        [75.71939, 20.32973],
        [75.71965, 20.32968],
        [75.71998, 20.32964],
        [75.7203, 20.3296],
        [75.72063, 20.32956],
        [75.72095, 20.32952],
        [75.72127, 20.32948],
        [75.7216, 20.32945],
        [75.72192, 20.32942],
        [75.72225, 20.32938],
        [75.72257, 20.32935],
        [75.72289, 20.32935],
        [75.72321, 20.32935],
        [75.72352, 20.32934],
        [75.72384, 20.32934],
        [75.72416, 20.32933],
        [75.72447, 20.32932],
        [75.72479, 20.32932],
        [75.72511, 20.32931],
        [75.72542, 20.3293],
        [75.72554, 20.3293],
        [75.72566, 20.32928],
        [75.72577, 20.32925],
        [75.72588, 20.32921],
        [75.72598, 20.32917],
        [75.72608, 20.3291],
        [75.72618, 20.32904],
        [75.72626, 20.32896],
        [75.72634, 20.32887],
        [75.72661, 20.32862],
        [75.7269, 20.32841],
        [75.72722, 20.32822],
        [75.72755, 20.32807],
        [75.7279, 20.32795],
        [75.72825, 20.32787],
        [75.72862, 20.32783],
        [75.72898, 20.32782],
        [75.72935, 20.32785],
        [75.72959, 20.32785],
        [75.72983, 20.32787],
        [75.73007, 20.32792],
        [75.7303, 20.32799],
        [75.73053, 20.32808],
        [75.73074, 20.32821],
        [75.73094, 20.32835],
        [75.73112, 20.32851],
        [75.73128, 20.32869],
        [75.7314, 20.32878],
        [75.7315, 20.32887],
        [75.7316, 20.32899],
        [75.73167, 20.32911],
        [75.73172, 20.32924],
        [75.73176, 20.32938],
        [75.73177, 20.32953],
        [75.73177, 20.32967],
        [75.73174, 20.32981],
        [75.73178, 20.32996],
        [75.73183, 20.33011],
        [75.7319, 20.33026],
        [75.73197, 20.3304],
        [75.73205, 20.33053],
        [75.73214, 20.33066],
        [75.73224, 20.33079],
        [75.73234, 20.3309],
        [75.73246, 20.33101],
        [75.73258, 20.33114],
        [75.73269, 20.33127],
        [75.7328, 20.3314],
        [75.7329, 20.33155],
        [75.73299, 20.3317],
        [75.73307, 20.33185],
        [75.73314, 20.33201],
        [75.7332, 20.33217],
        [75.73325, 20.33234],
        [75.73327, 20.33247],
        [75.73329, 20.3326],
        [75.73332, 20.33273],
        [75.73335, 20.33286],
        [75.73337, 20.33299],
        [75.7334, 20.33312],
        [75.73342, 20.33325],
        [75.73345, 20.33338],
        [75.73347, 20.33351],
        [75.73354, 20.33361],
        [75.73362, 20.33371],
        [75.73371, 20.3338],
        [75.73381, 20.33387],
        [75.73393, 20.33393],
        [75.73404, 20.33397],
        [75.73417, 20.33399],
        [75.73429, 20.334],
        [75.73442, 20.33399],
        [75.73469, 20.33395],
        [75.73496, 20.33392],
        [75.73523, 20.33391],
        [75.7355, 20.33391],
        [75.73577, 20.33392],
        [75.73604, 20.33395],
        [75.73631, 20.33398],
        [75.73658, 20.33403],
        [75.73684, 20.33409],
        [75.73708, 20.33416],
        [75.73731, 20.33422],
        [75.73755, 20.33428],
        [75.73779, 20.33433],
        [75.73802, 20.33438],
        [75.73826, 20.33442],
        [75.7385, 20.33446],
        [75.73874, 20.3345],
        [75.73898, 20.33453],
        [75.73933, 20.33465],
        [75.73968, 20.33477],
        [75.74003, 20.33487],
        [75.74038, 20.33497],
        [75.74074, 20.33505],
        [75.7411, 20.33512],
        [75.74146, 20.33518],
        [75.74183, 20.33523],
        [75.74219, 20.33526],
        [75.74227, 20.33529],
        [75.74235, 20.33529],
        [75.74242, 20.33527],
        [75.74249, 20.33522],
        [75.74254, 20.33516],
        [75.74258, 20.33509],
        [75.74259, 20.33501],
        [75.74258, 20.33493],
        [75.74255, 20.33486],
        [75.74252, 20.33168],
        [75.74243, 20.32796],
        [75.74247, 20.3278],
        [75.74252, 20.32765],
        [75.74258, 20.32749],
        [75.74264, 20.32735],
        [75.74272, 20.3272],
        [75.74281, 20.32706],
        [75.7429, 20.32693],
        [75.74301, 20.3268],
        [75.74312, 20.32668],
        [75.74463, 20.32631],
        [75.74761, 20.32581],
        [75.74905, 20.32572],
        [75.75157, 20.32552],
        [75.75455, 20.3257],
        [75.75454, 20.32604],
        [75.75748, 20.32599],
        [75.75691, 20.32704],
        [75.75919, 20.32735],
        [75.7594, 20.32748],
        [75.75962, 20.3276],
        [75.75983, 20.32771],
        [75.76006, 20.32781],
        [75.76028, 20.32791],
        [75.76051, 20.328],
        [75.76074, 20.32808],
        [75.76097, 20.32816],
        [75.76121, 20.32823],
        [75.76143, 20.32883],
        [75.76165, 20.32942],
        [75.76188, 20.33002],
        [75.76212, 20.33061],
        [75.76236, 20.3312],
        [75.7626, 20.33179],
        [75.76285, 20.33237],
        [75.7631, 20.33296],
        [75.76336, 20.33354],
        [75.76421, 20.33586],
        [75.77048, 20.33626],
        [75.77032, 20.33815],
        [75.76847, 20.34289],
        [75.76733, 20.34579],
        [75.76632, 20.34939],
        [75.76544, 20.34988],
        [75.76399, 20.35255],
        [75.76325, 20.35357],
        [75.75978, 20.35729],
        [75.75842, 20.35871],
        [75.75745, 20.36055],
        [75.75741, 20.36086],
        [75.75737, 20.36118],
        [75.75734, 20.3615],
        [75.75731, 20.36181],
        [75.7573, 20.36213],
        [75.75729, 20.36245],
        [75.75729, 20.36277],
        [75.7573, 20.36309],
        [75.75731, 20.3634],
        [75.75754, 20.36809],
        [75.75224, 20.36881],
        [75.74905, 20.36984],
        [75.74592, 20.37054],
        [75.74582, 20.37053],
        [75.74573, 20.37055],
        [75.74564, 20.37058],
        [75.74557, 20.37065],
        [75.74551, 20.37072],
        [75.74548, 20.37081],
        [75.74547, 20.37091],
        [75.74548, 20.371],
        [75.74553, 20.37109],
        [75.74557, 20.37146],
        [75.74562, 20.37183],
        [75.74566, 20.3722],
        [75.74569, 20.37257],
        [75.74571, 20.37294],
        [75.74573, 20.37331],
        [75.74575, 20.37369],
        [75.74576, 20.37406],
        [75.74576, 20.37443],
        [75.74603, 20.3781],
        [75.74616, 20.37865],
        [75.74629, 20.3792],
        [75.74645, 20.37974],
        [75.74662, 20.38028],
        [75.7468, 20.38081],
        [75.747, 20.38134],
        [75.74721, 20.38186],
        [75.74744, 20.38238],
        [75.74769, 20.38289],
        [75.74926, 20.38603],
        [75.74948, 20.38646],
        [75.74969, 20.38689],
        [75.74986, 20.38734],
        [75.75002, 20.3878],
        [75.75014, 20.38827],
        [75.75025, 20.38874],
        [75.75032, 20.38921],
        [75.75037, 20.38969],
        [75.75039, 20.39017],
        [75.75041, 20.39065],
        [75.75039, 20.39113],
        [75.75035, 20.39161],
        [75.75029, 20.39209],
        [75.7502, 20.39256],
        [75.75009, 20.39302],
        [75.74995, 20.39348],
        [75.74979, 20.39393],
        [75.74961, 20.39438],
        [75.74946, 20.39468],
        [75.74933, 20.39499],
        [75.74921, 20.39531],
        [75.7491, 20.39563],
        [75.74901, 20.39595],
        [75.74893, 20.39628],
        [75.74887, 20.39661],
        [75.74882, 20.39694],
        [75.74878, 20.39728],
        [75.74882, 20.39969],
        [75.7488, 20.40004],
        [75.74874, 20.40038],
        [75.74866, 20.40072],
        [75.74854, 20.40105],
        [75.74839, 20.40136],
        [75.74821, 20.40166],
        [75.748, 20.40195],
        [75.74777, 20.40221],
        [75.74752, 20.40245],
        [75.74551, 20.40358],
        [75.74536, 20.40371],
        [75.74521, 20.40383],
        [75.74505, 20.40394],
        [75.74488, 20.40403],
        [75.74471, 20.40412],
        [75.74453, 20.4042],
        [75.74435, 20.40427],
        [75.74417, 20.40432],
        [75.74398, 20.40437],
        [75.7438, 20.4044],
        [75.74362, 20.40442],
        [75.74344, 20.40443],
        [75.74326, 20.40444],
        [75.74308, 20.40445],
        [75.7429, 20.40445],
        [75.74273, 20.40444],
        [75.74255, 20.40443],
        [75.74237, 20.40441],
        [75.74217, 20.40445],
        [75.74197, 20.40449],
        [75.74177, 20.40452],
        [75.74157, 20.40455],
        [75.74137, 20.40459],
        [75.74117, 20.40461],
        [75.74096, 20.40464],
        [75.74076, 20.40466],
        [75.74056, 20.40468],
        [75.7402, 20.40467],
        [75.73985, 20.40469],
        [75.7395, 20.40474],
        [75.73915, 20.40482],
        [75.73881, 20.40493],
        [75.73848, 20.40506],
        [75.73816, 20.40522],
        [75.73786, 20.40541],
        [75.73757, 20.40562],
        [75.73744, 20.4057],
        [75.73731, 20.40576],
        [75.73718, 20.40583],
        [75.73704, 20.40589],
        [75.73691, 20.40596],
        [75.73677, 20.40601],
        [75.73663, 20.40607],
        [75.7365, 20.40612],
        [75.73636, 20.40617],
        [75.73604, 20.40616],
        [75.73572, 20.40616],
        [75.7354, 20.40619],
        [75.73509, 20.40625],
        [75.73478, 20.40633],
        [75.73448, 20.40643],
        [75.73419, 20.40656],
        [75.73391, 20.40671],
        [75.73364, 20.40688],
        [75.73188, 20.40818],
        [75.73159, 20.40843],
        [75.73137, 20.40873],
        [75.73121, 20.40908],
        [75.73114, 20.40945],
        [75.73114, 20.40983],
        [75.73123, 20.4102],
        [75.73139, 20.41054],
        [75.73162, 20.41084],
        [75.73192, 20.41108],
        [75.73322, 20.41318],
        [75.7351, 20.41778],
        [75.73518, 20.41795],
        [75.73526, 20.41812],
        [75.73534, 20.41828],
        [75.73544, 20.41845],
        [75.73554, 20.41861],
        [75.73565, 20.41876],
        [75.73576, 20.41891],
        [75.73588, 20.41905],
        [75.73601, 20.41919],
        [75.7364, 20.41934],
        [75.73678, 20.41951],
        [75.73716, 20.41969],
        [75.73754, 20.41988],
        [75.7379, 20.42008],
        [75.73827, 20.42029],
        [75.73862, 20.42051],
        [75.73897, 20.42075],
        [75.73931, 20.42099],
        [75.7406, 20.42198],
        [75.7407, 20.42207],
        [75.74081, 20.42215],
        [75.74093, 20.42221],
        [75.74106, 20.42225],
        [75.7412, 20.42226],
        [75.74133, 20.42225],
        [75.74147, 20.42222],
        [75.74159, 20.42217],
        [75.74171, 20.42209],
        [75.7421, 20.42187],
        [75.74251, 20.42169],
        [75.74294, 20.42156],
        [75.74338, 20.42147],
        [75.74383, 20.42143],
        [75.74428, 20.42144],
        [75.74473, 20.42149],
        [75.74517, 20.42159],
        [75.74559, 20.42174],
        [75.74905, 20.42249],
        [75.75054, 20.42235],
        [75.75088, 20.42226],
        [75.75122, 20.42222],
        [75.75158, 20.42222],
        [75.75192, 20.42226],
        [75.75227, 20.42234],
        [75.75259, 20.42246],
        [75.75291, 20.42262],
        [75.7532, 20.42282],
        [75.75347, 20.42304],
        [75.75542, 20.42423],
        [75.75709, 20.42883],
        [75.75821, 20.43433],
        [75.75903, 20.43689],
        [75.75905, 20.43718],
        [75.7591, 20.43747],
        [75.75917, 20.43775],
        [75.75926, 20.43803],
        [75.75937, 20.4383],
        [75.75949, 20.43857],
        [75.75963, 20.43882],
        [75.75979, 20.43907],
        [75.75997, 20.4393],
        [75.76017, 20.43997],
        [75.76037, 20.44064],
        [75.76057, 20.44131],
        [75.76078, 20.44198],
        [75.761, 20.44265],
        [75.76121, 20.44332],
        [75.76144, 20.44398],
        [75.76166, 20.44464],
        [75.76189, 20.44531],
        [75.76197, 20.44586],
        [75.76209, 20.4464],
        [75.76226, 20.44694],
        [75.76248, 20.44745],
        [75.76274, 20.44795],
        [75.76303, 20.44842],
        [75.76337, 20.44886],
        [75.76375, 20.44928],
        [75.76415, 20.44966],
        [75.76437, 20.44986],
        [75.76454, 20.4501],
        [75.76466, 20.45036],
        [75.76473, 20.45064],
        [75.76474, 20.45094],
        [75.7647, 20.45122],
        [75.7646, 20.4515],
        [75.76445, 20.45175],
        [75.76426, 20.45197],
        [75.76441, 20.45195],
        [75.76457, 20.45193],
        [75.76473, 20.45193],
        [75.76488, 20.45193],
        [75.76504, 20.45194],
        [75.76519, 20.45195],
        [75.76535, 20.45197],
        [75.7655, 20.452],
        [75.76566, 20.45203],
        [75.76605, 20.45203],
        [75.76645, 20.45203],
        [75.76685, 20.45204],
        [75.76724, 20.45205],
        [75.76764, 20.45208],
        [75.76803, 20.45211],
        [75.76843, 20.45214],
        [75.76882, 20.45219],
        [75.76921, 20.45224],
        [75.76925, 20.45246],
        [75.76931, 20.45268],
        [75.76937, 20.4529],
        [75.76946, 20.45311],
        [75.76955, 20.45331],
        [75.76966, 20.45351],
        [75.76978, 20.4537],
        [75.76991, 20.45389],
        [75.77006, 20.45406],
        [75.77024, 20.45419],
        [75.77043, 20.45431],
        [75.77062, 20.45441],
        [75.77083, 20.45451],
        [75.77103, 20.45459],
        [75.77125, 20.45466],
        [75.77146, 20.45472],
        [75.77168, 20.45476],
        [75.7719, 20.45479],
        [75.774, 20.45469],
        [75.77658, 20.45476],
        [75.7792, 20.45461],
        [75.78609, 20.4535],
        [75.78553, 20.45238],
        [75.78676, 20.45198],
        [75.78733, 20.45192],
        [75.7879, 20.45186],
        [75.78847, 20.45179],
        [75.78904, 20.45171],
        [75.78961, 20.45164],
        [75.79018, 20.45155],
        [75.79075, 20.45147],
        [75.79132, 20.45138],
        [75.79189, 20.45129],
        [75.79208, 20.4513],
        [75.79226, 20.45128],
        [75.79244, 20.45122],
        [75.79261, 20.45113],
        [75.79276, 20.45102],
        [75.79288, 20.45087],
        [75.79298, 20.45071],
        [75.79305, 20.45053],
        [75.79308, 20.45035],
        [75.79319, 20.45032],
        [75.79331, 20.45029],
        [75.79343, 20.45026],
        [75.79355, 20.45024],
        [75.79367, 20.45022],
        [75.79379, 20.4502],
        [75.79391, 20.45019],
        [75.79404, 20.45018],
        [75.79416, 20.45017],
        [75.79417, 20.45051],
        [75.7942, 20.45085],
        [75.79422, 20.45119],
        [75.79426, 20.45153],
        [75.7943, 20.45187],
        [75.79434, 20.45221],
        [75.79439, 20.45255],
        [75.79445, 20.45288],
        [75.79451, 20.45322],
        [75.79461, 20.45397],
        [75.79473, 20.45472],
        [75.79486, 20.45547],
        [75.79503, 20.45621],
        [75.79521, 20.45695],
        [75.79541, 20.45768],
        [75.79564, 20.45841],
        [75.79588, 20.45913],
        [75.79615, 20.45984],
        [75.79623, 20.46001],
        [75.79633, 20.46019],
        [75.79643, 20.46035],
        [75.79654, 20.46051],
        [75.79666, 20.46067],
        [75.79678, 20.46082],
        [75.79691, 20.46096],
        [75.79705, 20.4611],
        [75.7972, 20.46123],
        [75.79748, 20.46125],
        [75.79777, 20.46127],
        [75.79806, 20.4613],
        [75.79835, 20.46133],
        [75.79864, 20.46137],
        [75.79892, 20.46142],
        [75.79921, 20.46147],
        [75.7995, 20.46153],
        [75.79978, 20.46159],
        [75.80005, 20.46167],
        [75.80032, 20.46175],
        [75.80058, 20.46184],
        [75.80085, 20.46193],
        [75.80111, 20.46203],
        [75.80138, 20.46213],
        [75.80164, 20.46223],
        [75.80189, 20.46234],
        [75.80215, 20.46246],
        [75.80242, 20.46247],
        [75.8027, 20.46247],
        [75.80297, 20.46247],
        [75.80324, 20.46247],
        [75.80351, 20.46246],
        [75.80378, 20.46244],
        [75.80405, 20.46242],
        [75.80433, 20.46239],
        [75.8046, 20.46236],
        [75.8049, 20.46233],
        [75.80521, 20.46231],
        [75.80552, 20.46229],
        [75.80583, 20.46228],
        [75.80614, 20.46228],
        [75.80646, 20.46228],
        [75.80677, 20.46229],
        [75.80708, 20.4623],
        [75.80738, 20.46232],
        [75.80759, 20.46239],
        [75.80779, 20.46246],
        [75.80798, 20.46255],
        [75.80818, 20.46265],
        [75.80836, 20.46276],
        [75.80854, 20.46288],
        [75.80871, 20.46301],
        [75.80887, 20.46315],
        [75.80902, 20.4633],
        [75.80958, 20.46323],
        [75.81126, 20.46277],
        [75.81146, 20.46331],
        [75.81158, 20.46378],
        [75.81172, 20.46424],
        [75.81188, 20.4647],
        [75.81205, 20.46515],
        [75.81224, 20.46559],
        [75.81244, 20.46603],
        [75.81266, 20.46646],
        [75.81289, 20.46688],
        [75.81313, 20.4673],
        [75.81326, 20.4675],
        [75.81339, 20.46771],
        [75.81351, 20.46792],
        [75.81363, 20.46813],
        [75.81373, 20.46835],
        [75.81384, 20.46857],
        [75.81393, 20.46879],
        [75.81402, 20.46902],
        [75.81411, 20.46925],
        [75.81439, 20.46925],
        [75.81467, 20.46927],
        [75.81494, 20.46929],
        [75.81522, 20.46932],
        [75.8155, 20.46937],
        [75.81577, 20.46942],
        [75.81605, 20.46948],
        [75.81632, 20.46955],
        [75.81658, 20.46963],
        [75.8176, 20.46946],
        [75.81753, 20.47075],
        [75.82161, 20.4727],
        [75.82218, 20.47267],
        [75.82428, 20.47239],
        [75.82421, 20.47107],
        [75.82505, 20.47086],
        [75.82686, 20.47079],
        [75.82658, 20.46948],
        [75.82646, 20.46938],
        [75.82639, 20.46925],
        [75.82637, 20.4691],
        [75.82641, 20.46895],
        [75.8265, 20.46883],
        [75.82663, 20.46875],
        [75.82678, 20.46873],
        [75.82693, 20.46876],
        [75.82715, 20.46873],
        [75.82738, 20.4687],
        [75.8276, 20.46868],
        [75.82783, 20.46865],
        [75.82805, 20.46863],
        [75.82828, 20.46861],
        [75.8285, 20.46859],
        [75.82873, 20.46857],
        [75.82895, 20.46855],
        [75.8293, 20.46838],
        [75.82963, 20.46816],
        [75.82993, 20.46791],
        [75.8302, 20.46764],
        [75.83044, 20.46733],
        [75.83065, 20.467],
        [75.83082, 20.46665],
        [75.83095, 20.46628],
        [75.83105, 20.4659],
        [75.8313, 20.46569],
        [75.83155, 20.46548],
        [75.83181, 20.46527],
        [75.83206, 20.46506],
        [75.83232, 20.46485],
        [75.83257, 20.46464],
        [75.83283, 20.46443],
        [75.83309, 20.46423],
        [75.83335, 20.46402],
        [75.83344, 20.46382],
        [75.83353, 20.46362],
        [75.83361, 20.46342],
        [75.8337, 20.46322],
        [75.83379, 20.46302],
        [75.83387, 20.46282],
        [75.83395, 20.46261],
        [75.83403, 20.46241],
        [75.83411, 20.46221],
        [75.83528, 20.4612],
        [75.83538, 20.46086],
        [75.83551, 20.46053],
        [75.83567, 20.46022],
        [75.83586, 20.45992],
        [75.83608, 20.45964],
        [75.83632, 20.45939],
        [75.83658, 20.45915],
        [75.83686, 20.45894],
        [75.83717, 20.45876],
        [75.8376, 20.45846],
        [75.83805, 20.45818],
        [75.83852, 20.45795],
        [75.83901, 20.45775],
        [75.83951, 20.45758],
        [75.84002, 20.45745],
        [75.84054, 20.45736],
        [75.84107, 20.45731],
        [75.84159, 20.4573],
        [75.84216, 20.45716],
        [75.84274, 20.45707],
        [75.84332, 20.45703],
        [75.84391, 20.45704],
        [75.84449, 20.4571],
        [75.84506, 20.45722],
        [75.84562, 20.45738],
        [75.84617, 20.4576],
        [75.84669, 20.45786],
        [75.84983, 20.45883],
        [75.85015, 20.45888],
        [75.85045, 20.45898],
        [75.85074, 20.45912],
        [75.851, 20.45931],
        [75.85123, 20.45953],
        [75.85142, 20.45978],
        [75.85158, 20.46006],
        [75.85168, 20.46036],
        [75.85174, 20.46068],
        [75.85226, 20.46057],
        [75.85247, 20.46057],
        [75.85269, 20.46055],
        [75.8529, 20.46053],
        [75.85311, 20.4605],
        [75.85332, 20.46046],
        [75.85353, 20.46041],
        [75.85374, 20.46036],
        [75.85394, 20.46029],
        [75.85415, 20.46022],
        [75.85438, 20.46017],
        [75.8546, 20.46007],
        [75.85479, 20.45993],
        [75.85495, 20.45975],
        [75.85508, 20.45955],
        [75.85516, 20.45932],
        [75.85519, 20.45909],
        [75.85518, 20.45885],
        [75.85512, 20.45862],
        [75.85659, 20.45876],
        [75.85686, 20.45806],
        [75.85696, 20.45789],
        [75.85706, 20.45772],
        [75.85715, 20.45755],
        [75.85723, 20.45738],
        [75.85732, 20.45721],
        [75.85739, 20.45703],
        [75.85746, 20.45685],
        [75.85753, 20.45667],
        [75.85759, 20.45649],
        [75.85829, 20.45495],
        [75.8592, 20.45341],
        [75.85969, 20.45314],
        [75.86004, 20.45278],
        [75.86095, 20.45215],
        [75.86172, 20.45138],
        [75.86244, 20.45093],
        [75.86272, 20.44995],
        [75.86412, 20.44757],
        [75.86495, 20.44534],
        [75.86509, 20.44255],
        [75.86203, 20.442],
        [75.86203, 20.44172],
        [75.86216, 20.43977],
        [75.86678, 20.43935],
        [75.87516, 20.43837],
        [75.87502, 20.43711],
        [75.87739, 20.4367],
        [75.87977, 20.44366],
        [75.88005, 20.44367],
        [75.88339, 20.44436],
        [75.88841, 20.44506],
        [75.8912, 20.44562],
        [75.89023, 20.44659],
        [75.88995, 20.44826],
        [75.88507, 20.44813],
        [75.88395, 20.44884],
        [75.87725, 20.45219],
        [75.87686, 20.4524],
        [75.87646, 20.45261],
        [75.87605, 20.4528],
        [75.87564, 20.45297],
        [75.87523, 20.45314],
        [75.87481, 20.45329],
        [75.87438, 20.45342],
        [75.87395, 20.45354],
        [75.87352, 20.45365],
        [75.87313, 20.45388],
        [75.87272, 20.45408],
        [75.8723, 20.45425],
        [75.87188, 20.4544],
        [75.87144, 20.45452],
        [75.871, 20.45461],
        [75.87055, 20.45466],
        [75.8701, 20.4547],
        [75.86964, 20.4547],
        [75.86937, 20.45777],
        [75.86982, 20.45793],
        [75.87023, 20.45818],
        [75.87058, 20.4585],
        [75.87086, 20.45889],
        [75.87106, 20.45932],
        [75.87117, 20.45979],
        [75.87118, 20.46026],
        [75.87111, 20.46073],
        [75.87094, 20.46118],
        [75.87024, 20.46118],
        [75.86787, 20.46188],
        [75.86494, 20.46397],
        [75.86159, 20.46508],
        [75.86173, 20.46773],
        [75.86104, 20.46745],
        [75.86201, 20.47094],
        [75.86131, 20.47221],
        [75.86145, 20.47653],
        [75.85908, 20.47667],
        [75.85922, 20.48127],
        [75.85727, 20.48127],
        [75.85601, 20.4796],
        [75.85364, 20.48002],
        [75.85406, 20.48127],
        [75.85144, 20.48232],
        [75.84949, 20.48329],
        [75.84963, 20.48357],
        [75.84893, 20.48483],
        [75.84782, 20.48706],
        [75.84782, 20.49124],
        [75.84907, 20.49138],
        [75.84921, 20.49472],
        [75.84966, 20.50067],
        [75.84971, 20.50208],
        [75.85264, 20.50153],
        [75.85281, 20.50455],
        [75.8582, 20.50484],
        [75.85854, 20.50576],
        [75.85808, 20.50891],
        [75.8593, 20.51405],
        [75.86048, 20.51375],
        [75.86199, 20.51987],
        [75.85964, 20.52029],
        [75.86031, 20.5236],
        [75.86044, 20.52392],
        [75.86329, 20.52472],
        [75.86341, 20.5255],
        [75.86491, 20.52559],
        [75.8656, 20.52619],
        [75.86574, 20.52677],
        [75.86995, 20.52822],
        [75.8713, 20.52863],
        [75.87189, 20.52853],
        [75.87215, 20.52788],
        [75.87215, 20.52726],
        [75.87446, 20.52715],
        [75.87662, 20.52692],
        [75.877, 20.52685],
        [75.87736, 20.52673],
        [75.87771, 20.52657],
        [75.87804, 20.52637],
        [75.87834, 20.52614],
        [75.87861, 20.52586],
        [75.87885, 20.52556],
        [75.87905, 20.52523],
        [75.87921, 20.52488],
        [75.87955, 20.52419],
        [75.87962, 20.5241],
        [75.87969, 20.52402],
        [75.87979, 20.52396],
        [75.87989, 20.52392],
        [75.88, 20.52391],
        [75.88011, 20.52391],
        [75.88022, 20.52395],
        [75.88031, 20.524],
        [75.8804, 20.52407],
        [75.88162, 20.52474],
        [75.8817, 20.52473],
        [75.88178, 20.52474],
        [75.88185, 20.52476],
        [75.88191, 20.5248],
        [75.88197, 20.52486],
        [75.88201, 20.52492],
        [75.88203, 20.52499],
        [75.88204, 20.52507],
        [75.88203, 20.52514],
        [75.88201, 20.52523],
        [75.882, 20.52531],
        [75.882, 20.52539],
        [75.88201, 20.52548],
        [75.88203, 20.52556],
        [75.88206, 20.52564],
        [75.8821, 20.52571],
        [75.88215, 20.52578],
        [75.88221, 20.52584],
        [75.88231, 20.52589],
        [75.88241, 20.52594],
        [75.8825, 20.52601],
        [75.88259, 20.52609],
        [75.88266, 20.52617],
        [75.88273, 20.52626],
        [75.88279, 20.52636],
        [75.88283, 20.52647],
        [75.88286, 20.52658],
        [75.88289, 20.52664],
        [75.88291, 20.5267],
        [75.88294, 20.52676],
        [75.88298, 20.52682],
        [75.88301, 20.52687],
        [75.88305, 20.52693],
        [75.88308, 20.52698],
        [75.88313, 20.52704],
        [75.88317, 20.52709],
        [75.88333, 20.52727],
        [75.88347, 20.52748],
        [75.88357, 20.5277],
        [75.88365, 20.52793],
        [75.88369, 20.52818],
        [75.8837, 20.52842],
        [75.88367, 20.52867],
        [75.88361, 20.52891],
        [75.88352, 20.52914],
        [75.88345, 20.52931],
        [75.88338, 20.52948],
        [75.88332, 20.52966],
        [75.88326, 20.52983],
        [75.88321, 20.53001],
        [75.88316, 20.53019],
        [75.88311, 20.53037],
        [75.88307, 20.53056],
        [75.88304, 20.53074],
        [75.88303, 20.53084],
        [75.883, 20.53095],
        [75.88295, 20.53104],
        [75.88288, 20.53113],
        [75.8828, 20.5312],
        [75.88271, 20.53126],
        [75.88262, 20.5313],
        [75.88251, 20.53132],
        [75.8824, 20.53132],
        [75.88229, 20.53131],
        [75.88217, 20.53132],
        [75.88206, 20.53136],
        [75.88196, 20.53141],
        [75.88186, 20.53148],
        [75.88179, 20.53157],
        [75.88173, 20.53167],
        [75.88169, 20.53178],
        [75.88167, 20.5319],
        [75.88157, 20.53203],
        [75.88146, 20.53215],
        [75.88133, 20.53226],
        [75.8812, 20.53236],
        [75.88106, 20.53244],
        [75.88091, 20.53251],
        [75.88076, 20.53257],
        [75.8806, 20.53261],
        [75.88043, 20.53263],
        [75.8803, 20.5327],
        [75.88018, 20.53278],
        [75.88008, 20.53289],
        [75.88, 20.53301],
        [75.87995, 20.53314],
        [75.87991, 20.53328],
        [75.87991, 20.53343],
        [75.87993, 20.53357],
        [75.87998, 20.53371],
        [75.88006, 20.53389],
        [75.88012, 20.53408],
        [75.88014, 20.53429],
        [75.88014, 20.53449],
        [75.88009, 20.53469],
        [75.88002, 20.53488],
        [75.87992, 20.53505],
        [75.87979, 20.53521],
        [75.87964, 20.53534],
        [75.87948, 20.53544],
        [75.87934, 20.53555],
        [75.87921, 20.53568],
        [75.8791, 20.53581],
        [75.87899, 20.53596],
        [75.87891, 20.53612],
        [75.87883, 20.53629],
        [75.87878, 20.53646],
        [75.87874, 20.53664],
        [75.87871, 20.53673],
        [75.87867, 20.53683],
        [75.87863, 20.53692],
        [75.87858, 20.537],
        [75.87853, 20.53709],
        [75.87847, 20.53717],
        [75.87841, 20.53725],
        [75.87834, 20.53732],
        [75.87827, 20.53739],
        [75.87636, 20.53997],
        [75.87536, 20.54137],
        [75.8737, 20.54291],
        [75.87185, 20.54528],
        [75.8701, 20.54748],
        [75.86837, 20.54985],
        [75.86714, 20.55145],
        [75.86521, 20.55352],
        [75.86413, 20.55466],
        [75.86376, 20.55518],
        [75.86365, 20.55526],
        [75.86353, 20.55534],
        [75.86341, 20.5554],
        [75.86328, 20.55544],
        [75.86315, 20.55547],
        [75.86301, 20.55548],
        [75.86287, 20.55548],
        [75.86274, 20.55546],
        [75.8626, 20.55543],
        [75.86249, 20.55543],
        [75.86237, 20.55547],
        [75.86228, 20.55554],
        [75.8622, 20.55563],
        [75.86216, 20.55574],
        [75.86215, 20.55586],
        [75.86218, 20.55597],
        [75.86224, 20.55608],
        [75.86233, 20.55616],
        [75.86239, 20.55623],
        [75.86243, 20.55631],
        [75.86246, 20.5564],
        [75.86248, 20.55649],
        [75.86248, 20.55658],
        [75.86246, 20.55667],
        [75.86243, 20.55676],
        [75.86239, 20.55684],
        [75.86233, 20.55691],
        [75.86206, 20.55729],
        [75.8618, 20.55768],
        [75.86154, 20.55808],
        [75.86129, 20.55848],
        [75.86105, 20.55888],
        [75.86081, 20.55929],
        [75.86059, 20.5597],
        [75.86036, 20.56011],
        [75.86015, 20.56053],
        [75.86017, 20.56088],
        [75.86428, 20.5605],
        [75.86554, 20.55959],
        [75.86748, 20.55791],
        [75.86857, 20.55762],
        [75.86948, 20.55744],
        [75.87195, 20.55685],
        [75.87695, 20.55742],
        [75.87908, 20.55791],
        [75.88176, 20.55944],
        [75.88361, 20.56042],
        [75.88425, 20.56032],
        [75.88487, 20.5601],
        [75.8849, 20.56003],
        [75.88517, 20.55977],
        [75.88535, 20.55967],
        [75.88554, 20.55959],
        [75.88574, 20.55952],
        [75.88593, 20.55947],
        [75.88614, 20.55943],
        [75.88634, 20.5594],
        [75.88655, 20.55939],
        [75.88675, 20.55939],
        [75.88935, 20.55921],
        [75.89108, 20.55903],
        [75.89642, 20.55855],
        [75.89958, 20.55837],
        [75.90245, 20.55816],
        [75.9028, 20.55808],
        [75.90314, 20.55798],
        [75.90348, 20.55786],
        [75.9038, 20.55771],
        [75.90448, 20.5574],
        [75.905, 20.55716],
        [75.90551, 20.55692],
        [75.90601, 20.55667],
        [75.90652, 20.55641],
        [75.90702, 20.55615],
        [75.90751, 20.55588],
        [75.90801, 20.5556],
        [75.90849, 20.55531],
        [75.90869, 20.55524],
        [75.90889, 20.55517],
        [75.9091, 20.55511],
        [75.90931, 20.55507],
        [75.90952, 20.55504],
        [75.90974, 20.55502],
        [75.90995, 20.55502],
        [75.91016, 20.55503],
        [75.91038, 20.55506],
        [75.91364, 20.55516],
        [75.91548, 20.55513],
        [75.91671, 20.55502],
        [75.91691, 20.55499],
        [75.91711, 20.55491],
        [75.91727, 20.55479],
        [75.91741, 20.55463],
        [75.91885, 20.55205],
        [75.92105, 20.54874],
        [75.92135, 20.54841],
        [75.92167, 20.5481],
        [75.92201, 20.5478],
        [75.92236, 20.54753],
        [75.92273, 20.54728],
        [75.92312, 20.54704],
        [75.92351, 20.54683],
        [75.92391, 20.54665],
        [75.92433, 20.54648],
        [75.92459, 20.54626],
        [75.92488, 20.54608],
        [75.9252, 20.54595],
        [75.92553, 20.54586],
        [75.92587, 20.54582],
        [75.92621, 20.54583],
        [75.92654, 20.54588],
        [75.92687, 20.54599],
        [75.92717, 20.54614],
        [75.92763, 20.54633],
        [75.92808, 20.54653],
        [75.92852, 20.54674],
        [75.92896, 20.54696],
        [75.9294, 20.54718],
        [75.92983, 20.54742],
        [75.93025, 20.54767],
        [75.93067, 20.54792],
        [75.93121, 20.5483],
        [75.93142, 20.54856],
        [75.93157, 20.54887],
        [75.93165, 20.54919],
        [75.93167, 20.54953],
        [75.93169, 20.55255],
        [75.93176, 20.55289],
        [75.93183, 20.55324],
        [75.9319, 20.5536],
        [75.93196, 20.55395],
        [75.93202, 20.55431],
        [75.93208, 20.55467],
        [75.93215, 20.55502],
        [75.93221, 20.55538],
        [75.93227, 20.55574],
        [75.93232, 20.55609],
        [75.93238, 20.55645],
        [75.93246, 20.55678],
        [75.93252, 20.5571],
        [75.93256, 20.55744],
        [75.93259, 20.55777],
        [75.93259, 20.5581],
        [75.93258, 20.55844],
        [75.93255, 20.55877],
        [75.9325, 20.5591],
        [75.93242, 20.55953],
        [75.9324, 20.55975],
        [75.9324, 20.55997],
        [75.93241, 20.56018],
        [75.93245, 20.5604],
        [75.9325, 20.56082],
        [75.93254, 20.56124],
        [75.93258, 20.56166],
        [75.9326, 20.56208],
        [75.93262, 20.5625],
        [75.93264, 20.56292],
        [75.93264, 20.56335],
        [75.93264, 20.56377],
        [75.93263, 20.56419],
        [75.93258, 20.56461],
        [75.93254, 20.56504],
        [75.93251, 20.56546],
        [75.93249, 20.56589],
        [75.93248, 20.56631],
        [75.93247, 20.56674],
        [75.93248, 20.56716],
        [75.9325, 20.56759],
        [75.93252, 20.56801],
        [75.93251, 20.56849],
        [75.9325, 20.56897],
        [75.93251, 20.56944],
        [75.93253, 20.56992],
        [75.93256, 20.5704],
        [75.93261, 20.57087],
        [75.93266, 20.57135],
        [75.93273, 20.57182],
        [75.9328, 20.57229],
        [75.93285, 20.57255],
        [75.93291, 20.57282],
        [75.93296, 20.57308],
        [75.93302, 20.57334],
        [75.93307, 20.57361],
        [75.93313, 20.57387],
        [75.93319, 20.57413],
        [75.93325, 20.57439],
        [75.93331, 20.57465],
        [75.9334, 20.57499],
        [75.93348, 20.57533],
        [75.93354, 20.57568],
        [75.9336, 20.57602],
        [75.93364, 20.57637],
        [75.93368, 20.57672],
        [75.93369, 20.57707],
        [75.9337, 20.57742],
        [75.93369, 20.57789],
        [75.93366, 20.57812],
        [75.93362, 20.57835],
        [75.93356, 20.57858],
        [75.93349, 20.5788],
        [75.93342, 20.57916],
        [75.93339, 20.57953],
        [75.93339, 20.57971],
        [75.93343, 20.58008],
        [75.9335, 20.58044],
        [75.93349, 20.58068],
        [75.93346, 20.58092],
        [75.93341, 20.58116],
        [75.93333, 20.58139],
        [75.93324, 20.58167],
        [75.93325, 20.58199],
        [75.93336, 20.5823],
        [75.93355, 20.58256],
        [75.93382, 20.58275],
        [75.93415, 20.58275],
        [75.9344, 20.58295],
        [75.9345, 20.58326],
        [75.93438, 20.58356],
        [75.93415, 20.58382],
        [75.93399, 20.58414],
        [75.9339, 20.58449],
        [75.9339, 20.58485],
        [75.93394, 20.58518],
        [75.93401, 20.58544],
        [75.9341, 20.58566],
        [75.93424, 20.58585],
        [75.93442, 20.58599],
        [75.93466, 20.5861],
        [75.9349, 20.58624],
        [75.93512, 20.58641],
        [75.9353, 20.58663],
        [75.93544, 20.58687],
        [75.93556, 20.58723],
        [75.93557, 20.58744],
        [75.93547, 20.58763],
        [75.93528, 20.5879],
        [75.93516, 20.58824],
        [75.93515, 20.58853],
        [75.93509, 20.58874],
        [75.93497, 20.58892],
        [75.9348, 20.58906],
        [75.9346, 20.58914],
        [75.93443, 20.58922],
        [75.93427, 20.58933],
        [75.93413, 20.58946],
        [75.934, 20.5896],
        [75.9339, 20.58977],
        [75.93382, 20.58994],
        [75.93376, 20.59012],
        [75.93373, 20.59031],
        [75.93372, 20.5905],
        [75.93365, 20.59071],
        [75.9336, 20.59092],
        [75.93357, 20.59114],
        [75.93355, 20.59135],
        [75.93355, 20.59157],
        [75.93356, 20.59179],
        [75.9336, 20.592],
        [75.93364, 20.59221],
        [75.93371, 20.59242],
        [75.93377, 20.59266],
        [75.9338, 20.5929],
        [75.93379, 20.59314],
        [75.93375, 20.59338],
        [75.93367, 20.59362],
        [75.93356, 20.59383],
        [75.93342, 20.59403],
        [75.93325, 20.59421],
        [75.93306, 20.59436],
        [75.93131, 20.59549],
        [75.93123, 20.59571],
        [75.93121, 20.59596],
        [75.93127, 20.59623],
        [75.9315, 20.59641],
        [75.93311, 20.59637],
        [75.93348, 20.59639],
        [75.93384, 20.59643],
        [75.9342, 20.5965],
        [75.93456, 20.59657],
        [75.93491, 20.59667],
        [75.93525, 20.59679],
        [75.93559, 20.59693],
        [75.93592, 20.59708],
        [75.93624, 20.59725],
        [75.93806, 20.5981],
        [75.93833, 20.5982],
        [75.9386, 20.59829],
        [75.93888, 20.59835],
        [75.93916, 20.59839],
        [75.93945, 20.59841],
        [75.93974, 20.59841],
        [75.94002, 20.59838],
        [75.9403, 20.59833],
        [75.94058, 20.59826],
        [75.94249, 20.5978],
        [75.94296, 20.59769],
        [75.94344, 20.59761],
        [75.94392, 20.59755],
        [75.94441, 20.59752],
        [75.94489, 20.59751],
        [75.94538, 20.59753],
        [75.94586, 20.59758],
        [75.94634, 20.59765],
        [75.94682, 20.59775],
        [75.94705, 20.59788],
        [75.94729, 20.59801],
        [75.94752, 20.59815],
        [75.94775, 20.59829],
        [75.94798, 20.59843],
        [75.94821, 20.59858],
        [75.94843, 20.59873],
        [75.94866, 20.59888],
        [75.94888, 20.59903],
        [75.94925, 20.59922],
        [75.94962, 20.59941],
        [75.95, 20.59958],
        [75.95038, 20.59976],
        [75.95076, 20.59992],
        [75.95114, 20.60008],
        [75.95153, 20.60024],
        [75.95192, 20.60039],
        [75.95231, 20.60053],
        [75.95254, 20.60059],
        [75.95277, 20.60066],
        [75.95299, 20.60076],
        [75.9532, 20.60088],
        [75.9534, 20.60101],
        [75.95359, 20.60116],
        [75.95376, 20.60132],
        [75.95392, 20.6015],
        [75.95407, 20.6017],
        [75.95424, 20.60198],
        [75.9544, 20.60227],
        [75.95454, 20.60258],
        [75.95466, 20.60289],
        [75.95476, 20.60321],
        [75.95484, 20.60354],
        [75.95489, 20.60386],
        [75.95493, 20.6042],
        [75.95494, 20.60453],
        [75.95487, 20.60723],
        [75.95469, 20.61063],
        [75.9546, 20.61456],
        [75.95463, 20.6182],
        [75.95478, 20.62043],
        [75.95494, 20.6206],
        [75.95833, 20.62034],
        [75.96277, 20.62028],
        [75.96529, 20.62027],
        [75.9656, 20.62026],
        [75.96591, 20.62022],
        [75.96622, 20.62018],
        [75.96653, 20.62011],
        [75.96683, 20.62004],
        [75.96713, 20.61994],
        [75.96742, 20.61983],
        [75.96771, 20.61971],
        [75.96799, 20.61957],
        [75.96964, 20.61906],
        [75.97, 20.619],
        [75.97036, 20.61895],
        [75.97072, 20.61892],
        [75.97108, 20.61889],
        [75.97144, 20.61888],
        [75.9718, 20.61888],
        [75.97216, 20.6189],
        [75.97252, 20.61893],
        [75.97288, 20.61897],
        [75.97337, 20.61894],
        [75.97386, 20.61891],
        [75.97435, 20.61887],
        [75.97484, 20.61882],
        [75.97532, 20.61876],
        [75.97581, 20.61869],
        [75.97629, 20.61861],
        [75.97678, 20.61852],
        [75.97726, 20.61843],
        [75.97912, 20.61816],
        [75.97932, 20.61812],
        [75.97951, 20.61806],
        [75.9797, 20.618],
        [75.97989, 20.61792],
        [75.98006, 20.61782],
        [75.98023, 20.61771],
        [75.9804, 20.61759],
        [75.98055, 20.61746],
        [75.98069, 20.61732],
        [75.98089, 20.61717],
        [75.98111, 20.61704],
        [75.98133, 20.61693],
        [75.98157, 20.61684],
        [75.98181, 20.61677],
        [75.98206, 20.61673],
        [75.98231, 20.61671],
        [75.98256, 20.61672],
        [75.98281, 20.61675],
        [75.98622, 20.61664],
        [75.98656, 20.61686],
        [75.98665, 20.61762],
        [75.9868, 20.61791],
        [75.98704, 20.61812],
        [75.98722, 20.61825],
        [75.98743, 20.6183],
        [75.98783, 20.6183],
        [75.9881, 20.61838],
        [75.98822, 20.62149],
        [75.98832, 20.6218],
        [75.98862, 20.62194],
        [75.98898, 20.62195],
        [75.98934, 20.62197],
        [75.9897, 20.62198],
        [75.99006, 20.622],
        [75.99042, 20.62202],
        [75.99078, 20.62205],
        [75.99114, 20.62208],
        [75.9915, 20.62211],
        [75.99185, 20.62215],
        [75.99225, 20.62216],
        [75.9925, 20.62226],
        [75.99271, 20.62241],
        [75.99288, 20.62261],
        [75.99302, 20.62307],
        [75.99324, 20.62321],
        [75.99585, 20.62302],
        [75.99656, 20.62303],
        [75.99694, 20.62312],
        [75.99712, 20.62338],
        [75.99746, 20.62538],
        [75.99793, 20.62825],
        [75.99813, 20.62843],
        [75.99842, 20.62851],
        [75.99876, 20.62856],
        [75.99902, 20.62864],
        [76.00593, 20.62883],
        [76.00793, 20.62888],
        [76.00828, 20.62908],
        [76.00833, 20.62936],
        [76.00841, 20.62967],
        [76.00867, 20.62987],
        [76.01027, 20.63059],
        [76.01041, 20.63074],
        [76.01052, 20.63092],
        [76.0106, 20.63111],
        [76.01064, 20.63131],
        [76.01073, 20.63344],
        [76.01087, 20.63372],
        [76.01108, 20.63394],
        [76.01205, 20.63437],
        [76.01224, 20.63455],
        [76.0124, 20.63476],
        [76.01253, 20.63499],
        [76.01261, 20.63524],
        [76.01266, 20.6355],
        [76.01266, 20.63576],
        [76.01263, 20.63602],
        [76.01255, 20.63627],
        [76.01243, 20.6365],
        [76.01135, 20.63844],
        [76.01122, 20.63871],
        [76.01119, 20.63901],
        [76.01126, 20.63931],
        [76.01143, 20.63956],
        [76.01182, 20.64027],
        [76.01194, 20.6408],
        [76.01188, 20.64108],
        [76.01168, 20.64129],
        [76.01011, 20.64193],
        [76.00989, 20.6421],
        [76.0097, 20.64233],
        [76.0092, 20.64296],
        [76.00804, 20.64379]
      ]
    ]
  }
}
