{
  "type": "Feature",
  "id": "MH-AC-130",
  "properties": {
    "stateName": "MAHARASHTRA",
    "stateCode": "MH",
    "districtName": "THANE",
    "acNo": 130,
    "acName": "PALGHAR (ST)",
    "seatType": null,
    "pcNo": null,
    "pcName": null,
    "quality": "unverified",
    "sources": [
      "TBD"
    ]
  },
  "geometry": {
    "type": "Polygon",
    "coordinates": [
      [
        [72.67722, 19.81826],
        [72.6773, 19.8183],
        [72.6775, 19.8186],
        [72.6777, 19.8189],
        [72.6777, 19.8189],
        [72.6778, 19.819],
        [72.6779, 19.8192],
        [72.678, 19.8195],
        [72.67805, 19.81973],
        [72.67812, 19.81998],
        [72.67816, 19.82029],
        [72.6782, 19.8205],
        [72.67828, 19.82065],
        [72.6783, 19.82068],
        [72.67842, 19.82076],
        [72.6785, 19.8208],
        [72.67868, 19.82089],
        [72.67875, 19.8209],
        [72.6789, 19.8209],
        [72.67907, 19.82094],
        [72.6793, 19.821],
        [72.6797, 19.8211],
        [72.6803, 19.8213],
        [72.6805, 19.8214],
        [72.6807, 19.8216],
        [72.6809, 19.8219],
        [72.68104, 19.82211],
        [72.6811, 19.8222],
        [72.68111, 19.82222],
        [72.68111, 19.82223],
        [72.68121, 19.82264],
        [72.68123, 19.82292],
        [72.68115, 19.8231],
        [72.6811, 19.8233],
        [72.6809, 19.8235],
        [72.68087, 19.82354],
        [72.6806, 19.8239],
        [72.6803, 19.8243],
        [72.67982, 19.8247],
        [72.67973, 19.82479],
        [72.6793, 19.8252],
        [72.6791, 19.8255],
        [72.6788, 19.8258],
        [72.67871, 19.82586],
        [72.6785, 19.826],
        [72.6783, 19.8261],
        [72.678, 19.8261],
        [72.6777, 19.8261],
        [72.6775, 19.826],
        [72.6774, 19.826],
        [72.6773, 19.826],
        [72.67721, 19.82584],
        [72.677, 19.8255],
        [72.6769, 19.8255],
        [72.67694, 19.8252],
        [72.677, 19.8247],
        [72.6772, 19.82401],
        [72.67698, 19.82391],
        [72.67694, 19.82384],
        [72.6768, 19.8237],
        [72.6768, 19.8235],
        [72.6768, 19.8233],
        [72.6769, 19.8228],
        [72.6769, 19.82215],
        [72.6769, 19.822],
        [72.6769, 19.8216],
        [72.6769, 19.82129],
        [72.6769, 19.8205],
        [72.67675, 19.82006],
        [72.6767, 19.8199],
        [72.6766, 19.8193],
        [72.67654, 19.81907],
        [72.6764, 19.8185],
        [72.67625, 19.81828],
        [72.6762, 19.8182],
        [72.6761, 19.8181],
        [72.6758, 19.818],
        [72.6755, 19.818],
        [72.6751, 19.818],
        [72.6748, 19.8181],
        [72.67436, 19.81828],
        [72.6743, 19.8183],
        [72.6739, 19.8185],
        [72.6735, 19.8187],
        [72.673, 19.8189],
        [72.6725, 19.8192],
        [72.6721, 19.8194],
        [72.67202, 19.81943],
        [72.6716, 19.8196],
        [72.6715, 19.8196],
        [72.6709, 19.8197],
        [72.6703, 19.8199],
        [72.6698, 19.8201],
        [72.66937, 19.82027],
        [72.66931, 19.8203],
        [72.66927, 19.82031],
        [72.6688, 19.8205],
        [72.6684, 19.8206],
        [72.6679, 19.8207],
        [72.66749, 19.8208],
        [72.66749, 19.82081],
        [72.66742, 19.82084],
        [72.6671, 19.821],
        [72.66674, 19.82127],
        [72.6667, 19.8213],
        [72.6663, 19.8216],
        [72.66626, 19.82163],
        [72.6658, 19.8219],
        [72.66549, 19.82221],
        [72.6653, 19.8224],
        [72.6651, 19.8226],
        [72.66501, 19.82264],
        [72.6649, 19.82274],
        [72.66479, 19.82287],
        [72.6647, 19.823],
        [72.6646, 19.8234],
        [72.6645, 19.8237],
        [72.6644, 19.8241],
        [72.6644, 19.8245],
        [72.6644, 19.8247],
        [72.66445, 19.82486],
        [72.66451, 19.825],
        [72.66459, 19.82509],
        [72.6648, 19.8253],
        [72.6651, 19.8257],
        [72.6654, 19.8262],
        [72.6651, 19.82655],
        [72.6648, 19.8269],
        [72.66418, 19.82697],
        [72.6639, 19.827],
        [72.6638, 19.8268],
        [72.6637, 19.8266],
        [72.6636, 19.8264],
        [72.6634, 19.8262],
        [72.66336, 19.82616],
        [72.66318, 19.82602],
        [72.66304, 19.826],
        [72.6629, 19.826],
        [72.6626, 19.826],
        [72.66232, 19.82602],
        [72.66217, 19.82607],
        [72.6619, 19.8262],
        [72.66166, 19.82636],
        [72.66162, 19.8264],
        [72.6614, 19.82664],
        [72.66137, 19.82671],
        [72.6613, 19.8269],
        [72.6611, 19.8274],
        [72.6609, 19.8282],
        [72.6607, 19.8288],
        [72.6605, 19.8293],
        [72.66036, 19.82949],
        [72.6602, 19.8297],
        [72.66015, 19.82986],
        [72.6601, 19.83],
        [72.6598, 19.8303],
        [72.65972, 19.83043],
        [72.65962, 19.83063],
        [72.65952, 19.83083],
        [72.6595, 19.8309],
        [72.6593, 19.8312],
        [72.65897, 19.83144],
        [72.6589, 19.8315],
        [72.6585, 19.8317],
        [72.6579, 19.8319],
        [72.6574, 19.8321],
        [72.65736, 19.83213],
        [72.657, 19.8324],
        [72.65681, 19.83253],
        [72.65671, 19.83263],
        [72.65659, 19.83282],
        [72.6565, 19.833],
        [72.6563, 19.8333],
        [72.65628, 19.83332],
        [72.6559, 19.83371],
        [72.65586, 19.83376],
        [72.6555, 19.8343],
        [72.6552, 19.8346],
        [72.65514, 19.83466],
        [72.6549, 19.8349],
        [72.6547, 19.8353],
        [72.6547, 19.83541],
        [72.6547, 19.8357],
        [72.65462, 19.83621],
        [72.6546, 19.8363],
        [72.6546, 19.8366],
        [72.65472, 19.83683],
        [72.6548, 19.837],
        [72.655, 19.8375],
        [72.655, 19.83767],
        [72.65512, 19.83807],
        [72.65516, 19.83822],
        [72.6553, 19.8385],
        [72.6553, 19.83887],
        [72.65532, 19.839],
        [72.65533, 19.83917],
        [72.6554, 19.8396],
        [72.65532, 19.84027],
        [72.65531, 19.8404],
        [72.65534, 19.84058],
        [72.6554, 19.8409],
        [72.6554, 19.84103],
        [72.65543, 19.84125],
        [72.65546, 19.84134],
        [72.6556, 19.8417],
        [72.65574, 19.84212],
        [72.6558, 19.8423],
        [72.656, 19.8427],
        [72.6563, 19.8432],
        [72.6565, 19.8435],
        [72.6567, 19.8438],
        [72.65682, 19.84399],
        [72.6569, 19.8441],
        [72.6571, 19.8446],
        [72.65718, 19.84499],
        [72.65722, 19.84512],
        [72.65734, 19.84531],
        [72.65752, 19.84558],
        [72.6577, 19.8458],
        [72.6579, 19.8462],
        [72.65795, 19.84632],
        [72.65811, 19.84666],
        [72.65816, 19.84683],
        [72.6582, 19.8469],
        [72.6582, 19.84694],
        [72.6582, 19.8474],
        [72.6582, 19.84767],
        [72.65821, 19.84771],
        [72.65822, 19.84774],
        [72.6583, 19.8479],
        [72.6585, 19.8479],
        [72.65857, 19.84783],
        [72.6586, 19.8478],
        [72.6587, 19.8477],
        [72.65893, 19.84755],
        [72.659, 19.8475],
        [72.6592, 19.8474],
        [72.6594, 19.8473],
        [72.6598, 19.8473],
        [72.65988, 19.84726],
        [72.66, 19.8472],
        [72.66019, 19.84714],
        [72.6603, 19.84708],
        [72.66061, 19.84689],
        [72.6607, 19.84684],
        [72.6611, 19.8466],
        [72.6614, 19.8465],
        [72.662, 19.8465],
        [72.6625, 19.8465],
        [72.66285, 19.8465],
        [72.66329, 19.8465],
        [72.6633, 19.8465],
        [72.66337, 19.84652],
        [72.66375, 19.8466],
        [72.66387, 19.84664],
        [72.6641, 19.8467],
        [72.6643, 19.8469],
        [72.66448, 19.84707],
        [72.66453, 19.84713],
        [72.6649, 19.8475],
        [72.66507, 19.84767],
        [72.66512, 19.84771],
        [72.6655, 19.8478],
        [72.66572, 19.84785],
        [72.66592, 19.84788],
        [72.66608, 19.8479],
        [72.6662, 19.8479],
        [72.66633, 19.8479],
        [72.6666, 19.8479],
        [72.66674, 19.84769],
        [72.6668, 19.8476],
        [72.66695, 19.84755],
        [72.66707, 19.84748],
        [72.66717, 19.84735],
        [72.66719, 19.84713],
        [72.6672, 19.84708],
        [72.6672, 19.8469],
        [72.6674, 19.8468],
        [72.66762, 19.84665],
        [72.66766, 19.84662],
        [72.6678, 19.84637],
        [72.66782, 19.84631],
        [72.6679, 19.846],
        [72.66803, 19.84567],
        [72.6681, 19.8455],
        [72.6683, 19.8452],
        [72.6685, 19.8449],
        [72.66866, 19.84466],
        [72.6687, 19.8446],
        [72.66875, 19.84458],
        [72.66896, 19.84447],
        [72.66913, 19.84444],
        [72.6692, 19.8444],
        [72.66927, 19.84447],
        [72.66931, 19.84448],
        [72.66935, 19.84453],
        [72.6695, 19.8446],
        [72.6695, 19.84469],
        [72.66954, 19.84474],
        [72.6695, 19.84501],
        [72.66946, 19.84511],
        [72.6694, 19.8453],
        [72.66931, 19.84553],
        [72.6692, 19.8458],
        [72.669, 19.8463],
        [72.66894, 19.84673],
        [72.6689, 19.847],
        [72.6688, 19.8475],
        [72.6688, 19.84789],
        [72.66881, 19.84803],
        [72.6688, 19.8481],
        [72.6688, 19.8482],
        [72.66878, 19.84822],
        [72.66878, 19.84825],
        [72.66874, 19.84826],
        [72.6687, 19.8483],
        [72.6686, 19.8483],
        [72.66854, 19.84824],
        [72.66847, 19.84821],
        [72.66833, 19.84814],
        [72.6682, 19.8481],
        [72.66795, 19.84793],
        [72.66791, 19.84791],
        [72.66787, 19.8479],
        [72.6677, 19.8479],
        [72.66765, 19.8479],
        [72.66764, 19.84791],
        [72.66764, 19.84794],
        [72.6677, 19.848],
        [72.6677, 19.84811],
        [72.6677, 19.8482],
        [72.6679, 19.8484],
        [72.6681, 19.8486],
        [72.6683, 19.8487],
        [72.6686, 19.8488],
        [72.66864, 19.84881],
        [72.6689, 19.8489],
        [72.6692, 19.8492],
        [72.6697, 19.8497],
        [72.66981, 19.84984],
        [72.6701, 19.8502],
        [72.6703, 19.8503],
        [72.6706, 19.8505],
        [72.67073, 19.8506],
        [72.67101, 19.85076],
        [72.67109, 19.85084],
        [72.6712, 19.8509],
        [72.67135, 19.85097],
        [72.67137, 19.85098],
        [72.67146, 19.851],
        [72.6717, 19.851],
        [72.6718, 19.8511],
        [72.67194, 19.85116],
        [72.67213, 19.85114],
        [72.6723, 19.8511],
        [72.6724, 19.8511],
        [72.67258, 19.85106],
        [72.67275, 19.85105],
        [72.6729, 19.851],
        [72.67306, 19.851],
        [72.6732, 19.851],
        [72.6735, 19.8508],
        [72.6739, 19.8507],
        [72.6742, 19.8507],
        [72.6745, 19.8507],
        [72.6749, 19.8508],
        [72.6752, 19.8509],
        [72.6756, 19.8511],
        [72.6761, 19.8515],
        [72.67642, 19.85182],
        [72.6765, 19.8519],
        [72.677, 19.8524],
        [72.67729, 19.85269],
        [72.6774, 19.8528],
        [72.67746, 19.85291],
        [72.6775, 19.85298],
        [72.6776, 19.853],
        [72.67765, 19.85296],
        [72.6777, 19.85284],
        [72.6777, 19.8528],
        [72.67772, 19.85277],
        [72.6778, 19.8526],
        [72.6778, 19.8525],
        [72.6778, 19.8523],
        [72.67771, 19.85212],
        [72.6776, 19.8519],
        [72.6776, 19.8517],
        [72.6776, 19.8515],
        [72.67754, 19.85116],
        [72.6775, 19.8509],
        [72.6775, 19.85068],
        [72.67747, 19.85048],
        [72.67739, 19.85028],
        [72.6773, 19.8501],
        [72.6769, 19.8497],
        [72.6765, 19.8495],
        [72.6762, 19.8493],
        [72.67599, 19.84916],
        [72.6756, 19.8489],
        [72.67533, 19.84883],
        [72.6752, 19.8488],
        [72.6751, 19.8487],
        [72.6751, 19.84861],
        [72.67509, 19.84856],
        [72.67514, 19.84851],
        [72.6752, 19.8484],
        [72.6754, 19.8484],
        [72.6758, 19.8484],
        [72.676, 19.8484],
        [72.6762, 19.8484],
        [72.6763, 19.8484],
        [72.6768, 19.8483],
        [72.67728, 19.8482],
        [72.6773, 19.8482],
        [72.67732, 19.8482],
        [72.67785, 19.84819],
        [72.67801, 19.8482],
        [72.67844, 19.84818],
        [72.6786, 19.8482],
        [72.6788, 19.8482],
        [72.6789, 19.8483],
        [72.679, 19.8484],
        [72.67905, 19.84856],
        [72.6791, 19.8487],
        [72.6793, 19.8491],
        [72.6796, 19.8496],
        [72.6798, 19.8499],
        [72.67997, 19.85013],
        [72.6801, 19.8503],
        [72.68016, 19.85047],
        [72.6802, 19.8506],
        [72.6805, 19.8509],
        [72.68065, 19.851],
        [72.6808, 19.8511],
        [72.681, 19.85135],
        [72.68121, 19.85158],
        [72.68137, 19.85171],
        [72.6815, 19.8518],
        [72.68173, 19.85191],
        [72.6819, 19.852],
        [72.6823, 19.8521],
        [72.68255, 19.85218],
        [72.6826, 19.8522],
        [72.68264, 19.85227],
        [72.68271, 19.85235],
        [72.68273, 19.85246],
        [72.6828, 19.8526],
        [72.68273, 19.85274],
        [72.68271, 19.85282],
        [72.68262, 19.85303],
        [72.6826, 19.8531],
        [72.68258, 19.85314],
        [72.68241, 19.85344],
        [72.68237, 19.85354],
        [72.6823, 19.8538],
        [72.68208, 19.85409],
        [72.682, 19.8542],
        [72.6817, 19.8546],
        [72.68159, 19.85476],
        [72.6815, 19.8549],
        [72.6811, 19.8552],
        [72.68079, 19.85526],
        [72.6806, 19.8553],
        [72.68029, 19.85536],
        [72.6801, 19.8554],
        [72.67989, 19.85536],
        [72.6796, 19.8553],
        [72.6792, 19.8552],
        [72.6788, 19.8551],
        [72.6782, 19.8549],
        [72.67792, 19.85476],
        [72.6778, 19.8547],
        [72.6774, 19.8543],
        [72.6768, 19.8537],
        [72.6761, 19.8529],
        [72.67573, 19.85253],
        [72.6755, 19.8523],
        [72.6753, 19.8521],
        [72.675, 19.852],
        [72.6746, 19.852],
        [72.67441, 19.852],
        [72.6742, 19.852],
        [72.6739, 19.852],
        [72.67375, 19.852],
        [72.6737, 19.852],
        [72.6734, 19.8521],
        [72.673, 19.8522],
        [72.6728, 19.85233],
        [72.6727, 19.8524],
        [72.67257, 19.85247],
        [72.67249, 19.85252],
        [72.6723, 19.8528],
        [72.67222, 19.85288],
        [72.6722, 19.8529],
        [72.6721, 19.8532],
        [72.6721, 19.85355],
        [72.6721, 19.8537],
        [72.6721, 19.8547],
        [72.6722, 19.8551],
        [72.67227, 19.85537],
        [72.6723, 19.85547],
        [72.67241, 19.85576],
        [72.67244, 19.85588],
        [72.6725, 19.856],
        [72.67255, 19.8562],
        [72.67262, 19.85637],
        [72.67286, 19.85666],
        [72.6729, 19.8567],
        [72.67304, 19.85684],
        [72.6733, 19.8571],
        [72.6735, 19.8573],
        [72.6738, 19.8575],
        [72.67389, 19.85755],
        [72.674, 19.8576],
        [72.67409, 19.85777],
        [72.6741, 19.85779],
        [72.67418, 19.85799],
        [72.6743, 19.8583],
        [72.6745, 19.8587],
        [72.6748, 19.8592],
        [72.67509, 19.85969],
        [72.67511, 19.85971],
        [72.6753, 19.8598],
        [72.6754, 19.86],
        [72.67549, 19.86026],
        [72.67552, 19.86033],
        [72.67561, 19.86052],
        [72.6758, 19.8609],
        [72.676, 19.8612],
        [72.6764, 19.8617],
        [72.6769, 19.8623],
        [72.67699, 19.86242],
        [72.6772, 19.8627],
        [72.6775, 19.863],
        [72.67771, 19.86314],
        [72.6778, 19.8632],
        [72.67805, 19.86345],
        [72.67818, 19.86354],
        [72.6783, 19.8636],
        [72.6785, 19.8637],
        [72.6787, 19.8638],
        [72.67879, 19.86389],
        [72.6789, 19.864],
        [72.6792, 19.8641],
        [72.6794, 19.8641],
        [72.6794, 19.8641],
        [72.6794, 19.8641],
        [72.6795, 19.8642],
        [72.67973, 19.8642],
        [72.6799, 19.8642],
        [72.6801, 19.8644],
        [72.6802, 19.8645],
        [72.6802, 19.86456],
        [72.68024, 19.86466],
        [72.68036, 19.86478],
        [72.6804, 19.8648],
        [72.68045, 19.86485],
        [72.6805, 19.8649],
        [72.6808, 19.8651],
        [72.68099, 19.8651],
        [72.6812, 19.8651],
        [72.6815, 19.8652],
        [72.6817, 19.8653],
        [72.68197, 19.86539],
        [72.68211, 19.86542],
        [72.6825, 19.8655],
        [72.68261, 19.86556],
        [72.68271, 19.86559],
        [72.68278, 19.86565],
        [72.683, 19.8658],
        [72.68308, 19.86612],
        [72.6831, 19.8662],
        [72.6832, 19.8666],
        [72.6833, 19.8669],
        [72.6834, 19.8673],
        [72.68352, 19.86753],
        [72.6836, 19.8677],
        [72.6837, 19.8678],
        [72.684, 19.868],
        [72.6842, 19.8681],
        [72.6844, 19.8682],
        [72.6847, 19.8683],
        [72.68493, 19.8683],
        [72.685, 19.8683],
        [72.68516, 19.86822],
        [72.68545, 19.86803],
        [72.68566, 19.86782],
        [72.6857, 19.86769],
        [72.6857, 19.8676],
        [72.68577, 19.8675],
        [72.6859, 19.8673],
        [72.6859, 19.86714],
        [72.6859, 19.8671],
        [72.6859, 19.8667],
        [72.6859, 19.8663],
        [72.68577, 19.86599],
        [72.6857, 19.8658],
        [72.6856, 19.8656],
        [72.6853, 19.8652],
        [72.6853, 19.8649],
        [72.6853, 19.86476],
        [72.6853, 19.8647],
        [72.6855, 19.8643],
        [72.6858, 19.864],
        [72.686, 19.8637],
        [72.68609, 19.86361],
        [72.6861, 19.86359],
        [72.6861, 19.86331],
        [72.68608, 19.86327],
        [72.6859, 19.863],
        [72.6859, 19.8627],
        [72.68598, 19.86262],
        [72.6861, 19.8625],
        [72.6862, 19.8621],
        [72.6863, 19.8616],
        [72.6862, 19.8611],
        [72.68608, 19.86098],
        [72.6859, 19.8608],
        [72.6856, 19.8605],
        [72.68541, 19.86031],
        [72.68533, 19.86025],
        [72.68532, 19.86022],
        [72.6853, 19.8602],
        [72.6853, 19.86015],
        [72.68526, 19.86001],
        [72.68563, 19.85976],
        [72.6865, 19.8591],
        [72.68652, 19.85913],
        [72.68654, 19.85912],
        [72.6868, 19.8596],
        [72.687, 19.8597],
        [72.6871, 19.8598],
        [72.6873, 19.8598],
        [72.68732, 19.8598],
        [72.6874, 19.8598],
        [72.6877, 19.8597],
        [72.68784, 19.85963],
        [72.6879, 19.8596],
        [72.688, 19.8596],
        [72.6881, 19.8597],
        [72.6881, 19.85971],
        [72.6881, 19.8599],
        [72.6881, 19.8602],
        [72.68815, 19.86039],
        [72.6882, 19.8606],
        [72.6883, 19.8609],
        [72.6884, 19.8611],
        [72.68862, 19.8612],
        [72.6889, 19.8612],
        [72.68908, 19.8612],
        [72.6894, 19.8612],
        [72.68982, 19.86112],
        [72.6899, 19.8611],
        [72.6904, 19.861],
        [72.6909, 19.8609],
        [72.69116, 19.86085],
        [72.6914, 19.8608],
        [72.6917, 19.8607],
        [72.692, 19.8605],
        [72.69228, 19.86015],
        [72.6924, 19.86],
        [72.69254, 19.85989],
        [72.6929, 19.8596],
        [72.6931, 19.85947],
        [72.6932, 19.8594],
        [72.6937, 19.8592],
        [72.694, 19.8592],
        [72.6944, 19.8594],
        [72.6947, 19.8597],
        [72.69482, 19.85995],
        [72.69492, 19.86009],
        [72.69508, 19.86028],
        [72.6952, 19.8604],
        [72.69548, 19.86058],
        [72.6955, 19.8606],
        [72.6958, 19.8607],
        [72.696, 19.8606],
        [72.6963, 19.8604],
        [72.6967, 19.8601],
        [72.69678, 19.85994],
        [72.6968, 19.8599],
        [72.6971, 19.8595],
        [72.6974, 19.8591],
        [72.69746, 19.85898],
        [72.6976, 19.8587],
        [72.6977, 19.8584],
        [72.6977, 19.85816],
        [72.6977, 19.8579],
        [72.6978, 19.85771],
        [72.6979, 19.8575],
        [72.698, 19.8571],
        [72.69806, 19.85688],
        [72.6981, 19.8567],
        [72.69828, 19.85652],
        [72.6983, 19.8565],
        [72.69838, 19.8565],
        [72.69854, 19.85647],
        [72.69875, 19.8565],
        [72.6988, 19.8565],
        [72.69885, 19.8566],
        [72.69892, 19.85667],
        [72.69895, 19.85679],
        [72.699, 19.8569],
        [72.699, 19.85701],
        [72.699, 19.8571],
        [72.6992, 19.8575],
        [72.69931, 19.85773],
        [72.6994, 19.8579],
        [72.6996, 19.8582],
        [72.69972, 19.85838],
        [72.6998, 19.8585],
        [72.7, 19.8589],
        [72.7001, 19.8591],
        [72.70018, 19.85944],
        [72.7002, 19.8595],
        [72.7002, 19.85988],
        [72.7002, 19.8599],
        [72.70014, 19.8602],
        [72.70011, 19.86036],
        [72.70011, 19.86037],
        [72.7001, 19.8604],
        [72.6999, 19.861],
        [72.6996, 19.8616],
        [72.69954, 19.86179],
        [72.6994, 19.8622],
        [72.6993, 19.8626],
        [72.6994, 19.8629],
        [72.69948, 19.86302],
        [72.6996, 19.8632],
        [72.69972, 19.86338],
        [72.69982, 19.86351],
        [72.69988, 19.86358],
        [72.7003, 19.864],
        [72.7005, 19.8643],
        [72.7007, 19.8647],
        [72.7007, 19.86487],
        [72.70072, 19.86496],
        [72.7007, 19.86509],
        [72.7007, 19.8654],
        [72.7006, 19.8657],
        [72.70046, 19.86598],
        [72.70041, 19.86611],
        [72.70031, 19.86632],
        [72.7002, 19.8666],
        [72.70012, 19.86674],
        [72.6999, 19.8671],
        [72.69975, 19.86755],
        [72.6997, 19.8677],
        [72.69961, 19.86797],
        [72.6995, 19.8683],
        [72.6995, 19.8687],
        [72.6994, 19.869],
        [72.6992, 19.8694],
        [72.69913, 19.86953],
        [72.6991, 19.8696],
        [72.6991, 19.8698],
        [72.6991, 19.8702],
        [72.6992, 19.8707],
        [72.6993, 19.8712],
        [72.6994, 19.872],
        [72.6995, 19.8726],
        [72.69954, 19.87284],
        [72.6996, 19.8732],
        [72.69979, 19.87367],
        [72.6998, 19.8737],
        [72.69977, 19.8738],
        [72.69973, 19.87402],
        [72.6997, 19.87423],
        [72.6997, 19.8746],
        [72.69958, 19.87484],
        [72.69954, 19.87498],
        [72.69955, 19.87511],
        [72.6996, 19.8752],
        [72.6996, 19.87528],
        [72.69964, 19.87541],
        [72.69979, 19.87559],
        [72.6998, 19.8756],
        [72.7, 19.8758],
        [72.7003, 19.87588],
        [72.7004, 19.8759],
        [72.70053, 19.87594],
        [72.701, 19.8761],
        [72.70139, 19.8761],
        [72.7017, 19.8761],
        [72.70208, 19.87618],
        [72.7022, 19.87619],
        [72.70269, 19.87628],
        [72.70292, 19.87637],
        [72.703, 19.8764],
        [72.70301, 19.87641],
        [72.7032, 19.87657],
        [72.70331, 19.87671],
        [72.70332, 19.87675],
        [72.7034, 19.877],
        [72.70335, 19.87711],
        [72.7033, 19.8772],
        [72.7032, 19.8775],
        [72.7029, 19.8779],
        [72.70272, 19.87812],
        [72.7025, 19.8784],
        [72.702, 19.8789],
        [72.70183, 19.87902],
        [72.7017, 19.8791],
        [72.7016, 19.8794],
        [72.7016, 19.87964],
        [72.7016, 19.8797],
        [72.7016, 19.87985],
        [72.70162, 19.88012],
        [72.7016, 19.88016],
        [72.7016, 19.8802],
        [72.7015, 19.8804],
        [72.70148, 19.8804],
        [72.70144, 19.88044],
        [72.70133, 19.88045],
        [72.70126, 19.8804],
        [72.70119, 19.88035],
        [72.7011, 19.8803],
        [72.701, 19.8803],
        [72.70097, 19.8803],
        [72.70094, 19.88032],
        [72.70079, 19.88031],
        [72.70077, 19.8803],
        [72.7007, 19.8803],
        [72.7007, 19.88024],
        [72.7007, 19.8802],
        [72.7007, 19.88],
        [72.7007, 19.8796],
        [72.70064, 19.87941],
        [72.7006, 19.8793],
        [72.7006, 19.87921],
        [72.70057, 19.87913],
        [72.70049, 19.87902],
        [72.70037, 19.87893],
        [72.7003, 19.8789],
        [72.70026, 19.87888],
        [72.7001, 19.8788],
        [72.6996, 19.8787],
        [72.69937, 19.87862],
        [72.6993, 19.8786],
        [72.6987, 19.8784],
        [72.6983, 19.8782],
        [72.69815, 19.87805],
        [72.6979, 19.8778],
        [72.6975, 19.8773],
        [72.6972, 19.8767],
        [72.697, 19.8761],
        [72.69699, 19.87608],
        [72.6967, 19.8755],
        [72.69669, 19.87548],
        [72.69658, 19.87507],
        [72.6965, 19.8748],
        [72.69649, 19.87475],
        [72.6964, 19.8741],
        [72.6963, 19.8735],
        [72.69625, 19.87323],
        [72.6962, 19.873],
        [72.6962, 19.8727],
        [72.69619, 19.87267],
        [72.6961, 19.8723],
        [72.69594, 19.87198],
        [72.6959, 19.8719],
        [72.6958, 19.8715],
        [72.69575, 19.87101],
        [72.6957, 19.8706],
        [72.6955, 19.8697],
        [72.6955, 19.8689],
        [72.69556, 19.8684],
        [72.6956, 19.8681],
        [72.69563, 19.86788],
        [72.6957, 19.8674],
        [72.6957, 19.8666],
        [72.6958, 19.866],
        [72.6958, 19.8656],
        [72.6957, 19.8653],
        [72.6955, 19.8651],
        [72.69535, 19.8651],
        [72.6952, 19.8651],
        [72.69509, 19.86504],
        [72.695, 19.865],
        [72.6947, 19.8651],
        [72.6945, 19.8652],
        [72.69425, 19.86528],
        [72.69423, 19.86529],
        [72.6942, 19.8653],
        [72.6942, 19.8653],
        [72.6941, 19.8654],
        [72.69393, 19.86546],
        [72.69383, 19.86552],
        [72.69366, 19.86559],
        [72.6935, 19.8657],
        [72.6932, 19.8658],
        [72.69294, 19.8658],
        [72.69282, 19.86581],
        [72.6921, 19.8658],
        [72.6916, 19.8659],
        [72.69144, 19.8659],
        [72.6911, 19.8659],
        [72.69077, 19.86606],
        [72.6907, 19.8661],
        [72.69056, 19.86615],
        [72.69041, 19.86621],
        [72.69023, 19.86641],
        [72.69, 19.8667],
        [72.6897, 19.8669],
        [72.68938, 19.8674],
        [72.68921, 19.86773],
        [72.68916, 19.8679],
        [72.6891, 19.8682],
        [72.68903, 19.86868],
        [72.68901, 19.86894],
        [72.689, 19.86915],
        [72.689, 19.8698],
        [72.6889, 19.8705],
        [72.6888, 19.871],
        [72.68851, 19.87151],
        [72.68839, 19.87173],
        [72.68836, 19.87179],
        [72.688, 19.8726],
        [72.688, 19.8731],
        [72.68806, 19.87358],
        [72.6881, 19.8739],
        [72.68849, 19.87467],
        [72.6885, 19.8747],
        [72.68846, 19.87481],
        [72.6884, 19.875],
        [72.6881, 19.8751],
        [72.6876, 19.8751],
        [72.68722, 19.8751],
        [72.6872, 19.8751],
        [72.68692, 19.87473],
        [72.6869, 19.8747],
        [72.6867, 19.8743],
        [72.6864, 19.874],
        [72.6862, 19.8737],
        [72.6861, 19.8734],
        [72.6862, 19.873],
        [72.6863, 19.8728],
        [72.6864, 19.8726],
        [72.68647, 19.87249],
        [72.6868, 19.872],
        [72.687, 19.8716],
        [72.687, 19.8714],
        [72.687, 19.8713],
        [72.687, 19.871],
        [72.687, 19.87073],
        [72.687, 19.8706],
        [72.6869, 19.8703],
        [72.6868, 19.8701],
        [72.68673, 19.87006],
        [72.6866, 19.87],
        [72.6862, 19.8698],
        [72.6859, 19.8697],
        [72.6855, 19.8697],
        [72.68537, 19.8697],
        [72.68521, 19.86973],
        [72.68491, 19.86987],
        [72.6847, 19.87],
        [72.68443, 19.87009],
        [72.6844, 19.8701],
        [72.6839, 19.8702],
        [72.6836, 19.8702],
        [72.68351, 19.8702],
        [72.6834, 19.8702],
        [72.68337, 19.87013],
        [72.6833, 19.87],
        [72.6832, 19.8699],
        [72.6831, 19.8696],
        [72.6829, 19.8692],
        [72.6827, 19.8688],
        [72.68261, 19.86854],
        [72.6826, 19.8685],
        [72.68243, 19.86827],
        [72.68229, 19.86811],
        [72.68218, 19.86792],
        [72.6821, 19.8678],
        [72.68201, 19.8675],
        [72.6818, 19.8668],
        [72.68169, 19.86665],
        [72.6815, 19.8664],
        [72.6813, 19.8662],
        [72.6812, 19.86613],
        [72.681, 19.866],
        [72.6808, 19.866],
        [72.68074, 19.86606],
        [72.6807, 19.8661],
        [72.6806, 19.8663],
        [72.68056, 19.86634],
        [72.6805, 19.8664],
        [72.6806, 19.8668],
        [72.6807, 19.8672],
        [72.6807, 19.8672],
        [72.6807, 19.8683],
        [72.6807, 19.86881],
        [72.6807, 19.8692],
        [72.68081, 19.86954],
        [72.6809, 19.8698],
        [72.6809, 19.87001],
        [72.6809, 19.8704],
        [72.6809, 19.87098],
        [72.6809, 19.871],
        [72.6809, 19.8717],
        [72.6809, 19.8727],
        [72.681, 19.8736],
        [72.6811, 19.8746],
        [72.6811, 19.8755],
        [72.6811, 19.87593],
        [72.6811, 19.8762],
        [72.6811, 19.8766],
        [72.6812, 19.8769],
        [72.6812, 19.8774],
        [72.6813, 19.8779],
        [72.6813, 19.87798],
        [72.6813, 19.8783],
        [72.6814, 19.8789],
        [72.68144, 19.87917],
        [72.6815, 19.8796],
        [72.6815, 19.87997],
        [72.6815, 19.8801],
        [72.6817, 19.8809],
        [72.6819, 19.8816],
        [72.6821, 19.8823],
        [72.6821, 19.8831],
        [72.6821, 19.88321],
        [72.6821, 19.8835],
        [72.68204, 19.8838],
        [72.68202, 19.88398],
        [72.682, 19.88436],
        [72.682, 19.8853],
        [72.68192, 19.88628],
        [72.6819, 19.8865],
        [72.6819, 19.8873],
        [72.682, 19.8881],
        [72.6822, 19.88889],
        [72.6822, 19.8889],
        [72.6822, 19.8892],
        [72.68216, 19.88931],
        [72.68215, 19.88947],
        [72.6821, 19.88958],
        [72.6821, 19.8897],
        [72.682, 19.89],
        [72.68185, 19.89029],
        [72.6818, 19.89042],
        [72.68169, 19.89072],
        [72.6814, 19.8916],
        [72.6811, 19.8925],
        [72.681, 19.893],
        [72.6809, 19.8936],
        [72.681, 19.8943],
        [72.681, 19.89434],
        [72.681, 19.895],
        [72.6809, 19.8953],
        [72.6807, 19.8957],
        [72.6805, 19.896],
        [72.6804, 19.89629],
        [72.6804, 19.8963],
        [72.6803, 19.897],
        [72.6803, 19.8974],
        [72.6803, 19.8978],
        [72.68025, 19.89802],
        [72.68024, 19.89825],
        [72.68027, 19.89834],
        [72.6804, 19.8986],
        [72.68048, 19.89897],
        [72.6806, 19.8995],
        [72.68075, 19.89981],
        [72.6809, 19.9001],
        [72.68106, 19.90059],
        [72.6811, 19.9007],
        [72.6814, 19.9013],
        [72.68151, 19.90149],
        [72.6817, 19.9018],
        [72.6819, 19.9022],
        [72.6823, 19.9029],
        [72.6824, 19.9035],
        [72.6825, 19.9039],
        [72.6825, 19.90405],
        [72.6825, 19.9044],
        [72.68237, 19.90473],
        [72.6823, 19.9049],
        [72.6822, 19.9055],
        [72.6821, 19.9061],
        [72.68216, 19.90638],
        [72.6822, 19.9066],
        [72.6822, 19.90688],
        [72.6822, 19.9071],
        [72.6823, 19.9074],
        [72.68237, 19.90776],
        [72.68238, 19.90782],
        [72.6824, 19.90788],
        [72.68244, 19.90794],
        [72.6827, 19.9082],
        [72.6829, 19.9086],
        [72.68299, 19.90869],
        [72.68322, 19.9089],
        [72.68385, 19.90927],
        [72.68416, 19.90937],
        [72.6843, 19.9094],
        [72.68495, 19.90949],
        [72.68501, 19.9095],
        [72.6855, 19.9095],
        [72.6859, 19.9096],
        [72.6859, 19.90967],
        [72.6859, 19.9097],
        [72.68587, 19.9097],
        [72.68581, 19.90975],
        [72.68574, 19.90982],
        [72.6857, 19.9099],
        [72.6855, 19.91003],
        [72.68542, 19.9101],
        [72.68536, 19.91021],
        [72.6853, 19.9104],
        [72.6852, 19.9106],
        [72.68514, 19.91066],
        [72.6851, 19.91072],
        [72.68503, 19.91077],
        [72.685, 19.9108],
        [72.6849, 19.9108],
        [72.6848, 19.9107],
        [72.6847, 19.9106],
        [72.68469, 19.91059],
        [72.6845, 19.9104],
        [72.6842, 19.9101],
        [72.68416, 19.91006],
        [72.68396, 19.90991],
        [72.68384, 19.90986],
        [72.6836, 19.9098],
        [72.6834, 19.9097],
        [72.6832, 19.9096],
        [72.6828, 19.9094],
        [72.6822, 19.9091],
        [72.6821, 19.909],
        [72.682, 19.9087],
        [72.68194, 19.90857],
        [72.6819, 19.9085],
        [72.682, 19.9082],
        [72.682, 19.90813],
        [72.68195, 19.90805],
        [72.6818, 19.9079],
        [72.6817, 19.9077],
        [72.6816, 19.9074],
        [72.6816, 19.9065],
        [72.6816, 19.90638],
        [72.68158, 19.90609],
        [72.6816, 19.90589],
        [72.6816, 19.9056],
        [72.6817, 19.905],
        [72.68188, 19.90456],
        [72.68189, 19.90451],
        [72.68198, 19.90414],
        [72.68199, 19.90385],
        [72.68199, 19.90382],
        [72.6819, 19.9033],
        [72.6819, 19.90313],
        [72.6819, 19.903],
        [72.6818, 19.9026],
        [72.68156, 19.90244],
        [72.6815, 19.9024],
        [72.6813, 19.90215],
        [72.68111, 19.90192],
        [72.68102, 19.90178],
        [72.6809, 19.9016],
        [72.6809, 19.90146],
        [72.6809, 19.9012],
        [72.68082, 19.90097],
        [72.6808, 19.9009],
        [72.6807, 19.9007],
        [72.68065, 19.90061],
        [72.68056, 19.90053],
        [72.68037, 19.90042],
        [72.6803, 19.9004],
        [72.68017, 19.90036],
        [72.68, 19.9003],
        [72.6797, 19.9003],
        [72.6794, 19.9003],
        [72.6791, 19.9004],
        [72.67908, 19.90041],
        [72.6786, 19.9007],
        [72.67825, 19.90087],
        [72.67819, 19.90092],
        [72.6779, 19.9013],
        [72.6777, 19.9016],
        [72.6775, 19.9019],
        [72.67732, 19.90208],
        [72.67724, 19.90218],
        [72.67706, 19.9024],
        [72.677, 19.9025],
        [72.67698, 19.90252],
        [72.6767, 19.9029],
        [72.6764, 19.9032],
        [72.67617, 19.90351],
        [72.6761, 19.9036],
        [72.6759, 19.904],
        [72.6757, 19.9046],
        [72.67565, 19.90481],
        [72.6756, 19.905],
        [72.6756, 19.9055],
        [72.67563, 19.90569],
        [72.6757, 19.9061],
        [72.6757, 19.9073],
        [72.6757, 19.9076],
        [72.6759, 19.9082],
        [72.67607, 19.90876],
        [72.6762, 19.9092],
        [72.67636, 19.90962],
        [72.6765, 19.91],
        [72.6766, 19.9107],
        [72.67664, 19.911],
        [72.6767, 19.9115],
        [72.6767, 19.912],
        [72.6767, 19.9123],
        [72.6767, 19.9127],
        [72.6767, 19.9135],
        [72.6766, 19.9142],
        [72.67658, 19.91428],
        [72.6765, 19.9147],
        [72.6765, 19.915],
        [72.6765, 19.9154],
        [72.6763, 19.9161],
        [72.67625, 19.91628],
        [72.67612, 19.91685],
        [72.67607, 19.91703],
        [72.676, 19.9174],
        [72.6758, 19.9179],
        [72.67572, 19.91806],
        [72.6755, 19.9185],
        [72.6754, 19.91888],
        [72.6753, 19.9193],
        [72.67503, 19.91976],
        [72.67501, 19.91979],
        [72.67493, 19.91991],
        [72.6746, 19.9204],
        [72.6741, 19.921],
        [72.67404, 19.92107],
        [72.6737, 19.9215],
        [72.6734, 19.922],
        [72.6734, 19.92208],
        [72.6734, 19.9221],
        [72.6734, 19.92215],
        [72.67342, 19.92221],
        [72.67351, 19.92227],
        [72.67364, 19.9223],
        [72.67377, 19.9223],
        [72.67383, 19.92227],
        [72.6739, 19.9222],
        [72.67398, 19.9222],
        [72.67407, 19.92216],
        [72.67423, 19.92201],
        [72.6743, 19.9219],
        [72.67456, 19.92171],
        [72.6747, 19.92158],
        [72.67501, 19.92128],
        [72.67503, 19.92125],
        [72.6752, 19.921],
        [72.67526, 19.92091],
        [72.6754, 19.9207],
        [72.6755, 19.9204],
        [72.6756, 19.9201],
        [72.67583, 19.91969],
        [72.676, 19.9194],
        [72.67614, 19.91898],
        [72.6762, 19.9188],
        [72.6763, 19.9183],
        [72.67644, 19.91774],
        [72.67648, 19.91751],
        [72.67659, 19.91713],
        [72.6766, 19.9171],
        [72.6766, 19.9171],
        [72.67661, 19.91707],
        [72.67675, 19.91691],
        [72.67686, 19.91684],
        [72.6769, 19.9168],
        [72.677, 19.9168],
        [72.677, 19.91683],
        [72.67705, 19.91686],
        [72.67708, 19.91697],
        [72.67708, 19.91698],
        [72.6771, 19.917],
        [72.67707, 19.91703],
        [72.67705, 19.91713],
        [72.677, 19.91726],
        [72.677, 19.9174],
        [72.67683, 19.91774],
        [72.67682, 19.91777],
        [72.67672, 19.91827],
        [72.67664, 19.91852],
        [72.6766, 19.9187],
        [72.67649, 19.91902],
        [72.6764, 19.9193],
        [72.6762, 19.9201],
        [72.676, 19.9206],
        [72.67594, 19.92077],
        [72.6759, 19.9209],
        [72.6757, 19.9212],
        [72.6753, 19.9215],
        [72.6749, 19.9219],
        [72.67465, 19.92208],
        [72.67449, 19.92224],
        [72.67434, 19.92236],
        [72.6741, 19.9226],
        [72.67384, 19.92286],
        [72.67378, 19.92295],
        [72.6737, 19.9232],
        [72.6737, 19.9233],
        [72.6738, 19.9235],
        [72.6739, 19.9236],
        [72.67393, 19.92363],
        [72.6741, 19.9238],
        [72.67426, 19.92388],
        [72.6743, 19.9239],
        [72.6743, 19.924],
        [72.6742, 19.924],
        [72.674, 19.924],
        [72.67392, 19.92392],
        [72.6739, 19.92391],
        [72.67377, 19.92387],
        [72.6735, 19.9238],
        [72.67339, 19.92376],
        [72.6732, 19.9237],
        [72.673, 19.9237],
        [72.67295, 19.92375],
        [72.6729, 19.9238],
        [72.67281, 19.9238],
        [72.6727, 19.9238],
        [72.6726, 19.9239],
        [72.67241, 19.92419],
        [72.6724, 19.9242],
        [72.67236, 19.92425],
        [72.672, 19.9247],
        [72.67193, 19.92478],
        [72.6714, 19.9254],
        [72.671, 19.9259],
        [72.67084, 19.92611],
        [72.6707, 19.9263],
        [72.67051, 19.92649],
        [72.6703, 19.9267],
        [72.6701, 19.927],
        [72.6698, 19.9275],
        [72.6697, 19.9279],
        [72.6698, 19.9284],
        [72.6699, 19.9287],
        [72.6699, 19.92877],
        [72.6699, 19.9288],
        [72.6697, 19.9289],
        [72.66965, 19.92885],
        [72.66958, 19.92884],
        [72.6695, 19.9288],
        [72.6694, 19.9288],
        [72.6692, 19.9286],
        [72.669, 19.9284],
        [72.669, 19.9284],
        [72.6688, 19.9283],
        [72.66855, 19.92835],
        [72.6683, 19.9284],
        [72.6676, 19.9284],
        [72.66733, 19.92847],
        [72.6672, 19.9285],
        [72.6665, 19.9288],
        [72.66647, 19.92883],
        [72.66645, 19.92884],
        [72.66644, 19.92885],
        [72.666, 19.9292],
        [72.6656, 19.9295],
        [72.6651, 19.93],
        [72.6647, 19.9307],
        [72.66451, 19.93099],
        [72.6644, 19.93115],
        [72.66432, 19.93126],
        [72.6641, 19.93182],
        [72.66409, 19.93185],
        [72.664, 19.9324],
        [72.6639, 19.933],
        [72.6638, 19.93335],
        [72.6637, 19.9337],
        [72.6637, 19.9342],
        [72.6638, 19.9345],
        [72.66391, 19.93461],
        [72.664, 19.9347],
        [72.6641, 19.9348],
        [72.6642, 19.9349],
        [72.6645, 19.9352],
        [72.6647, 19.9353],
        [72.6652, 19.9354],
        [72.666, 19.9355],
        [72.66636, 19.9355],
        [72.6668, 19.9355],
        [72.6676, 19.9357],
        [72.6682, 19.9358],
        [72.6687, 19.9361],
        [72.66899, 19.93627],
        [72.6692, 19.9364],
        [72.6696, 19.9367],
        [72.67, 19.937],
        [72.67064, 19.9374],
        [72.6708, 19.9375],
        [72.6711, 19.9378],
        [72.67113, 19.93783],
        [72.6716, 19.9383],
        [72.67184, 19.93842],
        [72.672, 19.9385],
        [72.67212, 19.93859],
        [72.6724, 19.9388],
        [72.6729, 19.9389],
        [72.6729, 19.9389],
        [72.6732, 19.93895],
        [72.6735, 19.939],
        [72.6742, 19.9391],
        [72.67442, 19.9391],
        [72.6746, 19.9391],
        [72.6749, 19.9393],
        [72.67519, 19.93959],
        [72.6753, 19.9397],
        [72.6758, 19.9401],
        [72.6763, 19.9403],
        [72.6767, 19.9404],
        [72.6771, 19.9405],
        [72.67755, 19.94068],
        [72.6776, 19.9407],
        [72.6783, 19.941],
        [72.67905, 19.94134],
        [72.6792, 19.9414],
        [72.68, 19.942],
        [72.68041, 19.94235],
        [72.6807, 19.9426],
        [72.6811, 19.9429],
        [72.6813, 19.9432],
        [72.6815, 19.9434],
        [72.68152, 19.94341],
        [72.68169, 19.94347],
        [72.68189, 19.94348],
        [72.68197, 19.94343],
        [72.682, 19.9434],
        [72.682, 19.9434],
        [72.682, 19.94339],
        [72.682, 19.9433],
        [72.68204, 19.94322],
        [72.6821, 19.9431],
        [72.682, 19.9428],
        [72.6819, 19.94265],
        [72.6818, 19.9425],
        [72.68176, 19.94228],
        [72.6817, 19.9419],
        [72.6814, 19.9409],
        [72.68138, 19.9408],
        [72.6813, 19.9405],
        [72.68131, 19.94046],
        [72.6814, 19.9401],
        [72.6815, 19.9399],
        [72.68159, 19.93981],
        [72.6816, 19.9398],
        [72.68161, 19.9398],
        [72.68168, 19.93977],
        [72.68182, 19.93976],
        [72.68195, 19.9398],
        [72.682, 19.9398],
        [72.682, 19.93986],
        [72.682, 19.9399],
        [72.6821, 19.9401],
        [72.6822, 19.9405],
        [72.6822, 19.9407],
        [72.68223, 19.94076],
        [72.6823, 19.9409],
        [72.6824, 19.9411],
        [72.6825, 19.94131],
        [72.68261, 19.94145],
        [72.68278, 19.94162],
        [72.6829, 19.9417],
        [72.68292, 19.94172],
        [72.683, 19.9418],
        [72.6832, 19.9418],
        [72.6833, 19.9418],
        [72.68344, 19.94173],
        [72.6835, 19.9417],
        [72.6837, 19.9417],
        [72.6839, 19.9417],
        [72.6843, 19.9417],
        [72.6847, 19.9417],
        [72.68476, 19.9417],
        [72.68487, 19.94167],
        [72.68502, 19.94164],
        [72.6851, 19.9416],
        [72.6855, 19.9415],
        [72.68558, 19.9415],
        [72.6857, 19.9415],
        [72.6858, 19.9415],
        [72.6859, 19.9416],
        [72.68596, 19.94171],
        [72.686, 19.9418],
        [72.686, 19.942],
        [72.6859, 19.9421],
        [72.6858, 19.9422],
        [72.6858, 19.94221],
        [72.6858, 19.9423],
        [72.68575, 19.9424],
        [72.68574, 19.94249],
        [72.6857, 19.94264],
        [72.6857, 19.9427],
        [72.68563, 19.94284],
        [72.6856, 19.94292],
        [72.68558, 19.94297],
        [72.6855, 19.9432],
        [72.68536, 19.94334],
        [72.68533, 19.94338],
        [72.68531, 19.94339],
        [72.6853, 19.9434],
        [72.6851, 19.9436],
        [72.685, 19.9437],
        [72.68494, 19.9437],
        [72.6849, 19.94374],
        [72.6849, 19.9439],
        [72.68483, 19.94405],
        [72.68482, 19.9441],
        [72.6848, 19.94416],
        [72.6848, 19.9443],
        [72.68472, 19.9443],
        [72.6847, 19.94432],
        [72.6847, 19.9444],
        [72.6845, 19.9444],
        [72.6842, 19.9444],
        [72.68393, 19.94433],
        [72.68382, 19.94431],
        [72.68371, 19.9443],
        [72.6834, 19.9443],
        [72.68329, 19.94426],
        [72.68306, 19.94424],
        [72.683, 19.94425],
        [72.6829, 19.9443],
        [72.6828, 19.9444],
        [72.6827, 19.9444],
        [72.6826, 19.9445],
        [72.6826, 19.9446],
        [72.6826, 19.9451],
        [72.6827, 19.9457],
        [72.6829, 19.9461],
        [72.6831, 19.9465],
        [72.68326, 19.94677],
        [72.6834, 19.947],
        [72.68353, 19.94726],
        [72.6836, 19.9474],
        [72.684, 19.948],
        [72.6842, 19.9485],
        [72.6844, 19.9489],
        [72.68449, 19.94908],
        [72.6846, 19.9493],
        [72.68466, 19.94959],
        [72.6847, 19.9498],
        [72.6848, 19.9501],
        [72.685, 19.9504],
        [72.68503, 19.95043],
        [72.6853, 19.9507],
        [72.6856, 19.9511],
        [72.6861, 19.952],
        [72.68646, 19.95265],
        [72.68661, 19.95291],
        [72.68682, 19.95334],
        [72.68692, 19.95361],
        [72.68696, 19.95383],
        [72.687, 19.954],
        [72.68702, 19.95409],
        [72.68711, 19.95436],
        [72.68718, 19.95456],
        [72.6873, 19.9548],
        [72.6875, 19.9551],
        [72.68758, 19.95541],
        [72.68762, 19.95551],
        [72.68766, 19.95565],
        [72.6878, 19.956],
        [72.688, 19.95649],
        [72.688, 19.9565],
        [72.6882, 19.957],
        [72.6886, 19.9575],
        [72.68895, 19.95776],
        [72.689, 19.9578],
        [72.6893, 19.9581],
        [72.68937, 19.95817],
        [72.68962, 19.95839],
        [72.68972, 19.95846],
        [72.69, 19.9586],
        [72.69025, 19.95877],
        [72.69032, 19.9588],
        [72.6904, 19.95883],
        [72.6906, 19.9589],
        [72.69072, 19.95894],
        [72.6909, 19.959],
        [72.6912, 19.959],
        [72.6915, 19.959],
        [72.6919, 19.9591],
        [72.6923, 19.9592],
        [72.69243, 19.95924],
        [72.6926, 19.9593],
        [72.69267, 19.95934],
        [72.6929, 19.9595],
        [72.69319, 19.95962],
        [72.6934, 19.9597],
        [72.6936, 19.9598],
        [72.694, 19.9599],
        [72.69407, 19.95994],
        [72.6942, 19.96],
        [72.6945, 19.96],
        [72.6949, 19.96],
        [72.6953, 19.96],
        [72.6957, 19.96],
        [72.69595, 19.95994],
        [72.6961, 19.9599],
        [72.6964, 19.9598],
        [72.69645, 19.9598],
        [72.69651, 19.95978],
        [72.69671, 19.95967],
        [72.69682, 19.95958],
        [72.6969, 19.9595],
        [72.69695, 19.9595],
        [72.697, 19.9595],
        [72.6973, 19.9593],
        [72.6974, 19.9592],
        [72.6975, 19.9591],
        [72.6979, 19.9588],
        [72.69819, 19.95851],
        [72.6982, 19.9585],
        [72.69821, 19.95849],
        [72.69824, 19.95847],
        [72.69826, 19.95846],
        [72.6985, 19.9583],
        [72.69868, 19.9583],
        [72.6987, 19.9583],
        [72.699, 19.9583],
        [72.69913, 19.95838],
        [72.69931, 19.95846],
        [72.69951, 19.95857],
        [72.6996, 19.9586],
        [72.6999, 19.9588],
        [72.7001, 19.9589],
        [72.7002, 19.959],
        [72.70025, 19.95911],
        [72.7003, 19.95915],
        [72.70058, 19.95929],
        [72.70059, 19.9593],
        [72.7006, 19.9593],
        [72.7009, 19.9595],
        [72.7012, 19.9596],
        [72.70123, 19.95963],
        [72.7013, 19.9597],
        [72.7015, 19.9598],
        [72.70152, 19.95982],
        [72.7016, 19.9599],
        [72.70166, 19.95996],
        [72.70172, 19.96],
        [72.7019, 19.96],
        [72.70195, 19.96],
        [72.70198, 19.95999],
        [72.70207, 19.95993],
        [72.70217, 19.95981],
        [72.70226, 19.95963],
        [72.70239, 19.95942],
        [72.7024, 19.9594],
        [72.7026, 19.959],
        [72.70262, 19.95893],
        [72.7027, 19.9587],
        [72.7028, 19.9585],
        [72.7029, 19.9584],
        [72.703, 19.9584],
        [72.70301, 19.9584],
        [72.7031, 19.9584],
        [72.70316, 19.95846],
        [72.70323, 19.95846],
        [72.70325, 19.95845],
        [72.7033, 19.9584],
        [72.7035, 19.9584],
        [72.7036, 19.9584],
        [72.7037, 19.9585],
        [72.70386, 19.9586],
        [72.70399, 19.95868],
        [72.70416, 19.95877],
        [72.70417, 19.95878],
        [72.7042, 19.9588],
        [72.7043, 19.9589],
        [72.70425, 19.95899],
        [72.70424, 19.9591],
        [72.70412, 19.95925],
        [72.7041, 19.9593],
        [72.70404, 19.95933],
        [72.70391, 19.95944],
        [72.70373, 19.95957],
        [72.7036, 19.9597],
        [72.7035, 19.95973],
        [72.7033, 19.9598],
        [72.703, 19.96],
        [72.70295, 19.96002],
        [72.70261, 19.96019],
        [72.70242, 19.96043],
        [72.7023, 19.9605],
        [72.7022, 19.9606],
        [72.70203, 19.9606],
        [72.70196, 19.96061],
        [72.70184, 19.9606],
        [72.7016, 19.9606],
        [72.7013, 19.9606],
        [72.7009, 19.9605],
        [72.7005, 19.9603],
        [72.7002, 19.96],
        [72.69998, 19.95978],
        [72.6999, 19.9597],
        [72.6997, 19.9594],
        [72.69934, 19.95913],
        [72.69925, 19.95908],
        [72.699, 19.959],
        [72.69871, 19.9589],
        [72.6985, 19.95892],
        [72.69836, 19.95897],
        [72.6983, 19.959],
        [72.69818, 19.95908],
        [72.69802, 19.95924],
        [72.698, 19.95931],
        [72.698, 19.9594],
        [72.69796, 19.95948],
        [72.6979, 19.9596],
        [72.698, 19.9597],
        [72.6981, 19.9598],
        [72.6983, 19.9599],
        [72.69847, 19.9599],
        [72.6986, 19.9599],
        [72.69886, 19.96009],
        [72.69895, 19.96015],
        [72.69908, 19.96024],
        [72.6994, 19.9604],
        [72.69969, 19.96069],
        [72.69978, 19.96076],
        [72.69991, 19.96088],
        [72.7001, 19.961],
        [72.7005, 19.9613],
        [72.7009, 19.9617],
        [72.7013, 19.9621],
        [72.7017, 19.9625],
        [72.702, 19.9628],
        [72.7022, 19.963],
        [72.70228, 19.96307],
        [72.7023, 19.9631],
        [72.7023, 19.9631],
        [72.70231, 19.96312],
        [72.70243, 19.96332],
        [72.70254, 19.96358],
        [72.7026, 19.9637],
        [72.70264, 19.96378],
        [72.70271, 19.96391],
        [72.70288, 19.96417],
        [72.7029, 19.9642],
        [72.7031, 19.9645],
        [72.7032, 19.9647],
        [72.7035, 19.9651],
        [72.7039, 19.9655],
        [72.704, 19.9656],
        [72.7042, 19.9657],
        [72.7044, 19.9658],
        [72.7047, 19.966],
        [72.7051, 19.9663],
        [72.7053, 19.9665],
        [72.70541, 19.96655],
        [72.7055, 19.9666],
        [72.70568, 19.96669],
        [72.7059, 19.9668],
        [72.7066, 19.9671],
        [72.70735, 19.9674],
        [72.7076, 19.9675],
        [72.70763, 19.96752],
        [72.7079, 19.9677],
        [72.7081, 19.9678],
        [72.7086, 19.968],
        [72.70889, 19.96807],
        [72.709, 19.9681],
        [72.70936, 19.96825],
        [72.70949, 19.96829],
        [72.70987, 19.96838],
        [72.71001, 19.9684],
        [72.7102, 19.9684],
        [72.7106, 19.9685],
        [72.711, 19.9685],
        [72.71142, 19.96858],
        [72.7115, 19.9686],
        [72.712, 19.9687],
        [72.7127, 19.9687],
        [72.7135, 19.9687],
        [72.7141, 19.9687],
        [72.7149, 19.9687],
        [72.7154, 19.9686],
        [72.716, 19.9686],
        [72.71636, 19.96856],
        [72.7168, 19.9685],
        [72.7177, 19.9686],
        [72.71789, 19.96864],
        [72.7182, 19.9687],
        [72.71857, 19.96863],
        [72.7187, 19.9686],
        [72.7194, 19.9685],
        [72.71978, 19.96844],
        [72.72, 19.9684],
        [72.7204, 19.9683],
        [72.7208, 19.9681],
        [72.721, 19.968],
        [72.7211, 19.9678],
        [72.7212, 19.9676],
        [72.7212, 19.9675],
        [72.72111, 19.96741],
        [72.7211, 19.9674],
        [72.72046, 19.96684],
        [72.72029, 19.9667],
        [72.72025, 19.96668],
        [72.7197, 19.9665],
        [72.7192, 19.9663],
        [72.71894, 19.9662],
        [72.7187, 19.9661],
        [72.7181, 19.966],
        [72.71792, 19.96604],
        [72.7177, 19.9661],
        [72.71722, 19.9661],
        [72.71712, 19.96611],
        [72.71695, 19.96616],
        [72.7166, 19.9663],
        [72.71626, 19.96637],
        [72.71606, 19.96643],
        [72.71572, 19.96659],
        [72.7155, 19.9667],
        [72.7151, 19.9669],
        [72.7149, 19.967],
        [72.71487, 19.967],
        [72.71459, 19.96702],
        [72.71431, 19.967],
        [72.7143, 19.967],
        [72.71424, 19.96698],
        [72.71403, 19.96692],
        [72.71378, 19.96681],
        [72.71353, 19.96663],
        [72.71348, 19.9666],
        [72.7134, 19.9666],
        [72.7132, 19.9665],
        [72.71307, 19.96637],
        [72.71304, 19.96635],
        [72.71297, 19.96628],
        [72.7128, 19.9662],
        [72.71268, 19.96595],
        [72.7126, 19.9658],
        [72.7123, 19.9655],
        [72.71215, 19.9654],
        [72.712, 19.9653],
        [72.7118, 19.9651],
        [72.7115, 19.9649],
        [72.7113, 19.9647],
        [72.7112, 19.9646],
        [72.7112, 19.96453],
        [72.7112, 19.9644],
        [72.7111, 19.9643],
        [72.711, 19.9641],
        [72.7108, 19.9639],
        [72.7107, 19.9638],
        [72.71062, 19.96365],
        [72.7106, 19.9636],
        [72.7106, 19.9635],
        [72.7106, 19.9635],
        [72.7106, 19.96348],
        [72.71065, 19.96336],
        [72.7107, 19.96332],
        [72.7107, 19.9633],
        [72.7108, 19.9632],
        [72.71091, 19.9632],
        [72.711, 19.9632],
        [72.7112, 19.9632],
        [72.71134, 19.9632],
        [72.7115, 19.9632],
        [72.7118, 19.9635],
        [72.7121, 19.9639],
        [72.71217, 19.96404],
        [72.7123, 19.9643],
        [72.7127, 19.9646],
        [72.713, 19.9649],
        [72.7132, 19.9651],
        [72.71344, 19.96526],
        [72.7135, 19.9653],
        [72.7136, 19.9653],
        [72.7136, 19.96535],
        [72.71364, 19.96535],
        [72.71372, 19.96534],
        [72.7138, 19.9653],
        [72.7139, 19.9652],
        [72.71393, 19.96513],
        [72.71396, 19.96502],
        [72.71395, 19.96489],
        [72.7139, 19.9648],
        [72.7138, 19.9644],
        [72.71384, 19.96428],
        [72.71386, 19.96407],
        [72.7139, 19.96395],
        [72.7139, 19.9639],
        [72.714, 19.9638],
        [72.7141, 19.9637],
        [72.7142, 19.9637],
        [72.7145, 19.9638],
        [72.71459, 19.96393],
        [72.7147, 19.9641],
        [72.71487, 19.96416],
        [72.715, 19.9642],
        [72.71521, 19.96434],
        [72.7153, 19.9644],
        [72.7156, 19.9645],
        [72.716, 19.9646],
        [72.71611, 19.9646],
        [72.7163, 19.9646],
        [72.7165, 19.9646],
        [72.7167, 19.9645],
        [72.71683, 19.96444],
        [72.7169, 19.9644],
        [72.7172, 19.9643],
        [72.7174, 19.9643],
        [72.71752, 19.9643],
        [72.7176, 19.9643],
        [72.71767, 19.96433],
        [72.7178, 19.9644],
        [72.718, 19.9644],
        [72.71814, 19.96433],
        [72.7182, 19.9643],
        [72.71825, 19.96425],
        [72.7183, 19.96415],
        [72.7183, 19.9641],
        [72.71832, 19.96408],
        [72.7184, 19.964],
        [72.7184, 19.9638],
        [72.71831, 19.96371],
        [72.7183, 19.9637],
        [72.7182, 19.96351],
        [72.71819, 19.96349],
        [72.7181, 19.9634],
        [72.71809, 19.96339],
        [72.71797, 19.96333],
        [72.71785, 19.9633],
        [72.7177, 19.9633],
        [72.71743, 19.96323],
        [72.71732, 19.96322],
        [72.71722, 19.9632],
        [72.717, 19.9632],
        [72.7167, 19.9631],
        [72.71649, 19.96296],
        [72.7164, 19.9629],
        [72.7162, 19.9628],
        [72.716, 19.9627],
        [72.7157, 19.9625],
        [72.7155, 19.9624],
        [72.7152, 19.9623],
        [72.71473, 19.9623],
        [72.7143, 19.96231],
        [72.71423, 19.9623],
        [72.714, 19.9623],
        [72.7138, 19.9622],
        [72.71354, 19.96194],
        [72.7135, 19.9619],
        [72.7132, 19.9616],
        [72.713, 19.9614],
        [72.7128, 19.9612],
        [72.71267, 19.9612],
        [72.7126, 19.9612],
        [72.71243, 19.96114],
        [72.7123, 19.9611],
        [72.712, 19.9611],
        [72.71184, 19.9611],
        [72.7117, 19.9611],
        [72.7114, 19.961],
        [72.7111, 19.9608],
        [72.7111, 19.96077],
        [72.7111, 19.9607],
        [72.711, 19.9606],
        [72.711, 19.9604],
        [72.711, 19.96034],
        [72.711, 19.9603],
        [72.71105, 19.96025],
        [72.7111, 19.9602],
        [72.7112, 19.9601],
        [72.7114, 19.96],
        [72.71152, 19.95994],
        [72.7116, 19.9599],
        [72.71175, 19.9599],
        [72.7118, 19.9599],
        [72.7122, 19.9599],
        [72.71233, 19.95986],
        [72.7125, 19.9598],
        [72.71265, 19.9598],
        [72.7127, 19.9598],
        [72.713, 19.9597],
        [72.7133, 19.9596],
        [72.71354, 19.95952],
        [72.7136, 19.9595],
        [72.7138, 19.9594],
        [72.71397, 19.95934],
        [72.71408, 19.95928],
        [72.71417, 19.95919],
        [72.7143, 19.959],
        [72.71449, 19.95887],
        [72.71457, 19.95879],
        [72.71481, 19.95858],
        [72.71484, 19.95856],
        [72.715, 19.9584],
        [72.71508, 19.9584],
        [72.71519, 19.95835],
        [72.71531, 19.95824],
        [72.7154, 19.9581],
        [72.7155, 19.95805],
        [72.71558, 19.95797],
        [72.71574, 19.95786],
        [72.7159, 19.9577],
        [72.716, 19.9576],
        [72.7161, 19.9575],
        [72.71616, 19.95742],
        [72.7162, 19.95736],
        [72.7162, 19.9573],
        [72.7164, 19.9571],
        [72.7165, 19.957],
        [72.71674, 19.95692],
        [72.71678, 19.9569],
        [72.71687, 19.95687],
        [72.717, 19.9568],
        [72.7173, 19.9567],
        [72.71748, 19.95658],
        [72.71757, 19.95651],
        [72.71777, 19.9563],
        [72.71789, 19.95616],
        [72.718, 19.956],
        [72.71805, 19.956],
        [72.7181, 19.956],
        [72.7183, 19.9559],
        [72.7185, 19.9558],
        [72.7188, 19.9558],
        [72.7191, 19.9557],
        [72.71917, 19.95563],
        [72.7193, 19.9555],
        [72.7195, 19.9554],
        [72.7195, 19.9554],
        [72.71967, 19.95529],
        [72.71982, 19.95524],
        [72.7199, 19.9552],
        [72.71994, 19.9552],
        [72.72008, 19.95515],
        [72.72023, 19.95513],
        [72.7203, 19.9551],
        [72.72039, 19.95514],
        [72.7205, 19.9552],
        [72.7208, 19.9552],
        [72.72091, 19.9552],
        [72.7211, 19.9552],
        [72.7214, 19.9553],
        [72.72159, 19.95549],
        [72.72162, 19.95551],
        [72.72166, 19.95556],
        [72.7217, 19.9556],
        [72.7219, 19.9559],
        [72.722, 19.9562],
        [72.722, 19.95631],
        [72.722, 19.9564],
        [72.7221, 19.9565],
        [72.72237, 19.95657],
        [72.7225, 19.9566],
        [72.7228, 19.9567],
        [72.7231, 19.9567],
        [72.7233, 19.9567],
        [72.7235, 19.9567],
        [72.72364, 19.9567],
        [72.72369, 19.95669],
        [72.72375, 19.95665],
        [72.7239, 19.9565],
        [72.72396, 19.95647],
        [72.7241, 19.9564],
        [72.7242, 19.956],
        [72.7243, 19.9556],
        [72.7244, 19.9553],
        [72.7244, 19.9552],
        [72.7245, 19.9551],
        [72.72469, 19.95491],
        [72.7247, 19.9549],
        [72.72476, 19.95486],
        [72.725, 19.95468],
        [72.7251, 19.95463],
        [72.7253, 19.9545],
        [72.7256, 19.9544],
        [72.7257, 19.95437],
        [72.7259, 19.9543],
        [72.726, 19.9542],
        [72.726, 19.95404],
        [72.726, 19.9539],
        [72.72605, 19.9538],
        [72.72606, 19.95371],
        [72.72609, 19.95338],
        [72.7261, 19.95333],
        [72.7261, 19.9531],
        [72.72621, 19.95288],
        [72.72627, 19.95268],
        [72.7263, 19.95246],
        [72.7263, 19.9522],
        [72.7263, 19.9518],
        [72.7263, 19.9515],
        [72.7263, 19.95126],
        [72.72629, 19.95121],
        [72.72623, 19.95113],
        [72.7262, 19.9511],
        [72.7261, 19.951],
        [72.7261, 19.95098],
        [72.7261, 19.9509],
        [72.726, 19.9509],
        [72.7258, 19.9509],
        [72.72573, 19.95097],
        [72.7257, 19.951],
        [72.7254, 19.9512],
        [72.72521, 19.95139],
        [72.7252, 19.95141],
        [72.725, 19.9517],
        [72.7249, 19.9518],
        [72.72477, 19.9518],
        [72.7247, 19.9518],
        [72.7246, 19.9518],
        [72.7245, 19.9518],
        [72.7244, 19.9517],
        [72.7243, 19.9516],
        [72.7242, 19.9513],
        [72.7241, 19.9511],
        [72.724, 19.951],
        [72.72394, 19.951],
        [72.7239, 19.951],
        [72.72387, 19.951],
        [72.72382, 19.95101],
        [72.72371, 19.95104],
        [72.72357, 19.95113],
        [72.7235, 19.9512],
        [72.7233, 19.9513],
        [72.7231, 19.9514],
        [72.7229, 19.9514],
        [72.7228, 19.95135],
        [72.72271, 19.95135],
        [72.72255, 19.9513],
        [72.7225, 19.9513],
        [72.7223, 19.9512],
        [72.72227, 19.95113],
        [72.7222, 19.951],
        [72.7221, 19.9508],
        [72.722, 19.9506],
        [72.72192, 19.95044],
        [72.72189, 19.95039],
        [72.7218, 19.9503],
        [72.7217, 19.9502],
        [72.7217, 19.95017],
        [72.72165, 19.95015],
        [72.7216, 19.9502],
        [72.72152, 19.9502],
        [72.72151, 19.95021],
        [72.72147, 19.95026],
        [72.7214, 19.9504],
        [72.7213, 19.9508],
        [72.72121, 19.95093],
        [72.72114, 19.95113],
        [72.7211, 19.95131],
        [72.7211, 19.9514],
        [72.721, 19.9516],
        [72.72095, 19.9516],
        [72.7209, 19.95164],
        [72.72083, 19.95167],
        [72.7208, 19.9517],
        [72.7207, 19.9517],
        [72.7206, 19.9517],
        [72.72056, 19.95166],
        [72.7205, 19.9516],
        [72.7204, 19.9515],
        [72.7204, 19.9514],
        [72.72031, 19.95113],
        [72.7203, 19.9511],
        [72.7203, 19.95107],
        [72.7203, 19.9507],
        [72.7203, 19.95043],
        [72.72029, 19.95031],
        [72.72026, 19.95008],
        [72.7202, 19.9499],
        [72.72, 19.9497],
        [72.71983, 19.94953],
        [72.71976, 19.9495],
        [72.7196, 19.9495],
        [72.7194, 19.9494],
        [72.7192, 19.9494],
        [72.71913, 19.94933],
        [72.7191, 19.94932],
        [72.71895, 19.94924],
        [72.71891, 19.9492],
        [72.7189, 19.9492],
        [72.7189, 19.94918],
        [72.71887, 19.94915],
        [72.71887, 19.94894],
        [72.7189, 19.94875],
        [72.7189, 19.9486],
        [72.71895, 19.94844],
        [72.71898, 19.94829],
        [72.719, 19.94807],
        [72.719, 19.948],
        [72.719, 19.9478],
        [72.719, 19.94761],
        [72.71899, 19.94753],
        [72.71886, 19.94729],
        [72.71882, 19.94722],
        [72.7187, 19.9471],
        [72.71862, 19.94686],
        [72.7186, 19.9468],
        [72.7186, 19.9467],
        [72.7186, 19.9464],
        [72.71855, 19.9463],
        [72.7185, 19.9462],
        [72.7185, 19.94609],
        [72.7185, 19.946],
        [72.7184, 19.9458],
        [72.71833, 19.94573],
        [72.7183, 19.9457],
        [72.7183, 19.94553],
        [72.7183, 19.9455],
        [72.71831, 19.94549],
        [72.71835, 19.94537],
        [72.71841, 19.94525],
        [72.71846, 19.94517],
        [72.7185, 19.9451],
        [72.71854, 19.9451],
        [72.7186, 19.9451],
        [72.7187, 19.9451],
        [72.719, 19.9451],
        [72.7193, 19.9451],
        [72.71944, 19.9451],
        [72.7196, 19.9451],
        [72.7197, 19.94515],
        [72.71984, 19.94519],
        [72.71997, 19.94526],
        [72.7201, 19.9453],
        [72.72041, 19.94549],
        [72.7206, 19.9456],
        [72.7209, 19.9459],
        [72.72105, 19.946],
        [72.7212, 19.9461],
        [72.72131, 19.94621],
        [72.7214, 19.9463],
        [72.7216, 19.9464],
        [72.7219, 19.9465],
        [72.7221, 19.9465],
        [72.7222, 19.9465],
        [72.72228, 19.94646],
        [72.7224, 19.9464],
        [72.72242, 19.9464],
        [72.72246, 19.94637],
        [72.7225, 19.94631],
        [72.7225, 19.9463],
        [72.7225, 19.9462],
        [72.7225, 19.94619],
        [72.72246, 19.94608],
        [72.72242, 19.94602],
        [72.7224, 19.946],
        [72.72228, 19.94588],
        [72.72209, 19.94573],
        [72.72187, 19.94558],
        [72.7217, 19.9455],
        [72.72163, 19.94543],
        [72.72146, 19.94532],
        [72.72127, 19.94515],
        [72.7212, 19.9451],
        [72.7211, 19.9449],
        [72.7211, 19.94484],
        [72.72107, 19.94477],
        [72.7211, 19.94462],
        [72.7211, 19.9446],
        [72.72111, 19.94458],
        [72.72115, 19.94439],
        [72.7212, 19.94431],
        [72.7212, 19.9442],
        [72.72136, 19.94412],
        [72.72137, 19.94411],
        [72.72143, 19.94409],
        [72.7216, 19.944],
        [72.7217, 19.94397],
        [72.72192, 19.94386],
        [72.72196, 19.94384],
        [72.7221, 19.9437],
        [72.7222, 19.9437],
        [72.7222, 19.9436],
        [72.72226, 19.94354],
        [72.7223, 19.9435],
        [72.7223, 19.9433],
        [72.7222, 19.9431],
        [72.72216, 19.94306],
        [72.722, 19.9429],
        [72.7219, 19.9427],
        [72.7218, 19.9426],
        [72.7218, 19.9425],
        [72.7218, 19.94245],
        [72.72179, 19.94235],
        [72.7218, 19.9423],
        [72.72181, 19.94225],
        [72.72187, 19.94216],
        [72.72199, 19.9421],
        [72.72216, 19.94209],
        [72.72229, 19.9421],
        [72.7224, 19.9421],
        [72.7227, 19.9421],
        [72.72276, 19.9421],
        [72.723, 19.9421],
        [72.7232, 19.942],
        [72.72326, 19.94188],
        [72.7233, 19.9418],
        [72.72334, 19.94176],
        [72.72337, 19.94168],
        [72.7234, 19.94162],
        [72.7234, 19.9416],
        [72.7235, 19.9414],
        [72.72359, 19.9414],
        [72.72367, 19.94137],
        [72.72374, 19.94136],
        [72.7238, 19.9413],
        [72.7239, 19.9414],
        [72.724, 19.9415],
        [72.7241, 19.9416],
        [72.7242, 19.9418],
        [72.7242, 19.9419],
        [72.7243, 19.942],
        [72.7243, 19.94206],
        [72.72433, 19.94209],
        [72.72438, 19.9421],
        [72.72446, 19.94209],
        [72.72456, 19.94202],
        [72.72463, 19.94197],
        [72.7247, 19.9419],
        [72.72475, 19.94185],
        [72.7249, 19.9417],
        [72.725, 19.9414],
        [72.725, 19.94117],
        [72.725, 19.941],
        [72.72505, 19.94089],
        [72.72508, 19.94077],
        [72.7251, 19.94071],
        [72.7251, 19.9406],
        [72.7251, 19.9403],
        [72.725, 19.9401],
        [72.7249, 19.94],
        [72.72488, 19.93998],
        [72.72482, 19.93993],
        [72.72474, 19.9399],
        [72.7247, 19.9399],
        [72.72463, 19.93986],
        [72.72454, 19.93984],
        [72.72441, 19.93985],
        [72.7243, 19.9399],
        [72.7241, 19.9399],
        [72.7238, 19.94],
        [72.7235, 19.9401],
        [72.7232, 19.9402],
        [72.72303, 19.9402],
        [72.7229, 19.9402],
        [72.7227, 19.9402],
        [72.7224, 19.9402],
        [72.72233, 19.9402],
        [72.7222, 19.9402],
        [72.72215, 19.94015],
        [72.72213, 19.94014],
        [72.72205, 19.9401],
        [72.7219, 19.9401],
        [72.7217, 19.9399],
        [72.72166, 19.93982],
        [72.72157, 19.93973],
        [72.72151, 19.93965],
        [72.7214, 19.9396],
        [72.7213, 19.9393],
        [72.7213, 19.9391],
        [72.7213, 19.93907],
        [72.72126, 19.93891],
        [72.7212, 19.9388],
        [72.7212, 19.9388],
        [72.72119, 19.93878],
        [72.7211, 19.9386],
        [72.7209, 19.9385],
        [72.7207, 19.9384],
        [72.7205, 19.9383],
        [72.7204, 19.9382],
        [72.72031, 19.9382],
        [72.7203, 19.9382],
        [72.7203, 19.93819],
        [72.7203, 19.9381],
        [72.7203, 19.938],
        [72.7204, 19.9379],
        [72.7205, 19.9378],
        [72.7206, 19.9377],
        [72.7209, 19.9376],
        [72.7211, 19.9376],
        [72.72123, 19.93753],
        [72.7213, 19.9375],
        [72.72138, 19.9375],
        [72.72151, 19.93747],
        [72.72158, 19.93741],
        [72.7216, 19.93731],
        [72.72158, 19.93719],
        [72.7214, 19.9371],
        [72.72124, 19.93702],
        [72.72121, 19.93701],
        [72.72114, 19.93695],
        [72.72113, 19.93693],
        [72.7211, 19.9369],
        [72.7211, 19.9368],
        [72.72112, 19.93678],
        [72.72112, 19.93677],
        [72.72119, 19.93666],
        [72.72126, 19.93658],
        [72.7213, 19.9365],
        [72.7214, 19.93643],
        [72.72158, 19.93626],
        [72.72168, 19.93614],
        [72.72169, 19.93611],
        [72.7217, 19.93609],
        [72.7217, 19.936],
        [72.72176, 19.93588],
        [72.7218, 19.9358],
        [72.7219, 19.9357],
        [72.722, 19.9356],
        [72.72209, 19.93542],
        [72.7221, 19.9354],
        [72.7222, 19.9353],
        [72.72222, 19.9353],
        [72.72225, 19.93528],
        [72.72234, 19.93527],
        [72.72245, 19.9353],
        [72.7225, 19.9353],
        [72.7226, 19.9354],
        [72.7228, 19.9356],
        [72.723, 19.9358],
        [72.72302, 19.93585],
        [72.7231, 19.936],
        [72.7232, 19.9361],
        [72.7234, 19.9361],
        [72.7235, 19.9361],
        [72.72369, 19.93606],
        [72.72385, 19.93595],
        [72.7239, 19.9359],
        [72.72398, 19.93586],
        [72.7241, 19.9358],
        [72.7243, 19.9357],
        [72.7244, 19.9356],
        [72.72449, 19.93551],
        [72.7245, 19.9355],
        [72.72451, 19.9355],
        [72.7247, 19.9355],
        [72.7249, 19.9355],
        [72.72497, 19.93543],
        [72.725, 19.9354],
        [72.72505, 19.9354],
        [72.7251, 19.93537],
        [72.7251, 19.9353],
        [72.7251, 19.93514],
        [72.72508, 19.93506],
        [72.72509, 19.93501],
        [72.72507, 19.9349],
        [72.725, 19.9347],
        [72.725, 19.93457],
        [72.725, 19.9344],
        [72.725, 19.9343],
        [72.725, 19.9341],
        [72.72505, 19.934],
        [72.7251, 19.9339],
        [72.72515, 19.9339],
        [72.72522, 19.93385],
        [72.72528, 19.93382],
        [72.7253, 19.9338],
        [72.7255, 19.9337],
        [72.72553, 19.9337],
        [72.7259, 19.93368],
        [72.726, 19.9337],
        [72.7262, 19.9337],
        [72.7264, 19.9338],
        [72.72645, 19.93385],
        [72.7266, 19.934],
        [72.7268, 19.9341],
        [72.7269, 19.93415],
        [72.727, 19.9342],
        [72.7272, 19.9345],
        [72.7274, 19.9347],
        [72.72755, 19.93501],
        [72.72762, 19.93511],
        [72.7277, 19.9352],
        [72.7279, 19.9354],
        [72.72795, 19.93545],
        [72.72799, 19.93548],
        [72.7281, 19.9355],
        [72.72819, 19.9355],
        [72.7282, 19.9355],
        [72.7283, 19.9355],
        [72.7284, 19.9354],
        [72.7284, 19.9353],
        [72.7284, 19.9351],
        [72.72835, 19.93496],
        [72.7283, 19.9348],
        [72.7283, 19.9346],
        [72.72835, 19.93455],
        [72.72838, 19.93448],
        [72.72851, 19.93437],
        [72.72862, 19.93428],
        [72.7287, 19.9342],
        [72.7287, 19.9341],
        [72.7287, 19.934],
        [72.7285, 19.9338],
        [72.728, 19.9335],
        [72.72782, 19.93338],
        [72.7277, 19.9333],
        [72.7273, 19.933],
        [72.72723, 19.93293],
        [72.72706, 19.93279],
        [72.72688, 19.93259],
        [72.72682, 19.93252],
        [72.7267, 19.9324],
        [72.72665, 19.9323],
        [72.72659, 19.93221],
        [72.72657, 19.93217],
        [72.7265, 19.9321],
        [72.7265, 19.93194],
        [72.72649, 19.93188],
        [72.7265, 19.93161],
        [72.7265, 19.9316],
        [72.7264, 19.9311],
        [72.7264, 19.9308],
        [72.7264, 19.9304],
        [72.7264, 19.9302],
        [72.72635, 19.93004],
        [72.7263, 19.9299],
        [72.72624, 19.92972],
        [72.72619, 19.9296],
        [72.72617, 19.92955],
        [72.72615, 19.92949],
        [72.726, 19.9292],
        [72.726, 19.92909],
        [72.726, 19.9289],
        [72.7259, 19.9287],
        [72.7259, 19.9285],
        [72.7259, 19.92848],
        [72.7259, 19.9283],
        [72.72593, 19.92824],
        [72.72597, 19.92812],
        [72.726, 19.92807],
        [72.726, 19.928],
        [72.7261, 19.9279],
        [72.72619, 19.9279],
        [72.7263, 19.9279],
        [72.7265, 19.9279],
        [72.7267, 19.928],
        [72.7268, 19.928],
        [72.7269, 19.9281],
        [72.7272, 19.9282],
        [72.72728, 19.9282],
        [72.7274, 19.9282],
        [72.7275, 19.9282],
        [72.7276, 19.9282],
        [72.72766, 19.9282],
        [72.72772, 19.92818],
        [72.7278, 19.9281],
        [72.72789, 19.92801],
        [72.7279, 19.92795],
        [72.7279, 19.9279],
        [72.7279, 19.9277],
        [72.7279, 19.92762],
        [72.7279, 19.9275],
        [72.7278, 19.9272],
        [72.7277, 19.9268],
        [72.7277, 19.9266],
        [72.7277, 19.9264],
        [72.7277, 19.92634],
        [72.7277, 19.9263],
        [72.7278, 19.9261],
        [72.7279, 19.926],
        [72.72799, 19.92595],
        [72.728, 19.92595],
        [72.728, 19.9259],
        [72.72809, 19.92595],
        [72.7282, 19.92596],
        [72.72828, 19.926],
        [72.7283, 19.926],
        [72.7285, 19.9261],
        [72.72857, 19.9263],
        [72.72864, 19.92642],
        [72.72877, 19.92674],
        [72.7288, 19.9268],
        [72.72885, 19.9269],
        [72.72891, 19.92701],
        [72.729, 19.9271],
        [72.7291, 19.9272],
        [72.72925, 19.92728],
        [72.72932, 19.9273],
        [72.7295, 19.9273],
        [72.72961, 19.92735],
        [72.72973, 19.92737],
        [72.72982, 19.92736],
        [72.73, 19.9273],
        [72.73017, 19.9273],
        [72.73025, 19.92728],
        [72.73036, 19.92719],
        [72.7304, 19.9271],
        [72.7305, 19.927],
        [72.73052, 19.92698],
        [72.73056, 19.92687],
        [72.73056, 19.92676],
        [72.73055, 19.92665],
        [72.7305, 19.9265],
        [72.7305, 19.92635],
        [72.7305, 19.9263],
        [72.7305, 19.9261],
        [72.7304, 19.9259],
        [72.7303, 19.9257],
        [72.7301, 19.9254],
        [72.73002, 19.92532],
        [72.7299, 19.9252],
        [72.72972, 19.92493],
        [72.72954, 19.92474],
        [72.7295, 19.9247],
        [72.7294, 19.9246],
        [72.72935, 19.9245],
        [72.72928, 19.92441],
        [72.72918, 19.92421],
        [72.72917, 19.92417],
        [72.7291, 19.9241],
        [72.7291, 19.924],
        [72.7291, 19.9239],
        [72.7291, 19.9237],
        [72.7291, 19.9236],
        [72.7291, 19.9234],
        [72.7291, 19.92333],
        [72.72908, 19.92327],
        [72.72895, 19.92307],
        [72.72891, 19.92301],
        [72.7288, 19.9229],
        [72.7288, 19.92283],
        [72.72875, 19.92274],
        [72.72872, 19.92262],
        [72.7287, 19.9226],
        [72.7287, 19.9225],
        [72.72874, 19.92246],
        [72.72876, 19.92242],
        [72.7288, 19.9223],
        [72.7288, 19.9222],
        [72.72889, 19.92216],
        [72.72898, 19.92207],
        [72.7291, 19.92195],
        [72.7291, 19.9218],
        [72.7291, 19.9216],
        [72.72914, 19.92156],
        [72.72915, 19.92147],
        [72.72919, 19.9214],
        [72.72922, 19.92137],
        [72.7293, 19.9212],
        [72.7295, 19.921],
        [72.7297, 19.9209],
        [72.72976, 19.9209],
        [72.7299, 19.9209],
        [72.7302, 19.9208],
        [72.73049, 19.92073],
        [72.7306, 19.9207],
        [72.731, 19.9207],
        [72.7316, 19.9207],
        [72.7319, 19.9207],
        [72.73203, 19.92074],
        [72.73223, 19.92078],
        [72.73239, 19.92085],
        [72.7326, 19.9209],
        [72.7329, 19.9211],
        [72.7333, 19.9215],
        [72.73333, 19.92153],
        [72.7336, 19.9218],
        [72.73378, 19.92207],
        [72.7338, 19.9221],
        [72.73399, 19.92248],
        [72.734, 19.9225],
        [72.7342, 19.9229],
        [72.7343, 19.9232],
        [72.7343, 19.92324],
        [72.73432, 19.92329],
        [72.73436, 19.92343],
        [72.7344, 19.9235],
        [72.7344, 19.92355],
        [72.73444, 19.9237],
        [72.73451, 19.92381],
        [72.73463, 19.9239],
        [72.73474, 19.92399],
        [72.7348, 19.924],
        [72.7349, 19.9239],
        [72.735, 19.9238],
        [72.735, 19.9237],
        [72.735, 19.9233],
        [72.735, 19.9232],
        [72.73502, 19.92311],
        [72.7351, 19.9228],
        [72.7351, 19.92259],
        [72.7351, 19.9225],
        [72.73515, 19.92243],
        [72.7353, 19.9222],
        [72.7354, 19.922],
        [72.7355, 19.9217],
        [72.7355, 19.9214],
        [72.7355, 19.92139],
        [72.7355, 19.921],
        [72.7355, 19.9206],
        [72.73553, 19.92052],
        [72.73557, 19.92027],
        [72.7356, 19.92014],
        [72.7356, 19.9201],
        [72.73562, 19.92003],
        [72.7357, 19.9198],
        [72.7357, 19.9197],
        [72.7358, 19.9196],
        [72.73587, 19.91953],
        [72.7359, 19.9195],
        [72.736, 19.9195],
        [72.73602, 19.9195],
        [72.7361, 19.9195],
        [72.7362, 19.9195],
        [72.7363, 19.9196],
        [72.7363, 19.91971],
        [72.7363, 19.9198],
        [72.7363, 19.9202],
        [72.7364, 19.9208],
        [72.7365, 19.9212],
        [72.73652, 19.92123],
        [72.7367, 19.9215],
        [72.737, 19.9218],
        [72.7371, 19.9219],
        [72.73717, 19.92195],
        [72.73737, 19.92206],
        [72.73743, 19.9221],
        [72.7376, 19.92224],
        [72.7377, 19.9223],
        [72.73774, 19.92237],
        [72.7378, 19.9225],
        [72.7381, 19.9229],
        [72.7383, 19.9233],
        [72.7384, 19.9237],
        [72.7385, 19.9238],
        [72.7386, 19.9239],
        [72.73866, 19.9239],
        [72.7387, 19.9239],
        [72.7388, 19.9239],
        [72.73888, 19.9239],
        [72.73891, 19.92389],
        [72.739, 19.9238],
        [72.739, 19.92373],
        [72.73891, 19.92345],
        [72.7389, 19.92341],
        [72.7389, 19.9234],
        [72.7389, 19.92339],
        [72.7389, 19.9231],
        [72.73884, 19.92293],
        [72.7388, 19.9228],
        [72.7389, 19.9225],
        [72.739, 19.9221],
        [72.73908, 19.92198],
        [72.73916, 19.92177],
        [72.7392, 19.92163],
        [72.7392, 19.9215],
        [72.73925, 19.92139],
        [72.73928, 19.92125],
        [72.7393, 19.921],
        [72.7393, 19.9207],
        [72.7392, 19.9205],
        [72.73912, 19.92046],
        [72.739, 19.9204],
        [72.7388, 19.9201],
        [72.73871, 19.91997],
        [72.7386, 19.9198],
        [72.7382, 19.9195],
        [72.73796, 19.91932],
        [72.7378, 19.9192],
        [72.7376, 19.919],
        [72.73754, 19.91887],
        [72.7375, 19.9188],
        [72.7373, 19.9183],
        [72.7372, 19.918],
        [72.7371, 19.9179],
        [72.73704, 19.91779],
        [72.737, 19.9177],
        [72.737, 19.91768],
        [72.73699, 19.91766],
        [72.737, 19.9176],
        [72.737, 19.9175],
        [72.73705, 19.91745],
        [72.7371, 19.9174],
        [72.7373, 19.9173],
        [72.7375, 19.9173],
        [72.7378, 19.9172],
        [72.7379, 19.9171],
        [72.738, 19.917],
        [72.738, 19.9167],
        [72.738, 19.9165],
        [72.7379, 19.9162],
        [72.7379, 19.9162],
        [72.73781, 19.91608],
        [72.73778, 19.91604],
        [72.73761, 19.91584],
        [72.73748, 19.91572],
        [72.7373, 19.9156],
        [72.73724, 19.91549],
        [72.7372, 19.9154],
        [72.7371, 19.9152],
        [72.737, 19.9151],
        [72.7369, 19.915],
        [72.73682, 19.91484],
        [72.73679, 19.9148],
        [72.73677, 19.91478],
        [72.7365, 19.9146],
        [72.73624, 19.91434],
        [72.73606, 19.91421],
        [72.73596, 19.91411],
        [72.7358, 19.914],
        [72.73571, 19.91374],
        [72.73568, 19.91367],
        [72.73558, 19.91341],
        [72.7355, 19.9131],
        [72.7355, 19.9127],
        [72.73541, 19.91252],
        [72.7354, 19.9125],
        [72.7353, 19.9123],
        [72.7352, 19.9121],
        [72.7352, 19.91197],
        [72.7352, 19.9118],
        [72.735, 19.9116],
        [72.7348, 19.9113],
        [72.7345, 19.911],
        [72.7343, 19.9108],
        [72.73416, 19.91062],
        [72.73414, 19.9106],
        [72.7341, 19.9106],
        [72.7341, 19.91041],
        [72.73407, 19.91027],
        [72.7341, 19.91018],
        [72.7341, 19.9101],
        [72.7342, 19.91],
        [72.73427, 19.90997],
        [72.73438, 19.9099],
        [72.73442, 19.90989],
        [72.7347, 19.9098],
        [72.73496, 19.9098],
        [72.73502, 19.90979],
        [72.7352, 19.9097],
        [72.7353, 19.90965],
        [72.73537, 19.90959],
        [72.73548, 19.90942],
        [72.73557, 19.90924],
        [72.7356, 19.90911],
        [72.7356, 19.909],
        [72.7357, 19.9087],
        [72.7358, 19.9085],
        [72.73588, 19.90845],
        [72.73606, 19.90829],
        [72.73621, 19.90813],
        [72.7363, 19.908],
        [72.73639, 19.90796],
        [72.7365, 19.9079],
        [72.7367, 19.9077],
        [72.7369, 19.9075],
        [72.73698, 19.90742],
        [72.737, 19.9074],
        [72.73704, 19.9074],
        [72.73713, 19.90738],
        [72.73726, 19.90736],
        [72.73745, 19.90739],
        [72.73746, 19.9074],
        [72.7375, 19.9074],
        [72.7376, 19.9075],
        [72.7376, 19.90757],
        [72.73763, 19.90761],
        [72.73771, 19.9078],
        [72.73773, 19.9079],
        [72.7378, 19.9081],
        [72.7378, 19.9084],
        [72.7378, 19.90853],
        [72.73784, 19.90872],
        [72.73786, 19.90881],
        [72.7379, 19.9089],
        [72.738, 19.9091],
        [72.73805, 19.90921],
        [72.73813, 19.90927],
        [72.73826, 19.90935],
        [72.7384, 19.9094],
        [72.7386, 19.9096],
        [72.7389, 19.9099],
        [72.7391, 19.9102],
        [72.7392, 19.9104],
        [72.73929, 19.91057],
        [72.73931, 19.9106],
        [72.73934, 19.91064],
        [72.7395, 19.9108],
        [72.73954, 19.91088],
        [72.73964, 19.91097],
        [72.73971, 19.911],
        [72.7398, 19.911],
        [72.7399, 19.911],
        [72.73996, 19.91097],
        [72.74007, 19.9109],
        [72.74014, 19.91082],
        [72.7402, 19.9107],
        [72.7403, 19.9105],
        [72.7404, 19.9102],
        [72.7404, 19.9098],
        [72.7404, 19.9096],
        [72.7404, 19.9093],
        [72.7404, 19.9092],
        [72.74042, 19.90918],
        [72.74047, 19.90906],
        [72.7405, 19.90903],
        [72.7405, 19.909],
        [72.7406, 19.9089],
        [72.74064, 19.9089],
        [72.7407, 19.90888],
        [72.74082, 19.90889],
        [72.74104, 19.90898],
        [72.74109, 19.909],
        [72.7412, 19.909],
        [72.74125, 19.90905],
        [72.74133, 19.90906],
        [72.74144, 19.90903],
        [72.7415, 19.909],
        [72.74168, 19.90891],
        [72.74177, 19.90877],
        [72.7418, 19.9086],
        [72.7418, 19.9084],
        [72.7416, 19.908],
        [72.74151, 19.90786],
        [72.7414, 19.9077],
        [72.74133, 19.9075],
        [72.7413, 19.9074],
        [72.7412, 19.9071],
        [72.7411, 19.9069],
        [72.74108, 19.90686],
        [72.7409, 19.9065],
        [72.74085, 19.90636],
        [72.74077, 19.9062],
        [72.7406, 19.9059],
        [72.74046, 19.90566],
        [72.74045, 19.9056],
        [72.7404, 19.9055],
        [72.7404, 19.9053],
        [72.74045, 19.90525],
        [72.74048, 19.90516],
        [72.74055, 19.90506],
        [72.7406, 19.9049],
        [72.74078, 19.90478],
        [72.7409, 19.90466],
        [72.74094, 19.90461],
        [72.741, 19.9045],
        [72.74115, 19.90445],
        [72.7413, 19.9044],
        [72.7416, 19.9043],
        [72.7417, 19.9042],
        [72.74175, 19.90415],
        [72.7418, 19.9041],
        [72.74182, 19.90408],
        [72.74187, 19.904],
        [72.74187, 19.90389],
        [72.7418, 19.90373],
        [72.74176, 19.90362],
        [72.7417, 19.9035],
        [72.7417, 19.90331],
        [72.7417, 19.9033],
        [72.74171, 19.90328],
        [72.74176, 19.90314],
        [72.74178, 19.90313],
        [72.7418, 19.9031],
        [72.7419, 19.9031],
        [72.742, 19.9031],
        [72.7422, 19.9031],
        [72.7425, 19.9031],
        [72.7426, 19.9031],
        [72.7427, 19.9031],
        [72.74279, 19.9031],
        [72.74285, 19.90308],
        [72.743, 19.90299],
        [72.7431, 19.9028],
        [72.7432, 19.9027],
        [72.7432, 19.9026],
        [72.7432, 19.9024],
        [72.7432, 19.9022],
        [72.7433, 19.9021],
        [72.74333, 19.9021],
        [72.74341, 19.90205],
        [72.74346, 19.90204],
        [72.7435, 19.902],
        [72.74366, 19.90205],
        [72.7438, 19.90208],
        [72.74405, 19.90218],
        [72.74406, 19.90219],
        [72.7441, 19.9022],
        [72.7444, 19.9024],
        [72.7446, 19.9025],
        [72.74469, 19.90254],
        [72.74477, 19.90256],
        [72.74502, 19.9026],
        [72.74507, 19.90262],
        [72.7453, 19.9027],
        [72.7454, 19.9028],
        [72.7454, 19.90281],
        [72.74544, 19.90283],
        [72.74552, 19.90296],
        [72.74557, 19.90307],
        [72.7457, 19.9032],
        [72.7458, 19.9038],
        [72.74584, 19.9041],
        [72.7459, 19.9045],
        [72.7459, 19.9049],
        [72.7459, 19.9052],
        [72.7458, 19.9058],
        [72.7458, 19.9063],
        [72.7458, 19.9068],
        [72.7459, 19.9072],
        [72.74605, 19.90751],
        [72.7461, 19.9076],
        [72.7461, 19.90772],
        [72.7461, 19.9079],
        [72.746, 19.9084],
        [72.7459, 19.9089],
        [72.7459, 19.9093],
        [72.74595, 19.90953],
        [72.746, 19.9098],
        [72.746, 19.9102],
        [72.74601, 19.91025],
        [72.7461, 19.9108],
        [72.7462, 19.9114],
        [72.7462, 19.9118],
        [72.7462, 19.91191],
        [72.7462, 19.9121],
        [72.74614, 19.91234],
        [72.7461, 19.9125],
        [72.746, 19.913],
        [72.746, 19.91337],
        [72.746, 19.9135],
        [72.746, 19.91356],
        [72.746, 19.9137],
        [72.746, 19.9138],
        [72.7461, 19.9141],
        [72.7464, 19.9147],
        [72.7467, 19.9152],
        [72.74675, 19.91534],
        [72.74693, 19.91571],
        [72.74699, 19.91598],
        [72.747, 19.916],
        [72.747, 19.91601],
        [72.74703, 19.91644],
        [72.74705, 19.9166],
        [72.7471, 19.9168],
        [72.7471, 19.9174],
        [72.7472, 19.9177],
        [72.7474, 19.9181],
        [72.7476, 19.9184],
        [72.74778, 19.91846],
        [72.7479, 19.9185],
        [72.748, 19.9186],
        [72.7482, 19.9186],
        [72.74829, 19.9186],
        [72.7484, 19.91856],
        [72.74858, 19.91841],
        [72.74871, 19.91823],
        [72.74876, 19.91816],
        [72.74879, 19.91811],
        [72.74881, 19.91808],
        [72.7489, 19.9178],
        [72.749, 19.9177],
        [72.7492, 19.9176],
        [72.74936, 19.9176],
        [72.7495, 19.9176],
        [72.74993, 19.91717],
        [72.75, 19.9171],
        [72.7505, 19.9167],
        [72.7507, 19.9164],
        [72.75099, 19.91591],
        [72.751, 19.9159],
        [72.75105, 19.91563],
        [72.7512, 19.9149],
        [72.75137, 19.91432],
        [72.7515, 19.9139],
        [72.75174, 19.91366],
        [72.75188, 19.9135],
        [72.75203, 19.91342],
        [72.7525, 19.9131],
        [72.75271, 19.91299],
        [72.7529, 19.9129],
        [72.7529, 19.9125],
        [72.7528, 19.9118],
        [72.7528, 19.91179],
        [72.7529, 19.9115],
        [72.75308, 19.91137],
        [72.75326, 19.91119],
        [72.7535, 19.91115],
        [72.7537, 19.9111],
        [72.754, 19.9109],
        [72.7543, 19.9106],
        [72.75435, 19.91051],
        [72.7545, 19.9102],
        [72.7547, 19.9094],
        [72.7551, 19.9084],
        [72.7552, 19.9079],
        [72.75521, 19.90784],
        [72.7553, 19.907],
        [72.75534, 19.90667],
        [72.7554, 19.9062],
        [72.75524, 19.90539],
        [72.7551, 19.9047],
        [72.755, 19.9038],
        [72.755, 19.90348],
        [72.75499, 19.9033],
        [72.7549, 19.90233],
        [72.7549, 19.90232],
        [72.7549, 19.9023],
        [72.75492, 19.90221],
        [72.755, 19.9019],
        [72.7553, 19.9016],
        [72.7559, 19.9013],
        [72.75628, 19.90101],
        [72.7563, 19.901],
        [72.75632, 19.90099],
        [72.7569, 19.9007],
        [72.7573, 19.9002],
        [72.7576, 19.8996],
        [72.75765, 19.89942],
        [72.7578, 19.8989],
        [72.7577, 19.8979],
        [72.7574, 19.8966],
        [72.7572, 19.896],
        [72.7568, 19.8955],
        [72.7564, 19.8952],
        [72.75631, 19.89511],
        [72.7562, 19.895],
        [72.75621, 19.89495],
        [72.75621, 19.89495],
        [72.75622, 19.89492],
        [72.7563, 19.8946],
        [72.75639, 19.89451],
        [72.7565, 19.8944],
        [72.7565, 19.8939],
        [72.7565, 19.8936],
        [72.7566, 19.8931],
        [72.75646, 19.89282],
        [72.7564, 19.8927],
        [72.7564, 19.89255],
        [72.7564, 19.8923],
        [72.7566, 19.8917],
        [72.7565, 19.8914],
        [72.75647, 19.89137],
        [72.7563, 19.8912],
        [72.756, 19.8908],
        [72.75604, 19.89027],
        [72.7561, 19.8896],
        [72.7559, 19.8894],
        [72.75559, 19.88927],
        [72.7552, 19.8891],
        [72.7547, 19.8886],
        [72.7542, 19.8882],
        [72.75393, 19.88775],
        [72.7539, 19.8877],
        [72.7539, 19.88754],
        [72.7539, 19.8875],
        [72.75398, 19.88738],
        [72.7541, 19.8872],
        [72.7545, 19.8869],
        [72.75468, 19.88667],
        [72.7549, 19.8864],
        [72.755, 19.886],
        [72.7552, 19.8853],
        [72.7552, 19.8853],
        [72.7556, 19.885],
        [72.75561, 19.88495],
        [72.75567, 19.88448],
        [72.7557, 19.88438],
        [72.7557, 19.8843],
        [72.7558, 19.884],
        [72.75582, 19.88398],
        [72.75582, 19.88397],
        [72.75591, 19.88389],
        [72.7562, 19.8836],
        [72.7568, 19.8834],
        [72.75685, 19.88333],
        [72.7571, 19.88295],
        [72.75718, 19.88253],
        [72.7572, 19.8824],
        [72.7572, 19.8824],
        [72.75721, 19.88236],
        [72.75738, 19.88221],
        [72.75739, 19.88221],
        [72.7574, 19.8822],
        [72.7577, 19.8824],
        [72.7582, 19.8831],
        [72.7585, 19.8838],
        [72.7587, 19.88397],
        [72.75876, 19.88399],
        [72.75889, 19.88382],
        [72.75886, 19.88373],
        [72.7588, 19.8836],
        [72.7585, 19.883],
        [72.7583, 19.8823],
        [72.75835, 19.88216],
        [72.75836, 19.88198],
        [72.75856, 19.8819],
        [72.75859, 19.88191],
        [72.7586, 19.8819],
        [72.75864, 19.88192],
        [72.75875, 19.88195],
        [72.75878, 19.88199],
        [72.7588, 19.882],
        [72.75882, 19.88205],
        [72.7589, 19.8822],
        [72.7591, 19.8832],
        [72.7595, 19.8836],
        [72.75964, 19.8836],
        [72.7598, 19.8836],
        [72.7602, 19.8837],
        [72.76026, 19.88374],
        [72.7605, 19.8839],
        [72.76078, 19.88409],
        [72.7608, 19.8841],
        [72.7608, 19.8843],
        [72.7608, 19.8848],
        [72.7611, 19.885],
        [72.76114, 19.88501],
        [72.7615, 19.8851],
        [72.7618, 19.8853],
        [72.7618, 19.88533],
        [72.7618, 19.8854],
        [72.7617, 19.88542],
        [72.7614, 19.88552],
        [72.76071, 19.8855],
        [72.76064, 19.88562],
        [72.7606, 19.8857],
        [72.76067, 19.88598],
        [72.76072, 19.8861],
        [72.7608, 19.8862],
        [72.7612, 19.8866],
        [72.76136, 19.88684],
        [72.76139, 19.88687],
        [72.76177, 19.88715],
        [72.76177, 19.88718],
        [72.7618, 19.8872],
        [72.7618, 19.8875],
        [72.7618, 19.88765],
        [72.7618, 19.8878],
        [72.762, 19.8892],
        [72.762, 19.88939],
        [72.762, 19.8899],
        [72.762, 19.89018],
        [72.7621, 19.89025],
        [72.7622, 19.8903],
        [72.76237, 19.89021],
        [72.7624, 19.8902],
        [72.7626, 19.8897],
        [72.7628, 19.88915],
        [72.76282, 19.8891],
        [72.76289, 19.88892],
        [72.7629, 19.88858],
        [72.76331, 19.88866],
        [72.7636, 19.8887],
        [72.7636, 19.88871],
        [72.7637, 19.8904],
        [72.76373, 19.89102],
        [72.76376, 19.8916],
        [72.7638, 19.89228],
        [72.76406, 19.89243],
        [72.7644, 19.8926],
        [72.7649, 19.893],
        [72.7653, 19.8936],
        [72.76526, 19.89381],
        [72.7652, 19.8941],
        [72.7651, 19.8947],
        [72.76512, 19.89473],
        [72.7653, 19.895],
        [72.76553, 19.89546],
        [72.76559, 19.89556],
        [72.76571, 19.89592],
        [72.7657, 19.89634],
        [72.7657, 19.8964],
        [72.7656, 19.8969],
        [72.7657, 19.8974],
        [72.76579, 19.89763],
        [72.7659, 19.8979],
        [72.766, 19.8982],
        [72.76605, 19.89846],
        [72.7661, 19.8987],
        [72.766, 19.8991],
        [72.7657, 19.9001],
        [72.7659, 19.9005],
        [72.766, 19.9008],
        [72.76599, 19.90082],
        [72.76599, 19.90083],
        [72.76583, 19.90106],
        [72.7659, 19.9014],
        [72.7661, 19.90147],
        [72.76626, 19.90142],
        [72.7665, 19.9013],
        [72.7668, 19.90107],
        [72.76688, 19.901],
        [72.76714, 19.90072],
        [72.7675, 19.9003],
        [72.7678, 19.8999],
        [72.76782, 19.89989],
        [72.76782, 19.89989],
        [72.76784, 19.89989],
        [72.7681, 19.8998],
        [72.7683, 19.8999],
        [72.7683, 19.89991],
        [72.76832, 19.89991],
        [72.7685, 19.90018],
        [72.76864, 19.90029],
        [72.7689, 19.9002],
        [72.76905, 19.90008],
        [72.7694, 19.89977],
        [72.76961, 19.89964],
        [72.7699, 19.8994],
        [72.7702, 19.8994],
        [72.7707, 19.8998],
        [72.7709, 19.8998],
        [72.7712, 19.8995],
        [72.7715, 19.8991],
        [72.77171, 19.89903],
        [72.77177, 19.899],
        [72.77179, 19.899],
        [72.7718, 19.899],
        [72.7721, 19.8991],
        [72.77221, 19.89915],
        [72.7723, 19.8992],
        [72.7726, 19.8992],
        [72.7727, 19.8991],
        [72.7734, 19.8985],
        [72.7736, 19.8985],
        [72.77374, 19.89857],
        [72.7738, 19.8986],
        [72.7738, 19.8989],
        [72.77378, 19.89896],
        [72.7737, 19.8992],
        [72.7737, 19.8996],
        [72.77371, 19.89962],
        [72.77372, 19.89963],
        [72.77372, 19.89965],
        [72.7738, 19.8998],
        [72.7743, 19.8998],
        [72.7746, 19.9],
        [72.77462, 19.90001],
        [72.775, 19.9001],
        [72.7752, 19.9003],
        [72.7754, 19.901],
        [72.7754, 19.90137],
        [72.77541, 19.90147],
        [72.7754, 19.9015],
        [72.7754, 19.9015],
        [72.7753, 19.9019],
        [72.7749, 19.9026],
        [72.7744, 19.9031],
        [72.7737, 19.9034],
        [72.7734, 19.90372],
        [72.7733, 19.90432],
        [72.7733, 19.9051],
        [72.77322, 19.90535],
        [72.7732, 19.9054],
        [72.77319, 19.90541],
        [72.77318, 19.90543],
        [72.77304, 19.9056],
        [72.77273, 19.90564],
        [72.7724, 19.9057],
        [72.77239, 19.90569],
        [72.77235, 19.9057],
        [72.77202, 19.90555],
        [72.7714, 19.9053],
        [72.77135, 19.9053],
        [72.77119, 19.90533],
        [72.7711, 19.9059],
        [72.77104, 19.90634],
        [72.77102, 19.90657],
        [72.771, 19.90658],
        [72.771, 19.9066],
        [72.7705, 19.9069],
        [72.77021, 19.90694],
        [72.7698, 19.907],
        [72.7694, 19.9073],
        [72.7694, 19.90738],
        [72.7694, 19.9076],
        [72.76945, 19.90784],
        [72.7695, 19.9081],
        [72.76975, 19.90835],
        [72.7698, 19.9084],
        [72.76985, 19.90843],
        [72.77, 19.9085],
        [72.7702, 19.9086],
        [72.77053, 19.90853],
        [72.7707, 19.9085],
        [72.77087, 19.90842],
        [72.77089, 19.9084],
        [72.77092, 19.90838],
        [72.7711, 19.9082],
        [72.77137, 19.908],
        [72.7715, 19.9079],
        [72.7718, 19.9078],
        [72.772, 19.9078],
        [72.7723, 19.9079],
        [72.77264, 19.90804],
        [72.7728, 19.9081],
        [72.7729, 19.9083],
        [72.7729, 19.90832],
        [72.77361, 19.90828],
        [72.77586, 19.91285],
        [72.7775, 19.91615],
        [72.7793, 19.91652],
        [72.78155, 19.92146],
        [72.78376, 19.92238],
        [72.78697, 19.92294],
        [72.79019, 19.92441],
        [72.79163, 19.92432],
        [72.79159, 19.92459],
        [72.791, 19.92661],
        [72.79201, 19.92807],
        [72.79263, 19.93063],
        [72.79265, 19.93338],
        [72.79405, 19.93448],
        [72.795, 19.93606],
        [72.79806, 19.93596],
        [72.80186, 19.93579],
        [72.80634, 19.9385],
        [72.80883, 19.94311],
        [72.81136, 19.94709],
        [72.81339, 19.95019],
        [72.81756, 19.95329],
        [72.81769, 19.95326],
        [72.81768, 19.95143],
        [72.81848, 19.95033],
        [72.82127, 19.95053],
        [72.82347, 19.95182],
        [72.82405, 19.95202],
        [72.82387, 19.95219],
        [72.82526, 19.95513],
        [72.82896, 19.95561],
        [72.83504, 19.95853],
        [72.8398, 19.96163],
        [72.84358, 19.96625],
        [72.84873, 19.97087],
        [72.85331, 19.96906],
        [72.85633, 19.96741],
        [72.85749, 19.96945],
        [72.85847, 19.97258],
        [72.86044, 19.97517],
        [72.86163, 19.97481],
        [72.86281, 19.97776],
        [72.86505, 19.97634],
        [72.86639, 19.9776],
        [72.86657, 19.97962],
        [72.86635, 19.98349],
        [72.86513, 19.98771],
        [72.86374, 19.9892],
        [72.86433, 19.98973],
        [72.86478, 19.99028],
        [72.8703, 19.98683],
        [72.87567, 19.98374],
        [72.87987, 19.98045],
        [72.88326, 19.97826],
        [72.88744, 19.97737],
        [72.89164, 19.97481],
        [72.89261, 19.97666],
        [72.89416, 19.98073],
        [72.8961, 19.98443],
        [72.8962, 19.98953],
        [72.89623, 19.99088],
        [72.89576, 19.99715],
        [72.89654, 19.99845],
        [72.89792, 19.99864],
        [72.90248, 19.9985],
        [72.90762, 19.99872],
        [72.90955, 19.99899],
        [72.91038, 19.99911],
        [72.91371, 20.00191],
        [72.91746, 20.00268],
        [72.91992, 20.00256],
        [72.92082, 20.00252],
        [72.92461, 20.00052],
        [72.92653, 19.99917],
        [72.92721, 19.99869],
        [72.93158, 19.99798],
        [72.93529, 19.99859],
        [72.9375, 19.99895],
        [72.94379, 20.00122],
        [72.94751, 20.00329],
        [72.95187, 20.00314],
        [72.95681, 20.00299],
        [72.96176, 20.00303],
        [72.96224, 20.00323],
        [72.96548, 20.00454],
        [72.96759, 20.00734],
        [72.97023, 20.01311],
        [72.97274, 20.01536],
        [72.97567, 20.01668],
        [72.97695, 20.01653],
        [72.98002, 20.01616],
        [72.98362, 20.01434],
        [72.98782, 20.01252],
        [72.98908, 20.00955],
        [72.99072, 20.00752],
        [72.99349, 20.00717],
        [72.99404, 20.00742],
        [72.99779, 20.00907],
        [73.00115, 20.00891],
        [73.00392, 20.00912],
        [73.00492, 20.00857],
        [73.00805, 20.00952],
        [73.01043, 20.00954],
        [73.01482, 20.00808],
        [73.01645, 20.00642],
        [73.01698, 20.00632],
        [73.01629, 20.00512],
        [73.01677, 20.00251],
        [73.01689, 19.99861],
        [73.01723, 19.99396],
        [73.01817, 19.98912],
        [73.01868, 19.98559],
        [73.02112, 19.98374],
        [73.02163, 19.98002],
        [73.02269, 19.97797],
        [73.02379, 19.97482],
        [73.02561, 19.97296],
        [73.02486, 19.9724],
        [73.02421, 19.96774],
        [73.02408, 19.96508],
        [73.02397, 19.9629],
        [73.02087, 19.96009],
        [73.01775, 19.95784],
        [73.01706, 19.95572],
        [73.01684, 19.95505],
        [73.0154, 19.95088],
        [73.01529, 19.95084],
        [73.0117, 19.94961],
        [73.01096, 19.94936],
        [73.00811, 19.9466],
        [73.00689, 19.94081],
        [73.01496, 19.9383],
        [73.01981, 19.93774],
        [73.02581, 19.93705],
        [73.03357, 19.937],
        [73.03389, 19.93702],
        [73.04697, 19.93776],
        [73.05261, 19.93887],
        [73.05017, 19.93164],
        [73.04558, 19.92904],
        [73.0449, 19.92865],
        [73.03945, 19.92664],
        [73.02896, 19.92536],
        [73.02537, 19.92435],
        [73.02359, 19.92384],
        [73.02205, 19.92341],
        [73.01543, 19.92335],
        [73.01039, 19.92331],
        [73.00537, 19.92327],
        [73.00211, 19.92131],
        [73.00155, 19.9236],
        [73.00012, 19.92415],
        [72.99944, 19.9244],
        [72.99566, 19.92602],
        [72.99561, 19.92622],
        [72.99441, 19.92541],
        [72.98962, 19.92556],
        [72.98628, 19.92452],
        [72.98379, 19.92141],
        [72.97961, 19.91863],
        [72.97851, 19.91984],
        [72.97725, 19.91835],
        [72.97391, 19.91556],
        [72.97328, 19.91412],
        [72.97012, 19.91481],
        [72.96714, 19.91314],
        [72.96361, 19.90962],
        [72.96342, 19.90948],
        [72.96526, 19.90758],
        [72.96815, 19.90425],
        [72.96944, 19.90054],
        [72.96952, 19.89701],
        [72.96972, 19.89457],
        [72.96576, 19.89386],
        [72.96034, 19.89331],
        [72.95756, 19.8932],
        [72.95658, 19.89017],
        [72.95586, 19.88609],
        [72.95691, 19.88387],
        [72.95819, 19.88072],
        [72.95826, 19.88053],
        [72.95904, 19.87868],
        [72.96066, 19.87812],
        [72.96256, 19.87423],
        [72.96243, 19.87089],
        [72.96334, 19.86644],
        [72.96288, 19.85977],
        [72.96287, 19.85185],
        [72.96184, 19.85179],
        [72.9604, 19.8564],
        [72.96032, 19.85666],
        [72.9489, 19.85625],
        [72.9415, 19.8579],
        [72.93702, 19.86303],
        [72.93433, 19.86611],
        [72.93324, 19.86626],
        [72.92851, 19.86691],
        [72.91863, 19.86353],
        [72.91624, 19.86271],
        [72.91302, 19.86357],
        [72.9081, 19.86488],
        [72.90332, 19.86242],
        [72.89881, 19.86149],
        [72.89451, 19.86195],
        [72.89283, 19.86016],
        [72.88764, 19.8546],
        [72.87811, 19.84995],
        [72.87572, 19.84879],
        [72.87078, 19.84638],
        [72.86255, 19.84822],
        [72.86018, 19.84875],
        [72.8593, 19.84894],
        [72.85311, 19.85175],
        [72.84974, 19.85614],
        [72.84946, 19.8565],
        [72.84563, 19.85679],
        [72.84017, 19.84944],
        [72.83679, 19.84895],
        [72.83538, 19.84875],
        [72.83143, 19.84926],
        [72.82785, 19.85149],
        [72.82695, 19.85291],
        [72.82529, 19.85554],
        [72.82339, 19.85855],
        [72.82329, 19.85871],
        [72.81885, 19.85975],
        [72.81145, 19.85927],
        [72.80179, 19.86081],
        [72.79135, 19.85988],
        [72.78756, 19.86111],
        [72.78662, 19.86142],
        [72.78262, 19.86121],
        [72.78213, 19.86118],
        [72.77594, 19.85429],
        [72.77333, 19.85947],
        [72.77324, 19.85872],
        [72.7745, 19.84759],
        [72.77462, 19.84466],
        [72.77531, 19.8423],
        [72.77537, 19.84193],
        [72.77583, 19.8392],
        [72.77501, 19.83551],
        [72.77444, 19.83318],
        [72.77402, 19.83146],
        [72.77348, 19.82576],
        [72.7731, 19.82099],
        [72.77295, 19.8186],
        [72.77251, 19.80956],
        [72.77293, 19.79772],
        [72.77445, 19.79868],
        [72.77756, 19.79859],
        [72.77798, 19.79787],
        [72.77667, 19.79655],
        [72.77641, 19.79592],
        [72.77475, 19.79613],
        [72.77287, 19.7933],
        [72.77332, 19.78493],
        [72.77418, 19.77772],
        [72.77738, 19.76985],
        [72.7794, 19.76898],
        [72.78081, 19.76826],
        [72.77878, 19.7679],
        [72.78028, 19.76441],
        [72.78417, 19.75721],
        [72.79072, 19.74765],
        [72.78996, 19.73818],
        [72.79213, 19.72982],
        [72.79198, 19.71734],
        [72.79547, 19.71676],
        [72.7957, 19.71679],
        [72.80178, 19.71751],
        [72.80537, 19.71434],
        [72.80776, 19.71411],
        [72.8116, 19.71804],
        [72.81549, 19.72196],
        [72.81857, 19.72557],
        [72.82366, 19.72696],
        [72.82405, 19.72427],
        [72.82391, 19.72252],
        [72.82931, 19.7219],
        [72.83178, 19.71958],
        [72.83512, 19.71639],
        [72.84017, 19.71108],
        [72.84085, 19.70619],
        [72.84115, 19.70132],
        [72.84275, 19.69847],
        [72.84646, 19.68538],
        [72.84648, 19.68274],
        [72.84994, 19.67557],
        [72.85285, 19.67017],
        [72.85298, 19.66535],
        [72.85875, 19.65862],
        [72.85962, 19.65536],
        [72.85842, 19.65131],
        [72.85849, 19.64905],
        [72.85857, 19.64675],
        [72.85738, 19.63977],
        [72.85729, 19.63922],
        [72.85747, 19.63394],
        [72.8607, 19.62256],
        [72.86197, 19.61992],
        [72.85988, 19.61834],
        [72.85571, 19.61818],
        [72.85016, 19.61925],
        [72.84156, 19.62623],
        [72.84048, 19.6271],
        [72.83986, 19.6258],
        [72.84181, 19.62291],
        [72.83695, 19.62204],
        [72.83088, 19.61651],
        [72.82409, 19.60895],
        [72.8222, 19.60997],
        [72.81508, 19.61244],
        [72.80966, 19.61022],
        [72.80827, 19.60943],
        [72.80688, 19.60865],
        [72.80222, 19.60646],
        [72.79867, 19.60504],
        [72.79182, 19.60551],
        [72.7856, 19.60453],
        [72.78542, 19.6045],
        [72.78549, 19.60468],
        [72.7855, 19.6047],
        [72.7855, 19.60471],
        [72.7855, 19.6048],
        [72.7857, 19.6052],
        [72.7858, 19.6056],
        [72.78585, 19.60574],
        [72.7859, 19.6059],
        [72.7859, 19.6063],
        [72.7859, 19.6064],
        [72.786, 19.607],
        [72.786, 19.6073],
        [72.786, 19.6076],
        [72.7858, 19.6079],
        [72.7855, 19.608],
        [72.78546, 19.608],
        [72.78543, 19.60801],
        [72.78534, 19.60802],
        [72.7851, 19.6081],
        [72.78477, 19.60805],
        [72.7845, 19.608],
        [72.7841, 19.6081],
        [72.78399, 19.60814],
        [72.7838, 19.6082],
        [72.78375, 19.6082],
        [72.78343, 19.6082],
        [72.7834, 19.6082],
        [72.78336, 19.60819],
        [72.78312, 19.60814],
        [72.78291, 19.60802],
        [72.78284, 19.60794],
        [72.7828, 19.6079],
        [72.78279, 19.60789],
        [72.7826, 19.6075],
        [72.78252, 19.6075],
        [72.7825, 19.6075],
        [72.7823, 19.6074],
        [72.78221, 19.6074],
        [72.78181, 19.6075],
        [72.7818, 19.6075],
        [72.7816, 19.6075],
        [72.78159, 19.6075],
        [72.7815, 19.6075],
        [72.7814, 19.6074],
        [72.78139, 19.60738],
        [72.78139, 19.60738],
        [72.78131, 19.60714],
        [72.78129, 19.60708],
        [72.7812, 19.6069],
        [72.78113, 19.60643],
        [72.7811, 19.6062],
        [72.781, 19.6059],
        [72.7808, 19.6055],
        [72.7807, 19.6054],
        [72.7805, 19.6052],
        [72.7803, 19.6051],
        [72.7801, 19.6051],
        [72.78005, 19.60512],
        [72.7799, 19.6052],
        [72.77975, 19.6052],
        [72.77968, 19.60522],
        [72.7794, 19.6055],
        [72.77932, 19.60558],
        [72.7793, 19.60564],
        [72.7793, 19.6058],
        [72.77923, 19.60602],
        [72.77922, 19.6061],
        [72.77925, 19.60621],
        [72.7793, 19.6063],
        [72.7793, 19.60634],
        [72.77935, 19.60645],
        [72.77943, 19.60657],
        [72.7795, 19.6066],
        [72.7797, 19.6068],
        [72.7801, 19.6072],
        [72.78011, 19.60721],
        [72.7804, 19.6076],
        [72.7805, 19.6078],
        [72.78054, 19.60784],
        [72.7806, 19.6079],
        [72.7805, 19.608],
        [72.78045, 19.608],
        [72.78038, 19.60804],
        [72.78036, 19.60804],
        [72.7803, 19.6081],
        [72.78019, 19.60805],
        [72.7801, 19.608],
        [72.7796, 19.6079],
        [72.7795, 19.6079],
        [72.77937, 19.60796],
        [72.7793, 19.608],
        [72.7791, 19.6081],
        [72.77907, 19.6081],
        [72.7789, 19.6081],
        [72.7787, 19.6081],
        [72.7785, 19.608],
        [72.7784, 19.6079],
        [72.77837, 19.6079],
        [72.7783, 19.6079],
        [72.77822, 19.60743],
        [72.7782, 19.6073],
        [72.7782, 19.6066],
        [72.77815, 19.6065],
        [72.7781, 19.6064],
        [72.7781, 19.60632],
        [72.77807, 19.60627],
        [72.778, 19.6062],
        [72.77797, 19.60617],
        [72.77792, 19.60612],
        [72.7779, 19.6061],
        [72.7778, 19.606],
        [72.7776, 19.606],
        [72.77756, 19.60604],
        [72.7775, 19.6061],
        [72.77721, 19.6062],
        [72.77699, 19.60634],
        [72.77693, 19.60637],
        [72.7768, 19.6065],
        [72.77669, 19.6065],
        [72.77662, 19.60655],
        [72.77638, 19.60664],
        [72.7763, 19.6067],
        [72.7758, 19.607],
        [72.77578, 19.60701],
        [72.77576, 19.60702],
        [72.77531, 19.60723],
        [72.77527, 19.60726],
        [72.7752, 19.6074],
        [72.7749, 19.60748],
        [72.7748, 19.6075],
        [72.7746, 19.6076],
        [72.7745, 19.6077],
        [72.7742, 19.6078],
        [72.77412, 19.60784],
        [72.774, 19.6079],
        [72.7738, 19.6079],
        [72.7733, 19.6078],
        [72.7728, 19.6078],
        [72.77276, 19.6078],
        [72.77269, 19.60783],
        [72.77259, 19.60792],
        [72.77243, 19.60813],
        [72.77233, 19.60826],
        [72.7723, 19.6083],
        [72.7723, 19.6085],
        [72.7723, 19.6087],
        [72.7723, 19.6089],
        [72.77234, 19.60894],
        [72.7724, 19.609],
        [72.77248, 19.60931],
        [72.7725, 19.60937],
        [72.77258, 19.60952],
        [72.7727, 19.6097],
        [72.7727, 19.60973],
        [72.77274, 19.60979],
        [72.77292, 19.60997],
        [72.7731, 19.6101],
        [72.77319, 19.61029],
        [72.77338, 19.61042],
        [72.7738, 19.6107],
        [72.77399, 19.61082],
        [72.77405, 19.61086],
        [72.77421, 19.61096],
        [72.7743, 19.611],
        [72.77432, 19.61102],
        [72.7747, 19.6114],
        [72.7748, 19.6115],
        [72.77487, 19.61165],
        [72.7749, 19.6117],
        [72.775, 19.6122],
        [72.775, 19.61233],
        [72.77505, 19.61247],
        [72.77506, 19.61256],
        [72.7751, 19.6126],
        [72.7752, 19.6128],
        [72.77523, 19.61286],
        [72.77533, 19.61297],
        [72.77537, 19.613],
        [72.7754, 19.613],
        [72.7756, 19.6131],
        [72.7758, 19.6131],
        [72.776, 19.61315],
        [72.7762, 19.6132],
        [72.7763, 19.6132],
        [72.7763, 19.6134],
        [72.7762, 19.6136],
        [72.7759, 19.6138],
        [72.7756, 19.61398],
        [72.7754, 19.6141],
        [72.7752, 19.6142],
        [72.77517, 19.61423],
        [72.7751, 19.6143],
        [72.7749, 19.6143],
        [72.7747, 19.6142],
        [72.7745, 19.6141],
        [72.7743, 19.61397],
        [72.77424, 19.61394],
        [72.77413, 19.61392],
        [72.77394, 19.61392],
        [72.7739, 19.61393],
        [72.7739, 19.614],
        [72.7738, 19.614],
        [72.7738, 19.614],
        [72.7738, 19.6141],
        [72.7737, 19.6142],
        [72.7737, 19.6145],
        [72.7738, 19.6148],
        [72.77385, 19.6149],
        [72.77391, 19.615],
        [72.77396, 19.61506],
        [72.7741, 19.6152],
        [72.7743, 19.6155],
        [72.7743, 19.6155],
        [72.7746, 19.6158],
        [72.7748, 19.6161],
        [72.775, 19.6166],
        [72.775, 19.61688],
        [72.77506, 19.61707],
        [72.7751, 19.6172],
        [72.7753, 19.6176],
        [72.7754, 19.6178],
        [72.7755, 19.6179],
        [72.77559, 19.6179],
        [72.7757, 19.6179],
        [72.77581, 19.61795],
        [72.77587, 19.61796],
        [72.77611, 19.61795],
        [72.7763, 19.6179],
        [72.77639, 19.61795],
        [72.77648, 19.61795],
        [72.77657, 19.61793],
        [72.7766, 19.6179],
        [72.777, 19.6178],
        [72.7774, 19.6177],
        [72.7778, 19.6176],
        [72.77814, 19.61756],
        [72.7787, 19.6175],
        [72.7792, 19.6174],
        [72.77959, 19.6173],
        [72.7796, 19.6173],
        [72.77961, 19.6173],
        [72.7799, 19.6173],
        [72.77992, 19.61732],
        [72.77994, 19.61732],
        [72.78004, 19.61736],
        [72.78002, 19.61744],
        [72.78, 19.61746],
        [72.78, 19.6175],
        [72.77959, 19.61775],
        [72.77954, 19.61778],
        [72.77952, 19.61779],
        [72.7795, 19.6178],
        [72.77945, 19.61781],
        [72.7791, 19.6179],
        [72.77867, 19.61804],
        [72.7785, 19.6181],
        [72.77835, 19.61815],
        [72.7779, 19.6183],
        [72.7776, 19.6186],
        [72.7775, 19.6188],
        [72.77742, 19.61897],
        [72.7774, 19.619],
        [72.77732, 19.61906],
        [72.7771, 19.6192],
        [72.7768, 19.6194],
        [72.7766, 19.6195],
        [72.77656, 19.61954],
        [72.7765, 19.6196],
        [72.77634, 19.61952],
        [72.7763, 19.6195],
        [72.7761, 19.6194],
        [72.77575, 19.61926],
        [72.77563, 19.61922],
        [72.77549, 19.61922],
        [72.77548, 19.61923],
        [72.7754, 19.6193],
        [72.7753, 19.6194],
        [72.7752, 19.6195],
        [72.77509, 19.61973],
        [72.775, 19.6199],
        [72.7749, 19.6201],
        [72.7748, 19.6203],
        [72.77466, 19.6205],
        [72.7746, 19.6206],
        [72.7743, 19.6209],
        [72.7742, 19.621],
        [72.7741, 19.6211],
        [72.7741, 19.6212],
        [72.7741, 19.6214],
        [72.7741, 19.6216],
        [72.7743, 19.6219],
        [72.7744, 19.6221],
        [72.7745, 19.6223],
        [72.7746, 19.6224],
        [72.77485, 19.62265],
        [72.77522, 19.6229],
        [72.7753, 19.623],
        [72.7754, 19.6233],
        [72.7754, 19.62359],
        [72.77541, 19.62369],
        [72.77552, 19.62389],
        [72.7757, 19.6242],
        [72.77579, 19.62429],
        [72.77584, 19.62431],
        [72.7761, 19.6244],
        [72.7764, 19.6245],
        [72.7766, 19.6246],
        [72.77663, 19.62463],
        [72.7767, 19.6247],
        [72.777, 19.6248],
        [72.7771, 19.6249],
        [72.77726, 19.6251],
        [72.7775, 19.6254],
        [72.7778, 19.6257],
        [72.7779, 19.6258],
        [72.77807, 19.62588],
        [72.77812, 19.6259],
        [72.77828, 19.62597],
        [72.77838, 19.62605],
        [72.7786, 19.6262],
        [72.7787, 19.6263],
        [72.7787, 19.62635],
        [72.77871, 19.62647],
        [72.77873, 19.62653],
        [72.7788, 19.6266],
        [72.7788, 19.6268],
        [72.7788, 19.627],
        [72.77878, 19.62702],
        [72.77874, 19.62713],
        [72.7787, 19.62718],
        [72.7787, 19.6272],
        [72.7784, 19.6274],
        [72.7781, 19.6275],
        [72.778, 19.6275],
        [72.77793, 19.6275],
        [72.77789, 19.62751],
        [72.7778, 19.6276],
        [72.7777, 19.6277],
        [72.7776, 19.6278],
        [72.77757, 19.62783],
        [72.7775, 19.6279],
        [72.77746, 19.62791],
        [72.7771, 19.628],
        [72.77703, 19.62793],
        [72.777, 19.6279],
        [72.7767, 19.6279],
        [72.7764, 19.628],
        [72.776, 19.6281],
        [72.7758, 19.6281],
        [72.7752, 19.6279],
        [72.77515, 19.62788],
        [72.7749, 19.6278],
        [72.774, 19.6272],
        [72.77384, 19.62712],
        [72.77371, 19.6271],
        [72.7737, 19.6271],
        [72.7735, 19.6271],
        [72.77339, 19.62713],
        [72.77311, 19.62724],
        [72.77305, 19.62729],
        [72.773, 19.6274],
        [72.7727, 19.6278],
        [72.7726, 19.6282],
        [72.7726, 19.6285],
        [72.77257, 19.62856],
        [72.7725, 19.6287],
        [72.7725, 19.6289],
        [72.7725, 19.629],
        [72.7725, 19.62935],
        [72.77251, 19.62952],
        [72.7726, 19.6297],
        [72.7727, 19.6299],
        [72.773, 19.6303],
        [72.77305, 19.63038],
        [72.7732, 19.6306],
        [72.77353, 19.63076],
        [72.7736, 19.6308],
        [72.77361, 19.63081],
        [72.7737, 19.6309],
        [72.7738, 19.631],
        [72.7739, 19.6312],
        [72.7739, 19.6318],
        [72.7739, 19.63202],
        [72.7739, 19.6321],
        [72.7739, 19.6322],
        [72.7737, 19.6325],
        [72.7735, 19.6328],
        [72.7734, 19.6329],
        [72.7734, 19.6331],
        [72.77348, 19.63343],
        [72.7735, 19.6335],
        [72.7735, 19.6336],
        [72.7735, 19.6337],
        [72.7733, 19.6339],
        [72.77315, 19.63413],
        [72.7731, 19.6342],
        [72.773, 19.6344],
        [72.77284, 19.63463],
        [72.7728, 19.6347],
        [72.7727, 19.6351],
        [72.7727, 19.63539],
        [72.7727, 19.6354],
        [72.7727, 19.6355],
        [72.77262, 19.63558],
        [72.7726, 19.63561],
        [72.77258, 19.63562],
        [72.7725, 19.6357],
        [72.7724, 19.6357],
        [72.77235, 19.63565],
        [72.77218, 19.63555],
        [72.77214, 19.6355],
        [72.7721, 19.6355],
        [72.772, 19.6353],
        [72.7718, 19.6349],
        [72.7716, 19.6345],
        [72.7714, 19.6342],
        [72.7713, 19.6339],
        [72.7713, 19.6338],
        [72.7713, 19.63376],
        [72.7713, 19.63343],
        [72.7713, 19.6334],
        [72.7713, 19.6332],
        [72.7714, 19.633],
        [72.77145, 19.6329],
        [72.77157, 19.63264],
        [72.7716, 19.63255],
        [72.7716, 19.6324],
        [72.77169, 19.63213],
        [72.7717, 19.63207],
        [72.7717, 19.6315],
        [72.7714, 19.6302],
        [72.77135, 19.63009],
        [72.7713, 19.63],
        [72.7713, 19.6297],
        [72.77137, 19.62949],
        [72.7714, 19.6294],
        [72.7716, 19.629],
        [72.7717, 19.6286],
        [72.7717, 19.62845],
        [72.7717, 19.6282],
        [72.7717, 19.628],
        [72.7716, 19.62771],
        [72.7716, 19.6277],
        [72.7714, 19.6274],
        [72.7712, 19.6272],
        [72.77108, 19.62714],
        [72.771, 19.6271],
        [72.77095, 19.62695],
        [72.77088, 19.62682],
        [72.77082, 19.62655],
        [72.7708, 19.6265],
        [72.7708, 19.62648],
        [72.7708, 19.6261],
        [72.7709, 19.6255],
        [72.77095, 19.6254],
        [72.77101, 19.62525],
        [72.77103, 19.62521],
        [72.7711, 19.625],
        [72.77118, 19.62488],
        [72.7713, 19.6247],
        [72.7714, 19.6244],
        [72.7716, 19.6236],
        [72.7716, 19.6233],
        [72.7716, 19.6231],
        [72.77153, 19.62303],
        [72.7715, 19.623],
        [72.7712, 19.6225],
        [72.7711, 19.6224],
        [72.7708, 19.6221],
        [72.7706, 19.622],
        [72.7703, 19.6219],
        [72.7695, 19.6219],
        [72.7689, 19.6217],
        [72.7683, 19.6217],
        [72.768, 19.6218],
        [72.76792, 19.6218],
        [72.76788, 19.62182],
        [72.7678, 19.6219],
        [72.7676, 19.6221],
        [72.7675, 19.62225],
        [72.7672, 19.62273],
        [72.76717, 19.6228],
        [72.7671, 19.6231],
        [72.7669, 19.6235],
        [72.76679, 19.62361],
        [72.76664, 19.6238],
        [72.76656, 19.62392],
        [72.7665, 19.6241],
        [72.7664, 19.6242],
        [72.76627, 19.6242],
        [72.7662, 19.6242],
        [72.7659, 19.6242],
        [72.7656, 19.6241],
        [72.76519, 19.62393],
        [72.7651, 19.6239],
        [72.7645, 19.6235],
        [72.76441, 19.62341],
        [72.7643, 19.6233],
        [72.76357, 19.62308],
        [72.7633, 19.623],
        [72.7632, 19.623],
        [72.763, 19.6229],
        [72.76284, 19.62274],
        [72.7627, 19.6226],
        [72.7625, 19.6222],
        [72.7625, 19.622],
        [72.76243, 19.62187],
        [72.7624, 19.6218],
        [72.7624, 19.6214],
        [72.7626, 19.6208],
        [72.76278, 19.6205],
        [72.76291, 19.62026],
        [72.763, 19.62],
        [72.76318, 19.61973],
        [72.7632, 19.6197],
        [72.7634, 19.6194],
        [72.7636, 19.6192],
        [72.7637, 19.619],
        [72.76379, 19.61882],
        [72.7639, 19.6186],
        [72.7644, 19.6181],
        [72.7648, 19.6178],
        [72.7651, 19.6176],
        [72.76517, 19.61757],
        [72.76529, 19.61749],
        [72.76545, 19.61733],
        [72.76552, 19.61728],
        [72.7656, 19.6172],
        [72.76563, 19.6172],
        [72.76574, 19.61715],
        [72.76587, 19.61712],
        [72.7659, 19.6171],
        [72.76604, 19.6171],
        [72.7663, 19.6171],
        [72.7666, 19.6171],
        [72.76669, 19.61701],
        [72.7667, 19.617],
        [72.76671, 19.617],
        [72.76676, 19.61695],
        [72.7668, 19.61683],
        [72.7668, 19.6168],
        [72.7668, 19.6165],
        [72.76684, 19.61643],
        [72.76687, 19.61631],
        [72.76687, 19.61619],
        [72.7668, 19.61601],
        [72.7667, 19.6158],
        [72.76667, 19.61574],
        [72.76659, 19.61564],
        [72.76649, 19.6156],
        [72.7664, 19.6156],
        [72.7662, 19.6156],
        [72.76612, 19.6156],
        [72.76609, 19.61561],
        [72.76588, 19.61572],
        [72.7655, 19.61601],
        [72.76533, 19.61617],
        [72.7653, 19.6162],
        [72.765, 19.6164],
        [72.76495, 19.61643],
        [72.7648, 19.6165],
        [72.7643, 19.6167],
        [72.7634, 19.6169],
        [72.76333, 19.61693],
        [72.763, 19.6171],
        [72.76288, 19.61714],
        [72.7627, 19.6172],
        [72.7626, 19.6173],
        [72.76255, 19.6174],
        [72.7625, 19.6175],
        [72.7622, 19.6178],
        [72.762, 19.6181],
        [72.7618, 19.6183],
        [72.76174, 19.6183],
        [72.7617, 19.6183],
        [72.7614, 19.6184],
        [72.7611, 19.6184],
        [72.7611, 19.6184],
        [72.76109, 19.6184],
        [72.76089, 19.61832],
        [72.76079, 19.61821],
        [72.76069, 19.61803],
        [72.76062, 19.618],
        [72.7606, 19.618],
        [72.76058, 19.61798],
        [72.76053, 19.61793],
        [72.7605, 19.6179],
        [72.76043, 19.61776],
        [72.7602, 19.6173],
        [72.76007, 19.61723],
        [72.76, 19.6172],
        [72.7598, 19.6171],
        [72.7597, 19.617],
        [72.7594, 19.617],
        [72.759, 19.617],
        [72.75887, 19.617],
        [72.75879, 19.61702],
        [72.75877, 19.61703],
        [72.7587, 19.6171],
        [72.7586, 19.6172],
        [72.75854, 19.6172],
        [72.75853, 19.61723],
        [72.75854, 19.61737],
        [72.7584, 19.61761],
        [72.75837, 19.61763],
        [72.7583, 19.6177],
        [72.75822, 19.6177],
        [72.7582, 19.6177],
        [72.758, 19.6177],
        [72.7578, 19.6177],
        [72.7576, 19.6176],
        [72.75757, 19.61758],
        [72.7574, 19.6175],
        [72.7574, 19.61743],
        [72.75735, 19.61735],
        [72.75734, 19.6173],
        [72.7573, 19.6173],
        [72.7573, 19.617],
        [72.7575, 19.6166],
        [72.7578, 19.6161],
        [72.75789, 19.61596],
        [72.758, 19.6158],
        [72.7581, 19.6155],
        [72.75822, 19.61515],
        [72.7583, 19.6149],
        [72.75839, 19.61473],
        [72.7585, 19.6145],
        [72.7585, 19.61405],
        [72.7585, 19.6137],
        [72.7586, 19.6134],
        [72.75868, 19.61325],
        [72.75877, 19.61302],
        [72.75905, 19.61255],
        [72.7593, 19.6121],
        [72.7593, 19.612],
        [72.7593, 19.61165],
        [72.75929, 19.61157],
        [72.7591, 19.611],
        [72.75894, 19.61053],
        [72.7589, 19.6104],
        [72.7589, 19.6102],
        [72.75891, 19.61011],
        [72.759, 19.6095],
        [72.7589, 19.609],
        [72.75887, 19.60891],
        [72.75881, 19.60873],
        [72.75869, 19.60859],
        [72.7585, 19.6084],
        [72.7578, 19.6079],
        [72.7577, 19.6078],
        [72.7575, 19.60762],
        [72.75745, 19.6076],
        [72.7574, 19.6076],
        [72.7573, 19.6076],
        [72.7573, 19.60785],
        [72.7573, 19.6079],
        [72.7574, 19.6083],
        [72.7576, 19.6089],
        [72.75776, 19.60971],
        [72.7578, 19.6099],
        [72.75777, 19.61007],
        [72.7577, 19.6104],
        [72.7577, 19.6108],
        [72.7577, 19.61127],
        [72.7577, 19.6116],
        [72.7575, 19.6126],
        [72.7573, 19.6136],
        [72.75713, 19.614],
        [72.757, 19.6143],
        [72.75666, 19.61516],
        [72.7564, 19.6158],
        [72.7562, 19.6161],
        [72.75617, 19.61613],
        [72.75603, 19.61627],
        [72.756, 19.6163],
        [72.75573, 19.61641],
        [72.7553, 19.6166],
        [72.7547, 19.6167],
        [72.7544, 19.6167],
        [72.75351, 19.61676],
        [72.7528, 19.6168],
        [72.7517, 19.6168],
        [72.75169, 19.6168],
        [72.751, 19.6168],
        [72.7509, 19.61675],
        [72.75077, 19.61673],
        [72.75071, 19.6167],
        [72.7506, 19.6167],
        [72.75054, 19.61659],
        [72.7505, 19.6165],
        [72.75, 19.616],
        [72.7499, 19.6158],
        [72.7499, 19.6156],
        [72.7499, 19.6155],
        [72.74997, 19.61535],
        [72.7501, 19.6151],
        [72.7502, 19.6148],
        [72.7502, 19.6147],
        [72.7502, 19.61461],
        [72.75015, 19.61445],
        [72.75012, 19.61442],
        [72.75002, 19.61432],
        [72.74994, 19.61428],
        [72.7497, 19.6142],
        [72.74948, 19.61406],
        [72.74941, 19.61402],
        [72.74926, 19.61395],
        [72.7491, 19.6139],
        [72.74889, 19.61385],
        [72.7487, 19.6138],
        [72.7479, 19.614],
        [72.74718, 19.61426],
        [72.7468, 19.6144],
        [72.74657, 19.61443],
        [72.7461, 19.6145],
        [72.74592, 19.6145],
        [72.7458, 19.6145],
        [72.7455, 19.6142],
        [72.74535, 19.61397],
        [72.74528, 19.61389],
        [72.74523, 19.61362],
        [72.7452, 19.6135],
        [72.74521, 19.61349],
        [72.7454, 19.6131],
        [72.7457, 19.6129],
        [72.7463, 19.6126],
        [72.74682, 19.61239],
        [72.7473, 19.6122],
        [72.74742, 19.61212],
        [72.7476, 19.612],
        [72.7476, 19.6117],
        [72.74742, 19.61144],
        [72.7474, 19.6114],
        [72.74706, 19.61115],
        [72.747, 19.6111],
        [72.7464, 19.6107],
        [72.7455, 19.6104],
        [72.7443, 19.6101],
        [72.7441, 19.61],
        [72.7439, 19.6099],
        [72.74381, 19.60944],
        [72.7438, 19.6094],
        [72.7438, 19.6089],
        [72.7439, 19.6081],
        [72.7442, 19.6074],
        [72.74449, 19.60682],
        [72.7445, 19.6068],
        [72.7448, 19.6058],
        [72.74486, 19.60552],
        [72.7449, 19.6053],
        [72.7447, 19.6049],
        [72.7444, 19.6048],
        [72.74425, 19.60484],
        [72.744, 19.6049],
        [72.7436, 19.6049],
        [72.7436, 19.6049],
        [72.74358, 19.6049],
        [72.7435, 19.60487],
        [72.7433, 19.6048],
        [72.74328, 19.60477],
        [72.74327, 19.60477],
        [72.74302, 19.60445],
        [72.74301, 19.60442],
        [72.743, 19.6044],
        [72.743, 19.60433],
        [72.743, 19.6041],
        [72.74309, 19.60363],
        [72.7431, 19.6036],
        [72.7434, 19.6032],
        [72.7438, 19.60307],
        [72.74398, 19.60298],
        [72.74413, 19.60287],
        [72.74416, 19.60284],
        [72.74417, 19.60283],
        [72.74415, 19.60275],
        [72.7441, 19.6027],
        [72.7439, 19.6025],
        [72.74323, 19.60221],
        [72.74315, 19.60218],
        [72.74244, 19.60169],
        [72.7423, 19.6016],
        [72.74229, 19.60159],
        [72.7415, 19.6008],
        [72.74095, 19.60036],
        [72.7405, 19.6],
        [72.74026, 19.59976],
        [72.73983, 19.59935],
        [72.73973, 19.59921],
        [72.7394, 19.5988],
        [72.73912, 19.59861],
        [72.73896, 19.59863],
        [72.7387, 19.5987],
        [72.73853, 19.59879],
        [72.7381, 19.599],
        [72.7372, 19.5997],
        [72.73678, 19.60008],
        [72.7362, 19.6006],
        [72.7354, 19.6013],
        [72.73513, 19.60145],
        [72.7347, 19.6017],
        [72.73395, 19.60198],
        [72.7339, 19.602],
        [72.73388, 19.602],
        [72.7333, 19.6021],
        [72.7328, 19.602],
        [72.73235, 19.60193],
        [72.7322, 19.6019],
        [72.7318, 19.6019],
        [72.73159, 19.6019],
        [72.7314, 19.6019],
        [72.7311, 19.6019],
        [72.73099, 19.60187],
        [72.7307, 19.6018],
        [72.73, 19.6016],
        [72.7296, 19.6015],
        [72.72959, 19.60151],
        [72.7294, 19.6016],
        [72.7294, 19.60194],
        [72.7294, 19.6022],
        [72.72948, 19.60303],
        [72.72951, 19.6032],
        [72.72972, 19.60383],
        [72.72979, 19.60399],
        [72.7301, 19.6046],
        [72.7305, 19.6058],
        [72.731, 19.6074],
        [72.73104, 19.60768],
        [72.7311, 19.6082],
        [72.73114, 19.60867],
        [72.7312, 19.6093],
        [72.7311, 19.6103],
        [72.73092, 19.61122],
        [72.7308, 19.6118],
        [72.7304, 19.6134],
        [72.73034, 19.61366],
        [72.7301, 19.6146],
        [72.7294, 19.616],
        [72.7288, 19.617],
        [72.7284, 19.6178],
        [72.7282, 19.6182],
        [72.72813, 19.61833],
        [72.728, 19.6186],
        [72.72763, 19.61962],
        [72.7276, 19.6197],
        [72.72721, 19.62058],
        [72.7272, 19.62064],
        [72.7272, 19.621],
        [72.7273, 19.6215],
        [72.72733, 19.62159],
        [72.7274, 19.6218],
        [72.72763, 19.62226],
        [72.7277, 19.6224],
        [72.7279, 19.623],
        [72.72792, 19.6231],
        [72.728, 19.6236],
        [72.728, 19.62372],
        [72.728, 19.6239],
        [72.7277, 19.6245],
        [72.72705, 19.62543],
        [72.72703, 19.62546],
        [72.72702, 19.62547],
        [72.727, 19.6255],
        [72.72688, 19.62564],
        [72.72643, 19.62618],
        [72.72631, 19.62637],
        [72.726, 19.627],
        [72.72558, 19.62776],
        [72.72553, 19.62786],
        [72.7255, 19.62809],
        [72.7255, 19.6285],
        [72.7255, 19.62862],
        [72.72553, 19.62871],
        [72.72554, 19.62872],
        [72.7257, 19.6288],
        [72.7259, 19.6287],
        [72.72607, 19.62856],
        [72.7264, 19.6283],
        [72.727, 19.6275],
        [72.72716, 19.62731],
        [72.7276, 19.6268],
        [72.72767, 19.62674],
        [72.7282, 19.6263],
        [72.7284, 19.6261],
        [72.7285, 19.626],
        [72.7287, 19.626],
        [72.72879, 19.62627],
        [72.72881, 19.62631],
        [72.72903, 19.62662],
        [72.7293, 19.6268],
        [72.7299, 19.627],
        [72.7307, 19.62727],
        [72.73078, 19.62729],
        [72.73104, 19.62733],
        [72.7317, 19.6274],
        [72.7325, 19.6275],
        [72.7334, 19.6274],
        [72.7345, 19.6272],
        [72.73503, 19.62714],
        [72.7354, 19.6271],
        [72.7359, 19.62692],
        [72.7365, 19.6267],
        [72.73692, 19.6266],
        [72.73728, 19.62647],
        [72.73748, 19.62644],
        [72.7376, 19.6264],
        [72.738, 19.6265],
        [72.73813, 19.62653],
        [72.73853, 19.62658],
        [72.73873, 19.62652],
        [72.7391, 19.6264],
        [72.7391, 19.6264],
        [72.7397, 19.626],
        [72.7401, 19.6254],
        [72.7403, 19.62486],
        [72.7404, 19.6246],
        [72.74045, 19.62447],
        [72.7406, 19.6241],
        [72.7406, 19.6235],
        [72.7405, 19.6231],
        [72.74049, 19.62308],
        [72.74047, 19.62306],
        [72.7402, 19.6226],
        [72.73999, 19.62239],
        [72.7398, 19.6222],
        [72.7398, 19.62205],
        [72.7398, 19.6217],
        [72.7398, 19.62151],
        [72.7398, 19.6214],
        [72.74, 19.6209],
        [72.7405, 19.6205],
        [72.7407, 19.62039],
        [72.7412, 19.6201],
        [72.7416, 19.6199],
        [72.7422, 19.6195],
        [72.7427, 19.6191],
        [72.74276, 19.61906],
        [72.7431, 19.6188],
        [72.74329, 19.61878],
        [72.7439, 19.6187],
        [72.7445, 19.6185],
        [72.74458, 19.61847],
        [72.7451, 19.6183],
        [72.74545, 19.61837],
        [72.7456, 19.6184],
        [72.7461, 19.6185],
        [72.74653, 19.61861],
        [72.7469, 19.6187],
        [72.7481, 19.619],
        [72.74895, 19.61912],
        [72.7495, 19.6192],
        [72.7501, 19.6192],
        [72.7503, 19.6193],
        [72.7507, 19.6198],
        [72.7509, 19.62],
        [72.75092, 19.62002],
        [72.7511, 19.6203],
        [72.75138, 19.62108],
        [72.75153, 19.62142],
        [72.75168, 19.62173],
        [72.752, 19.6223],
        [72.75209, 19.62257],
        [72.7521, 19.6226],
        [72.7525, 19.6232],
        [72.7526, 19.6236],
        [72.75267, 19.6238],
        [72.7527, 19.6239],
        [72.7527, 19.62405],
        [72.75271, 19.62411],
        [72.75271, 19.62411],
        [72.75282, 19.62422],
        [72.7531, 19.6245],
        [72.75362, 19.62502],
        [72.7537, 19.6251],
        [72.75371, 19.62512],
        [72.75372, 19.62513],
        [72.75374, 19.62518],
        [72.7538, 19.6253],
        [72.75379, 19.62531],
        [72.7538, 19.62533],
        [72.75372, 19.62548],
        [72.7537, 19.62549],
        [72.7537, 19.6255],
        [72.7536, 19.6256],
        [72.75356, 19.6256],
        [72.7533, 19.6256],
        [72.75325, 19.6256],
        [72.7527, 19.6256],
        [72.75263, 19.6256],
        [72.7526, 19.6256],
        [72.7525, 19.6258],
        [72.7525, 19.6259],
        [72.7527, 19.626],
        [72.75295, 19.626],
        [72.753, 19.626],
        [72.75302, 19.62601],
        [72.75304, 19.62601],
        [72.75319, 19.62607],
        [72.7538, 19.6263],
        [72.7538, 19.62635],
        [72.7538, 19.6264],
        [72.7538, 19.6266],
        [72.7537, 19.6267],
        [72.7536, 19.6268],
        [72.7534, 19.6269],
        [72.7533, 19.6269],
        [72.7525, 19.6267],
        [72.7521, 19.6266],
        [72.75202, 19.62664],
        [72.7519, 19.6267],
        [72.7518, 19.6268],
        [72.7518, 19.627],
        [72.75181, 19.62702],
        [72.752, 19.6273],
        [72.75202, 19.62734],
        [72.75212, 19.62746],
        [72.75214, 19.62755],
        [72.75214, 19.62761],
        [72.7521, 19.62769],
        [72.7521, 19.6278],
        [72.7521, 19.6279],
        [72.75225, 19.628],
        [72.75237, 19.62807],
        [72.75254, 19.62816],
        [72.75255, 19.62825],
        [72.7526, 19.6283],
        [72.7525, 19.6284],
        [72.75243, 19.6284],
        [72.7524, 19.6284],
        [72.7517, 19.6286],
        [72.7516, 19.6287],
        [72.7516, 19.6287],
        [72.7515, 19.6288],
        [72.7515, 19.629],
        [72.7515, 19.6296],
        [72.7515, 19.63],
        [72.75144, 19.63012],
        [72.7513, 19.6304],
        [72.7509, 19.631],
        [72.75052, 19.632],
        [72.7503, 19.6326],
        [72.75, 19.6337],
        [72.7498, 19.6344],
        [72.7497, 19.6348],
        [72.74945, 19.63521],
        [72.74943, 19.63526],
        [72.74936, 19.63544],
        [72.7493, 19.6357],
        [72.749, 19.6366],
        [72.74859, 19.63757],
        [72.74841, 19.63803],
        [72.74831, 19.63839],
        [72.748, 19.6397],
        [72.74774, 19.6403],
        [72.74772, 19.64037],
        [72.7477, 19.6405],
        [72.7477, 19.6408],
        [72.7477, 19.6416],
        [72.7477, 19.6428],
        [72.7476, 19.6439],
        [72.7476, 19.6446],
        [72.7476, 19.64472],
        [72.7476, 19.6452],
        [72.74768, 19.64554],
        [72.7478, 19.646],
        [72.74788, 19.6465],
        [72.7479, 19.6466],
        [72.7479, 19.6472],
        [72.7477, 19.6478],
        [72.7474, 19.6482],
        [72.7469, 19.6486],
        [72.7462, 19.6489],
        [72.7455, 19.6491],
        [72.74532, 19.64915],
        [72.7445, 19.6494],
        [72.7439, 19.6496],
        [72.7434, 19.6499],
        [72.7428, 19.6503],
        [72.7423, 19.6505],
        [72.74217, 19.6505],
        [72.7419, 19.6505],
        [72.7413, 19.6505],
        [72.7403, 19.6504],
        [72.7392, 19.6502],
        [72.73911, 19.65018],
        [72.7388, 19.6501],
        [72.73879, 19.65007],
        [72.73878, 19.65007],
        [72.73866, 19.64991],
        [72.73864, 19.64972],
        [72.7386, 19.6496],
        [72.7386, 19.6492],
        [72.7386, 19.64889],
        [72.7386, 19.6485],
        [72.7386, 19.648],
        [72.73844, 19.64784],
        [72.7384, 19.6478],
        [72.73828, 19.64768],
        [72.7381, 19.6475],
        [72.73784, 19.64746],
        [72.7375, 19.6474],
        [72.7369, 19.6472],
        [72.73655, 19.647],
        [72.7362, 19.6468],
        [72.7358, 19.6466],
        [72.7352, 19.6466],
        [72.7346, 19.6468],
        [72.73455, 19.64684],
        [72.7336, 19.6476],
        [72.7329, 19.6482],
        [72.7325, 19.6484],
        [72.7324, 19.64842],
        [72.7321, 19.6485],
        [72.7319, 19.6485],
        [72.73182, 19.64842],
        [72.7318, 19.6484],
        [72.7318, 19.64839],
        [72.73179, 19.64837],
        [72.7318, 19.64825],
        [72.7318, 19.648],
        [72.73186, 19.6477],
        [72.7319, 19.6475],
        [72.7318, 19.647],
        [72.73171, 19.64678],
        [72.7316, 19.6465],
        [72.7316, 19.6458],
        [72.7317, 19.64494],
        [72.7317, 19.6449],
        [72.7318, 19.6434],
        [72.7318, 19.64292],
        [72.7318, 19.6429],
        [72.7318, 19.6421],
        [72.7318, 19.6414],
        [72.7316, 19.6405],
        [72.7315, 19.6399],
        [72.73154, 19.63959],
        [72.7316, 19.6392],
        [72.73169, 19.63868],
        [72.7317, 19.6386],
        [72.73195, 19.63793],
        [72.732, 19.6378],
        [72.7325, 19.6367],
        [72.733, 19.6356],
        [72.7334, 19.6347],
        [72.73349, 19.63443],
        [72.7336, 19.6341],
        [72.73369, 19.63401],
        [72.7338, 19.6339],
        [72.7338, 19.6334],
        [72.73383, 19.63319],
        [72.7339, 19.6327],
        [72.7341, 19.6322],
        [72.73439, 19.63174],
        [72.7346, 19.6314],
        [72.7352, 19.6308],
        [72.7354, 19.6305],
        [72.7354, 19.63048],
        [72.7354, 19.6303],
        [72.7353, 19.6301],
        [72.7351, 19.6299],
        [72.7348, 19.6298],
        [72.73469, 19.62974],
        [72.7344, 19.6296],
        [72.7341, 19.6294],
        [72.73391, 19.62927],
        [72.7339, 19.62927],
        [72.73381, 19.6292],
        [72.7338, 19.6292],
        [72.7318, 19.6312],
        [72.73, 19.6329],
        [72.72993, 19.63296],
        [72.7295, 19.6333],
        [72.7289, 19.6334],
        [72.7283, 19.6334],
        [72.72763, 19.6334],
        [72.72746, 19.63341],
        [72.72723, 19.63345],
        [72.7265, 19.6336],
        [72.72645, 19.63362],
        [72.72603, 19.6338],
        [72.72596, 19.63391],
        [72.7259, 19.6341],
        [72.7258, 19.6345],
        [72.7257, 19.6352],
        [72.7255, 19.6361],
        [72.72524, 19.63662],
        [72.72514, 19.63686],
        [72.72507, 19.63694],
        [72.7247, 19.6374],
        [72.72455, 19.63755],
        [72.7243, 19.6378],
        [72.7242, 19.63815],
        [72.7241, 19.6385],
        [72.7237, 19.6393],
        [72.7231, 19.6403],
        [72.7225, 19.6411],
        [72.72203, 19.64149],
        [72.72193, 19.64159],
        [72.72178, 19.6417],
        [72.7213, 19.6421],
        [72.72101, 19.64217],
        [72.7205, 19.6423],
        [72.72037, 19.6425],
        [72.7203, 19.6426],
        [72.72026, 19.64273],
        [72.7202, 19.64292],
        [72.72019, 19.643],
        [72.7201, 19.6436],
        [72.7198, 19.6441],
        [72.7194, 19.64452],
        [72.71926, 19.64464],
        [72.7189, 19.645],
        [72.7184, 19.6452],
        [72.7178, 19.6453],
        [72.7174, 19.6455],
        [72.71703, 19.64569],
        [72.7168, 19.6458],
        [72.7163, 19.6461],
        [72.71602, 19.64619],
        [72.716, 19.6462],
        [72.7162, 19.6455],
        [72.7165, 19.6447],
        [72.7167, 19.6439],
        [72.7169, 19.643],
        [72.71699, 19.64273],
        [72.7172, 19.6421],
        [72.71739, 19.64153],
        [72.7174, 19.6415],
        [72.7177, 19.641],
        [72.7183, 19.6401],
        [72.7186, 19.6394],
        [72.7186, 19.6391],
        [72.7185, 19.6386],
        [72.7186, 19.6382],
        [72.7189, 19.6378],
        [72.71911, 19.63748],
        [72.7193, 19.6372],
        [72.7198, 19.6363],
        [72.72038, 19.63533],
        [72.7204, 19.6353],
        [72.72055, 19.63517],
        [72.721, 19.6348],
        [72.7214, 19.6347],
        [72.7217, 19.6347],
        [72.7221, 19.6347],
        [72.72224, 19.63461],
        [72.7224, 19.6345],
        [72.72261, 19.6344],
        [72.7228, 19.6343],
        [72.7234, 19.6338],
        [72.72366, 19.63336],
        [72.7237, 19.6333],
        [72.72378, 19.633],
        [72.72379, 19.63289],
        [72.72363, 19.63274],
        [72.72355, 19.63265],
        [72.7235, 19.6326],
        [72.72334, 19.63252],
        [72.72328, 19.63251],
        [72.72322, 19.63253],
        [72.723, 19.6326],
        [72.72291, 19.63278],
        [72.7228, 19.633],
        [72.7224, 19.6333],
        [72.72212, 19.63351],
        [72.72197, 19.63364],
        [72.72178, 19.63372],
        [72.72174, 19.6337],
        [72.7217, 19.6337],
        [72.72168, 19.63368],
        [72.72165, 19.63366],
        [72.72157, 19.6335],
        [72.7215, 19.6334],
        [72.7215, 19.6332],
        [72.72148, 19.63299],
        [72.72143, 19.63272],
        [72.7214, 19.6326],
        [72.72126, 19.63238],
        [72.72122, 19.63234],
        [72.72112, 19.6323],
        [72.721, 19.6323],
        [72.7205, 19.6323],
        [72.72, 19.6325],
        [72.7196, 19.63282],
        [72.71951, 19.6329],
        [72.71893, 19.63366],
        [72.7189, 19.6337],
        [72.7184, 19.6346],
        [72.7179, 19.6361],
        [72.71782, 19.63642],
        [72.7176, 19.6373],
        [72.71726, 19.63805],
        [72.71712, 19.63839],
        [72.71688, 19.63884],
        [72.7166, 19.6394],
        [72.71629, 19.63997],
        [72.7159, 19.6407],
        [72.71545, 19.64174],
        [72.7153, 19.6421],
        [72.7149, 19.643],
        [72.7142, 19.6447],
        [72.7136, 19.646],
        [72.71353, 19.6462],
        [72.7131, 19.6474],
        [72.7128, 19.6488],
        [72.7124, 19.6505],
        [72.71233, 19.65085],
        [72.7121, 19.6519],
        [72.712, 19.6532],
        [72.7119, 19.6539],
        [72.71182, 19.65408],
        [72.7116, 19.6546],
        [72.7115, 19.6553],
        [72.7115, 19.65553],
        [72.7115, 19.6558],
        [72.7115, 19.6563],
        [72.71151, 19.6564],
        [72.7116, 19.6573],
        [72.7117, 19.6583],
        [72.7117, 19.65919],
        [72.7117, 19.6594],
        [72.71168, 19.65959],
        [72.7116, 19.6602],
        [72.71166, 19.66095],
        [72.7117, 19.6614],
        [72.7116, 19.6627],
        [72.7115, 19.6641],
        [72.7115, 19.66441],
        [72.7115, 19.6648],
        [72.7116, 19.6657],
        [72.7118, 19.6664],
        [72.7121, 19.6671],
        [72.71237, 19.66746],
        [72.7124, 19.6675],
        [72.7129, 19.6685],
        [72.71306, 19.66881],
        [72.71314, 19.66894],
        [72.7134, 19.6692],
        [72.7137, 19.6693],
        [72.71398, 19.6693],
        [72.71408, 19.66926],
        [72.71407, 19.6693],
        [72.7141, 19.6693],
        [72.7139, 19.6698],
        [72.71389, 19.66981],
        [72.71388, 19.66983],
        [72.71387, 19.66983],
        [72.7138, 19.6699],
        [72.7135, 19.6699],
        [72.7131, 19.6698],
        [72.71262, 19.66964],
        [72.71251, 19.66961],
        [72.71183, 19.66942],
        [72.71156, 19.6694],
        [72.7112, 19.6694],
        [72.7107, 19.6695],
        [72.7102, 19.6699],
        [72.7095, 19.6707],
        [72.7086, 19.6718],
        [72.708, 19.6729],
        [72.70796, 19.67299],
        [72.7077, 19.6735],
        [72.7076, 19.6746],
        [72.70758, 19.67483],
        [72.7075, 19.6761],
        [72.7074, 19.6776],
        [72.707, 19.6791],
        [72.70687, 19.67962],
        [72.70681, 19.67992],
        [72.7068, 19.68011],
        [72.7068, 19.6807],
        [72.7068, 19.68102],
        [72.70682, 19.68125],
        [72.70693, 19.68164],
        [72.7071, 19.6821],
        [72.70717, 19.68272],
        [72.7072, 19.683],
        [72.7072, 19.6836],
        [72.7072, 19.6846],
        [72.70721, 19.68467],
        [72.7074, 19.6855],
        [72.70744, 19.68568],
        [72.7075, 19.686],
        [72.70776, 19.6867],
        [72.7078, 19.6868],
        [72.7082, 19.68769],
        [72.7082, 19.6877],
        [72.7086, 19.6885],
        [72.70886, 19.68902],
        [72.709, 19.6893],
        [72.70913, 19.68965],
        [72.7094, 19.6904],
        [72.70955, 19.6907],
        [72.7097, 19.691],
        [72.7101, 19.6915],
        [72.7104, 19.6917],
        [72.7109, 19.6918],
        [72.71102, 19.6918],
        [72.71118, 19.69179],
        [72.71144, 19.69164],
        [72.7115, 19.6916],
        [72.71162, 19.69148],
        [72.71172, 19.69137],
        [72.7119, 19.6911],
        [72.7119, 19.6909],
        [72.7118, 19.6906],
        [72.71167, 19.69034],
        [72.7115, 19.69],
        [72.711, 19.6893],
        [72.71021, 19.68821],
        [72.7102, 19.6882],
        [72.7099, 19.6878],
        [72.7099, 19.68761],
        [72.70987, 19.68743],
        [72.7099, 19.68724],
        [72.7099, 19.6871],
        [72.70993, 19.68706],
        [72.70993, 19.68705],
        [72.70995, 19.68702],
        [72.7101, 19.6868],
        [72.71026, 19.68675],
        [72.7104, 19.6867],
        [72.7108, 19.6865],
        [72.71091, 19.68634],
        [72.711, 19.6862],
        [72.7111, 19.68605],
        [72.7112, 19.6859],
        [72.7111, 19.6855],
        [72.71105, 19.68539],
        [72.7109, 19.6851],
        [72.7109, 19.68484],
        [72.7109, 19.6846],
        [72.7109, 19.68432],
        [72.7109, 19.6843],
        [72.7109, 19.6843],
        [72.71091, 19.68425],
        [72.71111, 19.68407],
        [72.71129, 19.684],
        [72.7113, 19.684],
        [72.71131, 19.684],
        [72.7118, 19.6839],
        [72.7123, 19.6839],
        [72.7129, 19.684],
        [72.71329, 19.68404],
        [72.7138, 19.6841],
        [72.71397, 19.6841],
        [72.71431, 19.68407],
        [72.71463, 19.68397],
        [72.7148, 19.6839],
        [72.7151, 19.6839],
        [72.7154, 19.684],
        [72.7155, 19.6841],
        [72.7154, 19.6843],
        [72.7154, 19.6845],
        [72.7154, 19.68481],
        [72.7154, 19.6849],
        [72.7154, 19.6857],
        [72.7154, 19.68597],
        [72.7154, 19.6861],
        [72.7152, 19.6863],
        [72.715, 19.6863],
        [72.71471, 19.68625],
        [72.7144, 19.6862],
        [72.7139, 19.686],
        [72.7133, 19.6856],
        [72.713, 19.6855],
        [72.71291, 19.68555],
        [72.7128, 19.6856],
        [72.7125, 19.6858],
        [72.7121, 19.6862],
        [72.7117, 19.6865],
        [72.7115, 19.6868],
        [72.7114, 19.687],
        [72.71133, 19.68721],
        [72.7113, 19.68746],
        [72.7113, 19.6876],
        [72.7113, 19.6879],
        [72.71131, 19.68801],
        [72.71146, 19.68828],
        [72.71171, 19.68868],
        [72.71185, 19.68893],
        [72.7121, 19.6893],
        [72.7121, 19.68948],
        [72.7121, 19.6896],
        [72.7121, 19.6902],
        [72.71219, 19.69032],
        [72.7124, 19.6906],
        [72.7126, 19.6911],
        [72.7126, 19.6916],
        [72.71258, 19.69174],
        [72.7125, 19.6924],
        [72.71259, 19.69272],
        [72.7127, 19.6931],
        [72.71287, 19.69344],
        [72.7129, 19.6935],
        [72.7132, 19.6942],
        [72.71344, 19.6946],
        [72.7135, 19.6947],
        [72.7135, 19.69476],
        [72.7135, 19.695],
        [72.7134, 19.6952],
        [72.7131, 19.6953],
        [72.71285, 19.69546],
        [72.71284, 19.69548],
        [72.71282, 19.69549],
        [72.71274, 19.69567],
        [72.71275, 19.69585],
        [72.7128, 19.696],
        [72.7128, 19.69632],
        [72.71282, 19.69646],
        [72.71281, 19.69685],
        [72.7128, 19.6969],
        [72.7128, 19.6972],
        [72.7126, 19.6974],
        [72.71256, 19.69736],
        [72.71247, 19.69734],
        [72.71236, 19.69716],
        [72.7123, 19.6971],
        [72.7122, 19.6967],
        [72.7122, 19.6963],
        [72.7121, 19.696],
        [72.7119, 19.6958],
        [72.71183, 19.69576],
        [72.7117, 19.69574],
        [72.71153, 19.69581],
        [72.7114, 19.6959],
        [72.71135, 19.69598],
        [72.7112, 19.6962],
        [72.71117, 19.69678],
        [72.7111, 19.6979],
        [72.7108, 19.7006],
        [72.71064, 19.70155],
        [72.7103, 19.7036],
        [72.71015, 19.70466],
        [72.7101, 19.705],
        [72.7096, 19.7068],
        [72.70957, 19.70689],
        [72.7091, 19.7083],
        [72.7084, 19.7101],
        [72.7079, 19.7111],
        [72.7073, 19.712],
        [72.70652, 19.71317],
        [72.7065, 19.7132],
        [72.70646, 19.71325],
        [72.7058, 19.7141],
        [72.7054, 19.71467],
        [72.7051, 19.7151],
        [72.7042, 19.7165],
        [72.7038, 19.71696],
        [72.70362, 19.7172],
        [72.70332, 19.71755],
        [72.7028, 19.7182],
        [72.70191, 19.71921],
        [72.7013, 19.7199],
        [72.6999, 19.7213],
        [72.6991, 19.722],
        [72.6979, 19.723],
        [72.6968, 19.7239],
        [72.6958, 19.7249],
        [72.6955, 19.72531],
        [72.6953, 19.7256],
        [72.6949, 19.7264],
        [72.6947, 19.727],
        [72.6947, 19.7273],
        [72.69477, 19.72744],
        [72.69479, 19.72747],
        [72.69495, 19.72755],
        [72.6951, 19.7276],
        [72.6955, 19.72768],
        [72.6956, 19.7277],
        [72.696, 19.7277],
        [72.6963, 19.7276],
        [72.6965, 19.7274],
        [72.69651, 19.72737],
        [72.69651, 19.72735],
        [72.69656, 19.72703],
        [72.6966, 19.72696],
        [72.6966, 19.7269],
        [72.69663, 19.7269],
        [72.69664, 19.72689],
        [72.69679, 19.7269],
        [72.6968, 19.7269],
        [72.697, 19.7271],
        [72.6972, 19.7272],
        [72.6975, 19.7273],
        [72.69772, 19.72735],
        [72.69788, 19.72737],
        [72.69807, 19.72736],
        [72.6983, 19.7273],
        [72.6988, 19.7272],
        [72.699, 19.7271],
        [72.69904, 19.72706],
        [72.69909, 19.72697],
        [72.69903, 19.7268],
        [72.69898, 19.72668],
        [72.69888, 19.72652],
        [72.6988, 19.7264],
        [72.6988, 19.72639],
        [72.69878, 19.72636],
        [72.6988, 19.72632],
        [72.6988, 19.7262],
        [72.69888, 19.7262],
        [72.69898, 19.72616],
        [72.69909, 19.7262],
        [72.6991, 19.7262],
        [72.6991, 19.7262],
        [72.6994, 19.7265],
        [72.6997, 19.7268],
        [72.7, 19.7269],
        [72.70003, 19.7269],
        [72.7003, 19.7269],
        [72.70066, 19.72699],
        [72.7007, 19.727],
        [72.7015, 19.727],
        [72.702, 19.727],
        [72.70215, 19.727],
        [72.7027, 19.727],
        [72.70315, 19.72705],
        [72.7036, 19.7271],
        [72.7041, 19.7271],
        [72.7042, 19.7271],
        [72.7042, 19.72711],
        [72.70417, 19.72965],
        [72.70415, 19.7316],
        [72.7041, 19.736],
        [72.70408, 19.73602],
        [72.704, 19.7361],
        [72.70355, 19.73623],
        [72.7033, 19.7363],
        [72.70273, 19.73662],
        [72.7024, 19.7368],
        [72.70203, 19.73685],
        [72.7016, 19.7369],
        [72.70111, 19.73704],
        [72.7009, 19.7371],
        [72.6999, 19.7372],
        [72.69926, 19.73715],
        [72.69872, 19.73712],
        [72.69838, 19.7371],
        [72.6977, 19.7371],
        [72.69675, 19.73683],
        [72.6963, 19.73672],
        [72.6959, 19.73666],
        [72.6952, 19.7366],
        [72.6943, 19.7364],
        [72.69396, 19.73646],
        [72.6937, 19.7365],
        [72.6931, 19.7368],
        [72.69307, 19.73683],
        [72.6923, 19.7376],
        [72.6913, 19.7386],
        [72.69086, 19.73925],
        [72.6905, 19.7398],
        [72.69006, 19.74063],
        [72.6898, 19.7411],
        [72.68963, 19.74157],
        [72.6891, 19.743],
        [72.6885, 19.7448],
        [72.68794, 19.74604],
        [72.6875, 19.747],
        [72.68722, 19.74773],
        [72.687, 19.7483],
        [72.6868, 19.7495],
        [72.6867, 19.7507],
        [72.6867, 19.751],
        [72.68662, 19.75123],
        [72.68662, 19.75125],
        [72.6866, 19.75147],
        [72.6866, 19.7516],
        [72.6865, 19.7519],
        [72.68639, 19.75218],
        [72.6863, 19.7524],
        [72.6861, 19.7533],
        [72.68605, 19.75378],
        [72.686, 19.7543],
        [72.68593, 19.75466],
        [72.68591, 19.75484],
        [72.6859, 19.75497],
        [72.6859, 19.7555],
        [72.6858, 19.7559],
        [72.68578, 19.75596],
        [72.6857, 19.7562],
        [72.6856, 19.7565],
        [72.68553, 19.7567],
        [72.6854, 19.7571],
        [72.68525, 19.75763],
        [72.6852, 19.7578],
        [72.6851, 19.7586],
        [72.68513, 19.75884],
        [72.6852, 19.7593],
        [72.6853, 19.7599],
        [72.68536, 19.76025],
        [72.6854, 19.7605],
        [72.6856, 19.761],
        [72.68569, 19.76109],
        [72.6858, 19.7612],
        [72.6859, 19.76141],
        [72.68603, 19.76159],
        [72.68619, 19.76188],
        [72.6862, 19.7619],
        [72.6862, 19.7619],
        [72.6864, 19.7623],
        [72.6868, 19.7629],
        [72.68687, 19.7631],
        [72.68689, 19.76316],
        [72.68689, 19.76318],
        [72.6869, 19.7632],
        [72.6869, 19.76322],
        [72.6869, 19.7634],
        [72.6869, 19.7637],
        [72.687, 19.7642],
        [72.68715, 19.76464],
        [72.6872, 19.7648],
        [72.68723, 19.76498],
        [72.6873, 19.7654],
        [72.68742, 19.7657],
        [72.6875, 19.7659],
        [72.68761, 19.76624],
        [72.68771, 19.76648],
        [72.68773, 19.76662],
        [72.6878, 19.7669],
        [72.68789, 19.76726],
        [72.68791, 19.76732],
        [72.6881, 19.7677],
        [72.68815, 19.76795],
        [72.68822, 19.76818],
        [72.68824, 19.76831],
        [72.6883, 19.7685],
        [72.6884, 19.769],
        [72.6885, 19.7694],
        [72.6885, 19.77],
        [72.6885, 19.7705],
        [72.6885, 19.771],
        [72.6886, 19.7713],
        [72.6887, 19.7717],
        [72.6887, 19.77178],
        [72.6887, 19.772],
        [72.6887, 19.7725],
        [72.6887, 19.77271],
        [72.6887, 19.7731],
        [72.68865, 19.7734],
        [72.6886, 19.7737],
        [72.6886, 19.77397],
        [72.6886, 19.7741],
        [72.6884, 19.7748],
        [72.68823, 19.77531],
        [72.68821, 19.77539],
        [72.6882, 19.77549],
        [72.6882, 19.7759],
        [72.688, 19.7766],
        [72.6879, 19.7771],
        [72.6878, 19.7775],
        [72.6876, 19.7782],
        [72.6875, 19.7789],
        [72.6874, 19.7795],
        [72.6873, 19.78],
        [72.68725, 19.78025],
        [72.6872, 19.7805],
        [72.6872, 19.7814],
        [72.68724, 19.78176],
        [72.6873, 19.7822],
        [72.6873, 19.78282],
        [72.68731, 19.78304],
        [72.68732, 19.78318],
        [72.6874, 19.7838],
        [72.6875, 19.7845],
        [72.6876, 19.7849],
        [72.6877, 19.7854],
        [72.6877, 19.78568],
        [72.6877, 19.7857],
        [72.6877, 19.786],
        [72.6878, 19.7866],
        [72.688, 19.7875],
        [72.68805, 19.78775],
        [72.68811, 19.78796],
        [72.68816, 19.78818],
        [72.6883, 19.7886],
        [72.6885, 19.7894],
        [72.68856, 19.78979],
        [72.68862, 19.79006],
        [72.6887, 19.79025],
        [72.6888, 19.7904],
        [72.6889, 19.79065],
        [72.68902, 19.79086],
        [72.68917, 19.79107],
        [72.6893, 19.7912],
        [72.6897, 19.7917],
        [72.68986, 19.79202],
        [72.6899, 19.7921],
        [72.6902, 19.7925],
        [72.6904, 19.7927],
        [72.6906, 19.7929],
        [72.6908, 19.7932],
        [72.691, 19.7937],
        [72.69113, 19.79397],
        [72.69124, 19.79415],
        [72.69131, 19.79438],
        [72.6913, 19.79458],
        [72.6913, 19.7946],
        [72.6913, 19.795],
        [72.6913, 19.7955],
        [72.6913, 19.7955],
        [72.68974, 19.7968],
        [72.6883, 19.798],
        [72.6883, 19.79795],
        [72.6883, 19.7974],
        [72.6883, 19.79703],
        [72.6883, 19.7967],
        [72.68825, 19.79645],
        [72.6882, 19.7962],
        [72.6881, 19.796],
        [72.6879, 19.7959],
        [72.6877, 19.7959],
        [72.6876, 19.7959],
        [72.68755, 19.79595],
        [72.6875, 19.796],
        [72.68736, 19.79607],
        [72.6873, 19.79613],
        [72.68712, 19.7964],
        [72.68706, 19.79653],
        [72.687, 19.7967],
        [72.6868, 19.7971],
        [72.68672, 19.79727],
        [72.68663, 19.79751],
        [72.68652, 19.79784],
        [72.6865, 19.7979],
        [72.68644, 19.79814],
        [72.6864, 19.79834],
        [72.68637, 19.79847],
        [72.6863, 19.7988],
        [72.68625, 19.79906],
        [72.68622, 19.79934],
        [72.68611, 19.79977],
        [72.6861, 19.7998],
        [72.68609, 19.79983],
        [72.686, 19.8001],
        [72.6859, 19.8005],
        [72.6857, 19.8009],
        [72.6856, 19.8011],
        [72.6855, 19.8013],
        [72.68546, 19.80141],
        [72.6854, 19.8016],
        [72.68523, 19.80177],
        [72.68515, 19.80189],
        [72.68503, 19.80217],
        [72.685, 19.8023],
        [72.68494, 19.80243],
        [72.6848, 19.8027],
        [72.6845, 19.8034],
        [72.68446, 19.80349],
        [72.6843, 19.8039],
        [72.684, 19.8044],
        [72.6837, 19.8049],
        [72.6834, 19.8054],
        [72.68329, 19.80562],
        [72.6832, 19.80582],
        [72.68302, 19.8061],
        [72.68296, 19.80616],
        [72.6828, 19.8064],
        [72.6825, 19.8067],
        [72.68241, 19.80679],
        [72.68233, 19.8069],
        [72.68221, 19.80708],
        [72.6821, 19.8073],
        [72.6818, 19.8076],
        [72.68176, 19.80764],
        [72.68163, 19.8078],
        [72.6815, 19.8081],
        [72.6813, 19.8084],
        [72.6812, 19.8086],
        [72.68118, 19.80863],
        [72.681, 19.8089],
        [72.6808, 19.8094],
        [72.6805, 19.8098],
        [72.68048, 19.80982],
        [72.6802, 19.8101],
        [72.68005, 19.81048],
        [72.68, 19.8106],
        [72.6798, 19.8109],
        [72.67953, 19.81124],
        [72.67939, 19.81145],
        [72.67932, 19.81156],
        [72.6791, 19.812],
        [72.67883, 19.81218],
        [72.6788, 19.81221],
        [72.67875, 19.81226],
        [72.6784, 19.8127],
        [72.6781, 19.813],
        [72.6776, 19.8134],
        [72.67715, 19.81376],
        [72.67709, 19.81381],
        [72.6767, 19.8143],
        [72.67633, 19.81467],
        [72.67611, 19.81499],
        [72.67609, 19.81504],
        [72.676, 19.8154],
        [72.6759, 19.8158],
        [72.6759, 19.8163],
        [72.67594, 19.81642],
        [72.67602, 19.81658],
        [72.67613, 19.8168],
        [72.6762, 19.8169],
        [72.6765, 19.8173],
        [72.6767, 19.8176],
        [72.67681, 19.81776],
        [72.6771, 19.8182],
        [72.67722, 19.81826]
      ]
    ]
  }
}
