{
  "type": "Feature",
  "id": "MH-AC-193",
  "properties": {
    "stateName": "MAHARASHTRA",
    "stateCode": "MH",
    "districtName": "RAIGARH",
    "acNo": 193,
    "acName": "SHRIVARDHAN",
    "seatType": null,
    "pcNo": null,
    "pcName": null,
    "quality": "unverified",
    "sources": [
      "TBD"
    ]
  },
  "geometry": {
    "type": "Polygon",
    "coordinates": [
      [
        [72.9697, 18.2042],
        [72.9691, 18.2045],
        [72.9684, 18.2049],
        [72.96827, 18.20506],
        [72.96799, 18.20544],
        [72.96788, 18.20564],
        [72.9676, 18.2062],
        [72.96733, 18.20681],
        [72.96722, 18.20709],
        [72.96705, 18.20749],
        [72.9667, 18.2084],
        [72.96646, 18.20879],
        [72.9662, 18.2092],
        [72.9655, 18.2104],
        [72.96534, 18.21059],
        [72.965, 18.211],
        [72.9647, 18.21112],
        [72.96446, 18.21124],
        [72.96413, 18.2113],
        [72.9641, 18.2113],
        [72.9641, 18.2113],
        [72.9635, 18.2113],
        [72.963, 18.2115],
        [72.9627, 18.2118],
        [72.9624, 18.2125],
        [72.9621, 18.2129],
        [72.9616, 18.2134],
        [72.96106, 18.21383],
        [72.9606, 18.2142],
        [72.96009, 18.21488],
        [72.9597, 18.2154],
        [72.9589, 18.2163],
        [72.9581, 18.2172],
        [72.95806, 18.21724],
        [72.9578, 18.2175],
        [72.9575, 18.2179],
        [72.95746, 18.21794],
        [72.9573, 18.2181],
        [72.95705, 18.21818],
        [72.95695, 18.21823],
        [72.95682, 18.21829],
        [72.9566, 18.2184],
        [72.95647, 18.21845],
        [72.9561, 18.2186],
        [72.9557, 18.2187],
        [72.95534, 18.21879],
        [72.9553, 18.2188],
        [72.95512, 18.21884],
        [72.95489, 18.21891],
        [72.95467, 18.21894],
        [72.9545, 18.2189],
        [72.9543, 18.2189],
        [72.95411, 18.21876],
        [72.9539, 18.2186],
        [72.95344, 18.21837],
        [72.9533, 18.2183],
        [72.95322, 18.21824],
        [72.9529, 18.218],
        [72.95264, 18.21793],
        [72.9525, 18.2179],
        [72.95231, 18.21784],
        [72.95217, 18.21781],
        [72.9519, 18.2179],
        [72.9518, 18.218],
        [72.95175, 18.2181],
        [72.95173, 18.21822],
        [72.9518, 18.21848],
        [72.95187, 18.21872],
        [72.9519, 18.2188],
        [72.9519, 18.21881],
        [72.95191, 18.21884],
        [72.9519, 18.21895],
        [72.9519, 18.2192],
        [72.9518, 18.2193],
        [72.95177, 18.21931],
        [72.95176, 18.21933],
        [72.95168, 18.21936],
        [72.9516, 18.2194],
        [72.95142, 18.2194],
        [72.95138, 18.21941],
        [72.9511, 18.2195],
        [72.95085, 18.21956],
        [72.9507, 18.2196],
        [72.9503, 18.2199],
        [72.95002, 18.22018],
        [72.95, 18.2202],
        [72.9497, 18.2204],
        [72.9493, 18.2206],
        [72.94916, 18.22067],
        [72.9489, 18.2208],
        [72.94843, 18.22117],
        [72.9484, 18.2212],
        [72.948, 18.2214],
        [72.9464, 18.222],
        [72.946, 18.2222],
        [72.94594, 18.22226],
        [72.94581, 18.22242],
        [72.94571, 18.22271],
        [72.9457, 18.22277],
        [72.9457, 18.2229],
        [72.94567, 18.22293],
        [72.94567, 18.22294],
        [72.94562, 18.22298],
        [72.9456, 18.223],
        [72.94559, 18.223],
        [72.94558, 18.22301],
        [72.94545, 18.22305],
        [72.94533, 18.22302],
        [72.9453, 18.223],
        [72.9452, 18.223],
        [72.9451, 18.2228],
        [72.94504, 18.22268],
        [72.945, 18.2226],
        [72.9449, 18.2225],
        [72.94473, 18.22242],
        [72.9447, 18.2224],
        [72.9447, 18.22233],
        [72.9447, 18.2223],
        [72.9447, 18.2222],
        [72.94472, 18.22216],
        [72.94472, 18.22215],
        [72.94474, 18.22213],
        [72.9448, 18.222],
        [72.94484, 18.22192],
        [72.94486, 18.22184],
        [72.94482, 18.22164],
        [72.94465, 18.2215],
        [72.94457, 18.22146],
        [72.9444, 18.2214],
        [72.94402, 18.22121],
        [72.9439, 18.2212],
        [72.9437, 18.2212],
        [72.9433, 18.2213],
        [72.9431, 18.2213],
        [72.94295, 18.22123],
        [72.94291, 18.22121],
        [72.9429, 18.2212],
        [72.9429, 18.2212],
        [72.9428, 18.2211],
        [72.9428, 18.22106],
        [72.94278, 18.22093],
        [72.9428, 18.22069],
        [72.94281, 18.22067],
        [72.9429, 18.2204],
        [72.94312, 18.22018],
        [72.9432, 18.2201],
        [72.9432, 18.2199],
        [72.9431, 18.2196],
        [72.9428, 18.2193],
        [72.9424, 18.2191],
        [72.9421, 18.21903],
        [72.942, 18.219],
        [72.94184, 18.21897],
        [72.9415, 18.21893],
        [72.94133, 18.2189],
        [72.9412, 18.2189],
        [72.9408, 18.2188],
        [72.93997, 18.21844],
        [72.9392, 18.2181],
        [72.9387, 18.218],
        [72.93851, 18.21795],
        [72.9383, 18.2179],
        [72.93823, 18.21776],
        [72.9382, 18.2177],
        [72.9382, 18.2175],
        [72.9382, 18.2174],
        [72.9383, 18.2173],
        [72.93858, 18.21689],
        [72.9387, 18.2167],
        [72.9389, 18.2164],
        [72.93893, 18.21633],
        [72.939, 18.2162],
        [72.9389, 18.2159],
        [72.9388, 18.2157],
        [72.93865, 18.2157],
        [72.9386, 18.2157],
        [72.93843, 18.21565],
        [72.93831, 18.21563],
        [72.93798, 18.21572],
        [72.93789, 18.21574],
        [72.9375, 18.2159],
        [72.9366, 18.2161],
        [72.9356, 18.21641],
        [72.935, 18.2166],
        [72.934, 18.2169],
        [72.93375, 18.21703],
        [72.9332, 18.2173],
        [72.9327, 18.2176],
        [72.93259, 18.21771],
        [72.9324, 18.2179],
        [72.93221, 18.21847],
        [72.9322, 18.2185],
        [72.932, 18.2192],
        [72.9319, 18.2197],
        [72.93196, 18.22003],
        [72.932, 18.2203],
        [72.932, 18.221],
        [72.9321, 18.2215],
        [72.9321, 18.22169],
        [72.93212, 18.22178],
        [72.93225, 18.22202],
        [72.9323, 18.2221],
        [72.93245, 18.22225],
        [72.93251, 18.2223],
        [72.9328, 18.2224],
        [72.9333, 18.2224],
        [72.93366, 18.22247],
        [72.93375, 18.22248],
        [72.93377, 18.22249],
        [72.9338, 18.2225],
        [72.93384, 18.22254],
        [72.934, 18.22265],
        [72.93413, 18.2229],
        [72.9342, 18.223],
        [72.9343, 18.2235],
        [72.9345, 18.2242],
        [72.93456, 18.22449],
        [72.9346, 18.2247],
        [72.9348, 18.2253],
        [72.9349, 18.2258],
        [72.93492, 18.22588],
        [72.935, 18.2262],
        [72.93506, 18.22649],
        [72.93512, 18.2267],
        [72.9352, 18.22685],
        [72.9353, 18.227],
        [72.9356, 18.2272],
        [72.936, 18.2275],
        [72.9365, 18.22784],
        [72.9366, 18.2279],
        [72.9374, 18.2284],
        [72.9378, 18.2287],
        [72.938, 18.2292],
        [72.9381, 18.2295],
        [72.9381, 18.2299],
        [72.9381, 18.2301],
        [72.9381, 18.2305],
        [72.93814, 18.23063],
        [72.9382, 18.2308],
        [72.93829, 18.23098],
        [72.93849, 18.23108],
        [72.93874, 18.2311],
        [72.939, 18.2311],
        [72.93924, 18.23098],
        [72.9394, 18.2309],
        [72.9396, 18.2309],
        [72.93977, 18.23087],
        [72.93998, 18.2309],
        [72.9401, 18.2309],
        [72.9403, 18.231],
        [72.94046, 18.23122],
        [72.9406, 18.23135],
        [72.94074, 18.23154],
        [72.9408, 18.2316],
        [72.9409, 18.2318],
        [72.941, 18.232],
        [72.9411, 18.2321],
        [72.9417, 18.2324],
        [72.942, 18.2327],
        [72.9421, 18.2329],
        [72.9421, 18.23303],
        [72.9421, 18.2332],
        [72.9421, 18.2334],
        [72.942, 18.234],
        [72.942, 18.2344],
        [72.9421, 18.235],
        [72.9422, 18.2352],
        [72.9423, 18.2354],
        [72.9424, 18.236],
        [72.9423, 18.2364],
        [72.9421, 18.2368],
        [72.9418, 18.2372],
        [72.9415, 18.2376],
        [72.94117, 18.23818],
        [72.94112, 18.23827],
        [72.94101, 18.23849],
        [72.9409, 18.2387],
        [72.94086, 18.23882],
        [72.9407, 18.2393],
        [72.9407, 18.2399],
        [72.9408, 18.2405],
        [72.9409, 18.241],
        [72.9411, 18.2414],
        [72.9413, 18.2418],
        [72.94136, 18.24188],
        [72.9416, 18.2422],
        [72.94164, 18.24228],
        [72.9418, 18.2426],
        [72.942, 18.243],
        [72.9421, 18.2434],
        [72.9423, 18.244],
        [72.94231, 18.24405],
        [72.9424, 18.2444],
        [72.94244, 18.24458],
        [72.94252, 18.24487],
        [72.94262, 18.24511],
        [72.94268, 18.24518],
        [72.9429, 18.2454],
        [72.9431, 18.2456],
        [72.9431, 18.24568],
        [72.94312, 18.24575],
        [72.9431, 18.24587],
        [72.9431, 18.246],
        [72.943, 18.2462],
        [72.9428, 18.2466],
        [72.94261, 18.24689],
        [72.94251, 18.24724],
        [72.94245, 18.24746],
        [72.9424, 18.2477],
        [72.94236, 18.24786],
        [72.94233, 18.2481],
        [72.9423, 18.24841],
        [72.9423, 18.2485],
        [72.9423, 18.24864],
        [72.94231, 18.24877],
        [72.94231, 18.24925],
        [72.94231, 18.24962],
        [72.94232, 18.24969],
        [72.9424, 18.2501],
        [72.9424, 18.25033],
        [72.94244, 18.25058],
        [72.94249, 18.25078],
        [72.9425, 18.2508],
        [72.9425, 18.2511],
        [72.94244, 18.25128],
        [72.94241, 18.25142],
        [72.94232, 18.25163],
        [72.9423, 18.2517],
        [72.9422, 18.252],
        [72.9421, 18.2521],
        [72.942, 18.2524],
        [72.9419, 18.2527],
        [72.9419, 18.253],
        [72.94184, 18.25319],
        [72.94183, 18.25327],
        [72.9418, 18.25362],
        [72.9418, 18.2539],
        [72.9418, 18.2542],
        [72.94175, 18.25431],
        [72.94173, 18.25443],
        [72.9417, 18.25455],
        [72.9417, 18.2547],
        [72.9415, 18.2552],
        [72.94142, 18.25536],
        [72.9413, 18.2556],
        [72.9412, 18.2558],
        [72.9411, 18.2559],
        [72.94094, 18.25623],
        [72.9409, 18.2563],
        [72.9408, 18.2566],
        [72.94068, 18.25672],
        [72.9406, 18.2568],
        [72.9405, 18.2571],
        [72.9404, 18.2573],
        [72.9404, 18.25745],
        [72.9404, 18.2576],
        [72.9404, 18.2577],
        [72.94027, 18.25789],
        [72.9402, 18.258],
        [72.9401, 18.2582],
        [72.94, 18.2584],
        [72.93994, 18.25853],
        [72.9399, 18.2586],
        [72.9398, 18.2589],
        [72.9397, 18.2591],
        [72.9396, 18.2596],
        [72.93952, 18.25984],
        [72.93951, 18.2599],
        [72.93951, 18.2602],
        [72.93952, 18.26022],
        [72.9396, 18.2603],
        [72.9396, 18.2605],
        [72.93969, 18.26096],
        [72.9397, 18.26099],
        [72.93972, 18.26118],
        [72.93978, 18.26145],
        [72.9398, 18.2615],
        [72.9398, 18.26152],
        [72.93983, 18.2618],
        [72.93984, 18.26187],
        [72.9399, 18.262],
        [72.93984, 18.26228],
        [72.9398, 18.2625],
        [72.9398, 18.2627],
        [72.9397, 18.2632],
        [72.9397, 18.2634],
        [72.9397, 18.2635],
        [72.93965, 18.2636],
        [72.93961, 18.26371],
        [72.9396, 18.26385],
        [72.9396, 18.2641],
        [72.93956, 18.26421],
        [72.93952, 18.26445],
        [72.9395, 18.26457],
        [72.9395, 18.2646],
        [72.93949, 18.26462],
        [72.93949, 18.26463],
        [72.93921, 18.26528],
        [72.9392, 18.2653],
        [72.93901, 18.26568],
        [72.939, 18.2657],
        [72.9388, 18.266],
        [72.9386, 18.2663],
        [72.9385, 18.2665],
        [72.9383, 18.2669],
        [72.9382, 18.2672],
        [72.93817, 18.26728],
        [72.93812, 18.26754],
        [72.93812, 18.26766],
        [72.93814, 18.26781],
        [72.9382, 18.268],
        [72.9382, 18.2682],
        [72.9382, 18.2686],
        [72.93812, 18.26891],
        [72.93811, 18.26899],
        [72.93802, 18.26926],
        [72.93801, 18.26928],
        [72.938, 18.2693],
        [72.9379, 18.2695],
        [72.9377, 18.2697],
        [72.9373, 18.2702],
        [72.9372, 18.2703],
        [72.9371, 18.2704],
        [72.9369, 18.2707],
        [72.93662, 18.27108],
        [72.9366, 18.2711],
        [72.9363, 18.2715],
        [72.9358, 18.2718],
        [72.9356, 18.2719],
        [72.9355, 18.272],
        [72.93544, 18.27206],
        [72.9354, 18.27211],
        [72.9353, 18.2724],
        [72.93523, 18.27247],
        [72.9352, 18.27255],
        [72.9352, 18.2727],
        [72.9353, 18.2729],
        [72.9354, 18.273],
        [72.9355, 18.2731],
        [72.93553, 18.27313],
        [72.9356, 18.2732],
        [72.9356, 18.27327],
        [72.93562, 18.27333],
        [72.93562, 18.27335],
        [72.9357, 18.2735],
        [72.9357, 18.2736],
        [72.9357, 18.2738],
        [72.9357, 18.27382],
        [72.93573, 18.2739],
        [72.93578, 18.27398],
        [72.9358, 18.274],
        [72.9359, 18.2741],
        [72.936, 18.2742],
        [72.93604, 18.27424],
        [72.93612, 18.2743],
        [72.93622, 18.27436],
        [72.93631, 18.2744],
        [72.9364, 18.2744],
        [72.93646, 18.27446],
        [72.9365, 18.2745],
        [72.9368, 18.2745],
        [72.937, 18.2745],
        [72.93703, 18.2745],
        [72.9371, 18.2745],
        [72.93713, 18.27453],
        [72.9372, 18.2746],
        [72.9373, 18.2747],
        [72.9374, 18.2749],
        [72.93741, 18.27491],
        [72.9375, 18.275],
        [72.9375, 18.2752],
        [72.9375, 18.27525],
        [72.93754, 18.27542],
        [72.93762, 18.27561],
        [72.93764, 18.27568],
        [72.9377, 18.2758],
        [72.9377, 18.2761],
        [72.93764, 18.27622],
        [72.93763, 18.27626],
        [72.93761, 18.27628],
        [72.9376, 18.2763],
        [72.9375, 18.2764],
        [72.93746, 18.27642],
        [72.93731, 18.27655],
        [72.93716, 18.27664],
        [72.9371, 18.2767],
        [72.93689, 18.27684],
        [72.9368, 18.2769],
        [72.9367, 18.277],
        [72.9366, 18.2771],
        [72.9366, 18.27747],
        [72.9366, 18.2776],
        [72.9366, 18.27779],
        [72.93661, 18.27781],
        [72.9367, 18.2779],
        [72.9367, 18.27803],
        [72.9367, 18.2781],
        [72.9368, 18.2784],
        [72.93695, 18.27855],
        [72.937, 18.2786],
        [72.9371, 18.2787],
        [72.9371, 18.2789],
        [72.937, 18.2791],
        [72.93681, 18.27923],
        [72.9367, 18.2793],
        [72.9364, 18.2795],
        [72.9361, 18.2797],
        [72.93607, 18.27976],
        [72.936, 18.2799],
        [72.9358, 18.28],
        [72.93569, 18.28005],
        [72.93562, 18.28013],
        [72.9355, 18.28033],
        [72.9355, 18.2804],
        [72.93546, 18.28048],
        [72.93543, 18.28064],
        [72.93545, 18.2807],
        [72.9355, 18.2808],
        [72.9356, 18.281],
        [72.93566, 18.28112],
        [72.93574, 18.28124],
        [72.9359, 18.2814],
        [72.93596, 18.28152],
        [72.93601, 18.2816],
        [72.93611, 18.28171],
        [72.9362, 18.2818],
        [72.93627, 18.28187],
        [72.9364, 18.28198],
        [72.93659, 18.28218],
        [72.93682, 18.28241],
        [72.93687, 18.28247],
        [72.937, 18.2826],
        [72.9372, 18.2828],
        [72.9373, 18.283],
        [72.9373, 18.283],
        [72.9374, 18.2832],
        [72.9375, 18.2834],
        [72.9376, 18.2836],
        [72.9377, 18.2837],
        [72.9378, 18.2838],
        [72.93787, 18.28384],
        [72.938, 18.2839],
        [72.9382, 18.284],
        [72.9384, 18.2841],
        [72.93856, 18.28418],
        [72.93862, 18.2842],
        [72.9389, 18.2842],
        [72.93902, 18.28426],
        [72.93909, 18.28427],
        [72.93925, 18.2843],
        [72.9394, 18.2843],
        [72.93948, 18.2843],
        [72.93951, 18.28429],
        [72.9397, 18.2842],
        [72.9398, 18.2841],
        [72.94, 18.284],
        [72.9402, 18.2839],
        [72.9403, 18.2839],
        [72.94036, 18.28396],
        [72.9404, 18.28397],
        [72.94044, 18.284],
        [72.9405, 18.284],
        [72.9406, 18.2841],
        [72.9406, 18.2843],
        [72.9406, 18.28437],
        [72.9406, 18.2845],
        [72.9406, 18.2847],
        [72.9406, 18.2849],
        [72.9407, 18.285],
        [72.9408, 18.2851],
        [72.9411, 18.2851],
        [72.94113, 18.2851],
        [72.9412, 18.2851],
        [72.94122, 18.28512],
        [72.9414, 18.2853],
        [72.9416, 18.2854],
        [72.94168, 18.2854],
        [72.94175, 18.28538],
        [72.9419, 18.2853],
        [72.9421, 18.2852],
        [72.9424, 18.285],
        [72.94244, 18.285],
        [72.94252, 18.28497],
        [72.94268, 18.28499],
        [72.94269, 18.285],
        [72.9427, 18.285],
        [72.94274, 18.28504],
        [72.9428, 18.28509],
        [72.94282, 18.28512],
        [72.94288, 18.28518],
        [72.94293, 18.28519],
        [72.94304, 18.28515],
        [72.94318, 18.28507],
        [72.94325, 18.28505],
        [72.9433, 18.285],
        [72.9434, 18.285],
        [72.9435, 18.285],
        [72.94356, 18.28506],
        [72.94362, 18.28508],
        [72.94365, 18.2851],
        [72.9437, 18.2851],
        [72.9438, 18.2852],
        [72.9439, 18.2852],
        [72.9441, 18.2852],
        [72.9444, 18.2852],
        [72.9446, 18.2851],
        [72.94476, 18.28505],
        [72.94486, 18.28498],
        [72.94495, 18.2849],
        [72.945, 18.2848],
        [72.94513, 18.28473],
        [72.94518, 18.28469],
        [72.94532, 18.28458],
        [72.9454, 18.2845],
        [72.9456, 18.2845],
        [72.9456, 18.28459],
        [72.94562, 18.28461],
        [72.94564, 18.28464],
        [72.9457, 18.2847],
        [72.9458, 18.2848],
        [72.9458, 18.28485],
        [72.94582, 18.28487],
        [72.94588, 18.2849],
        [72.9459, 18.2849],
        [72.94604, 18.28497],
        [72.94609, 18.28499],
        [72.94628, 18.28505],
        [72.94644, 18.2851],
        [72.9465, 18.2851],
        [72.9466, 18.28513],
        [72.9468, 18.2852],
        [72.9472, 18.2852],
        [72.9477, 18.2852],
        [72.9479, 18.2852],
        [72.94798, 18.28517],
        [72.9482, 18.2851],
        [72.9484, 18.2851],
        [72.94846, 18.28509],
        [72.94874, 18.28498],
        [72.9489, 18.2849],
        [72.94897, 18.2849],
        [72.9491, 18.2849],
        [72.9494, 18.2848],
        [72.94952, 18.28468],
        [72.9496, 18.2846],
        [72.94979, 18.28454],
        [72.94993, 18.28446],
        [72.94998, 18.28442],
        [72.9501, 18.2843],
        [72.9503, 18.2842],
        [72.95034, 18.2842],
        [72.9505, 18.2842],
        [72.95067, 18.28403],
        [72.9507, 18.284],
        [72.9509, 18.2838],
        [72.95102, 18.28374],
        [72.9511, 18.2837],
        [72.9513, 18.2834],
        [72.9514, 18.2831],
        [72.9514, 18.28291],
        [72.9514, 18.2828],
        [72.95138, 18.28271],
        [72.95136, 18.28266],
        [72.9513, 18.2826],
        [72.95115, 18.28237],
        [72.95111, 18.28233],
        [72.95099, 18.28225],
        [72.9509, 18.2822],
        [72.95077, 18.28213],
        [72.9507, 18.28211],
        [72.95061, 18.28194],
        [72.95061, 18.28193],
        [72.9506, 18.2819],
        [72.9506, 18.2818],
        [72.95073, 18.28167],
        [72.95075, 18.28164],
        [72.9508, 18.28156],
        [72.9508, 18.2815],
        [72.95085, 18.2814],
        [72.9509, 18.2813],
        [72.9509, 18.2812],
        [72.9508, 18.2809],
        [72.9507, 18.2807],
        [72.9507, 18.2806],
        [72.9509, 18.2803],
        [72.9511, 18.28],
        [72.9513, 18.2798],
        [72.9516, 18.2796],
        [72.9517, 18.2795],
        [72.95172, 18.27949],
        [72.95177, 18.27948],
        [72.9521, 18.2794],
        [72.95225, 18.2794],
        [72.95229, 18.27939],
        [72.95273, 18.27927],
        [72.95297, 18.27917],
        [72.9531, 18.2791],
        [72.9531, 18.2791],
        [72.9533, 18.279],
        [72.9534, 18.2789],
        [72.9536, 18.2787],
        [72.9537, 18.2785],
        [72.95373, 18.27845],
        [72.9538, 18.2783],
        [72.9539, 18.2781],
        [72.95403, 18.27804],
        [72.95406, 18.278],
        [72.95415, 18.27795],
        [72.9542, 18.2779],
        [72.95459, 18.2779],
        [72.9546, 18.2779],
        [72.9548, 18.2779],
        [72.95489, 18.27793],
        [72.9551, 18.278],
        [72.95547, 18.27794],
        [72.9557, 18.2779],
        [72.95588, 18.27796],
        [72.956, 18.278],
        [72.9565, 18.2781],
        [72.9567, 18.2781],
        [72.9569, 18.2781],
        [72.9576, 18.2783],
        [72.9578, 18.2784],
        [72.95787, 18.27843],
        [72.9583, 18.2786],
        [72.9588, 18.2788],
        [72.9588, 18.2788],
        [72.9588, 18.2788],
        [72.95882, 18.27881],
        [72.95884, 18.27883],
        [72.9591, 18.279],
        [72.95916, 18.27912],
        [72.95924, 18.27921],
        [72.95942, 18.27939],
        [72.95948, 18.27945],
        [72.9597, 18.2796],
        [72.95979, 18.27978],
        [72.95982, 18.27981],
        [72.95985, 18.27985],
        [72.96, 18.28],
        [72.96009, 18.28009],
        [72.96022, 18.2801],
        [72.96047, 18.2801],
        [72.9605, 18.2801],
        [72.9606, 18.2801],
        [72.96097, 18.2801],
        [72.961, 18.2801],
        [72.9611, 18.2801],
        [72.9613, 18.2802],
        [72.96131, 18.28021],
        [72.96144, 18.28027],
        [72.96149, 18.2803],
        [72.9615, 18.2803],
        [72.96153, 18.28032],
        [72.96179, 18.28046],
        [72.96186, 18.2805],
        [72.9619, 18.2805],
        [72.96198, 18.28054],
        [72.9621, 18.2806],
        [72.9623, 18.2806],
        [72.9626, 18.2806],
        [72.9631, 18.2806],
        [72.9636, 18.2805],
        [72.964, 18.2804],
        [72.9644, 18.2802],
        [72.96473, 18.27995],
        [72.9648, 18.2799],
        [72.96482, 18.27989],
        [72.9652, 18.2797],
        [72.9656, 18.2794],
        [72.966, 18.2792],
        [72.96614, 18.27906],
        [72.9663, 18.2789],
        [72.96651, 18.27876],
        [72.96656, 18.27872],
        [72.96665, 18.27861],
        [72.96677, 18.2784],
        [72.9668, 18.2783],
        [72.9669, 18.2781],
        [72.96694, 18.27806],
        [72.96695, 18.27804],
        [72.967, 18.27793],
        [72.967, 18.2779],
        [72.967, 18.2778],
        [72.967, 18.27762],
        [72.96699, 18.27757],
        [72.96689, 18.27725],
        [72.96685, 18.27715],
        [72.9668, 18.2771],
        [72.9668, 18.27698],
        [72.96679, 18.27691],
        [72.9668, 18.27684],
        [72.9668, 18.2767],
        [72.9668, 18.2763],
        [72.9668, 18.2761],
        [72.96689, 18.27591],
        [72.96691, 18.27585],
        [72.96699, 18.27569],
        [72.96703, 18.27563],
        [72.9671, 18.2755],
        [72.96723, 18.27543],
        [72.96725, 18.27542],
        [72.96731, 18.27539],
        [72.9674, 18.2753],
        [72.96746, 18.2753],
        [72.9675, 18.2753],
        [72.9678, 18.2753],
        [72.96791, 18.27524],
        [72.968, 18.2752],
        [72.9682, 18.2751],
        [72.9683, 18.2751],
        [72.9684, 18.275],
        [72.9685, 18.2748],
        [72.9686, 18.2747],
        [72.9687, 18.2746],
        [72.969, 18.2745],
        [72.96911, 18.2745],
        [72.96922, 18.27448],
        [72.96925, 18.27447],
        [72.9694, 18.2744],
        [72.96953, 18.2744],
        [72.96958, 18.27438],
        [72.9696, 18.27435],
        [72.9696, 18.2743],
        [72.9697, 18.274],
        [72.9697, 18.2737],
        [72.9697, 18.2734],
        [72.9696, 18.2732],
        [72.96965, 18.27311],
        [72.96966, 18.27297],
        [72.9697, 18.27286],
        [72.9697, 18.2728],
        [72.96976, 18.27274],
        [72.9698, 18.2727],
        [72.97, 18.2725],
        [72.9702, 18.2724],
        [72.9704, 18.2722],
        [72.9705, 18.2721],
        [72.9707, 18.2717],
        [72.9708, 18.2715],
        [72.9709, 18.2712],
        [72.971, 18.271],
        [72.971, 18.27087],
        [72.971, 18.2708],
        [72.971, 18.2706],
        [72.9711, 18.27],
        [72.97108, 18.26963],
        [72.97101, 18.26942],
        [72.97091, 18.26923],
        [72.97081, 18.26912],
        [72.97069, 18.26904],
        [72.9706, 18.269],
        [72.9704, 18.269],
        [72.9702, 18.269],
        [72.9699, 18.2691],
        [72.9695, 18.2692],
        [72.9694, 18.2692],
        [72.96923, 18.26914],
        [72.96914, 18.26912],
        [72.96913, 18.26911],
        [72.9691, 18.2691],
        [72.969, 18.269],
        [72.969, 18.26895],
        [72.96898, 18.2689],
        [72.969, 18.26866],
        [72.96907, 18.26845],
        [72.9691, 18.26841],
        [72.9691, 18.2684],
        [72.96911, 18.26839],
        [72.96918, 18.26828],
        [72.96928, 18.26814],
        [72.9693, 18.2681],
        [72.9695, 18.268],
        [72.9698, 18.2678],
        [72.97, 18.2677],
        [72.9701, 18.2676],
        [72.9703, 18.2674],
        [72.9704, 18.2672],
        [72.9705, 18.2671],
        [72.9705, 18.26709],
        [72.97053, 18.267],
        [72.9706, 18.2668],
        [72.9706, 18.2667],
        [72.9706, 18.2664],
        [72.9705, 18.266],
        [72.9705, 18.2658],
        [72.9704, 18.2655],
        [72.97028, 18.26532],
        [72.9702, 18.2652],
        [72.9702, 18.265],
        [72.9702, 18.2649],
        [72.97021, 18.26489],
        [72.9703, 18.2648],
        [72.9704, 18.2647],
        [72.9706, 18.2646],
        [72.97066, 18.26457],
        [72.9708, 18.2645],
        [72.971, 18.2644],
        [72.97115, 18.26431],
        [72.97131, 18.26419],
        [72.97148, 18.26409],
        [72.97156, 18.26404],
        [72.9716, 18.264],
        [72.9718, 18.2639],
        [72.97186, 18.2639],
        [72.97193, 18.26388],
        [72.9722, 18.2637],
        [72.9724, 18.2636],
        [72.97253, 18.26353],
        [72.9726, 18.2635],
        [72.97266, 18.2635],
        [72.97285, 18.26346],
        [72.97294, 18.26343],
        [72.973, 18.2634],
        [72.9736, 18.2633],
        [72.97375, 18.2633],
        [72.97386, 18.26328],
        [72.97395, 18.26325],
        [72.974, 18.2632],
        [72.97412, 18.2632],
        [72.97424, 18.26317],
        [72.97437, 18.2631],
        [72.9744, 18.26303],
        [72.9744, 18.263],
        [72.97443, 18.26291],
        [72.97445, 18.26275],
        [72.97444, 18.26264],
        [72.9744, 18.2626],
        [72.9743, 18.2624],
        [72.9742, 18.2623],
        [72.97418, 18.26228],
        [72.97406, 18.26221],
        [72.97404, 18.2622],
        [72.9739, 18.2622],
        [72.97381, 18.26202],
        [72.97378, 18.26199],
        [72.9736, 18.2619],
        [72.9735, 18.2618],
        [72.9734, 18.2617],
        [72.9732, 18.2616],
        [72.97293, 18.26151],
        [72.9729, 18.2615],
        [72.97289, 18.2615],
        [72.97274, 18.26144],
        [72.97264, 18.2614],
        [72.9725, 18.2614],
        [72.9723, 18.2613],
        [72.97213, 18.26122],
        [72.97211, 18.26121],
        [72.97198, 18.26115],
        [72.97176, 18.26118],
        [72.9717, 18.2612],
        [72.9714, 18.2613],
        [72.9711, 18.2613],
        [72.9708, 18.2613],
        [72.97054, 18.26121],
        [72.97052, 18.26121],
        [72.9705, 18.2612],
        [72.9705, 18.2612],
        [72.9703, 18.2611],
        [72.97027, 18.26104],
        [72.9702, 18.2609],
        [72.9702, 18.2607],
        [72.9702, 18.26062],
        [72.9702, 18.2605],
        [72.97034, 18.26036],
        [72.97036, 18.26033],
        [72.97046, 18.26019],
        [72.9705, 18.26012],
        [72.9705, 18.2601],
        [72.97052, 18.26005],
        [72.9706, 18.2599],
        [72.9706, 18.2597],
        [72.9706, 18.2595],
        [72.9705, 18.2593],
        [72.9704, 18.259],
        [72.9702, 18.2587],
        [72.9698, 18.258],
        [72.96964, 18.25784],
        [72.9695, 18.2577],
        [72.96943, 18.25749],
        [72.9694, 18.2574],
        [72.969, 18.2568],
        [72.9686, 18.2565],
        [72.9684, 18.2562],
        [72.9683, 18.256],
        [72.96826, 18.25592],
        [72.9682, 18.2558],
        [72.96827, 18.25565],
        [72.96828, 18.25563],
        [72.96835, 18.25551],
        [72.96845, 18.2554],
        [72.9685, 18.25531],
        [72.9685, 18.2553],
        [72.9685, 18.2552],
        [72.9685, 18.255],
        [72.96859, 18.25474],
        [72.96859, 18.25472],
        [72.96865, 18.25454],
        [72.9687, 18.25445],
        [72.9687, 18.2544],
        [72.96878, 18.25432],
        [72.96881, 18.25428],
        [72.96889, 18.25417],
        [72.96897, 18.25412],
        [72.96898, 18.25412],
        [72.969, 18.2541],
        [72.9692, 18.2541],
        [72.96925, 18.2541],
        [72.9695, 18.2541],
        [72.9698, 18.2539],
        [72.96995, 18.25375],
        [72.97, 18.25367],
        [72.97, 18.2536],
        [72.9701, 18.2533],
        [72.97018, 18.25314],
        [72.9702, 18.2531],
        [72.9703, 18.2529],
        [72.9703, 18.25264],
        [72.9703, 18.2526],
        [72.9703, 18.2523],
        [72.97035, 18.25225],
        [72.97036, 18.25218],
        [72.9704, 18.25205],
        [72.9704, 18.252],
        [72.97048, 18.25192],
        [72.9705, 18.25189],
        [72.9706, 18.2517],
        [72.9707, 18.2516],
        [72.97075, 18.25155],
        [72.97078, 18.25149],
        [72.97088, 18.25134],
        [72.9709, 18.2513],
        [72.97094, 18.25126],
        [72.97108, 18.25109],
        [72.97117, 18.25095],
        [72.9712, 18.2509],
        [72.97123, 18.25087],
        [72.9713, 18.2508],
        [72.9719, 18.25],
        [72.9722, 18.2496],
        [72.97226, 18.24951],
        [72.9724, 18.2493],
        [72.9727, 18.249],
        [72.9731, 18.2487],
        [72.97326, 18.24862],
        [72.9733, 18.2486],
        [72.9733, 18.2484],
        [72.97323, 18.24814],
        [72.9732, 18.248],
        [72.9732, 18.2477],
        [72.9733, 18.2474],
        [72.9734, 18.2469],
        [72.97345, 18.2467],
        [72.9735, 18.2465],
        [72.9735, 18.2462],
        [72.9734, 18.2458],
        [72.9734, 18.2456],
        [72.97334, 18.24542],
        [72.9733, 18.2453],
        [72.9733, 18.24513],
        [72.97322, 18.24502],
        [72.97301, 18.24484],
        [72.97287, 18.24473],
        [72.9728, 18.2447],
        [72.97276, 18.24466],
        [72.97267, 18.2446],
        [72.97252, 18.24455],
        [72.97245, 18.24455],
        [72.9724, 18.2446],
        [72.9722, 18.2446],
        [72.9719, 18.2448],
        [72.9715, 18.2451],
        [72.9712, 18.2453],
        [72.971, 18.2455],
        [72.9707, 18.2457],
        [72.9704, 18.2459],
        [72.9701, 18.24603],
        [72.96988, 18.24615],
        [72.9698, 18.2462],
        [72.96963, 18.24626],
        [72.96951, 18.2463],
        [72.96936, 18.24632],
        [72.96923, 18.24633],
        [72.96914, 18.2463],
        [72.9691, 18.2463],
        [72.96908, 18.24628],
        [72.96887, 18.2461],
        [72.96885, 18.24607],
        [72.9687, 18.246],
        [72.9686, 18.2458],
        [72.9685, 18.2457],
        [72.9685, 18.2455],
        [72.9685, 18.24529],
        [72.9685, 18.2452],
        [72.9685, 18.2449],
        [72.9685, 18.2446],
        [72.9685, 18.2444],
        [72.9685, 18.24438],
        [72.9685, 18.2443],
        [72.96857, 18.24423],
        [72.9687, 18.2441],
        [72.9689, 18.2439],
        [72.9691, 18.2437],
        [72.9691, 18.24367],
        [72.9691, 18.2436],
        [72.9692, 18.2435],
        [72.9694, 18.2433],
        [72.96946, 18.2433],
        [72.9695, 18.2433],
        [72.9697, 18.2433],
        [72.9699, 18.2433],
        [72.9702, 18.2434],
        [72.97043, 18.24348],
        [72.9705, 18.2435],
        [72.97066, 18.24366],
        [72.97073, 18.24372],
        [72.97093, 18.24386],
        [72.971, 18.2439],
        [72.9711, 18.2439],
        [72.9712, 18.244],
        [72.97138, 18.244],
        [72.9714, 18.244],
        [72.9722, 18.2431],
        [72.9727, 18.2429],
        [72.9729, 18.2428],
        [72.97326, 18.24253],
        [72.97333, 18.24247],
        [72.9735, 18.2423],
        [72.97359, 18.24221],
        [72.97366, 18.2421],
        [72.9737, 18.24193],
        [72.9737, 18.2419],
        [72.97374, 18.24171],
        [72.9738, 18.2414],
        [72.9739, 18.2411],
        [72.974, 18.2409],
        [72.97403, 18.24086],
        [72.9742, 18.2406],
        [72.97436, 18.24049],
        [72.97446, 18.24039],
        [72.97454, 18.24033],
        [72.9746, 18.2402],
        [72.97473, 18.2402],
        [72.97478, 18.24018],
        [72.9749, 18.24018],
        [72.97494, 18.2402],
        [72.975, 18.2402],
        [72.9753, 18.2404],
        [72.9755, 18.2405],
        [72.97558, 18.24054],
        [72.9757, 18.24057],
        [72.97624, 18.2406],
        [72.9767, 18.2406],
        [72.9772, 18.2406],
        [72.97749, 18.2406],
        [72.9775, 18.2406],
        [72.978, 18.2405],
        [72.9784, 18.2403],
        [72.97857, 18.24013],
        [72.9786, 18.2401],
        [72.9788, 18.2399],
        [72.9789, 18.2397],
        [72.97906, 18.23962],
        [72.9791, 18.2396],
        [72.97912, 18.2396],
        [72.97925, 18.23956],
        [72.97937, 18.23957],
        [72.97948, 18.2396],
        [72.9795, 18.2396],
        [72.9796, 18.2397],
        [72.97964, 18.23982],
        [72.9797, 18.24],
        [72.9799, 18.2402],
        [72.98, 18.2403],
        [72.9802, 18.2404],
        [72.9804, 18.2404],
        [72.9805, 18.2404],
        [72.9808, 18.2404],
        [72.9814, 18.2404],
        [72.9816, 18.2404],
        [72.9821, 18.2404],
        [72.9824, 18.2404],
        [72.9827, 18.2404],
        [72.9828, 18.2404],
        [72.9829, 18.2404],
        [72.9831, 18.2405],
        [72.9833, 18.2407],
        [72.98338, 18.2408],
        [72.9837, 18.2412],
        [72.9839, 18.2414],
        [72.98394, 18.24144],
        [72.9841, 18.2416],
        [72.98427, 18.24177],
        [72.98449, 18.24187],
        [72.98462, 18.2419],
        [72.9848, 18.2419],
        [72.9856, 18.242],
        [72.9859, 18.242],
        [72.98609, 18.24205],
        [72.98632, 18.24206],
        [72.98645, 18.24205],
        [72.9866, 18.242],
        [72.98677, 18.242],
        [72.98682, 18.24199],
        [72.98705, 18.24197],
        [72.98719, 18.242],
        [72.9872, 18.242],
        [72.9874, 18.2421],
        [72.98765, 18.24235],
        [72.9879, 18.2426],
        [72.9881, 18.2427],
        [72.98822, 18.24274],
        [72.9884, 18.2428],
        [72.9886, 18.2428],
        [72.98901, 18.24288],
        [72.9891, 18.2429],
        [72.9894, 18.243],
        [72.9896, 18.243],
        [72.9898, 18.243],
        [72.9899, 18.243],
        [72.99002, 18.24294],
        [72.9901, 18.2429],
        [72.9903, 18.2429],
        [72.99036, 18.24296],
        [72.99039, 18.24297],
        [72.99054, 18.24307],
        [72.9906, 18.2431],
        [72.99067, 18.24314],
        [72.9908, 18.2432],
        [72.9911, 18.2433],
        [72.9913, 18.2434],
        [72.9915, 18.2436],
        [72.9916, 18.2437],
        [72.9917, 18.244],
        [72.9917, 18.2442],
        [72.99173, 18.24438],
        [72.99175, 18.24455],
        [72.9918, 18.2447],
        [72.9918, 18.2448],
        [72.99182, 18.24486],
        [72.99192, 18.245],
        [72.99212, 18.24509],
        [72.99216, 18.2451],
        [72.9923, 18.2451],
        [72.9925, 18.2451],
        [72.9927, 18.2451],
        [72.9933, 18.2449],
        [72.9938, 18.24473],
        [72.99386, 18.24471],
        [72.99393, 18.24468],
        [72.9941, 18.2446],
        [72.99418, 18.2446],
        [72.9944, 18.2446],
        [72.9946, 18.2445],
        [72.9948, 18.2445],
        [72.995, 18.2444],
        [72.9952, 18.2443],
        [72.9955, 18.2442],
        [72.9957, 18.24413],
        [72.9958, 18.2441],
        [72.99598, 18.2441],
        [72.99624, 18.24409],
        [72.99634, 18.2441],
        [72.9967, 18.2441],
        [72.9972, 18.2442],
        [72.99741, 18.24427],
        [72.99751, 18.2443],
        [72.99779, 18.24447],
        [72.99799, 18.24462],
        [72.9981, 18.2447],
        [72.99818, 18.24478],
        [72.9983, 18.24488],
        [72.99851, 18.24507],
        [72.99857, 18.24517],
        [72.9987, 18.2453],
        [72.9988, 18.2456],
        [72.9988, 18.24575],
        [72.9988, 18.2458],
        [72.9988, 18.2462],
        [72.9988, 18.2465],
        [72.99889, 18.24667],
        [72.9989, 18.2467],
        [72.9989, 18.24672],
        [72.9989, 18.2469],
        [72.999, 18.2471],
        [72.99915, 18.24725],
        [72.9992, 18.2473],
        [72.9993, 18.2474],
        [72.99941, 18.2475],
        [72.99958, 18.24754],
        [72.99968, 18.24756],
        [72.9999, 18.2476],
        [73.0003, 18.2478],
        [73.0006, 18.2479],
        [73.00081, 18.2479],
        [73.0009, 18.2479],
        [73.00128, 18.2479],
        [73.00162, 18.24789],
        [73.0018, 18.2478],
        [73.00226, 18.24752],
        [73.00236, 18.24733],
        [73.00247, 18.24704],
        [73.0025, 18.2469],
        [73.00258, 18.24657],
        [73.00259, 18.24653],
        [73.00265, 18.24634],
        [73.0027, 18.24622],
        [73.0027, 18.2462],
        [73.00273, 18.24617],
        [73.0029, 18.246],
        [73.003, 18.2458],
        [73.003, 18.2457],
        [73.003, 18.2456],
        [73.00305, 18.24555],
        [73.00307, 18.24545],
        [73.0031, 18.24536],
        [73.0031, 18.2452],
        [73.0032, 18.245],
        [73.00331, 18.24495],
        [73.00335, 18.24488],
        [73.00349, 18.24472],
        [73.0035, 18.2447],
        [73.0036, 18.2446],
        [73.0037, 18.2446],
        [73.00377, 18.2446],
        [73.00388, 18.24458],
        [73.00399, 18.2446],
        [73.004, 18.2446],
        [73.00401, 18.2446],
        [73.0043, 18.2448],
        [73.0046, 18.245],
        [73.00491, 18.24523],
        [73.00499, 18.24529],
        [73.00501, 18.2453],
        [73.0053, 18.2453],
        [73.0056, 18.2452],
        [73.00565, 18.2452],
        [73.0058, 18.2452],
        [73.0062, 18.2452],
        [73.0065, 18.2452],
        [73.00658, 18.2452],
        [73.0067, 18.2452],
        [73.00694, 18.24526],
        [73.0071, 18.2453],
        [73.0079, 18.2454],
        [73.0084, 18.2454],
        [73.0085, 18.2454],
        [73.0089, 18.2454],
        [73.00917, 18.2454],
        [73.0092, 18.2454],
        [73.0098, 18.2453],
        [73.01, 18.2452],
        [73.0102, 18.2451],
        [73.0105, 18.245],
        [73.0108, 18.2449],
        [73.01107, 18.24472],
        [73.0111, 18.2447],
        [73.01114, 18.24468],
        [73.0113, 18.2446],
        [73.0116, 18.2443],
        [73.0119, 18.2439],
        [73.01196, 18.24373],
        [73.012, 18.2436],
        [73.0121, 18.2434],
        [73.01218, 18.24328],
        [73.0123, 18.2431],
        [73.0124, 18.2429],
        [73.0125, 18.2427],
        [73.01253, 18.24267],
        [73.0126, 18.2426],
        [73.013, 18.2426],
        [73.0134, 18.2426],
        [73.01341, 18.2426],
        [73.0135, 18.2426],
        [73.0137, 18.2425],
        [73.0138, 18.2424],
        [73.01391, 18.24235],
        [73.014, 18.2423],
        [73.01406, 18.24236],
        [73.01413, 18.24237],
        [73.0142, 18.2423],
        [73.0144, 18.2422],
        [73.0146, 18.2422],
        [73.0147, 18.2423],
        [73.0149, 18.2425],
        [73.015, 18.2426],
        [73.0152, 18.2427],
        [73.0153, 18.2427],
        [73.01539, 18.2427],
        [73.01545, 18.24267],
        [73.01556, 18.24257],
        [73.0156, 18.2425],
        [73.0157, 18.2424],
        [73.01572, 18.2424],
        [73.01585, 18.24238],
        [73.01607, 18.2424],
        [73.0161, 18.2424],
        [73.0163, 18.2425],
        [73.0165, 18.2427],
        [73.0165, 18.2428],
        [73.01647, 18.24285],
        [73.01644, 18.24304],
        [73.0164, 18.24312],
        [73.0164, 18.2432],
        [73.0162, 18.2435],
        [73.0161, 18.2438],
        [73.0161, 18.2439],
        [73.01604, 18.24401],
        [73.01604, 18.2441],
        [73.0161, 18.24427],
        [73.01616, 18.24436],
        [73.0163, 18.2445],
        [73.01639, 18.24459],
        [73.0165, 18.2446],
        [73.01662, 18.24455],
        [73.01671, 18.24449],
        [73.01689, 18.24431],
        [73.0169, 18.24428],
        [73.0169, 18.2441],
        [73.01695, 18.2439],
        [73.01696, 18.24366],
        [73.01695, 18.24359],
        [73.0169, 18.2435],
        [73.0168, 18.2432],
        [73.0167, 18.243],
        [73.0167, 18.24281],
        [73.01669, 18.24272],
        [73.01668, 18.24256],
        [73.0166, 18.2424],
        [73.0166, 18.24232],
        [73.0166, 18.2422],
        [73.0165, 18.2421],
        [73.0163, 18.242],
        [73.016, 18.2419],
        [73.01568, 18.2419],
        [73.0155, 18.2419],
        [73.01543, 18.24186],
        [73.01525, 18.24184],
        [73.01516, 18.2418],
        [73.0151, 18.2418],
        [73.01502, 18.24164],
        [73.015, 18.2416],
        [73.015, 18.24151],
        [73.015, 18.2415],
        [73.01501, 18.24149],
        [73.01505, 18.24133],
        [73.01506, 18.24117],
        [73.01506, 18.24116],
        [73.015, 18.2411],
        [73.015, 18.2409],
        [73.01505, 18.24085],
        [73.01508, 18.24077],
        [73.01516, 18.24067],
        [73.0152, 18.2406],
        [73.0153, 18.24055],
        [73.0154, 18.2405],
        [73.0155, 18.2404],
        [73.0157, 18.2403],
        [73.0159, 18.2402],
        [73.0161, 18.2402],
        [73.0163, 18.2401],
        [73.01643, 18.23997],
        [73.0165, 18.2399],
        [73.0166, 18.2398],
        [73.01669, 18.23969],
        [73.01673, 18.23963],
        [73.0168, 18.2395],
        [73.0169, 18.2394],
        [73.01692, 18.23938],
        [73.017, 18.2393],
        [73.0172, 18.2392],
        [73.0173, 18.2391],
        [73.0175, 18.2389],
        [73.01758, 18.23874],
        [73.0176, 18.2387],
        [73.01761, 18.23869],
        [73.01766, 18.23855],
        [73.0177, 18.23842],
        [73.0177, 18.2384],
        [73.01771, 18.23839],
        [73.0178, 18.2383],
        [73.0178, 18.2382],
        [73.0179, 18.2381],
        [73.01797, 18.23796],
        [73.018, 18.2379],
        [73.0181, 18.2379],
        [73.0182, 18.2379],
        [73.0183, 18.23795],
        [73.01838, 18.23798],
        [73.01853, 18.23809],
        [73.01857, 18.2381],
        [73.0187, 18.2381],
        [73.01879, 18.23815],
        [73.0189, 18.2382],
        [73.0194, 18.2382],
        [73.0195, 18.2382],
        [73.0195, 18.2382],
        [73.01951, 18.23821],
        [73.01964, 18.23829],
        [73.01974, 18.2384],
        [73.01977, 18.23847],
        [73.0198, 18.2385],
        [73.0199, 18.2389],
        [73.0199, 18.23915],
        [73.01993, 18.23923],
        [73.02, 18.2393],
        [73.02, 18.23939],
        [73.02004, 18.23946],
        [73.02012, 18.23963],
        [73.02021, 18.23981],
        [73.0203, 18.2399],
        [73.0203, 18.24018],
        [73.0203, 18.2402],
        [73.0203, 18.2405],
        [73.0203, 18.2406],
        [73.02038, 18.24068],
        [73.0204, 18.2407],
        [73.02045, 18.24079],
        [73.02053, 18.2409],
        [73.02056, 18.24093],
        [73.0207, 18.241],
        [73.02078, 18.24108],
        [73.02083, 18.2411],
        [73.021, 18.2411],
        [73.02118, 18.24114],
        [73.02138, 18.24115],
        [73.02151, 18.24114],
        [73.0216, 18.2411],
        [73.02178, 18.2411],
        [73.0218, 18.2411],
        [73.0219, 18.2411],
        [73.0221, 18.241],
        [73.0224, 18.2408],
        [73.02243, 18.24077],
        [73.0226, 18.2406],
        [73.0228, 18.2404],
        [73.0229, 18.2403],
        [73.023, 18.2401],
        [73.02305, 18.24005],
        [73.02307, 18.24],
        [73.0231, 18.23987],
        [73.0231, 18.2398],
        [73.0231, 18.2394],
        [73.02314, 18.23931],
        [73.02315, 18.23916],
        [73.02319, 18.23904],
        [73.0232, 18.23901],
        [73.0232, 18.239],
        [73.02321, 18.23899],
        [73.0233, 18.2389],
        [73.0234, 18.2387],
        [73.0236, 18.2385],
        [73.02364, 18.23846],
        [73.0237, 18.2384],
        [73.02383, 18.23836],
        [73.024, 18.2383],
        [73.0243, 18.2382],
        [73.02439, 18.23811],
        [73.0244, 18.2381],
        [73.02442, 18.2381],
        [73.0246, 18.2381],
        [73.0249, 18.2379],
        [73.02491, 18.23789],
        [73.0251, 18.2377],
        [73.0253, 18.2376],
        [73.0255, 18.2374],
        [73.0257, 18.2373],
        [73.0258, 18.2372],
        [73.0259, 18.2372],
        [73.0261, 18.2371],
        [73.02615, 18.2371],
        [73.02621, 18.23706],
        [73.0263, 18.237],
        [73.0264, 18.2369],
        [73.02643, 18.23687],
        [73.02657, 18.2367],
        [73.0266, 18.23664],
        [73.0266, 18.2366],
        [73.02667, 18.23646],
        [73.02668, 18.23642],
        [73.0267, 18.23633],
        [73.0267, 18.2363],
        [73.0267, 18.23619],
        [73.0267, 18.2361],
        [73.0267, 18.236],
        [73.0266, 18.2358],
        [73.0265, 18.2357],
        [73.02649, 18.23559],
        [73.02649, 18.23545],
        [73.0265, 18.23542],
        [73.0265, 18.2354],
        [73.0265, 18.2353],
        [73.0266, 18.2352],
        [73.02669, 18.23511],
        [73.02671, 18.23508],
        [73.02677, 18.23503],
        [73.0268, 18.235],
        [73.02681, 18.23499],
        [73.02684, 18.23497],
        [73.02697, 18.23487],
        [73.02708, 18.23482],
        [73.0271, 18.2348],
        [73.0272, 18.2347],
        [73.02739, 18.23464],
        [73.02748, 18.23457],
        [73.02757, 18.23444],
        [73.0276, 18.23437],
        [73.0276, 18.2343],
        [73.02768, 18.23422],
        [73.0277, 18.23418],
        [73.02782, 18.23405],
        [73.02788, 18.23402],
        [73.0279, 18.234],
        [73.02793, 18.234],
        [73.0281, 18.234],
        [73.02829, 18.23419],
        [73.0283, 18.2342],
        [73.0285, 18.2344],
        [73.0288, 18.2344],
        [73.029, 18.2344],
        [73.0292, 18.2343],
        [73.0294, 18.2341],
        [73.0295, 18.2339],
        [73.0296, 18.2338],
        [73.0297, 18.2337],
        [73.0298, 18.2336],
        [73.03, 18.2334],
        [73.0302, 18.2333],
        [73.0303, 18.2332],
        [73.03034, 18.23316],
        [73.0304, 18.2331],
        [73.03054, 18.23305],
        [73.03074, 18.23295],
        [73.03087, 18.2329],
        [73.0309, 18.2329],
        [73.031, 18.2329],
        [73.03104, 18.2329],
        [73.03169, 18.23288],
        [73.03177, 18.23286],
        [73.0319, 18.2328],
        [73.03204, 18.2328],
        [73.0322, 18.2328],
        [73.0325, 18.2326],
        [73.03251, 18.23259],
        [73.0327, 18.2324],
        [73.03297, 18.23222],
        [73.033, 18.2322],
        [73.0331, 18.2321],
        [73.0332, 18.232],
        [73.0333, 18.2319],
        [73.03334, 18.23186],
        [73.0334, 18.2318],
        [73.03346, 18.23186],
        [73.03353, 18.23186],
        [73.03375, 18.2319],
        [73.0338, 18.2319],
        [73.0339, 18.2319],
        [73.03405, 18.23185],
        [73.0342, 18.2318],
        [73.0343, 18.2317],
        [73.0345, 18.2317],
        [73.0347, 18.2316],
        [73.03476, 18.23154],
        [73.0348, 18.2315],
        [73.03482, 18.23148],
        [73.03486, 18.23142],
        [73.03487, 18.23135],
        [73.03483, 18.2313],
        [73.0348, 18.2313],
        [73.0347, 18.2313],
        [73.03458, 18.23124],
        [73.03453, 18.23123],
        [73.03446, 18.2312],
        [73.0344, 18.2312],
        [73.0344, 18.23117],
        [73.03435, 18.2311],
        [73.03432, 18.23095],
        [73.0343, 18.2309],
        [73.0343, 18.2306],
        [73.0343, 18.2303],
        [73.03436, 18.23017],
        [73.03438, 18.2301],
        [73.0344, 18.22987],
        [73.0344, 18.2296],
        [73.0344, 18.2294],
        [73.03445, 18.22935],
        [73.03447, 18.22929],
        [73.0345, 18.22917],
        [73.03456, 18.22906],
        [73.0346, 18.229],
        [73.03462, 18.22897],
        [73.03498, 18.2287],
        [73.0351, 18.2286],
        [73.0353, 18.2284],
        [73.03537, 18.22838],
        [73.0356, 18.2283],
        [73.03567, 18.22816],
        [73.0357, 18.2281],
        [73.03588, 18.22797],
        [73.03605, 18.2278],
        [73.0362, 18.2277],
        [73.0363, 18.2276],
        [73.0366, 18.2274],
        [73.03663, 18.2274],
        [73.0367, 18.2274],
        [73.0369, 18.2273],
        [73.0372, 18.2271],
        [73.0374, 18.227],
        [73.03745, 18.22691],
        [73.0375, 18.2268],
        [73.0377, 18.2267],
        [73.0378, 18.2265],
        [73.038, 18.2264],
        [73.0381, 18.2263],
        [73.0382, 18.2263],
        [73.0385, 18.2263],
        [73.03858, 18.22633],
        [73.0388, 18.2264],
        [73.03904, 18.2264],
        [73.0393, 18.2264],
        [73.0396, 18.2265],
        [73.03965, 18.22652],
        [73.0398, 18.2266],
        [73.0402, 18.2266],
        [73.0405, 18.2266],
        [73.04072, 18.22654],
        [73.0409, 18.2265],
        [73.0411, 18.2265],
        [73.04116, 18.2265],
        [73.0413, 18.2265],
        [73.0417, 18.2264],
        [73.0421, 18.2263],
        [73.0425, 18.2262],
        [73.04261, 18.2262],
        [73.0428, 18.2262],
        [73.0435, 18.2261],
        [73.0438, 18.2261],
        [73.044, 18.226],
        [73.0442, 18.2259],
        [73.0445, 18.2257],
        [73.0447, 18.2256],
        [73.0448, 18.2254],
        [73.04485, 18.22529],
        [73.0449, 18.2252],
        [73.045, 18.2251],
        [73.045, 18.2251],
        [73.0452, 18.225],
        [73.0455, 18.2247],
        [73.04579, 18.22448],
        [73.0459, 18.2244],
        [73.0461, 18.2242],
        [73.04625, 18.22412],
        [73.04627, 18.22411],
        [73.04635, 18.22405],
        [73.0464, 18.224],
        [73.04651, 18.22395],
        [73.04655, 18.22392],
        [73.04666, 18.22384],
        [73.0468, 18.2237],
        [73.04694, 18.22365],
        [73.04706, 18.22358],
        [73.04716, 18.22354],
        [73.0472, 18.2235],
        [73.0474, 18.2234],
        [73.04747, 18.22337],
        [73.0476, 18.22328],
        [73.0476, 18.2232],
        [73.04765, 18.22315],
        [73.04765, 18.22312],
        [73.04764, 18.22305],
        [73.04764, 18.22304],
        [73.0476, 18.223],
        [73.0476, 18.22292],
        [73.04757, 18.22287],
        [73.04747, 18.22279],
        [73.04731, 18.22274],
        [73.0472, 18.2227],
        [73.0472, 18.2227],
        [73.04719, 18.2227],
        [73.04715, 18.22268],
        [73.04701, 18.22261],
        [73.04687, 18.2225],
        [73.04683, 18.22243],
        [73.0468, 18.2224],
        [73.0468, 18.22228],
        [73.04679, 18.22218],
        [73.0467, 18.222],
        [73.0467, 18.22191],
        [73.04666, 18.22183],
        [73.04657, 18.22174],
        [73.0465, 18.2217],
        [73.04641, 18.22152],
        [73.04619, 18.22124],
        [73.04626, 18.22129],
        [73.0462, 18.2212],
        [73.04667, 18.22158],
        [73.04692, 18.22166],
        [73.04698, 18.2217],
        [73.047, 18.2217],
        [73.04701, 18.22172],
        [73.04704, 18.22174],
        [73.04709, 18.22188],
        [73.0471, 18.2219],
        [73.0471, 18.22197],
        [73.04711, 18.22201],
        [73.0472, 18.2222],
        [73.0473, 18.2223],
        [73.0474, 18.2223],
        [73.04744, 18.2223],
        [73.04746, 18.22229],
        [73.0475, 18.22225],
        [73.0475, 18.2222],
        [73.0475, 18.2221],
        [73.0475, 18.22204],
        [73.04745, 18.22191],
        [73.04744, 18.22184],
        [73.0474, 18.2218],
        [73.04748, 18.22172],
        [73.04749, 18.2217],
        [73.04756, 18.22155],
        [73.04759, 18.22143],
        [73.04759, 18.22122],
        [73.04758, 18.2212],
        [73.0475, 18.2212],
        [73.0474, 18.2211],
        [73.04722, 18.22101],
        [73.04715, 18.221],
        [73.047, 18.221],
        [73.04696, 18.22096],
        [73.04688, 18.22092],
        [73.04675, 18.22076],
        [73.0467, 18.22064],
        [73.0467, 18.22061],
        [73.0467, 18.2206],
        [73.0467, 18.2205],
        [73.04676, 18.22044],
        [73.0468, 18.2204],
        [73.04681, 18.2204],
        [73.04696, 18.22026],
        [73.047, 18.22019],
        [73.047, 18.2201],
        [73.047, 18.22],
        [73.047, 18.21993],
        [73.04696, 18.21987],
        [73.04691, 18.21981],
        [73.0469, 18.2198],
        [73.04684, 18.21974],
        [73.04683, 18.21973],
        [73.04683, 18.21973],
        [73.04675, 18.21969],
        [73.04669, 18.21965],
        [73.04672, 18.21962],
        [73.0467, 18.2196],
        [73.04673, 18.2196],
        [73.04675, 18.21957],
        [73.04685, 18.21953],
        [73.04688, 18.21952],
        [73.0469, 18.2195],
        [73.04694, 18.2195],
        [73.0471, 18.2195],
        [73.04715, 18.21955],
        [73.04719, 18.21957],
        [73.04728, 18.21968],
        [73.0473, 18.2197],
        [73.0473, 18.21973],
        [73.04732, 18.21977],
        [73.04732, 18.21987],
        [73.0473, 18.21991],
        [73.0473, 18.22],
        [73.0472, 18.2201],
        [73.0471, 18.2202],
        [73.0471, 18.2202],
        [73.0471, 18.2203],
        [73.0471, 18.22038],
        [73.04711, 18.22045],
        [73.04714, 18.22052],
        [73.0472, 18.2206],
        [73.0473, 18.2206],
        [73.04732, 18.2206],
        [73.04742, 18.22057],
        [73.04744, 18.22056],
        [73.0475, 18.2205],
        [73.04753, 18.22053],
        [73.04763, 18.22055],
        [73.04769, 18.2206],
        [73.0477, 18.2206],
        [73.04772, 18.22062],
        [73.0478, 18.2207],
        [73.048, 18.2209],
        [73.048, 18.221],
        [73.048, 18.22111],
        [73.04801, 18.22117],
        [73.048, 18.22126],
        [73.048, 18.2214],
        [73.04795, 18.22145],
        [73.04794, 18.22147],
        [73.0479, 18.22162],
        [73.0479, 18.22179],
        [73.04791, 18.22181],
        [73.048, 18.2219],
        [73.048, 18.22198],
        [73.04803, 18.22204],
        [73.04802, 18.22218],
        [73.048, 18.22225],
        [73.04801, 18.22231],
        [73.0481, 18.2224],
        [73.0482, 18.2225],
        [73.04826, 18.22253],
        [73.04838, 18.22255],
        [73.04852, 18.2226],
        [73.0486, 18.2226],
        [73.04866, 18.22266],
        [73.04868, 18.22267],
        [73.04879, 18.22275],
        [73.04884, 18.22278],
        [73.04892, 18.22276],
        [73.04898, 18.22272],
        [73.0491, 18.2226],
        [73.0493, 18.2225],
        [73.0495, 18.2224],
        [73.0496, 18.2224],
        [73.0499, 18.2223],
        [73.0502, 18.2222],
        [73.0504, 18.2221],
        [73.05059, 18.2221],
        [73.0506, 18.2221],
        [73.0508, 18.222],
        [73.0512, 18.2218],
        [73.0513, 18.2218],
        [73.0514, 18.2217],
        [73.0517, 18.2215],
        [73.05172, 18.22148],
        [73.0519, 18.2213],
        [73.0521, 18.2212],
        [73.0524, 18.2209],
        [73.0527, 18.2206],
        [73.05283, 18.22051],
        [73.053, 18.2204],
        [73.0532, 18.2202],
        [73.0533, 18.2201],
        [73.0535, 18.2199],
        [73.0538, 18.2196],
        [73.05382, 18.21958],
        [73.0539, 18.2195],
        [73.0543, 18.2191],
        [73.05441, 18.2191],
        [73.05449, 18.21906],
        [73.0547, 18.2189],
        [73.0549, 18.2187],
        [73.0551, 18.2186],
        [73.0556, 18.2182],
        [73.0557, 18.2181],
        [73.0558, 18.2181],
        [73.05581, 18.21809],
        [73.05598, 18.21798],
        [73.05605, 18.21793],
        [73.05608, 18.21791],
        [73.0561, 18.2179],
        [73.0562, 18.2178],
        [73.05636, 18.21775],
        [73.05645, 18.21769],
        [73.05657, 18.21763],
        [73.0566, 18.2176],
        [73.05674, 18.21755],
        [73.05693, 18.21747],
        [73.0571, 18.2173],
        [73.0574, 18.2172],
        [73.0576, 18.2171],
        [73.05761, 18.2171],
        [73.05777, 18.217],
        [73.05783, 18.21697],
        [73.0579, 18.2169],
        [73.058, 18.2169],
        [73.05805, 18.2169],
        [73.05812, 18.21688],
        [73.05838, 18.21679],
        [73.05849, 18.21676],
        [73.0586, 18.2167],
        [73.0587, 18.2167],
        [73.05887, 18.21666],
        [73.05903, 18.21664],
        [73.0591, 18.2166],
        [73.0593, 18.2165],
        [73.0596, 18.2164],
        [73.0599, 18.2163],
        [73.0603, 18.2162],
        [73.06038, 18.2162],
        [73.06053, 18.21616],
        [73.06062, 18.21614],
        [73.0607, 18.2161],
        [73.0609, 18.2161],
        [73.06117, 18.21601],
        [73.06152, 18.21589],
        [73.06179, 18.2158],
        [73.06189, 18.21577],
        [73.0621, 18.2157],
        [73.0623, 18.2156],
        [73.06242, 18.2156],
        [73.06248, 18.21558],
        [73.06261, 18.21556],
        [73.0628, 18.2155],
        [73.06304, 18.21544],
        [73.0632, 18.2154],
        [73.0636, 18.2153],
        [73.06389, 18.21511],
        [73.0639, 18.2151],
        [73.06391, 18.2151],
        [73.0643, 18.215],
        [73.06436, 18.21494],
        [73.0644, 18.2149],
        [73.06484, 18.21472],
        [73.06491, 18.21469],
        [73.06505, 18.21462],
        [73.06508, 18.21461],
        [73.0651, 18.2146],
        [73.06511, 18.2146],
        [73.06522, 18.21456],
        [73.06537, 18.21449],
        [73.0655, 18.2144],
        [73.0656, 18.2143],
        [73.0658, 18.2142],
        [73.06583, 18.21418],
        [73.066, 18.2141],
        [73.0662, 18.2139],
        [73.0663, 18.2138],
        [73.0664, 18.2137],
        [73.06658, 18.21361],
        [73.06672, 18.21348],
        [73.067, 18.2132],
        [73.06707, 18.21315],
        [73.0673, 18.213],
        [73.06744, 18.21279],
        [73.0675, 18.2127],
        [73.06756, 18.21267],
        [73.0677, 18.2126],
        [73.0678, 18.2125],
        [73.0681, 18.2121],
        [73.06823, 18.21197],
        [73.0683, 18.2119],
        [73.06831, 18.21189],
        [73.06858, 18.21158],
        [73.06873, 18.21141],
        [73.0688, 18.2113],
        [73.06885, 18.21125],
        [73.0689, 18.21117],
        [73.06896, 18.21102],
        [73.069, 18.21092],
        [73.069, 18.2108],
        [73.06907, 18.21073],
        [73.06908, 18.2107],
        [73.0691, 18.21065],
        [73.0691, 18.2106],
        [73.06915, 18.21055],
        [73.06922, 18.21045],
        [73.06929, 18.21028],
        [73.06936, 18.21014],
        [73.0694, 18.21003],
        [73.0694, 18.2099],
        [73.06949, 18.20981],
        [73.0695, 18.20979],
        [73.0695, 18.2096],
        [73.06955, 18.20955],
        [73.0696, 18.2095],
        [73.0696, 18.2093],
        [73.06955, 18.20925],
        [73.0695, 18.2092],
        [73.0695, 18.20901],
        [73.06947, 18.20897],
        [73.0694, 18.2089],
        [73.06938, 18.20885],
        [73.06925, 18.20872],
        [73.06917, 18.20864],
        [73.0691, 18.2086],
        [73.06904, 18.2085],
        [73.0689, 18.2083],
        [73.0687, 18.2082],
        [73.06852, 18.20808],
        [73.0684, 18.208],
        [73.06834, 18.20794],
        [73.06829, 18.2079],
        [73.06825, 18.20781],
        [73.06813, 18.20763],
        [73.0681, 18.2076],
        [73.068, 18.2075],
        [73.0678, 18.2073],
        [73.06774, 18.20719],
        [73.06768, 18.20712],
        [73.06762, 18.20706],
        [73.0675, 18.207],
        [73.0673, 18.2068],
        [73.06722, 18.20672],
        [73.067, 18.2065],
        [73.0665, 18.2062],
        [73.0662, 18.206],
        [73.06589, 18.20581],
        [73.0657, 18.2057],
        [73.06544, 18.20552],
        [73.06535, 18.20547],
        [73.06514, 18.20533],
        [73.06503, 18.20527],
        [73.0649, 18.2052],
        [73.0647, 18.2051],
        [73.0645, 18.205],
        [73.06444, 18.20494],
        [73.0643, 18.2048],
        [73.064, 18.2046],
        [73.06392, 18.2046],
        [73.0639, 18.2046],
        [73.0635, 18.2044],
        [73.063, 18.2041],
        [73.0628, 18.204],
        [73.06255, 18.20381],
        [73.06236, 18.20369],
        [73.06224, 18.20362],
        [73.062, 18.2035],
        [73.0618, 18.2034],
        [73.0614, 18.2033],
        [73.06132, 18.20322],
        [73.0613, 18.2032],
        [73.0611, 18.2032],
        [73.0609, 18.2032],
        [73.06061, 18.2033],
        [73.0603, 18.2034],
        [73.0601, 18.2034],
        [73.0598, 18.20348],
        [73.0597, 18.2035],
        [73.0591, 18.2036],
        [73.0589, 18.2037],
        [73.0587, 18.2038],
        [73.05854, 18.2038],
        [73.05846, 18.20382],
        [73.05841, 18.20383],
        [73.0582, 18.2039],
        [73.0579, 18.204],
        [73.05772, 18.204],
        [73.0577, 18.204],
        [73.0575, 18.204],
        [73.0573, 18.204],
        [73.0569, 18.2039],
        [73.0567, 18.2038],
        [73.0564, 18.2037],
        [73.0563, 18.2037],
        [73.05621, 18.2037],
        [73.0562, 18.2037],
        [73.0559, 18.204],
        [73.0558, 18.2041],
        [73.0556, 18.2041],
        [73.05551, 18.20407],
        [73.0553, 18.204],
        [73.0551, 18.2039],
        [73.053, 18.2023],
        [73.05299, 18.20228],
        [73.0529, 18.2021],
        [73.0528, 18.2018],
        [73.05274, 18.20174],
        [73.0527, 18.2017],
        [73.0527, 18.20165],
        [73.05265, 18.20156],
        [73.05263, 18.20153],
        [73.0526, 18.2015],
        [73.0524, 18.2013],
        [73.0522, 18.2011],
        [73.0522, 18.201],
        [73.0522, 18.201],
        [73.0522, 18.2008],
        [73.0522, 18.2007],
        [73.0522, 18.2006],
        [73.0522, 18.20047],
        [73.0522, 18.2004],
        [73.05227, 18.20033],
        [73.0523, 18.2003],
        [73.0525, 18.2001],
        [73.0526, 18.2001],
        [73.05274, 18.20003],
        [73.0528, 18.2],
        [73.0529, 18.2],
        [73.05304, 18.19997],
        [73.05315, 18.19987],
        [73.0532, 18.19978],
        [73.0532, 18.1997],
        [73.0531, 18.1996],
        [73.053, 18.1995],
        [73.0529, 18.1994],
        [73.0526, 18.1992],
        [73.052, 18.1989],
        [73.05186, 18.19868],
        [73.05175, 18.19857],
        [73.05162, 18.19842],
        [73.0515, 18.1983],
        [73.0514, 18.1981],
        [73.0514, 18.198],
        [73.05142, 18.19796],
        [73.0515, 18.1978],
        [73.0516, 18.1976],
        [73.0517, 18.1974],
        [73.0518, 18.1971],
        [73.0519, 18.1969],
        [73.0519, 18.19682],
        [73.0519, 18.1967],
        [73.0519, 18.19652],
        [73.0519, 18.1965],
        [73.0519, 18.1962],
        [73.05193, 18.19611],
        [73.05196, 18.19591],
        [73.052, 18.19581],
        [73.052, 18.1958],
        [73.0521, 18.1955],
        [73.05218, 18.19534],
        [73.0522, 18.1953],
        [73.0523, 18.195],
        [73.05241, 18.19489],
        [73.0525, 18.1948],
        [73.0528, 18.1943],
        [73.0529, 18.1941],
        [73.0531, 18.1938],
        [73.0531, 18.19372],
        [73.0531, 18.1937],
        [73.05315, 18.19359],
        [73.05318, 18.19353],
        [73.0532, 18.19346],
        [73.0532, 18.1934],
        [73.0532, 18.19332],
        [73.05319, 18.19322],
        [73.05315, 18.1931],
        [73.0531, 18.193],
        [73.0531, 18.19295],
        [73.05307, 18.19287],
        [73.05279, 18.19253],
        [73.05272, 18.19246],
        [73.0526, 18.1924],
        [73.0526, 18.19233],
        [73.0526, 18.1923],
        [73.0525, 18.1921],
        [73.0524, 18.1919],
        [73.05235, 18.19185],
        [73.0523, 18.1918],
        [73.0523, 18.1917],
        [73.05229, 18.19164],
        [73.0523, 18.19159],
        [73.0523, 18.1915],
        [73.05236, 18.19138],
        [73.05239, 18.19129],
        [73.05246, 18.19118],
        [73.05262, 18.19102],
        [73.0527, 18.1909],
        [73.05287, 18.19073],
        [73.0529, 18.19065],
        [73.0529, 18.1906],
        [73.05294, 18.19051],
        [73.05295, 18.19043],
        [73.05295, 18.19029],
        [73.0529, 18.1902],
        [73.0529, 18.19],
        [73.0529, 18.18999],
        [73.05287, 18.18991],
        [73.05286, 18.18972],
        [73.0529, 18.18963],
        [73.0529, 18.1896],
        [73.05298, 18.18952],
        [73.05301, 18.18948],
        [73.05326, 18.18924],
        [73.0533, 18.1892],
        [73.0534, 18.1891],
        [73.0535, 18.189],
        [73.05352, 18.18898],
        [73.05356, 18.18888],
        [73.0536, 18.18873],
        [73.0536, 18.1887],
        [73.0536, 18.1885],
        [73.05352, 18.18834],
        [73.0535, 18.1883],
        [73.0534, 18.1882],
        [73.0532, 18.1881],
        [73.05303, 18.18801],
        [73.053, 18.188],
        [73.053, 18.18796],
        [73.05297, 18.18791],
        [73.05294, 18.18777],
        [73.05292, 18.18774],
        [73.05277, 18.1876],
        [73.05267, 18.18746],
        [73.05266, 18.18743],
        [73.0526, 18.1873],
        [73.0526, 18.187],
        [73.0527, 18.1869],
        [73.05273, 18.18686],
        [73.053, 18.1865],
        [73.05302, 18.18648],
        [73.05309, 18.18635],
        [73.0531, 18.18628],
        [73.0531, 18.1861],
        [73.0531, 18.18594],
        [73.0531, 18.1859],
        [73.053, 18.1857],
        [73.0529, 18.1856],
        [73.0527, 18.1854],
        [73.0525, 18.1853],
        [73.0524, 18.1852],
        [73.05186, 18.18499],
        [73.0511, 18.1847],
        [73.05, 18.1839],
        [73.05002, 18.18389],
        [73.0502, 18.1838],
        [73.0503, 18.1836],
        [73.0503, 18.18335],
        [73.0503, 18.1833],
        [73.05031, 18.18328],
        [73.05031, 18.18327],
        [73.05037, 18.18315],
        [73.05038, 18.18314],
        [73.0504, 18.1831],
        [73.05046, 18.18307],
        [73.0506, 18.183],
        [73.0507, 18.1828],
        [73.0507, 18.1827],
        [73.05067, 18.18267],
        [73.0506, 18.1826],
        [73.0506, 18.1825],
        [73.0506, 18.1824],
        [73.0508, 18.1823],
        [73.051, 18.1822],
        [73.0512, 18.1821],
        [73.0514, 18.1821],
        [73.05145, 18.18215],
        [73.05146, 18.18215],
        [73.05154, 18.18224],
        [73.05158, 18.18244],
        [73.0516, 18.1825],
        [73.0516, 18.18254],
        [73.05163, 18.18271],
        [73.05165, 18.18275],
        [73.0517, 18.1828],
        [73.05176, 18.18286],
        [73.0518, 18.18288],
        [73.05193, 18.18289],
        [73.05199, 18.18288],
        [73.05205, 18.1828],
        [73.0521, 18.1827],
        [73.05221, 18.18265],
        [73.05231, 18.18257],
        [73.05235, 18.18255],
        [73.0524, 18.1825],
        [73.0526, 18.1825],
        [73.0527, 18.1826],
        [73.0527, 18.18263],
        [73.0527, 18.1827],
        [73.0529, 18.183],
        [73.0531, 18.1831],
        [73.0533, 18.1832],
        [73.05336, 18.1832],
        [73.0534, 18.1832],
        [73.0537, 18.1832],
        [73.05389, 18.18311],
        [73.05392, 18.18307],
        [73.054, 18.1829],
        [73.05402, 18.18286],
        [73.0541, 18.1827],
        [73.0541, 18.1818],
        [73.0541, 18.1817],
        [73.0541, 18.1816],
        [73.05417, 18.18153],
        [73.0542, 18.18147],
        [73.05439, 18.18131],
        [73.0544, 18.1813],
        [73.0544, 18.1813],
        [73.0546, 18.1812],
        [73.0548, 18.181],
        [73.0549, 18.1809],
        [73.055, 18.1804],
        [73.055, 18.18038],
        [73.055, 18.1803],
        [73.0552, 18.1801],
        [73.05529, 18.18001],
        [73.05531, 18.17997],
        [73.0554, 18.1798],
        [73.05544, 18.17978],
        [73.05545, 18.17976],
        [73.05555, 18.17966],
        [73.0556, 18.17962],
        [73.0556, 18.1796],
        [73.0558, 18.1795],
        [73.056, 18.1794],
        [73.0561, 18.1793],
        [73.0562, 18.1791],
        [73.05626, 18.17891],
        [73.05629, 18.17881],
        [73.05652, 18.17847],
        [73.0566, 18.1784],
        [73.0567, 18.1783],
        [73.0569, 18.1782],
        [73.0571, 18.1781],
        [73.0572, 18.178],
        [73.0573, 18.1778],
        [73.05723, 18.17747],
        [73.0572, 18.1773],
        [73.0572, 18.17663],
        [73.0572, 18.1766],
        [73.0572, 18.1763],
        [73.0572, 18.17628],
        [73.0572, 18.1762],
        [73.05722, 18.17616],
        [73.0573, 18.176],
        [73.0574, 18.1758],
        [73.05755, 18.17557],
        [73.0576, 18.1755],
        [73.05776, 18.17534],
        [73.0579, 18.1752],
        [73.0581, 18.175],
        [73.0583, 18.1748],
        [73.0586, 18.1744],
        [73.05868, 18.17417],
        [73.0587, 18.1741],
        [73.05873, 18.17407],
        [73.05875, 18.174],
        [73.05874, 18.17383],
        [73.0587, 18.1737],
        [73.0587, 18.17362],
        [73.05869, 18.17359],
        [73.05867, 18.17354],
        [73.0586, 18.1734],
        [73.0586, 18.17333],
        [73.05859, 18.17329],
        [73.05858, 18.17294],
        [73.0586, 18.17292],
        [73.0586, 18.1729],
        [73.05868, 18.17282],
        [73.05873, 18.17276],
        [73.05876, 18.17274],
        [73.0589, 18.1726],
        [73.0591, 18.1725],
        [73.0593, 18.1724],
        [73.0598, 18.172],
        [73.05982, 18.17199],
        [73.05983, 18.17198],
        [73.05985, 18.17197],
        [73.06, 18.1719],
        [73.0601, 18.1719],
        [73.0602, 18.1719],
        [73.0603, 18.1718],
        [73.0605, 18.1716],
        [73.0605, 18.1714],
        [73.0605, 18.1713],
        [73.0604, 18.1711],
        [73.0604, 18.1709],
        [73.0604, 18.1708],
        [73.0604, 18.1707],
        [73.06053, 18.17057],
        [73.0606, 18.1705],
        [73.0609, 18.1695],
        [73.06091, 18.16949],
        [73.061, 18.1694],
        [73.0612, 18.1694],
        [73.06133, 18.16944],
        [73.0615, 18.1695],
        [73.0618, 18.1695],
        [73.06189, 18.16941],
        [73.06198, 18.16931],
        [73.062, 18.16922],
        [73.062, 18.1692],
        [73.062, 18.16913],
        [73.06197, 18.16901],
        [73.06188, 18.16877],
        [73.0617, 18.1685],
        [73.0616, 18.1683],
        [73.0615, 18.1682],
        [73.0614, 18.168],
        [73.06138, 18.16796],
        [73.0613, 18.1678],
        [73.0612, 18.1676],
        [73.0611, 18.1674],
        [73.06104, 18.16734],
        [73.061, 18.1673],
        [73.061, 18.1672],
        [73.061, 18.167],
        [73.06102, 18.16698],
        [73.06102, 18.16697],
        [73.06109, 18.16687],
        [73.06115, 18.16682],
        [73.06118, 18.16682],
        [73.0612, 18.1668],
        [73.0613, 18.1668],
        [73.0614, 18.1669],
        [73.0615, 18.167],
        [73.0619, 18.1674],
        [73.06206, 18.16756],
        [73.0621, 18.1676],
        [73.06232, 18.16621],
        [73.0624, 18.1657],
        [73.0627, 18.1646],
        [73.06276, 18.16448],
        [73.0629, 18.1642],
        [73.0632, 18.16384],
        [73.0634, 18.1636],
        [73.06341, 18.16359],
        [73.06343, 18.16355],
        [73.06351, 18.16349],
        [73.0636, 18.1634],
        [73.06365, 18.1634],
        [73.0637, 18.1634],
        [73.0639, 18.1633],
        [73.0641, 18.1632],
        [73.06415, 18.1631],
        [73.0642, 18.163],
        [73.0641, 18.1622],
        [73.064, 18.1617],
        [73.06472, 18.16119],
        [73.06497, 18.16101],
        [73.06499, 18.161],
        [73.065, 18.161],
        [73.0657, 18.1608],
        [73.06581, 18.16074],
        [73.06611, 18.16055],
        [73.0663, 18.1599],
        [73.0666, 18.1597],
        [73.06672, 18.15964],
        [73.06681, 18.15958],
        [73.067, 18.15948],
        [73.06721, 18.15928],
        [73.0673, 18.1591],
        [73.0673, 18.1589],
        [73.0673, 18.15877],
        [73.0673, 18.1585],
        [73.0673, 18.1583],
        [73.0673, 18.1582],
        [73.0673, 18.1581],
        [73.06743, 18.15797],
        [73.06746, 18.15793],
        [73.0675, 18.1579],
        [73.0675, 18.1579],
        [73.06751, 18.1579],
        [73.06771, 18.15775],
        [73.06782, 18.15768],
        [73.0679, 18.1576],
        [73.0682, 18.1575],
        [73.0685, 18.1575],
        [73.06855, 18.1575],
        [73.06875, 18.15748],
        [73.06891, 18.15745],
        [73.069, 18.1574],
        [73.0692, 18.1573],
        [73.0693, 18.1572],
        [73.06937, 18.15713],
        [73.0694, 18.1571],
        [73.0694, 18.157],
        [73.0694, 18.1568],
        [73.06931, 18.15661],
        [73.0693, 18.1566],
        [73.0693, 18.15658],
        [73.0693, 18.1564],
        [73.0693, 18.1562],
        [73.0694, 18.1558],
        [73.0695, 18.15551],
        [73.0695, 18.1555],
        [73.06951, 18.15549],
        [73.0697, 18.1553],
        [73.0698, 18.155],
        [73.0699, 18.1547],
        [73.07, 18.1545],
        [73.0701, 18.1542],
        [73.0702, 18.1539],
        [73.0703, 18.1537],
        [73.07037, 18.1535],
        [73.0704, 18.1534],
        [73.07047, 18.15333],
        [73.0705, 18.1533],
        [73.0708, 18.153],
        [73.0709, 18.15285],
        [73.071, 18.1527],
        [73.0711, 18.1525],
        [73.07124, 18.15236],
        [73.07129, 18.15227],
        [73.07135, 18.15215],
        [73.0714, 18.152],
        [73.07148, 18.15184],
        [73.0715, 18.1518],
        [73.07156, 18.15174],
        [73.07165, 18.15163],
        [73.07178, 18.1514],
        [73.0718, 18.15133],
        [73.0718, 18.1512],
        [73.0718, 18.1508],
        [73.0718, 18.1507],
        [73.0718, 18.1506],
        [73.07178, 18.15049],
        [73.07179, 18.15028],
        [73.0718, 18.15025],
        [73.0718, 18.1502],
        [73.07182, 18.15019],
        [73.07183, 18.15017],
        [73.07195, 18.15011],
        [73.072, 18.1501],
        [73.072, 18.1501],
        [73.072, 18.1501],
        [73.07211, 18.15008],
        [73.07236, 18.15009],
        [73.07252, 18.1501],
        [73.0727, 18.1501],
        [73.07278, 18.1501],
        [73.073, 18.1501],
        [73.0732, 18.1501],
        [73.0733, 18.1502],
        [73.07359, 18.15034],
        [73.0737, 18.1504],
        [73.0742, 18.1508],
        [73.0744, 18.151],
        [73.0746, 18.1511],
        [73.0749, 18.1512],
        [73.0754, 18.1513],
        [73.0758, 18.1513],
        [73.0762, 18.1513],
        [73.0764, 18.1513],
        [73.07651, 18.1513],
        [73.0767, 18.1513],
        [73.07699, 18.1512],
        [73.077, 18.1512],
        [73.0774, 18.1512],
        [73.0775, 18.1513],
        [73.0776, 18.1515],
        [73.0777, 18.1518],
        [73.0777, 18.1523],
        [73.0777, 18.1526],
        [73.07775, 18.15276],
        [73.0778, 18.1529],
        [73.078, 18.1531],
        [73.0781, 18.1532],
        [73.07829, 18.1532],
        [73.07832, 18.15319],
        [73.0785, 18.1531],
        [73.07858, 18.1531],
        [73.0787, 18.1531],
        [73.079, 18.153],
        [73.0792, 18.1529],
        [73.0793, 18.1528],
        [73.07933, 18.15274],
        [73.0794, 18.1526],
        [73.07954, 18.15246],
        [73.0796, 18.1524],
        [73.0798, 18.1522],
        [73.08, 18.1519],
        [73.0803, 18.1516],
        [73.0804, 18.1515],
        [73.08041, 18.15146],
        [73.0805, 18.1512],
        [73.0805, 18.151],
        [73.0805, 18.1505],
        [73.0805, 18.15033],
        [73.08049, 18.15028],
        [73.0803, 18.1499],
        [73.0803, 18.14971],
        [73.0803, 18.1497],
        [73.0803, 18.1495],
        [73.08035, 18.14936],
        [73.0804, 18.1492],
        [73.0804, 18.1491],
        [73.0803, 18.1489],
        [73.08027, 18.14885],
        [73.0802, 18.1487],
        [73.0801, 18.1485],
        [73.08, 18.1483],
        [73.08, 18.14811],
        [73.08, 18.1481],
        [73.08, 18.1479],
        [73.08009, 18.14781],
        [73.0801, 18.1478],
        [73.08015, 18.1478],
        [73.08026, 18.14778],
        [73.08036, 18.1478],
        [73.0804, 18.1478],
        [73.0807, 18.148],
        [73.0809, 18.1481],
        [73.08095, 18.14815],
        [73.081, 18.14816],
        [73.08107, 18.14813],
        [73.0811, 18.1481],
        [73.08179, 18.14938],
        [73.082, 18.14929],
        [73.08287, 18.14904],
        [73.083, 18.149],
        [73.08313, 18.14894],
        [73.08317, 18.14891],
        [73.08326, 18.14887],
        [73.08338, 18.1489],
        [73.0834, 18.1489],
        [73.08367, 18.14899],
        [73.08374, 18.149],
        [73.0839, 18.149],
        [73.08418, 18.149],
        [73.0843, 18.149],
        [73.0845, 18.149],
        [73.08466, 18.14884],
        [73.0847, 18.1488],
        [73.08476, 18.14877],
        [73.0849, 18.1487],
        [73.085, 18.1484],
        [73.0851, 18.1482],
        [73.0851, 18.1479],
        [73.0851, 18.1475],
        [73.0851, 18.1473],
        [73.08499, 18.14719],
        [73.0849, 18.1471],
        [73.0849, 18.1466],
        [73.08496, 18.14654],
        [73.085, 18.1465],
        [73.08508, 18.14658],
        [73.0852, 18.14665],
        [73.0853, 18.1467],
        [73.0855, 18.1468],
        [73.08556, 18.1468],
        [73.08562, 18.14679],
        [73.0858, 18.1467],
        [73.08584, 18.1467],
        [73.08587, 18.14667],
        [73.0859, 18.14663],
        [73.0859, 18.1466],
        [73.08592, 18.1466],
        [73.08593, 18.14659],
        [73.08605, 18.14659],
        [73.08606, 18.1466],
        [73.0861, 18.1466],
        [73.0861, 18.14666],
        [73.08611, 18.14668],
        [73.08618, 18.14686],
        [73.0862, 18.1469],
        [73.08629, 18.14703],
        [73.08638, 18.14716],
        [73.08651, 18.1473],
        [73.08658, 18.14734],
        [73.08667, 18.14739],
        [73.08672, 18.1474],
        [73.0868, 18.1474],
        [73.0871, 18.1474],
        [73.0873, 18.1473],
        [73.08736, 18.1473],
        [73.08742, 18.14725],
        [73.08743, 18.14723],
        [73.0875, 18.1471],
        [73.08764, 18.14696],
        [73.0877, 18.1469],
        [73.0878, 18.1467],
        [73.0878, 18.14655],
        [73.0878, 18.1465],
        [73.08787, 18.14641],
        [73.0881, 18.1461],
        [73.0882, 18.1459],
        [73.0882, 18.1458],
        [73.0882, 18.1457],
        [73.0882, 18.1454],
        [73.0882, 18.1453],
        [73.08815, 18.14516],
        [73.08807, 18.14503],
        [73.08802, 18.145],
        [73.088, 18.145],
        [73.0879, 18.14493],
        [73.0877, 18.14484],
        [73.08755, 18.1448],
        [73.0875, 18.1448],
        [73.08748, 18.14478],
        [73.08747, 18.14478],
        [73.08739, 18.14472],
        [73.08736, 18.14466],
        [73.0874, 18.14445],
        [73.0874, 18.1442],
        [73.0874, 18.144],
        [73.0874, 18.14397],
        [73.08738, 18.14395],
        [73.08737, 18.14382],
        [73.0874, 18.14364],
        [73.0874, 18.1436],
        [73.08743, 18.1436],
        [73.08746, 18.14357],
        [73.08757, 18.14353],
        [73.0876, 18.1435],
        [73.08765, 18.1435],
        [73.08772, 18.14347],
        [73.08782, 18.14347],
        [73.08788, 18.1435],
        [73.0879, 18.1435],
        [73.08792, 18.14352],
        [73.0881, 18.1437],
        [73.08821, 18.14387],
        [73.08831, 18.14397],
        [73.08839, 18.14406],
        [73.0884, 18.1441],
        [73.0884, 18.1441],
        [73.0884, 18.14413],
        [73.08842, 18.14426],
        [73.08845, 18.14435],
        [73.0885, 18.1444],
        [73.0886, 18.1446],
        [73.0888, 18.1447],
        [73.089, 18.1448],
        [73.0891, 18.1448],
        [73.0894, 18.1448],
        [73.08947, 18.1448],
        [73.08951, 18.14479],
        [73.0896, 18.1447],
        [73.08965, 18.14467],
        [73.08976, 18.14456],
        [73.0898, 18.14445],
        [73.0898, 18.1444],
        [73.0898, 18.1441],
        [73.08982, 18.14406],
        [73.08988, 18.14392],
        [73.08989, 18.14391],
        [73.0899, 18.1439],
        [73.08992, 18.1439],
        [73.09, 18.1439],
        [73.0902, 18.1439],
        [73.09041, 18.1439],
        [73.0907, 18.1439],
        [73.0909, 18.144],
        [73.09105, 18.14422],
        [73.0911, 18.1443],
        [73.0913, 18.1444],
        [73.0916, 18.1445],
        [73.09163, 18.1445],
        [73.0917, 18.1445],
        [73.09179, 18.14468],
        [73.0918, 18.1447],
        [73.0918, 18.14475],
        [73.09181, 18.14481],
        [73.09182, 18.14519],
        [73.0918, 18.14541],
        [73.0918, 18.1456],
        [73.0918, 18.1458],
        [73.0919, 18.14597],
        [73.09205, 18.14607],
        [73.0922, 18.1461],
        [73.09239, 18.14609],
        [73.09244, 18.14608],
        [73.0926, 18.146],
        [73.0928, 18.1459],
        [73.09288, 18.14582],
        [73.09297, 18.14567],
        [73.093, 18.1456],
        [73.09309, 18.14542],
        [73.0931, 18.14537],
        [73.0931, 18.1452],
        [73.09314, 18.14512],
        [73.0932, 18.145],
        [73.0932, 18.1448],
        [73.0932, 18.14469],
        [73.0932, 18.1446],
        [73.09327, 18.14446],
        [73.0933, 18.1444],
        [73.0933, 18.1441],
        [73.0933, 18.1438],
        [73.09338, 18.14372],
        [73.0934, 18.1437],
        [73.09343, 18.1437],
        [73.0935, 18.1437],
        [73.0937, 18.1437],
        [73.0938, 18.1436],
        [73.09381, 18.14359],
        [73.0939, 18.1435],
        [73.094, 18.1434],
        [73.09402, 18.14338],
        [73.09405, 18.1433],
        [73.09405, 18.14322],
        [73.09402, 18.14313],
        [73.094, 18.1431],
        [73.09396, 18.14304],
        [73.09397, 18.14295],
        [73.094, 18.14292],
        [73.094, 18.1429],
        [73.0941, 18.1428],
        [73.0943, 18.1427],
        [73.0945, 18.1426],
        [73.09461, 18.14248],
        [73.0947, 18.14227],
        [73.09479, 18.14188],
        [73.09483, 18.14178],
        [73.0949, 18.1415],
        [73.09505, 18.14135],
        [73.09509, 18.14129],
        [73.09514, 18.14123],
        [73.0953, 18.141],
        [73.0955, 18.1409],
        [73.09552, 18.1409],
        [73.0957, 18.1409],
        [73.096, 18.1409],
        [73.0964, 18.141],
        [73.0971, 18.1411],
        [73.09718, 18.1411],
        [73.0973, 18.1411],
        [73.09752, 18.14116],
        [73.09769, 18.14117],
        [73.09784, 18.14115],
        [73.098, 18.1411],
        [73.0985, 18.141],
        [73.09864, 18.141],
        [73.09873, 18.14097],
        [73.099, 18.1408],
        [73.0992, 18.1406],
        [73.0995, 18.1404],
        [73.0998, 18.1403],
        [73.09983, 18.1403],
        [73.09993, 18.14027],
        [73.10007, 18.14024],
        [73.1002, 18.1402],
        [73.1005, 18.1402],
        [73.101, 18.1402],
        [73.10112, 18.14026],
        [73.10116, 18.14027],
        [73.1019, 18.1405],
        [73.1021, 18.1406],
        [73.1025, 18.1406],
        [73.10259, 18.14051],
        [73.1026, 18.1405],
        [73.1028, 18.1404],
        [73.1031, 18.14],
        [73.10319, 18.14],
        [73.10326, 18.13996],
        [73.10338, 18.13992],
        [73.1034, 18.1399],
        [73.1037, 18.1399],
        [73.10373, 18.13993],
        [73.1039, 18.1401],
        [73.10436, 18.14025],
        [73.1045, 18.1403],
        [73.10453, 18.14032],
        [73.1047, 18.1404],
        [73.105, 18.1404],
        [73.1052, 18.1404],
        [73.1052, 18.1404],
        [73.1057, 18.1409],
        [73.1054, 18.1411],
        [73.1054, 18.1411],
        [73.1053, 18.14124],
        [73.10523, 18.14137],
        [73.1052, 18.14146],
        [73.1052, 18.1416],
        [73.1052, 18.1421],
        [73.1052, 18.1423],
        [73.10516, 18.14237],
        [73.10514, 18.14246],
        [73.1051, 18.14257],
        [73.1051, 18.1427],
        [73.10493, 18.14295],
        [73.10491, 18.143],
        [73.10487, 18.14309],
        [73.1048, 18.1433],
        [73.10474, 18.14336],
        [73.1047, 18.1434],
        [73.1044, 18.1438],
        [73.1042, 18.1441],
        [73.1041, 18.1443],
        [73.104, 18.1445],
        [73.1037, 18.1448],
        [73.10364, 18.14486],
        [73.1036, 18.14494],
        [73.1036, 18.1451],
        [73.1036, 18.14518],
        [73.10361, 18.14527],
        [73.10364, 18.14538],
        [73.1037, 18.1455],
        [73.1038, 18.1458],
        [73.1039, 18.146],
        [73.1039, 18.1461],
        [73.10386, 18.14622],
        [73.1038, 18.1464],
        [73.1037, 18.1466],
        [73.1036, 18.1468],
        [73.1034, 18.147],
        [73.10336, 18.14702],
        [73.10323, 18.14713],
        [73.10304, 18.14726],
        [73.1029, 18.1474],
        [73.10282, 18.1474],
        [73.10274, 18.14744],
        [73.10265, 18.14751],
        [73.1026, 18.1476],
        [73.1023, 18.1478],
        [73.1022, 18.1479],
        [73.10202, 18.14808],
        [73.1019, 18.14822],
        [73.10187, 18.14827],
        [73.1018, 18.1484],
        [73.1017, 18.14859],
        [73.1017, 18.14861],
        [73.1017, 18.1487],
        [73.1017, 18.149],
        [73.1017, 18.1492],
        [73.1019, 18.1495],
        [73.10197, 18.14964],
        [73.102, 18.14968],
        [73.10202, 18.14972],
        [73.1021, 18.1498],
        [73.1024, 18.1502],
        [73.1025, 18.1504],
        [73.1025, 18.15041],
        [73.10252, 18.15043],
        [73.10263, 18.15064],
        [73.1027, 18.15079],
        [73.10271, 18.15098],
        [73.1027, 18.15119],
        [73.1027, 18.1512],
        [73.10268, 18.15126],
        [73.10262, 18.15147],
        [73.10252, 18.15169],
        [73.1025, 18.15174],
        [73.1025, 18.1519],
        [73.10241, 18.15217],
        [73.1024, 18.15221],
        [73.1024, 18.1524],
        [73.1023, 18.1527],
        [73.1022, 18.153],
        [73.10219, 18.15302],
        [73.1021, 18.1532],
        [73.102, 18.1534],
        [73.102, 18.15359],
        [73.102, 18.1538],
        [73.10194, 18.15391],
        [73.10193, 18.15404],
        [73.10192, 18.15427],
        [73.1019, 18.15434],
        [73.1019, 18.1544],
        [73.10186, 18.15447],
        [73.1018, 18.1546],
        [73.1017, 18.1548],
        [73.1016, 18.1549],
        [73.1015, 18.1551],
        [73.1014, 18.1552],
        [73.1013, 18.1554],
        [73.1012, 18.1557],
        [73.1012, 18.15583],
        [73.1012, 18.156],
        [73.1011, 18.1562],
        [73.101, 18.1564],
        [73.1009, 18.1567],
        [73.10085, 18.15685],
        [73.1008, 18.157],
        [73.1008, 18.1574],
        [73.10084, 18.15744],
        [73.1009, 18.1575],
        [73.10095, 18.15771],
        [73.10104, 18.15789],
        [73.10072, 18.15818],
        [73.1006, 18.1583],
        [73.10042, 18.1583],
        [73.10038, 18.15831],
        [73.1002, 18.1584],
        [73.1, 18.1585],
        [73.0998, 18.1586],
        [73.0997, 18.1588],
        [73.09964, 18.15893],
        [73.09962, 18.15899],
        [73.09962, 18.15926],
        [73.0996, 18.15929],
        [73.0996, 18.1593],
        [73.0996, 18.1594],
        [73.0995, 18.1595],
        [73.09948, 18.15952],
        [73.09943, 18.1596],
        [73.09931, 18.15969],
        [73.0993, 18.1597],
        [73.0992, 18.1598],
        [73.0989, 18.1598],
        [73.0987, 18.1598],
        [73.09857, 18.1598],
        [73.09849, 18.15983],
        [73.0983, 18.15992],
        [73.09828, 18.15995],
        [73.0982, 18.1601],
        [73.09811, 18.16019],
        [73.0981, 18.16021],
        [73.0981, 18.1603],
        [73.0981, 18.1607],
        [73.0981, 18.161],
        [73.0981, 18.1614],
        [73.098, 18.1615],
        [73.0979, 18.1616],
        [73.09784, 18.1616],
        [73.0978, 18.1616],
        [73.0976, 18.1616],
        [73.0975, 18.1616],
        [73.0974, 18.1615],
        [73.09735, 18.1615],
        [73.0973, 18.1615],
        [73.0973, 18.16139],
        [73.09728, 18.1613],
        [73.09726, 18.16119],
        [73.0972, 18.161],
        [73.0972, 18.1606],
        [73.09723, 18.16053],
        [73.0973, 18.1604],
        [73.0973, 18.1602],
        [73.09724, 18.16009],
        [73.0972, 18.16],
        [73.0972, 18.1599],
        [73.0972, 18.15984],
        [73.09718, 18.1598],
        [73.09711, 18.15971],
        [73.0971, 18.1597],
        [73.09703, 18.15963],
        [73.09693, 18.15961],
        [73.09681, 18.15961],
        [73.09663, 18.1597],
        [73.09649, 18.15981],
        [73.0963, 18.1601],
        [73.09627, 18.16013],
        [73.0962, 18.1602],
        [73.0961, 18.1604],
        [73.0961, 18.1607],
        [73.0962, 18.1608],
        [73.0963, 18.1609],
        [73.09644, 18.16111],
        [73.09654, 18.16123],
        [73.09658, 18.16128],
        [73.0967, 18.1614],
        [73.0968, 18.1616],
        [73.0968, 18.1618],
        [73.09674, 18.16199],
        [73.09673, 18.1621],
        [73.09674, 18.16228],
        [73.0968, 18.1625],
        [73.0968, 18.1628],
        [73.09673, 18.16287],
        [73.09671, 18.16294],
        [73.09661, 18.16317],
        [73.0966, 18.1632],
        [73.0965, 18.1634],
        [73.0964, 18.1635],
        [73.0962, 18.1637],
        [73.0959, 18.164],
        [73.0956, 18.1643],
        [73.0955, 18.1644],
        [73.0954, 18.1646],
        [73.09526, 18.16474],
        [73.09514, 18.16494],
        [73.0951, 18.16504],
        [73.0951, 18.1651],
        [73.09502, 18.16534],
        [73.09501, 18.16538],
        [73.095, 18.16544],
        [73.095, 18.1658],
        [73.09493, 18.16602],
        [73.09492, 18.16608],
        [73.0949, 18.16622],
        [73.0949, 18.1663],
        [73.0949, 18.1669],
        [73.0949, 18.1669],
        [73.0948, 18.1675],
        [73.0948, 18.1677],
        [73.09486, 18.16792],
        [73.0949, 18.1681],
        [73.0949, 18.1685],
        [73.0948, 18.1687],
        [73.0947, 18.169],
        [73.0946, 18.1691],
        [73.0945, 18.1692],
        [73.09448, 18.16921],
        [73.09445, 18.16925],
        [73.09433, 18.16934],
        [73.0943, 18.16935],
        [73.0943, 18.1694],
        [73.094, 18.1694],
        [73.0938, 18.1694],
        [73.09374, 18.16937],
        [73.0936, 18.1693],
        [73.0934, 18.1693],
        [73.0932, 18.1693],
        [73.09311, 18.16934],
        [73.093, 18.1694],
        [73.0928, 18.1694],
        [73.09278, 18.16938],
        [73.0926, 18.1692],
        [73.0924, 18.169],
        [73.0923, 18.16895],
        [73.0922, 18.1689],
        [73.09216, 18.16886],
        [73.09209, 18.16883],
        [73.09198, 18.1688],
        [73.0918, 18.1688],
        [73.0916, 18.1689],
        [73.09141, 18.16896],
        [73.09131, 18.16902],
        [73.09098, 18.16933],
        [73.0908, 18.1696],
        [73.0907, 18.1697],
        [73.0906, 18.1699],
        [73.09056, 18.17003],
        [73.09054, 18.17015],
        [73.0905, 18.17026],
        [73.0905, 18.1703],
        [73.09037, 18.17051],
        [73.09024, 18.17075],
        [73.0902, 18.17088],
        [73.0902, 18.1709],
        [73.0901, 18.1712],
        [73.09, 18.1715],
        [73.08999, 18.17151],
        [73.08993, 18.17164],
        [73.08984, 18.17177],
        [73.0898, 18.1719],
        [73.0897, 18.172],
        [73.08946, 18.17216],
        [73.08938, 18.17224],
        [73.08922, 18.17242],
        [73.08912, 18.17248],
        [73.0891, 18.1725],
        [73.08905, 18.1725],
        [73.08895, 18.17253],
        [73.08875, 18.17254],
        [73.0884, 18.1726],
        [73.0881, 18.1726],
        [73.08801, 18.17263],
        [73.08783, 18.17277],
        [73.0878, 18.1728],
        [73.0876, 18.173],
        [73.08757, 18.173],
        [73.08751, 18.17304],
        [73.08743, 18.17307],
        [73.0874, 18.1731],
        [73.0873, 18.1731],
        [73.0872, 18.173],
        [73.0871, 18.1729],
        [73.0871, 18.1728],
        [73.0871, 18.1724],
        [73.0871, 18.1722],
        [73.087, 18.172],
        [73.0869, 18.1719],
        [73.0869, 18.1717],
        [73.087, 18.1715],
        [73.08702, 18.17148],
        [73.0871, 18.1714],
        [73.0871, 18.1713],
        [73.0871, 18.1709],
        [73.087, 18.1707],
        [73.0869, 18.1705],
        [73.0868, 18.1703],
        [73.0865, 18.1701],
        [73.08643, 18.1701],
        [73.0864, 18.1701],
        [73.08628, 18.17004],
        [73.08619, 18.17002],
        [73.08609, 18.17002],
        [73.08602, 18.17004],
        [73.0859, 18.1701],
        [73.0858, 18.1702],
        [73.08571, 18.17025],
        [73.0856, 18.1703],
        [73.0855, 18.1705],
        [73.0854, 18.1707],
        [73.0853, 18.1709],
        [73.0853, 18.17103],
        [73.0853, 18.1711],
        [73.08528, 18.17112],
        [73.08523, 18.17118],
        [73.08522, 18.17118],
        [73.0852, 18.1712],
        [73.0851, 18.1712],
        [73.085, 18.1711],
        [73.0849, 18.171],
        [73.08485, 18.17095],
        [73.08481, 18.17093],
        [73.08472, 18.17092],
        [73.08463, 18.17094],
        [73.08454, 18.17096],
        [73.0845, 18.171],
        [73.0844, 18.171],
        [73.0844, 18.17092],
        [73.0844, 18.1709],
        [73.0844, 18.1705],
        [73.08434, 18.17025],
        [73.0843, 18.1701],
        [73.0843, 18.17004],
        [73.08429, 18.17001],
        [73.08425, 18.16995],
        [73.0842, 18.1699],
        [73.0841, 18.1699],
        [73.0839, 18.17],
        [73.08378, 18.17008],
        [73.08364, 18.17021],
        [73.0836, 18.17026],
        [73.0836, 18.1703],
        [73.0834, 18.1705],
        [73.0834, 18.1706],
        [73.0833, 18.1707],
        [73.08292, 18.17089],
        [73.08289, 18.17091],
        [73.0828, 18.171],
        [73.0827, 18.1711],
        [73.0826, 18.1712],
        [73.08256, 18.1712],
        [73.08253, 18.17122],
        [73.0825, 18.17124],
        [73.0825, 18.1713],
        [73.0822, 18.1713],
        [73.08218, 18.1713],
        [73.08211, 18.17134],
        [73.08201, 18.17139],
        [73.08194, 18.17149],
        [73.0819, 18.17157],
        [73.0819, 18.1716],
        [73.08184, 18.17172],
        [73.08182, 18.17181],
        [73.08176, 18.17199],
        [73.0817, 18.1723],
        [73.08164, 18.17235],
        [73.08162, 18.17243],
        [73.0816, 18.1725],
        [73.0816, 18.17286],
        [73.08164, 18.17298],
        [73.08165, 18.17306],
        [73.0817, 18.1731],
        [73.0817, 18.1733],
        [73.0816, 18.1734],
        [73.08152, 18.17344],
        [73.08144, 18.17352],
        [73.0813, 18.17371],
        [73.0813, 18.174],
        [73.0813, 18.17404],
        [73.0813, 18.1741],
        [73.0813, 18.1743],
        [73.0812, 18.1745],
        [73.0812, 18.1747],
        [73.0812, 18.1749],
        [73.0812, 18.1751],
        [73.0812, 18.17516],
        [73.0812, 18.1752],
        [73.08114, 18.17533],
        [73.0811, 18.1754],
        [73.0811, 18.1758],
        [73.0811, 18.1759],
        [73.0811, 18.1761],
        [73.0811, 18.17614],
        [73.0811, 18.1762],
        [73.08104, 18.17633],
        [73.081, 18.1764],
        [73.081, 18.1767],
        [73.0811, 18.17699],
        [73.0811, 18.177],
        [73.0812, 18.1772],
        [73.0812, 18.17726],
        [73.08122, 18.1773],
        [73.08124, 18.17734],
        [73.0813, 18.1774],
        [73.0815, 18.1777],
        [73.0816, 18.1779],
        [73.0817, 18.1782],
        [73.0818, 18.1784],
        [73.0819, 18.1785],
        [73.0821, 18.1788],
        [73.0822, 18.1789],
        [73.08236, 18.17906],
        [73.08247, 18.1791],
        [73.0826, 18.1791],
        [73.0828, 18.1791],
        [73.08315, 18.1791],
        [73.0832, 18.1791],
        [73.0832, 18.1792],
        [73.083, 18.1793],
        [73.0827, 18.1795],
        [73.0823, 18.1799],
        [73.0818, 18.1804],
        [73.08179, 18.18042],
        [73.0817, 18.1806],
        [73.0816, 18.1807],
        [73.08116, 18.18107],
        [73.081, 18.1812],
        [73.0805, 18.1817],
        [73.0804, 18.1819],
        [73.0801, 18.1821],
        [73.08001, 18.18228],
        [73.08, 18.1823],
        [73.0798, 18.1826],
        [73.0795, 18.1829],
        [73.0794, 18.1831],
        [73.079, 18.1835],
        [73.0789, 18.1836],
        [73.0786, 18.1839],
        [73.07848, 18.18402],
        [73.0784, 18.18411],
        [73.0784, 18.1843],
        [73.0783, 18.1845],
        [73.0783, 18.18468],
        [73.07831, 18.18478],
        [73.07834, 18.18489],
        [73.0784, 18.185],
        [73.0786, 18.1852],
        [73.07865, 18.18531],
        [73.0787, 18.1854],
        [73.0791, 18.1857],
        [73.0794, 18.1859],
        [73.0795, 18.186],
        [73.07958, 18.18616],
        [73.0796, 18.1862],
        [73.0796, 18.1863],
        [73.07958, 18.18634],
        [73.0795, 18.1865],
        [73.07931, 18.1865],
        [73.07924, 18.18652],
        [73.079, 18.18657],
        [73.0789, 18.1866],
        [73.0785, 18.1868],
        [73.0782, 18.187],
        [73.078, 18.1872],
        [73.0777, 18.1878],
        [73.0776, 18.188],
        [73.0776, 18.1882],
        [73.0775, 18.1885],
        [73.0774, 18.1888],
        [73.0774, 18.189],
        [73.0774, 18.18916],
        [73.0774, 18.1893],
        [73.0775, 18.1896],
        [73.0777, 18.1898],
        [73.0778, 18.1899],
        [73.0778, 18.1901],
        [73.0777, 18.1903],
        [73.07766, 18.19046],
        [73.0776, 18.1907],
        [73.0776, 18.1909],
        [73.0777, 18.1911],
        [73.0778, 18.1913],
        [73.07786, 18.19154],
        [73.0779, 18.19166],
        [73.07797, 18.19184],
        [73.078, 18.1919],
        [73.078, 18.1923],
        [73.0779, 18.1925],
        [73.0778, 18.1927],
        [73.0778, 18.1928],
        [73.0778, 18.193],
        [73.0778, 18.19315],
        [73.07783, 18.19326],
        [73.07791, 18.19352],
        [73.07792, 18.19355],
        [73.078, 18.1938],
        [73.078, 18.194],
        [73.07786, 18.19428],
        [73.07782, 18.19439],
        [73.0778, 18.19446],
        [73.0778, 18.1946],
        [73.07775, 18.19465],
        [73.0777, 18.1947],
        [73.0777, 18.1951],
        [73.07785, 18.19525],
        [73.0779, 18.1953],
        [73.07794, 18.19543],
        [73.078, 18.19555],
        [73.07809, 18.19578],
        [73.0781, 18.1958],
        [73.0782, 18.1961],
        [73.0782, 18.1963],
        [73.0782, 18.19631],
        [73.0782, 18.1965],
        [73.0782, 18.19651],
        [73.07811, 18.19679],
        [73.07807, 18.1969],
        [73.078, 18.1971],
        [73.07792, 18.19726],
        [73.07781, 18.19752],
        [73.0778, 18.19757],
        [73.0778, 18.1978],
        [73.0778, 18.198],
        [73.0778, 18.1984],
        [73.0778, 18.1986],
        [73.0778, 18.1989],
        [73.07773, 18.19904],
        [73.0777, 18.1991],
        [73.0776, 18.1994],
        [73.0775, 18.1997],
        [73.0774, 18.1999],
        [73.0774, 18.19996],
        [73.0774, 18.2],
        [73.0773, 18.2003],
        [73.0773, 18.2005],
        [73.0773, 18.2008],
        [73.0773, 18.2011],
        [73.0773, 18.2013],
        [73.07728, 18.20132],
        [73.07723, 18.20145],
        [73.0772, 18.20152],
        [73.0772, 18.2016],
        [73.0771, 18.2021],
        [73.0771, 18.2022],
        [73.07706, 18.20232],
        [73.07703, 18.20245],
        [73.077, 18.20267],
        [73.077, 18.2028],
        [73.077, 18.2033],
        [73.0771, 18.2035],
        [73.0772, 18.2037],
        [73.0772, 18.20373],
        [73.07722, 18.2038],
        [73.0772, 18.20401],
        [73.0772, 18.2042],
        [73.0771, 18.2047],
        [73.0769, 18.2054],
        [73.07686, 18.20552],
        [73.0768, 18.2057],
        [73.0768, 18.206],
        [73.0768, 18.2066],
        [73.0768, 18.2068],
        [73.07696, 18.20696],
        [73.077, 18.207],
        [73.0772, 18.2073],
        [73.0772, 18.20764],
        [73.0772, 18.2077],
        [73.0773, 18.2084],
        [73.07737, 18.20861],
        [73.0774, 18.2087],
        [73.07741, 18.20874],
        [73.07753, 18.20899],
        [73.07766, 18.20916],
        [73.07773, 18.2092],
        [73.0778, 18.2092],
        [73.07786, 18.20926],
        [73.0779, 18.20928],
        [73.07802, 18.20929],
        [73.07821, 18.20926],
        [73.07832, 18.20924],
        [73.0784, 18.2092],
        [73.0785, 18.2092],
        [73.07861, 18.20917],
        [73.07864, 18.20916],
        [73.0787, 18.2091],
        [73.07896, 18.20901],
        [73.079, 18.209],
        [73.0792, 18.2089],
        [73.07942, 18.20876],
        [73.0795, 18.2087],
        [73.0797, 18.2086],
        [73.07982, 18.2086],
        [73.0799, 18.20858],
        [73.08019, 18.20858],
        [73.08025, 18.2086],
        [73.0804, 18.2086],
        [73.0806, 18.2087],
        [73.0808, 18.2089],
        [73.0809, 18.209],
        [73.08098, 18.20916],
        [73.08104, 18.20924],
        [73.0812, 18.2094],
        [73.0814, 18.2097],
        [73.08147, 18.2099],
        [73.08151, 18.20998],
        [73.08163, 18.21013],
        [73.0818, 18.2103],
        [73.08184, 18.21037],
        [73.08191, 18.21045],
        [73.08201, 18.21061],
        [73.0821, 18.2107],
        [73.0821, 18.21077],
        [73.0821, 18.2108],
        [73.0822, 18.2111],
        [73.0823, 18.2113],
        [73.08239, 18.21148],
        [73.0824, 18.2115],
        [73.0824, 18.2117],
        [73.0823, 18.212],
        [73.08212, 18.21209],
        [73.08186, 18.21223],
        [73.08177, 18.21227],
        [73.0817, 18.2123],
        [73.08159, 18.21236],
        [73.08148, 18.21242],
        [73.08137, 18.21253],
        [73.08131, 18.21259],
        [73.0813, 18.21262],
        [73.0813, 18.2127],
        [73.0812, 18.213],
        [73.08117, 18.21309],
        [73.08112, 18.21333],
        [73.0811, 18.21342],
        [73.0811, 18.2136],
        [73.081, 18.2138],
        [73.08093, 18.21387],
        [73.08091, 18.2139],
        [73.08073, 18.21407],
        [73.08068, 18.21415],
        [73.0806, 18.2143],
        [73.08055, 18.21435],
        [73.08052, 18.21441],
        [73.08051, 18.21469],
        [73.08053, 18.21473],
        [73.0806, 18.2148],
        [73.0806, 18.21486],
        [73.08063, 18.21492],
        [73.081, 18.2151],
        [73.08113, 18.21519],
        [73.0813, 18.2153],
        [73.0815, 18.2153],
        [73.0817, 18.2153],
        [73.08217, 18.21514],
        [73.0823, 18.2151],
        [73.08241, 18.2151],
        [73.08249, 18.21509],
        [73.08262, 18.21506],
        [73.0828, 18.215],
        [73.0833, 18.2149],
        [73.08351, 18.2149],
        [73.0836, 18.2149],
        [73.0842, 18.2147],
        [73.08438, 18.21461],
        [73.0844, 18.2146],
        [73.08453, 18.21457],
        [73.08485, 18.21448],
        [73.08495, 18.21446],
        [73.085, 18.2144],
        [73.0854, 18.2144],
        [73.0855, 18.2144],
        [73.0857, 18.2144],
        [73.0863, 18.2144],
        [73.08656, 18.2144],
        [73.0866, 18.2144],
        [73.08665, 18.21443],
        [73.08677, 18.21447],
        [73.08701, 18.21457],
        [73.08714, 18.2146],
        [73.0872, 18.2146],
        [73.08731, 18.21467],
        [73.08749, 18.21478],
        [73.08754, 18.21482],
        [73.0877, 18.2149],
        [73.0878, 18.215],
        [73.08787, 18.21507],
        [73.08793, 18.2151],
        [73.08806, 18.21515],
        [73.08811, 18.21517],
        [73.08819, 18.2152],
        [73.08821, 18.2152],
        [73.0884, 18.2152],
        [73.0888, 18.2152],
        [73.08912, 18.21526],
        [73.08926, 18.21527],
        [73.08945, 18.2153],
        [73.0896, 18.2153],
        [73.08965, 18.21535],
        [73.0897, 18.21537],
        [73.08972, 18.2154],
        [73.0898, 18.2154],
        [73.0898, 18.2156],
        [73.0897, 18.2158],
        [73.08971, 18.21589],
        [73.08988, 18.21615],
        [73.0899, 18.2162],
        [73.0899, 18.2162],
        [73.0899, 18.2162],
        [73.08993, 18.21628],
        [73.0899, 18.21635],
        [73.0899, 18.2164],
        [73.0898, 18.2166],
        [73.0898, 18.21674],
        [73.0898, 18.2169],
        [73.0899, 18.2171],
        [73.09002, 18.21716],
        [73.0901, 18.2172],
        [73.0902, 18.2172],
        [73.09028, 18.2172],
        [73.09031, 18.21719],
        [73.0905, 18.217],
        [73.09057, 18.217],
        [73.09062, 18.21696],
        [73.09076, 18.21698],
        [73.09078, 18.217],
        [73.0908, 18.217],
        [73.0909, 18.2171],
        [73.0911, 18.2172],
        [73.0913, 18.2172],
        [73.0915, 18.217],
        [73.0917, 18.2169],
        [73.09178, 18.2169],
        [73.0918, 18.2169],
        [73.092, 18.2169],
        [73.0921, 18.217],
        [73.09219, 18.21709],
        [73.0922, 18.2171],
        [73.0922, 18.21711],
        [73.0922, 18.2178],
        [73.0922, 18.21783],
        [73.09221, 18.21789],
        [73.09231, 18.21808],
        [73.09231, 18.21826],
        [73.0923, 18.21829],
        [73.0923, 18.2183],
        [73.0922, 18.2187],
        [73.09211, 18.21896],
        [73.09211, 18.21898],
        [73.0921, 18.21899],
        [73.0921, 18.219],
        [73.0921, 18.219],
        [73.09204, 18.2191],
        [73.09186, 18.21924],
        [73.0918, 18.2193],
        [73.0917, 18.2194],
        [73.09167, 18.21943],
        [73.0916, 18.2195],
        [73.0916, 18.2199],
        [73.0916, 18.22002],
        [73.0916, 18.2201],
        [73.0915, 18.2202],
        [73.0914, 18.2202],
        [73.0912, 18.2203],
        [73.091, 18.2203],
        [73.09061, 18.21991],
        [73.0902, 18.2195],
        [73.0901, 18.2194],
        [73.09, 18.2193],
        [73.09, 18.2192],
        [73.09, 18.2191],
        [73.0902, 18.219],
        [73.0905, 18.2188],
        [73.0906, 18.2187],
        [73.0908, 18.2185],
        [73.0908, 18.21848],
        [73.0908, 18.2183],
        [73.09072, 18.21814],
        [73.09071, 18.21813],
        [73.0905, 18.2181],
        [73.0904, 18.2181],
        [73.09026, 18.2181],
        [73.09018, 18.21812],
        [73.09011, 18.21817],
        [73.09005, 18.21822],
        [73.0898, 18.2184],
        [73.0896, 18.2186],
        [73.08952, 18.21876],
        [73.0895, 18.2188],
        [73.08945, 18.21895],
        [73.0894, 18.2191],
        [73.0892, 18.2194],
        [73.0892, 18.21948],
        [73.0892, 18.2195],
        [73.0892, 18.2197],
        [73.0893, 18.2202],
        [73.0893, 18.2203],
        [73.08926, 18.2203],
        [73.08924, 18.22034],
        [73.08917, 18.22034],
        [73.08907, 18.22029],
        [73.08903, 18.22027],
        [73.0889, 18.2202],
        [73.0888, 18.2202],
        [73.0887, 18.2202],
        [73.08845, 18.22033],
        [73.08829, 18.22042],
        [73.0881, 18.2205],
        [73.0878, 18.2207],
        [73.08751, 18.22084],
        [73.08741, 18.22092],
        [73.08722, 18.22108],
        [73.0869, 18.2214],
        [73.0868, 18.2215],
        [73.0867, 18.2217],
        [73.08666, 18.22182],
        [73.08662, 18.22196],
        [73.0866, 18.22205],
        [73.0866, 18.2223],
        [73.0866, 18.2226],
        [73.0867, 18.2229],
        [73.08674, 18.22301],
        [73.0868, 18.2232],
        [73.08722, 18.22356],
        [73.0875, 18.2238],
        [73.08758, 18.22388],
        [73.08764, 18.22392],
        [73.08798, 18.22407],
        [73.08809, 18.2241],
        [73.0882, 18.2241],
        [73.08824, 18.22414],
        [73.0883, 18.2242],
        [73.08833, 18.22423],
        [73.08834, 18.22427],
        [73.0884, 18.2244],
        [73.0883, 18.2245],
        [73.0881, 18.2247],
        [73.0879, 18.2248],
        [73.08773, 18.22489],
        [73.0875, 18.225],
        [73.08737, 18.22513],
        [73.0873, 18.2252],
        [73.0867, 18.2252],
        [73.0865, 18.2251],
        [73.08643, 18.22503],
        [73.08638, 18.225],
        [73.08635, 18.22495],
        [73.0863, 18.2249],
        [73.0862, 18.2247],
        [73.0861, 18.2244],
        [73.0861, 18.22424],
        [73.0861, 18.224],
        [73.086, 18.2238],
        [73.08597, 18.22374],
        [73.0859, 18.2236],
        [73.08587, 18.22346],
        [73.08576, 18.22319],
        [73.08567, 18.22301],
        [73.0856, 18.2229],
        [73.0855, 18.2227],
        [73.0853, 18.2224],
        [73.08521, 18.22221],
        [73.0851, 18.222],
        [73.0848, 18.2218],
        [73.0845, 18.2216],
        [73.0843, 18.2215],
        [73.08409, 18.22143],
        [73.08404, 18.22142],
        [73.08387, 18.2214],
        [73.0838, 18.2214],
        [73.0835, 18.2214],
        [73.0831, 18.2215],
        [73.0824, 18.2217],
        [73.08207, 18.22177],
        [73.08194, 18.2218],
        [73.08174, 18.22182],
        [73.08152, 18.22182],
        [73.08143, 18.2218],
        [73.0813, 18.2218],
        [73.0812, 18.22175],
        [73.0811, 18.22173],
        [73.08093, 18.22174],
        [73.0809, 18.22175],
        [73.0809, 18.2218],
        [73.0807, 18.2219],
        [73.08056, 18.22197],
        [73.0803, 18.2221],
        [73.08, 18.2224],
        [73.07993, 18.2225],
        [73.0798, 18.2227],
        [73.0796, 18.2229],
        [73.0795, 18.2231],
        [73.07945, 18.22315],
        [73.0793, 18.2233],
        [73.0792, 18.2235],
        [73.0792, 18.22362],
        [73.0792, 18.2237],
        [73.0791, 18.2239],
        [73.07906, 18.22403],
        [73.079, 18.2242],
        [73.079, 18.2246],
        [73.0791, 18.2249],
        [73.0793, 18.2252],
        [73.07932, 18.22522],
        [73.0795, 18.2254],
        [73.0796, 18.2255],
        [73.07979, 18.22569],
        [73.07984, 18.22573],
        [73.0802, 18.226],
        [73.0803, 18.2261],
        [73.0805, 18.2262],
        [73.0806, 18.2263],
        [73.0807, 18.2265],
        [73.0807, 18.2274],
        [73.08075, 18.22749],
        [73.0808, 18.2276],
        [73.0808, 18.2279],
        [73.0807, 18.2281],
        [73.08069, 18.22813],
        [73.08064, 18.22835],
        [73.0806, 18.2286],
        [73.0806, 18.2289],
        [73.0806, 18.22892],
        [73.08061, 18.22929],
        [73.0807, 18.22979],
        [73.08071, 18.22986],
        [73.0808, 18.2303],
        [73.0808, 18.23066],
        [73.0808, 18.2307],
        [73.0807, 18.2308],
        [73.0805, 18.2309],
        [73.0805, 18.2309],
        [73.0804, 18.2311],
        [73.0804, 18.2313],
        [73.0803, 18.2315],
        [73.0802, 18.2316],
        [73.08016, 18.23162],
        [73.08015, 18.23163],
        [73.08, 18.23173],
        [73.07991, 18.23179],
        [73.0798, 18.2319],
        [73.0797, 18.23193],
        [73.07954, 18.23204],
        [73.07943, 18.23207],
        [73.0794, 18.2321],
        [73.07872, 18.2321],
        [73.07865, 18.23213],
        [73.07854, 18.23224],
        [73.0785, 18.23232],
        [73.0785, 18.2325],
        [73.0785, 18.23251],
        [73.07852, 18.23256],
        [73.07864, 18.23271],
        [73.07868, 18.23278],
        [73.0788, 18.2329],
        [73.0788, 18.233],
        [73.0788, 18.2333],
        [73.0787, 18.2334],
        [73.07865, 18.23349],
        [73.0786, 18.2336],
        [73.0786, 18.2339],
        [73.07866, 18.23396],
        [73.0787, 18.234],
        [73.0787, 18.23407],
        [73.07872, 18.23412],
        [73.07881, 18.23427],
        [73.07884, 18.23434],
        [73.0789, 18.2344],
        [73.0789, 18.23457],
        [73.07891, 18.23473],
        [73.0789, 18.23504],
        [73.07884, 18.23523],
        [73.0788, 18.2354],
        [73.07877, 18.23547],
        [73.07871, 18.23563],
        [73.07867, 18.2357],
        [73.0786, 18.2359],
        [73.07849, 18.23596],
        [73.0784, 18.236],
        [73.0782, 18.2365],
        [73.0782, 18.23669],
        [73.07822, 18.23703],
        [73.0782, 18.23712],
        [73.0782, 18.2372],
        [73.07815, 18.23725],
        [73.07811, 18.23733],
        [73.07805, 18.2374],
        [73.078, 18.2375],
        [73.0777, 18.2377],
        [73.0776, 18.2378],
        [73.07739, 18.23801],
        [73.07732, 18.2381],
        [73.07713, 18.23827],
        [73.077, 18.2384],
        [73.0767, 18.2386],
        [73.0765, 18.2387],
        [73.07591, 18.2392],
        [73.07583, 18.23928],
        [73.07566, 18.23951],
        [73.0756, 18.2396],
        [73.07556, 18.2396],
        [73.07552, 18.23963],
        [73.07535, 18.23974],
        [73.07508, 18.23986],
        [73.0748, 18.24],
        [73.0745, 18.2402],
        [73.0745, 18.2403],
        [73.07444, 18.24041],
        [73.07444, 18.24047],
        [73.07446, 18.24056],
        [73.0745, 18.2406],
        [73.07462, 18.24076],
        [73.07482, 18.24101],
        [73.07487, 18.24107],
        [73.075, 18.2412],
        [73.075, 18.24123],
        [73.07502, 18.24125],
        [73.07503, 18.24146],
        [73.075, 18.24149],
        [73.075, 18.2415],
        [73.0749, 18.2416],
        [73.0747, 18.2417],
        [73.07463, 18.24166],
        [73.07449, 18.24164],
        [73.07441, 18.2416],
        [73.0744, 18.2416],
        [73.07433, 18.24157],
        [73.07422, 18.24154],
        [73.07416, 18.24154],
        [73.0741, 18.2416],
        [73.07394, 18.2416],
        [73.0739, 18.2416],
        [73.0736, 18.2418],
        [73.0734, 18.242],
        [73.07335, 18.24205],
        [73.0733, 18.2421],
        [73.073, 18.2422],
        [73.0725, 18.2425],
        [73.07225, 18.24263],
        [73.07212, 18.24271],
        [73.072, 18.24275],
        [73.0719, 18.2428],
        [73.0716, 18.2428],
        [73.0715, 18.2427],
        [73.07148, 18.24266],
        [73.0714, 18.2425],
        [73.0712, 18.2422],
        [73.07112, 18.24212],
        [73.071, 18.242],
        [73.0708, 18.2418],
        [73.0707, 18.2417],
        [73.07045, 18.24153],
        [73.0704, 18.2415],
        [73.0702, 18.2414],
        [73.0701, 18.2414],
        [73.0699, 18.2414],
        [73.06972, 18.24149],
        [73.0697, 18.2415],
        [73.0694, 18.2418],
        [73.06923, 18.24189],
        [73.0692, 18.2419],
        [73.0691, 18.242],
        [73.0689, 18.2425],
        [73.0689, 18.24257],
        [73.0689, 18.2427],
        [73.06878, 18.24295],
        [73.0686, 18.2433],
        [73.06852, 18.24371],
        [73.0685, 18.2438],
        [73.06839, 18.24402],
        [73.06831, 18.24419],
        [73.06829, 18.24421],
        [73.0682, 18.2444],
        [73.06806, 18.24447],
        [73.068, 18.2445],
        [73.0677, 18.2446],
        [73.06743, 18.24469],
        [73.0674, 18.2447],
        [73.0672, 18.2448],
        [73.06714, 18.24483],
        [73.06703, 18.24491],
        [73.06693, 18.24506],
        [73.0669, 18.24514],
        [73.0669, 18.2452],
        [73.0668, 18.2458],
        [73.0667, 18.246],
        [73.0665, 18.2462],
        [73.0661, 18.2466],
        [73.0651, 18.2476],
        [73.06422, 18.24848],
        [73.06411, 18.24864],
        [73.06406, 18.24873],
        [73.064, 18.2489],
        [73.0637, 18.2492],
        [73.0634, 18.2494],
        [73.0633, 18.2495],
        [73.06316, 18.2495],
        [73.06305, 18.24955],
        [73.063, 18.2496],
        [73.0629, 18.2499],
        [73.06278, 18.25014],
        [73.06272, 18.25031],
        [73.0627, 18.2504],
        [73.0627, 18.2505],
        [73.0626, 18.2507],
        [73.06246, 18.25077],
        [73.0624, 18.2508],
        [73.0615, 18.2522],
        [73.06145, 18.25252],
        [73.0613, 18.2534],
        [73.0612, 18.2544],
        [73.0612, 18.25521],
        [73.0612, 18.2558],
        [73.06135, 18.25595],
        [73.0617, 18.2563],
        [73.06177, 18.25656],
        [73.06181, 18.25665],
        [73.06198, 18.25684],
        [73.0622, 18.257],
        [73.06311, 18.25833],
        [73.0635, 18.2589],
        [73.06428, 18.25978],
        [73.065, 18.2606],
        [73.0661, 18.2618],
        [73.06622, 18.26192],
        [73.0664, 18.2621],
        [73.0666, 18.262],
        [73.06666, 18.26177],
        [73.0667, 18.2616],
        [73.0671, 18.2613],
        [73.06799, 18.2612],
        [73.068, 18.2612],
        [73.0684, 18.2608],
        [73.0686, 18.2606],
        [73.06905, 18.26051],
        [73.0696, 18.2604],
        [73.06995, 18.26022],
        [73.0702, 18.2601],
        [73.0709, 18.2598],
        [73.07102, 18.25977],
        [73.0713, 18.2597],
        [73.0717, 18.2598],
        [73.07186, 18.25996],
        [73.0719, 18.26],
        [73.0721, 18.2604],
        [73.0721, 18.26065],
        [73.07211, 18.26071],
        [73.0721, 18.26099],
        [73.0721, 18.2618],
        [73.0728, 18.2635],
        [73.0725, 18.2645],
        [73.0721, 18.2649],
        [73.0717, 18.2657],
        [73.0715, 18.2667],
        [73.0708, 18.2679],
        [73.0703, 18.2686],
        [73.07, 18.2693],
        [73.07, 18.2698],
        [73.07, 18.27017],
        [73.07001, 18.27024],
        [73.0699, 18.2707],
        [73.0699, 18.2714],
        [73.0697, 18.2723],
        [73.06944, 18.27279],
        [73.0689, 18.2738],
        [73.06885, 18.27398],
        [73.0688, 18.2742],
        [73.0684, 18.2766],
        [73.0684, 18.27709],
        [73.0684, 18.2771],
        [73.06835, 18.2776],
        [73.0683, 18.27811],
        [73.06829, 18.27816],
        [73.0682, 18.2787],
        [73.0679, 18.2792],
        [73.0674, 18.2795],
        [73.0669, 18.2796],
        [73.06665, 18.27955],
        [73.0664, 18.2795],
        [73.0657, 18.2797],
        [73.065, 18.2801],
        [73.06492, 18.28013],
        [73.0647, 18.2802],
        [73.06439, 18.28014],
        [73.06416, 18.28011],
        [73.06366, 18.27994],
        [73.0625, 18.2796],
        [73.06224, 18.27955],
        [73.062, 18.2795],
        [73.0605, 18.2796],
        [73.06037, 18.27967],
        [73.0601, 18.2798],
        [73.05979, 18.2798],
        [73.059, 18.2798],
        [73.05748, 18.2802],
        [73.0567, 18.2804],
        [73.056, 18.2804],
        [73.05557, 18.28026],
        [73.0554, 18.2802],
        [73.0547, 18.2801],
        [73.0544, 18.2801],
        [73.054, 18.2802],
        [73.0532, 18.2806],
        [73.0524, 18.2808],
        [73.0521, 18.281],
        [73.0519, 18.2811],
        [73.0517, 18.2814],
        [73.0515, 18.2818],
        [73.0515, 18.2819],
        [73.0515, 18.2823],
        [73.05212, 18.28327],
        [73.05218, 18.28336],
        [73.05236, 18.28353],
        [73.0528, 18.2839],
        [73.05298, 18.28433],
        [73.0531, 18.2846],
        [73.0535, 18.2855],
        [73.05363, 18.28604],
        [73.0538, 18.2868],
        [73.05377, 18.28701],
        [73.0537, 18.2876],
        [73.05361, 18.28797],
        [73.0536, 18.288],
        [73.0533, 18.2885],
        [73.0531, 18.2886],
        [73.0528, 18.2887],
        [73.0522, 18.2886],
        [73.05181, 18.28831],
        [73.05163, 18.28834],
        [73.05156, 18.28843],
        [73.0515, 18.2886],
        [73.0514, 18.2891],
        [73.05179, 18.29025],
        [73.0518, 18.2903],
        [73.0519, 18.2907],
        [73.05186, 18.29097],
        [73.0518, 18.2914],
        [73.05172, 18.29179],
        [73.0517, 18.2919],
        [73.05136, 18.2924],
        [73.0513, 18.29251],
        [73.0513, 18.293],
        [73.0514, 18.2931],
        [73.0519, 18.2931],
        [73.05273, 18.29286],
        [73.0536, 18.2926],
        [73.05407, 18.2926],
        [73.05452, 18.29259],
        [73.05461, 18.29265],
        [73.055, 18.2928],
        [73.0552, 18.2931],
        [73.0553, 18.2936],
        [73.05519, 18.29377],
        [73.05514, 18.2939],
        [73.05495, 18.2941],
        [73.0548, 18.2943],
        [73.05448, 18.29435],
        [73.0541, 18.2944],
        [73.0538, 18.2944],
        [73.0527, 18.2946],
        [73.0519, 18.2949],
        [73.05154, 18.29505],
        [73.05142, 18.29511],
        [73.05109, 18.29542],
        [73.05046, 18.29686],
        [73.0504, 18.29699],
        [73.0504, 18.297],
        [73.0505, 18.2985],
        [73.05069, 18.29896],
        [73.0507, 18.299],
        [73.0512, 18.3],
        [73.0526, 18.302],
        [73.05319, 18.30239],
        [73.05336, 18.3024],
        [73.05358, 18.3024],
        [73.05372, 18.30235],
        [73.0541, 18.3022],
        [73.05478, 18.30172],
        [73.0551, 18.3015],
        [73.0566, 18.3008],
        [73.0571, 18.3004],
        [73.05729, 18.30032],
        [73.0578, 18.3001],
        [73.0591, 18.3],
        [73.06006, 18.29986],
        [73.0611, 18.2997],
        [73.06181, 18.29966],
        [73.0627, 18.2996],
        [73.06487, 18.2995],
        [73.06489, 18.2995],
        [73.0655, 18.2994],
        [73.0656, 18.2993],
        [73.06598, 18.2992],
        [73.06637, 18.29909],
        [73.06666, 18.29904],
        [73.0673, 18.2989],
        [73.06782, 18.29867],
        [73.0682, 18.2985],
        [73.0683, 18.2982],
        [73.06888, 18.2973],
        [73.0692, 18.2968],
        [73.06923, 18.29679],
        [73.06923, 18.29678],
        [73.07008, 18.2963],
        [73.0701, 18.2963],
        [73.07066, 18.2963],
        [73.0707, 18.2963],
        [73.0711, 18.2964],
        [73.07131, 18.29656],
        [73.0715, 18.29667],
        [73.07157, 18.29677],
        [73.0718, 18.297],
        [73.07204, 18.29724],
        [73.07214, 18.29731],
        [73.07231, 18.29735],
        [73.0724, 18.29729],
        [73.0725, 18.2971],
        [73.0726, 18.2964],
        [73.07273, 18.29615],
        [73.0728, 18.296],
        [73.07347, 18.29533],
        [73.0735, 18.2953],
        [73.0752, 18.2949],
        [73.07546, 18.29483],
        [73.0759, 18.2947],
        [73.07675, 18.29392],
        [73.0771, 18.2936],
        [73.07756, 18.29334],
        [73.078, 18.2931],
        [73.07832, 18.29278],
        [73.0789, 18.2922],
        [73.0798, 18.2921],
        [73.0803, 18.2921],
        [73.08117, 18.29234],
        [73.0821, 18.2926],
        [73.08232, 18.29253],
        [73.0824, 18.2925],
        [73.08266, 18.29234],
        [73.08287, 18.29221],
        [73.08295, 18.2921],
        [73.0831, 18.2918],
        [73.0836, 18.2906],
        [73.08375, 18.29038],
        [73.08398, 18.29],
        [73.08413, 18.28968],
        [73.0842, 18.2895],
        [73.08428, 18.2894],
        [73.0852, 18.2882],
        [73.08619, 18.2873],
        [73.0863, 18.2872],
        [73.08638, 18.28717],
        [73.0869, 18.287],
        [73.0888, 18.2858],
        [73.0891, 18.2857],
        [73.09, 18.2851],
        [73.09016, 18.28486],
        [73.0902, 18.2848],
        [73.09027, 18.28468],
        [73.0905, 18.2843],
        [73.0913, 18.2812],
        [73.0914, 18.28],
        [73.09133, 18.27895],
        [73.0913, 18.2784],
        [73.09136, 18.27818],
        [73.0914, 18.278],
        [73.0917, 18.2775],
        [73.09171, 18.2775],
        [73.0921, 18.2773],
        [73.09237, 18.2773],
        [73.0926, 18.2773],
        [73.0929, 18.277],
        [73.0946, 18.2718],
        [73.09471, 18.27167],
        [73.09481, 18.2717],
        [73.095, 18.2717],
        [73.09554, 18.27206],
        [73.0959, 18.2723],
        [73.0968, 18.2723],
        [73.0972, 18.27221],
        [73.0977, 18.2721],
        [73.0982, 18.2719],
        [73.09845, 18.27174],
        [73.0988, 18.2715],
        [73.09887, 18.2709],
        [73.0989, 18.2706],
        [73.0989, 18.26991],
        [73.0989, 18.2689],
        [73.0991, 18.2683],
        [73.0999, 18.2672],
        [73.1006, 18.2667],
        [73.1011, 18.2664],
        [73.1016, 18.2659],
        [73.10167, 18.26587],
        [73.1027, 18.2654],
        [73.10274, 18.26545],
        [73.10308, 18.26597],
        [73.1031, 18.266],
        [73.103, 18.266],
        [73.1012, 18.267],
        [73.1006, 18.2675],
        [73.0997, 18.2688],
        [73.0996, 18.2691],
        [73.0996, 18.2712],
        [73.0994, 18.2717],
        [73.09911, 18.27199],
        [73.0991, 18.272],
        [73.09906, 18.272],
        [73.0989, 18.272],
        [73.0986, 18.2723],
        [73.09827, 18.27252],
        [73.098, 18.2727],
        [73.0976, 18.2728],
        [73.0961, 18.273],
        [73.0957, 18.2731],
        [73.0954, 18.2734],
        [73.09539, 18.27342],
        [73.0952, 18.2738],
        [73.095, 18.2748],
        [73.09462, 18.276],
        [73.0943, 18.277],
        [73.09321, 18.27919],
        [73.09332, 18.27992],
        [73.09334, 18.27998],
        [73.0935, 18.2803],
        [73.09385, 18.28108],
        [73.094, 18.2814],
        [73.09424, 18.2823],
        [73.0943, 18.2825],
        [73.0943, 18.28264],
        [73.0943, 18.283],
        [73.0941, 18.2838],
        [73.0937, 18.2844],
        [73.0936, 18.28471],
        [73.0935, 18.285],
        [73.0934, 18.2856],
        [73.0933, 18.2866],
        [73.09326, 18.28672],
        [73.09322, 18.28685],
        [73.09321, 18.28687],
        [73.0932, 18.2869],
        [73.0929, 18.2875],
        [73.09277, 18.2876],
        [73.0925, 18.2878],
        [73.0922, 18.28785],
        [73.0919, 18.2879],
        [73.0915, 18.2878],
        [73.0909, 18.2878],
        [73.0904, 18.2881],
        [73.0902, 18.289],
        [73.09007, 18.29101],
        [73.09, 18.2921],
        [73.08991, 18.29305],
        [73.0899, 18.2931],
        [73.0897, 18.2942],
        [73.0891, 18.2954],
        [73.0884, 18.2962],
        [73.08836, 18.29622],
        [73.08835, 18.29623],
        [73.08833, 18.29623],
        [73.0882, 18.2963],
        [73.0876, 18.2971],
        [73.0874, 18.2975],
        [73.08731, 18.29785],
        [73.0873, 18.29793],
        [73.08724, 18.29809],
        [73.0871, 18.2985],
        [73.0868, 18.299],
        [73.0862, 18.2997],
        [73.0849, 18.3009],
        [73.0847, 18.3012],
        [73.0847, 18.3014],
        [73.08475, 18.3015],
        [73.08481, 18.30161],
        [73.0854, 18.302],
        [73.0855, 18.3024],
        [73.08541, 18.30268],
        [73.0853, 18.303],
        [73.08521, 18.30336],
        [73.0851, 18.3038],
        [73.0849, 18.30393],
        [73.0848, 18.304],
        [73.0841, 18.30506],
        [73.0836, 18.3058],
        [73.0829, 18.3066],
        [73.0827, 18.3072],
        [73.08266, 18.30741],
        [73.0826, 18.3078],
        [73.0829, 18.30858],
        [73.0831, 18.3091],
        [73.08304, 18.30977],
        [73.08301, 18.31022],
        [73.08292, 18.31062],
        [73.0828, 18.3112],
        [73.0828, 18.3118],
        [73.08309, 18.31257],
        [73.0833, 18.3131],
        [73.08447, 18.31466],
        [73.0851, 18.3155],
        [73.08663, 18.31743],
        [73.087, 18.3179],
        [73.0873, 18.3188],
        [73.0874, 18.3195],
        [73.08765, 18.32007],
        [73.0877, 18.3202],
        [73.088, 18.3206],
        [73.0888, 18.3213],
        [73.08922, 18.32186],
        [73.08941, 18.32207],
        [73.08962, 18.3225],
        [73.0901, 18.3234],
        [73.09034, 18.32413],
        [73.0905, 18.3246],
        [73.091, 18.3255],
        [73.0916, 18.326],
        [73.09191, 18.32613],
        [73.0923, 18.3263],
        [73.09353, 18.32642],
        [73.0944, 18.3265],
        [73.095, 18.3264],
        [73.09567, 18.32618],
        [73.0959, 18.3261],
        [73.0966, 18.3261],
        [73.09673, 18.32616],
        [73.0968, 18.3262],
        [73.0971, 18.3268],
        [73.0971, 18.3272],
        [73.09711, 18.32721],
        [73.0972, 18.3273],
        [73.09728, 18.32738],
        [73.09731, 18.32739],
        [73.09776, 18.32721],
        [73.0999, 18.3263],
        [73.1005, 18.3261],
        [73.1016, 18.3259],
        [73.10164, 18.3259],
        [73.1027, 18.3259],
        [73.1033, 18.3261],
        [73.104, 18.3265],
        [73.10423, 18.32656],
        [73.1044, 18.3266],
        [73.107, 18.326],
        [73.1082, 18.326],
        [73.10846, 18.32594],
        [73.109, 18.3258],
        [73.10997, 18.32535],
        [73.1103, 18.3252],
        [73.1107, 18.3249],
        [73.1113, 18.3243],
        [73.11151, 18.32409],
        [73.1116, 18.324],
        [73.11206, 18.32377],
        [73.11236, 18.32361],
        [73.11238, 18.32361],
        [73.1124, 18.3236],
        [73.11249, 18.32363],
        [73.11268, 18.32366],
        [73.11269, 18.3237],
        [73.1127, 18.3237],
        [73.1128, 18.324],
        [73.11255, 18.32464],
        [73.1123, 18.3253],
        [73.1123, 18.3259],
        [73.11234, 18.32594],
        [73.11261, 18.3262],
        [73.11274, 18.32625],
        [73.11276, 18.32625],
        [73.11289, 18.32628],
        [73.11289, 18.3263],
        [73.1129, 18.3263],
        [73.113, 18.3295],
        [73.113, 18.3295],
        [73.113, 18.32951],
        [73.11277, 18.3295],
        [73.1119, 18.3295],
        [73.11165, 18.3294],
        [73.11142, 18.32933],
        [73.11136, 18.32934],
        [73.1113, 18.3294],
        [73.1109, 18.3292],
        [73.1107, 18.3292],
        [73.1099, 18.3293],
        [73.1094, 18.3295],
        [73.1084, 18.3304],
        [73.10812, 18.33054],
        [73.108, 18.3306],
        [73.1072, 18.3306],
        [73.10708, 18.3306],
        [73.1069, 18.3306],
        [73.106, 18.3302],
        [73.1052, 18.3301],
        [73.10498, 18.33022],
        [73.10492, 18.33027],
        [73.10482, 18.33036],
        [73.1041, 18.331],
        [73.1032, 18.3315],
        [73.10304, 18.33156],
        [73.1027, 18.3317],
        [73.1018, 18.3317],
        [73.1007, 18.3323],
        [73.09952, 18.33253],
        [73.09858, 18.33272],
        [73.0984, 18.3329],
        [73.09829, 18.33309],
        [73.0981, 18.3334],
        [73.09791, 18.3341],
        [73.0977, 18.3349],
        [73.09759, 18.33508],
        [73.0974, 18.3354],
        [73.0973, 18.3356],
        [73.0968, 18.336],
        [73.0955, 18.3364],
        [73.09377, 18.33666],
        [73.0935, 18.3367],
        [73.0935, 18.33669],
        [73.09345, 18.3367],
        [73.0934, 18.33655],
        [73.09341, 18.33653],
        [73.0934, 18.3365],
        [73.09348, 18.33642],
        [73.0936, 18.3363],
        [73.0938, 18.3361],
        [73.0941, 18.3359],
        [73.0944, 18.3356],
        [73.09477, 18.33509],
        [73.0949, 18.3349],
        [73.0956, 18.3337],
        [73.0959, 18.3328],
        [73.09596, 18.33174],
        [73.096, 18.331],
        [73.0959, 18.3307],
        [73.09576, 18.33051],
        [73.0956, 18.3303],
        [73.09527, 18.32993],
        [73.0947, 18.3293],
        [73.0934, 18.3287],
        [73.09273, 18.3285],
        [73.0924, 18.3284],
        [73.0921, 18.3284],
        [73.09184, 18.32849],
        [73.0918, 18.32851],
        [73.0917, 18.32872],
        [73.0918, 18.3298],
        [73.09186, 18.33031],
        [73.0919, 18.3306],
        [73.0919, 18.3315],
        [73.09181, 18.33202],
        [73.0918, 18.3321],
        [73.0918, 18.33246],
        [73.0918, 18.3337],
        [73.0918, 18.33389],
        [73.0918, 18.334],
        [73.09144, 18.33436],
        [73.0914, 18.3344],
        [73.0904, 18.3346],
        [73.0896, 18.3349],
        [73.08934, 18.33503],
        [73.0892, 18.33511],
        [73.08905, 18.33529],
        [73.0888, 18.3356],
        [73.0884, 18.3358],
        [73.0881, 18.3359],
        [73.0878, 18.3356],
        [73.08762, 18.33497],
        [73.0876, 18.33491],
        [73.08738, 18.33449],
        [73.0868, 18.334],
        [73.086, 18.3336],
        [73.08556, 18.33316],
        [73.08542, 18.33303],
        [73.08541, 18.33301],
        [73.0854, 18.333],
        [73.0847, 18.3318],
        [73.0837, 18.3301],
        [73.08354, 18.32986],
        [73.0835, 18.3298],
        [73.08318, 18.32909],
        [73.08316, 18.32903],
        [73.0831, 18.32891],
        [73.08261, 18.32824],
        [73.0826, 18.3282],
        [73.0826, 18.3282],
        [73.0826, 18.32819],
        [73.0825, 18.3276],
        [73.08255, 18.32749],
        [73.0829, 18.3267],
        [73.083, 18.3262],
        [73.083, 18.3262],
        [73.083, 18.3259],
        [73.0827, 18.3252],
        [73.08201, 18.32451],
        [73.082, 18.3245],
        [73.08196, 18.3244],
        [73.0818, 18.324],
        [73.08142, 18.32348],
        [73.0807, 18.3225],
        [73.08043, 18.32178],
        [73.0801, 18.3209],
        [73.0793, 18.31987],
        [73.0791, 18.3196],
        [73.0789, 18.3191],
        [73.0786, 18.3174],
        [73.0785, 18.31696],
        [73.0783, 18.3161],
        [73.0778, 18.3148],
        [73.07767, 18.31427],
        [73.0776, 18.314],
        [73.0768, 18.3123],
        [73.0763, 18.3117],
        [73.0758, 18.3113],
        [73.07543, 18.31104],
        [73.07508, 18.31081],
        [73.07481, 18.3107],
        [73.0742, 18.3105],
        [73.0732, 18.3097],
        [73.0727, 18.309],
        [73.072, 18.3084],
        [73.07178, 18.30823],
        [73.07147, 18.30801],
        [73.0713, 18.308],
        [73.0708, 18.308],
        [73.0704, 18.3081],
        [73.0699, 18.3083],
        [73.0695, 18.3082],
        [73.06949, 18.3082],
        [73.0681, 18.3073],
        [73.0671, 18.3065],
        [73.0653, 18.3057],
        [73.06451, 18.30548],
        [73.0642, 18.3054],
        [73.0632, 18.3053],
        [73.0626, 18.3053],
        [73.06201, 18.30541],
        [73.0604, 18.3057],
        [73.05969, 18.30574],
        [73.0588, 18.3058],
        [73.05816, 18.30609],
        [73.0579, 18.30622],
        [73.05783, 18.30627],
        [73.0576, 18.3065],
        [73.0573, 18.3068],
        [73.057, 18.3068],
        [73.05668, 18.30691],
        [73.0564, 18.307],
        [73.05606, 18.30711],
        [73.0558, 18.3072],
        [73.05543, 18.3072],
        [73.0549, 18.3072],
        [73.0542, 18.3074],
        [73.05418, 18.30744],
        [73.0539, 18.3079],
        [73.05389, 18.30793],
        [73.0538, 18.3083],
        [73.0532, 18.3093],
        [73.05301, 18.30949],
        [73.0526, 18.3099],
        [73.0522, 18.3106],
        [73.05164, 18.31134],
        [73.05158, 18.31143],
        [73.05145, 18.31155],
        [73.0512, 18.3118],
        [73.05101, 18.31203],
        [73.0507, 18.3124],
        [73.05, 18.3129],
        [73.04995, 18.31293],
        [73.0496, 18.3131],
        [73.04912, 18.31351],
        [73.04892, 18.3137],
        [73.04885, 18.3138],
        [73.0488, 18.3139],
        [73.0486, 18.3138],
        [73.0486, 18.31379],
        [73.0482, 18.3132],
        [73.04807, 18.31313],
        [73.048, 18.3131],
        [73.04794, 18.3131],
        [73.0479, 18.31312],
        [73.0479, 18.3138],
        [73.0478, 18.3139],
        [73.04777, 18.31388],
        [73.04776, 18.31389],
        [73.04762, 18.3138],
        [73.0471, 18.3135],
        [73.0464, 18.3133],
        [73.0453, 18.3133],
        [73.0448, 18.3131],
        [73.04433, 18.31239],
        [73.044, 18.3119],
        [73.0431, 18.311],
        [73.043, 18.3104],
        [73.04286, 18.31006],
        [73.0428, 18.3099],
        [73.0426, 18.3095],
        [73.04254, 18.30943],
        [73.0419, 18.3086],
        [73.04177, 18.30804],
        [73.0416, 18.3073],
        [73.0413, 18.3063],
        [73.04104, 18.30604],
        [73.0408, 18.3058],
        [73.0404, 18.3053],
        [73.04, 18.30454],
        [73.0393, 18.3032],
        [73.03901, 18.30213],
        [73.03899, 18.30207],
        [73.03896, 18.30184],
        [73.0389, 18.3015],
        [73.03867, 18.30086],
        [73.03849, 18.30041],
        [73.03843, 18.3002],
        [73.0383, 18.2998],
        [73.0383, 18.29927],
        [73.0383, 18.2987],
        [73.0377, 18.2969],
        [73.03737, 18.29573],
        [73.0371, 18.2948],
        [73.0369, 18.2928],
        [73.0371, 18.2922],
        [73.0374, 18.2919],
        [73.038, 18.2918],
        [73.03801, 18.2918],
        [73.03978, 18.29176],
        [73.0399, 18.29173],
        [73.03632, 18.28541],
        [73.03339, 18.289],
        [73.0325, 18.29009],
        [73.03116, 18.29391],
        [73.03102, 18.29492],
        [73.03016, 18.30146],
        [73.03076, 18.30725],
        [73.03151, 18.31016],
        [73.03378, 18.31896],
        [73.03804, 18.33547],
        [73.03786, 18.3382],
        [73.03761, 18.34177],
        [73.03567, 18.34517],
        [73.03233, 18.36425],
        [73.02853, 18.36817],
        [73.02846, 18.36824],
        [73.02997, 18.3694],
        [73.03152, 18.36993],
        [73.03402, 18.36953],
        [73.03554, 18.36859],
        [73.0361, 18.36729],
        [73.03685, 18.36617],
        [73.0382, 18.36615],
        [73.04018, 18.36639],
        [73.04014, 18.36723],
        [73.04324, 18.36885],
        [73.04595, 18.36992],
        [73.04887, 18.37172],
        [73.05099, 18.37243],
        [73.05369, 18.37258],
        [73.05747, 18.37253],
        [73.05735, 18.3729],
        [73.05756, 18.37437],
        [73.05779, 18.37677],
        [73.05876, 18.3775],
        [73.06088, 18.37784],
        [73.06223, 18.378],
        [73.0634, 18.37947],
        [73.06371, 18.38073],
        [73.06381, 18.38113],
        [73.06516, 18.38111],
        [73.06613, 18.3822],
        [73.06768, 18.38292],
        [73.06885, 18.38457],
        [73.0689, 18.3849],
        [73.06927, 18.38734],
        [73.06933, 18.38761],
        [73.07024, 18.3877],
        [73.07294, 18.38822],
        [73.07349, 18.38874],
        [73.07391, 18.38913],
        [73.07509, 18.39097],
        [73.07588, 18.39299],
        [73.07628, 18.3941],
        [73.07803, 18.39611],
        [73.07958, 18.39739],
        [73.08152, 18.39866],
        [73.0823, 18.39939],
        [73.08254, 18.39984],
        [73.08308, 18.40086],
        [73.08348, 18.40216],
        [73.08389, 18.404],
        [73.08429, 18.40548],
        [73.0845, 18.40714],
        [73.08374, 18.40789],
        [73.08299, 18.40883],
        [73.08089, 18.41015],
        [73.08039, 18.41072],
        [73.08091, 18.41144],
        [73.08207, 18.41235],
        [73.08324, 18.41364],
        [73.08479, 18.4151],
        [73.08537, 18.41584],
        [73.08711, 18.41656],
        [73.08846, 18.41728],
        [73.08808, 18.41803],
        [73.08676, 18.41915],
        [73.08563, 18.42102],
        [73.08602, 18.42194],
        [73.08699, 18.42304],
        [73.08892, 18.42413],
        [73.09028, 18.42505],
        [73.09086, 18.42597],
        [73.09108, 18.42874],
        [73.09111, 18.43078],
        [73.0907, 18.43148],
        [73.09131, 18.43189],
        [73.09306, 18.43391],
        [73.09461, 18.43538],
        [73.09513, 18.43577],
        [73.09558, 18.43611],
        [73.0985, 18.43608],
        [73.09923, 18.43719],
        [73.10019, 18.43792],
        [73.10136, 18.43939],
        [73.10195, 18.43985],
        [73.10175, 18.43995],
        [73.10197, 18.4431],
        [73.10389, 18.44345],
        [73.10505, 18.44437],
        [73.10565, 18.44659],
        [73.10585, 18.44751],
        [73.10676, 18.44941],
        [73.10683, 18.44955],
        [73.10761, 18.45102],
        [73.10915, 18.45175],
        [73.1103, 18.45197],
        [73.11107, 18.45211],
        [73.11222, 18.45228],
        [73.11336, 18.45228],
        [73.11432, 18.45264],
        [73.11605, 18.45281],
        [73.11701, 18.45317],
        [73.11778, 18.45354],
        [73.11912, 18.45353],
        [73.12026, 18.45333],
        [73.12026, 18.45146],
        [73.12112, 18.44826],
        [73.12328, 18.44615],
        [73.12633, 18.44511],
        [73.12971, 18.44389],
        [73.13186, 18.44274],
        [73.13301, 18.43533],
        [73.13645, 18.43326],
        [73.13617, 18.43313],
        [73.13711, 18.4307],
        [73.13767, 18.42921],
        [73.13823, 18.42753],
        [73.13803, 18.42641],
        [73.13786, 18.42613],
        [73.1386, 18.42585],
        [73.13994, 18.42546],
        [73.14205, 18.42544],
        [73.14493, 18.42578],
        [73.1457, 18.42689],
        [73.14629, 18.42856],
        [73.14727, 18.43078],
        [73.14939, 18.43262],
        [73.14997, 18.43355],
        [73.15094, 18.43484],
        [73.1521, 18.43595],
        [73.15363, 18.43556],
        [73.15611, 18.43479],
        [73.15821, 18.43403],
        [73.15879, 18.43383],
        [73.15993, 18.43289],
        [73.16107, 18.43213],
        [73.16203, 18.43194],
        [73.16337, 18.43174],
        [73.16385, 18.43167],
        [73.16471, 18.43154],
        [73.16567, 18.43153],
        [73.16701, 18.43189],
        [73.16702, 18.43282],
        [73.16779, 18.43374],
        [73.16818, 18.43467],
        [73.16876, 18.43578],
        [73.16953, 18.43652],
        [73.1703, 18.4367],
        [73.17145, 18.43632],
        [73.17259, 18.43575],
        [73.17374, 18.43536],
        [73.17546, 18.43516],
        [73.17757, 18.43514],
        [73.17872, 18.43457],
        [73.17949, 18.43475],
        [73.18025, 18.43399],
        [73.18058, 18.43375],
        [73.18101, 18.43343],
        [73.18158, 18.43249],
        [73.18215, 18.43155],
        [73.18245, 18.43111],
        [73.18291, 18.43042],
        [73.18348, 18.4293],
        [73.18424, 18.42798],
        [73.18481, 18.42723],
        [73.18577, 18.42647],
        [73.18691, 18.42572],
        [73.18748, 18.42459],
        [73.18766, 18.42407],
        [73.18786, 18.42347],
        [73.18785, 18.4216],
        [73.18842, 18.42029],
        [73.18918, 18.41897],
        [73.19052, 18.41765],
        [73.19256, 18.41563],
        [73.19242, 18.41408],
        [73.19164, 18.41222],
        [73.18951, 18.4087],
        [73.18623, 18.40538],
        [73.18314, 18.4015],
        [73.1789, 18.39801],
        [73.17819, 18.397],
        [73.17907, 18.3954],
        [73.1806, 18.39258],
        [73.18212, 18.39051],
        [73.18346, 18.38844],
        [73.18364, 18.38676],
        [73.18379, 18.38559],
        [73.19199, 18.38587],
        [73.19435, 18.38595],
        [73.19449, 18.38595],
        [73.19561, 18.38599],
        [73.19946, 18.38612],
        [73.20167, 18.38112],
        [73.20067, 18.37879],
        [73.1992, 18.37535],
        [73.20242, 18.3749],
        [73.20655, 18.37433],
        [73.21322, 18.37449],
        [73.2238, 18.37473],
        [73.22602, 18.37478],
        [73.2263, 18.37479],
        [73.2265, 18.3748],
        [73.22818, 18.37418],
        [73.24568, 18.36773],
        [73.24628, 18.36751],
        [73.24675, 18.36734],
        [73.24684, 18.3673],
        [73.25262, 18.36953],
        [73.2602, 18.36623],
        [73.26116, 18.35912],
        [73.26118, 18.35686],
        [73.26119, 18.35666],
        [73.26233, 18.35281],
        [73.26499, 18.35023],
        [73.26566, 18.34902],
        [73.26568, 18.34718],
        [73.26263, 18.34565],
        [73.26267, 18.34216],
        [73.26271, 18.3395],
        [73.26161, 18.33885],
        [73.26031, 18.33799],
        [73.26032, 18.33697],
        [73.25858, 18.33527],
        [73.25704, 18.33543],
        [73.25572, 18.33559],
        [73.25463, 18.33515],
        [73.25222, 18.33445],
        [73.25068, 18.3344],
        [73.25068, 18.3342],
        [73.25114, 18.33217],
        [73.25115, 18.33114],
        [73.24985, 18.32987],
        [73.2492, 18.32842],
        [73.24968, 18.32496],
        [73.25038, 18.32089],
        [73.25106, 18.31845],
        [73.25085, 18.31763],
        [73.25086, 18.31701],
        [73.24976, 18.31596],
        [73.24934, 18.3141],
        [73.2487, 18.31245],
        [73.24892, 18.31164],
        [73.24981, 18.31125],
        [73.25025, 18.31086],
        [73.25004, 18.31024],
        [73.24895, 18.30836],
        [73.24897, 18.30652],
        [73.24921, 18.30448],
        [73.24945, 18.30326],
        [73.24968, 18.30204],
        [73.25057, 18.30104],
        [73.25168, 18.30046],
        [73.25413, 18.2991],
        [73.25568, 18.29853],
        [73.25591, 18.29793],
        [73.25899, 18.29925],
        [73.26074, 18.30053],
        [73.26294, 18.30161],
        [73.26513, 18.3027],
        [73.26887, 18.30404],
        [73.2693, 18.30447],
        [73.2715, 18.30556],
        [73.27347, 18.30643],
        [73.27655, 18.30735],
        [73.27655, 18.30714],
        [73.2836, 18.30797],
        [73.28536, 18.30884],
        [73.28601, 18.30906],
        [73.28602, 18.30918],
        [73.28667, 18.30949],
        [73.28627, 18.30661],
        [73.28701, 18.30171],
        [73.2884, 18.29805],
        [73.28843, 18.29621],
        [73.28845, 18.29497],
        [73.28891, 18.29376],
        [73.29289, 18.29367],
        [73.2953, 18.29517],
        [73.29772, 18.29606],
        [73.30035, 18.29737],
        [73.30454, 18.29811],
        [73.30608, 18.29856],
        [73.30783, 18.29923],
        [73.30915, 18.29947],
        [73.31027, 18.29868],
        [73.31182, 18.29852],
        [73.31289, 18.30061],
        [73.31439, 18.30312],
        [73.31653, 18.30606],
        [73.31784, 18.30713],
        [73.32001, 18.30864],
        [73.32088, 18.30928],
        [73.32179, 18.30807],
        [73.32204, 18.30664],
        [73.32297, 18.3044],
        [73.32326, 18.30153],
        [73.32263, 18.30007],
        [73.32159, 18.29675],
        [73.32168, 18.29284],
        [73.32173, 18.29037],
        [73.32173, 18.29016],
        [73.32131, 18.28933],
        [73.32001, 18.28785],
        [73.3196, 18.2864],
        [73.31852, 18.28514],
        [73.31899, 18.2835],
        [73.31836, 18.28184],
        [73.31617, 18.28055],
        [73.31552, 18.27971],
        [73.31534, 18.27764],
        [73.31717, 18.27523],
        [73.31899, 18.27281],
        [73.32059, 18.271],
        [73.32308, 18.26859],
        [73.3256, 18.26537],
        [73.32762, 18.26439],
        [73.32782, 18.26522],
        [73.32936, 18.26588],
        [73.33156, 18.26696],
        [73.33178, 18.26697],
        [73.3323, 18.26369],
        [73.33279, 18.26164],
        [73.33481, 18.26128],
        [73.33706, 18.25989],
        [73.33684, 18.25989],
        [73.33421, 18.25838],
        [73.3331, 18.25794],
        [73.33112, 18.25686],
        [73.33004, 18.25539],
        [73.32789, 18.25225],
        [73.32683, 18.24955],
        [73.3251, 18.24745],
        [73.32267, 18.24595],
        [73.32312, 18.24575],
        [73.32427, 18.24434],
        [73.32409, 18.24248],
        [73.3248, 18.24065],
        [73.32504, 18.23963],
        [73.32596, 18.23841],
        [73.32755, 18.23722],
        [73.33001, 18.23707],
        [73.33136, 18.23669],
        [73.33247, 18.23692],
        [73.33358, 18.23715],
        [73.33426, 18.23676],
        [73.33539, 18.23617],
        [73.33633, 18.23433],
        [73.33728, 18.23168],
        [73.33801, 18.22922],
        [73.33872, 18.22759],
        [73.33925, 18.22431],
        [73.33951, 18.22267],
        [73.33773, 18.22242],
        [73.33638, 18.22239],
        [73.33394, 18.22172],
        [73.33372, 18.22151],
        [73.33285, 18.22046],
        [73.33159, 18.21672],
        [73.33211, 18.21344],
        [73.33263, 18.21016],
        [73.33046, 18.20702],
        [73.33024, 18.20681],
        [73.32872, 18.20431],
        [73.32786, 18.20265],
        [73.32631, 18.202],
        [73.32449, 18.20299],
        [73.32241, 18.20582],
        [73.32012, 18.20804],
        [73.31872, 18.21068],
        [73.31671, 18.21022],
        [73.31626, 18.21001],
        [73.31583, 18.20918],
        [73.31541, 18.20793],
        [73.31453, 18.20689],
        [73.31229, 18.20684],
        [73.31071, 18.20722],
        [73.30869, 18.20758],
        [73.30642, 18.20856],
        [73.30645, 18.20733],
        [73.30647, 18.2061],
        [73.30605, 18.20445],
        [73.30516, 18.20402],
        [73.30405, 18.20358],
        [73.30225, 18.20375],
        [73.30139, 18.20168],
        [73.30119, 18.20044],
        [73.30076, 18.19899],
        [73.30032, 18.19878],
        [73.30169, 18.19716],
        [73.30328, 18.19638],
        [73.30331, 18.19453],
        [73.30402, 18.19269],
        [73.30426, 18.19167],
        [73.30451, 18.19065],
        [73.30543, 18.18923],
        [73.30365, 18.18858],
        [73.30278, 18.18692],
        [73.29944, 18.1848],
        [73.29562, 18.1839],
        [73.2945, 18.18388],
        [73.29315, 18.18365],
        [73.29113, 18.1834],
        [73.28643, 18.18187],
        [73.28104, 18.18033],
        [73.28016, 18.17929],
        [73.27992, 18.1801],
        [73.27762, 18.18354],
        [73.27758, 18.18621],
        [73.278, 18.18826],
        [73.27706, 18.19132],
        [73.27636, 18.19315],
        [73.2761, 18.1956],
        [73.27562, 18.19785],
        [73.27603, 18.20073],
        [73.27669, 18.20156],
        [73.27602, 18.20175],
        [73.27399, 18.20253],
        [73.27129, 18.20308],
        [73.26701, 18.20381],
        [73.26656, 18.2038],
        [73.26547, 18.20153],
        [73.26549, 18.19948],
        [73.26393, 18.19883],
        [73.26281, 18.19819],
        [73.26169, 18.19817],
        [73.26126, 18.19693],
        [73.26104, 18.19611],
        [73.26061, 18.19426],
        [73.25929, 18.19239],
        [73.25884, 18.19176],
        [73.25818, 18.19073],
        [73.25572, 18.18986],
        [73.25326, 18.18817],
        [73.25057, 18.1875],
        [73.25012, 18.18708],
        [73.24674, 18.18824],
        [73.24424, 18.19023],
        [73.24268, 18.18959],
        [73.23931, 18.18809],
        [73.23662, 18.1868],
        [73.23282, 18.18407],
        [73.22722, 18.18048],
        [73.22631, 18.18047],
        [73.22474, 18.18084],
        [73.22271, 18.18141],
        [73.22203, 18.18181],
        [73.22135, 18.18281],
        [73.21954, 18.18421],
        [73.21818, 18.18561],
        [73.21435, 18.18798],
        [73.21165, 18.18914],
        [73.21098, 18.1879],
        [73.20986, 18.18645],
        [73.20807, 18.18377],
        [73.2065, 18.1819],
        [73.20582, 18.18087],
        [73.20402, 18.18063],
        [73.20155, 18.17996],
        [73.20155, 18.17976],
        [73.19952, 18.17992],
        [73.1975, 18.17988],
        [73.19592, 18.18046],
        [73.19277, 18.18141],
        [73.19097, 18.18097],
        [73.18962, 18.18054],
        [73.18646, 18.18027],
        [73.18331, 18.18061],
        [73.18039, 18.18055],
        [73.17678, 18.18027],
        [73.17656, 18.18047],
        [73.17589, 18.18107],
        [73.17499, 18.18207],
        [73.17386, 18.18306],
        [73.17319, 18.18365],
        [73.17185, 18.18505],
        [73.16668, 18.18799],
        [73.16242, 18.19054],
        [73.16162, 18.1911],
        [73.1611, 18.19147],
        [73.15924, 18.1789],
        [73.16422, 18.17899],
        [73.16511, 18.17659],
        [73.17038, 18.16237],
        [73.17012, 18.16076],
        [73.16819, 18.14903],
        [73.1735, 18.14848],
        [73.18278, 18.14753],
        [73.18327, 18.14748],
        [73.1874, 18.13603],
        [73.19153, 18.13319],
        [73.19178, 18.13301],
        [73.19746, 18.13071],
        [73.20269, 18.12702],
        [73.21013, 18.13182],
        [73.21174, 18.13285],
        [73.21868, 18.13733],
        [73.23133, 18.14685],
        [73.23312, 18.14819],
        [73.23372, 18.14754],
        [73.23556, 18.14554],
        [73.23568, 18.1425],
        [73.23608, 18.14229],
        [73.23754, 18.14152],
        [73.23871, 18.14089],
        [73.24097, 18.13865],
        [73.24281, 18.13588],
        [73.24413, 18.13389],
        [73.24642, 18.13289],
        [73.24665, 18.13299],
        [73.24827, 18.13369],
        [73.25142, 18.13505],
        [73.25872, 18.13231],
        [73.25871, 18.13159],
        [73.25867, 18.12887],
        [73.25748, 18.12504],
        [73.25664, 18.12231],
        [73.25686, 18.11953],
        [73.25725, 18.11475],
        [73.25749, 18.11178],
        [73.25841, 18.11073],
        [73.2616, 18.1071],
        [73.26597, 18.10385],
        [73.26796, 18.1009],
        [73.26934, 18.09983],
        [73.2713, 18.09832],
        [73.27646, 18.09842],
        [73.27675, 18.09837],
        [73.28771, 18.0966],
        [73.28648, 18.09206],
        [73.2874, 18.08801],
        [73.28692, 18.08221],
        [73.28758, 18.07143],
        [73.28743, 18.07159],
        [73.28672, 18.071],
        [73.28594, 18.07042],
        [73.28502, 18.06978],
        [73.28328, 18.06893],
        [73.28104, 18.06794],
        [73.27974, 18.0674],
        [73.27826, 18.06692],
        [73.27704, 18.06679],
        [73.27603, 18.06677],
        [73.27526, 18.06686],
        [73.27346, 18.06733],
        [73.27186, 18.06786],
        [73.2713, 18.06819],
        [73.27007, 18.06902],
        [73.2688, 18.06981],
        [73.26758, 18.0702],
        [73.26584, 18.07058],
        [73.26493, 18.07071],
        [73.26445, 18.07077],
        [73.26399, 18.07078],
        [73.26364, 18.07073],
        [73.26314, 18.07063],
        [73.26219, 18.07032],
        [73.2619, 18.07016],
        [73.26048, 18.06904],
        [73.2584, 18.06712],
        [73.25733, 18.06606],
        [73.25646, 18.06514],
        [73.25565, 18.06415],
        [73.25463, 18.06301],
        [73.25381, 18.06235],
        [73.25309, 18.062],
        [73.25212, 18.06183],
        [73.2518, 18.06182],
        [73.25142, 18.06184],
        [73.25088, 18.06193],
        [73.25037, 18.06206],
        [73.24941, 18.06255],
        [73.24861, 18.06253],
        [73.24817, 18.06254],
        [73.24758, 18.06255],
        [73.24732, 18.06256],
        [73.24674, 18.06261],
        [73.24642, 18.06266],
        [73.24566, 18.06274],
        [73.24518, 18.06273],
        [73.24481, 18.06265],
        [73.24437, 18.06227],
        [73.24398, 18.06204],
        [73.24333, 18.06187],
        [73.24262, 18.06184],
        [73.2424, 18.06185],
        [73.24218, 18.06187],
        [73.24182, 18.06179],
        [73.24054, 18.06116],
        [73.2396, 18.06068],
        [73.23919, 18.06049],
        [73.23873, 18.0602],
        [73.23849, 18.05998],
        [73.23783, 18.05943],
        [73.2376, 18.0593],
        [73.23731, 18.05915],
        [73.23687, 18.05894],
        [73.23661, 18.05881],
        [73.23641, 18.05875],
        [73.2362, 18.05872],
        [73.23581, 18.05871],
        [73.23533, 18.05867],
        [73.23468, 18.05849],
        [73.23388, 18.05825],
        [73.23289, 18.05785],
        [73.23164, 18.05749],
        [73.23046, 18.05719],
        [73.22913, 18.0569],
        [73.22839, 18.05676],
        [73.22812, 18.05674],
        [73.2276, 18.05677],
        [73.2273, 18.0568],
        [73.22679, 18.05684],
        [73.22644, 18.05693],
        [73.22591, 18.05713],
        [73.22526, 18.05736],
        [73.22481, 18.05747],
        [73.2244, 18.0575],
        [73.22337, 18.05761],
        [73.22262, 18.05758],
        [73.22202, 18.05756],
        [73.22152, 18.05761],
        [73.22107, 18.05764],
        [73.22031, 18.05776],
        [73.21842, 18.05816],
        [73.21717, 18.05866],
        [73.21676, 18.05887],
        [73.21636, 18.05909],
        [73.21573, 18.0595],
        [73.21506, 18.06004],
        [73.2147, 18.06029],
        [73.21387, 18.06081],
        [73.21249, 18.06165],
        [73.21206, 18.06199],
        [73.21177, 18.06236],
        [73.21145, 18.06274],
        [73.21139, 18.06292],
        [73.21132, 18.0632],
        [73.21127, 18.06343],
        [73.21104, 18.06424],
        [73.2109, 18.06457],
        [73.21059, 18.06519],
        [73.21002, 18.06596],
        [73.2096, 18.0665],
        [73.20919, 18.06707],
        [73.20846, 18.06786],
        [73.20804, 18.06816],
        [73.2073, 18.06858],
        [73.20645, 18.06896],
        [73.20538, 18.06926],
        [73.20473, 18.06934],
        [73.20425, 18.06935],
        [73.20367, 18.06936],
        [73.20306, 18.06925],
        [73.20207, 18.06899],
        [73.20152, 18.06876],
        [73.20116, 18.06851],
        [73.20081, 18.0682],
        [73.19992, 18.06717],
        [73.19888, 18.06566],
        [73.19791, 18.06417],
        [73.19749, 18.06353],
        [73.19711, 18.06312],
        [73.1967, 18.06266],
        [73.19587, 18.06176],
        [73.19533, 18.06112],
        [73.1947, 18.06058],
        [73.19424, 18.06012],
        [73.19366, 18.05976],
        [73.19329, 18.05955],
        [73.19262, 18.05926],
        [73.19212, 18.05914],
        [73.1916, 18.059],
        [73.19075, 18.05885],
        [73.18984, 18.05876],
        [73.18833, 18.05866],
        [73.18773, 18.05865],
        [73.18675, 18.05863],
        [73.18627, 18.05861],
        [73.18575, 18.05865],
        [73.18537, 18.05874],
        [73.18491, 18.05896],
        [73.18402, 18.05945],
        [73.183, 18.06007],
        [73.18253, 18.06044],
        [73.18201, 18.06077],
        [73.18181, 18.06089],
        [73.18154, 18.06096],
        [73.18104, 18.06102],
        [73.17946, 18.06124],
        [73.17879, 18.06132],
        [73.17849, 18.06132],
        [73.17806, 18.06123],
        [73.17762, 18.0611],
        [73.17561, 18.06029],
        [73.17378, 18.05943],
        [73.1733, 18.05906],
        [73.17283, 18.05861],
        [73.17265, 18.05836],
        [73.17251, 18.0581],
        [73.17205, 18.05719],
        [73.17135, 18.05553],
        [73.17067, 18.05427],
        [73.17039, 18.05386],
        [73.16983, 18.05311],
        [73.16947, 18.0527],
        [73.16922, 18.05253],
        [73.1687, 18.052],
        [73.16787, 18.0511],
        [73.16655, 18.04977],
        [73.16588, 18.04915],
        [73.16553, 18.04884],
        [73.16511, 18.0486],
        [73.16478, 18.04843],
        [73.16428, 18.04817],
        [73.16337, 18.04776],
        [73.16246, 18.04732],
        [73.16221, 18.04718],
        [73.16198, 18.04699],
        [73.16176, 18.04678],
        [73.16161, 18.04658],
        [73.16087, 18.04531],
        [73.16031, 18.0443],
        [73.16007, 18.04396],
        [73.15976, 18.04363],
        [73.15849, 18.04241],
        [73.15776, 18.04156],
        [73.15735, 18.0411],
        [73.15691, 18.04054],
        [73.15575, 18.03913],
        [73.15494, 18.03809],
        [73.15461, 18.03764],
        [73.15356, 18.03619],
        [73.15282, 18.0349],
        [73.15251, 18.03444],
        [73.15154, 18.03276],
        [73.15118, 18.03196],
        [73.15109, 18.03157],
        [73.15103, 18.031],
        [73.15098, 18.02991],
        [73.15103, 18.02956],
        [73.15115, 18.02878],
        [73.15119, 18.02831],
        [73.15119, 18.02803],
        [73.15123, 18.02653],
        [73.15123, 18.02545],
        [73.15121, 18.02509],
        [73.15117, 18.02478],
        [73.15096, 18.02429],
        [73.15045, 18.02314],
        [73.15024, 18.02277],
        [73.14956, 18.02184],
        [73.14925, 18.02152],
        [73.14902, 18.02127],
        [73.14821, 18.0205],
        [73.14776, 18.02017],
        [73.14745, 18.02],
        [73.14684, 18.01966],
        [73.14639, 18.01937],
        [73.14595, 18.01927],
        [73.14567, 18.01928],
        [73.14463, 18.01938],
        [73.1434, 18.01943],
        [73.14251, 18.0194],
        [73.14194, 18.01933],
        [73.14146, 18.01924],
        [73.13963, 18.01885],
        [73.13864, 18.01859],
        [73.13787, 18.01834],
        [73.13695, 18.01795],
        [73.13536, 18.01714],
        [73.13487, 18.01684],
        [73.13464, 18.01664],
        [73.13425, 18.01635],
        [73.13351, 18.01559],
        [73.1332, 18.01513],
        [73.133, 18.01474],
        [73.13272, 18.01397],
        [73.13219, 18.01286],
        [73.13197, 18.01256],
        [73.13138, 18.01172],
        [73.13072, 18.01109],
        [73.13006, 18.01037],
        [73.12997, 18.01006],
        [73.12995, 18.00983],
        [73.12997, 18.00956],
        [73.13011, 18.00873],
        [73.13011, 18.00847],
        [73.13006, 18.00827],
        [73.12957, 18.00729],
        [73.12931, 18.00677],
        [73.12881, 18.00608],
        [73.12804, 18.00517],
        [73.12688, 18.00379],
        [73.1265, 18.00323],
        [73.12628, 18.00283],
        [73.12604, 18.00233],
        [73.12579, 18.00176],
        [73.12569, 18.0013],
        [73.12561, 18.00082],
        [73.1254, 18.00047],
        [73.12526, 18.00024],
        [73.12512, 18.00001],
        [73.12498, 17.99978],
        [73.12482, 17.99952],
        [73.1246, 17.99922],
        [73.1244, 17.9989],
        [73.12421, 17.99858],
        [73.12404, 17.99825],
        [73.12363, 17.99754],
        [73.12315, 17.99666],
        [73.12269, 17.99571],
        [73.12253, 17.99544],
        [73.12238, 17.99516],
        [73.12225, 17.99488],
        [73.12214, 17.99459],
        [73.12205, 17.99432],
        [73.12196, 17.99404],
        [73.12188, 17.99377],
        [73.1218, 17.99349],
        [73.12172, 17.99321],
        [73.12165, 17.99293],
        [73.12159, 17.99265],
        [73.12153, 17.99237],
        [73.12147, 17.99209],
        [73.12121, 17.99108],
        [73.12077, 17.98937],
        [73.12025, 17.98753],
        [73.11997, 17.98645],
        [73.11985, 17.98612],
        [73.11973, 17.98579],
        [73.1196, 17.98546],
        [73.11946, 17.98514],
        [73.11931, 17.98482],
        [73.11915, 17.9845],
        [73.11899, 17.98419],
        [73.11882, 17.98388],
        [73.11863, 17.98358],
        [73.1185, 17.98337],
        [73.11837, 17.98317],
        [73.11823, 17.98296],
        [73.11809, 17.98276],
        [73.11794, 17.98256],
        [73.1178, 17.98236],
        [73.11766, 17.98217],
        [73.11751, 17.98197],
        [73.11736, 17.98177],
        [73.1172, 17.98162],
        [73.11704, 17.98148],
        [73.11688, 17.98133],
        [73.11672, 17.98119],
        [73.11655, 17.98106],
        [73.11638, 17.98092],
        [73.11621, 17.98079],
        [73.11603, 17.98066],
        [73.11585, 17.98054],
        [73.11557, 17.98038],
        [73.11528, 17.98024],
        [73.11497, 17.98013],
        [73.11465, 17.98005],
        [73.11433, 17.98],
        [73.114, 17.97997],
        [73.11368, 17.97998],
        [73.11335, 17.98001],
        [73.11303, 17.98007],
        [73.11102, 17.98049],
        [73.10944, 17.98087],
        [73.10753, 17.98148],
        [73.10538, 17.98232],
        [73.10503, 17.98243],
        [73.10468, 17.98255],
        [73.10433, 17.98269],
        [73.10399, 17.98283],
        [73.10366, 17.98299],
        [73.10333, 17.98315],
        [73.10301, 17.98333],
        [73.10269, 17.98352],
        [73.10238, 17.98371],
        [73.10137, 17.98435],
        [73.10047, 17.98492],
        [73.099, 17.98609],
        [73.09875, 17.98628],
        [73.0985, 17.98646],
        [73.09825, 17.98665],
        [73.098, 17.98683],
        [73.09775, 17.98701],
        [73.09749, 17.98718],
        [73.09723, 17.98736],
        [73.09697, 17.98753],
        [73.09671, 17.9877],
        [73.09642, 17.98785],
        [73.09612, 17.988],
        [73.09582, 17.98815],
        [73.09553, 17.98829],
        [73.09523, 17.98843],
        [73.09493, 17.98857],
        [73.09462, 17.98871],
        [73.09432, 17.98884],
        [73.09401, 17.98896],
        [73.09359, 17.98911],
        [73.09316, 17.98924],
        [73.09273, 17.98937],
        [73.0923, 17.98948],
        [73.09186, 17.98958],
        [73.09142, 17.98967],
        [73.09097, 17.98975],
        [73.09053, 17.98982],
        [73.09008, 17.98988],
        [73.08959, 17.98994],
        [73.0891, 17.99],
        [73.0886, 17.99005],
        [73.08811, 17.99009],
        [73.08761, 17.99012],
        [73.08711, 17.99014],
        [73.08662, 17.99015],
        [73.08612, 17.99016],
        [73.08562, 17.99015],
        [73.08428, 17.99015],
        [73.08327, 17.99011],
        [73.08251, 17.99005],
        [73.08046, 17.98993],
        [73.07747, 17.98976],
        [73.07567, 17.98972],
        [73.07446, 17.98972],
        [73.07182, 17.98954],
        [73.06968, 17.9894],
        [73.06877, 17.98938],
        [73.0685, 17.98937],
        [73.06761, 17.98925],
        [73.06729, 17.9892],
        [73.06698, 17.98914],
        [73.06666, 17.98908],
        [73.06635, 17.98902],
        [73.06603, 17.98895],
        [73.06572, 17.98888],
        [73.06541, 17.9888],
        [73.0651, 17.98872],
        [73.06479, 17.98863],
        [73.06387, 17.98837],
        [73.06189, 17.9879],
        [73.06097, 17.98768],
        [73.05902, 17.98719],
        [73.05625, 17.9865],
        [73.05426, 17.98599],
        [73.05254, 17.98553],
        [73.05064, 17.98504],
        [73.04867, 17.98447],
        [73.04834, 17.98438],
        [73.04801, 17.98428],
        [73.04768, 17.98417],
        [73.04736, 17.98406],
        [73.04704, 17.98395],
        [73.04671, 17.98383],
        [73.0464, 17.9837],
        [73.04608, 17.98357],
        [73.04576, 17.98343],
        [73.04475, 17.98298],
        [73.04315, 17.98221],
        [73.04237, 17.98182],
        [73.04058, 17.98101],
        [73.0403, 17.98087],
        [73.04002, 17.98071],
        [73.03975, 17.98055],
        [73.03949, 17.98038],
        [73.03944, 17.98034],
        [73.03992, 17.97925],
        [73.0394, 17.9803],
        [73.0387, 17.982],
        [73.03814, 17.98224],
        [73.0368, 17.9828],
        [73.0368, 17.98278],
        [73.0369, 17.9816],
        [73.0357, 17.9803],
        [73.03501, 17.9803],
        [73.0345, 17.9803],
        [73.0345, 17.98086],
        [73.0345, 17.9817],
        [73.03306, 17.98322],
        [73.03285, 17.98345],
        [73.03272, 17.98358],
        [73.0327, 17.9836],
        [73.03409, 17.98589],
        [73.0341, 17.9859],
        [73.0331, 17.9877],
        [73.0314, 17.9897],
        [73.03131, 17.98973],
        [73.03077, 17.98994],
        [73.02932, 17.99049],
        [73.0293, 17.9905],
        [73.02924, 17.99037],
        [73.02917, 17.99028],
        [73.02898, 17.99003],
        [73.0288, 17.9898],
        [73.0283, 17.9893],
        [73.0278, 17.9889],
        [73.02713, 17.98853],
        [73.02693, 17.98843],
        [73.02676, 17.98841],
        [73.0264, 17.9885],
        [73.0255, 17.9889],
        [73.0253, 17.989],
        [73.025, 17.9891],
        [73.0243, 17.9891],
        [73.0241, 17.9892],
        [73.0232, 17.9892],
        [73.0227, 17.9894],
        [73.0226, 17.98942],
        [73.0222, 17.9895],
        [73.0218, 17.9895],
        [73.0215, 17.9894],
        [73.02146, 17.9894],
        [73.0211, 17.98942],
        [73.02098, 17.98948],
        [73.0208, 17.9896],
        [73.0201, 17.9901],
        [73.0197, 17.9902],
        [73.01957, 17.9902],
        [73.01926, 17.99024],
        [73.01913, 17.99028],
        [73.0189, 17.9904],
        [73.01878, 17.99046],
        [73.0187, 17.9905],
        [73.0186, 17.9907],
        [73.01866, 17.99095],
        [73.0187, 17.9911],
        [73.01875, 17.99124],
        [73.0188, 17.9914],
        [73.0191, 17.9916],
        [73.01922, 17.9916],
        [73.0193, 17.9916],
        [73.01949, 17.99164],
        [73.0198, 17.9917],
        [73.0201, 17.9918],
        [73.0207, 17.9921],
        [73.0209, 17.99227],
        [73.0213, 17.9926],
        [73.02137, 17.99289],
        [73.02142, 17.993],
        [73.02151, 17.99336],
        [73.0215, 17.99359],
        [73.0215, 17.994],
        [73.0214, 17.9943],
        [73.02129, 17.99447],
        [73.02124, 17.99456],
        [73.02121, 17.99458],
        [73.0212, 17.9946],
        [73.021, 17.9948],
        [73.0207, 17.995],
        [73.01969, 17.99612],
        [73.0194, 17.9966],
        [73.0191, 17.9972],
        [73.019, 17.9974],
        [73.0187, 17.998],
        [73.01864, 17.99829],
        [73.0186, 17.9985],
        [73.01843, 17.99879],
        [73.0182, 17.9992],
        [73.0177, 17.9999],
        [73.01744, 18.00058],
        [73.0174, 18.0007],
        [73.0174, 18.0008],
        [73.0174, 18.00116],
        [73.0174, 18.0012],
        [73.0174, 18.0014],
        [73.0175, 18.0018],
        [73.0176, 18.002],
        [73.0177, 18.0024],
        [73.01776, 18.00265],
        [73.0178, 18.0028],
        [73.0178, 18.00298],
        [73.0178, 18.003],
        [73.0178, 18.0034],
        [73.0178, 18.0036],
        [73.01775, 18.00396],
        [73.0177, 18.0044],
        [73.01761, 18.00466],
        [73.01761, 18.00468],
        [73.0176, 18.00472],
        [73.0176, 18.0048],
        [73.01746, 18.00508],
        [73.01742, 18.00517],
        [73.01738, 18.00525],
        [73.0172, 18.0057],
        [73.0171, 18.006],
        [73.017, 18.0064],
        [73.01693, 18.00675],
        [73.0169, 18.0069],
        [73.0168, 18.0071],
        [73.0167, 18.0072],
        [73.0163, 18.0074],
        [73.0161, 18.0075],
        [73.01605, 18.00761],
        [73.016, 18.0077],
        [73.0158, 18.008],
        [73.01573, 18.00807],
        [73.0156, 18.0082],
        [73.01547, 18.00846],
        [73.0154, 18.0086],
        [73.01529, 18.00871],
        [73.0151, 18.0089],
        [73.01493, 18.00913],
        [73.0148, 18.0093],
        [73.0142, 18.0098],
        [73.0138, 18.0101],
        [73.01374, 18.01012],
        [73.0135, 18.0102],
        [73.013, 18.0105],
        [73.0129, 18.01055],
        [73.0128, 18.0106],
        [73.0121, 18.0109],
        [73.01194, 18.01096],
        [73.01164, 18.01109],
        [73.01157, 18.01112],
        [73.0114, 18.0112],
        [73.0111, 18.0113],
        [73.0108, 18.0113],
        [73.0105, 18.0112],
        [73.01047, 18.01119],
        [73.0102, 18.0111],
        [73.01, 18.011],
        [73.0098, 18.0109],
        [73.0096, 18.0108],
        [73.00943, 18.0108],
        [73.0094, 18.0108],
        [73.00927, 18.0108],
        [73.00918, 18.01081],
        [73.009, 18.0109],
        [73.00885, 18.011],
        [73.00872, 18.01112],
        [73.0085, 18.01151],
        [73.0085, 18.0117],
        [73.0083, 18.0119],
        [73.0081, 18.0123],
        [73.00801, 18.01239],
        [73.0077, 18.0127],
        [73.00749, 18.013],
        [73.0072, 18.0134],
        [73.00686, 18.01374],
        [73.00679, 18.01383],
        [73.0067, 18.0142],
        [73.00667, 18.01432],
        [73.0066, 18.0146],
        [73.0066, 18.0149],
        [73.0066, 18.0151],
        [73.0066, 18.0159],
        [73.00654, 18.01607],
        [73.0065, 18.0162],
        [73.0064, 18.0166],
        [73.00638, 18.01666],
        [73.0063, 18.0169],
        [73.00625, 18.017],
        [73.00623, 18.01709],
        [73.00615, 18.0172],
        [73.0061, 18.0173],
        [73.00602, 18.01734],
        [73.00589, 18.01745],
        [73.0058, 18.01761],
        [73.0058, 18.0183],
        [73.0058, 18.0187],
        [73.00576, 18.01883],
        [73.0057, 18.019],
        [73.0056, 18.0192],
        [73.00547, 18.01946],
        [73.0054, 18.0196],
        [73.0051, 18.0199],
        [73.00506, 18.01992],
        [73.00489, 18.02002],
        [73.00449, 18.02042],
        [73.00435, 18.02048],
        [73.0041, 18.0206],
        [73.00399, 18.0206],
        [73.00384, 18.02062],
        [73.00339, 18.02065],
        [73.003, 18.0207],
        [73.00285, 18.02078],
        [73.00283, 18.02079],
        [73.00274, 18.02091],
        [73.00275, 18.02095],
        [73.0028, 18.021],
        [73.00298, 18.02126],
        [73.00304, 18.0213],
        [73.0031, 18.0213],
        [73.0034, 18.0213],
        [73.0038, 18.0212],
        [73.0039, 18.02125],
        [73.004, 18.02126],
        [73.00425, 18.02135],
        [73.0045, 18.0214],
        [73.0048, 18.0215],
        [73.0051, 18.0215],
        [73.0054, 18.0215],
        [73.00566, 18.0215],
        [73.0057, 18.0215],
        [73.0058, 18.0215],
        [73.006, 18.0214],
        [73.0062, 18.0214],
        [73.00635, 18.02148],
        [73.0064, 18.0215],
        [73.0068, 18.0217],
        [73.00691, 18.02176],
        [73.00697, 18.02177],
        [73.00713, 18.0218],
        [73.0072, 18.0218],
        [73.0074, 18.0218],
        [73.00788, 18.0218],
        [73.0079, 18.0218],
        [73.008, 18.0218],
        [73.0081, 18.0219],
        [73.0082, 18.022],
        [73.0083, 18.0222],
        [73.0083, 18.02224],
        [73.00835, 18.02232],
        [73.0085, 18.02264],
        [73.0086, 18.0228],
        [73.00874, 18.02301],
        [73.0088, 18.0231],
        [73.0091, 18.0233],
        [73.0094, 18.02335],
        [73.0097, 18.0234],
        [73.00996, 18.02359],
        [73.0101, 18.0237],
        [73.0105, 18.0239],
        [73.01064, 18.02395],
        [73.0108, 18.024],
        [73.0112, 18.0241],
        [73.0118, 18.0243],
        [73.0121, 18.0243],
        [73.0127, 18.0243],
        [73.01274, 18.02434],
        [73.0128, 18.02435],
        [73.01296, 18.02445],
        [73.0131, 18.0245],
        [73.01323, 18.02463],
        [73.0133, 18.0247],
        [73.0135, 18.0248],
        [73.01361, 18.02474],
        [73.0137, 18.0247],
        [73.014, 18.0246],
        [73.0141, 18.0245],
        [73.0142, 18.02455],
        [73.0143, 18.0246],
        [73.0145, 18.0247],
        [73.0151, 18.0252],
        [73.0153, 18.0254],
        [73.01542, 18.0254],
        [73.0155, 18.0254],
        [73.01579, 18.0254],
        [73.01588, 18.02536],
        [73.01599, 18.02531],
        [73.01625, 18.02509],
        [73.01635, 18.02503],
        [73.01637, 18.02503],
        [73.0164, 18.025],
        [73.01645, 18.02505],
        [73.01658, 18.02506],
        [73.01665, 18.0251],
        [73.0167, 18.0251],
        [73.01681, 18.02521],
        [73.0169, 18.02527],
        [73.01698, 18.0253],
        [73.0171, 18.0253],
        [73.0176, 18.0253],
        [73.0178, 18.0254],
        [73.018, 18.0255],
        [73.0182, 18.0257],
        [73.01823, 18.02576],
        [73.0183, 18.0259],
        [73.0184, 18.026],
        [73.0186, 18.0261],
        [73.01875, 18.02605],
        [73.0189, 18.026],
        [73.01889, 18.02604],
        [73.01891, 18.02604],
        [73.01886, 18.02628],
        [73.0188, 18.0267],
        [73.0187, 18.02711],
        [73.0186, 18.0275],
        [73.0193, 18.0285],
        [73.01941, 18.02909],
        [73.0195, 18.0296],
        [73.01891, 18.03001],
        [73.0182, 18.0305],
        [73.01785, 18.03125],
        [73.0176, 18.0318],
        [73.0173, 18.033],
        [73.0172, 18.0331],
        [73.017, 18.0331],
        [73.0169, 18.033],
        [73.0169, 18.03288],
        [73.01687, 18.03281],
        [73.0168, 18.03265],
        [73.01676, 18.0326],
        [73.0165, 18.0326],
        [73.01634, 18.0326],
        [73.01623, 18.03264],
        [73.0161, 18.0327],
        [73.01595, 18.03277],
        [73.0159, 18.0328],
        [73.0157, 18.033],
        [73.0155, 18.0332],
        [73.0154, 18.0335],
        [73.0154, 18.03353],
        [73.0154, 18.0337],
        [73.0153, 18.0342],
        [73.0152, 18.0345],
        [73.0151, 18.0347],
        [73.015, 18.03485],
        [73.01494, 18.03496],
        [73.01479, 18.03533],
        [73.0147, 18.0358],
        [73.0146, 18.0362],
        [73.0145, 18.0363],
        [73.01447, 18.03632],
        [73.01423, 18.03649],
        [73.01415, 18.03655],
        [73.014, 18.0367],
        [73.0138, 18.0369],
        [73.01369, 18.03707],
        [73.0136, 18.0372],
        [73.0134, 18.0376],
        [73.01332, 18.03798],
        [73.0133, 18.0381],
        [73.0133, 18.0386],
        [73.01327, 18.03866],
        [73.0132, 18.0388],
        [73.01313, 18.0391],
        [73.0131, 18.0392],
        [73.0129, 18.0395],
        [73.01285, 18.03957],
        [73.0127, 18.0398],
        [73.0125, 18.0402],
        [73.0125, 18.04023],
        [73.0125, 18.0403],
        [73.01235, 18.04055],
        [73.0122, 18.0408],
        [73.0119, 18.0416],
        [73.0118, 18.0419],
        [73.01171, 18.04241],
        [73.0117, 18.0425],
        [73.01167, 18.04257],
        [73.0114, 18.0432],
        [73.01133, 18.04353],
        [73.0113, 18.0437],
        [73.01111, 18.04409],
        [73.011, 18.0443],
        [73.0108, 18.0448],
        [73.0107, 18.0452],
        [73.0106, 18.0459],
        [73.0106, 18.04591],
        [73.0106, 18.0461],
        [73.0104, 18.0466],
        [73.01014, 18.04704],
        [73.0101, 18.0471],
        [73.0097, 18.0477],
        [73.0096, 18.048],
        [73.0095, 18.0484],
        [73.00947, 18.04849],
        [73.0093, 18.049],
        [73.0091, 18.0494],
        [73.009, 18.0496],
        [73.00899, 18.04963],
        [73.0089, 18.0499],
        [73.0087, 18.0501],
        [73.00862, 18.05016],
        [73.00843, 18.05032],
        [73.00829, 18.05041],
        [73.0082, 18.0505],
        [73.0075, 18.0509],
        [73.0073, 18.0511],
        [73.00708, 18.05127],
        [73.00692, 18.05141],
        [73.00664, 18.0517],
        [73.0062, 18.0522],
        [73.0058, 18.0525],
        [73.00556, 18.05262],
        [73.00518, 18.05284],
        [73.00506, 18.0529],
        [73.0049, 18.053],
        [73.0045, 18.0531],
        [73.00442, 18.05313],
        [73.00415, 18.05325],
        [73.00403, 18.0533],
        [73.0037, 18.0535],
        [73.0032, 18.0537],
        [73.00315, 18.0537],
        [73.003, 18.0537],
        [73.00262, 18.05385],
        [73.0025, 18.0539],
        [73.0022, 18.054],
        [73.002, 18.05421],
        [73.002, 18.0544],
        [73.00196, 18.05436],
        [73.00145, 18.05385],
        [73.00129, 18.05369],
        [73.0009, 18.0533],
        [73.00044, 18.0531],
        [73.00023, 18.05303],
        [73.00022, 18.05301],
        [73.0002, 18.053],
        [72.9994, 18.0517],
        [72.9993, 18.0516],
        [72.99887, 18.05117],
        [72.99869, 18.05101],
        [72.99849, 18.05087],
        [72.9982, 18.0507],
        [72.9977, 18.0502],
        [72.99723, 18.04991],
        [72.9969, 18.0497],
        [72.9964, 18.0497],
        [72.99627, 18.04975],
        [72.9956, 18.05],
        [72.9952, 18.0503],
        [72.99513, 18.0503],
        [72.9951, 18.05031],
        [72.9942, 18.05051],
        [72.99413, 18.05057],
        [72.9939, 18.0508],
        [72.9936, 18.0514],
        [72.9935, 18.05179],
        [72.9935, 18.05181],
        [72.9932, 18.05211],
        [72.99289, 18.05231],
        [72.9923, 18.0527],
        [72.99212, 18.05277],
        [72.99181, 18.05292],
        [72.99169, 18.05305],
        [72.9915, 18.0533],
        [72.9911, 18.0536],
        [72.9908, 18.0541],
        [72.9907, 18.0545],
        [72.9905, 18.0551],
        [72.9902, 18.0554],
        [72.9902, 18.0558],
        [72.99018, 18.05583],
        [72.99018, 18.05584],
        [72.9898, 18.05631],
        [72.9899, 18.0567],
        [72.9899, 18.05674],
        [72.9899, 18.05707],
        [72.98995, 18.0572],
        [72.9901, 18.0575],
        [72.99014, 18.05757],
        [72.9902, 18.0577],
        [72.9902, 18.05819],
        [72.9902, 18.0582],
        [72.99017, 18.05824],
        [72.99, 18.0585],
        [72.99, 18.0586],
        [72.9902, 18.0589],
        [72.99023, 18.05899],
        [72.9903, 18.0592],
        [72.9908, 18.0598],
        [72.9909, 18.06],
        [72.991, 18.0603],
        [72.9912, 18.0607],
        [72.9911, 18.0613],
        [72.9913, 18.0619],
        [72.99197, 18.06257],
        [72.9921, 18.0627],
        [72.9927, 18.0633],
        [72.9933, 18.0643],
        [72.9933, 18.0651],
        [72.99335, 18.06524],
        [72.9935, 18.0657],
        [72.99427, 18.0667],
        [72.9945, 18.067],
        [72.9949, 18.0675],
        [72.99498, 18.06758],
        [72.9951, 18.0677],
        [72.9961, 18.0677],
        [72.99619, 18.06742],
        [72.9962, 18.0674],
        [72.99627, 18.06736],
        [72.99646, 18.06719],
        [72.9965, 18.0672],
        [72.9965, 18.0672],
        [72.99652, 18.06721],
        [72.9967, 18.0673],
        [72.9969, 18.0675],
        [72.99705, 18.0675],
        [72.9971, 18.0675],
        [72.9977, 18.0678],
        [72.9982, 18.068],
        [72.9989, 18.0686],
        [72.99912, 18.06888],
        [72.99932, 18.06911],
        [72.99938, 18.06948],
        [72.9994, 18.0696],
        [72.9994, 18.06964],
        [72.9994, 18.0699],
        [72.99913, 18.07035],
        [72.9991, 18.07077],
        [72.9991, 18.0711],
        [72.9991, 18.0715],
        [72.99934, 18.07221],
        [72.99941, 18.07238],
        [72.9994, 18.07252],
        [72.9994, 18.0729],
        [72.9994, 18.07348],
        [72.9994, 18.0738],
        [72.9994, 18.0746],
        [72.9993, 18.07491],
        [72.9992, 18.0752],
        [72.9989, 18.0758],
        [72.9986, 18.0764],
        [72.99843, 18.07685],
        [72.9983, 18.07721],
        [72.99828, 18.07729],
        [72.9981, 18.0779],
        [72.99798, 18.07814],
        [72.9979, 18.0783],
        [72.9976, 18.079],
        [72.9974, 18.0796],
        [72.9972, 18.0803],
        [72.99718, 18.08042],
        [72.9971, 18.0809],
        [72.99696, 18.08132],
        [72.9969, 18.0815],
        [72.9967, 18.0822],
        [72.99655, 18.08266],
        [72.9965, 18.0828],
        [72.99644, 18.08295],
        [72.99621, 18.08362],
        [72.99613, 18.08378],
        [72.996, 18.0841],
        [72.9959, 18.0846],
        [72.99569, 18.08515],
        [72.99563, 18.08536],
        [72.99552, 18.08572],
        [72.9954, 18.0862],
        [72.9953, 18.0865],
        [72.99514, 18.08703],
        [72.99503, 18.08746],
        [72.9949, 18.08788],
        [72.9948, 18.0883],
        [72.9947, 18.0885],
        [72.9945, 18.089],
        [72.9941, 18.0901],
        [72.99384, 18.09049],
        [72.99374, 18.09069],
        [72.99354, 18.09106],
        [72.9933, 18.0916],
        [72.9931, 18.0922],
        [72.9929, 18.0931],
        [72.9928, 18.0937],
        [72.99271, 18.09405],
        [72.9926, 18.0945],
        [72.99228, 18.09503],
        [72.992, 18.0955],
        [72.991, 18.0976],
        [72.99061, 18.09838],
        [72.9902, 18.0992],
        [72.9897, 18.0999],
        [72.98918, 18.10047],
        [72.9887, 18.101],
        [72.98785, 18.10261],
        [72.9878, 18.1027],
        [72.9876, 18.10257],
        [72.9875, 18.1025],
        [72.987, 18.1024],
        [72.9865, 18.1023],
        [72.98631, 18.10234],
        [72.986, 18.1024],
        [72.9857, 18.1024],
        [72.9857, 18.1024],
        [72.9854, 18.1026],
        [72.9853, 18.1027],
        [72.98516, 18.1027],
        [72.9851, 18.1027],
        [72.985, 18.1027],
        [72.9844, 18.103],
        [72.9843, 18.103],
        [72.98427, 18.10303],
        [72.9842, 18.1031],
        [72.98391, 18.1032],
        [72.98363, 18.10338],
        [72.9835, 18.10355],
        [72.9834, 18.1037],
        [72.98338, 18.10373],
        [72.98334, 18.10387],
        [72.98316, 18.10411],
        [72.9831, 18.1042],
        [72.9828, 18.1046],
        [72.9826, 18.1049],
        [72.98252, 18.10507],
        [72.98251, 18.10509],
        [72.98247, 18.10515],
        [72.9824, 18.1053],
        [72.9821, 18.1057],
        [72.98195, 18.1057],
        [72.9818, 18.1057],
        [72.9816, 18.1057],
        [72.9813, 18.1058],
        [72.98105, 18.10605],
        [72.9809, 18.1062],
        [72.9807, 18.1065],
        [72.98048, 18.10661],
        [72.9803, 18.1067],
        [72.9799, 18.1072],
        [72.9795, 18.1078],
        [72.9794, 18.1084],
        [72.97945, 18.10865],
        [72.9795, 18.1089],
        [72.9795, 18.10928],
        [72.9795, 18.1096],
        [72.9794, 18.1108],
        [72.9794, 18.11105],
        [72.9794, 18.1115],
        [72.97928, 18.11162],
        [72.9792, 18.1117],
        [72.9791, 18.1119],
        [72.97917, 18.11245],
        [72.9792, 18.1127],
        [72.9793, 18.1129],
        [72.9796, 18.1135],
        [72.9792, 18.1136],
        [72.9792, 18.1136],
        [72.97916, 18.11361],
        [72.97904, 18.11362],
        [72.97876, 18.1136],
        [72.9785, 18.1136],
        [72.97837, 18.1136],
        [72.9783, 18.1136],
        [72.9779, 18.1135],
        [72.97784, 18.11362],
        [72.9778, 18.1137],
        [72.9777, 18.1138],
        [72.97764, 18.1139],
        [72.97753, 18.11401],
        [72.9774, 18.1142],
        [72.9771, 18.115],
        [72.97704, 18.11513],
        [72.97702, 18.11522],
        [72.97706, 18.11526],
        [72.97709, 18.11529],
        [72.97729, 18.11546],
        [72.97749, 18.11577],
        [72.97751, 18.11581],
        [72.9777, 18.1161],
        [72.9775, 18.1167],
        [72.9772, 18.1172],
        [72.97706, 18.11749],
        [72.97702, 18.11761],
        [72.97693, 18.11788],
        [72.9768, 18.1184],
        [72.9765, 18.119],
        [72.97641, 18.11936],
        [72.97644, 18.11957],
        [72.97647, 18.11967],
        [72.9765, 18.1197],
        [72.97642, 18.11978],
        [72.97639, 18.11984],
        [72.9763, 18.12014],
        [72.97618, 18.12024],
        [72.9761, 18.1204],
        [72.976, 18.1205],
        [72.97596, 18.12063],
        [72.97594, 18.12077],
        [72.97581, 18.12092],
        [72.9758, 18.12104],
        [72.97573, 18.12113],
        [72.9757, 18.1212],
        [72.9757, 18.12136],
        [72.9757, 18.1214],
        [72.97564, 18.12146],
        [72.9756, 18.12153],
        [72.9756, 18.1218],
        [72.9756, 18.12185],
        [72.97546, 18.12194],
        [72.9754, 18.122],
        [72.9753, 18.1222],
        [72.9753, 18.12222],
        [72.97533, 18.1223],
        [72.97534, 18.12238],
        [72.9754, 18.1225],
        [72.97536, 18.12253],
        [72.97536, 18.12255],
        [72.97509, 18.12273],
        [72.975, 18.1229],
        [72.9747, 18.123],
        [72.97466, 18.123],
        [72.97465, 18.123],
        [72.97453, 18.12298],
        [72.9738, 18.1229],
        [72.97354, 18.12303],
        [72.9734, 18.1231],
        [72.973, 18.1234],
        [72.9726, 18.124],
        [72.97258, 18.12409],
        [72.9725, 18.1244],
        [72.97244, 18.12463],
        [72.9724, 18.1248],
        [72.9726, 18.1251],
        [72.97265, 18.12519],
        [72.9727, 18.1253],
        [72.9726, 18.1255],
        [72.97261, 18.12552],
        [72.9728, 18.1258],
        [72.9728, 18.1261],
        [72.9728, 18.12613],
        [72.9728, 18.1263],
        [72.9728, 18.1265],
        [72.9729, 18.1267],
        [72.9729, 18.12679],
        [72.9729, 18.1268],
        [72.9729, 18.1271],
        [72.97287, 18.12713],
        [72.9728, 18.1272],
        [72.9729, 18.1275],
        [72.9727, 18.1279],
        [72.9728, 18.1281],
        [72.97274, 18.12839],
        [72.9727, 18.1286],
        [72.97267, 18.12863],
        [72.97251, 18.12884],
        [72.9726, 18.1291],
        [72.9724, 18.1293],
        [72.9724, 18.1293],
        [72.9724, 18.12949],
        [72.9724, 18.1295],
        [72.97239, 18.12951],
        [72.9723, 18.1296],
        [72.9721, 18.1298],
        [72.972, 18.1301],
        [72.972, 18.1303],
        [72.97197, 18.13034],
        [72.9717, 18.1307],
        [72.9715, 18.1313],
        [72.9714, 18.1316],
        [72.9714, 18.13173],
        [72.97142, 18.13182],
        [72.97161, 18.13195],
        [72.97179, 18.13209],
        [72.97189, 18.13206],
        [72.972, 18.132],
        [72.9723, 18.132],
        [72.97244, 18.132],
        [72.97259, 18.13196],
        [72.97282, 18.13193],
        [72.9729, 18.1319],
        [72.97292, 18.13191],
        [72.9731, 18.132],
        [72.9735, 18.1322],
        [72.9741, 18.1327],
        [72.97436, 18.13283],
        [72.9745, 18.1329],
        [72.97465, 18.13298],
        [72.9749, 18.1331],
        [72.9755, 18.1333],
        [72.9761, 18.1336],
        [72.9765, 18.1337],
        [72.97653, 18.13371],
        [72.9771, 18.1339],
        [72.97748, 18.1339],
        [72.9778, 18.1339],
        [72.9782, 18.134],
        [72.97842, 18.13361],
        [72.97859, 18.13331],
        [72.97859, 18.13332],
        [72.9786, 18.1333],
        [72.97852, 18.13394],
        [72.9785, 18.1341],
        [72.97866, 18.13423],
        [72.97873, 18.13429],
        [72.9791, 18.1346],
        [72.9794, 18.1349],
        [72.97986, 18.13518],
        [72.9799, 18.1352],
        [72.97995, 18.13523],
        [72.9804, 18.1355],
        [72.98071, 18.13562],
        [72.9809, 18.1357],
        [72.98092, 18.13573],
        [72.981, 18.1359],
        [72.9812, 18.1364],
        [72.98132, 18.13652],
        [72.9816, 18.1368],
        [72.9819, 18.13724],
        [72.982, 18.13738],
        [72.98206, 18.13749],
        [72.9822, 18.1377],
        [72.9822, 18.138],
        [72.9822, 18.138],
        [72.9822, 18.13802],
        [72.98211, 18.1385],
        [72.98208, 18.13862],
        [72.982, 18.139],
        [72.9819, 18.1395],
        [72.9819, 18.1398],
        [72.9819, 18.1402],
        [72.982, 18.1405],
        [72.98243, 18.14127],
        [72.9825, 18.1414],
        [72.9827, 18.1418],
        [72.9829, 18.142],
        [72.98318, 18.14214],
        [72.9833, 18.1422],
        [72.98338, 18.14232],
        [72.9835, 18.1425],
        [72.9838, 18.143],
        [72.98417, 18.14322],
        [72.9848, 18.1436],
        [72.985, 18.1438],
        [72.9851, 18.144],
        [72.9851, 18.1444],
        [72.98507, 18.14471],
        [72.985, 18.1453],
        [72.98509, 18.14556],
        [72.9851, 18.1456],
        [72.9855, 18.1467],
        [72.98555, 18.14688],
        [72.9857, 18.1474],
        [72.9858, 18.1476],
        [72.98614, 18.14785],
        [72.9862, 18.1479],
        [72.9866, 18.1482],
        [72.98665, 18.14834],
        [72.9867, 18.1485],
        [72.9868, 18.1487],
        [72.9868, 18.1489],
        [72.9868, 18.14895],
        [72.9868, 18.1491],
        [72.9867, 18.1495],
        [72.9865, 18.1499],
        [72.9863, 18.1505],
        [72.9862, 18.151],
        [72.9861, 18.1513],
        [72.986, 18.1519],
        [72.98587, 18.1523],
        [72.9858, 18.1525],
        [72.9857, 18.1531],
        [72.9857, 18.1536],
        [72.9858, 18.154],
        [72.98589, 18.15446],
        [72.986, 18.155],
        [72.9861, 18.1555],
        [72.9863, 18.1558],
        [72.98661, 18.15611],
        [72.9868, 18.1563],
        [72.9871, 18.1565],
        [72.9876, 18.1566],
        [72.98783, 18.1566],
        [72.988, 18.1566],
        [72.9885, 18.1566],
        [72.98879, 18.1566],
        [72.98905, 18.15658],
        [72.98921, 18.1566],
        [72.9895, 18.1566],
        [72.9898, 18.1568],
        [72.9899, 18.157],
        [72.9899, 18.15716],
        [72.98991, 18.15721],
        [72.98951, 18.15753],
        [72.9893, 18.1577],
        [72.9891, 18.1582],
        [72.9891, 18.1583],
        [72.9889, 18.1588],
        [72.9887, 18.1591],
        [72.98832, 18.15955],
        [72.9882, 18.1597],
        [72.9877, 18.1604],
        [72.98739, 18.16142],
        [72.9873, 18.1617],
        [72.9872, 18.1621],
        [72.9871, 18.1626],
        [72.98697, 18.1632],
        [72.9869, 18.1635],
        [72.9868, 18.1641],
        [72.9868, 18.1643],
        [72.9867, 18.1653],
        [72.9867, 18.1658],
        [72.9866, 18.1668],
        [72.98653, 18.16728],
        [72.9864, 18.1682],
        [72.9861, 18.1697],
        [72.98559, 18.17114],
        [72.98552, 18.17137],
        [72.9854, 18.17173],
        [72.9852, 18.1724],
        [72.9846, 18.1739],
        [72.9842, 18.1755],
        [72.9837, 18.1772],
        [72.9835, 18.1777],
        [72.98332, 18.17842],
        [72.9833, 18.17851],
        [72.98328, 18.17855],
        [72.9831, 18.1791],
        [72.98286, 18.17944],
        [72.9826, 18.1798],
        [72.9824, 18.1804],
        [72.98238, 18.1805],
        [72.9822, 18.1813],
        [72.9818, 18.1826],
        [72.9815, 18.1836],
        [72.981, 18.1849],
        [72.98069, 18.18575],
        [72.9802, 18.1871],
        [72.9795, 18.1888],
        [72.9789, 18.1902],
        [72.9786, 18.191],
        [72.9784, 18.1918],
        [72.9784, 18.19196],
        [72.9784, 18.1922],
        [72.9784, 18.1927],
        [72.97848, 18.19294],
        [72.97863, 18.1933],
        [72.97881, 18.19338],
        [72.9791, 18.1935],
        [72.9794, 18.1935],
        [72.97954, 18.19345],
        [72.9802, 18.1932],
        [72.98047, 18.19298],
        [72.9808, 18.1927],
        [72.9813, 18.1924],
        [72.9824, 18.1922],
        [72.98284, 18.1922],
        [72.983, 18.1922],
        [72.9837, 18.1921],
        [72.98399, 18.192],
        [72.984, 18.192],
        [72.9836, 18.1948],
        [72.98313, 18.19461],
        [72.9831, 18.1946],
        [72.9825, 18.1946],
        [72.9815, 18.1949],
        [72.9806, 18.1956],
        [72.9794, 18.1969],
        [72.9788, 18.1976],
        [72.97827, 18.1986],
        [72.978, 18.1991],
        [72.9775, 18.2],
        [72.9768, 18.2007],
        [72.97679, 18.2007],
        [72.97677, 18.20073],
        [72.97663, 18.2008],
        [72.9761, 18.2011],
        [72.97567, 18.20115],
        [72.9752, 18.2012],
        [72.97444, 18.20141],
        [72.9741, 18.2015],
        [72.9735, 18.2018],
        [72.97301, 18.20205],
        [72.97288, 18.20212],
        [72.97263, 18.20219],
        [72.9723, 18.2023],
        [72.97198, 18.2023],
        [72.97181, 18.20231],
        [72.97139, 18.20241],
        [72.97128, 18.20252],
        [72.97122, 18.20258],
        [72.97109, 18.20273],
        [72.9708, 18.2034],
        [72.9706, 18.2037],
        [72.97057, 18.20372],
        [72.9701, 18.204],
        [72.9697, 18.2042]
      ]
    ]
  }
}
