{
  "type": "Feature",
  "id": "MH-AC-203",
  "properties": {
    "stateName": "MAHARASHTRA",
    "stateCode": "MH",
    "districtName": "PUNE",
    "acNo": 203,
    "acName": "BHOR",
    "seatType": null,
    "pcNo": null,
    "pcName": null,
    "quality": "unverified",
    "sources": [
      "TBD"
    ]
  },
  "geometry": {
    "type": "Polygon",
    "coordinates": [
      [
        [73.40772, 18.67421],
        [73.40885, 18.67389],
        [73.40997, 18.67358],
        [73.41245, 18.67345],
        [73.41334, 18.6734],
        [73.41862, 18.67464],
        [73.42521, 18.67421],
        [73.42911, 18.67396],
        [73.43024, 18.67094],
        [73.42915, 18.66909],
        [73.42808, 18.66729],
        [73.42652, 18.66651],
        [73.42415, 18.66533],
        [73.42113, 18.66213],
        [73.42166, 18.65957],
        [73.42273, 18.65442],
        [73.42847, 18.64317],
        [73.42924, 18.6404],
        [73.43027, 18.63666],
        [73.43052, 18.63639],
        [73.43189, 18.63486],
        [73.43214, 18.63458],
        [73.43269, 18.63396],
        [73.43274, 18.63391],
        [73.43366, 18.63288],
        [73.43529, 18.62958],
        [73.43748, 18.61839],
        [73.43794, 18.61805],
        [73.4465, 18.61189],
        [73.44693, 18.6096],
        [73.44737, 18.60726],
        [73.44787, 18.60642],
        [73.45017, 18.60261],
        [73.46058, 18.59951],
        [73.46484, 18.5978],
        [73.46778, 18.59661],
        [73.4693, 18.59599],
        [73.48164, 18.59304],
        [73.48412, 18.59284],
        [73.4874, 18.59257],
        [73.49098, 18.59227],
        [73.49917, 18.60574],
        [73.50208, 18.61051],
        [73.50246, 18.611],
        [73.50339, 18.61218],
        [73.50927, 18.61968],
        [73.51032, 18.62101],
        [73.51254, 18.62466],
        [73.51461, 18.62808],
        [73.52031, 18.63745],
        [73.52337, 18.63802],
        [73.52678, 18.63793],
        [73.53145, 18.63781],
        [73.53228, 18.63761],
        [73.53761, 18.63636],
        [73.53833, 18.63574],
        [73.54207, 18.63255],
        [73.5436, 18.63124],
        [73.54442, 18.63075],
        [73.54462, 18.63062],
        [73.55109, 18.62666],
        [73.55509, 18.62524],
        [73.56061, 18.62393],
        [73.56349, 18.62325],
        [73.56946, 18.62381],
        [73.57503, 18.62435],
        [73.57626, 18.62407],
        [73.57813, 18.62366],
        [73.58577, 18.62197],
        [73.58808, 18.62146],
        [73.59415, 18.61892],
        [73.59591, 18.61871],
        [73.59621, 18.61867],
        [73.60342, 18.61779],
        [73.60753, 18.61729],
        [73.60766, 18.61661],
        [73.6133, 18.61458],
        [73.61401, 18.61421],
        [73.61543, 18.61352],
        [73.62413, 18.60899],
        [73.62472, 18.60868],
        [73.62403, 18.60283],
        [73.63053, 18.60321],
        [73.63539, 18.60282],
        [73.6389, 18.60254],
        [73.64307, 18.60033],
        [73.65086, 18.59621],
        [73.65099, 18.59614],
        [73.65296, 18.59592],
        [73.65509, 18.59568],
        [73.66044, 18.59663],
        [73.66459, 18.60001],
        [73.66339, 18.60363],
        [73.66332, 18.60383],
        [73.66333, 18.6042],
        [73.66341, 18.60897],
        [73.6635, 18.61398],
        [73.66415, 18.61934],
        [73.66456, 18.62277],
        [73.66526, 18.62446],
        [73.66653, 18.62749],
        [73.66682, 18.62791],
        [73.66779, 18.62934],
        [73.67334, 18.63752],
        [73.68277, 18.63977],
        [73.69, 18.6415],
        [73.69263, 18.64189],
        [73.69799, 18.6427],
        [73.69998, 18.643],
        [73.70141, 18.64321],
        [73.7035, 18.64413],
        [73.70581, 18.64514],
        [73.70602, 18.64523],
        [73.71023, 18.65189],
        [73.7121, 18.65341],
        [73.71546, 18.65615],
        [73.71651, 18.65583],
        [73.71727, 18.6556],
        [73.72369, 18.65464],
        [73.72422, 18.65456],
        [73.72803, 18.65109],
        [73.734, 18.64565],
        [73.73674, 18.64748],
        [73.73823, 18.64755],
        [73.74155, 18.64772],
        [73.74276, 18.64586],
        [73.74427, 18.64351],
        [73.74666, 18.64256],
        [73.74942, 18.64147],
        [73.75165, 18.64151],
        [73.75297, 18.64153],
        [73.75551, 18.64053],
        [73.75456, 18.63846],
        [73.75413, 18.63753],
        [73.75417, 18.63139],
        [73.75417, 18.63048],
        [73.7616, 18.62786],
        [73.76399, 18.62702],
        [73.7652, 18.62682],
        [73.76935, 18.62612],
        [73.77164, 18.62656],
        [73.77419, 18.62815],
        [73.77769, 18.62785],
        [73.7793, 18.62623],
        [73.78088, 18.62463],
        [73.78244, 18.62191],
        [73.78465, 18.61804],
        [73.78568, 18.61828],
        [73.78518, 18.61564],
        [73.78232, 18.61331],
        [73.77844, 18.61129],
        [73.77656, 18.61032],
        [73.77606, 18.61006],
        [73.77321, 18.60778],
        [73.77241, 18.60468],
        [73.77242, 18.59391],
        [73.77222, 18.59303],
        [73.77157, 18.59016],
        [73.77156, 18.59011],
        [73.77152, 18.58993],
        [73.7709, 18.59004],
        [73.76325, 18.5913],
        [73.76292, 18.5897],
        [73.76197, 18.58509],
        [73.76259, 18.58283],
        [73.76459, 18.57556],
        [73.76453, 18.57242],
        [73.7645, 18.57081],
        [73.76411, 18.57016],
        [73.75899, 18.56156],
        [73.75529, 18.55279],
        [73.75242, 18.54802],
        [73.75177, 18.54695],
        [73.75037, 18.54684],
        [73.74895, 18.54673],
        [73.74828, 18.54357],
        [73.74897, 18.53475],
        [73.74881, 18.53416],
        [73.74796, 18.53091],
        [73.74783, 18.53042],
        [73.74772, 18.52998],
        [73.75149, 18.5297],
        [73.75558, 18.5294],
        [73.76092, 18.52901],
        [73.76325, 18.52884],
        [73.76585, 18.52865],
        [73.77017, 18.52951],
        [73.77053, 18.52951],
        [73.77341, 18.52951],
        [73.77752, 18.52951],
        [73.77928, 18.52951],
        [73.78062, 18.52951],
        [73.78202, 18.52951],
        [73.78379, 18.52811],
        [73.7846, 18.52619],
        [73.78573, 18.5235],
        [73.78609, 18.52056],
        [73.78635, 18.51841],
        [73.7882, 18.51568],
        [73.78292, 18.49962],
        [73.78182, 18.49628],
        [73.78098, 18.49374],
        [73.78047, 18.493],
        [73.77883, 18.49454],
        [73.77812, 18.49693],
        [73.77558, 18.50163],
        [73.77359, 18.49721],
        [73.77106, 18.49949],
        [73.76608, 18.49787],
        [73.7626, 18.49324],
        [73.76315, 18.49241],
        [73.77007, 18.48424],
        [73.76665, 18.48378],
        [73.7633, 18.48334],
        [73.76192, 18.48336],
        [73.76147, 18.48337],
        [73.75481, 18.4835],
        [73.75269, 18.48112],
        [73.75183, 18.48517],
        [73.75006, 18.48521],
        [73.74757, 18.48528],
        [73.74243, 18.47906],
        [73.74038, 18.47752],
        [73.73887, 18.47637],
        [73.73644, 18.47527],
        [73.73157, 18.47306],
        [73.7283, 18.47157],
        [73.72339, 18.47065],
        [73.71477, 18.4706],
        [73.70529, 18.47055],
        [73.69846, 18.46941],
        [73.69814, 18.46921],
        [73.69501, 18.46723],
        [73.6882, 18.45976],
        [73.68733, 18.4588],
        [73.68662, 18.45826],
        [73.68415, 18.45638],
        [73.68228, 18.45495],
        [73.68091, 18.45499],
        [73.67867, 18.45507],
        [73.66099, 18.45565],
        [73.6571, 18.45462],
        [73.65467, 18.45263],
        [73.65212, 18.45145],
        [73.65194, 18.45136],
        [73.64917, 18.45008],
        [73.64302, 18.44774],
        [73.6343, 18.44441],
        [73.63358, 18.44335],
        [73.63336, 18.44302],
        [73.63356, 18.44258],
        [73.63618, 18.43682],
        [73.63976, 18.43463],
        [73.64061, 18.43447],
        [73.64259, 18.43411],
        [73.64436, 18.43005],
        [73.64529, 18.4279],
        [73.65206, 18.42548],
        [73.6531, 18.4241],
        [73.6547, 18.42198],
        [73.66183, 18.41692],
        [73.66275, 18.41759],
        [73.6637, 18.41829],
        [73.66805, 18.42147],
        [73.67454, 18.42623],
        [73.68129, 18.42888],
        [73.6826, 18.4294],
        [73.68621, 18.42893],
        [73.68598, 18.42716],
        [73.68584, 18.42606],
        [73.68523, 18.42561],
        [73.67292, 18.41648],
        [73.67238, 18.41608],
        [73.67147, 18.41541],
        [73.67012, 18.41364],
        [73.66909, 18.41229],
        [73.66624, 18.40857],
        [73.66879, 18.39972],
        [73.66863, 18.39975],
        [73.66584, 18.40034],
        [73.65275, 18.40309],
        [73.64119, 18.40738],
        [73.64246, 18.39668],
        [73.64109, 18.38726],
        [73.64106, 18.38709],
        [73.64533, 18.38731],
        [73.64784, 18.38744],
        [73.64911, 18.3875],
        [73.65054, 18.38671],
        [73.65348, 18.38511],
        [73.65481, 18.38438],
        [73.65721, 18.38158],
        [73.66181, 18.37624],
        [73.66669, 18.37173],
        [73.66706, 18.37084],
        [73.66881, 18.36668],
        [73.66951, 18.36501],
        [73.67021, 18.36545],
        [73.67159, 18.3663],
        [73.67342, 18.37041],
        [73.67418, 18.37211],
        [73.67755, 18.37968],
        [73.67894, 18.38121],
        [73.68163, 18.38416],
        [73.68157, 18.38745],
        [73.68151, 18.39114],
        [73.68148, 18.39281],
        [73.68683, 18.39109],
        [73.69253, 18.38926],
        [73.6929, 18.389],
        [73.69325, 18.38876],
        [73.69606, 18.38679],
        [73.69315, 18.36875],
        [73.69259, 18.36525],
        [73.69258, 18.36519],
        [73.69453, 18.3649],
        [73.70021, 18.36407],
        [73.70144, 18.36389],
        [73.7035, 18.37022],
        [73.70851, 18.36887],
        [73.70862, 18.36452],
        [73.70868, 18.36251],
        [73.70907, 18.36151],
        [73.7098, 18.35962],
        [73.71157, 18.35511],
        [73.71179, 18.35374],
        [73.71194, 18.35284],
        [73.71279, 18.34776],
        [73.71412, 18.33979],
        [73.7145, 18.3375],
        [73.7144, 18.33285],
        [73.71293, 18.33001],
        [73.7131, 18.32993],
        [73.71313, 18.32977],
        [73.71882, 18.32872],
        [73.72131, 18.32892],
        [73.7242, 18.32893],
        [73.72877, 18.32951],
        [73.7328, 18.32971],
        [73.7356, 18.32944],
        [73.74156, 18.32886],
        [73.7444, 18.32942],
        [73.74615, 18.32925],
        [73.75072, 18.32982],
        [73.75176, 18.32911],
        [73.75213, 18.3292],
        [73.75402, 18.32966],
        [73.76269, 18.32972],
        [73.76716, 18.32938],
        [73.77127, 18.32886],
        [73.7747, 18.32924],
        [73.77587, 18.32907],
        [73.77825, 18.32875],
        [73.77842, 18.32872],
        [73.77906, 18.32874],
        [73.78476, 18.32894],
        [73.78967, 18.32825],
        [73.79747, 18.32593],
        [73.79754, 18.32592],
        [73.80022, 18.32823],
        [73.80354, 18.33109],
        [73.80972, 18.33508],
        [73.80986, 18.336],
        [73.81112, 18.34415],
        [73.81162, 18.3474],
        [73.81212, 18.35064],
        [73.81713, 18.35086],
        [73.81806, 18.3509],
        [73.82203, 18.35835],
        [73.82638, 18.35692],
        [73.82941, 18.35043],
        [73.83098, 18.34708],
        [73.83116, 18.34522],
        [73.83156, 18.34101],
        [73.83296, 18.33913],
        [73.83346, 18.33845],
        [73.83506, 18.33759],
        [73.83862, 18.33567],
        [73.84173, 18.32749],
        [73.842, 18.32677],
        [73.84396, 18.3242],
        [73.84617, 18.32127],
        [73.8467, 18.32111],
        [73.84688, 18.32105],
        [73.84738, 18.32089],
        [73.85332, 18.31539],
        [73.85385, 18.31421],
        [73.85609, 18.30927],
        [73.85625, 18.30891],
        [73.85654, 18.30553],
        [73.85999, 18.30433],
        [73.86497, 18.30462],
        [73.86853, 18.30719],
        [73.87034, 18.31059],
        [73.87377, 18.31417],
        [73.87389, 18.3143],
        [73.87449, 18.31528],
        [73.88572, 18.33372],
        [73.90166, 18.3291],
        [73.89366, 18.31877],
        [73.89223, 18.31694],
        [73.88844, 18.31333],
        [73.88759, 18.31185],
        [73.88844, 18.31031],
        [73.88851, 18.30741],
        [73.88856, 18.30509],
        [73.88862, 18.30277],
        [73.89026, 18.29954],
        [73.89148, 18.29756],
        [73.89233, 18.29697],
        [73.89267, 18.29673],
        [73.89506, 18.29508],
        [73.89665, 18.29389],
        [73.89785, 18.29279],
        [73.89849, 18.29197],
        [73.90536, 18.29185],
        [73.91222, 18.29887],
        [73.92385, 18.30397],
        [73.9327, 18.31108],
        [73.93532, 18.3085],
        [73.93544, 18.30838],
        [73.93275, 18.29987],
        [73.93025, 18.29485],
        [73.92253, 18.28489],
        [73.92055, 18.2806],
        [73.92038, 18.28023],
        [73.91328, 18.26954],
        [73.91293, 18.26924],
        [73.90954, 18.26628],
        [73.92002, 18.26066],
        [73.92456, 18.25754],
        [73.93142, 18.25728],
        [73.94418, 18.26003],
        [73.94735, 18.26071],
        [73.94813, 18.26111],
        [73.95439, 18.25894],
        [73.95513, 18.25645],
        [73.95879, 18.25309],
        [73.95943, 18.2525],
        [73.96516, 18.24725],
        [73.97352, 18.23846],
        [73.98045, 18.23363],
        [73.98261, 18.22928],
        [73.98724, 18.22527],
        [73.99163, 18.223],
        [73.99196, 18.22283],
        [73.99933, 18.21748],
        [74.0025, 18.21378],
        [74.00299, 18.21355],
        [74.00576, 18.21223],
        [74.00745, 18.21143],
        [74.00892, 18.21035],
        [74.02717, 18.19695],
        [74.02867, 18.1956],
        [74.03295, 18.19173],
        [74.04242, 18.18054],
        [74.04748, 18.17456],
        [74.0502, 18.1689],
        [74.05013, 18.16856],
        [74.05005, 18.16822],
        [74.05003, 18.16808],
        [74.05001, 18.168],
        [74.04986, 18.16731],
        [74.04982, 18.1671],
        [74.04885, 18.16251],
        [74.04554, 18.1542],
        [74.04497, 18.15277],
        [74.04608, 18.15032],
        [74.0484, 18.1452],
        [74.0493, 18.1432],
        [74.05067, 18.14018],
        [74.04958, 18.13991],
        [74.04856, 18.13954],
        [74.04795, 18.13931],
        [74.04791, 18.13928],
        [74.04712, 18.13875],
        [74.04578, 18.13744],
        [74.04515, 18.13661],
        [74.04428, 18.13576],
        [74.04391, 18.13548],
        [74.04359, 18.13529],
        [74.0431, 18.13515],
        [74.0423, 18.13496],
        [74.04171, 18.1348],
        [74.03999, 18.13418],
        [74.03848, 18.13372],
        [74.03755, 18.13352],
        [74.03634, 18.13326],
        [74.03576, 18.13318],
        [74.03203, 18.13259],
        [74.03074, 18.13246],
        [74.03002, 18.1324],
        [74.0291, 18.13251],
        [74.02833, 18.13264],
        [74.02781, 18.1328],
        [74.02681, 18.1332],
        [74.02555, 18.13388],
        [74.02502, 18.13424],
        [74.0244, 18.13467],
        [74.02274, 18.13632],
        [74.02226, 18.13687],
        [74.02087, 18.13871],
        [74.02044, 18.1392],
        [74.01976, 18.13996],
        [74.01756, 18.14209],
        [74.01621, 18.14305],
        [74.01531, 18.14355],
        [74.01476, 18.1438],
        [74.01154, 18.14503],
        [74.01093, 18.14523],
        [74.01061, 18.14538],
        [74.01034, 18.14556],
        [74.01006, 18.14581],
        [74.00988, 18.14609],
        [74.0091, 18.14737],
        [74.00813, 18.14928],
        [74.00743, 18.15097],
        [74.00713, 18.15204],
        [74.00707, 18.15233],
        [74.00674, 18.1543],
        [74.0062, 18.15729],
        [74.00617, 18.15867],
        [74.00601, 18.15906],
        [74.00521, 18.15949],
        [74.00442, 18.15969],
        [74.00367, 18.1597],
        [74.00299, 18.15956],
        [74.00263, 18.15945],
        [74.00223, 18.15924],
        [74.00178, 18.15889],
        [74.00104, 18.15822],
        [74.00035, 18.15745],
        [74.00002, 18.15708],
        [73.99979, 18.15681],
        [73.99951, 18.15655],
        [73.99931, 18.15638],
        [73.99772, 18.1541],
        [73.99572, 18.15295],
        [73.99245, 18.15209],
        [73.98713, 18.15235],
        [73.98429, 18.15371],
        [73.98155, 18.15518],
        [73.9787, 18.15622],
        [73.97653, 18.15671],
        [73.97221, 18.15779],
        [73.97049, 18.15851],
        [73.96789, 18.16194],
        [73.96552, 18.16472],
        [73.96291, 18.16722],
        [73.95932, 18.1696],
        [73.9567, 18.17144],
        [73.95423, 18.17317],
        [73.95229, 18.17594],
        [73.94993, 18.17737],
        [73.94699, 18.17911],
        [73.94459, 18.18038],
        [73.94322, 18.18065],
        [73.94234, 18.1806],
        [73.94135, 18.17979],
        [73.94048, 18.17867],
        [73.93934, 18.17683],
        [73.93889, 18.17535],
        [73.93834, 18.17372],
        [73.93721, 18.17275],
        [73.93553, 18.17254],
        [73.93301, 18.17232],
        [73.93006, 18.17221],
        [73.92847, 18.17228],
        [73.92782, 18.1723],
        [73.9261, 18.17194],
        [73.92411, 18.17175],
        [73.92263, 18.17201],
        [73.92099, 18.1703],
        [73.91881, 18.16867],
        [73.9162, 18.16769],
        [73.91349, 18.16633],
        [73.91275, 18.16498],
        [73.91173, 18.1643],
        [73.91045, 18.16381],
        [73.90851, 18.16331],
        [73.90753, 18.16221],
        [73.90639, 18.15955],
        [73.9054, 18.15895],
        [73.90407, 18.15901],
        [73.90263, 18.15898],
        [73.90111, 18.16146],
        [73.90109, 18.16486],
        [73.90036, 18.1677],
        [73.89924, 18.1713],
        [73.8975, 18.17435],
        [73.89737, 18.17497],
        [73.89697, 18.17547],
        [73.89698, 18.17908],
        [73.89641, 18.1805],
        [73.89423, 18.18233],
        [73.89259, 18.18164],
        [73.89058, 18.18038],
        [73.88914, 18.17842],
        [73.88796, 18.17671],
        [73.88705, 18.17527],
        [73.88575, 18.17373],
        [73.88466, 18.17286],
        [73.88269, 18.17205],
        [73.88101, 18.17206],
        [73.87865, 18.17381],
        [73.87588, 18.17507],
        [73.87448, 18.17442],
        [73.87326, 18.17346],
        [73.87197, 18.1736],
        [73.87057, 18.17373],
        [73.87038, 18.17341],
        [73.86937, 18.17079],
        [73.86508, 18.16796],
        [73.86321, 18.16728],
        [73.86228, 18.16623],
        [73.86159, 18.16575],
        [73.86035, 18.16511],
        [73.85884, 18.16458],
        [73.85822, 18.16455],
        [73.85853, 18.16587],
        [73.85849, 18.16616],
        [73.85812, 18.1666],
        [73.85792, 18.1667],
        [73.85901, 18.16801],
        [73.85909, 18.16851],
        [73.85776, 18.16784],
        [73.85723, 18.16781],
        [73.857, 18.16769],
        [73.85684, 18.16726],
        [73.85625, 18.16749],
        [73.85585, 18.16752],
        [73.85539, 18.16713],
        [73.8545, 18.16721],
        [73.85429, 18.16762],
        [73.85493, 18.16896],
        [73.85487, 18.16914],
        [73.85508, 18.16983],
        [73.85535, 18.17037],
        [73.85571, 18.17102],
        [73.85646, 18.17176],
        [73.85551, 18.17205],
        [73.8545, 18.17176],
        [73.85368, 18.1715],
        [73.85319, 18.17111],
        [73.85268, 18.17043],
        [73.8508, 18.16993],
        [73.85021, 18.1705],
        [73.84974, 18.17168],
        [73.84882, 18.17227],
        [73.8481, 18.17189],
        [73.84826, 18.1697],
        [73.84824, 18.16842],
        [73.84973, 18.16769],
        [73.85107, 18.16772],
        [73.85184, 18.16695],
        [73.85277, 18.16545],
        [73.85508, 18.16534],
        [73.85523, 18.16516],
        [73.8561, 18.1638],
        [73.85745, 18.16265],
        [73.85852, 18.16266],
        [73.86073, 18.1633],
        [73.86455, 18.16633],
        [73.86566, 18.16684],
        [73.86826, 18.16795],
        [73.86975, 18.16795],
        [73.87298, 18.16837],
        [73.87307, 18.16722],
        [73.87382, 18.16525],
        [73.87508, 18.16446],
        [73.87775, 18.16402],
        [73.87882, 18.16327],
        [73.88033, 18.16098],
        [73.88189, 18.15944],
        [73.88429, 18.15777],
        [73.88668, 18.15669],
        [73.88846, 18.15535],
        [73.88924, 18.15286],
        [73.88987, 18.15009],
        [73.89036, 18.14777],
        [73.89207, 18.14558],
        [73.89384, 18.14275],
        [73.8957, 18.13976],
        [73.89657, 18.13876],
        [73.89869, 18.13828],
        [73.90132, 18.13674],
        [73.90201, 18.1361],
        [73.90094, 18.1334],
        [73.90093, 18.13157],
        [73.90094, 18.12955],
        [73.90136, 18.12829],
        [73.90079, 18.12745],
        [73.89921, 18.1259],
        [73.89714, 18.12509],
        [73.89395, 18.12528],
        [73.8936, 18.12485],
        [73.8929, 18.12332],
        [73.89203, 18.12278],
        [73.89148, 18.12256],
        [73.89112, 18.12002],
        [73.88921, 18.11869],
        [73.88891, 18.11698],
        [73.88828, 18.11592],
        [73.88667, 18.11568],
        [73.88428, 18.11552],
        [73.8811, 18.1167],
        [73.87991, 18.11598],
        [73.87829, 18.11582],
        [73.87628, 18.11641],
        [73.8754, 18.11647],
        [73.87421, 18.11758],
        [73.87297, 18.11777],
        [73.87252, 18.11748],
        [73.87162, 18.11782],
        [73.87121, 18.11762],
        [73.87097, 18.11742],
        [73.87032, 18.11736],
        [73.86997, 18.11747],
        [73.86964, 18.11829],
        [73.8688, 18.11874],
        [73.86826, 18.11881],
        [73.86868, 18.11834],
        [73.86789, 18.11869],
        [73.86765, 18.11841],
        [73.86688, 18.11861],
        [73.86639, 18.11895],
        [73.86556, 18.1189],
        [73.86508, 18.11947],
        [73.86459, 18.11952],
        [73.86369, 18.11979],
        [73.86312, 18.11994],
        [73.86228, 18.11974],
        [73.86165, 18.11978],
        [73.86118, 18.11975],
        [73.86086, 18.11968],
        [73.8614, 18.11851],
        [73.86269, 18.11435],
        [73.86376, 18.11247],
        [73.86463, 18.11118],
        [73.86513, 18.11066],
        [73.86588, 18.11044],
        [73.86639, 18.10971],
        [73.86637, 18.10859],
        [73.8665, 18.10788],
        [73.8665, 18.10749],
        [73.86707, 18.10663],
        [73.86727, 18.10555],
        [73.86776, 18.10471],
        [73.86847, 18.10378],
        [73.86867, 18.10353],
        [73.86922, 18.10206],
        [73.87001, 18.10169],
        [73.87063, 18.10151],
        [73.87095, 18.10049],
        [73.87107, 18.09989],
        [73.87201, 18.09908],
        [73.87281, 18.09769],
        [73.87406, 18.09587],
        [73.87397, 18.0955],
        [73.87351, 18.09461],
        [73.87428, 18.09343],
        [73.87577, 18.0907],
        [73.87585, 18.09005],
        [73.87652, 18.08936],
        [73.87911, 18.08728],
        [73.87987, 18.08621],
        [73.87947, 18.08559],
        [73.87854, 18.08442],
        [73.87514, 18.08111],
        [73.87344, 18.07989],
        [73.87075, 18.07751],
        [73.87005, 18.07679],
        [73.86917, 18.07366],
        [73.86833, 18.07261],
        [73.8681, 18.07189],
        [73.86847, 18.07103],
        [73.86999, 18.06944],
        [73.87097, 18.06824],
        [73.87117, 18.0671],
        [73.87107, 18.065],
        [73.87004, 18.06321],
        [73.86963, 18.06157],
        [73.87038, 18.05981],
        [73.87054, 18.0588],
        [73.87148, 18.05671],
        [73.87156, 18.05562],
        [73.87132, 18.05425],
        [73.87043, 18.05326],
        [73.86956, 18.05152],
        [73.86946, 18.05052],
        [73.86925, 18.05006],
        [73.86942, 18.04921],
        [73.86982, 18.04879],
        [73.86997, 18.04745],
        [73.86863, 18.04722],
        [73.86648, 18.04708],
        [73.86498, 18.04697],
        [73.86432, 18.04677],
        [73.86455, 18.04595],
        [73.86501, 18.04376],
        [73.86523, 18.04275],
        [73.86379, 18.04015],
        [73.86308, 18.03876],
        [73.86174, 18.03837],
        [73.86143, 18.03735],
        [73.86156, 18.03628],
        [73.8608, 18.03577],
        [73.85997, 18.03533],
        [73.85933, 18.03355],
        [73.85771, 18.03155],
        [73.8566, 18.03149],
        [73.85569, 18.03194],
        [73.85515, 18.03128],
        [73.85439, 18.03121],
        [73.85358, 18.0331],
        [73.85147, 18.03371],
        [73.85095, 18.034],
        [73.85042, 18.03574],
        [73.84849, 18.0366],
        [73.84739, 18.03787],
        [73.84653, 18.0401],
        [73.84556, 18.04049],
        [73.84451, 18.04014],
        [73.84422, 18.03921],
        [73.84432, 18.03796],
        [73.84441, 18.03674],
        [73.84437, 18.03601],
        [73.84344, 18.03452],
        [73.84173, 18.03272],
        [73.84079, 18.03185],
        [73.83965, 18.03177],
        [73.83889, 18.03167],
        [73.83774, 18.032],
        [73.83735, 18.03221],
        [73.83654, 18.03298],
        [73.83541, 18.03281],
        [73.83495, 18.03265],
        [73.83455, 18.03169],
        [73.8341, 18.03141],
        [73.83318, 18.03164],
        [73.83175, 18.03266],
        [73.83103, 18.03231],
        [73.82961, 18.03071],
        [73.82828, 18.03017],
        [73.8272, 18.02993],
        [73.82591, 18.03009],
        [73.82493, 18.03022],
        [73.82375, 18.03054],
        [73.82321, 18.0326],
        [73.82313, 18.03377],
        [73.82306, 18.03428],
        [73.82223, 18.03444],
        [73.82074, 18.03418],
        [73.81936, 18.03397],
        [73.81826, 18.03448],
        [73.81759, 18.03478],
        [73.81696, 18.03477],
        [73.81471, 18.0352],
        [73.81401, 18.03565],
        [73.81348, 18.03787],
        [73.813, 18.03816],
        [73.81112, 18.03544],
        [73.80966, 18.03426],
        [73.80884, 18.03356],
        [73.80687, 18.0328],
        [73.80438, 18.03248],
        [73.8034, 18.03015],
        [73.80281, 18.0288],
        [73.80172, 18.02723],
        [73.79952, 18.02482],
        [73.79839, 18.02468],
        [73.79451, 18.02626],
        [73.79397, 18.02642],
        [73.79349, 18.02281],
        [73.79235, 18.0205],
        [73.79043, 18.02235],
        [73.78918, 18.02236],
        [73.78788, 18.02153],
        [73.78296, 18.0257],
        [73.78153, 18.02662],
        [73.77837, 18.02446],
        [73.77726, 18.02437],
        [73.77569, 18.02792],
        [73.77398, 18.02712],
        [73.7706, 18.02536],
        [73.76834, 18.02429],
        [73.76635, 18.02312],
        [73.76395, 18.02466],
        [73.75919, 18.02814],
        [73.75597, 18.03025],
        [73.756, 18.03236],
        [73.75708, 18.03522],
        [73.75813, 18.03714],
        [73.75757, 18.03753],
        [73.75613, 18.03792],
        [73.75555, 18.03828],
        [73.75451, 18.03822],
        [73.75273, 18.03762],
        [73.75171, 18.03762],
        [73.75088, 18.0372],
        [73.74956, 18.0375],
        [73.74933, 18.03748],
        [73.74904, 18.03759],
        [73.74872, 18.03771],
        [73.74846, 18.03774],
        [73.74826, 18.03771],
        [73.74807, 18.03757],
        [73.74797, 18.03739],
        [73.74759, 18.03732],
        [73.74738, 18.03739],
        [73.74712, 18.03768],
        [73.74682, 18.03788],
        [73.74648, 18.0379],
        [73.74617, 18.03787],
        [73.74596, 18.03786],
        [73.74569, 18.03779],
        [73.74542, 18.03774],
        [73.74516, 18.03769],
        [73.74495, 18.03763],
        [73.74446, 18.03754],
        [73.74418, 18.0375],
        [73.74398, 18.03748],
        [73.74356, 18.03748],
        [73.74334, 18.03752],
        [73.74309, 18.03757],
        [73.74268, 18.03759],
        [73.74247, 18.03759],
        [73.74228, 18.03755],
        [73.74173, 18.03739],
        [73.74134, 18.03729],
        [73.74104, 18.03722],
        [73.74065, 18.03721],
        [73.74021, 18.03718],
        [73.73979, 18.03716],
        [73.73943, 18.03716],
        [73.73913, 18.03718],
        [73.73884, 18.03722],
        [73.73844, 18.03729],
        [73.73802, 18.0373],
        [73.73724, 18.03728],
        [73.73662, 18.03726],
        [73.73602, 18.03732],
        [73.73557, 18.03737],
        [73.735, 18.03745],
        [73.73474, 18.03749],
        [73.73455, 18.03755],
        [73.73432, 18.03763],
        [73.73393, 18.03777],
        [73.73311, 18.03807],
        [73.73286, 18.03815],
        [73.73226, 18.03838],
        [73.73177, 18.0385],
        [73.73152, 18.03854],
        [73.73117, 18.03833],
        [73.7309, 18.03822],
        [73.73001, 18.0379],
        [73.72932, 18.03765],
        [73.72747, 18.03688],
        [73.72712, 18.03665],
        [73.7269, 18.03825],
        [73.72667, 18.04026],
        [73.72659, 18.04145],
        [73.72534, 18.04229],
        [73.72216, 18.04398],
        [73.72153, 18.04412],
        [73.71772, 18.04397],
        [73.71535, 18.04345],
        [73.71396, 18.04342],
        [73.71281, 18.04363],
        [73.71014, 18.04345],
        [73.70749, 18.04546],
        [73.70722, 18.04569],
        [73.70683, 18.04597],
        [73.70654, 18.04607],
        [73.70507, 18.04647],
        [73.7046, 18.0465],
        [73.70434, 18.04647],
        [73.704, 18.04629],
        [73.70366, 18.0461],
        [73.70047, 18.04481],
        [73.69975, 18.0445],
        [73.69917, 18.04431],
        [73.69676, 18.04308],
        [73.69639, 18.0429],
        [73.6946, 18.04186],
        [73.69388, 18.04141],
        [73.69312, 18.04108],
        [73.69228, 18.04087],
        [73.69161, 18.04061],
        [73.68933, 18.03995],
        [73.68868, 18.03967],
        [73.68559, 18.03807],
        [73.6852, 18.03775],
        [73.68223, 18.03609],
        [73.68124, 18.03546],
        [73.68065, 18.03503],
        [73.68039, 18.03477],
        [73.67988, 18.03411],
        [73.67976, 18.03391],
        [73.6795, 18.03372],
        [73.67646, 18.03214],
        [73.67599, 18.03178],
        [73.6756, 18.03156],
        [73.67517, 18.03138],
        [73.67466, 18.03122],
        [73.67436, 18.03108],
        [73.67422, 18.03094],
        [73.67401, 18.03065],
        [73.67372, 18.03043],
        [73.67315, 18.03012],
        [73.67274, 18.0299],
        [73.6723, 18.02969],
        [73.67185, 18.02937],
        [73.67153, 18.02905],
        [73.6711, 18.0287],
        [73.67043, 18.02818],
        [73.67019, 18.02799],
        [73.66992, 18.02778],
        [73.6695, 18.02752],
        [73.66917, 18.02732],
        [73.6688, 18.02713],
        [73.66767, 18.02621],
        [73.66745, 18.026],
        [73.66719, 18.02575],
        [73.66689, 18.02547],
        [73.66658, 18.02529],
        [73.66578, 18.02506],
        [73.66493, 18.02496],
        [73.66455, 18.02499],
        [73.66433, 18.02508],
        [73.66391, 18.02543],
        [73.66384, 18.02578],
        [73.6634, 18.02637],
        [73.66166, 18.02758],
        [73.66033, 18.02836],
        [73.65843, 18.02961],
        [73.65943, 18.03159],
        [73.65965, 18.03194],
        [73.65963, 18.03227],
        [73.65951, 18.03244],
        [73.65757, 18.03411],
        [73.65532, 18.03593],
        [73.65489, 18.0363],
        [73.65457, 18.03641],
        [73.65394, 18.03643],
        [73.65322, 18.03649],
        [73.65256, 18.03669],
        [73.65202, 18.03684],
        [73.65157, 18.03684],
        [73.65107, 18.03681],
        [73.65008, 18.03668],
        [73.64942, 18.03659],
        [73.64863, 18.03633],
        [73.6482, 18.0363],
        [73.64818, 18.03674],
        [73.64977, 18.03868],
        [73.65015, 18.03916],
        [73.64996, 18.0396],
        [73.64642, 18.04227],
        [73.64454, 18.0432],
        [73.64393, 18.0435],
        [73.6435, 18.0435],
        [73.64325, 18.04346],
        [73.64265, 18.04325],
        [73.64223, 18.04328],
        [73.64199, 18.04352],
        [73.63934, 18.04628],
        [73.63892, 18.04665],
        [73.63853, 18.04678],
        [73.63783, 18.04688],
        [73.63723, 18.04678],
        [73.63671, 18.04684],
        [73.63643, 18.04688],
        [73.6358, 18.04688],
        [73.63492, 18.04674],
        [73.63384, 18.0466],
        [73.633, 18.04643],
        [73.63052, 18.04575],
        [73.63014, 18.04564],
        [73.62975, 18.04564],
        [73.6295, 18.04578],
        [73.62912, 18.04594],
        [73.62863, 18.04615],
        [73.62782, 18.04631],
        [73.62726, 18.04638],
        [73.62698, 18.04655],
        [73.62697, 18.04698],
        [73.62687, 18.04756],
        [73.62686, 18.04827],
        [73.62672, 18.04881],
        [73.62607, 18.05026],
        [73.62551, 18.0509],
        [73.62396, 18.05201],
        [73.62284, 18.05234],
        [73.62224, 18.05248],
        [73.62154, 18.05241],
        [73.62095, 18.0524],
        [73.62046, 18.05247],
        [73.62025, 18.05257],
        [73.6201, 18.0527],
        [73.61996, 18.05291],
        [73.61975, 18.05318],
        [73.61948, 18.05338],
        [73.61917, 18.05354],
        [73.61867, 18.05371],
        [73.61829, 18.05388],
        [73.6179, 18.05425],
        [73.6167, 18.0557],
        [73.61638, 18.05654],
        [73.6162, 18.05711],
        [73.6162, 18.05759],
        [73.61626, 18.05809],
        [73.61633, 18.05863],
        [73.61608, 18.05867],
        [73.6158, 18.05867],
        [73.61514, 18.05866],
        [73.6143, 18.05866],
        [73.6137, 18.05876],
        [73.61349, 18.0588],
        [73.61289, 18.05893],
        [73.61243, 18.05926],
        [73.61219, 18.05977],
        [73.61194, 18.06041],
        [73.61186, 18.06102],
        [73.61182, 18.0618],
        [73.61182, 18.06234],
        [73.61188, 18.06277],
        [73.61206, 18.06318],
        [73.61261, 18.0644],
        [73.61292, 18.06528],
        [73.61312, 18.06589],
        [73.61333, 18.06643],
        [73.61371, 18.06714],
        [73.61388, 18.06775],
        [73.61405, 18.06869],
        [73.61411, 18.0695],
        [73.61428, 18.07011],
        [73.61453, 18.07028],
        [73.61508, 18.07055],
        [73.61843, 18.07272],
        [73.61958, 18.07357],
        [73.62, 18.07394],
        [73.62038, 18.07452],
        [73.62051, 18.07526],
        [73.62051, 18.07607],
        [73.62043, 18.07682],
        [73.62018, 18.07732],
        [73.61972, 18.07762],
        [73.61892, 18.07796],
        [73.61635, 18.0793],
        [73.6147, 18.07994],
        [73.61354, 18.08034],
        [73.61266, 18.08054],
        [73.61137, 18.0807],
        [73.60815, 18.08086],
        [73.60717, 18.08093],
        [73.60676, 18.0812],
        [73.60639, 18.0817],
        [73.60589, 18.08238],
        [73.60533, 18.08298],
        [73.60484, 18.08315],
        [73.60449, 18.08305],
        [73.60254, 18.08156],
        [73.60232, 18.08213],
        [73.60147, 18.08343],
        [73.60112, 18.08431],
        [73.6008, 18.08478],
        [73.60073, 18.08502],
        [73.60115, 18.08539],
        [73.60174, 18.08577],
        [73.60261, 18.08628],
        [73.60348, 18.08682],
        [73.6039, 18.08716],
        [73.60477, 18.0879],
        [73.60557, 18.08855],
        [73.60651, 18.08956],
        [73.60751, 18.09065],
        [73.608, 18.09136],
        [73.60852, 18.092],
        [73.60883, 18.09251],
        [73.6091, 18.09369],
        [73.60927, 18.09494],
        [73.6095, 18.09653],
        [73.6096, 18.09727],
        [73.6096, 18.09785],
        [73.60945, 18.09822],
        [73.60924, 18.09849],
        [73.609, 18.09857],
        [73.60865, 18.09869],
        [73.60778, 18.09898],
        [73.60673, 18.09925],
        [73.60603, 18.09965],
        [73.60244, 18.1016],
        [73.6016, 18.10204],
        [73.60111, 18.10237],
        [73.60037, 18.10312],
        [73.59941, 18.10413],
        [73.59814, 18.10557],
        [73.59705, 18.10675],
        [73.59596, 18.1079],
        [73.5942, 18.10887],
        [73.59647, 18.11159],
        [73.59747, 18.11279],
        [73.59757, 18.11303],
        [73.59805, 18.1134],
        [73.59851, 18.11371],
        [73.59994, 18.11435],
        [73.6005, 18.11462],
        [73.60088, 18.1149],
        [73.60116, 18.11513],
        [73.6013, 18.1154],
        [73.60137, 18.11567],
        [73.6015, 18.11621],
        [73.60161, 18.11672],
        [73.60181, 18.11743],
        [73.60198, 18.11821],
        [73.60222, 18.11909],
        [73.60239, 18.1199],
        [73.6027, 18.12051],
        [73.60318, 18.12145],
        [73.60641, 18.12723],
        [73.60665, 18.12771],
        [73.60692, 18.12831],
        [73.60709, 18.12872],
        [73.60729, 18.12929],
        [73.60744, 18.12987],
        [73.60757, 18.13017],
        [73.60771, 18.13048],
        [73.60806, 18.13085],
        [73.60837, 18.13143],
        [73.60896, 18.13271],
        [73.60923, 18.13342],
        [73.60926, 18.13399],
        [73.60922, 18.1345],
        [73.60915, 18.13504],
        [73.60907, 18.13562],
        [73.60893, 18.13612],
        [73.60858, 18.13669],
        [73.60829, 18.13713],
        [73.60794, 18.13774],
        [73.60751, 18.13828],
        [73.60695, 18.13875],
        [73.60667, 18.13902],
        [73.60653, 18.13936],
        [73.60656, 18.1398],
        [73.60666, 18.1401],
        [73.60694, 18.14047],
        [73.60729, 18.14084],
        [73.60774, 18.14115],
        [73.60833, 18.14135],
        [73.60865, 18.14139],
        [73.60893, 18.14129],
        [73.60896, 18.14105],
        [73.60893, 18.14075],
        [73.60893, 18.14051],
        [73.60893, 18.14031],
        [73.60904, 18.14001],
        [73.60918, 18.13977],
        [73.6094, 18.13947],
        [73.60957, 18.13913],
        [73.60961, 18.13872],
        [73.60954, 18.13839],
        [73.60941, 18.13805],
        [73.60937, 18.13761],
        [73.60945, 18.13714],
        [73.60963, 18.1367],
        [73.60991, 18.13636],
        [73.61033, 18.13592],
        [73.61051, 18.13521],
        [73.61031, 18.13425],
        [73.60945, 18.13175],
        [73.60817, 18.12972],
        [73.60769, 18.12891],
        [73.60683, 18.12581],
        [73.60694, 18.12531],
        [73.60712, 18.12483],
        [73.60733, 18.1244],
        [73.60747, 18.12409],
        [73.6073, 18.12382],
        [73.60667, 18.12362],
        [73.60633, 18.12193],
        [73.6062, 18.12081],
        [73.6054, 18.12064],
        [73.60365, 18.11956],
        [73.60349, 18.11834],
        [73.6038, 18.11845],
        [73.60628, 18.11929],
        [73.60771, 18.11997],
        [73.60923, 18.12114],
        [73.61018, 18.12194],
        [73.61466, 18.12561],
        [73.61491, 18.12551],
        [73.61826, 18.12311],
        [73.61843, 18.12299],
        [73.61871, 18.12299],
        [73.61902, 18.12309],
        [73.6193, 18.12329],
        [73.61968, 18.1236],
        [73.62, 18.12373],
        [73.62577, 18.12335],
        [73.62781, 18.12345],
        [73.62823, 18.12363],
        [73.62827, 18.12393],
        [73.62808, 18.1244],
        [73.62755, 18.12518],
        [73.62699, 18.12578],
        [73.62656, 18.12619],
        [73.62597, 18.12649],
        [73.62491, 18.12676],
        [73.62117, 18.12685],
        [73.62032, 18.12705],
        [73.62004, 18.12721],
        [73.61987, 18.12754],
        [73.61987, 18.12785],
        [73.61994, 18.12808],
        [73.62018, 18.12829],
        [73.62056, 18.12846],
        [73.62091, 18.12859],
        [73.62147, 18.1288],
        [73.62358, 18.1306],
        [73.62871, 18.135],
        [73.62873, 18.13542],
        [73.62889, 18.13912],
        [73.62895, 18.14017],
        [73.62905, 18.14037],
        [73.62933, 18.14061],
        [73.63105, 18.14171],
        [73.63175, 18.14192],
        [73.63208, 18.14199],
        [73.63273, 18.14212],
        [73.63329, 18.14239],
        [73.63367, 18.1426],
        [73.63402, 18.1429],
        [73.6344, 18.14358],
        [73.63439, 18.14486],
        [73.63406, 18.14665],
        [73.63416, 18.14692],
        [73.63441, 18.14706],
        [73.63522, 18.14649],
        [73.63562, 18.14662],
        [73.63752, 18.14727],
        [73.64042, 18.1436],
        [73.64134, 18.14215],
        [73.6423, 18.1411],
        [73.64355, 18.14232],
        [73.64407, 18.14212],
        [73.64566, 18.14668],
        [73.64572, 18.14686],
        [73.64659, 18.1474],
        [73.64706, 18.14833],
        [73.64849, 18.15119],
        [73.64946, 18.15131],
        [73.65084, 18.15378],
        [73.65005, 18.15732],
        [73.65209, 18.15844],
        [73.65291, 18.15888],
        [73.65548, 18.15666],
        [73.65685, 18.15633],
        [73.66102, 18.1569],
        [73.66192, 18.15702],
        [73.66429, 18.15521],
        [73.66612, 18.15673],
        [73.66612, 18.157],
        [73.66586, 18.15711],
        [73.66549, 18.15743],
        [73.6658, 18.15808],
        [73.6668, 18.15895],
        [73.66595, 18.16147],
        [73.66499, 18.16292],
        [73.66419, 18.16164],
        [73.66248, 18.16174],
        [73.6623, 18.16221],
        [73.66309, 18.16366],
        [73.66333, 18.16518],
        [73.66088, 18.16872],
        [73.65985, 18.1688],
        [73.6594, 18.16928],
        [73.65756, 18.17129],
        [73.6559, 18.17244],
        [73.65292, 18.1737],
        [73.65229, 18.17368],
        [73.64959, 18.17356],
        [73.64718, 18.17346],
        [73.6453, 18.17498],
        [73.64208, 18.17446],
        [73.63997, 18.17537],
        [73.63838, 18.1759],
        [73.63797, 18.17604],
        [73.63689, 18.17532],
        [73.63425, 18.17744],
        [73.63344, 18.17771],
        [73.63314, 18.17535],
        [73.63276, 18.17487],
        [73.6322, 18.17487],
        [73.63037, 18.17581],
        [73.62932, 18.17608],
        [73.62855, 18.17675],
        [73.62738, 18.17766],
        [73.6259, 18.17706],
        [73.6233, 18.17827],
        [73.62123, 18.17893],
        [73.61964, 18.17989],
        [73.6194, 18.18004],
        [73.61827, 18.18052],
        [73.61681, 18.18114],
        [73.61582, 18.18157],
        [73.61392, 18.18253],
        [73.6124, 18.1833],
        [73.61071, 18.18491],
        [73.60932, 18.1861],
        [73.60848, 18.18638],
        [73.60741, 18.18672],
        [73.60676, 18.18694],
        [73.60512, 18.18776],
        [73.6049, 18.18788],
        [73.60203, 18.1878],
        [73.59999, 18.18874],
        [73.59812, 18.1904],
        [73.59791, 18.19059],
        [73.5973, 18.18483],
        [73.59725, 18.18439],
        [73.59693, 18.18369],
        [73.59606, 18.17973],
        [73.59491, 18.17834],
        [73.59477, 18.17817],
        [73.5939, 18.17766],
        [73.59266, 18.17753],
        [73.59043, 18.17785],
        [73.58917, 18.17829],
        [73.58772, 18.1788],
        [73.58628, 18.17825],
        [73.58513, 18.17798],
        [73.5844, 18.17847],
        [73.58323, 18.17926],
        [73.58299, 18.17918],
        [73.58211, 18.17892],
        [73.58102, 18.17983],
        [73.58044, 18.1803],
        [73.58021, 18.1805],
        [73.57903, 18.18302],
        [73.57882, 18.18347],
        [73.57707, 18.18481],
        [73.57688, 18.18496],
        [73.57497, 18.18556],
        [73.572, 18.1865],
        [73.57166, 18.18661],
        [73.57011, 18.18713],
        [73.56892, 18.18753],
        [73.5677, 18.18794],
        [73.5673, 18.18807],
        [73.56663, 18.19268],
        [73.56584, 18.19731],
        [73.56521, 18.19919],
        [73.56441, 18.20158],
        [73.56361, 18.20313],
        [73.56324, 18.20387],
        [73.56215, 18.20587],
        [73.56124, 18.20786],
        [73.56036, 18.2099],
        [73.55966, 18.21188],
        [73.55925, 18.21364],
        [73.55887, 18.21401],
        [73.55846, 18.21313],
        [73.55837, 18.21294],
        [73.5582, 18.21227],
        [73.55825, 18.21134],
        [73.55901, 18.20989],
        [73.55964, 18.20787],
        [73.55972, 18.20741],
        [73.55968, 18.20705],
        [73.55922, 18.20612],
        [73.5586, 18.20522],
        [73.55751, 18.20413],
        [73.5571, 18.20372],
        [73.55588, 18.2025],
        [73.55564, 18.20198],
        [73.55567, 18.20126],
        [73.55604, 18.19989],
        [73.55663, 18.19795],
        [73.55689, 18.19663],
        [73.55556, 18.19795],
        [73.55375, 18.2001],
        [73.5515, 18.20195],
        [73.54923, 18.20359],
        [73.54762, 18.20434],
        [73.54482, 18.20532],
        [73.54324, 18.20606],
        [73.54114, 18.20792],
        [73.54051, 18.20628],
        [73.54003, 18.20429],
        [73.5397, 18.20205],
        [73.53961, 18.20165],
        [73.53941, 18.20027],
        [73.53934, 18.19982],
        [73.53912, 18.19818],
        [73.53898, 18.19772],
        [73.53833, 18.19608],
        [73.53812, 18.19414],
        [73.538, 18.19221],
        [73.5376, 18.18942],
        [73.53613, 18.1902],
        [73.53591, 18.19032],
        [73.53277, 18.18919],
        [73.53212, 18.18908],
        [73.53098, 18.18909],
        [73.53053, 18.18909],
        [73.53059, 18.18816],
        [73.52952, 18.18766],
        [73.52835, 18.18731],
        [73.52621, 18.18722],
        [73.52552, 18.18692],
        [73.52442, 18.18696],
        [73.52319, 18.187],
        [73.52153, 18.1871],
        [73.52114, 18.18719],
        [73.52088, 18.18729],
        [73.52075, 18.18759],
        [73.52078, 18.18785],
        [73.52185, 18.18954],
        [73.52238, 18.19034],
        [73.523, 18.19159],
        [73.52377, 18.19359],
        [73.52421, 18.19468],
        [73.52521, 18.19556],
        [73.52629, 18.19761],
        [73.52648, 18.19821],
        [73.52851, 18.1996],
        [73.53067, 18.20051],
        [73.53093, 18.20117],
        [73.53164, 18.20196],
        [73.53352, 18.20348],
        [73.53519, 18.20492],
        [73.53404, 18.20546],
        [73.53361, 18.20566],
        [73.53328, 18.20608],
        [73.53492, 18.20692],
        [73.53479, 18.2077],
        [73.53477, 18.20789],
        [73.53451, 18.20971],
        [73.5344, 18.21021],
        [73.53264, 18.2119],
        [73.52972, 18.21103],
        [73.52855, 18.21068],
        [73.52754, 18.21042],
        [73.5266, 18.21031],
        [73.52567, 18.21021],
        [73.52521, 18.20987],
        [73.52273, 18.21056],
        [73.5209, 18.21108],
        [73.52142, 18.21138],
        [73.52418, 18.21329],
        [73.52486, 18.21373],
        [73.52588, 18.21403],
        [73.52686, 18.21475],
        [73.52765, 18.21531],
        [73.52816, 18.21562],
        [73.52903, 18.21734],
        [73.52946, 18.21819],
        [73.52976, 18.21881],
        [73.53001, 18.21933],
        [73.53065, 18.22058],
        [73.53183, 18.22146],
        [73.53337, 18.22199],
        [73.53547, 18.22167],
        [73.53552, 18.22303],
        [73.53595, 18.22486],
        [73.53644, 18.22706],
        [73.53526, 18.22706],
        [73.53424, 18.22716],
        [73.53402, 18.22718],
        [73.53303, 18.22773],
        [73.53254, 18.228],
        [73.53164, 18.22872],
        [73.5308, 18.22952],
        [73.52845, 18.23068],
        [73.52753, 18.23103],
        [73.52569, 18.23091],
        [73.52427, 18.23177],
        [73.52407, 18.23193],
        [73.52523, 18.23457],
        [73.52686, 18.23378],
        [73.53022, 18.23195],
        [73.53068, 18.23277],
        [73.53148, 18.23412],
        [73.53139, 18.23429],
        [73.53111, 18.2348],
        [73.52995, 18.23645],
        [73.53014, 18.2368],
        [73.53154, 18.23878],
        [73.53383, 18.24084],
        [73.53635, 18.24289],
        [73.53705, 18.24356],
        [73.53681, 18.24416],
        [73.53648, 18.24494],
        [73.53635, 18.24515],
        [73.5355, 18.24539],
        [73.53474, 18.24567],
        [73.53342, 18.24691],
        [73.5317, 18.24848],
        [73.53167, 18.24821],
        [73.53158, 18.24749],
        [73.53099, 18.2468],
        [73.5296, 18.24672],
        [73.52779, 18.24868],
        [73.52702, 18.24949],
        [73.52677, 18.24976],
        [73.52488, 18.24891],
        [73.52398, 18.2485],
        [73.52361, 18.24834],
        [73.52157, 18.24744],
        [73.5202, 18.24699],
        [73.51805, 18.24671],
        [73.51651, 18.24625],
        [73.51646, 18.24669],
        [73.51691, 18.24872],
        [73.51706, 18.24958],
        [73.51723, 18.2506],
        [73.51549, 18.25266],
        [73.51468, 18.25364],
        [73.51322, 18.25349],
        [73.51116, 18.25331],
        [73.50924, 18.25315],
        [73.50919, 18.25338],
        [73.50902, 18.25512],
        [73.50882, 18.25656],
        [73.50677, 18.25573],
        [73.50552, 18.2553],
        [73.50534, 18.25539],
        [73.50488, 18.25645],
        [73.50452, 18.25741],
        [73.5038, 18.25941],
        [73.50382, 18.25963],
        [73.50515, 18.26057],
        [73.50705, 18.26191],
        [73.50776, 18.26237],
        [73.50803, 18.26256],
        [73.50895, 18.26337],
        [73.51012, 18.2645],
        [73.51064, 18.26506],
        [73.51074, 18.26521],
        [73.51085, 18.26539],
        [73.51133, 18.2663],
        [73.51194, 18.26761],
        [73.5121, 18.26786],
        [73.51246, 18.2683],
        [73.51335, 18.26916],
        [73.51429, 18.27007],
        [73.51433, 18.27049],
        [73.51431, 18.2711],
        [73.51428, 18.27129],
        [73.51429, 18.27154],
        [73.51424, 18.27228],
        [73.51335, 18.27218],
        [73.51228, 18.27204],
        [73.51107, 18.27187],
        [73.51042, 18.27184],
        [73.50917, 18.27183],
        [73.50785, 18.27184],
        [73.50628, 18.27184],
        [73.50593, 18.27186],
        [73.50483, 18.27202],
        [73.50412, 18.27223],
        [73.50399, 18.27244],
        [73.50398, 18.27273],
        [73.50409, 18.27368],
        [73.50425, 18.2753],
        [73.50396, 18.27572],
        [73.5038, 18.27587],
        [73.50355, 18.27617],
        [73.50304, 18.27712],
        [73.503, 18.27741],
        [73.50303, 18.27787],
        [73.50315, 18.27851],
        [73.50332, 18.27941],
        [73.50358, 18.28042],
        [73.50338, 18.28064],
        [73.50217, 18.28118],
        [73.50039, 18.28207],
        [73.50017, 18.28199],
        [73.49977, 18.28173],
        [73.49937, 18.28149],
        [73.49808, 18.28032],
        [73.49755, 18.27999],
        [73.4973, 18.27988],
        [73.49701, 18.27975],
        [73.49648, 18.27959],
        [73.49584, 18.27934],
        [73.49564, 18.27927],
        [73.49572, 18.27895],
        [73.49613, 18.27852],
        [73.49646, 18.27803],
        [73.49638, 18.27767],
        [73.49499, 18.27629],
        [73.49477, 18.27602],
        [73.49455, 18.27585],
        [73.49437, 18.27572],
        [73.49417, 18.27563],
        [73.49396, 18.27559],
        [73.49374, 18.27558],
        [73.49352, 18.27562],
        [73.49329, 18.27568],
        [73.49305, 18.27575],
        [73.49282, 18.27581],
        [73.49259, 18.27587],
        [73.49236, 18.27593],
        [73.49213, 18.276],
        [73.49189, 18.27606],
        [73.49166, 18.27612],
        [73.49143, 18.27618],
        [73.4912, 18.27624],
        [73.49089, 18.27634],
        [73.49058, 18.27639],
        [73.49025, 18.2764],
        [73.48994, 18.27637],
        [73.48963, 18.27629],
        [73.48926, 18.27626],
        [73.4889, 18.27621],
        [73.48854, 18.27616],
        [73.48819, 18.27611],
        [73.48783, 18.27604],
        [73.48761, 18.27599],
        [73.4874, 18.27596],
        [73.48718, 18.27593],
        [73.48697, 18.27591],
        [73.48675, 18.27589],
        [73.48646, 18.27582],
        [73.48621, 18.27566],
        [73.4858, 18.27521],
        [73.48507, 18.27431],
        [73.48485, 18.27404],
        [73.48462, 18.27378],
        [73.48439, 18.27353],
        [73.48414, 18.27328],
        [73.48389, 18.27304],
        [73.48364, 18.27281],
        [73.48337, 18.27258],
        [73.4831, 18.27237],
        [73.48282, 18.27216],
        [73.48254, 18.27195],
        [73.48228, 18.27177],
        [73.48203, 18.27158],
        [73.48177, 18.27139],
        [73.48152, 18.2712],
        [73.48127, 18.271],
        [73.48103, 18.27081],
        [73.48078, 18.27061],
        [73.48054, 18.2704],
        [73.4803, 18.2702],
        [73.48006, 18.26999],
        [73.47898, 18.26919],
        [73.47868, 18.2692],
        [73.47846, 18.26983],
        [73.478, 18.27129],
        [73.47796, 18.27149],
        [73.4779, 18.27168],
        [73.47784, 18.27188],
        [73.47777, 18.27207],
        [73.4777, 18.27226],
        [73.47761, 18.27244],
        [73.47752, 18.27262],
        [73.47742, 18.2728],
        [73.47732, 18.27298],
        [73.47711, 18.27329],
        [73.47695, 18.2736],
        [73.4768, 18.27391],
        [73.47668, 18.27423],
        [73.47658, 18.27455],
        [73.47652, 18.27482],
        [73.47652, 18.27502],
        [73.47655, 18.27522],
        [73.4766, 18.27542],
        [73.47668, 18.2756],
        [73.47685, 18.27576],
        [73.47729, 18.27606],
        [73.47883, 18.27719],
        [73.47912, 18.27738],
        [73.47943, 18.27754],
        [73.47975, 18.27767],
        [73.48009, 18.27777],
        [73.48046, 18.27786],
        [73.4807, 18.27797],
        [73.48087, 18.27818],
        [73.48064, 18.2784],
        [73.48035, 18.27841],
        [73.48006, 18.27843],
        [73.47978, 18.27844],
        [73.4795, 18.27846],
        [73.47921, 18.27848],
        [73.4789, 18.27851],
        [73.4786, 18.27856],
        [73.4783, 18.27861],
        [73.47799, 18.27866],
        [73.47769, 18.27872],
        [73.47742, 18.27882],
        [73.4772, 18.27901],
        [73.47708, 18.2793],
        [73.47698, 18.27964],
        [73.47683, 18.28031],
        [73.47676, 18.28049],
        [73.47669, 18.28067],
        [73.47661, 18.28087],
        [73.47657, 18.28109],
        [73.47655, 18.28132],
        [73.47656, 18.28154],
        [73.4766, 18.28177],
        [73.47666, 18.28197],
        [73.4767, 18.28216],
        [73.47675, 18.28234],
        [73.4768, 18.28253],
        [73.47685, 18.28271],
        [73.47693, 18.28298],
        [73.47706, 18.28331],
        [73.47722, 18.28363],
        [73.47741, 18.28393],
        [73.47764, 18.28421],
        [73.47784, 18.28444],
        [73.47799, 18.28462],
        [73.47815, 18.2848],
        [73.4784, 18.28513],
        [73.47865, 18.28543],
        [73.47861, 18.28568],
        [73.47842, 18.28571],
        [73.47784, 18.28577],
        [73.4775, 18.28582],
        [73.47716, 18.2859],
        [73.47684, 18.28601],
        [73.47652, 18.28616],
        [73.47622, 18.28633],
        [73.47545, 18.28673],
        [73.47453, 18.28733],
        [73.47462, 18.28763],
        [73.47499, 18.28785],
        [73.47526, 18.28797],
        [73.47555, 18.28806],
        [73.47583, 18.28814],
        [73.47612, 18.28819],
        [73.47641, 18.28824],
        [73.47667, 18.28829],
        [73.47694, 18.28835],
        [73.4772, 18.28842],
        [73.47746, 18.28849],
        [73.47765, 18.28856],
        [73.47784, 18.28864],
        [73.47803, 18.28874],
        [73.4782, 18.28885],
        [73.47836, 18.28897],
        [73.47877, 18.28935],
        [73.47914, 18.28979],
        [73.47956, 18.29026],
        [73.48013, 18.29109],
        [73.47999, 18.29132],
        [73.47942, 18.29221],
        [73.4792, 18.29256],
        [73.47899, 18.29235],
        [73.47867, 18.292],
        [73.47851, 18.2917],
        [73.47843, 18.29136],
        [73.47844, 18.29096],
        [73.47841, 18.29076],
        [73.47831, 18.29058],
        [73.47805, 18.29036],
        [73.47736, 18.29004],
        [73.47697, 18.28987],
        [73.47675, 18.28978],
        [73.47651, 18.2897],
        [73.47628, 18.28964],
        [73.47604, 18.28959],
        [73.4758, 18.28955],
        [73.47505, 18.28947],
        [73.47462, 18.28942],
        [73.47393, 18.28939],
        [73.47389, 18.28961],
        [73.47404, 18.28994],
        [73.4744, 18.29061],
        [73.47498, 18.29176],
        [73.47542, 18.29251],
        [73.47601, 18.29365],
        [73.47634, 18.29434],
        [73.47648, 18.29484],
        [73.4765, 18.29505],
        [73.47651, 18.29526],
        [73.47651, 18.29547],
        [73.47648, 18.29568],
        [73.47644, 18.29589],
        [73.4764, 18.29613],
        [73.47639, 18.29636],
        [73.4764, 18.2966],
        [73.47643, 18.29683],
        [73.47648, 18.29708],
        [73.4765, 18.29736],
        [73.47649, 18.29763],
        [73.47638, 18.29853],
        [73.47634, 18.29889],
        [73.47633, 18.29918],
        [73.47637, 18.29946],
        [73.4764, 18.29977],
        [73.47629, 18.30026],
        [73.47612, 18.30041],
        [73.4754, 18.30055],
        [73.47504, 18.30063],
        [73.47468, 18.30069],
        [73.47431, 18.30073],
        [73.47394, 18.30077],
        [73.47357, 18.30078],
        [73.47304, 18.30087],
        [73.47267, 18.30091],
        [73.4723, 18.30091],
        [73.47159, 18.30099],
        [73.47125, 18.30105],
        [73.47092, 18.30115],
        [73.47057, 18.30127],
        [73.4703, 18.30133],
        [73.4701, 18.30136],
        [73.4699, 18.30137],
        [73.4697, 18.30137],
        [73.46949, 18.30137],
        [73.46929, 18.30136],
        [73.46909, 18.30134],
        [73.46889, 18.30131],
        [73.46869, 18.30127],
        [73.46849, 18.30122],
        [73.46829, 18.30116],
        [73.46798, 18.30101],
        [73.4678, 18.30072],
        [73.46775, 18.30042],
        [73.46766, 18.30017],
        [73.46751, 18.29996],
        [73.4673, 18.29974],
        [73.46701, 18.29961],
        [73.46667, 18.2996],
        [73.46634, 18.29947],
        [73.466, 18.29903],
        [73.46571, 18.29873],
        [73.46547, 18.29859],
        [73.46523, 18.29844],
        [73.46498, 18.29831],
        [73.46472, 18.29823],
        [73.46445, 18.29818],
        [73.46404, 18.29818],
        [73.46377, 18.29821],
        [73.46328, 18.29829],
        [73.46259, 18.2985],
        [73.46224, 18.29855],
        [73.46191, 18.29846],
        [73.46149, 18.29825],
        [73.46123, 18.29816],
        [73.46096, 18.29809],
        [73.46054, 18.29805],
        [73.46026, 18.29806],
        [73.45996, 18.29809],
        [73.45965, 18.29817],
        [73.45937, 18.29832],
        [73.45909, 18.29838],
        [73.45882, 18.29831],
        [73.45836, 18.29799],
        [73.45804, 18.29794],
        [73.45783, 18.29802],
        [73.4571, 18.2983],
        [73.4569, 18.29823],
        [73.45675, 18.29808],
        [73.4563, 18.29754],
        [73.45602, 18.29722],
        [73.45568, 18.29718],
        [73.45502, 18.29739],
        [73.45407, 18.29782],
        [73.45386, 18.29791],
        [73.45366, 18.29801],
        [73.45345, 18.2981],
        [73.45325, 18.29819],
        [73.45304, 18.29827],
        [73.45283, 18.29835],
        [73.45262, 18.29843],
        [73.45241, 18.29851],
        [73.4522, 18.29859],
        [73.45198, 18.29866],
        [73.45165, 18.29877],
        [73.45135, 18.29892],
        [73.45107, 18.29912],
        [73.45083, 18.29937],
        [73.45064, 18.29964],
        [73.45017, 18.30051],
        [73.45005, 18.30069],
        [73.44994, 18.30088],
        [73.44983, 18.30106],
        [73.44973, 18.30125],
        [73.44962, 18.30144],
        [73.44952, 18.30163],
        [73.44942, 18.30182],
        [73.44932, 18.30201],
        [73.44923, 18.3022],
        [73.44914, 18.30239],
        [73.44906, 18.30256],
        [73.44898, 18.30273],
        [73.44889, 18.3029],
        [73.4488, 18.30306],
        [73.44871, 18.30322],
        [73.44861, 18.30338],
        [73.44851, 18.30354],
        [73.4484, 18.3037],
        [73.44829, 18.30385],
        [73.44818, 18.304],
        [73.44747, 18.30511],
        [73.44735, 18.30533],
        [73.44724, 18.30554],
        [73.44713, 18.30577],
        [73.44703, 18.30599],
        [73.44694, 18.30622],
        [73.44686, 18.30645],
        [73.44678, 18.30668],
        [73.44672, 18.30692],
        [73.44666, 18.30716],
        [73.44662, 18.3074],
        [73.44653, 18.30785],
        [73.44642, 18.30805],
        [73.44626, 18.3082],
        [73.44605, 18.30829],
        [73.44582, 18.30831],
        [73.44559, 18.30825],
        [73.44538, 18.30813],
        [73.44456, 18.30764],
        [73.4439, 18.30726],
        [73.44361, 18.3072],
        [73.44343, 18.30729],
        [73.4424, 18.30789],
        [73.44218, 18.30798],
        [73.44196, 18.30804],
        [73.44173, 18.30808],
        [73.4415, 18.30811],
        [73.44126, 18.30811],
        [73.4407, 18.30813],
        [73.4404, 18.30813],
        [73.4401, 18.30808],
        [73.43971, 18.308],
        [73.43953, 18.30806],
        [73.43938, 18.30818],
        [73.43905, 18.30846],
        [73.43873, 18.30853],
        [73.43731, 18.30853],
        [73.43703, 18.3085],
        [73.43667, 18.3084],
        [73.43606, 18.30813],
        [73.43577, 18.30795],
        [73.43553, 18.30769],
        [73.43523, 18.3075],
        [73.43468, 18.30757],
        [73.4344, 18.30759],
        [73.43415, 18.30761],
        [73.43392, 18.30742],
        [73.43362, 18.30674],
        [73.43347, 18.30636],
        [73.43327, 18.30588],
        [73.43314, 18.30564],
        [73.43298, 18.3054],
        [73.43281, 18.30518],
        [73.43261, 18.30497],
        [73.4324, 18.30477],
        [73.4321, 18.30452],
        [73.43181, 18.30431],
        [73.43151, 18.30412],
        [73.4312, 18.30394],
        [73.43088, 18.30377],
        [73.43056, 18.30361],
        [73.43017, 18.30344],
        [73.42993, 18.30334],
        [73.42972, 18.30318],
        [73.42954, 18.30299],
        [73.42942, 18.30276],
        [73.4293, 18.30232],
        [73.42925, 18.30214],
        [73.42922, 18.30194],
        [73.42921, 18.30175],
        [73.42922, 18.30156],
        [73.42923, 18.30137],
        [73.42926, 18.301],
        [73.42927, 18.30076],
        [73.42872, 18.30071],
        [73.42846, 18.30064],
        [73.42825, 18.30047],
        [73.42807, 18.30027],
        [73.42787, 18.3003],
        [73.42727, 18.30071],
        [73.42615, 18.30166],
        [73.42515, 18.30256],
        [73.42445, 18.30331],
        [73.42409, 18.3036],
        [73.42367, 18.3034],
        [73.42349, 18.30333],
        [73.42329, 18.30331],
        [73.42309, 18.30332],
        [73.4229, 18.30339],
        [73.42273, 18.30349],
        [73.4223, 18.30383],
        [73.4221, 18.30393],
        [73.42189, 18.304],
        [73.42167, 18.30404],
        [73.42145, 18.30403],
        [73.42068, 18.30403],
        [73.42051, 18.30427],
        [73.42035, 18.30452],
        [73.42017, 18.30475],
        [73.41897, 18.3061],
        [73.41892, 18.30633],
        [73.41897, 18.30656],
        [73.41918, 18.30712],
        [73.4193, 18.30733],
        [73.4194, 18.30754],
        [73.41942, 18.30774],
        [73.41935, 18.30792],
        [73.41918, 18.30811],
        [73.41895, 18.30831],
        [73.4187, 18.3085],
        [73.41853, 18.30859],
        [73.41838, 18.3087],
        [73.41824, 18.30884],
        [73.41814, 18.30899],
        [73.41806, 18.30916],
        [73.41803, 18.30935],
        [73.41804, 18.30954],
        [73.41808, 18.30972],
        [73.41816, 18.30989],
        [73.41827, 18.31005],
        [73.4186, 18.31044],
        [73.41901, 18.31084],
        [73.41922, 18.31106],
        [73.41944, 18.31127],
        [73.41967, 18.31148],
        [73.4199, 18.31168],
        [73.42014, 18.31187],
        [73.42049, 18.31223],
        [73.42076, 18.31245],
        [73.42109, 18.31259],
        [73.42156, 18.31278],
        [73.42178, 18.31287],
        [73.422, 18.31297],
        [73.42222, 18.31305],
        [73.42244, 18.31314],
        [73.42277, 18.31328],
        [73.42306, 18.31341],
        [73.42336, 18.31353],
        [73.42352, 18.31379],
        [73.42356, 18.31421],
        [73.42364, 18.31449],
        [73.42371, 18.31477],
        [73.4238, 18.31505],
        [73.42388, 18.31532],
        [73.42398, 18.3156],
        [73.42409, 18.31584],
        [73.4242, 18.31608],
        [73.42433, 18.31631],
        [73.42446, 18.31654],
        [73.4246, 18.31677],
        [73.42474, 18.31699],
        [73.42482, 18.31729],
        [73.42451, 18.31732],
        [73.42396, 18.31737],
        [73.4236, 18.31741],
        [73.42325, 18.31745],
        [73.42291, 18.31752],
        [73.42257, 18.31759],
        [73.42224, 18.31769],
        [73.42191, 18.3178],
        [73.42137, 18.31799],
        [73.42117, 18.31803],
        [73.42098, 18.31805],
        [73.42073, 18.31811],
        [73.4205, 18.31831],
        [73.42043, 18.31861],
        [73.42054, 18.31929],
        [73.42051, 18.31962],
        [73.42039, 18.31992],
        [73.42024, 18.32004],
        [73.41992, 18.32021],
        [73.41993, 18.32054],
        [73.42025, 18.32118],
        [73.42042, 18.32128],
        [73.42065, 18.32135],
        [73.42087, 18.32163],
        [73.42105, 18.32212],
        [73.421, 18.32231],
        [73.42086, 18.32246],
        [73.42083, 18.32268],
        [73.42125, 18.3235],
        [73.42164, 18.32369],
        [73.42164, 18.32441],
        [73.42147, 18.3247],
        [73.42124, 18.32491],
        [73.42127, 18.32516],
        [73.42143, 18.32558],
        [73.42173, 18.32575],
        [73.42201, 18.32583],
        [73.42207, 18.32613],
        [73.42211, 18.32646],
        [73.4221, 18.32679],
        [73.42192, 18.32702],
        [73.42184, 18.32723],
        [73.42185, 18.32745],
        [73.42196, 18.32772],
        [73.42211, 18.32796],
        [73.42216, 18.32819],
        [73.42216, 18.32843],
        [73.42214, 18.32917],
        [73.42219, 18.32968],
        [73.42235, 18.32997],
        [73.42263, 18.33016],
        [73.42298, 18.33035],
        [73.42334, 18.33043],
        [73.42355, 18.33053],
        [73.4237, 18.3307],
        [73.42412, 18.33138],
        [73.42427, 18.33155],
        [73.42447, 18.33167],
        [73.42469, 18.33173],
        [73.42493, 18.33172],
        [73.42588, 18.33152],
        [73.42657, 18.33142],
        [73.42692, 18.33149],
        [73.42698, 18.33172],
        [73.42699, 18.33217],
        [73.42699, 18.33243],
        [73.42703, 18.33269],
        [73.42708, 18.33295],
        [73.42716, 18.3332],
        [73.42726, 18.33344],
        [73.42774, 18.33453],
        [73.42815, 18.33536],
        [73.42829, 18.33567],
        [73.42842, 18.33598],
        [73.42855, 18.3363],
        [73.42869, 18.33661],
        [73.42883, 18.33692],
        [73.42892, 18.33712],
        [73.42901, 18.33732],
        [73.4291, 18.33753],
        [73.42917, 18.33773],
        [73.42924, 18.33794],
        [73.42931, 18.33815],
        [73.42937, 18.33836],
        [73.42942, 18.33858],
        [73.42946, 18.33879],
        [73.4295, 18.33901],
        [73.42954, 18.33932],
        [73.42957, 18.33963],
        [73.42958, 18.33995],
        [73.42958, 18.34026],
        [73.42958, 18.34057],
        [73.42959, 18.34106],
        [73.42961, 18.34158],
        [73.42967, 18.34193],
        [73.42983, 18.34208],
        [73.43, 18.3422],
        [73.43018, 18.3423],
        [73.4303, 18.34246],
        [73.43059, 18.34311],
        [73.43068, 18.34342],
        [73.43071, 18.34375],
        [73.43074, 18.34395],
        [73.43078, 18.34415],
        [73.43085, 18.34435],
        [73.43094, 18.34454],
        [73.43104, 18.34472],
        [73.43125, 18.34509],
        [73.43146, 18.34554],
        [73.43156, 18.34578],
        [73.43168, 18.34602],
        [73.43181, 18.34625],
        [73.43195, 18.34647],
        [73.43209, 18.34669],
        [73.43239, 18.34715],
        [73.43254, 18.34742],
        [73.43269, 18.34769],
        [73.4329, 18.34808],
        [73.43304, 18.34837],
        [73.43319, 18.34866],
        [73.43334, 18.34894],
        [73.43349, 18.34923],
        [73.43365, 18.34951],
        [73.43389, 18.34989],
        [73.434, 18.35007],
        [73.4341, 18.35024],
        [73.4342, 18.3504],
        [73.43431, 18.35056],
        [73.43443, 18.35071],
        [73.43456, 18.35086],
        [73.43486, 18.35127],
        [73.43508, 18.35153],
        [73.43533, 18.35176],
        [73.43557, 18.35201],
        [73.43574, 18.35215],
        [73.43594, 18.35228],
        [73.43646, 18.35263],
        [73.43679, 18.35286],
        [73.43723, 18.35321],
        [73.43741, 18.35335],
        [73.43758, 18.35349],
        [73.43774, 18.35365],
        [73.43789, 18.35381],
        [73.43803, 18.35399],
        [73.43817, 18.35419],
        [73.43829, 18.35441],
        [73.43841, 18.35462],
        [73.43851, 18.35484],
        [73.43862, 18.35507],
        [73.4388, 18.35558],
        [73.43888, 18.35585],
        [73.43896, 18.35612],
        [73.43903, 18.35639],
        [73.4391, 18.35666],
        [73.43916, 18.35693],
        [73.43929, 18.35753],
        [73.43934, 18.35773],
        [73.43941, 18.35793],
        [73.4395, 18.35812],
        [73.43961, 18.3583],
        [73.43974, 18.35847],
        [73.43993, 18.3586],
        [73.44015, 18.35865],
        [73.44076, 18.35864],
        [73.4415, 18.3586],
        [73.4425, 18.35854],
        [73.44305, 18.35851],
        [73.44346, 18.35861],
        [73.44366, 18.3588],
        [73.44375, 18.35898],
        [73.4438, 18.35925],
        [73.44382, 18.35961],
        [73.44379, 18.35988],
        [73.44373, 18.36012],
        [73.44367, 18.36034],
        [73.44356, 18.3606],
        [73.44339, 18.36086],
        [73.44317, 18.36109],
        [73.44267, 18.36165],
        [73.44245, 18.36186],
        [73.44225, 18.3621],
        [73.44209, 18.36235],
        [73.44188, 18.36256],
        [73.44162, 18.36269],
        [73.44098, 18.36285],
        [73.44074, 18.36297],
        [73.44054, 18.36313],
        [73.44002, 18.36358],
        [73.43975, 18.36382],
        [73.43948, 18.36407],
        [73.43922, 18.36432],
        [73.43896, 18.36457],
        [73.43871, 18.3648],
        [73.43847, 18.36502],
        [73.43823, 18.36524],
        [73.43798, 18.36546],
        [73.43773, 18.36567],
        [73.43747, 18.36591],
        [73.43734, 18.36604],
        [73.4371, 18.36633],
        [73.43699, 18.36648],
        [73.43688, 18.36663],
        [73.43678, 18.36679],
        [73.43669, 18.36695],
        [73.4366, 18.36711],
        [73.43652, 18.36728],
        [73.43642, 18.36748],
        [73.43633, 18.36769],
        [73.43625, 18.3679],
        [73.43618, 18.36812],
        [73.43612, 18.36833],
        [73.43599, 18.36851],
        [73.43579, 18.36824],
        [73.43558, 18.36789],
        [73.43546, 18.3677],
        [73.43535, 18.36749],
        [73.43526, 18.36728],
        [73.43518, 18.36707],
        [73.43511, 18.36685],
        [73.43503, 18.36662],
        [73.43473, 18.36628],
        [73.43436, 18.36675],
        [73.43419, 18.367],
        [73.4341, 18.36719],
        [73.43399, 18.36737],
        [73.43387, 18.36754],
        [73.43374, 18.3677],
        [73.43361, 18.36786],
        [73.43343, 18.36804],
        [73.43327, 18.36822],
        [73.43311, 18.36841],
        [73.43296, 18.3686],
        [73.43283, 18.36881],
        [73.43249, 18.36927],
        [73.43207, 18.36983],
        [73.4315, 18.37059],
        [73.43114, 18.37113],
        [73.43098, 18.3714],
        [73.43078, 18.37158],
        [73.43013, 18.37193],
        [73.42963, 18.37222],
        [73.42907, 18.37253],
        [73.42785, 18.37315],
        [73.42688, 18.37372],
        [73.42612, 18.37422],
        [73.42589, 18.37442],
        [73.42571, 18.37464],
        [73.42556, 18.37487],
        [73.42546, 18.37513],
        [73.42539, 18.3754],
        [73.42536, 18.37567],
        [73.42535, 18.37612],
        [73.42533, 18.37702],
        [73.4253, 18.37729],
        [73.42527, 18.37756],
        [73.42526, 18.37776],
        [73.42526, 18.37796],
        [73.42527, 18.37816],
        [73.42528, 18.37836],
        [73.42531, 18.37856],
        [73.4254, 18.37932],
        [73.42546, 18.38012],
        [73.42533, 18.38045],
        [73.42505, 18.38067],
        [73.4248, 18.38083],
        [73.42477, 18.38112],
        [73.42483, 18.3814],
        [73.42488, 18.38169],
        [73.42491, 18.38201],
        [73.42498, 18.38237],
        [73.42506, 18.38263],
        [73.42511, 18.38281],
        [73.42525, 18.38337],
        [73.42534, 18.38383],
        [73.42547, 18.38438],
        [73.42558, 18.38535],
        [73.42556, 18.38556],
        [73.42548, 18.38577],
        [73.42532, 18.38622],
        [73.42523, 18.38641],
        [73.42513, 18.38659],
        [73.42503, 18.38677],
        [73.42493, 18.38695],
        [73.42482, 18.38712],
        [73.42458, 18.38755],
        [73.42463, 18.38775],
        [73.42489, 18.38779],
        [73.42541, 18.38787],
        [73.42583, 18.38794],
        [73.42603, 18.38798],
        [73.42623, 18.38804],
        [73.42646, 18.38812],
        [73.42662, 18.38822],
        [73.42693, 18.38849],
        [73.42715, 18.3887],
        [73.4273, 18.38897],
        [73.42741, 18.38938],
        [73.42736, 18.3896],
        [73.42716, 18.3901],
        [73.42709, 18.39033],
        [73.42695, 18.39064],
        [73.42664, 18.39125],
        [73.42651, 18.39148],
        [73.42634, 18.39171],
        [73.42624, 18.39189],
        [73.42611, 18.3921],
        [73.42581, 18.39235],
        [73.42511, 18.39303],
        [73.42493, 18.39321],
        [73.42476, 18.39342],
        [73.42461, 18.39363],
        [73.42448, 18.39386],
        [73.42438, 18.3941],
        [73.42431, 18.39434],
        [73.42423, 18.39459],
        [73.42418, 18.39478],
        [73.42413, 18.39497],
        [73.42409, 18.39516],
        [73.42405, 18.39535],
        [73.42401, 18.39554],
        [73.42397, 18.39588],
        [73.42392, 18.39611],
        [73.42373, 18.39682],
        [73.42343, 18.39781],
        [73.4232, 18.3985],
        [73.42312, 18.3988],
        [73.42307, 18.39911],
        [73.42295, 18.39966],
        [73.42283, 18.39996],
        [73.42277, 18.40013],
        [73.42269, 18.40035],
        [73.42251, 18.40064],
        [73.42223, 18.40099],
        [73.42208, 18.40113],
        [73.42191, 18.40124],
        [73.42105, 18.40181],
        [73.42021, 18.40252],
        [73.42005, 18.40266],
        [73.41989, 18.40281],
        [73.41972, 18.40295],
        [73.41955, 18.40309],
        [73.41935, 18.40328],
        [73.41914, 18.40353],
        [73.41894, 18.40379],
        [73.41837, 18.40448],
        [73.41823, 18.40471],
        [73.41811, 18.40495],
        [73.41796, 18.4051],
        [73.41754, 18.40489],
        [73.41734, 18.40479],
        [73.41713, 18.4047],
        [73.41691, 18.40463],
        [73.41669, 18.40457],
        [73.41647, 18.40452],
        [73.41605, 18.40439],
        [73.41558, 18.40432],
        [73.41527, 18.4044],
        [73.41482, 18.40462],
        [73.41372, 18.40523],
        [73.41343, 18.40535],
        [73.41313, 18.40489],
        [73.41303, 18.40462],
        [73.41288, 18.40437],
        [73.41273, 18.40413],
        [73.41263, 18.40387],
        [73.4126, 18.40362],
        [73.41256, 18.40335],
        [73.41239, 18.40282],
        [73.41225, 18.40253],
        [73.41214, 18.40223],
        [73.41206, 18.40197],
        [73.41202, 18.40175],
        [73.41201, 18.40153],
        [73.41199, 18.40134],
        [73.41197, 18.40114],
        [73.41195, 18.40095],
        [73.41193, 18.40075],
        [73.4119, 18.40056],
        [73.41185, 18.40024],
        [73.41179, 18.39988],
        [73.41175, 18.39968],
        [73.41164, 18.39937],
        [73.41147, 18.39912],
        [73.41114, 18.3987],
        [73.41091, 18.39848],
        [73.4106, 18.3984],
        [73.4104, 18.39848],
        [73.40994, 18.39893],
        [73.40929, 18.39976],
        [73.40869, 18.40046],
        [73.40815, 18.40099],
        [73.40791, 18.40118],
        [73.40777, 18.40057],
        [73.40755, 18.39954],
        [73.40739, 18.39928],
        [73.40719, 18.39934],
        [73.40677, 18.39983],
        [73.40664, 18.40006],
        [73.40652, 18.40029],
        [73.4064, 18.40052],
        [73.40628, 18.40076],
        [73.40616, 18.40099],
        [73.40598, 18.40134],
        [73.40576, 18.40145],
        [73.40556, 18.40131],
        [73.40544, 18.40091],
        [73.40533, 18.40022],
        [73.40528, 18.39994],
        [73.4052, 18.39965],
        [73.4051, 18.39938],
        [73.40499, 18.39911],
        [73.40485, 18.39884],
        [73.40464, 18.39857],
        [73.4044, 18.39831],
        [73.40414, 18.39811],
        [73.40384, 18.39802],
        [73.40361, 18.39802],
        [73.40332, 18.398],
        [73.40303, 18.39803],
        [73.40275, 18.3981],
        [73.40248, 18.39822],
        [73.40224, 18.39839],
        [73.40204, 18.39859],
        [73.40183, 18.39881],
        [73.40161, 18.39904],
        [73.40139, 18.39925],
        [73.40117, 18.39947],
        [73.40095, 18.39968],
        [73.40018, 18.40027],
        [73.39952, 18.40093],
        [73.39953, 18.40119],
        [73.40004, 18.40216],
        [73.40018, 18.40249],
        [73.4003, 18.40283],
        [73.40059, 18.40377],
        [73.40067, 18.40406],
        [73.40074, 18.40435],
        [73.40079, 18.40464],
        [73.40083, 18.40494],
        [73.40086, 18.40523],
        [73.40088, 18.40584],
        [73.40095, 18.40679],
        [73.40096, 18.40702],
        [73.40098, 18.40725],
        [73.40099, 18.40747],
        [73.401, 18.4077],
        [73.40102, 18.40792],
        [73.40103, 18.40815],
        [73.40104, 18.40838],
        [73.40105, 18.4086],
        [73.40107, 18.40883],
        [73.40109, 18.40915],
        [73.4011, 18.40934],
        [73.40112, 18.40953],
        [73.40112, 18.40971],
        [73.40112, 18.4099],
        [73.40111, 18.41011],
        [73.40105, 18.41032],
        [73.40094, 18.41052],
        [73.40059, 18.41098],
        [73.40047, 18.41116],
        [73.40037, 18.41135],
        [73.40027, 18.41155],
        [73.40019, 18.41175],
        [73.40012, 18.41196],
        [73.39988, 18.41279],
        [73.39981, 18.41299],
        [73.39975, 18.4132],
        [73.39971, 18.4134],
        [73.39968, 18.41362],
        [73.39967, 18.41383],
        [73.39967, 18.41404],
        [73.39969, 18.41426],
        [73.39972, 18.41447],
        [73.39976, 18.41468],
        [73.39984, 18.41509],
        [73.39988, 18.41532],
        [73.39992, 18.41555],
        [73.39996, 18.41579],
        [73.39998, 18.41602],
        [73.4, 18.41625],
        [73.40003, 18.41646],
        [73.40005, 18.41666],
        [73.40007, 18.41687],
        [73.40009, 18.41707],
        [73.4001, 18.41728],
        [73.40011, 18.41748],
        [73.40012, 18.41769],
        [73.40013, 18.4179],
        [73.40013, 18.4181],
        [73.40013, 18.41831],
        [73.40015, 18.41941],
        [73.40018, 18.4197],
        [73.40023, 18.41998],
        [73.40025, 18.42023],
        [73.40017, 18.42048],
        [73.39987, 18.42119],
        [73.39971, 18.42147],
        [73.39956, 18.42175],
        [73.39941, 18.42203],
        [73.39925, 18.42231],
        [73.39893, 18.423],
        [73.39886, 18.42317],
        [73.3988, 18.42335],
        [73.39873, 18.42352],
        [73.39866, 18.42369],
        [73.3986, 18.42387],
        [73.39851, 18.42416],
        [73.39842, 18.42445],
        [73.39831, 18.42474],
        [73.39819, 18.42503],
        [73.39807, 18.42531],
        [73.39794, 18.42564],
        [73.39781, 18.42598],
        [73.39767, 18.42631],
        [73.39754, 18.42665],
        [73.3974, 18.42698],
        [73.39698, 18.42788],
        [73.39679, 18.42814],
        [73.39613, 18.42879],
        [73.39581, 18.42917],
        [73.39574, 18.42938],
        [73.39579, 18.4296],
        [73.39592, 18.43004],
        [73.39598, 18.43031],
        [73.39601, 18.43058],
        [73.39601, 18.43151],
        [73.39596, 18.43265],
        [73.39595, 18.43339],
        [73.3959, 18.43416],
        [73.3959, 18.43438],
        [73.39587, 18.43459],
        [73.39583, 18.43481],
        [73.39578, 18.43502],
        [73.3957, 18.43522],
        [73.39542, 18.43616],
        [73.3949, 18.43755],
        [73.39484, 18.43786],
        [73.39477, 18.43816],
        [73.39471, 18.43847],
        [73.39463, 18.43878],
        [73.39455, 18.43908],
        [73.39436, 18.44004],
        [73.39433, 18.44024],
        [73.39432, 18.44045],
        [73.39432, 18.44065],
        [73.39434, 18.44085],
        [73.39438, 18.44105],
        [73.39444, 18.44125],
        [73.39452, 18.44144],
        [73.39461, 18.44162],
        [73.39472, 18.44179],
        [73.39485, 18.44196],
        [73.39536, 18.44281],
        [73.3955, 18.44305],
        [73.39565, 18.44328],
        [73.39582, 18.44351],
        [73.39599, 18.44373],
        [73.39617, 18.44394],
        [73.39631, 18.44408],
        [73.39645, 18.44421],
        [73.39659, 18.44435],
        [73.39673, 18.44448],
        [73.39687, 18.44462],
        [73.39701, 18.44475],
        [73.39716, 18.44488],
        [73.3973, 18.445],
        [73.39745, 18.44513],
        [73.3976, 18.44525],
        [73.39784, 18.44542],
        [73.39811, 18.44553],
        [73.3984, 18.44558],
        [73.39869, 18.44557],
        [73.39898, 18.44549],
        [73.40067, 18.44497],
        [73.40092, 18.44488],
        [73.40118, 18.44478],
        [73.40143, 18.44468],
        [73.40168, 18.44457],
        [73.40193, 18.44446],
        [73.40219, 18.44439],
        [73.40241, 18.44453],
        [73.40248, 18.44534],
        [73.40252, 18.44561],
        [73.40255, 18.44589],
        [73.40258, 18.44616],
        [73.4026, 18.44644],
        [73.40262, 18.44671],
        [73.4028, 18.44803],
        [73.40289, 18.44852],
        [73.40302, 18.44983],
        [73.40304, 18.45013],
        [73.40305, 18.45043],
        [73.40306, 18.45073],
        [73.40306, 18.45103],
        [73.40307, 18.45134],
        [73.40303, 18.45167],
        [73.40295, 18.45198],
        [73.40273, 18.45294],
        [73.40264, 18.45329],
        [73.40257, 18.45365],
        [73.40249, 18.454],
        [73.40243, 18.45436],
        [73.40238, 18.45472],
        [73.40235, 18.45511],
        [73.40226, 18.45546],
        [73.40213, 18.4558],
        [73.40202, 18.45626],
        [73.40196, 18.45649],
        [73.40191, 18.45672],
        [73.40186, 18.45695],
        [73.40182, 18.45718],
        [73.40179, 18.45741],
        [73.40176, 18.45765],
        [73.40174, 18.45789],
        [73.40173, 18.45812],
        [73.40172, 18.45836],
        [73.40172, 18.45859],
        [73.40171, 18.4588],
        [73.4017, 18.459],
        [73.40169, 18.45921],
        [73.40167, 18.45941],
        [73.40165, 18.45962],
        [73.40163, 18.45982],
        [73.40161, 18.46003],
        [73.40159, 18.46023],
        [73.40156, 18.46043],
        [73.40153, 18.46064],
        [73.40148, 18.46099],
        [73.40139, 18.46134],
        [73.40127, 18.46167],
        [73.40111, 18.46199],
        [73.40091, 18.46229],
        [73.40064, 18.46279],
        [73.40071, 18.4631],
        [73.401, 18.4633],
        [73.40166, 18.4636],
        [73.40238, 18.46398],
        [73.40324, 18.46444],
        [73.40381, 18.46477],
        [73.40449, 18.46512],
        [73.40458, 18.4653],
        [73.40417, 18.46626],
        [73.40392, 18.46701],
        [73.40354, 18.4681],
        [73.4032, 18.46917],
        [73.40313, 18.46938],
        [73.40306, 18.46959],
        [73.40299, 18.46979],
        [73.40292, 18.47],
        [73.40285, 18.47021],
        [73.40278, 18.47041],
        [73.40271, 18.47062],
        [73.40265, 18.47083],
        [73.40258, 18.47103],
        [73.40251, 18.47124],
        [73.40243, 18.47143],
        [73.40236, 18.47161],
        [73.40229, 18.4718],
        [73.40222, 18.47199],
        [73.40215, 18.47218],
        [73.40208, 18.47237],
        [73.40201, 18.47256],
        [73.40194, 18.47275],
        [73.40188, 18.47294],
        [73.40176, 18.47326],
        [73.40167, 18.47351],
        [73.40159, 18.47377],
        [73.40151, 18.47403],
        [73.40145, 18.47429],
        [73.40139, 18.47456],
        [73.4013, 18.47482],
        [73.40118, 18.47507],
        [73.40074, 18.47594],
        [73.40072, 18.47622],
        [73.40081, 18.47649],
        [73.40114, 18.47704],
        [73.40171, 18.4779],
        [73.40237, 18.47894],
        [73.40293, 18.47976],
        [73.40363, 18.48087],
        [73.40417, 18.48172],
        [73.40446, 18.48224],
        [73.40444, 18.48248],
        [73.40426, 18.48262],
        [73.40409, 18.48278],
        [73.40396, 18.48297],
        [73.40385, 18.48317],
        [73.40377, 18.48338],
        [73.40372, 18.48418],
        [73.4037, 18.48446],
        [73.40369, 18.48474],
        [73.40367, 18.48502],
        [73.40365, 18.48531],
        [73.40363, 18.48559],
        [73.40359, 18.48582],
        [73.40371, 18.48615],
        [73.40431, 18.48696],
        [73.40477, 18.48759],
        [73.40534, 18.48852],
        [73.40541, 18.48869],
        [73.40548, 18.48887],
        [73.40554, 18.48905],
        [73.4056, 18.48923],
        [73.40565, 18.48941],
        [73.40579, 18.48983],
        [73.40586, 18.49001],
        [73.40593, 18.49018],
        [73.40599, 18.49036],
        [73.40605, 18.49053],
        [73.40611, 18.49071],
        [73.40615, 18.49092],
        [73.40619, 18.49114],
        [73.40623, 18.49136],
        [73.40626, 18.49158],
        [73.4063, 18.49179],
        [73.40631, 18.49203],
        [73.40632, 18.49226],
        [73.40632, 18.4925],
        [73.4063, 18.49273],
        [73.40626, 18.49297],
        [73.40626, 18.49318],
        [73.40628, 18.49338],
        [73.40633, 18.49359],
        [73.40641, 18.49378],
        [73.40651, 18.49397],
        [73.40691, 18.4946],
        [73.40735, 18.49552],
        [73.40747, 18.49571],
        [73.40756, 18.4959],
        [73.40765, 18.49611],
        [73.40771, 18.49632],
        [73.40776, 18.49653],
        [73.40785, 18.49712],
        [73.40805, 18.49822],
        [73.40812, 18.49875],
        [73.40822, 18.49981],
        [73.40825, 18.50002],
        [73.40812, 18.50023],
        [73.40744, 18.50041],
        [73.40678, 18.50053],
        [73.40651, 18.50057],
        [73.40625, 18.50061],
        [73.40598, 18.50064],
        [73.40572, 18.50066],
        [73.40545, 18.50068],
        [73.40518, 18.5007],
        [73.40492, 18.5007],
        [73.40465, 18.5007],
        [73.40438, 18.5007],
        [73.40411, 18.50069],
        [73.40357, 18.50061],
        [73.40335, 18.50058],
        [73.40307, 18.50054],
        [73.4028, 18.50056],
        [73.40256, 18.5006],
        [73.40227, 18.50042],
        [73.40221, 18.50013],
        [73.40215, 18.49988],
        [73.40203, 18.49965],
        [73.40192, 18.49942],
        [73.4018, 18.49919],
        [73.40169, 18.49895],
        [73.40157, 18.49872],
        [73.40145, 18.49849],
        [73.40098, 18.49774],
        [73.40061, 18.49723],
        [73.40011, 18.49657],
        [73.39994, 18.49635],
        [73.39977, 18.49611],
        [73.39961, 18.49588],
        [73.39946, 18.49563],
        [73.39932, 18.49539],
        [73.39915, 18.49508],
        [73.39895, 18.4948],
        [73.39864, 18.49443],
        [73.39841, 18.49412],
        [73.39826, 18.49389],
        [73.39809, 18.49367],
        [73.39791, 18.49346],
        [73.39772, 18.49326],
        [73.39752, 18.49306],
        [73.3973, 18.49279],
        [73.39715, 18.49247],
        [73.39692, 18.49161],
        [73.39675, 18.49091],
        [73.39641, 18.49074],
        [73.39543, 18.4912],
        [73.39526, 18.4913],
        [73.39509, 18.4914],
        [73.39492, 18.4915],
        [73.39474, 18.49159],
        [73.39457, 18.49168],
        [73.39439, 18.49177],
        [73.39422, 18.49186],
        [73.39404, 18.49194],
        [73.39386, 18.49203],
        [73.39368, 18.49211],
        [73.39289, 18.49237],
        [73.39233, 18.49227],
        [73.39208, 18.49223],
        [73.39184, 18.49219],
        [73.39159, 18.49216],
        [73.39134, 18.49213],
        [73.3911, 18.49211],
        [73.3903, 18.49207],
        [73.38955, 18.49205],
        [73.3893, 18.49205],
        [73.38907, 18.49201],
        [73.3888, 18.49189],
        [73.38881, 18.49092],
        [73.38882, 18.49062],
        [73.38884, 18.49031],
        [73.38885, 18.49001],
        [73.38886, 18.48971],
        [73.38887, 18.48941],
        [73.38889, 18.48921],
        [73.38892, 18.48901],
        [73.38895, 18.48881],
        [73.38897, 18.48862],
        [73.389, 18.48842],
        [73.38911, 18.48751],
        [73.38915, 18.48731],
        [73.3892, 18.48712],
        [73.38925, 18.48692],
        [73.3893, 18.48673],
        [73.38935, 18.48654],
        [73.38942, 18.48635],
        [73.38948, 18.48616],
        [73.38955, 18.48597],
        [73.38962, 18.48579],
        [73.38969, 18.4856],
        [73.38979, 18.48532],
        [73.38988, 18.48503],
        [73.38995, 18.48474],
        [73.39001, 18.48444],
        [73.39004, 18.48414],
        [73.39005, 18.48394],
        [73.38999, 18.48372],
        [73.38968, 18.48357],
        [73.38893, 18.48381],
        [73.38875, 18.48391],
        [73.38841, 18.48399],
        [73.38814, 18.48393],
        [73.38791, 18.48377],
        [73.38777, 18.48357],
        [73.3877, 18.4833],
        [73.38768, 18.48301],
        [73.3877, 18.48262],
        [73.3876, 18.48236],
        [73.38737, 18.48219],
        [73.38688, 18.48217],
        [73.38654, 18.4822],
        [73.38622, 18.48226],
        [73.38595, 18.48236],
        [73.38571, 18.48251],
        [73.38504, 18.48315],
        [73.38425, 18.48388],
        [73.3837, 18.48429],
        [73.38344, 18.48436],
        [73.3832, 18.48423],
        [73.3831, 18.48385],
        [73.38306, 18.48367],
        [73.38305, 18.48348],
        [73.38301, 18.48286],
        [73.38297, 18.48263],
        [73.38291, 18.48239],
        [73.38283, 18.48217],
        [73.38275, 18.48194],
        [73.38264, 18.48172],
        [73.38249, 18.48152],
        [73.38236, 18.48137],
        [73.38221, 18.48123],
        [73.38204, 18.48111],
        [73.38185, 18.48103],
        [73.38165, 18.48096],
        [73.3813, 18.48093],
        [73.38099, 18.48084],
        [73.38077, 18.48061],
        [73.38071, 18.48034],
        [73.38078, 18.48011],
        [73.38094, 18.47993],
        [73.38268, 18.47818],
        [73.38367, 18.47717],
        [73.38429, 18.47657],
        [73.38445, 18.47633],
        [73.38454, 18.47606],
        [73.38455, 18.47578],
        [73.38448, 18.4755],
        [73.38433, 18.47526],
        [73.38411, 18.47505],
        [73.38396, 18.47494],
        [73.38378, 18.47484],
        [73.38359, 18.47478],
        [73.38339, 18.47475],
        [73.3832, 18.47475],
        [73.383, 18.47478],
        [73.38281, 18.47483],
        [73.38263, 18.47492],
        [73.38247, 18.47503],
        [73.38233, 18.47517],
        [73.38133, 18.47618],
        [73.38096, 18.47665],
        [73.38075, 18.47692],
        [73.38051, 18.47716],
        [73.37955, 18.47813],
        [73.37934, 18.47832],
        [73.37911, 18.47849],
        [73.37888, 18.47866],
        [73.37864, 18.47882],
        [73.37839, 18.47897],
        [73.37744, 18.47947],
        [73.37724, 18.47951],
        [73.37702, 18.47952],
        [73.37678, 18.47941],
        [73.37666, 18.47919],
        [73.37667, 18.47883],
        [73.37672, 18.47851],
        [73.37677, 18.4782],
        [73.37689, 18.47753],
        [73.37699, 18.47682],
        [73.37703, 18.47661],
        [73.37706, 18.4764],
        [73.3771, 18.4762],
        [73.37713, 18.47599],
        [73.37715, 18.47578],
        [73.37718, 18.47556],
        [73.37719, 18.47536],
        [73.37719, 18.47517],
        [73.37717, 18.47497],
        [73.37714, 18.47478],
        [73.3771, 18.47456],
        [73.37706, 18.47431],
        [73.37695, 18.4741],
        [73.37675, 18.47384],
        [73.37672, 18.47352],
        [73.3768, 18.47333],
        [73.37685, 18.47315],
        [73.37687, 18.47296],
        [73.37684, 18.47272],
        [73.37665, 18.47239],
        [73.37654, 18.47218],
        [73.37646, 18.47174],
        [73.37631, 18.4711],
        [73.37627, 18.47054],
        [73.37625, 18.4699],
        [73.37625, 18.46904],
        [73.37624, 18.46876],
        [73.37617, 18.46848],
        [73.37605, 18.46827],
        [73.37589, 18.46816],
        [73.3757, 18.46811],
        [73.3755, 18.46812],
        [73.37532, 18.46821],
        [73.37515, 18.46835],
        [73.37498, 18.46852],
        [73.37483, 18.46871],
        [73.37469, 18.46891],
        [73.37458, 18.46912],
        [73.3745, 18.46929],
        [73.37437, 18.46952],
        [73.37423, 18.46975],
        [73.37408, 18.46998],
        [73.37388, 18.47018],
        [73.37363, 18.47035],
        [73.37359, 18.47011],
        [73.3736, 18.46989],
        [73.37362, 18.46966],
        [73.37364, 18.46937],
        [73.37365, 18.46902],
        [73.37364, 18.46867],
        [73.37364, 18.46847],
        [73.37362, 18.46827],
        [73.37323, 18.46491],
        [73.37309, 18.46471],
        [73.3725, 18.4651],
        [73.37118, 18.46602],
        [73.37079, 18.46627],
        [73.37046, 18.46649],
        [73.37013, 18.4667],
        [73.36981, 18.46692],
        [73.36948, 18.46713],
        [73.36915, 18.46735],
        [73.36882, 18.46756],
        [73.36849, 18.46778],
        [73.36817, 18.468],
        [73.36784, 18.46821],
        [73.36751, 18.46843],
        [73.36716, 18.46864],
        [73.36682, 18.46885],
        [73.36648, 18.46907],
        [73.36613, 18.46929],
        [73.36579, 18.46951],
        [73.36546, 18.46973],
        [73.36512, 18.46995],
        [73.36478, 18.47018],
        [73.36444, 18.4704],
        [73.36411, 18.47063],
        [73.36303, 18.47141],
        [73.36288, 18.47153],
        [73.36275, 18.47168],
        [73.36269, 18.47176],
        [73.36264, 18.47184],
        [73.36257, 18.47202],
        [73.36253, 18.47221],
        [73.36226, 18.47357],
        [73.3622, 18.47391],
        [73.36214, 18.47425],
        [73.36209, 18.47459],
        [73.36204, 18.47493],
        [73.362, 18.47527],
        [73.36195, 18.47555],
        [73.36189, 18.47583],
        [73.36185, 18.47611],
        [73.3618, 18.47639],
        [73.36174, 18.47666],
        [73.36169, 18.47694],
        [73.36164, 18.47722],
        [73.36159, 18.4775],
        [73.36154, 18.47778],
        [73.36149, 18.47806],
        [73.36113, 18.48019],
        [73.36088, 18.48183],
        [73.36085, 18.48201],
        [73.36082, 18.4822],
        [73.36079, 18.48239],
        [73.36076, 18.48258],
        [73.36074, 18.48276],
        [73.36072, 18.48295],
        [73.3607, 18.48314],
        [73.36069, 18.48333],
        [73.36068, 18.48352],
        [73.36067, 18.48371],
        [73.36062, 18.48423],
        [73.3607, 18.48451],
        [73.36094, 18.48439],
        [73.36144, 18.48439],
        [73.36149, 18.48468],
        [73.36153, 18.48501],
        [73.36164, 18.48525],
        [73.36197, 18.48556],
        [73.36222, 18.48552],
        [73.36248, 18.48534],
        [73.36266, 18.48515],
        [73.36281, 18.48495],
        [73.36297, 18.4847],
        [73.3631, 18.48446],
        [73.36321, 18.48422],
        [73.36335, 18.4839],
        [73.3637, 18.48382],
        [73.36403, 18.48399],
        [73.36418, 18.48414],
        [73.36425, 18.48433],
        [73.3643, 18.48465],
        [73.36442, 18.48498],
        [73.36467, 18.4848],
        [73.36489, 18.48459],
        [73.3651, 18.48436],
        [73.36527, 18.48416],
        [73.36541, 18.484],
        [73.36556, 18.48383],
        [73.3657, 18.48367],
        [73.36584, 18.4835],
        [73.366, 18.48332],
        [73.36617, 18.48312],
        [73.36635, 18.48292],
        [73.36653, 18.48273],
        [73.36671, 18.48253],
        [73.36722, 18.48201],
        [73.36793, 18.48126],
        [73.36814, 18.48103],
        [73.36836, 18.4808],
        [73.36859, 18.48059],
        [73.36882, 18.48038],
        [73.36907, 18.48018],
        [73.36956, 18.47978],
        [73.36973, 18.47963],
        [73.3699, 18.47949],
        [73.37007, 18.47938],
        [73.37024, 18.47961],
        [73.37034, 18.47994],
        [73.37043, 18.48042],
        [73.37046, 18.48061],
        [73.3705, 18.48081],
        [73.37055, 18.481],
        [73.37061, 18.48119],
        [73.37071, 18.48141],
        [73.37089, 18.48162],
        [73.37113, 18.48177],
        [73.37156, 18.48192],
        [73.37177, 18.48198],
        [73.37199, 18.48203],
        [73.37221, 18.48207],
        [73.37243, 18.48209],
        [73.37266, 18.48209],
        [73.3731, 18.48209],
        [73.37339, 18.48208],
        [73.37367, 18.48202],
        [73.37385, 18.48195],
        [73.37402, 18.48186],
        [73.37423, 18.48174],
        [73.37444, 18.48161],
        [73.37464, 18.48148],
        [73.37484, 18.48134],
        [73.37504, 18.4812],
        [73.37561, 18.48084],
        [73.37596, 18.48073],
        [73.3765, 18.48078],
        [73.3769, 18.48093],
        [73.37709, 18.481],
        [73.3773, 18.48103],
        [73.37751, 18.48108],
        [73.37772, 18.48118],
        [73.3779, 18.4813],
        [73.37812, 18.48142],
        [73.37838, 18.48148],
        [73.37882, 18.48154],
        [73.37919, 18.48168],
        [73.37916, 18.4821],
        [73.3791, 18.4824],
        [73.379, 18.48269],
        [73.37893, 18.483],
        [73.37891, 18.48332],
        [73.37889, 18.48363],
        [73.37887, 18.48394],
        [73.37883, 18.48425],
        [73.37878, 18.48456],
        [73.37873, 18.48486],
        [73.37865, 18.48518],
        [73.37854, 18.48551],
        [73.37842, 18.48584],
        [73.3783, 18.4862],
        [73.37825, 18.4864],
        [73.37818, 18.4866],
        [73.37793, 18.48732],
        [73.37781, 18.48757],
        [73.37765, 18.48781],
        [73.37746, 18.48802],
        [73.37724, 18.48821],
        [73.37701, 18.48836],
        [73.37675, 18.48846],
        [73.37647, 18.48852],
        [73.37608, 18.48855],
        [73.37575, 18.48861],
        [73.37545, 18.48874],
        [73.37518, 18.48893],
        [73.37495, 18.48918],
        [73.37479, 18.48946],
        [73.37451, 18.49033],
        [73.37446, 18.49054],
        [73.37442, 18.49076],
        [73.37439, 18.49097],
        [73.37437, 18.49119],
        [73.37435, 18.49141],
        [73.37435, 18.49163],
        [73.37436, 18.49185],
        [73.37438, 18.49207],
        [73.37441, 18.49229],
        [73.37446, 18.49261],
        [73.37454, 18.49281],
        [73.37467, 18.49299],
        [73.37484, 18.49313],
        [73.37504, 18.49323],
        [73.37524, 18.49328],
        [73.37544, 18.49327],
        [73.37563, 18.49323],
        [73.3758, 18.49313],
        [73.37595, 18.493],
        [73.3762, 18.49249],
        [73.37632, 18.49223],
        [73.37644, 18.49197],
        [73.37656, 18.49171],
        [73.37667, 18.49145],
        [73.37677, 18.49126],
        [73.37706, 18.49104],
        [73.37752, 18.49105],
        [73.37789, 18.49115],
        [73.37817, 18.49121],
        [73.37845, 18.49128],
        [73.37875, 18.49139],
        [73.37904, 18.49158],
        [73.37928, 18.49176],
        [73.37958, 18.49193],
        [73.37987, 18.492],
        [73.38018, 18.49198],
        [73.38044, 18.49191],
        [73.38067, 18.49176],
        [73.38099, 18.49141],
        [73.38119, 18.4914],
        [73.38192, 18.49214],
        [73.38213, 18.49239],
        [73.38225, 18.49259],
        [73.38262, 18.49322],
        [73.38276, 18.49346],
        [73.38291, 18.49369],
        [73.38307, 18.49391],
        [73.38324, 18.49413],
        [73.38342, 18.49434],
        [73.38363, 18.49452],
        [73.38388, 18.49466],
        [73.38404, 18.49478],
        [73.3843, 18.49509],
        [73.38469, 18.49556],
        [73.38483, 18.4958],
        [73.38497, 18.49605],
        [73.38516, 18.49652],
        [73.38531, 18.49681],
        [73.38548, 18.49709],
        [73.38564, 18.49732],
        [73.38576, 18.49751],
        [73.38586, 18.49771],
        [73.386, 18.49818],
        [73.38618, 18.4985],
        [73.38644, 18.49875],
        [73.38687, 18.49913],
        [73.38707, 18.49926],
        [73.38728, 18.49937],
        [73.38749, 18.49947],
        [73.38771, 18.49956],
        [73.38793, 18.49964],
        [73.38822, 18.49977],
        [73.38851, 18.49996],
        [73.38879, 18.50017],
        [73.38903, 18.50037],
        [73.38924, 18.50054],
        [73.38944, 18.50071],
        [73.38965, 18.5009],
        [73.39167, 18.50065],
        [73.39256, 18.50078],
        [73.39392, 18.50187],
        [73.39597, 18.50316],
        [73.39717, 18.50429],
        [73.39737, 18.50455],
        [73.39721, 18.50506],
        [73.39391, 18.5033],
        [73.39068, 18.50192],
        [73.39023, 18.50188],
        [73.38961, 18.50192],
        [73.38842, 18.50236],
        [73.38618, 18.50316],
        [73.38433, 18.50398],
        [73.3817, 18.50604],
        [73.3794, 18.50825],
        [73.37794, 18.5092],
        [73.37659, 18.51005],
        [73.37509, 18.51088],
        [73.37391, 18.51193],
        [73.37282, 18.51335],
        [73.3718, 18.51454],
        [73.37012, 18.51654],
        [73.36845, 18.51841],
        [73.36608, 18.52116],
        [73.36354, 18.52425],
        [73.36004, 18.52824],
        [73.35769, 18.53088],
        [73.35614, 18.53283],
        [73.35587, 18.53308],
        [73.35131, 18.53245],
        [73.34838, 18.53205],
        [73.34414, 18.53148],
        [73.34293, 18.5313],
        [73.34242, 18.53345],
        [73.34184, 18.53647],
        [73.34137, 18.53866],
        [73.34133, 18.53899],
        [73.34133, 18.5393],
        [73.34154, 18.53971],
        [73.34303, 18.54077],
        [73.34501, 18.54248],
        [73.34714, 18.54405],
        [73.34725, 18.54424],
        [73.34723, 18.54468],
        [73.34608, 18.54774],
        [73.34597, 18.54827],
        [73.34617, 18.54849],
        [73.34771, 18.5494],
        [73.35058, 18.55132],
        [73.35256, 18.55247],
        [73.3529, 18.55274],
        [73.35372, 18.55367],
        [73.35434, 18.55438],
        [73.35492, 18.55501],
        [73.35562, 18.55576],
        [73.35622, 18.55628],
        [73.35678, 18.55686],
        [73.35728, 18.55731],
        [73.35816, 18.55788],
        [73.35708, 18.55765],
        [73.35536, 18.55685],
        [73.35376, 18.55616],
        [73.35107, 18.55487],
        [73.34994, 18.55435],
        [73.34943, 18.55407],
        [73.34895, 18.55385],
        [73.34838, 18.55387],
        [73.34589, 18.55421],
        [73.34345, 18.55456],
        [73.343, 18.5546],
        [73.34248, 18.55425],
        [73.34174, 18.55307],
        [73.3415, 18.55272],
        [73.34091, 18.55274],
        [73.33895, 18.55319],
        [73.33864, 18.55322],
        [73.33814, 18.55314],
        [73.33582, 18.55144],
        [73.33438, 18.55034],
        [73.33227, 18.55173],
        [73.32704, 18.5552],
        [73.32605, 18.55594],
        [73.32552, 18.55637],
        [73.32386, 18.55735],
        [73.32331, 18.55822],
        [73.32328, 18.56019],
        [73.32336, 18.56355],
        [73.32358, 18.5673],
        [73.32354, 18.56924],
        [73.32355, 18.5708],
        [73.32359, 18.5714],
        [73.32439, 18.57233],
        [73.32678, 18.57548],
        [73.32907, 18.57848],
        [73.33124, 18.58148],
        [73.33208, 18.58272],
        [73.33087, 18.58802],
        [73.32897, 18.59328],
        [73.33167, 18.59304],
        [73.33279, 18.5972],
        [73.33492, 18.59584],
        [73.33391, 18.60303],
        [73.33417, 18.60639],
        [73.33435, 18.60883],
        [73.33882, 18.60396],
        [73.34007, 18.60258],
        [73.34222, 18.60385],
        [73.34302, 18.60813],
        [73.34366, 18.61055],
        [73.34451, 18.61176],
        [73.34518, 18.61244],
        [73.34604, 18.61302],
        [73.34799, 18.6123],
        [73.34844, 18.61112],
        [73.35018, 18.61529],
        [73.35351, 18.62323],
        [73.3549, 18.6267],
        [73.35726, 18.6308],
        [73.35927, 18.6337],
        [73.36162, 18.63676],
        [73.36368, 18.63755],
        [73.36486, 18.6381],
        [73.36703, 18.6405],
        [73.36992, 18.64347],
        [73.37154, 18.64474],
        [73.37548, 18.64462],
        [73.37613, 18.64755],
        [73.3766, 18.64901],
        [73.37683, 18.64963],
        [73.37728, 18.65012],
        [73.37802, 18.65065],
        [73.37877, 18.65098],
        [73.37979, 18.65129],
        [73.38033, 18.65166],
        [73.38082, 18.65238],
        [73.38212, 18.65314],
        [73.38561, 18.65489],
        [73.38871, 18.65454],
        [73.38886, 18.65601],
        [73.38909, 18.65975],
        [73.38914, 18.66219],
        [73.38853, 18.66431],
        [73.38797, 18.66649],
        [73.38755, 18.66704],
        [73.38633, 18.66757],
        [73.38584, 18.66796],
        [73.3858, 18.66877],
        [73.38588, 18.67],
        [73.38593, 18.67101],
        [73.38613, 18.67281],
        [73.38663, 18.67441],
        [73.3872, 18.67639],
        [73.38732, 18.67679],
        [73.3863, 18.67837],
        [73.40325, 18.67547],
        [73.40772, 18.67421]
      ]
    ]
  }
}
