{
  "type": "Feature",
  "id": "MH-AC-267",
  "properties": {
    "stateName": "MAHARASHTRA",
    "stateCode": "MH",
    "districtName": "RATNAGIRI",
    "acNo": 267,
    "acName": "RAJAPUR",
    "seatType": null,
    "pcNo": null,
    "pcName": null,
    "quality": "unverified",
    "sources": [
      "TBD"
    ]
  },
  "geometry": {
    "type": "Polygon",
    "coordinates": [
      [
        [73.31699, 16.60214],
        [73.3173, 16.6025],
        [73.31748, 16.60273],
        [73.31761, 16.60288],
        [73.31771, 16.60301],
        [73.3178, 16.6031],
        [73.3185, 16.6035],
        [73.31852, 16.60352],
        [73.31853, 16.60353],
        [73.31857, 16.6036],
        [73.3188, 16.6039],
        [73.31889, 16.60435],
        [73.3189, 16.6044],
        [73.3189, 16.60458],
        [73.31891, 16.60481],
        [73.3192, 16.6064],
        [73.3193, 16.6069],
        [73.3194, 16.6072],
        [73.31954, 16.60741],
        [73.3196, 16.6075],
        [73.31976, 16.60765],
        [73.3199, 16.6077],
        [73.32, 16.6077],
        [73.3202, 16.6077],
        [73.32069, 16.60775],
        [73.32121, 16.60778],
        [73.32147, 16.60776],
        [73.3218, 16.6077],
        [73.32208, 16.60756],
        [73.3222, 16.6075],
        [73.3226, 16.6072],
        [73.3229, 16.6069],
        [73.32306, 16.60667],
        [73.3231, 16.6066],
        [73.32318, 16.60652],
        [73.3236, 16.6061],
        [73.32371, 16.60599],
        [73.3238, 16.6059],
        [73.324, 16.6059],
        [73.3243, 16.606],
        [73.32448, 16.60622],
        [73.3247, 16.6065],
        [73.3254, 16.6072],
        [73.32553, 16.6073],
        [73.3258, 16.6075],
        [73.326, 16.6077],
        [73.32606, 16.60774],
        [73.3264, 16.608],
        [73.3266, 16.6081],
        [73.32677, 16.6081],
        [73.3268, 16.6081],
        [73.327, 16.6081],
        [73.3275, 16.608],
        [73.32794, 16.608],
        [73.32827, 16.60797],
        [73.32836, 16.608],
        [73.3284, 16.608],
        [73.3286, 16.6081],
        [73.32863, 16.60813],
        [73.3288, 16.6083],
        [73.3292, 16.6085],
        [73.32946, 16.6085],
        [73.3295, 16.6085],
        [73.32962, 16.60852],
        [73.3301, 16.6086],
        [73.3304, 16.6085],
        [73.3308, 16.6084],
        [73.33089, 16.60831],
        [73.331, 16.6082],
        [73.33107, 16.60813],
        [73.33109, 16.6081],
        [73.3314, 16.60789],
        [73.33151, 16.60784],
        [73.332, 16.6076],
        [73.33214, 16.6076],
        [73.33217, 16.60759],
        [73.3323, 16.60753],
        [73.3325, 16.6074],
        [73.33262, 16.6074],
        [73.33271, 16.60737],
        [73.33281, 16.60729],
        [73.3329, 16.6072],
        [73.3333, 16.607],
        [73.3334, 16.6069],
        [73.33382, 16.60676],
        [73.33403, 16.60667],
        [73.33527, 16.60572],
        [73.33528, 16.60572],
        [73.3353, 16.6057],
        [73.33543, 16.60566],
        [73.3359, 16.6055],
        [73.3374, 16.6056],
        [73.33743, 16.60556],
        [73.33747, 16.60551],
        [73.33748, 16.60548],
        [73.3383, 16.6043],
        [73.33946, 16.6042],
        [73.3395, 16.6042],
        [73.3395, 16.6042],
        [73.33951, 16.6042],
        [73.33966, 16.60445],
        [73.3408, 16.6063],
        [73.34114, 16.60703],
        [73.3414, 16.6076],
        [73.3421, 16.60805],
        [73.3428, 16.6085],
        [73.3444, 16.61],
        [73.3446, 16.6116],
        [73.34677, 16.61241],
        [73.347, 16.6125],
        [73.3481, 16.61229],
        [73.3496, 16.612],
        [73.3511, 16.6127],
        [73.3519, 16.615],
        [73.35162, 16.61732],
        [73.3514, 16.6191],
        [73.35154, 16.62089],
        [73.3517, 16.623],
        [73.3496, 16.6236],
        [73.3474, 16.6226],
        [73.3445, 16.6215],
        [73.34444, 16.6215],
        [73.341, 16.6214],
        [73.3396, 16.6225],
        [73.33959, 16.62251],
        [73.3395, 16.6226],
        [73.33938, 16.62272],
        [73.3392, 16.6229],
        [73.3389, 16.6234],
        [73.33882, 16.62351],
        [73.3386, 16.6238],
        [73.3383, 16.624],
        [73.338, 16.6241],
        [73.3377, 16.6241],
        [73.33765, 16.6241],
        [73.3373, 16.6241],
        [73.33713, 16.62381],
        [73.337, 16.6236],
        [73.3369, 16.6232],
        [73.33681, 16.62293],
        [73.33675, 16.62285],
        [73.3366, 16.6227],
        [73.33648, 16.62258],
        [73.3364, 16.6225],
        [73.3358, 16.6221],
        [73.33552, 16.62173],
        [73.3355, 16.6217],
        [73.3355, 16.62159],
        [73.3355, 16.6212],
        [73.3355, 16.6208],
        [73.3355, 16.62079],
        [73.3354, 16.6202],
        [73.33536, 16.62012],
        [73.33527, 16.61999],
        [73.335, 16.6199],
        [73.3341, 16.6196],
        [73.3334, 16.6195],
        [73.33333, 16.61946],
        [73.3332, 16.6194],
        [73.3318, 16.6196],
        [73.3303, 16.6202],
        [73.33008, 16.62038],
        [73.3298, 16.6206],
        [73.32971, 16.62097],
        [73.3297, 16.621],
        [73.3297, 16.62111],
        [73.3297, 16.6214],
        [73.3298, 16.6216],
        [73.3301, 16.6221],
        [73.33042, 16.62242],
        [73.3307, 16.6227],
        [73.33095, 16.62295],
        [73.331, 16.623],
        [73.33137, 16.62337],
        [73.3314, 16.6234],
        [73.3319, 16.6239],
        [73.333, 16.6254],
        [73.3334, 16.6258],
        [73.3338, 16.6262],
        [73.33447, 16.62658],
        [73.3347, 16.62664],
        [73.335, 16.6267],
        [73.3354, 16.6267],
        [73.33562, 16.62678],
        [73.3362, 16.627],
        [73.33645, 16.62706],
        [73.3366, 16.6271],
        [73.3371, 16.6274],
        [73.33715, 16.62745],
        [73.3374, 16.6277],
        [73.3377, 16.6278],
        [73.33786, 16.62775],
        [73.338, 16.6277],
        [73.3384, 16.6276],
        [73.3386, 16.6276],
        [73.33875, 16.62758],
        [73.33898, 16.62748],
        [73.3391, 16.6274],
        [73.33928, 16.62728],
        [73.33943, 16.62715],
        [73.33959, 16.62711],
        [73.3396, 16.6271],
        [73.3396, 16.6271],
        [73.33961, 16.6271],
        [73.33982, 16.6272],
        [73.33998, 16.62729],
        [73.3404, 16.6275],
        [73.3409, 16.6282],
        [73.3413, 16.6286],
        [73.3414, 16.6287],
        [73.3414, 16.62873],
        [73.3414, 16.6291],
        [73.3412, 16.6298],
        [73.34092, 16.63008],
        [73.3407, 16.6303],
        [73.3395, 16.6318],
        [73.33939, 16.63212],
        [73.3393, 16.6324],
        [73.3393, 16.63266],
        [73.33933, 16.63277],
        [73.3394, 16.6329],
        [73.3396, 16.6331],
        [73.3397, 16.6332],
        [73.33982, 16.63332],
        [73.3399, 16.6334],
        [73.3401, 16.6336],
        [73.3404, 16.6345],
        [73.34043, 16.63461],
        [73.3405, 16.6349],
        [73.3402, 16.6363],
        [73.34014, 16.63659],
        [73.34013, 16.63677],
        [73.34019, 16.63694],
        [73.3403, 16.6371],
        [73.3408, 16.6376],
        [73.34093, 16.63773],
        [73.3411, 16.6379],
        [73.34132, 16.63805],
        [73.3414, 16.6381],
        [73.3414, 16.63813],
        [73.3414, 16.6383],
        [73.3414, 16.6384],
        [73.34132, 16.6384],
        [73.34124, 16.63844],
        [73.34117, 16.6384],
        [73.3411, 16.6384],
        [73.341, 16.6384],
        [73.34086, 16.63831],
        [73.3407, 16.6382],
        [73.3391, 16.6382],
        [73.33884, 16.63826],
        [73.3387, 16.6383],
        [73.3382, 16.6384],
        [73.3377, 16.6386],
        [73.3371, 16.6389],
        [73.3368, 16.6392],
        [73.33669, 16.63931],
        [73.33643, 16.63961],
        [73.33632, 16.63976],
        [73.3362, 16.64],
        [73.3358, 16.6402],
        [73.33555, 16.64024],
        [73.3352, 16.6403],
        [73.3346, 16.6404],
        [73.33444, 16.64045],
        [73.334, 16.6406],
        [73.33366, 16.6407],
        [73.3333, 16.6408],
        [73.3326, 16.6411],
        [73.33206, 16.6412],
        [73.3315, 16.6413],
        [73.3301, 16.6414],
        [73.32976, 16.64135],
        [73.3294, 16.6413],
        [73.329, 16.6413],
        [73.32881, 16.64124],
        [73.3287, 16.6412],
        [73.3285, 16.6411],
        [73.3285, 16.641],
        [73.32846, 16.64094],
        [73.32843, 16.64069],
        [73.3284, 16.6406],
        [73.3284, 16.64],
        [73.32853, 16.6398],
        [73.32856, 16.63974],
        [73.32858, 16.63973],
        [73.3286, 16.6397],
        [73.32868, 16.63958],
        [73.32877, 16.63942],
        [73.32898, 16.63922],
        [73.32907, 16.63906],
        [73.3291, 16.63893],
        [73.3291, 16.6389],
        [73.3292, 16.6387],
        [73.32923, 16.63861],
        [73.3293, 16.6384],
        [73.3292, 16.6381],
        [73.3288, 16.6378],
        [73.3287, 16.6378],
        [73.327, 16.6369],
        [73.3264, 16.6366],
        [73.32636, 16.6366],
        [73.326, 16.6366],
        [73.3254, 16.6365],
        [73.3243, 16.6362],
        [73.32393, 16.63611],
        [73.3239, 16.6361],
        [73.3232, 16.636],
        [73.32304, 16.63611],
        [73.3229, 16.6362],
        [73.32284, 16.63626],
        [73.3228, 16.6363],
        [73.3228, 16.6365],
        [73.3231, 16.6368],
        [73.3234, 16.6375],
        [73.3232, 16.6382],
        [73.3227, 16.6387],
        [73.3225, 16.639],
        [73.3224, 16.6394],
        [73.3225, 16.6395],
        [73.32252, 16.6395],
        [73.3226, 16.6395],
        [73.322, 16.6412],
        [73.322, 16.6416],
        [73.3219, 16.6417],
        [73.32192, 16.6421],
        [73.3219, 16.64231],
        [73.3219, 16.6424],
        [73.3218, 16.6428],
        [73.32173, 16.64287],
        [73.3217, 16.6429],
        [73.3217, 16.643],
        [73.3216, 16.6436],
        [73.3216, 16.64365],
        [73.3216, 16.6437],
        [73.3216, 16.64419],
        [73.3216, 16.64421],
        [73.3217, 16.6444],
        [73.3217, 16.6446],
        [73.322, 16.6449],
        [73.32211, 16.64501],
        [73.32234, 16.64518],
        [73.32241, 16.6452],
        [73.3226, 16.6452],
        [73.32267, 16.64535],
        [73.3227, 16.6454],
        [73.3231, 16.6456],
        [73.32337, 16.64578],
        [73.3234, 16.6458],
        [73.3235, 16.6463],
        [73.3235, 16.6471],
        [73.32351, 16.64712],
        [73.32351, 16.64742],
        [73.3236, 16.6476],
        [73.3237, 16.6478],
        [73.3239, 16.648],
        [73.32398, 16.64808],
        [73.3241, 16.6482],
        [73.3247, 16.6482],
        [73.32473, 16.6482],
        [73.3248, 16.6482],
        [73.3252, 16.6482],
        [73.3258, 16.6481],
        [73.3261, 16.648],
        [73.32615, 16.64796],
        [73.3265, 16.6477],
        [73.3265, 16.64765],
        [73.3265, 16.6476],
        [73.32669, 16.64747],
        [73.3268, 16.6474],
        [73.3271, 16.647],
        [73.32716, 16.6469],
        [73.3273, 16.6467],
        [73.3274, 16.6466],
        [73.32747, 16.64648],
        [73.3275, 16.64641],
        [73.3275, 16.6464],
        [73.3275, 16.6464],
        [73.3279, 16.646],
        [73.32811, 16.64586],
        [73.3282, 16.6458],
        [73.3283, 16.6458],
        [73.32846, 16.64585],
        [73.32859, 16.64588],
        [73.32876, 16.64598],
        [73.3292, 16.6462],
        [73.3295, 16.6464],
        [73.3297, 16.6466],
        [73.32995, 16.6468],
        [73.33018, 16.64697],
        [73.33071, 16.64725],
        [73.3318, 16.6478],
        [73.332, 16.648],
        [73.33205, 16.6481],
        [73.3321, 16.6482],
        [73.3322, 16.6484],
        [73.33248, 16.64934],
        [73.3325, 16.6494],
        [73.3326, 16.6495],
        [73.3326, 16.6496],
        [73.3326, 16.64962],
        [73.33264, 16.64968],
        [73.33265, 16.6497],
        [73.3327, 16.6497],
        [73.3328, 16.6501],
        [73.3328, 16.65011],
        [73.3329, 16.6505],
        [73.3329, 16.651],
        [73.3329, 16.6514],
        [73.3329, 16.6517],
        [73.33285, 16.65188],
        [73.3328, 16.6521],
        [73.3328, 16.6524],
        [73.3328, 16.6534],
        [73.3329, 16.6538],
        [73.3329, 16.6541],
        [73.33294, 16.65417],
        [73.333, 16.6543],
        [73.333, 16.6549],
        [73.3331, 16.6558],
        [73.333, 16.65639],
        [73.333, 16.65641],
        [73.33291, 16.65684],
        [73.33287, 16.65725],
        [73.3328, 16.6583],
        [73.3329, 16.6586],
        [73.33285, 16.65894],
        [73.3328, 16.6593],
        [73.33273, 16.65965],
        [73.3327, 16.6598],
        [73.3326, 16.6604],
        [73.3323, 16.661],
        [73.3321, 16.6616],
        [73.332, 16.6622],
        [73.332, 16.663],
        [73.3319, 16.66375],
        [73.3317, 16.6653],
        [73.3314, 16.6667],
        [73.3312, 16.6672],
        [73.3312, 16.66742],
        [73.3312, 16.6682],
        [73.33153, 16.66933],
        [73.3317, 16.6699],
        [73.3317, 16.6703],
        [73.3316, 16.6706],
        [73.3316, 16.67079],
        [73.3316, 16.6708],
        [73.3315, 16.6709],
        [73.3314, 16.6715],
        [73.33144, 16.67225],
        [73.3315, 16.6735],
        [73.3313, 16.6743],
        [73.3313, 16.67431],
        [73.33129, 16.67434],
        [73.33126, 16.67441],
        [73.3311, 16.6748],
        [73.3303, 16.677],
        [73.3301, 16.6775],
        [73.33007, 16.6775],
        [73.33, 16.6775],
        [73.3298, 16.6778],
        [73.3297, 16.6781],
        [73.3297, 16.67821],
        [73.3297, 16.6784],
        [73.3296, 16.679],
        [73.3297, 16.6799],
        [73.3296, 16.6807],
        [73.3296, 16.6809],
        [73.32953, 16.68139],
        [73.32952, 16.68156],
        [73.3295, 16.6816],
        [73.3295, 16.6816],
        [73.3295, 16.6817],
        [73.3294, 16.6824],
        [73.3293, 16.6827],
        [73.3293, 16.6829],
        [73.32927, 16.68298],
        [73.3292, 16.6832],
        [73.3292, 16.6837],
        [73.3291, 16.6843],
        [73.3291, 16.68458],
        [73.3291, 16.68489],
        [73.3293, 16.68535],
        [73.32943, 16.68557],
        [73.3296, 16.6858],
        [73.32984, 16.68598],
        [73.32998, 16.68607],
        [73.33041, 16.68622],
        [73.3307, 16.6863],
        [73.3314, 16.6864],
        [73.33179, 16.6864],
        [73.3322, 16.6864],
        [73.3327, 16.6863],
        [73.33284, 16.68623],
        [73.3329, 16.6862],
        [73.333, 16.68617],
        [73.3333, 16.6861],
        [73.3344, 16.6854],
        [73.3345, 16.6854],
        [73.3346, 16.6853],
        [73.335, 16.6852],
        [73.3355, 16.6852],
        [73.33565, 16.68525],
        [73.33577, 16.68526],
        [73.33608, 16.68521],
        [73.3361, 16.6852],
        [73.33616, 16.68518],
        [73.3364, 16.68506],
        [73.33657, 16.68485],
        [73.3366, 16.6848],
        [73.3368, 16.6844],
        [73.33683, 16.6843],
        [73.33687, 16.68413],
        [73.33695, 16.68396],
        [73.337, 16.6838],
        [73.33708, 16.68377],
        [73.3373, 16.6837],
        [73.33789, 16.68344],
        [73.3382, 16.6833],
        [73.33849, 16.6832],
        [73.33857, 16.68313],
        [73.3387, 16.683],
        [73.33871, 16.68299],
        [73.33889, 16.68276],
        [73.33899, 16.68249],
        [73.3391, 16.6821],
        [73.34024, 16.68119],
        [73.3406, 16.68089],
        [73.3406, 16.6808],
        [73.34072, 16.68068],
        [73.34081, 16.68056],
        [73.34089, 16.68048],
        [73.34095, 16.68034],
        [73.34099, 16.68033],
        [73.341, 16.6803],
        [73.34105, 16.6803],
        [73.3411, 16.68028],
        [73.34121, 16.68028],
        [73.34126, 16.68039],
        [73.3414, 16.6806],
        [73.3414, 16.6809],
        [73.3414, 16.68091],
        [73.3414, 16.6812],
        [73.34131, 16.68134],
        [73.3411, 16.6817],
        [73.3411, 16.68187],
        [73.3411, 16.6821],
        [73.34103, 16.68217],
        [73.341, 16.6822],
        [73.3408, 16.6826],
        [73.3408, 16.68282],
        [73.3408, 16.6829],
        [73.3407, 16.6832],
        [73.34063, 16.6834],
        [73.34062, 16.68353],
        [73.34064, 16.68372],
        [73.3407, 16.6841],
        [73.34076, 16.68428],
        [73.3408, 16.6844],
        [73.3408, 16.6845],
        [73.3409, 16.6847],
        [73.34099, 16.68487],
        [73.341, 16.6849],
        [73.3411, 16.6851],
        [73.3411, 16.6855],
        [73.3411, 16.68561],
        [73.34111, 16.68576],
        [73.3411, 16.6858],
        [73.3411, 16.6858],
        [73.341, 16.6863],
        [73.341, 16.6869],
        [73.341, 16.6873],
        [73.34109, 16.68833],
        [73.3411, 16.6885],
        [73.3412, 16.689],
        [73.3414, 16.6894],
        [73.34167, 16.68958],
        [73.3417, 16.6896],
        [73.3423, 16.6899],
        [73.34246, 16.68998],
        [73.3427, 16.6901],
        [73.34417, 16.6903],
        [73.3442, 16.6903],
        [73.34425, 16.69035],
        [73.34431, 16.69039],
        [73.34437, 16.6904],
        [73.3445, 16.6904],
        [73.34454, 16.69044],
        [73.34459, 16.69046],
        [73.3446, 16.6905],
        [73.3447, 16.6907],
        [73.34464, 16.69081],
        [73.34462, 16.69094],
        [73.34447, 16.69117],
        [73.3444, 16.6913],
        [73.344, 16.6917],
        [73.34391, 16.69179],
        [73.34382, 16.69191],
        [73.34342, 16.69229],
        [73.3434, 16.69232],
        [73.3434, 16.6924],
        [73.3431, 16.6927],
        [73.343, 16.6929],
        [73.34272, 16.69325],
        [73.3426, 16.69342],
        [73.34232, 16.69417],
        [73.34227, 16.69441],
        [73.3422, 16.6949],
        [73.342, 16.6955],
        [73.342, 16.6958],
        [73.3418, 16.6963],
        [73.3417, 16.6965],
        [73.3417, 16.6966],
        [73.34154, 16.69676],
        [73.34149, 16.69683],
        [73.34143, 16.6969],
        [73.3412, 16.6972],
        [73.3411, 16.6972],
        [73.34108, 16.69715],
        [73.34107, 16.69715],
        [73.34095, 16.69688],
        [73.34094, 16.69678],
        [73.3409, 16.6967],
        [73.3409, 16.69652],
        [73.34088, 16.69642],
        [73.34088, 16.69618],
        [73.3409, 16.69613],
        [73.3409, 16.6961],
        [73.3409, 16.6956],
        [73.34095, 16.69555],
        [73.341, 16.6955],
        [73.341, 16.6953],
        [73.34105, 16.69499],
        [73.3411, 16.6947],
        [73.34114, 16.69463],
        [73.3412, 16.6945],
        [73.3412, 16.6925],
        [73.3411, 16.6924],
        [73.3411, 16.69236],
        [73.3411, 16.6923],
        [73.3411, 16.69208],
        [73.34108, 16.69191],
        [73.34093, 16.69139],
        [73.34091, 16.69132],
        [73.3409, 16.6913],
        [73.3406, 16.6909],
        [73.3405, 16.6907],
        [73.3403, 16.6904],
        [73.3403, 16.6903],
        [73.34024, 16.6903],
        [73.3402, 16.6903],
        [73.34018, 16.6902],
        [73.3401, 16.6899],
        [73.33999, 16.68973],
        [73.3399, 16.6896],
        [73.3399, 16.68942],
        [73.33988, 16.68933],
        [73.33986, 16.6893],
        [73.3398, 16.6893],
        [73.33953, 16.68867],
        [73.33951, 16.68863],
        [73.33936, 16.68841],
        [73.339, 16.6879],
        [73.339, 16.68788],
        [73.339, 16.6878],
        [73.3385, 16.6871],
        [73.3377, 16.6864],
        [73.33708, 16.68629],
        [73.3366, 16.6862],
        [73.3358, 16.6863],
        [73.33532, 16.68654],
        [73.33519, 16.68662],
        [73.3351, 16.6868],
        [73.335, 16.68715],
        [73.3349, 16.6875],
        [73.3347, 16.688],
        [73.33445, 16.68825],
        [73.3342, 16.6885],
        [73.33374, 16.68859],
        [73.33365, 16.68862],
        [73.33362, 16.6886],
        [73.3336, 16.6886],
        [73.33346, 16.68855],
        [73.33326, 16.68851],
        [73.33319, 16.6885],
        [73.3331, 16.6885],
        [73.33281, 16.68833],
        [73.3321, 16.6879],
        [73.33195, 16.6879],
        [73.3319, 16.6879],
        [73.33166, 16.68776],
        [73.3305, 16.6871],
        [73.33031, 16.6871],
        [73.33013, 16.6871],
        [73.3301, 16.6871],
        [73.3299, 16.6872],
        [73.3298, 16.6874],
        [73.3298, 16.68742],
        [73.32979, 16.68748],
        [73.32977, 16.68758],
        [73.32972, 16.6881],
        [73.32974, 16.68824],
        [73.3298, 16.6885],
        [73.3299, 16.6888],
        [73.32989, 16.68881],
        [73.3299, 16.68883],
        [73.32986, 16.68889],
        [73.3297, 16.6893],
        [73.3284, 16.6901],
        [73.3277, 16.6903],
        [73.32744, 16.6903],
        [73.3269, 16.6903],
        [73.3264, 16.6903],
        [73.3263, 16.6903],
        [73.32604, 16.69033],
        [73.3255, 16.6904],
        [73.32488, 16.69086],
        [73.3247, 16.691],
        [73.3242, 16.6917],
        [73.3239, 16.69222],
        [73.32383, 16.69237],
        [73.32378, 16.69243],
        [73.3235, 16.6928],
        [73.32323, 16.69289],
        [73.32319, 16.69291],
        [73.32305, 16.69294],
        [73.3225, 16.6931],
        [73.3222, 16.6934],
        [73.322, 16.69352],
        [73.3217, 16.6937],
        [73.3215, 16.6939],
        [73.321, 16.6944],
        [73.32075, 16.69482],
        [73.3207, 16.6949],
        [73.32067, 16.69492],
        [73.3201, 16.6954],
        [73.3199, 16.6955],
        [73.3191, 16.696],
        [73.31901, 16.69609],
        [73.319, 16.6961],
        [73.3186, 16.6965],
        [73.31854, 16.6965],
        [73.31852, 16.69654],
        [73.31839, 16.69666],
        [73.3183, 16.6968],
        [73.3182, 16.697],
        [73.31816, 16.697],
        [73.31812, 16.69704],
        [73.31793, 16.69717],
        [73.3178, 16.69737],
        [73.3175, 16.6979],
        [73.3172, 16.6989],
        [73.317, 16.7001],
        [73.31694, 16.70035],
        [73.31692, 16.70049],
        [73.31698, 16.7009],
        [73.317, 16.701],
        [73.31701, 16.70105],
        [73.3172, 16.7017],
        [73.3176, 16.7022],
        [73.3179, 16.7024],
        [73.31802, 16.70251],
        [73.3186, 16.703],
        [73.3187, 16.7032],
        [73.31879, 16.70329],
        [73.3193, 16.7038],
        [73.3194, 16.7039],
        [73.31943, 16.70398],
        [73.3195, 16.7042],
        [73.3195, 16.7046],
        [73.319, 16.7057],
        [73.319, 16.706],
        [73.3192, 16.7062],
        [73.3193, 16.7065],
        [73.3191, 16.7067],
        [73.3186, 16.7068],
        [73.3185, 16.7069],
        [73.31833, 16.70715],
        [73.3183, 16.70722],
        [73.31827, 16.70733],
        [73.3182, 16.7076],
        [73.3181, 16.7078],
        [73.31791, 16.70799],
        [73.31789, 16.70801],
        [73.3177, 16.7083],
        [73.3175, 16.7086],
        [73.31746, 16.70872],
        [73.31744, 16.70889],
        [73.31737, 16.709],
        [73.3173, 16.7092],
        [73.317, 16.7096],
        [73.31697, 16.7097],
        [73.3167, 16.7107],
        [73.3167, 16.71087],
        [73.3167, 16.7111],
        [73.3166, 16.7114],
        [73.31644, 16.71161],
        [73.3163, 16.7118],
        [73.3162, 16.712],
        [73.316, 16.7122],
        [73.31599, 16.71222],
        [73.3157, 16.7131],
        [73.3154, 16.7134],
        [73.3144, 16.7135],
        [73.31411, 16.71362],
        [73.31368, 16.71383],
        [73.31353, 16.71394],
        [73.3127, 16.7146],
        [73.31236, 16.7148],
        [73.3122, 16.71494],
        [73.31209, 16.71501],
        [73.3119, 16.7152],
        [73.31142, 16.71558],
        [73.3114, 16.7156],
        [73.3112, 16.7158],
        [73.31114, 16.71612],
        [73.3111, 16.7163],
        [73.31103, 16.71666],
        [73.31101, 16.71679],
        [73.3111, 16.71717],
        [73.31111, 16.71722],
        [73.3112, 16.7175],
        [73.31128, 16.71784],
        [73.3113, 16.7179],
        [73.3114, 16.7182],
        [73.3114, 16.7186],
        [73.3116, 16.7193],
        [73.3117, 16.7199],
        [73.3119, 16.7204],
        [73.31193, 16.72043],
        [73.312, 16.7205],
        [73.3121, 16.7208],
        [73.3121, 16.72102],
        [73.3121, 16.7212],
        [73.312, 16.7218],
        [73.3118, 16.7221],
        [73.3116, 16.7223],
        [73.31126, 16.72247],
        [73.3108, 16.7227],
        [73.3107, 16.72275],
        [73.3104, 16.7229],
        [73.31021, 16.72318],
        [73.3102, 16.7232],
        [73.31014, 16.72332],
        [73.31, 16.7236],
        [73.31, 16.7239],
        [73.3102, 16.7244],
        [73.31025, 16.7246],
        [73.3103, 16.7248],
        [73.31017, 16.72502],
        [73.31, 16.7253],
        [73.31, 16.7258],
        [73.31009, 16.72606],
        [73.3101, 16.7261],
        [73.3101, 16.72611],
        [73.3101, 16.7264],
        [73.31, 16.7267],
        [73.31, 16.7269],
        [73.3097, 16.727],
        [73.30957, 16.727],
        [73.30954, 16.72701],
        [73.30939, 16.72715],
        [73.30932, 16.72729],
        [73.30928, 16.72734],
        [73.3092, 16.7275],
        [73.30909, 16.7275],
        [73.309, 16.7275],
        [73.3086, 16.7277],
        [73.3084, 16.7277],
        [73.30823, 16.72761],
        [73.3082, 16.7276],
        [73.308, 16.7272],
        [73.30791, 16.72706],
        [73.3078, 16.72692],
        [73.30762, 16.7269],
        [73.3075, 16.72696],
        [73.30732, 16.72709],
        [73.30719, 16.72743],
        [73.3071, 16.7279],
        [73.3068, 16.7284],
        [73.306, 16.7292],
        [73.3056, 16.73],
        [73.3055, 16.7302],
        [73.3055, 16.73045],
        [73.3055, 16.7307],
        [73.3057, 16.7311],
        [73.30576, 16.73113],
        [73.3059, 16.7312],
        [73.3062, 16.7318],
        [73.3065, 16.7322],
        [73.3066, 16.7325],
        [73.3066, 16.73276],
        [73.3066, 16.7329],
        [73.3065, 16.7335],
        [73.3065, 16.7341],
        [73.3064, 16.7344],
        [73.30632, 16.73463],
        [73.3063, 16.7347],
        [73.3062, 16.735],
        [73.3061, 16.7352],
        [73.3057, 16.7358],
        [73.3057, 16.7361],
        [73.3057, 16.73706],
        [73.30572, 16.7371],
        [73.3057, 16.73716],
        [73.3057, 16.7372],
        [73.30587, 16.73838],
        [73.306, 16.7393],
        [73.306, 16.7397],
        [73.30596, 16.7398],
        [73.3058, 16.7402],
        [73.3056, 16.7406],
        [73.3058, 16.7411],
        [73.3061, 16.742],
        [73.3061, 16.74201],
        [73.3064, 16.7431],
        [73.3063, 16.7436],
        [73.3063, 16.74369],
        [73.3063, 16.7438],
        [73.3061, 16.7441],
        [73.30606, 16.74414],
        [73.306, 16.7442],
        [73.3059, 16.7444],
        [73.3057, 16.7447],
        [73.3058, 16.7452],
        [73.30593, 16.74555],
        [73.3061, 16.746],
        [73.3062, 16.7463],
        [73.3064, 16.7466],
        [73.3067, 16.7471],
        [73.3074, 16.7476],
        [73.3076, 16.7479],
        [73.30754, 16.74868],
        [73.3075, 16.7493],
        [73.30731, 16.74958],
        [73.3073, 16.7496],
        [73.30718, 16.74966],
        [73.3067, 16.7499],
        [73.30623, 16.75028],
        [73.30622, 16.75029],
        [73.3062, 16.7503],
        [73.3061, 16.75042],
        [73.3057, 16.7509],
        [73.30563, 16.7517],
        [73.3056, 16.7521],
        [73.3057, 16.7526],
        [73.3057, 16.7531],
        [73.3056, 16.7537],
        [73.30553, 16.75403],
        [73.3055, 16.7542],
        [73.30544, 16.75435],
        [73.3053, 16.7547],
        [73.3053, 16.75518],
        [73.3053, 16.7552],
        [73.3053, 16.7558],
        [73.30534, 16.75613],
        [73.3054, 16.7566],
        [73.30567, 16.75732],
        [73.3057, 16.7574],
        [73.3058, 16.7578],
        [73.3059, 16.7583],
        [73.3059, 16.7588],
        [73.3058, 16.759],
        [73.30575, 16.75926],
        [73.3057, 16.7595],
        [73.3058, 16.7603],
        [73.3058, 16.76058],
        [73.3058, 16.7608],
        [73.3058, 16.7613],
        [73.3057, 16.7616],
        [73.3057, 16.7618],
        [73.3055, 16.7621],
        [73.3053, 16.7624],
        [73.30517, 16.7626],
        [73.30514, 16.76266],
        [73.30502, 16.76293],
        [73.305, 16.76311],
        [73.305, 16.7633],
        [73.30495, 16.76353],
        [73.30492, 16.76384],
        [73.3049, 16.764],
        [73.3049, 16.7642],
        [73.3051, 16.7647],
        [73.3051, 16.76485],
        [73.30512, 16.76494],
        [73.3052, 16.76536],
        [73.3052, 16.76539],
        [73.3052, 16.7654],
        [73.3052, 16.7661],
        [73.3053, 16.7667],
        [73.3054, 16.7669],
        [73.3054, 16.7671],
        [73.3056, 16.7675],
        [73.30584, 16.76821],
        [73.3061, 16.769],
        [73.3065, 16.7698],
        [73.3067, 16.7703],
        [73.3071, 16.7709],
        [73.3075, 16.7713],
        [73.3077, 16.7716],
        [73.3079, 16.772],
        [73.3079, 16.7722],
        [73.30788, 16.77228],
        [73.3078, 16.7727],
        [73.3077, 16.7737],
        [73.30768, 16.77387],
        [73.3076, 16.7747],
        [73.3075, 16.7754],
        [73.3075, 16.77546],
        [73.3075, 16.7756],
        [73.3078, 16.7763],
        [73.30786, 16.77644],
        [73.308, 16.7768],
        [73.30809, 16.77727],
        [73.3081, 16.7773],
        [73.3082, 16.7776],
        [73.3082, 16.778],
        [73.3082, 16.77878],
        [73.3082, 16.779],
        [73.3082, 16.7802],
        [73.3084, 16.7813],
        [73.3086, 16.782],
        [73.30867, 16.7821],
        [73.30883, 16.78231],
        [73.30895, 16.78237],
        [73.30906, 16.78223],
        [73.3091, 16.7821],
        [73.30919, 16.78201],
        [73.30921, 16.78197],
        [73.30941, 16.78208],
        [73.30948, 16.78218],
        [73.3096, 16.7823],
        [73.3097, 16.7827],
        [73.30953, 16.78321],
        [73.30951, 16.78328],
        [73.30941, 16.78362],
        [73.30952, 16.78403],
        [73.30954, 16.78408],
        [73.3097, 16.7844],
        [73.3099, 16.7848],
        [73.3101, 16.785],
        [73.31036, 16.78526],
        [73.31049, 16.78538],
        [73.31072, 16.78557],
        [73.31079, 16.78569],
        [73.3109, 16.7858],
        [73.311, 16.7861],
        [73.3113, 16.7867],
        [73.3116, 16.7874],
        [73.3119, 16.7879],
        [73.3121, 16.7881],
        [73.3124, 16.7883],
        [73.31274, 16.78855],
        [73.31283, 16.78861],
        [73.31291, 16.78866],
        [73.3132, 16.7888],
        [73.3137, 16.789],
        [73.3139, 16.7893],
        [73.314, 16.7896],
        [73.31394, 16.78988],
        [73.31393, 16.79013],
        [73.31405, 16.79048],
        [73.31409, 16.79057],
        [73.31415, 16.79062],
        [73.3143, 16.7907],
        [73.3145, 16.791],
        [73.3146, 16.7911],
        [73.31466, 16.7914],
        [73.31473, 16.79158],
        [73.31476, 16.79178],
        [73.31477, 16.79182],
        [73.31479, 16.79187],
        [73.31521, 16.7923],
        [73.31522, 16.79231],
        [73.3155, 16.7924],
        [73.3158, 16.7927],
        [73.31592, 16.79295],
        [73.31601, 16.79309],
        [73.31611, 16.79319],
        [73.3164, 16.7934],
        [73.3166, 16.7936],
        [73.3177, 16.7945],
        [73.31771, 16.79452],
        [73.318, 16.7951],
        [73.3181, 16.7956],
        [73.31807, 16.7957],
        [73.3179, 16.7962],
        [73.3174, 16.7975],
        [73.31736, 16.79758],
        [73.31733, 16.7977],
        [73.3173, 16.79776],
        [73.3173, 16.7978],
        [73.3172, 16.7982],
        [73.3171, 16.7984],
        [73.317, 16.7987],
        [73.3169, 16.799],
        [73.3168, 16.7994],
        [73.3167, 16.7999],
        [73.3167, 16.8002],
        [73.31668, 16.80032],
        [73.3166, 16.8007],
        [73.31668, 16.80108],
        [73.3167, 16.8012],
        [73.3168, 16.8018],
        [73.3169, 16.8021],
        [73.317, 16.8023],
        [73.3172, 16.8027],
        [73.3174, 16.8031],
        [73.3176, 16.8037],
        [73.31761, 16.80373],
        [73.3177, 16.804],
        [73.3179, 16.8046],
        [73.31814, 16.80507],
        [73.31824, 16.80523],
        [73.31831, 16.80531],
        [73.3185, 16.8055],
        [73.31849, 16.80551],
        [73.31794, 16.806],
        [73.31776, 16.80615],
        [73.31763, 16.80627],
        [73.32308, 16.80865],
        [73.32423, 16.80968],
        [73.32616, 16.81309],
        [73.32719, 16.81571],
        [73.32928, 16.8149],
        [73.32898, 16.81341],
        [73.33393, 16.81391],
        [73.33478, 16.81399],
        [73.33849, 16.81224],
        [73.34609, 16.8012],
        [73.34662, 16.79974],
        [73.34861, 16.79425],
        [73.34918, 16.79268],
        [73.34882, 16.79148],
        [73.3457, 16.78097],
        [73.3449, 16.77496],
        [73.3497, 16.76756],
        [73.35115, 16.76533],
        [73.35164, 16.76437],
        [73.35747, 16.75367],
        [73.36023, 16.75061],
        [73.36146, 16.74925],
        [73.36335, 16.74694],
        [73.364, 16.74697],
        [73.37017, 16.75219],
        [73.37439, 16.76286],
        [73.37654, 16.76613],
        [73.38102, 16.76966],
        [73.38229, 16.77065],
        [73.38105, 16.77553],
        [73.37856, 16.77985],
        [73.37314, 16.77842],
        [73.37241, 16.77874],
        [73.36986, 16.77987],
        [73.37029, 16.78245],
        [73.3684, 16.78837],
        [73.36788, 16.79285],
        [73.36926, 16.79468],
        [73.37589, 16.79909],
        [73.37615, 16.80305],
        [73.37574, 16.80381],
        [73.37408, 16.80679],
        [73.3722, 16.81512],
        [73.37451, 16.81793],
        [73.37508, 16.81862],
        [73.37611, 16.82102],
        [73.37508, 16.82656],
        [73.37453, 16.82952],
        [73.37465, 16.83016],
        [73.37481, 16.83096],
        [73.37532, 16.83355],
        [73.38185, 16.83812],
        [73.38227, 16.83842],
        [73.39548, 16.84767],
        [73.39763, 16.86174],
        [73.3992, 16.86714],
        [73.40039, 16.86776],
        [73.40108, 16.86779],
        [73.40336, 16.8679],
        [73.40584, 16.86803],
        [73.40622, 16.86805],
        [73.40905, 16.86819],
        [73.41741, 16.86961],
        [73.42369, 16.87257],
        [73.42603, 16.87452],
        [73.42741, 16.87744],
        [73.4273, 16.88049],
        [73.4213, 16.8851],
        [73.42005, 16.88671],
        [73.41947, 16.88745],
        [73.41888, 16.88821],
        [73.41749, 16.88999],
        [73.415, 16.89356],
        [73.4108, 16.9027],
        [73.41095, 16.90902],
        [73.41515, 16.91567],
        [73.41635, 16.9167],
        [73.42398, 16.91501],
        [73.44014, 16.90824],
        [73.45021, 16.90557],
        [73.45776, 16.90877],
        [73.4599, 16.90968],
        [73.46463, 16.91224],
        [73.46649, 16.91413],
        [73.46763, 16.91528],
        [73.46939, 16.92061],
        [73.46934, 16.92142],
        [73.46883, 16.92906],
        [73.46748, 16.93296],
        [73.46721, 16.9334],
        [73.46505, 16.93694],
        [73.46199, 16.93884],
        [73.45373, 16.94397],
        [73.45172, 16.94766],
        [73.45298, 16.95081],
        [73.45796, 16.95582],
        [73.46424, 16.96215],
        [73.46595, 16.96387],
        [73.47276, 16.96281],
        [73.47533, 16.96177],
        [73.47751, 16.962],
        [73.47891, 16.96216],
        [73.48448, 16.96519],
        [73.48635, 16.96621],
        [73.48985, 16.96953],
        [73.49134, 16.96935],
        [73.49292, 16.9684],
        [73.49546, 16.96687],
        [73.49617, 16.96683],
        [73.50145, 16.9665],
        [73.50448, 16.96138],
        [73.5051, 16.95557],
        [73.5108, 16.95774],
        [73.51677, 16.96002],
        [73.51774, 16.96277],
        [73.52025, 16.96069],
        [73.52514, 16.95898],
        [73.53045, 16.95708],
        [73.53531, 16.95351],
        [73.53624, 16.95375],
        [73.53759, 16.95408],
        [73.53821, 16.95804],
        [73.54331, 16.95716],
        [73.54383, 16.9598],
        [73.54587, 16.96266],
        [73.54958, 16.96535],
        [73.54981, 16.96664],
        [73.55025, 16.96909],
        [73.53989, 16.97935],
        [73.53363, 16.98074],
        [73.53455, 16.98229],
        [73.53724, 16.98677],
        [73.53792, 16.9879],
        [73.54012, 16.99548],
        [73.53655, 16.99774],
        [73.53574, 17.00161],
        [73.53484, 17.00368],
        [73.53481, 17.00844],
        [73.5364, 17.01116],
        [73.54156, 17.01078],
        [73.54315, 17.01257],
        [73.54358, 17.01305],
        [73.54338, 17.01563],
        [73.54268, 17.01657],
        [73.5432, 17.01675],
        [73.55206, 17.01787],
        [73.56001, 17.01895],
        [73.5659, 17.02178],
        [73.57159, 17.02192],
        [73.57548, 17.02022],
        [73.58137, 17.02305],
        [73.58127, 17.02334],
        [73.58599, 17.02122],
        [73.58708, 17.02073],
        [73.59481, 17.02181],
        [73.59729, 17.02671],
        [73.60048, 17.02418],
        [73.60641, 17.02298],
        [73.61275, 17.02313],
        [73.61369, 17.02315],
        [73.61522, 17.03033],
        [73.61521, 17.03225],
        [73.61519, 17.0339],
        [73.61954, 17.0311],
        [73.62408, 17.03411],
        [73.62542, 17.03705],
        [73.62936, 17.03593],
        [73.62843, 17.0302],
        [73.63352, 17.01983],
        [73.63832, 17.01705],
        [73.63855, 17.01708],
        [73.63869, 16.9972],
        [73.6437, 16.99442],
        [73.64759, 16.99162],
        [73.64819, 16.98918],
        [73.65238, 16.98772],
        [73.65675, 16.98811],
        [73.66601, 16.98895],
        [73.66747, 16.98994],
        [73.67483, 16.99496],
        [73.6748, 17.00184],
        [73.67477, 17.0075],
        [73.67545, 17.00723],
        [73.67839, 17.0122],
        [73.6811, 17.01606],
        [73.69178, 17.0192],
        [73.69325, 17.01968],
        [73.70064, 17.02209],
        [73.70385, 17.02411],
        [73.70399, 17.02467],
        [73.70429, 17.02439],
        [73.715, 17.01418],
        [73.7175, 17.01424],
        [73.72159, 17.01545],
        [73.73019, 17.01995],
        [73.73091, 17.01856],
        [73.74002, 17.01633],
        [73.7405, 17.015],
        [73.74139, 17.01257],
        [73.73345, 16.9997],
        [73.73097, 16.99074],
        [73.73254, 16.99048],
        [73.74528, 16.98841],
        [73.76458, 16.98887],
        [73.77117, 16.99036],
        [73.77323, 16.99552],
        [73.77776, 16.99563],
        [73.7849, 16.98984],
        [73.78512, 16.98905],
        [73.78521, 16.9879],
        [73.78515, 16.98706],
        [73.78479, 16.98595],
        [73.78426, 16.98508],
        [73.78306, 16.9839],
        [73.78284, 16.98366],
        [73.78236, 16.98302],
        [73.7818, 16.98254],
        [73.78133, 16.98214],
        [73.78058, 16.9812],
        [73.78003, 16.9798],
        [73.77938, 16.97849],
        [73.77875, 16.97713],
        [73.77832, 16.97659],
        [73.77729, 16.97522],
        [73.77602, 16.97331],
        [73.77567, 16.97301],
        [73.77547, 16.97298],
        [73.77522, 16.97301],
        [73.77483, 16.97318],
        [73.77385, 16.97374],
        [73.77319, 16.97419],
        [73.77272, 16.97434],
        [73.77242, 16.97435],
        [73.77219, 16.97429],
        [73.77196, 16.9741],
        [73.77178, 16.97389],
        [73.77134, 16.97335],
        [73.77061, 16.9725],
        [73.77007, 16.97211],
        [73.76949, 16.97178],
        [73.76896, 16.97098],
        [73.76799, 16.96979],
        [73.76768, 16.96947],
        [73.76662, 16.96865],
        [73.7665, 16.96849],
        [73.76637, 16.96812],
        [73.76634, 16.96761],
        [73.76625, 16.96706],
        [73.76558, 16.96538],
        [73.76544, 16.96497],
        [73.76477, 16.96323],
        [73.76457, 16.96281],
        [73.76433, 16.96253],
        [73.7639, 16.96203],
        [73.76337, 16.96125],
        [73.76312, 16.96071],
        [73.76396, 16.96052],
        [73.76547, 16.96046],
        [73.76569, 16.9604],
        [73.76647, 16.96019],
        [73.76711, 16.96002],
        [73.76822, 16.95975],
        [73.76909, 16.95857],
        [73.76979, 16.9578],
        [73.77133, 16.95643],
        [73.77265, 16.95502],
        [73.77346, 16.95452],
        [73.77409, 16.95388],
        [73.77495, 16.95312],
        [73.77539, 16.95245],
        [73.77634, 16.9508],
        [73.77671, 16.95019],
        [73.77721, 16.94937],
        [73.77709, 16.94856],
        [73.77703, 16.94813],
        [73.7771, 16.94789],
        [73.77731, 16.94761],
        [73.77788, 16.94721],
        [73.77943, 16.94691],
        [73.78008, 16.9466],
        [73.78104, 16.94606],
        [73.7814, 16.94568],
        [73.78173, 16.94527],
        [73.78208, 16.94462],
        [73.78322, 16.94429],
        [73.78378, 16.94397],
        [73.78537, 16.94275],
        [73.78659, 16.94223],
        [73.78704, 16.94195],
        [73.78767, 16.94128],
        [73.78907, 16.93983],
        [73.79005, 16.93864],
        [73.79025, 16.93747],
        [73.79037, 16.93721],
        [73.79084, 16.93645],
        [73.79084, 16.93541],
        [73.7908, 16.93519],
        [73.7905, 16.93448],
        [73.79107, 16.93383],
        [73.79203, 16.93363],
        [73.793, 16.93336],
        [73.7926, 16.93187],
        [73.79285, 16.93167],
        [73.79343, 16.93129],
        [73.79432, 16.93172],
        [73.79489, 16.93084],
        [73.79597, 16.92881],
        [73.79625, 16.9282],
        [73.79556, 16.9274],
        [73.79586, 16.92672],
        [73.79602, 16.92644],
        [73.79587, 16.92613],
        [73.79576, 16.92589],
        [73.79498, 16.925],
        [73.79465, 16.92439],
        [73.79453, 16.9242],
        [73.79425, 16.92399],
        [73.79402, 16.92403],
        [73.79354, 16.9242],
        [73.79332, 16.92421],
        [73.79297, 16.92409],
        [73.79269, 16.92372],
        [73.79238, 16.92343],
        [73.79205, 16.92311],
        [73.79124, 16.92243],
        [73.79085, 16.92217],
        [73.79042, 16.92206],
        [73.78936, 16.9218],
        [73.78992, 16.92133],
        [73.79172, 16.92002],
        [73.79218, 16.91941],
        [73.79241, 16.91891],
        [73.79244, 16.9186],
        [73.79238, 16.91827],
        [73.79229, 16.91803],
        [73.79189, 16.91768],
        [73.79155, 16.91729],
        [73.7914, 16.91684],
        [73.79142, 16.91662],
        [73.79152, 16.91636],
        [73.7918, 16.91608],
        [73.79205, 16.91586],
        [73.79223, 16.9156],
        [73.79226, 16.91533],
        [73.79225, 16.91508],
        [73.79208, 16.91482],
        [73.79196, 16.91462],
        [73.79144, 16.91386],
        [73.79062, 16.91294],
        [73.79031, 16.91244],
        [73.7902, 16.91205],
        [73.79015, 16.91171],
        [73.79011, 16.91128],
        [73.79009, 16.91102],
        [73.79007, 16.91079],
        [73.7899, 16.90985],
        [73.78978, 16.9095],
        [73.78957, 16.90916],
        [73.78916, 16.90865],
        [73.78896, 16.9083],
        [73.78882, 16.90816],
        [73.78857, 16.90809],
        [73.78836, 16.90808],
        [73.78813, 16.90806],
        [73.78766, 16.9081],
        [73.78724, 16.90819],
        [73.78675, 16.90835],
        [73.78617, 16.90866],
        [73.78574, 16.90889],
        [73.78538, 16.90898],
        [73.78521, 16.9089],
        [73.78504, 16.90873],
        [73.78445, 16.90813],
        [73.78419, 16.90787],
        [73.78398, 16.90778],
        [73.78372, 16.90778],
        [73.78352, 16.9079],
        [73.78265, 16.90907],
        [73.78151, 16.91048],
        [73.78063, 16.91139],
        [73.78047, 16.91151],
        [73.78027, 16.91155],
        [73.78007, 16.91126],
        [73.77985, 16.90998],
        [73.77954, 16.9095],
        [73.77937, 16.9094],
        [73.77916, 16.90937],
        [73.77889, 16.9094],
        [73.7786, 16.90951],
        [73.77752, 16.91092],
        [73.77675, 16.91283],
        [73.77645, 16.91237],
        [73.77581, 16.91129],
        [73.77483, 16.91007],
        [73.77396, 16.90919],
        [73.77309, 16.90838],
        [73.77236, 16.90781],
        [73.77213, 16.90771],
        [73.7719, 16.9077],
        [73.77164, 16.90775],
        [73.77136, 16.90785],
        [73.77107, 16.90801],
        [73.77091, 16.90833],
        [73.77046, 16.90929],
        [73.77025, 16.90921],
        [73.7701, 16.90903],
        [73.76967, 16.90899],
        [73.76951, 16.90909],
        [73.76906, 16.90969],
        [73.76849, 16.91061],
        [73.76799, 16.91048],
        [73.76774, 16.91049],
        [73.76728, 16.91058],
        [73.76666, 16.91066],
        [73.76604, 16.91085],
        [73.7658, 16.91092],
        [73.7655, 16.91107],
        [73.76519, 16.91119],
        [73.76493, 16.91108],
        [73.76412, 16.91035],
        [73.76393, 16.91014],
        [73.76383, 16.9099],
        [73.76378, 16.90955],
        [73.76374, 16.9091],
        [73.76372, 16.90882],
        [73.7636, 16.90824],
        [73.76336, 16.90769],
        [73.7631, 16.90685],
        [73.763, 16.90638],
        [73.76303, 16.90598],
        [73.76306, 16.90568],
        [73.76309, 16.9054],
        [73.76311, 16.90506],
        [73.7631, 16.90466],
        [73.76302, 16.90434],
        [73.76294, 16.9041],
        [73.76284, 16.90385],
        [73.76273, 16.90366],
        [73.76257, 16.90347],
        [73.7623, 16.90321],
        [73.76203, 16.90295],
        [73.76173, 16.9025],
        [73.76155, 16.90233],
        [73.76118, 16.90261],
        [73.75999, 16.90359],
        [73.75945, 16.90401],
        [73.75904, 16.90373],
        [73.75864, 16.90373],
        [73.75808, 16.90451],
        [73.75716, 16.90574],
        [73.75688, 16.90561],
        [73.7567, 16.90549],
        [73.75651, 16.90544],
        [73.75622, 16.90546],
        [73.75593, 16.90554],
        [73.7557, 16.90566],
        [73.75511, 16.90623],
        [73.75415, 16.90756],
        [73.75385, 16.90763],
        [73.75293, 16.90678],
        [73.75203, 16.90587],
        [73.75174, 16.90576],
        [73.74935, 16.90561],
        [73.74911, 16.90561],
        [73.74795, 16.90557],
        [73.74708, 16.90554],
        [73.74653, 16.90573],
        [73.74624, 16.90587],
        [73.74569, 16.90694],
        [73.74545, 16.908],
        [73.74524, 16.90901],
        [73.745, 16.91021],
        [73.74469, 16.91126],
        [73.7442, 16.91231],
        [73.74357, 16.91348],
        [73.74306, 16.91469],
        [73.74258, 16.91582],
        [73.7425, 16.916],
        [73.74245, 16.9161],
        [73.74177, 16.9175],
        [73.74064, 16.91679],
        [73.73953, 16.91593],
        [73.73844, 16.91511],
        [73.73847, 16.91433],
        [73.73864, 16.91317],
        [73.73887, 16.9121],
        [73.73929, 16.91087],
        [73.73977, 16.90983],
        [73.74023, 16.9091],
        [73.74032, 16.90869],
        [73.74026, 16.9082],
        [73.74001, 16.90741],
        [73.73971, 16.90664],
        [73.73892, 16.90513],
        [73.7382, 16.90397],
        [73.73759, 16.90299],
        [73.73716, 16.90198],
        [73.73767, 16.90108],
        [73.73871, 16.89981],
        [73.7401, 16.89811],
        [73.74066, 16.89765],
        [73.74054, 16.89865],
        [73.74155, 16.89987],
        [73.74268, 16.90106],
        [73.74374, 16.90207],
        [73.74472, 16.90287],
        [73.74584, 16.90383],
        [73.74661, 16.90432],
        [73.74733, 16.90392],
        [73.74798, 16.9034],
        [73.74882, 16.90268],
        [73.74935, 16.90212],
        [73.7496, 16.90178],
        [73.74972, 16.90164],
        [73.74983, 16.90143],
        [73.74988, 16.90124],
        [73.74994, 16.90051],
        [73.74989, 16.89991],
        [73.7497, 16.89965],
        [73.74952, 16.89941],
        [73.74945, 16.89904],
        [73.74941, 16.89881],
        [73.74936, 16.8985],
        [73.74921, 16.89788],
        [73.74924, 16.89725],
        [73.7492, 16.89594],
        [73.7492, 16.89466],
        [73.7492, 16.89367],
        [73.7492, 16.89268],
        [73.74921, 16.89172],
        [73.74923, 16.89079],
        [73.74924, 16.88964],
        [73.74925, 16.88846],
        [73.7492, 16.88771],
        [73.74893, 16.88722],
        [73.74848, 16.88639],
        [73.74799, 16.88565],
        [73.74729, 16.88457],
        [73.74747, 16.88442],
        [73.74804, 16.88403],
        [73.74855, 16.88363],
        [73.74937, 16.88273],
        [73.74973, 16.88251],
        [73.75091, 16.88235],
        [73.75179, 16.88197],
        [73.75222, 16.8815],
        [73.75266, 16.88073],
        [73.75293, 16.88028],
        [73.75327, 16.87954],
        [73.75372, 16.8791],
        [73.75431, 16.8788],
        [73.75477, 16.87868],
        [73.75611, 16.87858],
        [73.7566, 16.87844],
        [73.75687, 16.87828],
        [73.75833, 16.87666],
        [73.75852, 16.87639],
        [73.7587, 16.87631],
        [73.75905, 16.87625],
        [73.75942, 16.8762],
        [73.7598, 16.87608],
        [73.76003, 16.87592],
        [73.76029, 16.87556],
        [73.76089, 16.87457],
        [73.76132, 16.87392],
        [73.76207, 16.87307],
        [73.76262, 16.87254],
        [73.76385, 16.87148],
        [73.76449, 16.87099],
        [73.76486, 16.87081],
        [73.76578, 16.87054],
        [73.76602, 16.87043],
        [73.76628, 16.87013],
        [73.76651, 16.86991],
        [73.76674, 16.86977],
        [73.76706, 16.86963],
        [73.76738, 16.86947],
        [73.76756, 16.86926],
        [73.76764, 16.86908],
        [73.76779, 16.86847],
        [73.7678, 16.86724],
        [73.7678, 16.86702],
        [73.7678, 16.86628],
        [73.76775, 16.86597],
        [73.76762, 16.8657],
        [73.76747, 16.86546],
        [73.76726, 16.86494],
        [73.76716, 16.86454],
        [73.76708, 16.86423],
        [73.76698, 16.86389],
        [73.76676, 16.86346],
        [73.76647, 16.86299],
        [73.76624, 16.86273],
        [73.76594, 16.86245],
        [73.76447, 16.86141],
        [73.76362, 16.86084],
        [73.76506, 16.85949],
        [73.76582, 16.8587],
        [73.76653, 16.85761],
        [73.7672, 16.85624],
        [73.76759, 16.85537],
        [73.76763, 16.8551],
        [73.76762, 16.8548],
        [73.76751, 16.8545],
        [73.7673, 16.85424],
        [73.766, 16.8533],
        [73.76535, 16.85284],
        [73.76437, 16.85206],
        [73.76431, 16.85181],
        [73.76591, 16.85005],
        [73.76609, 16.84978],
        [73.76482, 16.84902],
        [73.76327, 16.84808],
        [73.76285, 16.8477],
        [73.76262, 16.84744],
        [73.76204, 16.84661],
        [73.76174, 16.84598],
        [73.76125, 16.84512],
        [73.7609, 16.84448],
        [73.76049, 16.84379],
        [73.76007, 16.84321],
        [73.75962, 16.84261],
        [73.75921, 16.84226],
        [73.75861, 16.84167],
        [73.75729, 16.84019],
        [73.75628, 16.8392],
        [73.75575, 16.83874],
        [73.75506, 16.83815],
        [73.75363, 16.83681],
        [73.75328, 16.83646],
        [73.75305, 16.83631],
        [73.75274, 16.83616],
        [73.75229, 16.8361],
        [73.7512, 16.83613],
        [73.74996, 16.83657],
        [73.74932, 16.83679],
        [73.74908, 16.83701],
        [73.74875, 16.83723],
        [73.74781, 16.83788],
        [73.74401, 16.84051],
        [73.74337, 16.84096],
        [73.74313, 16.84113],
        [73.74251, 16.84172],
        [73.7415, 16.84276],
        [73.74069, 16.84353],
        [73.73965, 16.84429],
        [73.73846, 16.84511],
        [73.73788, 16.84535],
        [73.73763, 16.84529],
        [73.73743, 16.84519],
        [73.73677, 16.8446],
        [73.736, 16.84384],
        [73.73576, 16.8433],
        [73.73537, 16.84234],
        [73.73503, 16.84117],
        [73.73479, 16.84017],
        [73.73465, 16.83933],
        [73.73399, 16.83794],
        [73.73341, 16.83691],
        [73.7328, 16.83598],
        [73.73191, 16.83514],
        [73.73152, 16.83506],
        [73.73117, 16.83519],
        [73.73058, 16.83571],
        [73.73012, 16.83624],
        [73.72991, 16.83628],
        [73.7295, 16.83581],
        [73.72855, 16.83473],
        [73.72779, 16.83398],
        [73.72737, 16.83458],
        [73.72682, 16.83537],
        [73.72594, 16.83641],
        [73.72511, 16.8373],
        [73.72498, 16.8376],
        [73.72464, 16.83886],
        [73.72415, 16.84039],
        [73.72393, 16.84084],
        [73.72367, 16.8408],
        [73.72331, 16.84057],
        [73.72256, 16.83999],
        [73.7218, 16.83945],
        [73.72111, 16.83868],
        [73.72045, 16.83785],
        [73.71993, 16.83806],
        [73.7195, 16.83815],
        [73.71893, 16.83763],
        [73.71857, 16.83728],
        [73.71763, 16.83635],
        [73.7167, 16.83557],
        [73.71603, 16.83491],
        [73.71559, 16.83443],
        [73.7148, 16.83334],
        [73.71466, 16.8332],
        [73.71424, 16.83324],
        [73.71396, 16.83321],
        [73.71376, 16.83306],
        [73.71316, 16.83248],
        [73.71191, 16.83138],
        [73.71106, 16.8306],
        [73.71031, 16.82974],
        [73.71043, 16.82959],
        [73.71103, 16.82888],
        [73.71214, 16.82789],
        [73.71348, 16.82714],
        [73.71503, 16.82623],
        [73.71561, 16.82572],
        [73.71585, 16.8257],
        [73.71628, 16.82598],
        [73.71725, 16.82678],
        [73.71761, 16.82664],
        [73.71866, 16.82619],
        [73.72037, 16.82545],
        [73.72217, 16.82474],
        [73.72396, 16.82402],
        [73.72573, 16.82336],
        [73.72754, 16.82256],
        [73.72923, 16.82188],
        [73.72963, 16.82168],
        [73.72963, 16.82148],
        [73.72943, 16.82103],
        [73.72876, 16.81974],
        [73.72804, 16.81829],
        [73.72694, 16.81682],
        [73.72897, 16.8167],
        [73.73041, 16.81673],
        [73.7326, 16.81685],
        [73.73464, 16.81699],
        [73.73499, 16.81729],
        [73.73499, 16.81839],
        [73.73493, 16.81978],
        [73.73498, 16.82151],
        [73.73521, 16.82252],
        [73.73551, 16.82258],
        [73.73576, 16.82258],
        [73.73642, 16.8226],
        [73.73691, 16.82252],
        [73.73743, 16.82231],
        [73.73796, 16.82196],
        [73.73883, 16.82139],
        [73.74061, 16.82033],
        [73.74168, 16.81963],
        [73.74318, 16.81874],
        [73.74417, 16.81812],
        [73.74566, 16.81731],
        [73.74652, 16.8168],
        [73.74717, 16.81635],
        [73.7473, 16.81617],
        [73.74935, 16.81321],
        [73.75049, 16.81238],
        [73.75129, 16.81182],
        [73.75179, 16.81121],
        [73.75193, 16.81078],
        [73.752, 16.8103],
        [73.75205, 16.80844],
        [73.75196, 16.80803],
        [73.75171, 16.80736],
        [73.75111, 16.80626],
        [73.75051, 16.80546],
        [73.75035, 16.80508],
        [73.75029, 16.80486],
        [73.75031, 16.80456],
        [73.75067, 16.80462],
        [73.75117, 16.80499],
        [73.75262, 16.80625],
        [73.75301, 16.80658],
        [73.75472, 16.80593],
        [73.75623, 16.80549],
        [73.75827, 16.80498],
        [73.75958, 16.8045],
        [73.76069, 16.80296],
        [73.76115, 16.80226],
        [73.76051, 16.80151],
        [73.76055, 16.79996],
        [73.76062, 16.79888],
        [73.76064, 16.79852],
        [73.76062, 16.79827],
        [73.7605, 16.79809],
        [73.75999, 16.79768],
        [73.75931, 16.79713],
        [73.75884, 16.79643],
        [73.75866, 16.79578],
        [73.75866, 16.79555],
        [73.7587, 16.79532],
        [73.7588, 16.795],
        [73.75919, 16.79419],
        [73.75938, 16.79359],
        [73.75946, 16.79283],
        [73.75948, 16.79177],
        [73.75934, 16.79114],
        [73.75914, 16.79062],
        [73.75884, 16.79018],
        [73.75759, 16.78865],
        [73.75618, 16.78716],
        [73.75475, 16.78591],
        [73.75422, 16.78548],
        [73.75406, 16.78519],
        [73.75439, 16.78347],
        [73.75472, 16.7826],
        [73.75498, 16.78222],
        [73.75542, 16.78161],
        [73.75558, 16.78136],
        [73.75573, 16.78094],
        [73.75574, 16.7807],
        [73.75564, 16.78037],
        [73.755, 16.77953],
        [73.75497, 16.77926],
        [73.75533, 16.77899],
        [73.75619, 16.77876],
        [73.75763, 16.77842],
        [73.75834, 16.77806],
        [73.75862, 16.77784],
        [73.75886, 16.77759],
        [73.75911, 16.77722],
        [73.75969, 16.77563],
        [73.75991, 16.77488],
        [73.75999, 16.77453],
        [73.76, 16.77424],
        [73.75993, 16.77369],
        [73.75969, 16.77264],
        [73.75967, 16.77238],
        [73.75967, 16.77214],
        [73.75983, 16.77168],
        [73.76007, 16.77132],
        [73.76051, 16.7709],
        [73.76081, 16.77072],
        [73.76112, 16.77054],
        [73.76141, 16.77045],
        [73.76168, 16.77042],
        [73.76197, 16.77044],
        [73.76255, 16.7707],
        [73.76316, 16.77091],
        [73.76458, 16.77104],
        [73.76672, 16.77108],
        [73.769, 16.77123],
        [73.76939, 16.77126],
        [73.76975, 16.77141],
        [73.76989, 16.77161],
        [73.77004, 16.77194],
        [73.77041, 16.77275],
        [73.7712, 16.77497],
        [73.77171, 16.77589],
        [73.77278, 16.77788],
        [73.77321, 16.77869],
        [73.77469, 16.77873],
        [73.77534, 16.77875],
        [73.77605, 16.77877],
        [73.77768, 16.77882],
        [73.77841, 16.77885],
        [73.78196, 16.77902],
        [73.78225, 16.77891],
        [73.78291, 16.77831],
        [73.78437, 16.77671],
        [73.78496, 16.77599],
        [73.78511, 16.77574],
        [73.78513, 16.77458],
        [73.78524, 16.77407],
        [73.78539, 16.77382],
        [73.78559, 16.77368],
        [73.78582, 16.77353],
        [73.78603, 16.7733],
        [73.78677, 16.77147],
        [73.78704, 16.77062],
        [73.7871, 16.77038],
        [73.7871, 16.77006],
        [73.78701, 16.76925],
        [73.78714, 16.7682],
        [73.78726, 16.76764],
        [73.78758, 16.76672],
        [73.78772, 16.76635],
        [73.78791, 16.76607],
        [73.78816, 16.76587],
        [73.78853, 16.76554],
        [73.78957, 16.76474],
        [73.7901, 16.76417],
        [73.79133, 16.76285],
        [73.79166, 16.76256],
        [73.792, 16.76236],
        [73.79237, 16.76219],
        [73.79311, 16.76194],
        [73.79473, 16.76159],
        [73.79605, 16.7615],
        [73.79666, 16.76149],
        [73.79716, 16.76148],
        [73.79788, 16.76146],
        [73.79834, 16.76153],
        [73.79866, 16.76164],
        [73.79908, 16.76187],
        [73.79962, 16.76243],
        [73.80116, 16.76465],
        [73.80249, 16.76608],
        [73.80281, 16.7664],
        [73.80302, 16.76651],
        [73.80324, 16.76658],
        [73.80356, 16.76661],
        [73.80398, 16.76662],
        [73.80469, 16.76669],
        [73.80497, 16.76671],
        [73.80599, 16.76684],
        [73.80715, 16.76685],
        [73.80831, 16.76682],
        [73.80891, 16.76704],
        [73.80903, 16.76729],
        [73.80949, 16.7684],
        [73.81049, 16.76816],
        [73.81174, 16.76803],
        [73.81208, 16.768],
        [73.81249, 16.76816],
        [73.81305, 16.7687],
        [73.81407, 16.76826],
        [73.81614, 16.76708],
        [73.81718, 16.76629],
        [73.81849, 16.76526],
        [73.81876, 16.76499],
        [73.8189, 16.76481],
        [73.81902, 16.76457],
        [73.81908, 16.76432],
        [73.8191, 16.76335],
        [73.81916, 16.76307],
        [73.81924, 16.76285],
        [73.81943, 16.76258],
        [73.81976, 16.76228],
        [73.82056, 16.76155],
        [73.82148, 16.76067],
        [73.82263, 16.75934],
        [73.82313, 16.75866],
        [73.82418, 16.75717],
        [73.82457, 16.75678],
        [73.82488, 16.75651],
        [73.82587, 16.75589],
        [73.82712, 16.75524],
        [73.8281, 16.75461],
        [73.82839, 16.75437],
        [73.82861, 16.75413],
        [73.82879, 16.75387],
        [73.82892, 16.75363],
        [73.82895, 16.75316],
        [73.82891, 16.75267],
        [73.82886, 16.75243],
        [73.82876, 16.75218],
        [73.82852, 16.75193],
        [73.82793, 16.7513],
        [73.82744, 16.75061],
        [73.82767, 16.7506],
        [73.82833, 16.75067],
        [73.82901, 16.75073],
        [73.82948, 16.75074],
        [73.83028, 16.75074],
        [73.83107, 16.75073],
        [73.83123, 16.75066],
        [73.83128, 16.75046],
        [73.83121, 16.75009],
        [73.83081, 16.74911],
        [73.83075, 16.74896],
        [73.83078, 16.74882],
        [73.83097, 16.74868],
        [73.83162, 16.74822],
        [73.83171, 16.74811],
        [73.83164, 16.7479],
        [73.83161, 16.74782],
        [73.83142, 16.74745],
        [73.83117, 16.74706],
        [73.83035, 16.74608],
        [73.82978, 16.74549],
        [73.82923, 16.74493],
        [73.82903, 16.74473],
        [73.82844, 16.74413],
        [73.82784, 16.74338],
        [73.82729, 16.74272],
        [73.82718, 16.74248],
        [73.82714, 16.74238],
        [73.82721, 16.74231],
        [73.82772, 16.74236],
        [73.82789, 16.74224],
        [73.82798, 16.74191],
        [73.8281, 16.74179],
        [73.829, 16.74194],
        [73.83003, 16.74199],
        [73.83196, 16.742],
        [73.83302, 16.74198],
        [73.83414, 16.74204],
        [73.83496, 16.74212],
        [73.83513, 16.742],
        [73.83513, 16.74051],
        [73.83511, 16.73972],
        [73.83517, 16.73956],
        [73.83576, 16.73953],
        [73.83644, 16.73947],
        [73.8367, 16.73926],
        [73.83712, 16.73876],
        [73.83739, 16.73839],
        [73.83762, 16.73787],
        [73.83781, 16.73721],
        [73.83786, 16.73659],
        [73.83774, 16.73605],
        [73.83717, 16.73512],
        [73.83654, 16.73428],
        [73.83561, 16.73327],
        [73.83521, 16.73302],
        [73.83431, 16.73216],
        [73.83358, 16.73146],
        [73.8329, 16.73075],
        [73.83213, 16.72996],
        [73.83132, 16.72921],
        [73.83046, 16.72857],
        [73.83011, 16.72846],
        [73.82974, 16.72751],
        [73.8296, 16.72647],
        [73.82958, 16.72541],
        [73.82987, 16.72412],
        [73.83014, 16.72347],
        [73.82997, 16.72285],
        [73.82919, 16.72185],
        [73.8283, 16.71992],
        [73.82746, 16.7183],
        [73.82712, 16.71735],
        [73.82702, 16.71652],
        [73.82688, 16.71612],
        [73.82635, 16.71517],
        [73.8256, 16.71427],
        [73.82492, 16.71379],
        [73.8244, 16.71347],
        [73.82399, 16.71356],
        [73.82355, 16.71381],
        [73.82236, 16.71431],
        [73.82109, 16.71459],
        [73.81993, 16.71476],
        [73.81883, 16.71486],
        [73.8181, 16.71493],
        [73.8174, 16.71506],
        [73.81673, 16.71494],
        [73.8152, 16.71317],
        [73.81401, 16.71166],
        [73.81343, 16.71093],
        [73.81251, 16.71004],
        [73.81167, 16.70935],
        [73.81097, 16.70848],
        [73.81065, 16.70757],
        [73.81058, 16.70698],
        [73.81072, 16.70686],
        [73.8113, 16.70744],
        [73.81272, 16.70875],
        [73.81388, 16.70922],
        [73.81495, 16.70922],
        [73.81605, 16.70889],
        [73.81702, 16.70837],
        [73.81787, 16.70781],
        [73.81845, 16.70713],
        [73.81882, 16.70689],
        [73.81954, 16.70633],
        [73.82018, 16.70574],
        [73.82029, 16.70547],
        [73.82036, 16.70464],
        [73.8206, 16.70351],
        [73.82074, 16.70247],
        [73.8207, 16.70161],
        [73.82053, 16.70099],
        [73.82072, 16.70059],
        [73.82107, 16.7005],
        [73.82133, 16.70053],
        [73.82154, 16.7008],
        [73.822, 16.70121],
        [73.82242, 16.70144],
        [73.82282, 16.70144],
        [73.82346, 16.70117],
        [73.82439, 16.70043],
        [73.82485, 16.69975],
        [73.82509, 16.69918],
        [73.8254, 16.69827],
        [73.82577, 16.69771],
        [73.826, 16.69761],
        [73.82665, 16.69778],
        [73.82717, 16.69805],
        [73.8275, 16.69817],
        [73.82822, 16.6969],
        [73.82877, 16.69627],
        [73.82895, 16.69621],
        [73.8293, 16.69625],
        [73.83017, 16.69645],
        [73.83055, 16.69646],
        [73.83176, 16.69617],
        [73.83308, 16.69571],
        [73.83439, 16.6951],
        [73.835, 16.69475],
        [73.83556, 16.69425],
        [73.83585, 16.69411],
        [73.83636, 16.69411],
        [73.83673, 16.69426],
        [73.83728, 16.69435],
        [73.83875, 16.69428],
        [73.8399, 16.69409],
        [73.84122, 16.69363],
        [73.84306, 16.6929],
        [73.84507, 16.69204],
        [73.84638, 16.69145],
        [73.84711, 16.69096],
        [73.84887, 16.68951],
        [73.84992, 16.68873],
        [73.85096, 16.68792],
        [73.85185, 16.68713],
        [73.85284, 16.68632],
        [73.85386, 16.68509],
        [73.85472, 16.68415],
        [73.85546, 16.68358],
        [73.85669, 16.68313],
        [73.85763, 16.68232],
        [73.85852, 16.68183],
        [73.85888, 16.68156],
        [73.85925, 16.68107],
        [73.85939, 16.68078],
        [73.8594, 16.68046],
        [73.85919, 16.68005],
        [73.85868, 16.67943],
        [73.85773, 16.67834],
        [73.85726, 16.67787],
        [73.85675, 16.67701],
        [73.85575, 16.67641],
        [73.85337, 16.67563],
        [73.85154, 16.67496],
        [73.85075, 16.67444],
        [73.85035, 16.67402],
        [73.85028, 16.67345],
        [73.85052, 16.67305],
        [73.85094, 16.67287],
        [73.85163, 16.67276],
        [73.85247, 16.6725],
        [73.85345, 16.67225],
        [73.85461, 16.67199],
        [73.85563, 16.67179],
        [73.85636, 16.67175],
        [73.85707, 16.67179],
        [73.8581, 16.67184],
        [73.85869, 16.67184],
        [73.85937, 16.67182],
        [73.86011, 16.67187],
        [73.86107, 16.67185],
        [73.86157, 16.67171],
        [73.86223, 16.67126],
        [73.86291, 16.67069],
        [73.86346, 16.67033],
        [73.86357, 16.66988],
        [73.86362, 16.66971],
        [73.86363, 16.66965],
        [73.8634, 16.66877],
        [73.86301, 16.66784],
        [73.8629, 16.66752],
        [73.86396, 16.66764],
        [73.86355, 16.66709],
        [73.86307, 16.66599],
        [73.86258, 16.66547],
        [73.86223, 16.66496],
        [73.86165, 16.66444],
        [73.86109, 16.66392],
        [73.86068, 16.66342],
        [73.86006, 16.66273],
        [73.8597, 16.66218],
        [73.85953, 16.66148],
        [73.85948, 16.66068],
        [73.85933, 16.66011],
        [73.85906, 16.65953],
        [73.8585, 16.65902],
        [73.85813, 16.65843],
        [73.8578, 16.65787],
        [73.85758, 16.65723],
        [73.85747, 16.65639],
        [73.85733, 16.65526],
        [73.85712, 16.65452],
        [73.85684, 16.65385],
        [73.85658, 16.65335],
        [73.85633, 16.65263],
        [73.85594, 16.65211],
        [73.85563, 16.65159],
        [73.85524, 16.65091],
        [73.85498, 16.65029],
        [73.85487, 16.64974],
        [73.85469, 16.64861],
        [73.85446, 16.64846],
        [73.85417, 16.64843],
        [73.85359, 16.64843],
        [73.85325, 16.64838],
        [73.85289, 16.64818],
        [73.8526, 16.64789],
        [73.85222, 16.64766],
        [73.85222, 16.64806],
        [73.85199, 16.64886],
        [73.85179, 16.64915],
        [73.85137, 16.64942],
        [73.85102, 16.64942],
        [73.8509, 16.6494],
        [73.8507, 16.64938],
        [73.85002, 16.64929],
        [73.84905, 16.64929],
        [73.84823, 16.64932],
        [73.84773, 16.64931],
        [73.84754, 16.64942],
        [73.84732, 16.64946],
        [73.84676, 16.64948],
        [73.84626, 16.64954],
        [73.84597, 16.64965],
        [73.84579, 16.64974],
        [73.84549, 16.64992],
        [73.84525, 16.65022],
        [73.84494, 16.65058],
        [73.84402, 16.65125],
        [73.8433, 16.65179],
        [73.8424, 16.65223],
        [73.84166, 16.65243],
        [73.84095, 16.65266],
        [73.84033, 16.65265],
        [73.83957, 16.65254],
        [73.83902, 16.65229],
        [73.83851, 16.65199],
        [73.83806, 16.65169],
        [73.83769, 16.65151],
        [73.83745, 16.65132],
        [73.83676, 16.65115],
        [73.83642, 16.65112],
        [73.83572, 16.65098],
        [73.83507, 16.65065],
        [73.83464, 16.65051],
        [73.83387, 16.65026],
        [73.8331, 16.65008],
        [73.83248, 16.64978],
        [73.83197, 16.64894],
        [73.83157, 16.64868],
        [73.83104, 16.64878],
        [73.83048, 16.64883],
        [73.82973, 16.64914],
        [73.82898, 16.64937],
        [73.82772, 16.64991],
        [73.82708, 16.65022],
        [73.82649, 16.65063],
        [73.82597, 16.65101],
        [73.82514, 16.65205],
        [73.82418, 16.65302],
        [73.82345, 16.65362],
        [73.823, 16.65391],
        [73.82212, 16.654],
        [73.82118, 16.65402],
        [73.82047, 16.65397],
        [73.82018, 16.654],
        [73.81975, 16.65426],
        [73.81915, 16.65482],
        [73.81875, 16.6552],
        [73.81826, 16.6554],
        [73.81809, 16.65526],
        [73.8178, 16.65499],
        [73.81739, 16.65469],
        [73.81705, 16.65431],
        [73.81653, 16.65425],
        [73.81616, 16.65434],
        [73.81568, 16.65454],
        [73.81467, 16.6546],
        [73.81249, 16.65469],
        [73.8112, 16.65468],
        [73.81068, 16.65471],
        [73.81017, 16.65482],
        [73.80968, 16.65523],
        [73.80879, 16.65585],
        [73.80823, 16.65642],
        [73.80741, 16.65726],
        [73.80679, 16.65762],
        [73.80598, 16.65807],
        [73.80495, 16.65843],
        [73.80223, 16.65947],
        [73.80067, 16.66019],
        [73.79959, 16.6608],
        [73.79824, 16.6611],
        [73.79751, 16.66136],
        [73.7971, 16.66154],
        [73.79627, 16.66193],
        [73.79568, 16.66248],
        [73.79486, 16.66293],
        [73.79446, 16.66293],
        [73.79363, 16.66282],
        [73.79289, 16.66262],
        [73.79222, 16.66241],
        [73.79201, 16.66214],
        [73.79172, 16.66163],
        [73.79147, 16.66105],
        [73.79151, 16.66024],
        [73.79115, 16.65973],
        [73.79069, 16.65951],
        [73.79026, 16.65931],
        [73.78957, 16.65931],
        [73.78868, 16.6594],
        [73.78796, 16.65951],
        [73.78764, 16.6595],
        [73.78716, 16.65945],
        [73.78658, 16.65946],
        [73.78605, 16.65948],
        [73.78536, 16.65945],
        [73.78467, 16.6594],
        [73.78386, 16.65946],
        [73.78326, 16.65956],
        [73.78265, 16.6597],
        [73.78208, 16.65991],
        [73.7816, 16.66016],
        [73.78105, 16.66048],
        [73.78057, 16.66091],
        [73.78005, 16.66133],
        [73.77974, 16.6617],
        [73.77951, 16.66261],
        [73.77942, 16.66293],
        [73.77919, 16.66342],
        [73.77896, 16.6641],
        [73.77868, 16.66419],
        [73.77845, 16.66418],
        [73.77828, 16.66408],
        [73.77798, 16.66384],
        [73.77764, 16.66364],
        [73.77725, 16.66336],
        [73.77687, 16.66308],
        [73.77641, 16.66285],
        [73.7759, 16.66271],
        [73.77545, 16.66268],
        [73.77509, 16.66273],
        [73.77451, 16.66293],
        [73.77425, 16.66313],
        [73.77392, 16.6635],
        [73.77354, 16.66391],
        [73.77317, 16.66435],
        [73.77281, 16.66473],
        [73.77257, 16.66491],
        [73.77227, 16.66497],
        [73.7719, 16.66464],
        [73.77164, 16.66436],
        [73.77158, 16.66407],
        [73.77142, 16.66356],
        [73.77124, 16.66304],
        [73.77105, 16.66276],
        [73.77089, 16.66251],
        [73.77069, 16.66236],
        [73.77038, 16.66228],
        [73.76995, 16.66227],
        [73.76944, 16.66224],
        [73.76912, 16.66216],
        [73.76875, 16.66202],
        [73.76858, 16.66181],
        [73.76846, 16.66143],
        [73.76828, 16.6611],
        [73.76829, 16.66067],
        [73.76834, 16.66039],
        [73.76851, 16.66014],
        [73.7688, 16.65996],
        [73.76912, 16.65973],
        [73.76937, 16.65953],
        [73.76941, 16.65934],
        [73.76935, 16.65903],
        [73.76908, 16.65848],
        [73.76892, 16.65802],
        [73.76892, 16.6576],
        [73.76892, 16.65699],
        [73.76877, 16.65659],
        [73.76838, 16.65599],
        [73.76822, 16.65551],
        [73.76812, 16.6548],
        [73.76797, 16.65397],
        [73.76781, 16.65285],
        [73.76769, 16.65226],
        [73.76763, 16.65166],
        [73.7676, 16.65062],
        [73.76746, 16.64994],
        [73.7672, 16.64921],
        [73.76667, 16.64817],
        [73.76622, 16.64766],
        [73.76542, 16.64661],
        [73.76481, 16.64595],
        [73.76456, 16.64544],
        [73.76453, 16.64483],
        [73.76464, 16.64435],
        [73.76482, 16.64393],
        [73.76481, 16.64373],
        [73.76465, 16.64355],
        [73.76441, 16.64349],
        [73.7641, 16.64352],
        [73.76378, 16.64376],
        [73.76335, 16.64404],
        [73.76294, 16.64438],
        [73.76249, 16.64469],
        [73.76203, 16.64493],
        [73.76166, 16.64507],
        [73.76135, 16.64506],
        [73.76112, 16.64498],
        [73.76103, 16.6448],
        [73.76088, 16.64447],
        [73.76088, 16.64401],
        [73.76094, 16.64332],
        [73.76101, 16.64232],
        [73.76082, 16.64186],
        [73.7604, 16.64153],
        [73.75995, 16.64155],
        [73.75956, 16.64173],
        [73.75876, 16.64224],
        [73.7581, 16.64289],
        [73.75783, 16.64332],
        [73.75728, 16.64381],
        [73.75693, 16.64403],
        [73.75639, 16.64406],
        [73.75595, 16.64403],
        [73.75535, 16.6438],
        [73.75468, 16.64362],
        [73.75432, 16.64341],
        [73.7541, 16.64319],
        [73.75395, 16.64283],
        [73.75377, 16.64261],
        [73.75377, 16.64213],
        [73.75377, 16.64167],
        [73.7538, 16.64149],
        [73.75401, 16.64142],
        [73.75495, 16.64136],
        [73.75568, 16.64097],
        [73.75625, 16.64042],
        [73.75686, 16.63941],
        [73.75726, 16.63868],
        [73.75777, 16.63739],
        [73.75805, 16.63703],
        [73.7585, 16.63681],
        [73.75941, 16.63614],
        [73.76008, 16.63569],
        [73.76087, 16.6352],
        [73.76102, 16.63486],
        [73.76075, 16.63419],
        [73.76075, 16.6334],
        [73.76047, 16.63257],
        [73.7606, 16.63135],
        [73.7606, 16.63047],
        [73.76056, 16.63019],
        [73.76069, 16.62976],
        [73.76075, 16.62958],
        [73.76093, 16.62946],
        [73.76153, 16.62924],
        [73.76266, 16.62894],
        [73.76368, 16.62833],
        [73.76475, 16.62778],
        [73.7659, 16.62732],
        [73.76735, 16.62644],
        [73.76924, 16.62521],
        [73.7699, 16.62457],
        [73.76984, 16.6243],
        [73.76972, 16.62375],
        [73.76942, 16.62213],
        [73.7693, 16.621],
        [73.76918, 16.62067],
        [73.7689, 16.62012],
        [73.76824, 16.61941],
        [73.76715, 16.61728],
        [73.76681, 16.61591],
        [73.7662, 16.61395],
        [73.76587, 16.61267],
        [73.76623, 16.61178],
        [73.76642, 16.61078],
        [73.76663, 16.61038],
        [73.76729, 16.60986],
        [73.76757, 16.60901],
        [73.76751, 16.60776],
        [73.76757, 16.60724],
        [73.76784, 16.60534],
        [73.76824, 16.60269],
        [73.76687, 16.60269],
        [73.76539, 16.60263],
        [73.76493, 16.60251],
        [73.76439, 16.60217],
        [73.76353, 16.60165],
        [73.76272, 16.60125],
        [73.76184, 16.60104],
        [73.76075, 16.60095],
        [73.75668, 16.60095],
        [73.7532, 16.60089],
        [73.75262, 16.60077],
        [73.74807, 16.60068],
        [73.74752, 16.60061],
        [73.74687, 16.6005],
        [73.74627, 16.6004],
        [73.74585, 16.60032],
        [73.74463, 16.60015],
        [73.74342, 16.59992],
        [73.74284, 16.59983],
        [73.74237, 16.59977],
        [73.74204, 16.59966],
        [73.74184, 16.59961],
        [73.74162, 16.59972],
        [73.74122, 16.60009],
        [73.74102, 16.60027],
        [73.74078, 16.60048],
        [73.74052, 16.60074],
        [73.74021, 16.60104],
        [73.73993, 16.60129],
        [73.73969, 16.60154],
        [73.73946, 16.60175],
        [73.73914, 16.60205],
        [73.73896, 16.60223],
        [73.73884, 16.60238],
        [73.73872, 16.6026],
        [73.73852, 16.60286],
        [73.73828, 16.60315],
        [73.73801, 16.60319],
        [73.73767, 16.60318],
        [73.73736, 16.60319],
        [73.73709, 16.60321],
        [73.73686, 16.60329],
        [73.7366, 16.60346],
        [73.73639, 16.60379],
        [73.73634, 16.60401],
        [73.73629, 16.6043],
        [73.73624, 16.6045],
        [73.73614, 16.60468],
        [73.736, 16.60487],
        [73.73582, 16.60506],
        [73.73552, 16.60529],
        [73.73528, 16.60542],
        [73.7348, 16.60569],
        [73.73442, 16.60592],
        [73.7342, 16.60607],
        [73.73382, 16.60639],
        [73.73345, 16.60667],
        [73.73306, 16.60692],
        [73.73269, 16.6071],
        [73.73221, 16.60727],
        [73.73182, 16.60737],
        [73.73108, 16.60748],
        [73.73085, 16.60737],
        [73.73061, 16.60702],
        [73.73047, 16.60678],
        [73.73036, 16.60658],
        [73.73007, 16.60625],
        [73.72979, 16.60609],
        [73.72953, 16.60602],
        [73.72929, 16.60591],
        [73.72907, 16.60575],
        [73.7289, 16.6056],
        [73.72856, 16.60543],
        [73.72826, 16.60537],
        [73.728, 16.60534],
        [73.72775, 16.60534],
        [73.72748, 16.60538],
        [73.72718, 16.60541],
        [73.72691, 16.60539],
        [73.7267, 16.60533],
        [73.72648, 16.60523],
        [73.72631, 16.6051],
        [73.72596, 16.60472],
        [73.72574, 16.60447],
        [73.72552, 16.60426],
        [73.72532, 16.60408],
        [73.72511, 16.60394],
        [73.72493, 16.60383],
        [73.72457, 16.60375],
        [73.72422, 16.60383],
        [73.72405, 16.60394],
        [73.72385, 16.60411],
        [73.72367, 16.60428],
        [73.72349, 16.60441],
        [73.72331, 16.60452],
        [73.72311, 16.60461],
        [73.72292, 16.60471],
        [73.72274, 16.60486],
        [73.72213, 16.6055],
        [73.72161, 16.60601],
        [73.72147, 16.60632],
        [73.72134, 16.60675],
        [73.72116, 16.60687],
        [73.7209, 16.60699],
        [73.7206, 16.60714],
        [73.71974, 16.60744],
        [73.71942, 16.60737],
        [73.71913, 16.60717],
        [73.71903, 16.60695],
        [73.7189, 16.60673],
        [73.71844, 16.60664],
        [73.71829, 16.60683],
        [73.71806, 16.60712],
        [73.71785, 16.60713],
        [73.71727, 16.60708],
        [73.71706, 16.6069],
        [73.717, 16.60659],
        [73.71686, 16.60629],
        [73.7166, 16.60595],
        [73.71631, 16.60571],
        [73.71611, 16.60561],
        [73.71567, 16.60544],
        [73.71482, 16.60518],
        [73.71439, 16.60508],
        [73.71397, 16.60503],
        [73.71361, 16.60499],
        [73.71277, 16.60494],
        [73.7125, 16.60491],
        [73.71225, 16.60485],
        [73.71201, 16.60475],
        [73.71169, 16.60456],
        [73.71124, 16.60423],
        [73.71093, 16.60397],
        [73.71066, 16.60369],
        [73.71034, 16.60334],
        [73.71013, 16.60311],
        [73.71002, 16.60295],
        [73.70968, 16.60307],
        [73.70956, 16.60324],
        [73.70924, 16.6038],
        [73.70913, 16.60399],
        [73.70893, 16.60426],
        [73.70876, 16.6045],
        [73.7086, 16.60467],
        [73.70823, 16.60502],
        [73.70813, 16.60525],
        [73.7081, 16.60547],
        [73.70809, 16.60579],
        [73.70809, 16.60614],
        [73.70811, 16.60649],
        [73.70808, 16.60684],
        [73.70804, 16.60715],
        [73.70796, 16.60746],
        [73.7078, 16.60808],
        [73.70773, 16.60834],
        [73.70764, 16.6089],
        [73.70755, 16.60942],
        [73.70747, 16.60989],
        [73.70739, 16.61029],
        [73.70733, 16.61061],
        [73.70725, 16.6109],
        [73.70707, 16.61132],
        [73.70685, 16.61177],
        [73.70676, 16.61194],
        [73.70655, 16.61224],
        [73.70621, 16.61271],
        [73.70593, 16.61308],
        [73.70585, 16.61326],
        [73.7057, 16.61373],
        [73.70558, 16.61418],
        [73.70546, 16.61462],
        [73.70534, 16.61503],
        [73.70521, 16.61546],
        [73.70505, 16.61597],
        [73.70488, 16.61645],
        [73.70469, 16.61695],
        [73.70446, 16.61745],
        [73.70432, 16.61779],
        [73.70407, 16.61832],
        [73.70383, 16.61885],
        [73.7036, 16.61935],
        [73.70339, 16.61984],
        [73.7032, 16.62036],
        [73.70305, 16.62078],
        [73.70276, 16.6215],
        [73.7026, 16.62193],
        [73.7025, 16.62219],
        [73.70233, 16.6225],
        [73.70218, 16.62264],
        [73.70193, 16.62287],
        [73.70179, 16.62308],
        [73.70165, 16.62333],
        [73.70153, 16.62357],
        [73.70143, 16.6238],
        [73.70136, 16.624],
        [73.70122, 16.62441],
        [73.70112, 16.62468],
        [73.70101, 16.62484],
        [73.70075, 16.62513],
        [73.70049, 16.62533],
        [73.70019, 16.62549],
        [73.6999, 16.6256],
        [73.69969, 16.62566],
        [73.69912, 16.62569],
        [73.69826, 16.62566],
        [73.6973, 16.62559],
        [73.69639, 16.62547],
        [73.69552, 16.62532],
        [73.69476, 16.62517],
        [73.69407, 16.62503],
        [73.69346, 16.62492],
        [73.693, 16.62482],
        [73.69252, 16.62466],
        [73.69191, 16.62438],
        [73.69137, 16.62407],
        [73.69074, 16.62369],
        [73.69033, 16.62345],
        [73.68969, 16.62314],
        [73.68911, 16.62287],
        [73.68873, 16.62269],
        [73.68841, 16.62248],
        [73.68821, 16.62233],
        [73.68805, 16.62207],
        [73.68803, 16.62176],
        [73.68806, 16.62072],
        [73.68802, 16.61995],
        [73.68797, 16.61956],
        [73.6879, 16.61919],
        [73.68783, 16.61885],
        [73.68776, 16.61861],
        [73.68763, 16.61836],
        [73.68734, 16.61792],
        [73.68704, 16.61753],
        [73.68683, 16.61725],
        [73.68667, 16.61708],
        [73.68644, 16.61688],
        [73.68573, 16.61611],
        [73.68527, 16.61559],
        [73.68481, 16.61507],
        [73.68442, 16.61464],
        [73.68355, 16.61389],
        [73.68337, 16.61379],
        [73.68315, 16.61369],
        [73.68295, 16.61362],
        [73.68248, 16.61346],
        [73.68199, 16.61326],
        [73.68168, 16.61315],
        [73.68141, 16.61302],
        [73.68119, 16.61292],
        [73.681, 16.61279],
        [73.68084, 16.61265],
        [73.6807, 16.61252],
        [73.6804, 16.61216],
        [73.68008, 16.61182],
        [73.67978, 16.61152],
        [73.67953, 16.61131],
        [73.67886, 16.61083],
        [73.67852, 16.61063],
        [73.67825, 16.61053],
        [73.678, 16.61045],
        [73.67768, 16.61031],
        [73.6774, 16.61012],
        [73.67726, 16.60989],
        [73.67712, 16.60957],
        [73.677, 16.60925],
        [73.67692, 16.60898],
        [73.67686, 16.60876],
        [73.67678, 16.60855],
        [73.6767, 16.60832],
        [73.6766, 16.60795],
        [73.67636, 16.60682],
        [73.67614, 16.60572],
        [73.67591, 16.60465],
        [73.67567, 16.60363],
        [73.67562, 16.60339],
        [73.67549, 16.603],
        [73.67536, 16.60253],
        [73.67522, 16.60204],
        [73.67507, 16.60155],
        [73.67491, 16.60107],
        [73.67467, 16.60029],
        [73.67443, 16.59955],
        [73.67422, 16.59885],
        [73.67408, 16.59834],
        [73.67397, 16.59793],
        [73.67391, 16.59762],
        [73.67388, 16.5973],
        [73.67387, 16.59703],
        [73.67388, 16.5968],
        [73.67391, 16.59657],
        [73.67396, 16.59628],
        [73.67402, 16.59601],
        [73.67408, 16.59581],
        [73.67419, 16.59559],
        [73.67422, 16.59487],
        [73.67413, 16.59463],
        [73.67376, 16.59412],
        [73.67348, 16.59375],
        [73.67308, 16.59333],
        [73.67258, 16.59288],
        [73.67192, 16.59228],
        [73.67157, 16.59195],
        [73.67129, 16.59169],
        [73.67102, 16.59148],
        [73.67078, 16.59131],
        [73.67059, 16.59113],
        [73.67041, 16.59088],
        [73.67015, 16.59046],
        [73.66997, 16.59009],
        [73.66985, 16.58977],
        [73.66976, 16.58944],
        [73.66971, 16.58911],
        [73.66972, 16.58876],
        [73.66977, 16.58841],
        [73.66985, 16.58807],
        [73.66995, 16.58777],
        [73.67006, 16.58752],
        [73.67035, 16.58683],
        [73.67067, 16.58614],
        [73.67097, 16.58542],
        [73.67127, 16.58471],
        [73.67136, 16.58444],
        [73.67108, 16.58429],
        [73.67063, 16.58431],
        [73.67037, 16.58439],
        [73.67013, 16.5845],
        [73.66995, 16.58465],
        [73.66979, 16.58479],
        [73.66957, 16.58506],
        [73.66928, 16.58547],
        [73.669, 16.58584],
        [73.66881, 16.58608],
        [73.66867, 16.58624],
        [73.66819, 16.58671],
        [73.66789, 16.58698],
        [73.66752, 16.58733],
        [73.6673, 16.58753],
        [73.66712, 16.58776],
        [73.6663, 16.58872],
        [73.66618, 16.58888],
        [73.66604, 16.58905],
        [73.6658, 16.58928],
        [73.66556, 16.58947],
        [73.66537, 16.58961],
        [73.6652, 16.58973],
        [73.66475, 16.58994],
        [73.66433, 16.59006],
        [73.66373, 16.59008],
        [73.66316, 16.59009],
        [73.66269, 16.59009],
        [73.66239, 16.59007],
        [73.66204, 16.59],
        [73.66171, 16.58993],
        [73.66151, 16.58989],
        [73.66102, 16.58958],
        [73.66083, 16.58937],
        [73.66079, 16.58907],
        [73.66083, 16.58877],
        [73.661, 16.58841],
        [73.66112, 16.58818],
        [73.66127, 16.58798],
        [73.66147, 16.58775],
        [73.66183, 16.58733],
        [73.66216, 16.58697],
        [73.66237, 16.58678],
        [73.66378, 16.5855],
        [73.66454, 16.58472],
        [73.66519, 16.58412],
        [73.66554, 16.58381],
        [73.66574, 16.58359],
        [73.66618, 16.58318],
        [73.66642, 16.58298],
        [73.66661, 16.58266],
        [73.66666, 16.58245],
        [73.66665, 16.58222],
        [73.66661, 16.58199],
        [73.66655, 16.58178],
        [73.66642, 16.5816],
        [73.66567, 16.58083],
        [73.66499, 16.58033],
        [73.66471, 16.58015],
        [73.66449, 16.58003],
        [73.66355, 16.57964],
        [73.66271, 16.57929],
        [73.66174, 16.5788],
        [73.66074, 16.57823],
        [73.65975, 16.57767],
        [73.65905, 16.57722],
        [73.65889, 16.57707],
        [73.65877, 16.57699],
        [73.65864, 16.57691],
        [73.65832, 16.57668],
        [73.65774, 16.57632],
        [73.65727, 16.57609],
        [73.65678, 16.57583],
        [73.65643, 16.57562],
        [73.65605, 16.57539],
        [73.65567, 16.57516],
        [73.65548, 16.57508],
        [73.6552, 16.57498],
        [73.65493, 16.57492],
        [73.65465, 16.57489],
        [73.65437, 16.57488],
        [73.65415, 16.57491],
        [73.65385, 16.57496],
        [73.65321, 16.57514],
        [73.65285, 16.57529],
        [73.65248, 16.57547],
        [73.65209, 16.57567],
        [73.65159, 16.57595],
        [73.65106, 16.57623],
        [73.65078, 16.57632],
        [73.65049, 16.57637],
        [73.6502, 16.5764],
        [73.64992, 16.57642],
        [73.64972, 16.5764],
        [73.64947, 16.57633],
        [73.64922, 16.57624],
        [73.64891, 16.5761],
        [73.64868, 16.57599],
        [73.64855, 16.57592],
        [73.64843, 16.57581],
        [73.64832, 16.57571],
        [73.64825, 16.57561],
        [73.64824, 16.57548],
        [73.64817, 16.5749],
        [73.64816, 16.57468],
        [73.64817, 16.57437],
        [73.64819, 16.57407],
        [73.64825, 16.57377],
        [73.64833, 16.57349],
        [73.64843, 16.5732],
        [73.64855, 16.57291],
        [73.64869, 16.57263],
        [73.64884, 16.57234],
        [73.64902, 16.57202],
        [73.6492, 16.57169],
        [73.64938, 16.57134],
        [73.64957, 16.57098],
        [73.64974, 16.57061],
        [73.64989, 16.57028],
        [73.65003, 16.56993],
        [73.65013, 16.56966],
        [73.65024, 16.56918],
        [73.65038, 16.56854],
        [73.65039, 16.56789],
        [73.65033, 16.5673],
        [73.65016, 16.56679],
        [73.64994, 16.56625],
        [73.64963, 16.56576],
        [73.64931, 16.5653],
        [73.64897, 16.56488],
        [73.64862, 16.56446],
        [73.64826, 16.56404],
        [73.64788, 16.56363],
        [73.64751, 16.5633],
        [73.64703, 16.56294],
        [73.64653, 16.56258],
        [73.64606, 16.56232],
        [73.64555, 16.56211],
        [73.64507, 16.56192],
        [73.64456, 16.56176],
        [73.64402, 16.56167],
        [73.64342, 16.56158],
        [73.64285, 16.56151],
        [73.64228, 16.56148],
        [73.64167, 16.56153],
        [73.64102, 16.56165],
        [73.64038, 16.56184],
        [73.63981, 16.56212],
        [73.63933, 16.56249],
        [73.63881, 16.56288],
        [73.63849, 16.56308],
        [73.63801, 16.5633],
        [73.63756, 16.56351],
        [73.63738, 16.56355],
        [73.63717, 16.5636],
        [73.63703, 16.56365],
        [73.6369, 16.56375],
        [73.63669, 16.56402],
        [73.63661, 16.56414],
        [73.63658, 16.56423],
        [73.6366, 16.56434],
        [73.63672, 16.56452],
        [73.63686, 16.56472],
        [73.63697, 16.56492],
        [73.63699, 16.56503],
        [73.63697, 16.56519],
        [73.63694, 16.56534],
        [73.63688, 16.5655],
        [73.6368, 16.56565],
        [73.63673, 16.56579],
        [73.63671, 16.56586],
        [73.63675, 16.56595],
        [73.63685, 16.56604],
        [73.63725, 16.56638],
        [73.63731, 16.56647],
        [73.63734, 16.56654],
        [73.63733, 16.56663],
        [73.63727, 16.56674],
        [73.63716, 16.56687],
        [73.63699, 16.56701],
        [73.63679, 16.56715],
        [73.63663, 16.56725],
        [73.63658, 16.5673],
        [73.63658, 16.56736],
        [73.63677, 16.56768],
        [73.63685, 16.56789],
        [73.63689, 16.56808],
        [73.63689, 16.56819],
        [73.63683, 16.56828],
        [73.63669, 16.56841],
        [73.63643, 16.56855],
        [73.63616, 16.56868],
        [73.63611, 16.56873],
        [73.6361, 16.56878],
        [73.63611, 16.56884],
        [73.6362, 16.56894],
        [73.63663, 16.56939],
        [73.63668, 16.56947],
        [73.63671, 16.56961],
        [73.63671, 16.56977],
        [73.63668, 16.56993],
        [73.63663, 16.57012],
        [73.63658, 16.57035],
        [73.63654, 16.57057],
        [73.6365, 16.57091],
        [73.63645, 16.57138],
        [73.63642, 16.57157],
        [73.63636, 16.57178],
        [73.63628, 16.57192],
        [73.63616, 16.57206],
        [73.636, 16.5722],
        [73.63581, 16.57239],
        [73.63565, 16.57251],
        [73.63549, 16.5726],
        [73.63522, 16.57266],
        [73.63492, 16.57278],
        [73.63466, 16.57292],
        [73.63439, 16.57306],
        [73.63411, 16.57326],
        [73.63399, 16.57336],
        [73.6339, 16.57347],
        [73.63385, 16.57359],
        [73.63386, 16.5737],
        [73.63402, 16.57399],
        [73.63425, 16.57447],
        [73.63444, 16.5749],
        [73.63448, 16.57502],
        [73.63449, 16.5751],
        [73.63446, 16.57517],
        [73.63419, 16.57553],
        [73.63391, 16.57601],
        [73.63362, 16.57654],
        [73.63333, 16.57712],
        [73.63301, 16.57764],
        [73.63269, 16.57816],
        [73.63234, 16.5786],
        [73.63206, 16.57881],
        [73.63167, 16.57912],
        [73.63135, 16.57935],
        [73.63102, 16.57958],
        [73.63069, 16.57977],
        [73.63035, 16.57997],
        [73.62997, 16.58019],
        [73.62947, 16.58043],
        [73.6293, 16.5805],
        [73.62907, 16.5806],
        [73.62877, 16.5807],
        [73.62847, 16.58077],
        [73.62815, 16.58082],
        [73.62782, 16.58087],
        [73.62742, 16.58094],
        [73.62679, 16.58107],
        [73.62618, 16.5812],
        [73.62567, 16.58126],
        [73.62485, 16.58142],
        [73.62463, 16.58151],
        [73.62434, 16.58164],
        [73.62417, 16.58174],
        [73.62402, 16.58189],
        [73.62386, 16.58205],
        [73.62369, 16.58222],
        [73.62355, 16.5824],
        [73.62343, 16.58257],
        [73.62329, 16.58275],
        [73.62312, 16.58294],
        [73.62291, 16.58314],
        [73.62282, 16.58321],
        [73.62272, 16.58325],
        [73.62262, 16.58326],
        [73.62249, 16.58323],
        [73.62235, 16.58317],
        [73.62154, 16.5828],
        [73.62139, 16.58275],
        [73.62115, 16.58272],
        [73.6209, 16.58273],
        [73.62069, 16.58273],
        [73.62059, 16.58272],
        [73.62055, 16.58263],
        [73.62056, 16.58227],
        [73.62058, 16.58184],
        [73.62055, 16.58164],
        [73.62047, 16.58151],
        [73.62033, 16.58138],
        [73.62013, 16.58125],
        [73.62005, 16.5812],
        [73.61999, 16.58113],
        [73.61996, 16.58103],
        [73.61997, 16.58091],
        [73.62, 16.58073],
        [73.62003, 16.58049],
        [73.62005, 16.58021],
        [73.62004, 16.58011],
        [73.61999, 16.58002],
        [73.61989, 16.57991],
        [73.61976, 16.57981],
        [73.61958, 16.57968],
        [73.61938, 16.57953],
        [73.61932, 16.57945],
        [73.61928, 16.57938],
        [73.61929, 16.57925],
        [73.61934, 16.57911],
        [73.61942, 16.57897],
        [73.61953, 16.57882],
        [73.61967, 16.57864],
        [73.61971, 16.57856],
        [73.61971, 16.57851],
        [73.61967, 16.57847],
        [73.6196, 16.57844],
        [73.61938, 16.57836],
        [73.61911, 16.57823],
        [73.61891, 16.57812],
        [73.61883, 16.57808],
        [73.61877, 16.57799],
        [73.61872, 16.57787],
        [73.61868, 16.57772],
        [73.61867, 16.57752],
        [73.61865, 16.57727],
        [73.61864, 16.57701],
        [73.61861, 16.57681],
        [73.61856, 16.57663],
        [73.61845, 16.57646],
        [73.61831, 16.57635],
        [73.61745, 16.57569],
        [73.61727, 16.5756],
        [73.61698, 16.57552],
        [73.61671, 16.57549],
        [73.6164, 16.57544],
        [73.61605, 16.57538],
        [73.61571, 16.57531],
        [73.61559, 16.57527],
        [73.61551, 16.57521],
        [73.61543, 16.57507],
        [73.61537, 16.57487],
        [73.61536, 16.57459],
        [73.61535, 16.57425],
        [73.61533, 16.57412],
        [73.61528, 16.57398],
        [73.61518, 16.57383],
        [73.61508, 16.57367],
        [73.61498, 16.57347],
        [73.61495, 16.57339],
        [73.61496, 16.57332],
        [73.61504, 16.57325],
        [73.61517, 16.5732],
        [73.61534, 16.57316],
        [73.61552, 16.5731],
        [73.6157, 16.57304],
        [73.61579, 16.57299],
        [73.6159, 16.57292],
        [73.61599, 16.57285],
        [73.61602, 16.57277],
        [73.616, 16.57268],
        [73.61593, 16.57252],
        [73.61581, 16.57232],
        [73.61567, 16.57209],
        [73.61562, 16.57198],
        [73.61561, 16.57188],
        [73.61563, 16.57178],
        [73.61574, 16.5714],
        [73.61577, 16.57124],
        [73.61581, 16.57108],
        [73.6158, 16.57096],
        [73.61576, 16.5709],
        [73.61552, 16.57076],
        [73.61521, 16.57056],
        [73.61501, 16.57044],
        [73.61493, 16.57037],
        [73.6149, 16.5703],
        [73.61491, 16.57024],
        [73.61497, 16.57014],
        [73.61517, 16.56971],
        [73.61524, 16.5695],
        [73.61526, 16.56939],
        [73.61526, 16.5693],
        [73.61519, 16.56922],
        [73.61509, 16.56914],
        [73.61493, 16.56906],
        [73.61474, 16.56896],
        [73.6146, 16.56888],
        [73.61454, 16.5688],
        [73.61451, 16.56871],
        [73.61447, 16.56855],
        [73.61441, 16.56833],
        [73.61439, 16.5681],
        [73.61439, 16.56799],
        [73.61437, 16.56791],
        [73.61432, 16.56785],
        [73.61421, 16.5678],
        [73.61405, 16.56775],
        [73.61385, 16.5677],
        [73.61362, 16.56764],
        [73.61345, 16.5676],
        [73.6134, 16.56753],
        [73.61342, 16.56744],
        [73.61348, 16.56726],
        [73.61355, 16.567],
        [73.61363, 16.5667],
        [73.61364, 16.5666],
        [73.61363, 16.56642],
        [73.61362, 16.5661],
        [73.61359, 16.56585],
        [73.61358, 16.56576],
        [73.61358, 16.56571],
        [73.61382, 16.56563],
        [73.61406, 16.56555],
        [73.61427, 16.56547],
        [73.61436, 16.56543],
        [73.6144, 16.56539],
        [73.61441, 16.56533],
        [73.61437, 16.56523],
        [73.61432, 16.56509],
        [73.61424, 16.56491],
        [73.61414, 16.5647],
        [73.61411, 16.56464],
        [73.6141, 16.56458],
        [73.61414, 16.56453],
        [73.61421, 16.56449],
        [73.61431, 16.56441],
        [73.61446, 16.5643],
        [73.61463, 16.56417],
        [73.61471, 16.5641],
        [73.61475, 16.56404],
        [73.61475, 16.56399],
        [73.61474, 16.5639],
        [73.61463, 16.56372],
        [73.61444, 16.56349],
        [73.61421, 16.56322],
        [73.61415, 16.56315],
        [73.61411, 16.56308],
        [73.61409, 16.56298],
        [73.61409, 16.56282],
        [73.61409, 16.56262],
        [73.61413, 16.56237],
        [73.61415, 16.5623],
        [73.61415, 16.56221],
        [73.61413, 16.56209],
        [73.61405, 16.56198],
        [73.61383, 16.56175],
        [73.61366, 16.56155],
        [73.61353, 16.56135],
        [73.61342, 16.56116],
        [73.61333, 16.56096],
        [73.61324, 16.56077],
        [73.61316, 16.56057],
        [73.61307, 16.56033],
        [73.61298, 16.56003],
        [73.61288, 16.5597],
        [73.61277, 16.55929],
        [73.61265, 16.55883],
        [73.61252, 16.55836],
        [73.61241, 16.55804],
        [73.61225, 16.55765],
        [73.61216, 16.55745],
        [73.61203, 16.55723],
        [73.61186, 16.55695],
        [73.61147, 16.55647],
        [73.61104, 16.55602],
        [73.61051, 16.55552],
        [73.61009, 16.55506],
        [73.60972, 16.55464],
        [73.6093, 16.55418],
        [73.60887, 16.5537],
        [73.60839, 16.55326],
        [73.60798, 16.55292],
        [73.60739, 16.55247],
        [73.6072, 16.5523],
        [73.60691, 16.55203],
        [73.60655, 16.55168],
        [73.60617, 16.5513],
        [73.60582, 16.55092],
        [73.60565, 16.55068],
        [73.60544, 16.55041],
        [73.60515, 16.54999],
        [73.60483, 16.54952],
        [73.6045, 16.54903],
        [73.60413, 16.54853],
        [73.6037, 16.54801],
        [73.60323, 16.54748],
        [73.60292, 16.54709],
        [73.60257, 16.54669],
        [73.60217, 16.5462],
        [73.60172, 16.54572],
        [73.6013, 16.54526],
        [73.60109, 16.54508],
        [73.60085, 16.54488],
        [73.60051, 16.54463],
        [73.6002, 16.54443],
        [73.59972, 16.54415],
        [73.59918, 16.54387],
        [73.59857, 16.54358],
        [73.59799, 16.54336],
        [73.59736, 16.54311],
        [73.59681, 16.54288],
        [73.59629, 16.54265],
        [73.59575, 16.54238],
        [73.59512, 16.54209],
        [73.59444, 16.54175],
        [73.59384, 16.54139],
        [73.59328, 16.54106],
        [73.59299, 16.5409],
        [73.59273, 16.5408],
        [73.59253, 16.54077],
        [73.59234, 16.54075],
        [73.59214, 16.54077],
        [73.59194, 16.5408],
        [73.59174, 16.54085],
        [73.59153, 16.54091],
        [73.5913, 16.54101],
        [73.59108, 16.54114],
        [73.59085, 16.54128],
        [73.5906, 16.54143],
        [73.58987, 16.54181],
        [73.58962, 16.54195],
        [73.58926, 16.54222],
        [73.58902, 16.54237],
        [73.58819, 16.54291],
        [73.58792, 16.54305],
        [73.5876, 16.54321],
        [73.58713, 16.54346],
        [73.58663, 16.54375],
        [73.58614, 16.54403],
        [73.58575, 16.54424],
        [73.58553, 16.54433],
        [73.58507, 16.54447],
        [73.58456, 16.54458],
        [73.58403, 16.54469],
        [73.58354, 16.54481],
        [73.58304, 16.54495],
        [73.58253, 16.54509],
        [73.58218, 16.54514],
        [73.58184, 16.54517],
        [73.5815, 16.54522],
        [73.58125, 16.54527],
        [73.58075, 16.5454],
        [73.58017, 16.54552],
        [73.57977, 16.54557],
        [73.57947, 16.54559],
        [73.57926, 16.54555],
        [73.57904, 16.54547],
        [73.57882, 16.54534],
        [73.57838, 16.54497],
        [73.57793, 16.54452],
        [73.5777, 16.54426],
        [73.57752, 16.54401],
        [73.57735, 16.54376],
        [73.57717, 16.54352],
        [73.57679, 16.54307],
        [73.5765, 16.54264],
        [73.57625, 16.54226],
        [73.576, 16.54193],
        [73.57573, 16.54158],
        [73.57542, 16.5412],
        [73.57512, 16.54083],
        [73.57482, 16.54049],
        [73.57458, 16.54026],
        [73.57439, 16.54009],
        [73.57405, 16.53978],
        [73.57361, 16.53935],
        [73.57316, 16.53889],
        [73.57271, 16.53843],
        [73.57225, 16.538],
        [73.57173, 16.53757],
        [73.5712, 16.53714],
        [73.57074, 16.53675],
        [73.57027, 16.53636],
        [73.5698, 16.53597],
        [73.5693, 16.53555],
        [73.56884, 16.53513],
        [73.56849, 16.53479],
        [73.56818, 16.53445],
        [73.56795, 16.53413],
        [73.56768, 16.53377],
        [73.56735, 16.5333],
        [73.56704, 16.53283],
        [73.56674, 16.5324],
        [73.56642, 16.53197],
        [73.56632, 16.53178],
        [73.56612, 16.53135],
        [73.56603, 16.53112],
        [73.56591, 16.5309],
        [73.56569, 16.53065],
        [73.5653, 16.53019],
        [73.56488, 16.52977],
        [73.56445, 16.52936],
        [73.56401, 16.52902],
        [73.56385, 16.52892],
        [73.56362, 16.52881],
        [73.56333, 16.52869],
        [73.56318, 16.52862],
        [73.5629, 16.52846],
        [73.56255, 16.52828],
        [73.56217, 16.52811],
        [73.56167, 16.52792],
        [73.56125, 16.52774],
        [73.56082, 16.52757],
        [73.56036, 16.52738],
        [73.55987, 16.52718],
        [73.55929, 16.52696],
        [73.5587, 16.52671],
        [73.55809, 16.52647],
        [73.55748, 16.52625],
        [73.55688, 16.52599],
        [73.55615, 16.52569],
        [73.55544, 16.52539],
        [73.55469, 16.52508],
        [73.55385, 16.52471],
        [73.55316, 16.52438],
        [73.55255, 16.52405],
        [73.55196, 16.52372],
        [73.55183, 16.52363],
        [73.55152, 16.52339],
        [73.551, 16.52303],
        [73.55044, 16.52261],
        [73.54996, 16.5222],
        [73.54952, 16.52181],
        [73.54928, 16.52155],
        [73.54907, 16.52129],
        [73.54882, 16.5209],
        [73.54857, 16.52046],
        [73.5483, 16.52001],
        [73.54814, 16.51972],
        [73.54804, 16.51954],
        [73.54776, 16.51915],
        [73.54738, 16.51868],
        [73.54694, 16.51817],
        [73.5465, 16.51771],
        [73.54606, 16.51725],
        [73.5456, 16.51679],
        [73.54518, 16.51637],
        [73.54474, 16.51594],
        [73.54461, 16.51582],
        [73.54446, 16.51571],
        [73.54419, 16.51557],
        [73.5436, 16.51535],
        [73.54297, 16.51516],
        [73.54269, 16.51512],
        [73.5422, 16.51509],
        [73.5416, 16.51505],
        [73.54114, 16.51501],
        [73.54064, 16.51494],
        [73.5401, 16.51488],
        [73.53971, 16.51485],
        [73.53943, 16.51483],
        [73.53915, 16.51485],
        [73.53887, 16.51489],
        [73.53856, 16.51496],
        [73.5381, 16.5151],
        [73.53749, 16.51528],
        [73.53728, 16.51537],
        [73.53685, 16.51561],
        [73.53632, 16.51592],
        [73.53576, 16.51624],
        [73.5352, 16.51658],
        [73.53464, 16.51694],
        [73.53418, 16.51731],
        [73.53376, 16.51769],
        [73.53338, 16.51809],
        [73.53302, 16.51848],
        [73.53266, 16.51886],
        [73.53203, 16.5196],
        [73.5315, 16.52017],
        [73.53098, 16.52071],
        [73.53055, 16.52122],
        [73.53013, 16.52168],
        [73.5299, 16.5219],
        [73.5297, 16.52206],
        [73.52948, 16.52216],
        [73.52923, 16.52222],
        [73.52879, 16.52231],
        [73.52842, 16.52241],
        [73.52805, 16.52252],
        [73.52686, 16.52293],
        [73.5263, 16.52311],
        [73.52564, 16.52331],
        [73.52509, 16.52348],
        [73.52447, 16.52367],
        [73.52379, 16.52387],
        [73.52318, 16.52402],
        [73.52259, 16.52412],
        [73.52198, 16.52418],
        [73.5213, 16.5242],
        [73.52061, 16.52424],
        [73.51991, 16.52425],
        [73.51944, 16.52422],
        [73.51919, 16.52418],
        [73.519, 16.52412],
        [73.51881, 16.524],
        [73.51865, 16.52385],
        [73.51855, 16.52375],
        [73.51836, 16.52346],
        [73.51832, 16.52335],
        [73.51818, 16.52274],
        [73.51802, 16.52216],
        [73.51784, 16.52156],
        [73.51759, 16.52086],
        [73.51738, 16.52023],
        [73.51721, 16.51962],
        [73.51703, 16.51898],
        [73.51685, 16.51833],
        [73.51669, 16.51772],
        [73.51653, 16.51717],
        [73.51646, 16.51703],
        [73.51623, 16.51656],
        [73.51595, 16.51606],
        [73.51563, 16.51554],
        [73.51528, 16.51501],
        [73.51511, 16.51479],
        [73.51493, 16.51459],
        [73.51469, 16.5144],
        [73.51434, 16.51419],
        [73.51376, 16.51395],
        [73.51312, 16.51377],
        [73.51287, 16.51372],
        [73.5126, 16.51371],
        [73.5122, 16.51374],
        [73.51179, 16.51381],
        [73.5114, 16.51395],
        [73.5112, 16.51409],
        [73.51093, 16.51443],
        [73.51054, 16.51491],
        [73.51022, 16.51539],
        [73.50993, 16.51588],
        [73.50975, 16.51613],
        [73.50948, 16.51648],
        [73.50923, 16.5167],
        [73.50874, 16.51705],
        [73.50846, 16.51723],
        [73.50803, 16.51745],
        [73.50745, 16.5177],
        [73.50685, 16.51799],
        [73.50623, 16.51826],
        [73.50561, 16.51851],
        [73.50503, 16.51875],
        [73.50448, 16.51904],
        [73.50395, 16.51933],
        [73.50312, 16.51978],
        [73.50279, 16.51998],
        [73.50252, 16.5201],
        [73.50225, 16.52019],
        [73.50173, 16.52033],
        [73.50094, 16.52046],
        [73.50027, 16.52056],
        [73.49939, 16.5207],
        [73.49802, 16.52022],
        [73.49598, 16.51974],
        [73.49448, 16.51902],
        [73.49356, 16.51841],
        [73.49251, 16.51712],
        [73.49155, 16.5165],
        [73.48952, 16.51402],
        [73.48754, 16.51236],
        [73.48404, 16.5103],
        [73.48268, 16.50925],
        [73.48173, 16.50837],
        [73.48071, 16.50677],
        [73.4804, 16.50616],
        [73.48023, 16.50582],
        [73.48003, 16.50541],
        [73.47986, 16.50504],
        [73.47962, 16.50426],
        [73.47897, 16.50249],
        [73.47833, 16.50083],
        [73.47741, 16.50009],
        [73.47674, 16.49887],
        [73.47574, 16.49801],
        [73.47471, 16.49695],
        [73.4732, 16.49588],
        [73.47233, 16.49573],
        [73.47079, 16.49505],
        [73.46937, 16.49463],
        [73.46886, 16.49443],
        [73.46763, 16.49396],
        [73.46611, 16.49362],
        [73.46367, 16.49365],
        [73.46209, 16.49381],
        [73.46056, 16.49406],
        [73.45916, 16.49443],
        [73.4574, 16.49495],
        [73.45647, 16.4951],
        [73.45554, 16.49518],
        [73.45377, 16.49547],
        [73.45227, 16.49606],
        [73.44981, 16.4971],
        [73.44781, 16.49788],
        [73.44618, 16.49871],
        [73.44436, 16.49975],
        [73.4418, 16.50066],
        [73.43914, 16.50127],
        [73.437, 16.50266],
        [73.43478, 16.50402],
        [73.43239, 16.50552],
        [73.42806, 16.50837],
        [73.42484, 16.51077],
        [73.42145, 16.51319],
        [73.41965, 16.51421],
        [73.4189, 16.51454],
        [73.41787, 16.51471],
        [73.41494, 16.51498],
        [73.41369, 16.51498],
        [73.4123, 16.51487],
        [73.41194, 16.51484],
        [73.41138, 16.51473],
        [73.41105, 16.51462],
        [73.41066, 16.51445],
        [73.40994, 16.51415],
        [73.40872, 16.51362],
        [73.40644, 16.5121],
        [73.40439, 16.51124],
        [73.40181, 16.51027],
        [73.39923, 16.51027],
        [73.39543, 16.51055],
        [73.39207, 16.51129],
        [73.38985, 16.51166],
        [73.38677, 16.51204],
        [73.38372, 16.51276],
        [73.38032, 16.51308],
        [73.37804, 16.51341],
        [73.37577, 16.51424],
        [73.37324, 16.51507],
        [73.37058, 16.51579],
        [73.36944, 16.51615],
        [73.36821, 16.51683],
        [73.36568, 16.51847],
        [73.36252, 16.52069],
        [73.35818, 16.52347],
        [73.35549, 16.52522],
        [73.35393, 16.52638],
        [73.3536, 16.52672],
        [73.35332, 16.52705],
        [73.35313, 16.52738],
        [73.35246, 16.5286],
        [73.35191, 16.52935],
        [73.35104, 16.53175],
        [73.35032, 16.53389],
        [73.34966, 16.53577],
        [73.3493, 16.5373],
        [73.34899, 16.53975],
        [73.34888, 16.54056],
        [73.34868, 16.54103],
        [73.34846, 16.54153],
        [73.34821, 16.54203],
        [73.34807, 16.54231],
        [73.34793, 16.54272],
        [73.34774, 16.54308],
        [73.34768, 16.5433],
        [73.3476, 16.54364],
        [73.3476, 16.54386],
        [73.34699, 16.54477],
        [73.34596, 16.54624],
        [73.34508, 16.54763],
        [73.34368, 16.54995],
        [73.34299, 16.55156],
        [73.34288, 16.55203],
        [73.34285, 16.55245],
        [73.34285, 16.55289],
        [73.34282, 16.55328],
        [73.34274, 16.55372],
        [73.34216, 16.55533],
        [73.34152, 16.55719],
        [73.34091, 16.55819],
        [73.34033, 16.56016],
        [73.33221, 16.565],
        [73.33215, 16.56592],
        [73.3321, 16.5669],
        [73.3319, 16.5698],
        [73.3319, 16.57],
        [73.3314, 16.5735],
        [73.3304, 16.5774],
        [73.32991, 16.57779],
        [73.3299, 16.5778],
        [73.3293, 16.5784],
        [73.32922, 16.57863],
        [73.3292, 16.5787],
        [73.32913, 16.5787],
        [73.32904, 16.57874],
        [73.329, 16.5788],
        [73.329, 16.5789],
        [73.32852, 16.57911],
        [73.3281, 16.5793],
        [73.3279, 16.5794],
        [73.32777, 16.57953],
        [73.3277, 16.5796],
        [73.32758, 16.57968],
        [73.3274, 16.5798],
        [73.3271, 16.58],
        [73.3268, 16.5804],
        [73.3262, 16.5809],
        [73.3255, 16.5812],
        [73.3254, 16.58125],
        [73.3253, 16.5813],
        [73.32478, 16.58143],
        [73.32447, 16.58154],
        [73.32427, 16.58164],
        [73.324, 16.5818],
        [73.3234, 16.5822],
        [73.32294, 16.58266],
        [73.3229, 16.58277],
        [73.3229, 16.5829],
        [73.32271, 16.583],
        [73.32268, 16.58302],
        [73.32223, 16.58349],
        [73.32215, 16.5836],
        [73.3221, 16.5837],
        [73.322, 16.5839],
        [73.3219, 16.5843],
        [73.3219, 16.5845],
        [73.32191, 16.58455],
        [73.3219, 16.58459],
        [73.3219, 16.5847],
        [73.3219, 16.5849],
        [73.322, 16.5859],
        [73.3221, 16.5861],
        [73.3222, 16.5864],
        [73.3222, 16.58662],
        [73.3222, 16.5868],
        [73.3221, 16.5872],
        [73.3221, 16.58756],
        [73.3221, 16.5877],
        [73.3221, 16.58787],
        [73.32211, 16.58808],
        [73.32209, 16.58815],
        [73.322, 16.5885],
        [73.32192, 16.58875],
        [73.3218, 16.5891],
        [73.3217, 16.5907],
        [73.32166, 16.59081],
        [73.3216, 16.591],
        [73.3212, 16.5914],
        [73.32079, 16.59165],
        [73.32073, 16.59169],
        [73.31964, 16.59228],
        [73.31942, 16.59248],
        [73.3192, 16.5927],
        [73.3188, 16.5933],
        [73.3187, 16.59345],
        [73.31863, 16.59365],
        [73.31868, 16.59383],
        [73.3187, 16.5939],
        [73.319, 16.5943],
        [73.31914, 16.59451],
        [73.31922, 16.5946],
        [73.31925, 16.5947],
        [73.3193, 16.5948],
        [73.31928, 16.59481],
        [73.3188, 16.595],
        [73.31874, 16.59506],
        [73.3186, 16.5952],
        [73.31836, 16.59552],
        [73.31833, 16.59557],
        [73.3183, 16.59609],
        [73.31832, 16.59654],
        [73.31853, 16.59693],
        [73.31855, 16.59698],
        [73.3187, 16.5972],
        [73.31895, 16.59761],
        [73.319, 16.5977],
        [73.3195, 16.5986],
        [73.3191, 16.5992],
        [73.3188, 16.5998],
        [73.3188, 16.6001],
        [73.3188, 16.6001],
        [73.3187, 16.6002],
        [73.31848, 16.60025],
        [73.31827, 16.60033],
        [73.31803, 16.60039],
        [73.318, 16.6004],
        [73.3172, 16.6006],
        [73.3168, 16.6009],
        [73.3167, 16.601],
        [73.3167, 16.60146],
        [73.3167, 16.6018],
        [73.31699, 16.60214]
      ]
    ]
  }
}
