{
  "type": "Feature",
  "id": "MH-AC-271",
  "properties": {
    "stateName": "MAHARASHTRA",
    "stateCode": "MH",
    "districtName": "KOLHAPUR",
    "acNo": 271,
    "acName": "CHANDGAD",
    "seatType": null,
    "pcNo": null,
    "pcName": null,
    "quality": "unverified",
    "sources": [
      "TBD"
    ]
  },
  "geometry": {
    "type": "Polygon",
    "coordinates": [
      [
        [74.28558, 15.74112],
        [74.28514, 15.74163],
        [74.285, 15.7418],
        [74.2846, 15.7423],
        [74.2844, 15.7429],
        [74.28375, 15.74331],
        [74.2836, 15.7434],
        [74.28296, 15.7437],
        [74.28225, 15.74404],
        [74.28212, 15.74413],
        [74.2812, 15.7448],
        [74.2792, 15.7466],
        [74.27894, 15.7467],
        [74.2784, 15.7469],
        [74.27819, 15.7472],
        [74.2779, 15.7476],
        [74.27742, 15.74816],
        [74.27731, 15.74831],
        [74.27678, 15.74871],
        [74.2753, 15.7499],
        [74.2747, 15.75],
        [74.27434, 15.75],
        [74.2736, 15.75],
        [74.2727, 15.7505],
        [74.27237, 15.7508],
        [74.2715, 15.7516],
        [74.27087, 15.75217],
        [74.2704, 15.7526],
        [74.27016, 15.75284],
        [74.2699, 15.7531],
        [74.26931, 15.75351],
        [74.2689, 15.7538],
        [74.2677, 15.7541],
        [74.26705, 15.75367],
        [74.2668, 15.7535],
        [74.26662, 15.75345],
        [74.26639, 15.75341],
        [74.26613, 15.75335],
        [74.2653, 15.7532],
        [74.26466, 15.75299],
        [74.2641, 15.7528],
        [74.26341, 15.75261],
        [74.263, 15.7525],
        [74.2625, 15.7522],
        [74.2624, 15.7518],
        [74.26244, 15.7514],
        [74.2625, 15.7509],
        [74.2623, 15.7503],
        [74.2619, 15.7499],
        [74.26189, 15.74989],
        [74.261, 15.7492],
        [74.2595, 15.7486],
        [74.25925, 15.74856],
        [74.2588, 15.7485],
        [74.2561, 15.747],
        [74.25569, 15.7465],
        [74.25563, 15.74643],
        [74.25562, 15.74642],
        [74.2556, 15.7464],
        [74.2548, 15.7467],
        [74.25451, 15.74687],
        [74.2541, 15.7471],
        [74.25408, 15.7471],
        [74.2535, 15.747],
        [74.25323, 15.74656],
        [74.2532, 15.7465],
        [74.2532, 15.7465],
        [74.2538, 15.7462],
        [74.25398, 15.74605],
        [74.2541, 15.74595],
        [74.25438, 15.74572],
        [74.25414, 15.74551],
        [74.254, 15.7454],
        [74.25336, 15.74524],
        [74.2524, 15.745],
        [74.2504, 15.7448],
        [74.2502, 15.74487],
        [74.2501, 15.7449],
        [74.2488, 15.7451],
        [74.24842, 15.74476],
        [74.24787, 15.74429],
        [74.2464, 15.7438],
        [74.2459, 15.7437],
        [74.2433, 15.7433],
        [74.24204, 15.74315],
        [74.2416, 15.7431],
        [74.24061, 15.74333],
        [74.2399, 15.7435],
        [74.23936, 15.7436],
        [74.2383, 15.7438],
        [74.2372, 15.7448],
        [74.23691, 15.74514],
        [74.2366, 15.7455],
        [74.23639, 15.74613],
        [74.2361, 15.747],
        [74.2355, 15.74785],
        [74.2349, 15.7487],
        [74.23487, 15.7487],
        [74.2335, 15.7486],
        [74.2335, 15.7486],
        [74.23342, 15.74864],
        [74.23329, 15.74874],
        [74.2326, 15.7519],
        [74.2313, 15.7531],
        [74.23052, 15.7537],
        [74.23, 15.7541],
        [74.22874, 15.75542],
        [74.2279, 15.7563],
        [74.228, 15.7573],
        [74.228, 15.7587],
        [74.22793, 15.75969],
        [74.2279, 15.7602],
        [74.22713, 15.76164],
        [74.2271, 15.7617],
        [74.22698, 15.76209],
        [74.2268, 15.7627],
        [74.2275, 15.76403],
        [74.2277, 15.7644],
        [74.22752, 15.76518],
        [74.2273, 15.7661],
        [74.2277, 15.7679],
        [74.22774, 15.76842],
        [74.2278, 15.7693],
        [74.22794, 15.76957],
        [74.2283, 15.7703],
        [74.22936, 15.77231],
        [74.2301, 15.7737],
        [74.23056, 15.77411],
        [74.2311, 15.7746],
        [74.23172, 15.77518],
        [74.2326, 15.776],
        [74.23356, 15.77667],
        [74.2339, 15.7769],
        [74.23447, 15.77766],
        [74.2345, 15.7777],
        [74.2347, 15.7789],
        [74.2346, 15.7795],
        [74.2343, 15.7804],
        [74.23381, 15.78131],
        [74.2336, 15.7817],
        [74.2336, 15.78277],
        [74.2336, 15.7838],
        [74.2332, 15.7856],
        [74.23339, 15.78676],
        [74.2334, 15.7868],
        [74.2325, 15.7869],
        [74.23194, 15.78708],
        [74.2309, 15.7874],
        [74.23048, 15.78754],
        [74.23031, 15.78761],
        [74.22951, 15.78775],
        [74.2276, 15.7881],
        [74.2264, 15.7878],
        [74.22639, 15.78779],
        [74.22638, 15.78779],
        [74.22624, 15.78768],
        [74.2256, 15.7872],
        [74.22449, 15.78669],
        [74.2243, 15.7866],
        [74.22151, 15.7859],
        [74.2215, 15.7859],
        [74.2203, 15.7852],
        [74.22021, 15.78515],
        [74.2189, 15.7844],
        [74.217, 15.7842],
        [74.2159, 15.7841],
        [74.21549, 15.78357],
        [74.2145, 15.7823],
        [74.2139, 15.78083],
        [74.2138, 15.7806],
        [74.2132, 15.78],
        [74.21279, 15.78009],
        [74.2123, 15.7802],
        [74.2109, 15.7807],
        [74.2091, 15.7812],
        [74.20909, 15.78116],
        [74.20906, 15.78117],
        [74.20844, 15.78139],
        [74.20748, 15.7818],
        [74.20714, 15.78198],
        [74.20681, 15.78212],
        [74.20622, 15.78246],
        [74.20572, 15.78277],
        [74.20497, 15.78318],
        [74.20458, 15.78339],
        [74.20407, 15.78356],
        [74.20082, 15.78492],
        [74.19945, 15.78549],
        [74.1987, 15.78489],
        [74.19761, 15.78432],
        [74.19621, 15.7836],
        [74.19279, 15.78173],
        [74.19075, 15.78048],
        [74.18931, 15.77948],
        [74.18654, 15.77744],
        [74.18501, 15.7761],
        [74.18407, 15.77554],
        [74.18282, 15.77529],
        [74.18158, 15.77502],
        [74.17543, 15.774],
        [74.17335, 15.77377],
        [74.17313, 15.77394],
        [74.171, 15.77551],
        [74.16785, 15.77779],
        [74.16736, 15.77818],
        [74.16577, 15.77938],
        [74.16309, 15.78096],
        [74.16107, 15.78234],
        [74.16017, 15.78296],
        [74.15623, 15.78557],
        [74.15485, 15.78651],
        [74.15395, 15.78713],
        [74.15385, 15.78731],
        [74.15364, 15.78907],
        [74.15343, 15.79106],
        [74.15319, 15.79398],
        [74.15298, 15.79679],
        [74.15297, 15.79963],
        [74.15335, 15.80187],
        [74.15385, 15.80405],
        [74.15449, 15.80595],
        [74.15514, 15.80833],
        [74.15607, 15.81098],
        [74.15682, 15.81277],
        [74.15767, 15.81451],
        [74.15784, 15.81536],
        [74.1583, 15.81799],
        [74.15872, 15.82049],
        [74.15898, 15.82251],
        [74.15609, 15.8224],
        [74.154, 15.82228],
        [74.1472, 15.82201],
        [74.14402, 15.82182],
        [74.1432, 15.82188],
        [74.14189, 15.823],
        [74.14088, 15.82384],
        [74.14153, 15.82504],
        [74.14267, 15.82712],
        [74.14507, 15.83156],
        [74.14572, 15.83274],
        [74.14437, 15.83207],
        [74.14018, 15.83046],
        [74.13889, 15.83005],
        [74.13653, 15.82928],
        [74.13445, 15.82867],
        [74.13127, 15.82752],
        [74.12865, 15.82645],
        [74.12559, 15.82541],
        [74.12273, 15.82453],
        [74.11905, 15.8238],
        [74.11762, 15.82361],
        [74.11437, 15.82309],
        [74.11252, 15.82284],
        [74.10844, 15.82241],
        [74.10776, 15.82417],
        [74.10668, 15.82661],
        [74.1059, 15.82858],
        [74.10454, 15.83189],
        [74.10384, 15.83344],
        [74.1032, 15.83556],
        [74.10301, 15.83656],
        [74.10303, 15.83741],
        [74.10347, 15.84082],
        [74.10209, 15.84034],
        [74.10101, 15.84003],
        [74.09987, 15.83978],
        [74.09856, 15.83964],
        [74.09737, 15.83962],
        [74.09479, 15.83953],
        [74.09282, 15.8395],
        [74.09023, 15.83945],
        [74.08791, 15.83923],
        [74.08592, 15.83874],
        [74.08395, 15.8381],
        [74.08394, 15.83798],
        [74.0843, 15.83726],
        [74.08345, 15.83707],
        [74.0814, 15.83608],
        [74.07901, 15.83508],
        [74.07776, 15.83448],
        [74.07696, 15.83419],
        [74.07643, 15.8342],
        [74.07588, 15.83437],
        [74.07557, 15.83458],
        [74.07487, 15.83477],
        [74.07446, 15.83476],
        [74.07395, 15.83464],
        [74.07354, 15.8344],
        [74.07312, 15.83393],
        [74.07161, 15.8316],
        [74.07058, 15.83013],
        [74.06829, 15.82811],
        [74.0662, 15.82664],
        [74.06539, 15.82635],
        [74.06636, 15.82458],
        [74.06696, 15.82317],
        [74.06713, 15.8221],
        [74.06713, 15.82161],
        [74.06685, 15.8209],
        [74.0659, 15.81909],
        [74.06563, 15.81837],
        [74.06566, 15.81796],
        [74.06587, 15.81747],
        [74.06679, 15.81575],
        [74.06702, 15.81525],
        [74.06658, 15.81504],
        [74.06396, 15.81369],
        [74.06102, 15.81193],
        [74.05983, 15.81127],
        [74.05816, 15.81015],
        [74.05556, 15.80853],
        [74.05426, 15.80787],
        [74.05285, 15.80748],
        [74.0501, 15.80669],
        [74.04894, 15.80638],
        [74.04933, 15.80551],
        [74.05027, 15.80332],
        [74.0507, 15.80228],
        [74.05145, 15.80038],
        [74.0521, 15.79835],
        [74.05274, 15.79608],
        [74.05337, 15.79427],
        [74.05383, 15.79313],
        [74.05467, 15.79101],
        [74.05568, 15.78831],
        [74.05638, 15.78651],
        [74.05659, 15.78564],
        [74.05628, 15.78539],
        [74.05687, 15.78166],
        [74.05707, 15.78008],
        [74.05745, 15.77732],
        [74.05654, 15.77602],
        [74.05557, 15.77469],
        [74.05721, 15.77336],
        [74.05752, 15.77308],
        [74.05788, 15.77308],
        [74.05944, 15.77343],
        [74.06017, 15.77349],
        [74.06082, 15.77334],
        [74.06263, 15.77286],
        [74.06457, 15.77244],
        [74.06774, 15.77141],
        [74.0717, 15.77015],
        [74.07252, 15.76988],
        [74.0747, 15.76918],
        [74.07556, 15.76874],
        [74.0763, 15.76814],
        [74.07753, 15.76708],
        [74.07791, 15.76673],
        [74.0767, 15.76673],
        [74.07547, 15.76666],
        [74.0738, 15.76649],
        [74.07211, 15.76614],
        [74.07045, 15.76569],
        [74.06847, 15.76442],
        [74.06679, 15.76303],
        [74.06602, 15.76188],
        [74.06545, 15.76099],
        [74.06462, 15.76],
        [74.06403, 15.75972],
        [74.06326, 15.75949],
        [74.06124, 15.75918],
        [74.06014, 15.759],
        [74.05925, 15.75886],
        [74.05614, 15.75854],
        [74.05435, 15.75825],
        [74.05314, 15.75773],
        [74.05241, 15.75705],
        [74.05088, 15.75543],
        [74.04969, 15.7547],
        [74.04902, 15.75449],
        [74.04822, 15.75439],
        [74.04678, 15.75445],
        [74.04536, 15.75463],
        [74.04447, 15.7547],
        [74.04384, 15.75442],
        [74.04304, 15.75349],
        [74.04277, 15.75328],
        [74.04283, 15.7535],
        [74.04296, 15.75543],
        [74.04146, 15.75452],
        [74.03996, 15.75613],
        [74.03905, 15.7572],
        [74.03808, 15.75827],
        [74.03754, 15.7587],
        [74.03696, 15.75889],
        [74.03644, 15.75899],
        [74.0357, 15.75924],
        [74.03417, 15.76023],
        [74.03262, 15.76148],
        [74.02976, 15.76314],
        [74.02841, 15.76394],
        [74.02864, 15.76415],
        [74.03078, 15.76583],
        [74.03218, 15.76685],
        [74.03365, 15.76786],
        [74.03478, 15.76872],
        [74.03551, 15.76902],
        [74.03644, 15.76916],
        [74.03878, 15.76923],
        [74.04097, 15.76936],
        [74.0408, 15.76977],
        [74.0408, 15.77016],
        [74.04135, 15.77124],
        [74.04162, 15.77224],
        [74.04168, 15.77304],
        [74.04143, 15.77397],
        [74.04104, 15.77438],
        [74.0396, 15.77497],
        [74.03858, 15.77528],
        [74.03847, 15.77558],
        [74.0383, 15.77601],
        [74.03826, 15.77607],
        [74.03793, 15.7765],
        [74.03744, 15.77698],
        [74.03706, 15.77744],
        [74.03675, 15.77795],
        [74.03651, 15.77845],
        [74.03633, 15.77874],
        [74.03617, 15.77891],
        [74.03669, 15.78005],
        [74.03693, 15.78044],
        [74.03712, 15.78095],
        [74.03716, 15.78112],
        [74.03722, 15.78148],
        [74.03723, 15.78172],
        [74.03715, 15.78209],
        [74.03706, 15.78235],
        [74.03702, 15.78264],
        [74.03701, 15.78286],
        [74.03706, 15.78306],
        [74.03739, 15.78373],
        [74.0375, 15.784],
        [74.03749, 15.78428],
        [74.03744, 15.78442],
        [74.03717, 15.7847],
        [74.03683, 15.78492],
        [74.03661, 15.78501],
        [74.03622, 15.78513],
        [74.0359, 15.78529],
        [74.03569, 15.78546],
        [74.03559, 15.78559],
        [74.03554, 15.78569],
        [74.03552, 15.78577],
        [74.03552, 15.78592],
        [74.03554, 15.78616],
        [74.03571, 15.78671],
        [74.03571, 15.7873],
        [74.03573, 15.78748],
        [74.03585, 15.78773],
        [74.03598, 15.78782],
        [74.03614, 15.78787],
        [74.03636, 15.78791],
        [74.03684, 15.78796],
        [74.03746, 15.78799],
        [74.03794, 15.78808],
        [74.03861, 15.78828],
        [74.03897, 15.78849],
        [74.03912, 15.78862],
        [74.03934, 15.78889],
        [74.03953, 15.78933],
        [74.03956, 15.78943],
        [74.03965, 15.78969],
        [74.03978, 15.79051],
        [74.0399, 15.79079],
        [74.04021, 15.79114],
        [74.04114, 15.79184],
        [74.04141, 15.79209],
        [74.04147, 15.79218],
        [74.0416, 15.79249],
        [74.04168, 15.79279],
        [74.04185, 15.79298],
        [74.04222, 15.79323],
        [74.0424, 15.79339],
        [74.04254, 15.79365],
        [74.04259, 15.79382],
        [74.04259, 15.79419],
        [74.04256, 15.79431],
        [74.04252, 15.79437],
        [74.04222, 15.79474],
        [74.0417, 15.79532],
        [74.04131, 15.79589],
        [74.0411, 15.79623],
        [74.04099, 15.79654],
        [74.04089, 15.79696],
        [74.04082, 15.7975],
        [74.04074, 15.79774],
        [74.04061, 15.79799],
        [74.04044, 15.7984],
        [74.04042, 15.79852],
        [74.04022, 15.79876],
        [74.03993, 15.79918],
        [74.03965, 15.79945],
        [74.03931, 15.79989],
        [74.03921, 15.80007],
        [74.03912, 15.80026],
        [74.03902, 15.80077],
        [74.03872, 15.80134],
        [74.03812, 15.80202],
        [74.03799, 15.80226],
        [74.03791, 15.80259],
        [74.03788, 15.80295],
        [74.03568, 15.80283],
        [74.03451, 15.8026],
        [74.03462, 15.80446],
        [74.03454, 15.80659],
        [74.0345, 15.80803],
        [74.03427, 15.80914],
        [74.03413, 15.80981],
        [74.03382, 15.81087],
        [74.03352, 15.81195],
        [74.03331, 15.81262],
        [74.03299, 15.81339],
        [74.03267, 15.81412],
        [74.03222, 15.81522],
        [74.03187, 15.81589],
        [74.03141, 15.81688],
        [74.03101, 15.8178],
        [74.03091, 15.81834],
        [74.03088, 15.81886],
        [74.03102, 15.82007],
        [74.03122, 15.82172],
        [74.03138, 15.82363],
        [74.03157, 15.82476],
        [74.03189, 15.82616],
        [74.03229, 15.82713],
        [74.0329, 15.82932],
        [74.03359, 15.8311],
        [74.03401, 15.8328],
        [74.0342, 15.83326],
        [74.03393, 15.8334],
        [74.03287, 15.83385],
        [74.03148, 15.83437],
        [74.03074, 15.83463],
        [74.03034, 15.83481],
        [74.03069, 15.83489],
        [74.03218, 15.83512],
        [74.03335, 15.8353],
        [74.03359, 15.83535],
        [74.03362, 15.83582],
        [74.03348, 15.8363],
        [74.03346, 15.83648],
        [74.03356, 15.83662],
        [74.03393, 15.83672],
        [74.03455, 15.83675],
        [74.03519, 15.83664],
        [74.03561, 15.83683],
        [74.03625, 15.83732],
        [74.03707, 15.83759],
        [74.03898, 15.83812],
        [74.04031, 15.83836],
        [74.04154, 15.83854],
        [74.04249, 15.83851],
        [74.04289, 15.8387],
        [74.04292, 15.83888],
        [74.04297, 15.8399],
        [74.04281, 15.84091],
        [74.04371, 15.84119],
        [74.04498, 15.8414],
        [74.04597, 15.84171],
        [74.0464, 15.8421],
        [74.04714, 15.84274],
        [74.0485, 15.8438],
        [74.05004, 15.84512],
        [74.05089, 15.84587],
        [74.05233, 15.8471],
        [74.05363, 15.84835],
        [74.05443, 15.84905],
        [74.05528, 15.84969],
        [74.05642, 15.85067],
        [74.05757, 15.8516],
        [74.05988, 15.85325],
        [74.061, 15.8544],
        [74.06146, 15.85439],
        [74.06206, 15.85441],
        [74.06236, 15.85445],
        [74.06265, 15.85451],
        [74.06286, 15.85461],
        [74.06326, 15.8549],
        [74.06368, 15.85524],
        [74.06398, 15.85557],
        [74.06413, 15.85571],
        [74.0645, 15.85621],
        [74.06474, 15.85649],
        [74.06511, 15.85693],
        [74.06566, 15.85748],
        [74.06587, 15.85761],
        [74.06615, 15.85782],
        [74.06636, 15.85802],
        [74.06665, 15.85834],
        [74.06691, 15.85886],
        [74.06709, 15.85913],
        [74.06721, 15.85924],
        [74.06746, 15.8594],
        [74.06765, 15.85947],
        [74.06777, 15.8596],
        [74.06793, 15.85985],
        [74.06803, 15.85995],
        [74.06822, 15.86003],
        [74.0684, 15.86005],
        [74.06889, 15.85994],
        [74.06906, 15.85988],
        [74.06952, 15.85977],
        [74.06981, 15.85979],
        [74.07017, 15.8599],
        [74.07024, 15.85998],
        [74.07083, 15.86045],
        [74.07114, 15.86062],
        [74.07137, 15.86069],
        [74.07167, 15.86074],
        [74.07194, 15.86089],
        [74.0722, 15.86101],
        [74.07254, 15.86112],
        [74.07303, 15.86115],
        [74.07321, 15.86122],
        [74.07341, 15.86137],
        [74.07385, 15.86177],
        [74.07416, 15.862],
        [74.0744, 15.86214],
        [74.07486, 15.86234],
        [74.07552, 15.86252],
        [74.07617, 15.86273],
        [74.0764, 15.86282],
        [74.07663, 15.86289],
        [74.07692, 15.86306],
        [74.07726, 15.86334],
        [74.07962, 15.86505],
        [74.07968, 15.86513],
        [74.07981, 15.86542],
        [74.08024, 15.86581],
        [74.08089, 15.8663],
        [74.0812, 15.86649],
        [74.08149, 15.86674],
        [74.08182, 15.86717],
        [74.08233, 15.86779],
        [74.0827, 15.8683],
        [74.08309, 15.8686],
        [74.08355, 15.86881],
        [74.0841, 15.86859],
        [74.08481, 15.8684],
        [74.08501, 15.8683],
        [74.0855, 15.86809],
        [74.08593, 15.86796],
        [74.08621, 15.86809],
        [74.08653, 15.86836],
        [74.08699, 15.86876],
        [74.08735, 15.86907],
        [74.08789, 15.86916],
        [74.08851, 15.86921],
        [74.08895, 15.86931],
        [74.08933, 15.86948],
        [74.08974, 15.86987],
        [74.08976, 15.87002],
        [74.08999, 15.8705],
        [74.09015, 15.87073],
        [74.09029, 15.87088],
        [74.09061, 15.87113],
        [74.09091, 15.87127],
        [74.09105, 15.8713],
        [74.09165, 15.87131],
        [74.09208, 15.87127],
        [74.09219, 15.87128],
        [74.09258, 15.87137],
        [74.09301, 15.87162],
        [74.09334, 15.8719],
        [74.0934, 15.87198],
        [74.09347, 15.87202],
        [74.09349, 15.87208],
        [74.09374, 15.87238],
        [74.09411, 15.87294],
        [74.09342, 15.87326],
        [74.0931, 15.87332],
        [74.09281, 15.87332],
        [74.09243, 15.87328],
        [74.09209, 15.87319],
        [74.09101, 15.87297],
        [74.0908, 15.87297],
        [74.09062, 15.87293],
        [74.09039, 15.8729],
        [74.08973, 15.87288],
        [74.08938, 15.87293],
        [74.08827, 15.87334],
        [74.08829, 15.87376],
        [74.08847, 15.87518],
        [74.08878, 15.87724],
        [74.08909, 15.87867],
        [74.08953, 15.88026],
        [74.0901, 15.88253],
        [74.09034, 15.88331],
        [74.0907, 15.88434],
        [74.09129, 15.88612],
        [74.09186, 15.88729],
        [74.09221, 15.88807],
        [74.09262, 15.88871],
        [74.09328, 15.88969],
        [74.09338, 15.88999],
        [74.09336, 15.89031],
        [74.09324, 15.89107],
        [74.09277, 15.89288],
        [74.09231, 15.89449],
        [74.09175, 15.8965],
        [74.09157, 15.89764],
        [74.0934, 15.89823],
        [74.09464, 15.89859],
        [74.0943, 15.89905],
        [74.09339, 15.90004],
        [74.09293, 15.90052],
        [74.09244, 15.9011],
        [74.09196, 15.90162],
        [74.09146, 15.9021],
        [74.09115, 15.90236],
        [74.09074, 15.90271],
        [74.09042, 15.9029],
        [74.09036, 15.90295],
        [74.09025, 15.90303],
        [74.09011, 15.90315],
        [74.0899, 15.90341],
        [74.08976, 15.90372],
        [74.08976, 15.90409],
        [74.08982, 15.90438],
        [74.08984, 15.90456],
        [74.08995, 15.90516],
        [74.08996, 15.90539],
        [74.08995, 15.90559],
        [74.0899, 15.90575],
        [74.08979, 15.90605],
        [74.08948, 15.90673],
        [74.08935, 15.90702],
        [74.08931, 15.9072],
        [74.08927, 15.90784],
        [74.0893, 15.90858],
        [74.08931, 15.90895],
        [74.08925, 15.90932],
        [74.08921, 15.90945],
        [74.08914, 15.90975],
        [74.08871, 15.9109],
        [74.08847, 15.91144],
        [74.08796, 15.91239],
        [74.08709, 15.91414],
        [74.08572, 15.91661],
        [74.08513, 15.91784],
        [74.08478, 15.91876],
        [74.08432, 15.91996],
        [74.08418, 15.92063],
        [74.08406, 15.9217],
        [74.08396, 15.92271],
        [74.08365, 15.92642],
        [74.08347, 15.92844],
        [74.08324, 15.92983],
        [74.08279, 15.93094],
        [74.082, 15.93272],
        [74.08078, 15.93426],
        [74.08017, 15.93516],
        [74.07999, 15.93527],
        [74.07984, 15.93538],
        [74.07977, 15.93541],
        [74.0793, 15.93573],
        [74.07901, 15.936],
        [74.07868, 15.93635],
        [74.07858, 15.93641],
        [74.078, 15.9369],
        [74.0779, 15.93702],
        [74.07777, 15.93728],
        [74.07772, 15.93747],
        [74.07766, 15.9376],
        [74.07753, 15.93798],
        [74.07727, 15.9386],
        [74.07708, 15.93895],
        [74.07699, 15.93914],
        [74.0767, 15.93954],
        [74.07657, 15.93966],
        [74.07633, 15.93993],
        [74.07622, 15.94003],
        [74.07613, 15.94016],
        [74.07602, 15.94027],
        [74.07557, 15.94102],
        [74.0753, 15.94153],
        [74.07518, 15.94178],
        [74.07508, 15.94218],
        [74.07498, 15.94243],
        [74.07494, 15.94261],
        [74.07472, 15.94336],
        [74.07461, 15.94377],
        [74.07448, 15.94408],
        [74.07411, 15.94485],
        [74.07398, 15.94538],
        [74.07373, 15.94594],
        [74.07356, 15.94613],
        [74.07342, 15.9464],
        [74.07339, 15.94657],
        [74.07343, 15.9471],
        [74.07349, 15.94762],
        [74.07361, 15.94845],
        [74.07365, 15.94863],
        [74.07348, 15.94866],
        [74.07286, 15.9487],
        [74.07245, 15.94868],
        [74.07206, 15.94863],
        [74.07161, 15.94842],
        [74.07108, 15.94813],
        [74.0707, 15.94783],
        [74.0704, 15.94745],
        [74.06988, 15.94677],
        [74.06915, 15.94507],
        [74.06898, 15.94478],
        [74.06876, 15.94451],
        [74.0683, 15.94427],
        [74.06812, 15.94418],
        [74.06767, 15.94403],
        [74.06715, 15.94389],
        [74.06678, 15.9438],
        [74.06638, 15.94363],
        [74.06589, 15.94333],
        [74.06516, 15.94284],
        [74.06449, 15.94242],
        [74.06388, 15.94221],
        [74.06332, 15.94211],
        [74.06327, 15.94233],
        [74.0632, 15.94262],
        [74.06308, 15.94287],
        [74.06288, 15.94313],
        [74.06262, 15.94335],
        [74.06208, 15.94379],
        [74.06192, 15.94391],
        [74.06164, 15.94403],
        [74.06145, 15.94409],
        [74.06109, 15.94411],
        [74.0609, 15.94411],
        [74.06033, 15.94411],
        [74.06003, 15.94414],
        [74.05979, 15.94423],
        [74.05951, 15.94442],
        [74.05921, 15.94478],
        [74.05893, 15.94517],
        [74.0587, 15.94545],
        [74.05828, 15.94581],
        [74.05803, 15.9461],
        [74.05784, 15.94637],
        [74.05767, 15.94662],
        [74.05754, 15.94687],
        [74.0574, 15.94706],
        [74.05713, 15.94734],
        [74.05685, 15.94755],
        [74.05663, 15.94771],
        [74.05651, 15.94781],
        [74.05601, 15.94797],
        [74.05325, 15.94889],
        [74.05167, 15.94941],
        [74.05005, 15.94995],
        [74.04978, 15.95007],
        [74.04971, 15.95017],
        [74.04967, 15.95044],
        [74.0495, 15.9513],
        [74.04938, 15.95217],
        [74.04899, 15.95329],
        [74.04858, 15.95405],
        [74.04784, 15.95474],
        [74.04641, 15.95604],
        [74.0455, 15.9569],
        [74.04648, 15.95829],
        [74.04712, 15.95932],
        [74.04818, 15.9608],
        [74.04872, 15.96133],
        [74.04922, 15.96164],
        [74.04972, 15.96185],
        [74.0504, 15.9621],
        [74.05124, 15.96236],
        [74.05232, 15.96273],
        [74.05321, 15.96305],
        [74.05396, 15.96353],
        [74.05437, 15.96392],
        [74.05498, 15.96485],
        [74.05567, 15.966],
        [74.05608, 15.9667],
        [74.05638, 15.96739],
        [74.05671, 15.96847],
        [74.0572, 15.9701],
        [74.05787, 15.97207],
        [74.05643, 15.97237],
        [74.05553, 15.97256],
        [74.05576, 15.97321],
        [74.05599, 15.97375],
        [74.05627, 15.9742],
        [74.05665, 15.97483],
        [74.05693, 15.97514],
        [74.05743, 15.9757],
        [74.05796, 15.97635],
        [74.05902, 15.97752],
        [74.05985, 15.97847],
        [74.06053, 15.97942],
        [74.06181, 15.98149],
        [74.06244, 15.98243],
        [74.06301, 15.98335],
        [74.06403, 15.98473],
        [74.06519, 15.98612],
        [74.06622, 15.9873],
        [74.06752, 15.9886],
        [74.0689, 15.98996],
        [74.06993, 15.99102],
        [74.07045, 15.9914],
        [74.07094, 15.99175],
        [74.07184, 15.99232],
        [74.07255, 15.99286],
        [74.07327, 15.9934],
        [74.07411, 15.99402],
        [74.07464, 15.99448],
        [74.07561, 15.99543],
        [74.07617, 15.99608],
        [74.07707, 15.99723],
        [74.0779, 15.99856],
        [74.07838, 15.99961],
        [74.07908, 16.00055],
        [74.07959, 16.00121],
        [74.07989, 16.00133],
        [74.08063, 16.00158],
        [74.0827, 16.00245],
        [74.08443, 16.00376],
        [74.08602, 16.00449],
        [74.08648, 16.00463],
        [74.08679, 16.00465],
        [74.08713, 16.00465],
        [74.08757, 16.00454],
        [74.0878, 16.00449],
        [74.08802, 16.00445],
        [74.08829, 16.00445],
        [74.08857, 16.00454],
        [74.08887, 16.00467],
        [74.08907, 16.00478],
        [74.08931, 16.00492],
        [74.08955, 16.00516],
        [74.09049, 16.00703],
        [74.09069, 16.00732],
        [74.09082, 16.00745],
        [74.09116, 16.00746],
        [74.10096, 16.0078],
        [74.10517, 16.01013],
        [74.10575, 16.01483],
        [74.10714, 16.01882],
        [74.10827, 16.02207],
        [74.11079, 16.02604],
        [74.11536, 16.02907],
        [74.12142, 16.02956],
        [74.1252, 16.03112],
        [74.12816, 16.03115],
        [74.13463, 16.03325],
        [74.13533, 16.03348],
        [74.13821, 16.0299],
        [74.1431, 16.02813],
        [74.1525, 16.02719],
        [74.15613, 16.03273],
        [74.16148, 16.03326],
        [74.16706, 16.0309],
        [74.1679, 16.03103],
        [74.17551, 16.0322],
        [74.17556, 16.03219],
        [74.1799, 16.03114],
        [74.17997, 16.03699],
        [74.18781, 16.04126],
        [74.19257, 16.04494],
        [74.19289, 16.04563],
        [74.19376, 16.04612],
        [74.19596, 16.04866],
        [74.19997, 16.055],
        [74.20033, 16.05709],
        [74.20095, 16.05847],
        [74.20203, 16.06371],
        [74.19817, 16.06337],
        [74.19666, 16.06344],
        [74.19399, 16.06368],
        [74.19195, 16.06385],
        [74.1917, 16.06457],
        [74.18863, 16.06756],
        [74.18801, 16.0683],
        [74.1865, 16.06838],
        [74.18318, 16.06695],
        [74.18056, 16.06858],
        [74.1806, 16.06939],
        [74.18108, 16.0699],
        [74.18103, 16.07061],
        [74.18233, 16.07338],
        [74.18304, 16.07991],
        [74.17882, 16.07962],
        [74.17839, 16.08409],
        [74.17813, 16.08464],
        [74.17772, 16.08912],
        [74.17837, 16.0905],
        [74.17632, 16.09419],
        [74.17544, 16.09443],
        [74.17312, 16.0976],
        [74.17319, 16.10056],
        [74.17258, 16.10121],
        [74.17205, 16.10125],
        [74.17254, 16.10193],
        [74.17499, 16.10303],
        [74.17724, 16.10324],
        [74.1791, 16.1042],
        [74.18128, 16.10406],
        [74.18336, 16.10339],
        [74.18452, 16.10367],
        [74.18756, 16.10508],
        [74.18868, 16.10519],
        [74.19125, 16.10602],
        [74.19509, 16.10406],
        [74.19677, 16.10023],
        [74.19883, 16.09939],
        [74.20056, 16.09952],
        [74.20145, 16.09958],
        [74.20192, 16.10114],
        [74.2057, 16.1048],
        [74.20583, 16.10478],
        [74.20451, 16.10947],
        [74.20461, 16.10946],
        [74.20466, 16.10929],
        [74.20598, 16.10849],
        [74.20806, 16.10782],
        [74.20906, 16.10723],
        [74.21231, 16.10913],
        [74.21456, 16.11163],
        [74.21791, 16.11374],
        [74.22085, 16.1156],
        [74.22228, 16.11656],
        [74.22271, 16.11811],
        [74.22231, 16.11902],
        [74.22272, 16.1196],
        [74.22276, 16.11952],
        [74.22509, 16.1183],
        [74.22953, 16.12152],
        [74.22961, 16.12413],
        [74.22932, 16.12573],
        [74.22925, 16.12674],
        [74.23077, 16.1269],
        [74.23148, 16.12698],
        [74.23605, 16.1312],
        [74.23578, 16.13174],
        [74.23601, 16.13278],
        [74.24097, 16.1326],
        [74.24239, 16.13021],
        [74.24491, 16.12965],
        [74.25519, 16.12797],
        [74.25497, 16.13185],
        [74.25421, 16.13678],
        [74.25873, 16.13625],
        [74.25938, 16.13585],
        [74.261, 16.13468],
        [74.26127, 16.13476],
        [74.26321, 16.13538],
        [74.26391, 16.13532],
        [74.26177, 16.14366],
        [74.26134, 16.14578],
        [74.26089, 16.14912],
        [74.26126, 16.15066],
        [74.262, 16.15786],
        [74.26411, 16.15824],
        [74.26483, 16.15853],
        [74.26947, 16.15846],
        [74.27162, 16.15969],
        [74.27675, 16.16263],
        [74.2801, 16.16252],
        [74.2808, 16.1625],
        [74.2812, 16.16252],
        [74.28282, 16.16257],
        [74.28348, 16.16204],
        [74.28633, 16.15976],
        [74.28847, 16.15943],
        [74.28921, 16.15975],
        [74.28989, 16.16006],
        [74.29006, 16.16026],
        [74.29155, 16.16201],
        [74.2916, 16.16769],
        [74.29162, 16.16774],
        [74.2923, 16.16889],
        [74.29379, 16.17143],
        [74.29413, 16.17169],
        [74.29451, 16.17198],
        [74.29515, 16.17247],
        [74.29665, 16.17361],
        [74.29789, 16.17384],
        [74.30021, 16.17426],
        [74.30099, 16.17403],
        [74.30198, 16.17375],
        [74.30412, 16.17312],
        [74.30698, 16.17111],
        [74.30883, 16.16903],
        [74.31305, 16.16425],
        [74.31469, 16.16465],
        [74.31874, 16.16564],
        [74.32618, 16.16474],
        [74.33039, 16.16239],
        [74.33045, 16.16298],
        [74.32918, 16.16657],
        [74.3295, 16.1714],
        [74.32958, 16.17266],
        [74.33071, 16.17694],
        [74.33589, 16.17831],
        [74.33773, 16.1788],
        [74.34038, 16.18206],
        [74.34084, 16.1869],
        [74.3408, 16.18751],
        [74.34037, 16.19322],
        [74.3404, 16.1935],
        [74.34092, 16.19893],
        [74.34103, 16.19914],
        [74.34359, 16.20427],
        [74.34691, 16.2071],
        [74.3508, 16.20837],
        [74.35229, 16.20886],
        [74.35436, 16.20988],
        [74.357, 16.21311],
        [74.35854, 16.21991],
        [74.36005, 16.22254],
        [74.3679, 16.22593],
        [74.36943, 16.22704],
        [74.3704, 16.22776],
        [74.37446, 16.2339],
        [74.37458, 16.23408],
        [74.37777, 16.2355],
        [74.37902, 16.23743],
        [74.37765, 16.2419],
        [74.37536, 16.24612],
        [74.37551, 16.24918],
        [74.37556, 16.25008],
        [74.37264, 16.24953],
        [74.36968, 16.24846],
        [74.36785, 16.24813],
        [74.36694, 16.2517],
        [74.36631, 16.25264],
        [74.36469, 16.25247],
        [74.36308, 16.25438],
        [74.36195, 16.25572],
        [74.35836, 16.25559],
        [74.35601, 16.25724],
        [74.3586, 16.25992],
        [74.35865, 16.26235],
        [74.35794, 16.26303],
        [74.35701, 16.26393],
        [74.35605, 16.26508],
        [74.35532, 16.27057],
        [74.35378, 16.27319],
        [74.35354, 16.27811],
        [74.35178, 16.27945],
        [74.35194, 16.27986],
        [74.35248, 16.28058],
        [74.35249, 16.28058],
        [74.35249, 16.28059],
        [74.3525, 16.2806],
        [74.353, 16.2807],
        [74.3535, 16.2812],
        [74.3537, 16.2817],
        [74.3538, 16.2826],
        [74.35388, 16.2829],
        [74.354, 16.2833],
        [74.354, 16.2839],
        [74.35398, 16.28393],
        [74.35398, 16.28394],
        [74.3532, 16.285],
        [74.3521, 16.2856],
        [74.3512, 16.2858],
        [74.3507, 16.28612],
        [74.3501, 16.2865],
        [74.3491, 16.2868],
        [74.34844, 16.28695],
        [74.34816, 16.28703],
        [74.34794, 16.28715],
        [74.3463, 16.2881],
        [74.346, 16.28825],
        [74.3457, 16.2884],
        [74.3451, 16.2888],
        [74.3443, 16.289],
        [74.34412, 16.2892],
        [74.3435, 16.2899],
        [74.3446, 16.2908],
        [74.345, 16.2915],
        [74.3458, 16.2928],
        [74.3461, 16.2932],
        [74.3465, 16.294],
        [74.3472, 16.2938],
        [74.3479, 16.293],
        [74.3488, 16.2928],
        [74.3498, 16.2925],
        [74.35088, 16.29223],
        [74.35099, 16.2922],
        [74.35107, 16.29219],
        [74.3522, 16.292],
        [74.3526, 16.2923],
        [74.35287, 16.29266],
        [74.3529, 16.2927],
        [74.3532, 16.2928],
        [74.3539, 16.2926],
        [74.3539, 16.2926],
        [74.3545, 16.2926],
        [74.3555, 16.2924],
        [74.3566, 16.2924],
        [74.35672, 16.29228],
        [74.35678, 16.29219],
        [74.35675, 16.29197],
        [74.3567, 16.2917],
        [74.35672, 16.29169],
        [74.35672, 16.29168],
        [74.35697, 16.29159],
        [74.35725, 16.29155],
        [74.3575, 16.2915],
        [74.3581, 16.2912],
        [74.3592, 16.2914],
        [74.35988, 16.29144],
        [74.3611, 16.2915],
        [74.36127, 16.29167],
        [74.3615, 16.2919],
        [74.36154, 16.29194],
        [74.36162, 16.292],
        [74.36218, 16.29239],
        [74.3625, 16.2926],
        [74.36289, 16.29287],
        [74.3638, 16.2935],
        [74.36423, 16.29356],
        [74.3645, 16.2936],
        [74.3652, 16.2934],
        [74.36535, 16.29337],
        [74.3658, 16.2933],
        [74.368, 16.2929],
        [74.3691, 16.2924],
        [74.3694, 16.2924],
        [74.36955, 16.2926],
        [74.3697, 16.2928],
        [74.3699, 16.2932],
        [74.3707, 16.2944],
        [74.3713, 16.2953],
        [74.37149, 16.29574],
        [74.37162, 16.29601],
        [74.37171, 16.29603],
        [74.3726, 16.2963],
        [74.3733, 16.2967],
        [74.37421, 16.29628],
        [74.3744, 16.2962],
        [74.3756, 16.2953],
        [74.3763, 16.2945],
        [74.37651, 16.29421],
        [74.3768, 16.2938],
        [74.3771, 16.29369],
        [74.3776, 16.2935],
        [74.3783, 16.2935],
        [74.37856, 16.2935],
        [74.37875, 16.29334],
        [74.37876, 16.29334],
        [74.3788, 16.2933],
        [74.3797, 16.2932],
        [74.38059, 16.2932],
        [74.38064, 16.29316],
        [74.3808, 16.293],
        [74.38118, 16.29224],
        [74.3812, 16.2922],
        [74.3813, 16.29141],
        [74.3813, 16.2914],
        [74.38239, 16.29149],
        [74.3838, 16.2916],
        [74.3846, 16.2917],
        [74.3846, 16.29167],
        [74.3848, 16.29002],
        [74.38475, 16.28973],
        [74.3845, 16.2883],
        [74.3851, 16.2868],
        [74.3851, 16.2856],
        [74.38501, 16.28407],
        [74.385, 16.28395],
        [74.385, 16.28393],
        [74.385, 16.2839],
        [74.38503, 16.28364],
        [74.3852, 16.2819],
        [74.38506, 16.28148],
        [74.3849, 16.281],
        [74.3851, 16.2789],
        [74.38526, 16.27779],
        [74.3855, 16.27623],
        [74.3855, 16.2762],
        [74.3865, 16.2768],
        [74.38678, 16.27699],
        [74.3874, 16.2774],
        [74.38829, 16.27747],
        [74.3887, 16.2775],
        [74.38949, 16.27787],
        [74.3902, 16.2782],
        [74.3916, 16.2787],
        [74.39262, 16.27904],
        [74.3937, 16.2794],
        [74.39515, 16.27963],
        [74.3962, 16.2798],
        [74.3983, 16.2805],
        [74.3991, 16.28056],
        [74.3996, 16.2806],
        [74.40066, 16.28121],
        [74.4015, 16.2817],
        [74.40283, 16.28192],
        [74.4039, 16.2821],
        [74.4044, 16.2816],
        [74.40504, 16.28167],
        [74.4062, 16.2818],
        [74.4078, 16.2825],
        [74.40896, 16.28292],
        [74.4103, 16.2834],
        [74.4117, 16.2835],
        [74.41243, 16.28314],
        [74.4131, 16.2828],
        [74.41386, 16.28227],
        [74.4144, 16.2819],
        [74.41522, 16.28172],
        [74.4153, 16.2817],
        [74.4156, 16.2808],
        [74.416, 16.28],
        [74.4162, 16.2788],
        [74.4162, 16.27842],
        [74.4162, 16.2776],
        [74.41615, 16.27656],
        [74.4161, 16.2757],
        [74.4163, 16.274],
        [74.4161, 16.2723],
        [74.41633, 16.27146],
        [74.4164, 16.2712],
        [74.41622, 16.26936],
        [74.4162, 16.2691],
        [74.4162, 16.267],
        [74.4162, 16.2653],
        [74.41625, 16.26451],
        [74.4163, 16.2637],
        [74.4169, 16.2612],
        [74.41719, 16.25842],
        [74.4172, 16.2583],
        [74.4292, 16.257],
        [74.4296, 16.2569],
        [74.42988, 16.25701],
        [74.4306, 16.2573],
        [74.43203, 16.25714],
        [74.4333, 16.257],
        [74.43466, 16.25705],
        [74.4361, 16.2571],
        [74.4363, 16.2558],
        [74.4362, 16.2552],
        [74.4365, 16.2537],
        [74.43658, 16.25347],
        [74.4367, 16.2531],
        [74.4368, 16.2524],
        [74.4368, 16.25175],
        [74.4368, 16.2513],
        [74.43683, 16.25131],
        [74.438, 16.2517],
        [74.43877, 16.25161],
        [74.4405, 16.2514],
        [74.44095, 16.25149],
        [74.44102, 16.2515],
        [74.44106, 16.2515],
        [74.44112, 16.25149],
        [74.4423, 16.2514],
        [74.4437, 16.2512],
        [74.4454, 16.2515],
        [74.44557, 16.2515],
        [74.4458, 16.2515],
        [74.44669, 16.25155],
        [74.4476, 16.2516],
        [74.44854, 16.25152],
        [74.4488, 16.2515],
        [74.4507, 16.2514],
        [74.45101, 16.2514],
        [74.4517, 16.2514],
        [74.45336, 16.25158],
        [74.45347, 16.2516],
        [74.45347, 16.2516],
        [74.4535, 16.2516],
        [74.45411, 16.24987],
        [74.4542, 16.2496],
        [74.45454, 16.24955],
        [74.4549, 16.2495],
        [74.45518, 16.2477],
        [74.4553, 16.2469],
        [74.4555, 16.24636],
        [74.4556, 16.2461],
        [74.4562, 16.2444],
        [74.45618, 16.24437],
        [74.4557, 16.2437],
        [74.45572, 16.24368],
        [74.45571, 16.24367],
        [74.45578, 16.24362],
        [74.456, 16.2434],
        [74.45625, 16.24334],
        [74.4564, 16.2433],
        [74.457, 16.2429],
        [74.4588, 16.2426],
        [74.4593, 16.2424],
        [74.46019, 16.24208],
        [74.4604, 16.242],
        [74.46089, 16.24163],
        [74.46116, 16.24142],
        [74.46118, 16.24142],
        [74.4612, 16.2414],
        [74.46156, 16.24137],
        [74.4626, 16.2413],
        [74.46305, 16.2411],
        [74.4635, 16.2409],
        [74.4647, 16.241],
        [74.4655, 16.2405],
        [74.46555, 16.2405],
        [74.4666, 16.2405],
        [74.46752, 16.24029],
        [74.4679, 16.2402],
        [74.4684, 16.2405],
        [74.46893, 16.24103],
        [74.4691, 16.24118],
        [74.46935, 16.24134],
        [74.47, 16.2417],
        [74.47025, 16.242],
        [74.4705, 16.2423],
        [74.4711, 16.243],
        [74.4727, 16.2443],
        [74.47298, 16.2449],
        [74.4733, 16.2456],
        [74.47362, 16.24625],
        [74.4739, 16.2468],
        [74.4744, 16.2478],
        [74.47492, 16.24837],
        [74.4755, 16.249],
        [74.47647, 16.24971],
        [74.477, 16.2501],
        [74.47744, 16.24991],
        [74.4777, 16.2498],
        [74.4784, 16.2496],
        [74.479, 16.2494],
        [74.4793, 16.249],
        [74.4804, 16.2472],
        [74.4811, 16.246],
        [74.4814, 16.2455],
        [74.4817, 16.2448],
        [74.4826, 16.2438],
        [74.48286, 16.24363],
        [74.4834, 16.24328],
        [74.48356, 16.24314],
        [74.484, 16.2427],
        [74.4847, 16.2424],
        [74.48494, 16.24211],
        [74.4861, 16.2407],
        [74.4874, 16.239],
        [74.48777, 16.23833],
        [74.4879, 16.2381],
        [74.48794, 16.23803],
        [74.4882, 16.2376],
        [74.4888, 16.236],
        [74.49015, 16.2349],
        [74.4904, 16.2347],
        [74.4913, 16.23465],
        [74.4923, 16.2346],
        [74.49262, 16.23471],
        [74.4932, 16.2349],
        [74.49398, 16.23526],
        [74.49431, 16.23539],
        [74.4962, 16.234],
        [74.4966, 16.2335],
        [74.4969, 16.2331],
        [74.4978, 16.232],
        [74.49782, 16.23199],
        [74.49784, 16.23196],
        [74.4984, 16.2316],
        [74.49853, 16.23144],
        [74.49875, 16.2312],
        [74.499, 16.2309],
        [74.4993, 16.2306],
        [74.5002, 16.23],
        [74.50087, 16.22906],
        [74.5017, 16.22791],
        [74.5017, 16.2279],
        [74.5028, 16.2255],
        [74.50331, 16.22431],
        [74.5034, 16.2241],
        [74.5032, 16.2233],
        [74.5018, 16.22185],
        [74.5004, 16.2204],
        [74.5001, 16.2202],
        [74.4995, 16.2199],
        [74.4991, 16.2192],
        [74.49865, 16.21869],
        [74.4983, 16.2183],
        [74.4981, 16.218],
        [74.4962, 16.2159],
        [74.4962, 16.2159],
        [74.4968, 16.2135],
        [74.4978, 16.2112],
        [74.4984, 16.2104],
        [74.4987, 16.20995],
        [74.4988, 16.2098],
        [74.49886, 16.20973],
        [74.4993, 16.2092],
        [74.5006, 16.2077],
        [74.5008, 16.2067],
        [74.50092, 16.20638],
        [74.5011, 16.2059],
        [74.50136, 16.20564],
        [74.5017, 16.2053],
        [74.50267, 16.20512],
        [74.5038, 16.2049],
        [74.5043, 16.205],
        [74.50475, 16.20491],
        [74.5048, 16.2049],
        [74.505, 16.2047],
        [74.5051, 16.2044],
        [74.5059, 16.20312],
        [74.5061, 16.2028],
        [74.50611, 16.2028],
        [74.50696, 16.2028],
        [74.50759, 16.2028],
        [74.5076, 16.2028],
        [74.5078, 16.2024],
        [74.50777, 16.20237],
        [74.50754, 16.20214],
        [74.5069, 16.2015],
        [74.50643, 16.20075],
        [74.5064, 16.2007],
        [74.5064, 16.20056],
        [74.5064, 16.2001],
        [74.50634, 16.19966],
        [74.5063, 16.1993],
        [74.50672, 16.19888],
        [74.5071, 16.19847],
        [74.50712, 16.19841],
        [74.5072, 16.198],
        [74.50711, 16.19687],
        [74.5071, 16.1967],
        [74.5068, 16.1953],
        [74.5068, 16.195],
        [74.50693, 16.1948],
        [74.5072, 16.19441],
        [74.5072, 16.1944],
        [74.5066, 16.1926],
        [74.5066, 16.1906],
        [74.50659, 16.1906],
        [74.5058, 16.1903],
        [74.50571, 16.19025],
        [74.5051, 16.1899],
        [74.50491, 16.18971],
        [74.5048, 16.1896],
        [74.50485, 16.18942],
        [74.5049, 16.1892],
        [74.5037, 16.1883],
        [74.503, 16.1882],
        [74.5019, 16.1883],
        [74.5009, 16.1883],
        [74.4995, 16.18824],
        [74.4987, 16.1882],
        [74.4978, 16.1883],
        [74.49712, 16.18822],
        [74.49687, 16.18821],
        [74.49637, 16.1882],
        [74.4959, 16.1882],
        [74.49549, 16.18803],
        [74.49544, 16.18802],
        [74.49493, 16.18783],
        [74.49455, 16.18768],
        [74.4934, 16.1873],
        [74.4931, 16.18712],
        [74.4929, 16.18704],
        [74.4928, 16.1868],
        [74.4926, 16.1864],
        [74.49255, 16.18599],
        [74.4925, 16.1856],
        [74.492, 16.1848],
        [74.4916, 16.1838],
        [74.4913, 16.1828],
        [74.49115, 16.18255],
        [74.4907, 16.1818],
        [74.4903, 16.1804],
        [74.48995, 16.18017],
        [74.4897, 16.18],
        [74.4889, 16.1778],
        [74.4887, 16.1773],
        [74.4884, 16.1768],
        [74.4885, 16.17496],
        [74.4885, 16.1749],
        [74.4886, 16.1746],
        [74.4887, 16.17429],
        [74.4887, 16.173],
        [74.4887, 16.17262],
        [74.4887, 16.1725],
        [74.4888, 16.1715],
        [74.4887, 16.1707],
        [74.48879, 16.16983],
        [74.4888, 16.16966],
        [74.4888, 16.1689],
        [74.48885, 16.16865],
        [74.4889, 16.1684],
        [74.48895, 16.16817],
        [74.48898, 16.16787],
        [74.48892, 16.16743],
        [74.4888, 16.1667],
        [74.4888, 16.1652],
        [74.4888, 16.1635],
        [74.4888, 16.1627],
        [74.4886, 16.1613],
        [74.4885, 16.1605],
        [74.4879, 16.1578],
        [74.48786, 16.15769],
        [74.4878, 16.1575],
        [74.48775, 16.15713],
        [74.4877, 16.1568],
        [74.48759, 16.15646],
        [74.4875, 16.1562],
        [74.4872, 16.1557],
        [74.487, 16.1555],
        [74.48694, 16.15546],
        [74.4863, 16.155],
        [74.48624, 16.15491],
        [74.48607, 16.15472],
        [74.48585, 16.15451],
        [74.4857, 16.1544],
        [74.4853, 16.1538],
        [74.48521, 16.15371],
        [74.4845, 16.153],
        [74.4836, 16.1521],
        [74.4822, 16.1508],
        [74.4818, 16.1504],
        [74.4812, 16.1499],
        [74.48084, 16.14939],
        [74.4808, 16.14935],
        [74.48071, 16.14922],
        [74.4807, 16.1492],
        [74.4799, 16.1486],
        [74.4795, 16.1484],
        [74.4793, 16.1478],
        [74.4793, 16.14768],
        [74.4793, 16.1475],
        [74.47951, 16.14686],
        [74.4797, 16.1463],
        [74.47913, 16.14582],
        [74.4791, 16.1458],
        [74.4795, 16.1455],
        [74.48007, 16.14531],
        [74.4801, 16.1453],
        [74.48017, 16.14528],
        [74.48037, 16.14521],
        [74.4804, 16.1452],
        [74.4811, 16.1445],
        [74.4812, 16.1444],
        [74.4815, 16.1441],
        [74.4821, 16.14427],
        [74.48217, 16.14429],
        [74.48218, 16.14429],
        [74.4822, 16.1443],
        [74.48224, 16.14432],
        [74.4825, 16.1445],
        [74.48287, 16.14462],
        [74.4831, 16.1447],
        [74.4833, 16.14467],
        [74.4837, 16.1446],
        [74.4841, 16.144],
        [74.4846, 16.1426],
        [74.4845, 16.142],
        [74.4846, 16.1406],
        [74.48458, 16.14053],
        [74.4845, 16.1403],
        [74.48445, 16.13993],
        [74.4844, 16.1395],
        [74.4842, 16.1385],
        [74.484, 16.1377],
        [74.484, 16.13722],
        [74.484, 16.1372],
        [74.4844, 16.1362],
        [74.48457, 16.13597],
        [74.48466, 16.13584],
        [74.48488, 16.13553],
        [74.4849, 16.1355],
        [74.4854, 16.1345],
        [74.4857, 16.1341],
        [74.48571, 16.13408],
        [74.4864, 16.1326],
        [74.48651, 16.13244],
        [74.4868, 16.132],
        [74.4872, 16.1316],
        [74.48759, 16.13052],
        [74.4876, 16.1305],
        [74.48762, 16.13045],
        [74.4878, 16.1299],
        [74.4879, 16.1291],
        [74.4879, 16.12851],
        [74.4879, 16.1285],
        [74.4879, 16.12849],
        [74.488, 16.1274],
        [74.48783, 16.1268],
        [74.4878, 16.1267],
        [74.4878, 16.12643],
        [74.4878, 16.1259],
        [74.488, 16.1252],
        [74.4883, 16.124],
        [74.4888, 16.1218],
        [74.4892, 16.1206],
        [74.48929, 16.12036],
        [74.4895, 16.1198],
        [74.48995, 16.11889],
        [74.49001, 16.11876],
        [74.4901, 16.1185],
        [74.49019, 16.11823],
        [74.49016, 16.11812],
        [74.4901, 16.118],
        [74.49025, 16.11745],
        [74.4904, 16.1169],
        [74.4905, 16.1161],
        [74.4905, 16.11607],
        [74.4904, 16.1151],
        [74.49049, 16.11479],
        [74.4907, 16.1141],
        [74.4909, 16.1129],
        [74.4909, 16.11191],
        [74.4909, 16.1113],
        [74.4909, 16.11028],
        [74.4909, 16.1093],
        [74.4909, 16.1088],
        [74.4911, 16.1073],
        [74.4911, 16.10729],
        [74.4911, 16.1065],
        [74.4911, 16.1051],
        [74.4911, 16.10426],
        [74.4911, 16.1038],
        [74.491, 16.1034],
        [74.4908, 16.1032],
        [74.49069, 16.1031],
        [74.49038, 16.10297],
        [74.4902, 16.1029],
        [74.48989, 16.10265],
        [74.4886, 16.1016],
        [74.48842, 16.10148],
        [74.4883, 16.1014],
        [74.48775, 16.10124],
        [74.4873, 16.1011],
        [74.4869, 16.101],
        [74.4861, 16.101],
        [74.48575, 16.10105],
        [74.4854, 16.1011],
        [74.4854, 16.10068],
        [74.4854, 16.1003],
        [74.48513, 16.09989],
        [74.485, 16.0997],
        [74.485, 16.09946],
        [74.485, 16.099],
        [74.48494, 16.09865],
        [74.4849, 16.0984],
        [74.4849, 16.0974],
        [74.4847, 16.0968],
        [74.48459, 16.09648],
        [74.4845, 16.0962],
        [74.4843, 16.0958],
        [74.48419, 16.09566],
        [74.484, 16.0954],
        [74.4839, 16.0942],
        [74.4838, 16.0937],
        [74.4835, 16.0928],
        [74.4834, 16.0925],
        [74.4837, 16.09227],
        [74.48377, 16.09222],
        [74.48377, 16.09222],
        [74.4838, 16.0922],
        [74.4843, 16.0922],
        [74.4843, 16.09197],
        [74.48429, 16.09191],
        [74.48396, 16.09169],
        [74.48371, 16.09151],
        [74.4837, 16.0915],
        [74.4829, 16.091],
        [74.4823, 16.0909],
        [74.4816, 16.0905],
        [74.48133, 16.09023],
        [74.48129, 16.0902],
        [74.4813, 16.08999],
        [74.4813, 16.0896],
        [74.4805, 16.09],
        [74.48006, 16.09],
        [74.4792, 16.09],
        [74.47866, 16.09005],
        [74.4781, 16.0901],
        [74.4765, 16.09],
        [74.4755, 16.09],
        [74.4734, 16.0902],
        [74.4733, 16.09021],
        [74.4724, 16.0903],
        [74.47239, 16.09033],
        [74.47235, 16.0904],
        [74.47234, 16.09042],
        [74.4723, 16.0905],
        [74.4719, 16.0921],
        [74.47155, 16.09266],
        [74.4709, 16.0937],
        [74.47048, 16.09377],
        [74.47033, 16.09381],
        [74.46999, 16.09389],
        [74.4696, 16.094],
        [74.4693, 16.09424],
        [74.46911, 16.09443],
        [74.46884, 16.09447],
        [74.4684, 16.0946],
        [74.4673, 16.0955],
        [74.4663, 16.0963],
        [74.4644, 16.098],
        [74.46401, 16.09827],
        [74.4634, 16.0987],
        [74.46304, 16.09903],
        [74.4621, 16.0999],
        [74.4612, 16.1002],
        [74.4601, 16.1009],
        [74.45971, 16.10158],
        [74.45967, 16.10167],
        [74.4594, 16.1023],
        [74.4597, 16.1026],
        [74.4588, 16.1041],
        [74.4581, 16.1041],
        [74.4574, 16.1042],
        [74.45558, 16.1042],
        [74.4549, 16.1042],
        [74.4528, 16.1043],
        [74.451, 16.1046],
        [74.4494, 16.1047],
        [74.4487, 16.1048],
        [74.44801, 16.10489],
        [74.4472, 16.105],
        [74.44607, 16.10523],
        [74.4457, 16.1053],
        [74.4445, 16.1056],
        [74.44324, 16.10587],
        [74.4422, 16.1061],
        [74.4391, 16.1071],
        [74.4381, 16.1073],
        [74.4365, 16.1079],
        [74.43617, 16.10801],
        [74.4356, 16.1082],
        [74.4347, 16.109],
        [74.434, 16.1094],
        [74.43354, 16.10965],
        [74.432, 16.1105],
        [74.43122, 16.11071],
        [74.4305, 16.1109],
        [74.4297, 16.1114],
        [74.42924, 16.11163],
        [74.4285, 16.112],
        [74.4275, 16.1123],
        [74.42723, 16.11212],
        [74.42718, 16.11209],
        [74.4262, 16.1118],
        [74.42583, 16.11156],
        [74.4256, 16.1114],
        [74.4232, 16.11],
        [74.42259, 16.10967],
        [74.4217, 16.1092],
        [74.42117, 16.10882],
        [74.421, 16.1087],
        [74.41964, 16.10763],
        [74.4191, 16.1072],
        [74.419, 16.10711],
        [74.4182, 16.1064],
        [74.41749, 16.10597],
        [74.4172, 16.1058],
        [74.41627, 16.10512],
        [74.4161, 16.105],
        [74.4158, 16.1046],
        [74.4152, 16.1042],
        [74.41519, 16.1042],
        [74.4147, 16.1042],
        [74.4142, 16.104],
        [74.41417, 16.10399],
        [74.4124, 16.1036],
        [74.412, 16.1036],
        [74.41188, 16.10352],
        [74.4117, 16.1034],
        [74.4114, 16.1028],
        [74.41103, 16.10249],
        [74.4108, 16.1023],
        [74.41056, 16.10225],
        [74.4103, 16.1022],
        [74.4097, 16.102],
        [74.4095, 16.1014],
        [74.40918, 16.10092],
        [74.4091, 16.1008],
        [74.40882, 16.10024],
        [74.4088, 16.1002],
        [74.4088, 16.10005],
        [74.4088, 16.0996],
        [74.4096, 16.0983],
        [74.4098, 16.098],
        [74.40944, 16.09758],
        [74.40932, 16.09744],
        [74.40921, 16.09731],
        [74.40893, 16.09708],
        [74.4086, 16.0968],
        [74.4083, 16.0964],
        [74.40829, 16.09636],
        [74.4082, 16.0959],
        [74.40806, 16.09569],
        [74.408, 16.0956],
        [74.4078, 16.0948],
        [74.4078, 16.09438],
        [74.40779, 16.0943],
        [74.40771, 16.09426],
        [74.4074, 16.0941],
        [74.4072, 16.094],
        [74.4068, 16.0941],
        [74.40564, 16.09371],
        [74.4053, 16.0936],
        [74.4046, 16.0936],
        [74.40283, 16.09306],
        [74.4013, 16.0926],
        [74.4008, 16.0924],
        [74.39944, 16.09204],
        [74.3993, 16.092],
        [74.3986, 16.0917],
        [74.39647, 16.09133],
        [74.3963, 16.0913],
        [74.3952, 16.0909],
        [74.3943, 16.0907],
        [74.3941, 16.09065],
        [74.3935, 16.0905],
        [74.39321, 16.09031],
        [74.3929, 16.0901],
        [74.3916, 16.0901],
        [74.39099, 16.08994],
        [74.3897, 16.0896],
        [74.3892, 16.0896],
        [74.3883, 16.0887],
        [74.38832, 16.08867],
        [74.3898, 16.0871],
        [74.39028, 16.08624],
        [74.3903, 16.0862],
        [74.3902, 16.085],
        [74.3904, 16.0845],
        [74.39053, 16.08416],
        [74.39066, 16.08374],
        [74.39085, 16.0834],
        [74.3909, 16.0833],
        [74.3909, 16.0833],
        [74.3909, 16.0833],
        [74.3909, 16.0821],
        [74.3911, 16.0818],
        [74.39091, 16.08147],
        [74.3907, 16.0811],
        [74.39068, 16.08103],
        [74.3906, 16.0808],
        [74.39022, 16.08053],
        [74.3899, 16.0803],
        [74.3897, 16.0801],
        [74.38947, 16.07992],
        [74.3888, 16.0804],
        [74.38864, 16.08056],
        [74.3886, 16.0806],
        [74.3876, 16.0811],
        [74.38693, 16.08135],
        [74.386, 16.0817],
        [74.38526, 16.08244],
        [74.3852, 16.0825],
        [74.38519, 16.08251],
        [74.38515, 16.08254],
        [74.38483, 16.08268],
        [74.3846, 16.0828],
        [74.3843, 16.0828],
        [74.3832, 16.083],
        [74.38302, 16.08282],
        [74.3829, 16.0827],
        [74.3828, 16.0823],
        [74.3827, 16.0818],
        [74.3825, 16.0809],
        [74.38219, 16.08036],
        [74.3821, 16.0802],
        [74.38196, 16.07995],
        [74.3817, 16.0795],
        [74.3813, 16.0792],
        [74.3808, 16.0793],
        [74.3806, 16.0792],
        [74.38031, 16.0792],
        [74.3799, 16.0792],
        [74.37962, 16.07914],
        [74.3794, 16.0791],
        [74.37898, 16.079],
        [74.3786, 16.0789],
        [74.37796, 16.0788],
        [74.3773, 16.0787],
        [74.3752, 16.0787],
        [74.3735, 16.079],
        [74.3721, 16.0782],
        [74.3722, 16.0776],
        [74.3722, 16.0771],
        [74.3722, 16.0771],
        [74.3721, 16.07681],
        [74.37201, 16.07654],
        [74.37201, 16.07654],
        [74.372, 16.0765],
        [74.37218, 16.07618],
        [74.3724, 16.0758],
        [74.37211, 16.07492],
        [74.3721, 16.0749],
        [74.37221, 16.07456],
        [74.3726, 16.0733],
        [74.3726, 16.07287],
        [74.3726, 16.0727],
        [74.3726, 16.0724],
        [74.3723, 16.071],
        [74.3725, 16.0703],
        [74.3724, 16.06975],
        [74.3721, 16.0681],
        [74.3719, 16.0678],
        [74.3717, 16.0675],
        [74.37024, 16.06549],
        [74.3701, 16.0653],
        [74.3693, 16.0641],
        [74.3683, 16.0628],
        [74.3677, 16.0621],
        [74.36712, 16.06162],
        [74.3671, 16.0616],
        [74.3656, 16.0596],
        [74.36464, 16.05854],
        [74.36457, 16.05847],
        [74.36451, 16.05839],
        [74.3639, 16.0577],
        [74.36366, 16.05736],
        [74.3634, 16.057],
        [74.3627, 16.056],
        [74.3626, 16.0559],
        [74.3622, 16.0555],
        [74.3613, 16.0548],
        [74.36129, 16.05478],
        [74.36127, 16.05477],
        [74.36122, 16.05469],
        [74.3606, 16.0539],
        [74.36065, 16.05387],
        [74.3613, 16.0535],
        [74.3616, 16.0533],
        [74.3622, 16.0529],
        [74.3627, 16.0528],
        [74.3638, 16.0525],
        [74.3649, 16.0525],
        [74.3653, 16.0526],
        [74.3659, 16.0527],
        [74.3667, 16.053],
        [74.3672, 16.0533],
        [74.36726, 16.05334],
        [74.3677, 16.0536],
        [74.36821, 16.05386],
        [74.3687, 16.0541],
        [74.3698, 16.0543],
        [74.3699, 16.0543],
        [74.37083, 16.05466],
        [74.3712, 16.0548],
        [74.37172, 16.05502],
        [74.37189, 16.05509],
        [74.37208, 16.05516],
        [74.3725, 16.0553],
        [74.3733, 16.0553],
        [74.3748, 16.0553],
        [74.3759, 16.0553],
        [74.3769, 16.0553],
        [74.37716, 16.05539],
        [74.3772, 16.0554],
        [74.3773, 16.0551],
        [74.3773, 16.0543],
        [74.3778, 16.0532],
        [74.37792, 16.05301],
        [74.378, 16.0529],
        [74.378, 16.052],
        [74.37781, 16.05155],
        [74.37769, 16.05132],
        [74.37756, 16.05101],
        [74.3774, 16.0507],
        [74.37738, 16.05063],
        [74.3773, 16.0504],
        [74.37713, 16.05023],
        [74.3771, 16.0502],
        [74.37699, 16.05006],
        [74.3768, 16.0498],
        [74.3765, 16.0494],
        [74.37635, 16.04917],
        [74.3763, 16.0491],
        [74.37622, 16.04884],
        [74.376, 16.0481],
        [74.37568, 16.04773],
        [74.3753, 16.0473],
        [74.37525, 16.04706],
        [74.3752, 16.0468],
        [74.37483, 16.04577],
        [74.3747, 16.0454],
        [74.37438, 16.04464],
        [74.3742, 16.04423],
        [74.37392, 16.04381],
        [74.3735, 16.0432],
        [74.37336, 16.04292],
        [74.3732, 16.0426],
        [74.3724, 16.04165],
        [74.3721, 16.0413],
        [74.37201, 16.0412],
        [74.3715, 16.0406],
        [74.3711, 16.04],
        [74.3704, 16.0392],
        [74.3701, 16.0387],
        [74.36999, 16.03856],
        [74.3697, 16.0382],
        [74.36976, 16.0382],
        [74.3702, 16.0382],
        [74.3706, 16.0382],
        [74.3711, 16.0381],
        [74.37159, 16.0379],
        [74.3716, 16.0379],
        [74.3721, 16.0377],
        [74.37251, 16.03764],
        [74.3728, 16.0376],
        [74.3739, 16.0374],
        [74.3742, 16.0373],
        [74.37489, 16.0373],
        [74.3755, 16.0373],
        [74.3761, 16.0371],
        [74.37648, 16.03719],
        [74.37651, 16.0372],
        [74.3776, 16.0371],
        [74.3781, 16.037],
        [74.37812, 16.037],
        [74.3786, 16.0369],
        [74.37863, 16.03685],
        [74.3789, 16.0364],
        [74.37928, 16.03621],
        [74.3793, 16.0362],
        [74.3795, 16.036],
        [74.3801, 16.0358],
        [74.38029, 16.03566],
        [74.3805, 16.0355],
        [74.38067, 16.03554],
        [74.38091, 16.03558],
        [74.38107, 16.03567],
        [74.3814, 16.0358],
        [74.382, 16.0362],
        [74.38224, 16.03638],
        [74.38241, 16.03649],
        [74.38255, 16.0365],
        [74.3828, 16.0365],
        [74.3834, 16.0365],
        [74.3842, 16.0369],
        [74.3851, 16.0375],
        [74.38516, 16.03758],
        [74.3854, 16.0379],
        [74.3858, 16.0379],
        [74.38618, 16.03801],
        [74.3865, 16.0381],
        [74.3868, 16.0382],
        [74.3871, 16.0383],
        [74.3884, 16.0391],
        [74.38878, 16.03926],
        [74.3891, 16.0394],
        [74.3892, 16.0396],
        [74.3898, 16.0399],
        [74.39001, 16.04003],
        [74.3906, 16.0404],
        [74.3909, 16.0405],
        [74.3912, 16.0407],
        [74.39178, 16.0408],
        [74.3918, 16.0408],
        [74.39192, 16.04089],
        [74.39222, 16.04109],
        [74.39247, 16.04119],
        [74.3925, 16.0412],
        [74.3933, 16.0414],
        [74.39352, 16.04151],
        [74.3941, 16.0418],
        [74.3946, 16.042],
        [74.39479, 16.04214],
        [74.395, 16.0423],
        [74.3953, 16.0427],
        [74.3965, 16.0433],
        [74.39773, 16.04374],
        [74.39815, 16.04388],
        [74.39815, 16.04388],
        [74.3982, 16.0439],
        [74.39938, 16.04488],
        [74.3994, 16.0449],
        [74.4002, 16.0452],
        [74.4008, 16.0456],
        [74.4018, 16.046],
        [74.40196, 16.04632],
        [74.4022, 16.0468],
        [74.4032, 16.0482],
        [74.40325, 16.04861],
        [74.4033, 16.049],
        [74.40345, 16.04929],
        [74.4035, 16.0494],
        [74.40419, 16.0504],
        [74.40461, 16.051],
        [74.40469, 16.05101],
        [74.4049, 16.05103],
        [74.4055, 16.0511],
        [74.40584, 16.05103],
        [74.406, 16.051],
        [74.4068, 16.0515],
        [74.4072, 16.0516],
        [74.40768, 16.05187],
        [74.4079, 16.052],
        [74.4082, 16.0519],
        [74.409, 16.0521],
        [74.40967, 16.05232],
        [74.40973, 16.05234],
        [74.40989, 16.0524],
        [74.4099, 16.0524],
        [74.4108, 16.0524],
        [74.4132, 16.0542],
        [74.41343, 16.0547],
        [74.4137, 16.0553],
        [74.414, 16.0552],
        [74.41468, 16.0552],
        [74.4149, 16.0552],
        [74.4159, 16.0551],
        [74.4163, 16.0551],
        [74.4166, 16.0551],
        [74.4171, 16.0551],
        [74.41754, 16.05516],
        [74.4186, 16.0553],
        [74.41907, 16.0553],
        [74.4191, 16.0553],
        [74.41917, 16.05531],
        [74.4197, 16.0554],
        [74.42049, 16.05558],
        [74.4206, 16.0556],
        [74.4212, 16.0558],
        [74.42123, 16.05583],
        [74.42162, 16.05621],
        [74.4224, 16.0566],
        [74.4243, 16.0574],
        [74.4252, 16.0577],
        [74.4255, 16.0579],
        [74.4266, 16.0585],
        [74.4276, 16.0589],
        [74.4281, 16.05907],
        [74.4282, 16.05909],
        [74.42842, 16.05902],
        [74.429, 16.0588],
        [74.42984, 16.05904],
        [74.4304, 16.0592],
        [74.43108, 16.0592],
        [74.4312, 16.05917],
        [74.4314, 16.0591],
        [74.4319, 16.0589],
        [74.4325, 16.0587],
        [74.4327, 16.0586],
        [74.4329, 16.0585],
        [74.43371, 16.05805],
        [74.4338, 16.058],
        [74.4344, 16.0577],
        [74.43488, 16.05722],
        [74.435, 16.0571],
        [74.4358, 16.0568],
        [74.4374, 16.0558],
        [74.4378, 16.0555],
        [74.4389, 16.0549],
        [74.4401, 16.0537],
        [74.4408, 16.0537],
        [74.44081, 16.05369],
        [74.4416, 16.0527],
        [74.4418, 16.0525],
        [74.4427, 16.05217],
        [74.4429, 16.05209],
        [74.44341, 16.05216],
        [74.4437, 16.0522],
        [74.44386, 16.05224],
        [74.44406, 16.05228],
        [74.4441, 16.0523],
        [74.4441, 16.0523],
        [74.4445, 16.0525],
        [74.4452, 16.0525],
        [74.4456, 16.0527],
        [74.4459, 16.0528],
        [74.4465, 16.0531],
        [74.4478, 16.0537],
        [74.4484, 16.0537],
        [74.44871, 16.05378],
        [74.4492, 16.0539],
        [74.44969, 16.0535],
        [74.4503, 16.053],
        [74.4509, 16.05257],
        [74.4514, 16.0522],
        [74.4518, 16.0516],
        [74.4518, 16.0516],
        [74.45185, 16.05156],
        [74.453, 16.0506],
        [74.4535, 16.05],
        [74.45364, 16.0499],
        [74.4542, 16.0495],
        [74.45422, 16.04947],
        [74.4545, 16.0491],
        [74.45519, 16.04875],
        [74.4555, 16.0486],
        [74.4559, 16.0484],
        [74.45598, 16.04836],
        [74.4563, 16.0482],
        [74.4573, 16.0476],
        [74.4581, 16.0477],
        [74.4591, 16.048],
        [74.45953, 16.04798],
        [74.4614, 16.0479],
        [74.46162, 16.0474],
        [74.4618, 16.047],
        [74.462, 16.0462],
        [74.462, 16.046],
        [74.462, 16.04533],
        [74.462, 16.0447],
        [74.46211, 16.04427],
        [74.4622, 16.0439],
        [74.4628, 16.0424],
        [74.4631, 16.042],
        [74.46303, 16.04186],
        [74.4629, 16.0416],
        [74.46261, 16.0416],
        [74.46245, 16.04161],
        [74.462, 16.0417],
        [74.46181, 16.04165],
        [74.4616, 16.0416],
        [74.46108, 16.04169],
        [74.461, 16.0417],
        [74.4591, 16.0419],
        [74.4578, 16.0421],
        [74.45705, 16.04215],
        [74.4562, 16.0422],
        [74.45568, 16.04207],
        [74.4554, 16.042],
        [74.45541, 16.04198],
        [74.4554, 16.04198],
        [74.45546, 16.04192],
        [74.4557, 16.0416],
        [74.45581, 16.04154],
        [74.4559, 16.0415],
        [74.45619, 16.04121],
        [74.4563, 16.0411],
        [74.45691, 16.04086],
        [74.4576, 16.0406],
        [74.4578, 16.0404],
        [74.4593, 16.0403],
        [74.4597, 16.0401],
        [74.4613, 16.0394],
        [74.46139, 16.03936],
        [74.4619, 16.03914],
        [74.46199, 16.03911],
        [74.46222, 16.03772],
        [74.46226, 16.03743],
        [74.4623, 16.03722],
        [74.46217, 16.03697],
        [74.4619, 16.0365],
        [74.4614, 16.0361],
        [74.46131, 16.0359],
        [74.4611, 16.0354],
        [74.46063, 16.03435],
        [74.4602, 16.0334],
        [74.45993, 16.0327],
        [74.4595, 16.0316],
        [74.45915, 16.0303],
        [74.4591, 16.0301],
        [74.459, 16.0296],
        [74.45896, 16.02953],
        [74.4583, 16.0284],
        [74.45773, 16.02771],
        [74.4574, 16.0273],
        [74.4568, 16.0262],
        [74.45668, 16.02553],
        [74.4566, 16.0251],
        [74.45599, 16.02365],
        [74.4558, 16.0232],
        [74.4557, 16.0226],
        [74.456, 16.0212],
        [74.456, 16.02097],
        [74.456, 16.0199],
        [74.4554, 16.0188],
        [74.4547, 16.0181],
        [74.45439, 16.01756],
        [74.45431, 16.01742],
        [74.45418, 16.0173],
        [74.4538, 16.017],
        [74.45318, 16.01621],
        [74.4527, 16.0156],
        [74.45225, 16.01515],
        [74.4521, 16.015],
        [74.45194, 16.01491],
        [74.451, 16.0144],
        [74.4505, 16.0138],
        [74.4495, 16.0123],
        [74.4495, 16.0123],
        [74.4495, 16.0123],
        [74.4495, 16.0121],
        [74.4497, 16.011],
        [74.4497, 16.0103],
        [74.4497, 16.0095],
        [74.4496, 16.0084],
        [74.449, 16.0071],
        [74.4485, 16.0063],
        [74.4476, 16.0051],
        [74.4474, 16.0044],
        [74.44735, 16.00425],
        [74.4473, 16.0041],
        [74.44745, 16.00356],
        [74.44748, 16.00344],
        [74.44733, 16.00323],
        [74.4473, 16.0032],
        [74.4469, 16.0031],
        [74.4464, 16.0034],
        [74.44606, 16.0034],
        [74.44588, 16.00341],
        [74.44576, 16.00326],
        [74.4456, 16.0031],
        [74.4455, 16.0024],
        [74.4454, 16.0021],
        [74.44547, 16.0017],
        [74.4455, 16.0015],
        [74.4454, 16.001],
        [74.44534, 16.00043],
        [74.4453, 16],
        [74.4455, 15.9988],
        [74.44572, 15.99848],
        [74.44588, 15.99819],
        [74.4459, 15.99764],
        [74.4459, 15.9974],
        [74.44591, 15.99738],
        [74.4461, 15.997],
        [74.4452, 15.9959],
        [74.4451, 15.9948],
        [74.4449, 15.9941],
        [74.44471, 15.99304],
        [74.4447, 15.993],
        [74.4447, 15.99299],
        [74.4447, 15.9928],
        [74.44431, 15.99264],
        [74.44373, 15.99242],
        [74.44327, 15.99222],
        [74.4425, 15.9919],
        [74.4425, 15.99189],
        [74.4427, 15.9911],
        [74.4432, 15.9909],
        [74.4432, 15.98982],
        [74.4432, 15.9877],
        [74.44339, 15.98713],
        [74.4436, 15.9865],
        [74.4434, 15.9857],
        [74.44285, 15.9854],
        [74.4425, 15.9852],
        [74.4425, 15.98483],
        [74.4425, 15.9848],
        [74.4421, 15.9842],
        [74.44195, 15.9837],
        [74.4418, 15.9832],
        [74.44165, 15.98305],
        [74.4413, 15.9827],
        [74.4395, 15.9814],
        [74.4388, 15.981],
        [74.4388, 15.98113],
        [74.4388, 15.9815],
        [74.43876, 15.98148],
        [74.43876, 15.98149],
        [74.43855, 15.98137],
        [74.4382, 15.9812],
        [74.43815, 15.98077],
        [74.4381, 15.9804],
        [74.4372, 15.9804],
        [74.4373, 15.9802],
        [74.4387, 15.9794],
        [74.43869, 15.97938],
        [74.4383, 15.9782],
        [74.43819, 15.97798],
        [74.43809, 15.9778],
        [74.43828, 15.97759],
        [74.4388, 15.977],
        [74.43919, 15.97671],
        [74.4392, 15.9767],
        [74.4393, 15.9764],
        [74.4391, 15.9757],
        [74.4386, 15.975],
        [74.4376, 15.9736],
        [74.43748, 15.97305],
        [74.4373, 15.9722],
        [74.43714, 15.97165],
        [74.437, 15.9712],
        [74.4369, 15.9707],
        [74.4368, 15.97026],
        [74.4367, 15.9698],
        [74.436, 15.96795],
        [74.4359, 15.9677],
        [74.4356, 15.9669],
        [74.435, 15.9661],
        [74.43429, 15.96546],
        [74.434, 15.9652],
        [74.4326, 15.9628],
        [74.4308, 15.9601],
        [74.4305, 15.9582],
        [74.43044, 15.9577],
        [74.4304, 15.9573],
        [74.4296, 15.9563],
        [74.42959, 15.95629],
        [74.4292, 15.9561],
        [74.4294, 15.9549],
        [74.42922, 15.95478],
        [74.4291, 15.9547],
        [74.4286, 15.9545],
        [74.4286, 15.95428],
        [74.4286, 15.9541],
        [74.4283, 15.9539],
        [74.42797, 15.95235],
        [74.4279, 15.952],
        [74.4263, 15.9507],
        [74.4258, 15.9504],
        [74.42422, 15.94803],
        [74.424, 15.94811],
        [74.424, 15.9483],
        [74.42399, 15.9483],
        [74.42399, 15.94832],
        [74.42343, 15.94819],
        [74.423, 15.9481],
        [74.422, 15.9458],
        [74.42128, 15.94463],
        [74.42086, 15.94395],
        [74.42071, 15.94376],
        [74.4198, 15.9426],
        [74.418, 15.9405],
        [74.41793, 15.94042],
        [74.4162, 15.9382],
        [74.41571, 15.93778],
        [74.4155, 15.9376],
        [74.41469, 15.93688],
        [74.41462, 15.93682],
        [74.41461, 15.93681],
        [74.4146, 15.9368],
        [74.41441, 15.93656],
        [74.413, 15.9347],
        [74.4131, 15.9342],
        [74.41306, 15.93419],
        [74.41254, 15.93408],
        [74.41185, 15.93393],
        [74.41168, 15.9339],
        [74.41127, 15.93383],
        [74.4104, 15.9337],
        [74.41034, 15.93368],
        [74.4101, 15.9336],
        [74.409, 15.9321],
        [74.408, 15.9312],
        [74.4071, 15.9304],
        [74.40677, 15.93007],
        [74.4065, 15.9298],
        [74.40649, 15.92978],
        [74.4048, 15.9264],
        [74.40403, 15.92547],
        [74.4033, 15.9246],
        [74.40284, 15.92437],
        [74.4019, 15.9239],
        [74.4018, 15.9231],
        [74.4006, 15.9211],
        [74.39995, 15.92032],
        [74.3996, 15.9199],
        [74.3993, 15.91949],
        [74.3988, 15.9188],
        [74.39855, 15.91858],
        [74.3979, 15.918],
        [74.3971, 15.91612],
        [74.397, 15.9159],
        [74.3964, 15.9146],
        [74.39636, 15.91458],
        [74.39578, 15.91426],
        [74.39547, 15.91409],
        [74.39545, 15.91408],
        [74.3947, 15.9138],
        [74.3941, 15.9133],
        [74.39352, 15.91263],
        [74.3934, 15.9125],
        [74.39113, 15.91023],
        [74.3889, 15.908],
        [74.38874, 15.90784],
        [74.3879, 15.907],
        [74.38766, 15.90667],
        [74.3873, 15.9062],
        [74.38704, 15.90541],
        [74.3867, 15.9044],
        [74.38676, 15.904],
        [74.3868, 15.9037],
        [74.3871, 15.9026],
        [74.38739, 15.90173],
        [74.38741, 15.90166],
        [74.38772, 15.90154],
        [74.388, 15.9014],
        [74.3888, 15.901],
        [74.39008, 15.90077],
        [74.3905, 15.90069],
        [74.3909, 15.90059],
        [74.3912, 15.9005],
        [74.3922, 15.9002],
        [74.3931, 15.8996],
        [74.3934, 15.8988],
        [74.39367, 15.89817],
        [74.394, 15.8974],
        [74.3944, 15.8956],
        [74.3945, 15.89508],
        [74.3946, 15.8946],
        [74.395, 15.8924],
        [74.39548, 15.88994],
        [74.3957, 15.8888],
        [74.3957, 15.88749],
        [74.3957, 15.8868],
        [74.39574, 15.8866],
        [74.3959, 15.8859],
        [74.3964, 15.8837],
        [74.39646, 15.88308],
        [74.3965, 15.8826],
        [74.3965, 15.88214],
        [74.3965, 15.8818],
        [74.39656, 15.88138],
        [74.3966, 15.8811],
        [74.3966, 15.88086],
        [74.39658, 15.88029],
        [74.3958, 15.8799],
        [74.39569, 15.87986],
        [74.3955, 15.8798],
        [74.39434, 15.87939],
        [74.3938, 15.8792],
        [74.3931, 15.8793],
        [74.3927, 15.87914],
        [74.3926, 15.8791],
        [74.3926, 15.8787],
        [74.39264, 15.87848],
        [74.3927, 15.8782],
        [74.3943, 15.8755],
        [74.39493, 15.87508],
        [74.3952, 15.8749],
        [74.3959, 15.8744],
        [74.39606, 15.87392],
        [74.3961, 15.8738],
        [74.39619, 15.87353],
        [74.3964, 15.8729],
        [74.3966, 15.8725],
        [74.39677, 15.87222],
        [74.3972, 15.8715],
        [74.3972, 15.871],
        [74.3973, 15.8707],
        [74.39748, 15.87057],
        [74.39768, 15.87037],
        [74.39769, 15.87018],
        [74.3977, 15.87001],
        [74.3977, 15.8698],
        [74.398, 15.8697],
        [74.39804, 15.86968],
        [74.3988, 15.8693],
        [74.3995, 15.8683],
        [74.40019, 15.86761],
        [74.40022, 15.86758],
        [74.4006, 15.8671],
        [74.4008, 15.8667],
        [74.40083, 15.86668],
        [74.40084, 15.86666],
        [74.40091, 15.86663],
        [74.4011, 15.8665],
        [74.40133, 15.86633],
        [74.40152, 15.86616],
        [74.40173, 15.86614],
        [74.4019, 15.8661],
        [74.40236, 15.86595],
        [74.40284, 15.86576],
        [74.40297, 15.86566],
        [74.4033, 15.8654],
        [74.4037, 15.865],
        [74.40372, 15.86499],
        [74.40372, 15.86499],
        [74.40375, 15.86498],
        [74.4052, 15.8643],
        [74.4056, 15.8644],
        [74.4061, 15.8645],
        [74.4061, 15.8645],
        [74.4061, 15.8641],
        [74.4061, 15.86365],
        [74.4061, 15.8636],
        [74.40611, 15.8636],
        [74.40611, 15.86355],
        [74.40648, 15.86329],
        [74.4066, 15.8632],
        [74.40719, 15.863],
        [74.40707, 15.86291],
        [74.4065, 15.8625],
        [74.40641, 15.86241],
        [74.40626, 15.86232],
        [74.40614, 15.86209],
        [74.406, 15.8619],
        [74.40613, 15.86129],
        [74.4064, 15.8601],
        [74.4064, 15.85922],
        [74.4064, 15.8592],
        [74.4064, 15.8587],
        [74.4062, 15.8569],
        [74.40636, 15.85617],
        [74.40638, 15.85608],
        [74.40639, 15.85602],
        [74.40618, 15.85573],
        [74.40602, 15.85553],
        [74.406, 15.8555],
        [74.4038, 15.855],
        [74.40332, 15.85494],
        [74.4023, 15.8548],
        [74.40155, 15.85446],
        [74.40121, 15.85432],
        [74.4012, 15.8543],
        [74.4012, 15.8543],
        [74.4012, 15.85428],
        [74.4012, 15.8541],
        [74.4013, 15.8539],
        [74.4013, 15.8535],
        [74.4013, 15.8533],
        [74.4013, 15.8531],
        [74.40131, 15.8531],
        [74.4021, 15.8529],
        [74.4023, 15.8526],
        [74.40193, 15.85232],
        [74.4018, 15.8524],
        [74.4018, 15.8524],
        [74.40179, 15.85241],
        [74.40175, 15.85243],
        [74.40168, 15.85246],
        [74.4012, 15.8527],
        [74.4011, 15.8528],
        [74.40109, 15.8528],
        [74.40106, 15.85284],
        [74.40088, 15.8528],
        [74.4007, 15.8528],
        [74.4001, 15.8522],
        [74.3998, 15.8519],
        [74.39917, 15.85162],
        [74.3989, 15.8515],
        [74.3982, 15.8512],
        [74.39809, 15.85116],
        [74.3979, 15.8511],
        [74.3973, 15.851],
        [74.3962, 15.8516],
        [74.39607, 15.85185],
        [74.39599, 15.85204],
        [74.39574, 15.85226],
        [74.3956, 15.8524],
        [74.3952, 15.8527],
        [74.3946, 15.85275],
        [74.3939, 15.8528],
        [74.3924, 15.8537],
        [74.3918, 15.8542],
        [74.39169, 15.85441],
        [74.3916, 15.8546],
        [74.39151, 15.85462],
        [74.3912, 15.8547],
        [74.39056, 15.85452],
        [74.3905, 15.8545],
        [74.3902, 15.8551],
        [74.3902, 15.8551],
        [74.3894, 15.8547],
        [74.38933, 15.85465],
        [74.3891, 15.8545],
        [74.38864, 15.8541],
        [74.3883, 15.85381],
        [74.38813, 15.85419],
        [74.38811, 15.85422],
        [74.3879, 15.8547],
        [74.38771, 15.85564],
        [74.3876, 15.8562],
        [74.3873, 15.8572],
        [74.3871, 15.8578],
        [74.3867, 15.85881],
        [74.38652, 15.85929],
        [74.38634, 15.85952],
        [74.3862, 15.8597],
        [74.38595, 15.8597],
        [74.3858, 15.8597],
        [74.38524, 15.85983],
        [74.3849, 15.8599],
        [74.3839, 15.8599],
        [74.38312, 15.86003],
        [74.38273, 15.86011],
        [74.3827, 15.86054],
        [74.3827, 15.8611],
        [74.3826, 15.8634],
        [74.3824, 15.8648],
        [74.38221, 15.86553],
        [74.3817, 15.8675],
        [74.3817, 15.8682],
        [74.38167, 15.86823],
        [74.38167, 15.86825],
        [74.38157, 15.86833],
        [74.3812, 15.8687],
        [74.381, 15.8692],
        [74.381, 15.87],
        [74.3806, 15.8719],
        [74.38038, 15.87293],
        [74.3803, 15.8733],
        [74.3798, 15.874],
        [74.3797, 15.8749],
        [74.3795, 15.8753],
        [74.3788, 15.8783],
        [74.37852, 15.87893],
        [74.3784, 15.8792],
        [74.3777, 15.8803],
        [74.37741, 15.8811],
        [74.37732, 15.88136],
        [74.37731, 15.88137],
        [74.3773, 15.8814],
        [74.3758, 15.8831],
        [74.3752, 15.8839],
        [74.37518, 15.88393],
        [74.3749, 15.8843],
        [74.37469, 15.88467],
        [74.3744, 15.8852],
        [74.37391, 15.88561],
        [74.37379, 15.88573],
        [74.37364, 15.88586],
        [74.3732, 15.8863],
        [74.3724, 15.8868],
        [74.37181, 15.88719],
        [74.3715, 15.8874],
        [74.3702, 15.8888],
        [74.36992, 15.88908],
        [74.3696, 15.8894],
        [74.3686, 15.8901],
        [74.3683, 15.8904],
        [74.3678, 15.8909],
        [74.3674, 15.8911],
        [74.3666, 15.8912],
        [74.366, 15.8913],
        [74.36594, 15.89156],
        [74.3659, 15.8917],
        [74.367, 15.8929],
        [74.3674, 15.8935],
        [74.36749, 15.8936],
        [74.3682, 15.8944],
        [74.36812, 15.89438],
        [74.3667, 15.894],
        [74.36656, 15.89395],
        [74.3661, 15.8938],
        [74.365, 15.8937],
        [74.36449, 15.89353],
        [74.3644, 15.8935],
        [74.3643, 15.89272],
        [74.3643, 15.8927],
        [74.3643, 15.89269],
        [74.3643, 15.89162],
        [74.3643, 15.8916],
        [74.3643, 15.8911],
        [74.3643, 15.8901],
        [74.3642, 15.8892],
        [74.364, 15.8883],
        [74.3645, 15.8862],
        [74.36445, 15.88577],
        [74.3643, 15.8846],
        [74.3646, 15.8828],
        [74.36463, 15.88279],
        [74.36463, 15.88276],
        [74.36509, 15.8826],
        [74.36503, 15.88239],
        [74.3649, 15.882],
        [74.3647, 15.8813],
        [74.36457, 15.88053],
        [74.36449, 15.88015],
        [74.36434, 15.87999],
        [74.3642, 15.8799],
        [74.3635, 15.8795],
        [74.36356, 15.87926],
        [74.36357, 15.87912],
        [74.36391, 15.87868],
        [74.36404, 15.8787],
        [74.36416, 15.8787],
        [74.3642, 15.8787],
        [74.3637, 15.878],
        [74.3635, 15.8778],
        [74.3635, 15.8778],
        [74.36345, 15.87777],
        [74.3629, 15.8774],
        [74.36247, 15.87583],
        [74.3623, 15.8752],
        [74.36231, 15.87519],
        [74.3628, 15.875],
        [74.3626, 15.8747],
        [74.3618, 15.8743],
        [74.3607, 15.8738],
        [74.35996, 15.87366],
        [74.3596, 15.8736],
        [74.3585, 15.8732],
        [74.35786, 15.87293],
        [74.35732, 15.87272],
        [74.3573, 15.8727],
        [74.3573, 15.8727],
        [74.35725, 15.87264],
        [74.3563, 15.8715],
        [74.3555, 15.8707],
        [74.3549, 15.8697],
        [74.35456, 15.86946],
        [74.3542, 15.8692],
        [74.35368, 15.86913],
        [74.3535, 15.8691],
        [74.3533, 15.8688],
        [74.3522, 15.8672],
        [74.3518, 15.8665],
        [74.35169, 15.86641],
        [74.3513, 15.8661],
        [74.351, 15.8661],
        [74.351, 15.8661],
        [74.35097, 15.8661],
        [74.35093, 15.86597],
        [74.3508, 15.8657],
        [74.3505, 15.8651],
        [74.34977, 15.86474],
        [74.34953, 15.86462],
        [74.3495, 15.8646],
        [74.3491, 15.8643],
        [74.3489, 15.8641],
        [74.3482, 15.8633],
        [74.34819, 15.8633],
        [74.34709, 15.86297],
        [74.3462, 15.8627],
        [74.34522, 15.8626],
        [74.3452, 15.8626],
        [74.34515, 15.86257],
        [74.34491, 15.86245],
        [74.34494, 15.86243],
        [74.3449, 15.8624],
        [74.34561, 15.86204],
        [74.34571, 15.86199],
        [74.3466, 15.8608],
        [74.34689, 15.86022],
        [74.3469, 15.8602],
        [74.3465, 15.859],
        [74.3461, 15.8584],
        [74.3456, 15.8581],
        [74.3448, 15.8577],
        [74.3443, 15.8574],
        [74.34403, 15.85729],
        [74.3438, 15.8572],
        [74.3427, 15.8566],
        [74.3418, 15.8563],
        [74.34173, 15.85628],
        [74.3404, 15.8559],
        [74.3389, 15.8554],
        [74.3392, 15.8538],
        [74.33922, 15.85378],
        [74.33922, 15.85377],
        [74.33936, 15.8536],
        [74.34, 15.8528],
        [74.34021, 15.85237],
        [74.34028, 15.85223],
        [74.34029, 15.85223],
        [74.3403, 15.8522],
        [74.34082, 15.85198],
        [74.3424, 15.8513],
        [74.34483, 15.85013],
        [74.3449, 15.8501],
        [74.34494, 15.8501],
        [74.34507, 15.85007],
        [74.34568, 15.85026],
        [74.3466, 15.8505],
        [74.3468, 15.85057],
        [74.3469, 15.8506],
        [74.3482, 15.8508],
        [74.3489, 15.8503],
        [74.3489, 15.8503],
        [74.3486, 15.85],
        [74.34864, 15.85],
        [74.35099, 15.84975],
        [74.3515, 15.8497],
        [74.35192, 15.84978],
        [74.3531, 15.85],
        [74.35443, 15.85018],
        [74.35452, 15.85019],
        [74.35459, 15.8502],
        [74.35465, 15.85019],
        [74.3553, 15.8501],
        [74.35627, 15.85003],
        [74.3567, 15.85],
        [74.35859, 15.85],
        [74.3586, 15.85],
        [74.3595, 15.8499],
        [74.3635, 15.8504],
        [74.36505, 15.85035],
        [74.3666, 15.8503],
        [74.3688, 15.8502],
        [74.36887, 15.85018],
        [74.3702, 15.8499],
        [74.374, 15.8501],
        [74.37484, 15.84997],
        [74.3759, 15.8498],
        [74.37713, 15.84964],
        [74.3774, 15.8496],
        [74.3793, 15.8494],
        [74.3807, 15.8494],
        [74.3815, 15.8493],
        [74.38151, 15.84929],
        [74.38219, 15.84866],
        [74.3829, 15.848],
        [74.3829, 15.84745],
        [74.3829, 15.8474],
        [74.38298, 15.8471],
        [74.3833, 15.8458],
        [74.3834, 15.8445],
        [74.3837, 15.8435],
        [74.3837, 15.8423],
        [74.38364, 15.84179],
        [74.3836, 15.8415],
        [74.3837, 15.8407],
        [74.3837, 15.84058],
        [74.38367, 15.84008],
        [74.3829, 15.8396],
        [74.3824, 15.8392],
        [74.38231, 15.83906],
        [74.3822, 15.8389],
        [74.3819, 15.8382],
        [74.38182, 15.83773],
        [74.38181, 15.83766],
        [74.3818, 15.83761],
        [74.3818, 15.8376],
        [74.3811, 15.837],
        [74.3807, 15.8366],
        [74.3808, 15.8363],
        [74.3808, 15.83575],
        [74.3808, 15.8357],
        [74.3806, 15.8354],
        [74.38056, 15.83543],
        [74.38036, 15.83559],
        [74.38032, 15.83562],
        [74.3801, 15.83582],
        [74.3801, 15.8364],
        [74.3801, 15.83719],
        [74.3801, 15.8372],
        [74.3803, 15.8381],
        [74.38015, 15.8381],
        [74.3796, 15.8381],
        [74.3793, 15.8378],
        [74.3789, 15.8374],
        [74.37878, 15.83707],
        [74.3786, 15.8366],
        [74.3786, 15.8362],
        [74.3788, 15.8357],
        [74.3788, 15.83567],
        [74.3788, 15.8351],
        [74.3785, 15.83503],
        [74.3784, 15.835],
        [74.37836, 15.83496],
        [74.3781, 15.8347],
        [74.3774, 15.8341],
        [74.3767, 15.833],
        [74.37682, 15.83271],
        [74.3769, 15.8325],
        [74.37698, 15.83242],
        [74.37717, 15.83218],
        [74.37709, 15.83213],
        [74.37704, 15.83209],
        [74.3769, 15.832],
        [74.3766, 15.8321],
        [74.3762, 15.8323],
        [74.376, 15.8325],
        [74.3758, 15.833],
        [74.37572, 15.83315],
        [74.3757, 15.83322],
        [74.37542, 15.8332],
        [74.3749, 15.8332],
        [74.3744, 15.8329],
        [74.3737, 15.8328],
        [74.37353, 15.83274],
        [74.3729, 15.8325],
        [74.37258, 15.8321],
        [74.3725, 15.832],
        [74.3725, 15.83092],
        [74.37245, 15.83075],
        [74.3724, 15.8306],
        [74.37203, 15.83053],
        [74.37188, 15.8305],
        [74.3714, 15.8306],
        [74.371, 15.8305],
        [74.3706, 15.8302],
        [74.37046, 15.82988],
        [74.3703, 15.8295],
        [74.3695, 15.8284],
        [74.36884, 15.82796],
        [74.3686, 15.8278],
        [74.3674, 15.8268],
        [74.3664, 15.8264],
        [74.3664, 15.82635],
        [74.36639, 15.82635],
        [74.36638, 15.8262],
        [74.3663, 15.8254],
        [74.36619, 15.82414],
        [74.3661, 15.8231],
        [74.36572, 15.82258],
        [74.3653, 15.822],
        [74.3653, 15.8205],
        [74.3652, 15.8195],
        [74.36507, 15.81942],
        [74.3647, 15.8192],
        [74.3644, 15.81905],
        [74.36431, 15.81901],
        [74.36366, 15.81838],
        [74.36362, 15.81832],
        [74.36352, 15.81822],
        [74.3635, 15.8182],
        [74.3631, 15.8187],
        [74.36261, 15.81884],
        [74.3624, 15.8189],
        [74.36239, 15.81889],
        [74.3622, 15.8187],
        [74.362, 15.8185],
        [74.3617, 15.8188],
        [74.36151, 15.81884],
        [74.3612, 15.8189],
        [74.36086, 15.81842],
        [74.3607, 15.8182],
        [74.36032, 15.81801],
        [74.3603, 15.818],
        [74.3607, 15.8176],
        [74.3608, 15.8174],
        [74.3604, 15.8165],
        [74.3607, 15.8162],
        [74.3611, 15.816],
        [74.3623, 15.8157],
        [74.3625, 15.8151],
        [74.3627, 15.8144],
        [74.3631, 15.8143],
        [74.36359, 15.81438],
        [74.3637, 15.8144],
        [74.3645, 15.8143],
        [74.36526, 15.81395],
        [74.3658, 15.8137],
        [74.3663, 15.8133],
        [74.36669, 15.8134],
        [74.36706, 15.81301],
        [74.3677, 15.8123],
        [74.368, 15.8124],
        [74.36827, 15.81247],
        [74.3684, 15.8125],
        [74.3686, 15.8119],
        [74.3691, 15.8112],
        [74.36913, 15.81114],
        [74.3692, 15.811],
        [74.3694, 15.8109],
        [74.36955, 15.81075],
        [74.36968, 15.81058],
        [74.36997, 15.81049],
        [74.3702, 15.8104],
        [74.3704, 15.8102],
        [74.37023, 15.80995],
        [74.37, 15.8096],
        [74.3702, 15.8092],
        [74.37013, 15.80906],
        [74.3701, 15.809],
        [74.3701, 15.8087],
        [74.37, 15.8083],
        [74.3699, 15.808],
        [74.36962, 15.80725],
        [74.3696, 15.8072],
        [74.3693, 15.8073],
        [74.369, 15.8074],
        [74.3687, 15.8065],
        [74.3694, 15.8062],
        [74.3692, 15.8059],
        [74.369, 15.8056],
        [74.3693, 15.805],
        [74.3693, 15.8046],
        [74.36966, 15.8046],
        [74.36999, 15.80459],
        [74.37013, 15.80462],
        [74.37057, 15.80469],
        [74.37058, 15.8047],
        [74.37079, 15.80446],
        [74.3707, 15.8041],
        [74.3707, 15.80409],
        [74.37069, 15.80405],
        [74.3707, 15.80396],
        [74.3707, 15.8036],
        [74.37084, 15.80342],
        [74.37096, 15.80321],
        [74.37115, 15.80289],
        [74.3712, 15.8028],
        [74.3714, 15.8019],
        [74.3714, 15.80178],
        [74.37136, 15.80162],
        [74.37125, 15.80163],
        [74.3709, 15.8017],
        [74.3708, 15.8012],
        [74.3709, 15.8011],
        [74.37094, 15.80108],
        [74.3718, 15.8007],
        [74.3714, 15.8003],
        [74.37101, 15.8002],
        [74.371, 15.8002],
        [74.371, 15.7995],
        [74.37089, 15.79956],
        [74.37081, 15.79961],
        [74.37034, 15.79961],
        [74.37034, 15.7996],
        [74.3703, 15.7996],
        [74.37021, 15.7988],
        [74.3702, 15.79873],
        [74.3702, 15.79873],
        [74.3702, 15.7987],
        [74.37052, 15.79851],
        [74.3707, 15.7984],
        [74.371, 15.7987],
        [74.37125, 15.79845],
        [74.3715, 15.7982],
        [74.37152, 15.79811],
        [74.37158, 15.79779],
        [74.3715, 15.79773],
        [74.37139, 15.79764],
        [74.3712, 15.7975],
        [74.3715, 15.7972],
        [74.3717, 15.797],
        [74.3713, 15.7967],
        [74.3711, 15.7965],
        [74.3707, 15.7965],
        [74.37084, 15.7958],
        [74.3709, 15.79552],
        [74.3709, 15.7955],
        [74.3704, 15.7959],
        [74.3702, 15.7953],
        [74.3704, 15.7947],
        [74.37011, 15.79451],
        [74.3701, 15.7945],
        [74.3699, 15.7938],
        [74.36991, 15.79378],
        [74.37, 15.7935],
        [74.3697, 15.79301],
        [74.3697, 15.793],
        [74.36965, 15.79295],
        [74.3694, 15.7927],
        [74.3694, 15.7921],
        [74.3695, 15.7919],
        [74.3695, 15.79153],
        [74.36918, 15.79142],
        [74.3687, 15.792],
        [74.3687, 15.792],
        [74.3685, 15.7916],
        [74.36864, 15.79128],
        [74.3688, 15.7909],
        [74.36891, 15.79068],
        [74.36898, 15.79049],
        [74.36879, 15.79034],
        [74.3688, 15.79003],
        [74.3688, 15.7897],
        [74.3691, 15.7894],
        [74.3689, 15.7891],
        [74.36877, 15.78877],
        [74.36868, 15.7886],
        [74.36876, 15.78831],
        [74.3689, 15.7877],
        [74.3685, 15.7875],
        [74.36839, 15.78735],
        [74.3682, 15.7871],
        [74.3674, 15.7861],
        [74.3659, 15.7851],
        [74.36539, 15.78453],
        [74.365, 15.7841],
        [74.36453, 15.78402],
        [74.3644, 15.784],
        [74.3638, 15.7837],
        [74.3632, 15.7836],
        [74.36316, 15.78334],
        [74.3631, 15.783],
        [74.36301, 15.78273],
        [74.36277, 15.7827],
        [74.3624, 15.7827],
        [74.3621, 15.7827],
        [74.36205, 15.78254],
        [74.36199, 15.78243],
        [74.362, 15.78241],
        [74.362, 15.7824],
        [74.3624, 15.7819],
        [74.36211, 15.78122],
        [74.36205, 15.7812],
        [74.3619, 15.7812],
        [74.36176, 15.78113],
        [74.3617, 15.78112],
        [74.36164, 15.7811],
        [74.3615, 15.7811],
        [74.36151, 15.78106],
        [74.36149, 15.78105],
        [74.36159, 15.78084],
        [74.36159, 15.78082],
        [74.3616, 15.78081],
        [74.3615, 15.78054],
        [74.36139, 15.78058],
        [74.3612, 15.7807],
        [74.3608, 15.7806],
        [74.36079, 15.78057],
        [74.3606, 15.7798],
        [74.3606, 15.7795],
        [74.3608, 15.7791],
        [74.36061, 15.7786],
        [74.3603, 15.7778],
        [74.36008, 15.77751],
        [74.36, 15.7774],
        [74.35984, 15.77713],
        [74.3594, 15.7764],
        [74.35903, 15.77599],
        [74.3585, 15.7754],
        [74.3578, 15.7748],
        [74.3576, 15.77441],
        [74.3576, 15.7744],
        [74.3571, 15.774],
        [74.3558, 15.7737],
        [74.35561, 15.77312],
        [74.3556, 15.7731],
        [74.3546, 15.7727],
        [74.35446, 15.77249],
        [74.3544, 15.7724],
        [74.3539, 15.772],
        [74.3537, 15.7718],
        [74.3536, 15.7715],
        [74.35332, 15.7715],
        [74.3533, 15.7715],
        [74.35291, 15.77121],
        [74.3529, 15.7712],
        [74.3523, 15.7709],
        [74.35205, 15.77084],
        [74.3519, 15.7708],
        [74.3513, 15.7705],
        [74.35107, 15.77036],
        [74.3508, 15.7702],
        [74.3502, 15.7699],
        [74.35015, 15.7697],
        [74.3501, 15.7695],
        [74.3499, 15.769],
        [74.3499, 15.76899],
        [74.3499, 15.7686],
        [74.3492, 15.7684],
        [74.3488, 15.7681],
        [74.3484, 15.7678],
        [74.3481, 15.7672],
        [74.34806, 15.76718],
        [74.34798, 15.76712],
        [74.3475, 15.76682],
        [74.3473, 15.76664],
        [74.347, 15.7664],
        [74.347, 15.76624],
        [74.347, 15.7659],
        [74.3467, 15.7655],
        [74.3466, 15.7653],
        [74.34657, 15.76528],
        [74.3465, 15.76523],
        [74.3462, 15.765],
        [74.34563, 15.76484],
        [74.3455, 15.7648],
        [74.3451, 15.7648],
        [74.3444, 15.7654],
        [74.3441, 15.76535],
        [74.34384, 15.76533],
        [74.34363, 15.76524],
        [74.34357, 15.76522],
        [74.34352, 15.76521],
        [74.34343, 15.7652],
        [74.343, 15.7652],
        [74.3425, 15.7652],
        [74.3418, 15.765],
        [74.3412, 15.7649],
        [74.3405, 15.7648],
        [74.34039, 15.76486],
        [74.3403, 15.76492],
        [74.34011, 15.76532],
        [74.3399, 15.7658],
        [74.3399, 15.766],
        [74.3399, 15.7661],
        [74.33984, 15.76627],
        [74.33984, 15.76636],
        [74.33981, 15.76637],
        [74.3398, 15.7664],
        [74.339, 15.7667],
        [74.3388, 15.7667],
        [74.3383, 15.7667],
        [74.33821, 15.76675],
        [74.3381, 15.7668],
        [74.3375, 15.7673],
        [74.3374, 15.76756],
        [74.3373, 15.7678],
        [74.3371, 15.7679],
        [74.3351, 15.7683],
        [74.33507, 15.76836],
        [74.3348, 15.76882],
        [74.33451, 15.76884],
        [74.3341, 15.7689],
        [74.33381, 15.76882],
        [74.3334, 15.7687],
        [74.3329, 15.7686],
        [74.33288, 15.7686],
        [74.3325, 15.7686],
        [74.3313, 15.7688],
        [74.33129, 15.76881],
        [74.3304, 15.7695],
        [74.3299, 15.7698],
        [74.32942, 15.7701],
        [74.32917, 15.7703],
        [74.3286, 15.7708],
        [74.32855, 15.7708],
        [74.3277, 15.7708],
        [74.3269, 15.7714],
        [74.3259, 15.7718],
        [74.32584, 15.77178],
        [74.3256, 15.7717],
        [74.3249, 15.7719],
        [74.32448, 15.77215],
        [74.3244, 15.7722],
        [74.3234, 15.773],
        [74.3234, 15.773],
        [74.32339, 15.773],
        [74.32329, 15.77287],
        [74.3228, 15.7723],
        [74.32267, 15.77199],
        [74.3225, 15.7716],
        [74.32203, 15.77081],
        [74.3219, 15.7706],
        [74.32175, 15.77042],
        [74.321, 15.7695],
        [74.3201, 15.7683],
        [74.31939, 15.76724],
        [74.3191, 15.7668],
        [74.3189, 15.7663],
        [74.31889, 15.76613],
        [74.3188, 15.7632],
        [74.3188, 15.7622],
        [74.3186, 15.7617],
        [74.31855, 15.76018],
        [74.31853, 15.75969],
        [74.3185, 15.75873],
        [74.3185, 15.7587],
        [74.3169, 15.7576],
        [74.31632, 15.75741],
        [74.316, 15.7573],
        [74.3148, 15.7566],
        [74.313, 15.7561],
        [74.3113, 15.7554],
        [74.3094, 15.7548],
        [74.3094, 15.75478],
        [74.3094, 15.7544],
        [74.30946, 15.75417],
        [74.3096, 15.7536],
        [74.31, 15.7531],
        [74.3104, 15.7525],
        [74.3104, 15.7517],
        [74.31, 15.7511],
        [74.3099, 15.751],
        [74.3095, 15.7506],
        [74.3077, 15.7491],
        [74.30693, 15.74862],
        [74.30646, 15.74852],
        [74.3052, 15.7483],
        [74.3044, 15.7483],
        [74.30352, 15.7483],
        [74.3035, 15.7483],
        [74.3023, 15.7481],
        [74.3019, 15.74782],
        [74.3013, 15.7474],
        [74.2982, 15.7454],
        [74.29769, 15.74504],
        [74.2975, 15.7449],
        [74.2963, 15.7444],
        [74.29603, 15.74433],
        [74.2955, 15.7442],
        [74.2941, 15.7439],
        [74.29315, 15.74358],
        [74.2926, 15.7434],
        [74.2922, 15.74319],
        [74.2909, 15.7425],
        [74.29049, 15.74225],
        [74.2901, 15.742],
        [74.2894, 15.7418],
        [74.28823, 15.74149],
        [74.2875, 15.7413],
        [74.2858, 15.7411],
        [74.2856, 15.7411],
        [74.28558, 15.74112]
      ]
    ]
  }
}
