{
  "type": "Feature",
  "id": "MH-AC-33",
  "properties": {
    "stateName": "MAHARASHTRA",
    "stateCode": "MH",
    "districtName": "WASHIM",
    "acNo": 33,
    "acName": "RISOD",
    "seatType": null,
    "pcNo": null,
    "pcName": null,
    "quality": "unverified",
    "sources": [
      "TBD"
    ]
  },
  "geometry": {
    "type": "Polygon",
    "coordinates": [
      [
        [77.02299, 20.44991],
        [77.02361, 20.45007],
        [77.02561, 20.45031],
        [77.02647, 20.4505],
        [77.02763, 20.45055],
        [77.02901, 20.45048],
        [77.02999, 20.45038],
        [77.03165, 20.45055],
        [77.03325, 20.4504],
        [77.03498, 20.45017],
        [77.03627, 20.4501],
        [77.03777, 20.45003],
        [77.04013, 20.44978],
        [77.04333, 20.44941],
        [77.04501, 20.44941],
        [77.04626, 20.44926],
        [77.04696, 20.44888],
        [77.04768, 20.4486],
        [77.04831, 20.44865],
        [77.0505, 20.44824],
        [77.05245, 20.44784],
        [77.05415, 20.44749],
        [77.05646, 20.44713],
        [77.05781, 20.44677],
        [77.05898, 20.44521],
        [77.05961, 20.44436],
        [77.05968, 20.44293],
        [77.05958, 20.44151],
        [77.05945, 20.43909],
        [77.06019, 20.43914],
        [77.06212, 20.43913],
        [77.06418, 20.43916],
        [77.06713, 20.43908],
        [77.06873, 20.43913],
        [77.07045, 20.43911],
        [77.07316, 20.43911],
        [77.07554, 20.43935],
        [77.07621, 20.43937],
        [77.07668, 20.43909],
        [77.07694, 20.43792],
        [77.07705, 20.43558],
        [77.07705, 20.4347],
        [77.07705, 20.43344],
        [77.07702, 20.43271],
        [77.07764, 20.43014],
        [77.07823, 20.42784],
        [77.07869, 20.42628],
        [77.07918, 20.42455],
        [77.07935, 20.42347],
        [77.08027, 20.42331],
        [77.08132, 20.42334],
        [77.08197, 20.42295],
        [77.08229, 20.42286],
        [77.08346, 20.42296],
        [77.08383, 20.42291],
        [77.08429, 20.4225],
        [77.08474, 20.42148],
        [77.08502, 20.4202],
        [77.08522, 20.41956],
        [77.08657, 20.41888],
        [77.08966, 20.41792],
        [77.09258, 20.41698],
        [77.0945, 20.41653],
        [77.09733, 20.41574],
        [77.10004, 20.41522],
        [77.10143, 20.41486],
        [77.10335, 20.41467],
        [77.10409, 20.41344],
        [77.10516, 20.41152],
        [77.1054, 20.41105],
        [77.10664, 20.41111],
        [77.10901, 20.41135],
        [77.11151, 20.41152],
        [77.11334, 20.41168],
        [77.11411, 20.41064],
        [77.11599, 20.40843],
        [77.1163, 20.40827],
        [77.11827, 20.40958],
        [77.12073, 20.41109],
        [77.12072, 20.40858],
        [77.12076, 20.40742],
        [77.12076, 20.40544],
        [77.1208, 20.4036],
        [77.12123, 20.40308],
        [77.1229, 20.40172],
        [77.12485, 20.40051],
        [77.12678, 20.39916],
        [77.12772, 20.39883],
        [77.129, 20.39871],
        [77.12969, 20.39871],
        [77.13046, 20.39843],
        [77.13086, 20.39805],
        [77.13276, 20.39596],
        [77.13328, 20.39534],
        [77.13328, 20.39461],
        [77.13336, 20.39328],
        [77.13344, 20.39264],
        [77.13358, 20.39119],
        [77.13325, 20.39066],
        [77.13369, 20.39059],
        [77.13451, 20.39066],
        [77.13505, 20.39047],
        [77.13545, 20.38998],
        [77.1361, 20.38962],
        [77.1365, 20.38893],
        [77.13686, 20.38796],
        [77.13704, 20.38709],
        [77.13713, 20.38524],
        [77.13714, 20.38515],
        [77.13726, 20.38431],
        [77.13782, 20.38312],
        [77.13884, 20.38163],
        [77.13991, 20.38016],
        [77.14055, 20.37942],
        [77.14097, 20.37932],
        [77.14195, 20.37964],
        [77.1425, 20.37999],
        [77.14328, 20.38089],
        [77.14913, 20.37681],
        [77.15033, 20.37553],
        [77.15215, 20.37358],
        [77.15482, 20.36597],
        [77.15491, 20.3657],
        [77.15691, 20.36253],
        [77.16018, 20.36096],
        [77.16956, 20.36016],
        [77.17993, 20.35928],
        [77.18488, 20.35145],
        [77.1893, 20.3485],
        [77.1901, 20.34835],
        [77.19892, 20.34666],
        [77.19818, 20.34448],
        [77.19865, 20.34253],
        [77.20192, 20.34141],
        [77.20808, 20.33931],
        [77.21108, 20.33882],
        [77.21916, 20.33751],
        [77.21929, 20.33685],
        [77.21981, 20.33429],
        [77.21931, 20.31889],
        [77.21912, 20.31296],
        [77.22002, 20.31043],
        [77.21783, 20.30726],
        [77.21563, 20.3024],
        [77.21517, 20.29687],
        [77.21443, 20.29351],
        [77.21605, 20.28248],
        [77.21528, 20.27786],
        [77.20725, 20.27586],
        [77.20205, 20.27362],
        [77.20347, 20.27025],
        [77.2031, 20.25802],
        [77.20291, 20.2577],
        [77.18037, 20.26967],
        [77.16248, 20.27831],
        [77.16224, 20.27837],
        [77.15721, 20.27978],
        [77.15654, 20.27996],
        [77.15645, 20.27967],
        [77.14582, 20.27861],
        [77.14171, 20.27945],
        [77.13978, 20.27697],
        [77.13861, 20.27183],
        [77.13647, 20.26569],
        [77.13542, 20.25736],
        [77.13553, 20.25449],
        [77.13994, 20.254],
        [77.14753, 20.25353],
        [77.15116, 20.25245],
        [77.15458, 20.25128],
        [77.15704, 20.24881],
        [77.1589, 20.24409],
        [77.15952, 20.23645],
        [77.15758, 20.23416],
        [77.14952, 20.23261],
        [77.14524, 20.22928],
        [77.14545, 20.22354],
        [77.14416, 20.21748],
        [77.14358, 20.21008],
        [77.14072, 20.20488],
        [77.13779, 20.20191],
        [77.13248, 20.19919],
        [77.12761, 20.19392],
        [77.12565, 20.19195],
        [77.1174, 20.1914],
        [77.11112, 20.19513],
        [77.10585, 20.19707],
        [77.09763, 20.2001],
        [77.09444, 20.19662],
        [77.09163, 20.1949],
        [77.08227, 20.18917],
        [77.07624, 20.19151],
        [77.06951, 20.19412],
        [77.06783, 20.19433],
        [77.0661, 20.19455],
        [77.06231, 20.19285],
        [77.06139, 20.19202],
        [77.05496, 20.18623],
        [77.05604, 20.16615],
        [77.05617, 20.16381],
        [77.05618, 20.16355],
        [77.05619, 20.16339],
        [77.05345, 20.1629],
        [77.05193, 20.15765],
        [77.04888, 20.14714],
        [77.05556, 20.14458],
        [77.05644, 20.14119],
        [77.05623, 20.137],
        [77.05354, 20.13751],
        [77.04915, 20.13833],
        [77.04673, 20.13878],
        [77.04784, 20.13366],
        [77.04485, 20.13466],
        [77.04474, 20.13466],
        [77.04448, 20.13457],
        [77.03839, 20.13269],
        [77.04066, 20.12889],
        [77.04255, 20.12245],
        [77.04204, 20.12033],
        [77.03949, 20.12229],
        [77.03925, 20.12237],
        [77.03457, 20.12384],
        [77.03281, 20.1244],
        [77.02939, 20.12436],
        [77.02748, 20.11894],
        [77.02691, 20.11733],
        [77.02385, 20.10867],
        [77.01913, 20.11082],
        [77.0177, 20.10461],
        [77.01448, 20.09064],
        [77.01427, 20.08977],
        [77.01424, 20.0896],
        [77.01293, 20.08395],
        [77.01189, 20.07941],
        [77.00545, 20.06924],
        [77.00264, 20.068],
        [76.99819, 20.06321],
        [76.99631, 20.05261],
        [76.99777, 20.04557],
        [76.99852, 20.04096],
        [76.99952, 20.03454],
        [77.00449, 20.03039],
        [77.00816, 20.02693],
        [77.0085, 20.02479],
        [77.00758, 20.02236],
        [77.00495, 20.01821],
        [77.00203, 20.015],
        [77.00095, 20.01239],
        [77.0007, 20.01264],
        [76.99962, 20.01377],
        [76.9989, 20.01453],
        [76.99765, 20.01627],
        [76.99682, 20.0173],
        [76.99579, 20.01782],
        [76.99462, 20.01789],
        [76.99386, 20.01765],
        [76.99197, 20.01668],
        [76.99197, 20.01599],
        [76.99211, 20.01205],
        [76.99183, 20.01118],
        [76.99121, 20.00942],
        [76.99001, 20.0051],
        [76.98905, 20.00361],
        [76.98864, 20.0025],
        [76.9884, 20.00069],
        [76.9885, 20.0005],
        [76.98846, 20.00028],
        [76.98843, 20.00005],
        [76.9884, 19.99983],
        [76.98836, 19.9996],
        [76.98833, 19.99937],
        [76.9883, 19.99915],
        [76.98828, 19.99892],
        [76.98825, 19.9987],
        [76.98819, 19.9985],
        [76.98796, 19.99838],
        [76.98759, 19.99841],
        [76.98719, 19.99842],
        [76.9868, 19.99843],
        [76.9864, 19.99844],
        [76.98601, 19.99843],
        [76.98561, 19.99841],
        [76.98522, 19.99839],
        [76.98482, 19.99835],
        [76.98443, 19.99831],
        [76.98404, 19.99825],
        [76.98345, 19.9982],
        [76.98286, 19.99816],
        [76.98227, 19.99811],
        [76.98168, 19.99806],
        [76.98109, 19.99802],
        [76.9805, 19.99797],
        [76.97991, 19.99793],
        [76.97933, 19.99789],
        [76.97874, 19.99785],
        [76.97821, 19.99775],
        [76.97768, 19.99764],
        [76.97715, 19.99755],
        [76.97662, 19.99747],
        [76.97609, 19.99739],
        [76.97556, 19.99731],
        [76.97502, 19.99725],
        [76.97449, 19.99719],
        [76.97395, 19.99713],
        [76.97357, 19.99707],
        [76.97321, 19.99695],
        [76.97303, 19.99687],
        [76.97286, 19.99678],
        [76.9727, 19.99667],
        [76.97255, 19.99655],
        [76.97241, 19.99642],
        [76.97223, 19.99631],
        [76.97206, 19.9962],
        [76.97189, 19.99608],
        [76.97173, 19.99596],
        [76.97156, 19.99584],
        [76.9714, 19.99571],
        [76.97123, 19.99559],
        [76.97107, 19.99546],
        [76.97091, 19.99533],
        [76.97045, 19.99494],
        [76.96999, 19.99456],
        [76.96953, 19.99417],
        [76.96908, 19.99378],
        [76.96862, 19.99339],
        [76.96816, 19.993],
        [76.96771, 19.9926],
        [76.96725, 19.99221],
        [76.9668, 19.99182],
        [76.96649, 19.9915],
        [76.96619, 19.99119],
        [76.96588, 19.99087],
        [76.96558, 19.99055],
        [76.96528, 19.99023],
        [76.96498, 19.98991],
        [76.96468, 19.98959],
        [76.96438, 19.98927],
        [76.96409, 19.98894],
        [76.96386, 19.98871],
        [76.96362, 19.9885],
        [76.96336, 19.9883],
        [76.96309, 19.98812],
        [76.96282, 19.98796],
        [76.96253, 19.98782],
        [76.96223, 19.9877],
        [76.96192, 19.9876],
        [76.96161, 19.98752],
        [76.96118, 19.98742],
        [76.96075, 19.98733],
        [76.96032, 19.98723],
        [76.95989, 19.98714],
        [76.95946, 19.98706],
        [76.95903, 19.98697],
        [76.95859, 19.98689],
        [76.95816, 19.98681],
        [76.95773, 19.98673],
        [76.95746, 19.9867],
        [76.95719, 19.98666],
        [76.95692, 19.98661],
        [76.95666, 19.98656],
        [76.9564, 19.98649],
        [76.95614, 19.98642],
        [76.95588, 19.98634],
        [76.95562, 19.98625],
        [76.95537, 19.98615],
        [76.95518, 19.98608],
        [76.955, 19.98602],
        [76.95481, 19.98597],
        [76.95461, 19.98592],
        [76.95442, 19.98589],
        [76.95422, 19.98586],
        [76.95403, 19.98583],
        [76.95383, 19.98582],
        [76.95363, 19.98581],
        [76.95339, 19.98581],
        [76.95315, 19.98581],
        [76.9529, 19.98582],
        [76.95266, 19.98583],
        [76.95242, 19.98585],
        [76.95218, 19.98588],
        [76.95193, 19.9859],
        [76.95169, 19.98594],
        [76.95145, 19.98598],
        [76.9512, 19.98601],
        [76.95096, 19.98604],
        [76.95071, 19.98606],
        [76.95045, 19.98608],
        [76.9502, 19.98609],
        [76.94995, 19.9861],
        [76.9497, 19.9861],
        [76.94945, 19.98609],
        [76.9492, 19.98608],
        [76.94868, 19.98597],
        [76.94817, 19.98587],
        [76.94765, 19.98578],
        [76.94714, 19.98568],
        [76.94662, 19.98559],
        [76.9461, 19.98551],
        [76.94559, 19.98543],
        [76.94507, 19.98535],
        [76.94447, 19.98528],
        [76.94418, 19.9852],
        [76.94396, 19.98499],
        [76.94385, 19.98476],
        [76.94375, 19.98453],
        [76.94366, 19.98429],
        [76.94358, 19.98405],
        [76.9435, 19.98381],
        [76.94335, 19.98364],
        [76.94296, 19.98346],
        [76.94272, 19.98334],
        [76.94248, 19.98323],
        [76.94224, 19.98313],
        [76.942, 19.98302],
        [76.94175, 19.98292],
        [76.94151, 19.98283],
        [76.94126, 19.98274],
        [76.94101, 19.98265],
        [76.94057, 19.98243],
        [76.94012, 19.98221],
        [76.93966, 19.982],
        [76.93921, 19.98179],
        [76.93875, 19.98159],
        [76.93829, 19.9814],
        [76.93783, 19.98121],
        [76.93737, 19.98102],
        [76.9369, 19.98084],
        [76.93666, 19.98073],
        [76.93643, 19.98059],
        [76.93622, 19.98044],
        [76.93601, 19.98027],
        [76.93541, 19.97996],
        [76.9349, 19.97975],
        [76.93439, 19.97955],
        [76.93388, 19.97936],
        [76.93336, 19.97917],
        [76.93285, 19.97899],
        [76.93233, 19.97881],
        [76.9318, 19.97865],
        [76.93128, 19.97849],
        [76.93066, 19.97832],
        [76.93003, 19.97814],
        [76.92942, 19.97796],
        [76.9288, 19.97776],
        [76.92819, 19.97756],
        [76.92757, 19.97735],
        [76.92696, 19.97714],
        [76.92636, 19.97691],
        [76.92576, 19.97668],
        [76.92528, 19.97656],
        [76.92481, 19.97645],
        [76.92434, 19.97633],
        [76.92387, 19.97621],
        [76.92339, 19.97609],
        [76.92292, 19.97597],
        [76.92245, 19.97586],
        [76.92198, 19.97574],
        [76.92142, 19.97562],
        [76.92114, 19.97546],
        [76.92105, 19.97512],
        [76.92102, 19.9749],
        [76.92099, 19.97468],
        [76.92096, 19.97446],
        [76.92093, 19.97424],
        [76.92089, 19.97403],
        [76.92079, 19.97383],
        [76.92065, 19.97366],
        [76.92046, 19.97354],
        [76.91996, 19.97324],
        [76.91957, 19.973],
        [76.91916, 19.97276],
        [76.91876, 19.97252],
        [76.91835, 19.97229],
        [76.91794, 19.97207],
        [76.91753, 19.97185],
        [76.91711, 19.97164],
        [76.91669, 19.97143],
        [76.916, 19.97106],
        [76.9153, 19.9707],
        [76.9146, 19.97035],
        [76.91389, 19.97002],
        [76.91317, 19.9697],
        [76.91244, 19.9694],
        [76.91171, 19.96911],
        [76.91098, 19.96883],
        [76.91024, 19.96857],
        [76.90976, 19.96844],
        [76.90928, 19.96829],
        [76.90881, 19.96814],
        [76.90834, 19.96798],
        [76.90787, 19.96782],
        [76.90741, 19.96764],
        [76.90695, 19.96746],
        [76.90649, 19.96726],
        [76.90603, 19.96707],
        [76.90547, 19.96681],
        [76.90491, 19.96655],
        [76.90436, 19.96629],
        [76.9038, 19.96602],
        [76.90325, 19.96574],
        [76.9027, 19.96546],
        [76.90216, 19.96518],
        [76.90161, 19.96489],
        [76.90107, 19.96459],
        [76.9009, 19.96446],
        [76.90081, 19.96426],
        [76.90082, 19.96399],
        [76.90082, 19.96377],
        [76.90083, 19.96356],
        [76.90083, 19.96334],
        [76.90083, 19.96313],
        [76.90084, 19.96292],
        [76.90084, 19.9627],
        [76.90084, 19.96249],
        [76.90084, 19.96227],
        [76.90084, 19.96179],
        [76.90084, 19.96132],
        [76.90084, 19.96084],
        [76.90084, 19.96036],
        [76.90085, 19.95988],
        [76.90085, 19.95941],
        [76.90086, 19.95893],
        [76.90087, 19.95845],
        [76.90088, 19.95797],
        [76.90087, 19.95778],
        [76.90086, 19.95758],
        [76.90085, 19.95738],
        [76.90084, 19.95719],
        [76.90083, 19.95699],
        [76.90082, 19.95679],
        [76.90081, 19.9566],
        [76.90079, 19.9564],
        [76.90078, 19.9562],
        [76.90072, 19.95591],
        [76.90066, 19.95561],
        [76.9006, 19.95532],
        [76.90053, 19.95502],
        [76.90046, 19.95473],
        [76.90038, 19.95444],
        [76.9003, 19.95415],
        [76.90021, 19.95386],
        [76.90012, 19.95358],
        [76.90005, 19.95325],
        [76.8998, 19.95302],
        [76.89947, 19.95299],
        [76.89913, 19.95304],
        [76.89883, 19.95309],
        [76.89857, 19.95302],
        [76.89807, 19.95248],
        [76.89773, 19.95205],
        [76.8974, 19.95162],
        [76.89707, 19.95119],
        [76.89673, 19.95076],
        [76.8964, 19.95033],
        [76.89607, 19.9499],
        [76.89574, 19.94947],
        [76.89541, 19.94905],
        [76.89529, 19.94887],
        [76.89508, 19.94887],
        [76.89485, 19.94903],
        [76.89458, 19.94917],
        [76.89432, 19.94924],
        [76.89409, 19.94932],
        [76.89388, 19.94944],
        [76.8937, 19.94961],
        [76.89358, 19.94982],
        [76.89343, 19.95004],
        [76.89327, 19.95025],
        [76.89312, 19.95046],
        [76.89296, 19.95067],
        [76.89281, 19.95088],
        [76.89265, 19.9511],
        [76.89249, 19.95131],
        [76.89234, 19.95152],
        [76.89212, 19.95182],
        [76.89197, 19.95199],
        [76.89178, 19.95212],
        [76.89157, 19.9522],
        [76.89134, 19.95223],
        [76.891, 19.95228],
        [76.89065, 19.95234],
        [76.8903, 19.95239],
        [76.88996, 19.95244],
        [76.88961, 19.95248],
        [76.88926, 19.95253],
        [76.88892, 19.95257],
        [76.88857, 19.95261],
        [76.88822, 19.95265],
        [76.88726, 19.95278],
        [76.88629, 19.95292],
        [76.88533, 19.95305],
        [76.88436, 19.95319],
        [76.8834, 19.95332],
        [76.88244, 19.95345],
        [76.88147, 19.95359],
        [76.88051, 19.95372],
        [76.87954, 19.95385],
        [76.87891, 19.95388],
        [76.87828, 19.95392],
        [76.87764, 19.95397],
        [76.87701, 19.95403],
        [76.87638, 19.9541],
        [76.87575, 19.95418],
        [76.87513, 19.95428],
        [76.8745, 19.95438],
        [76.8738, 19.95452],
        [76.87357, 19.95474],
        [76.87353, 19.95505],
        [76.87351, 19.95532],
        [76.87348, 19.95558],
        [76.87344, 19.95584],
        [76.87339, 19.95611],
        [76.87334, 19.95637],
        [76.87328, 19.95662],
        [76.87321, 19.95688],
        [76.87312, 19.95713],
        [76.87304, 19.95753],
        [76.87297, 19.95783],
        [76.87279, 19.95808],
        [76.87253, 19.95824],
        [76.87224, 19.9583],
        [76.87198, 19.95831],
        [76.87172, 19.95833],
        [76.87146, 19.95834],
        [76.87121, 19.95836],
        [76.87095, 19.95837],
        [76.87069, 19.95839],
        [76.87043, 19.95841],
        [76.87018, 19.95843],
        [76.86992, 19.95845],
        [76.86899, 19.95857],
        [76.86806, 19.95869],
        [76.86713, 19.9588],
        [76.8662, 19.95892],
        [76.86527, 19.95903],
        [76.86434, 19.95914],
        [76.8634, 19.95925],
        [76.86247, 19.95936],
        [76.86154, 19.95947],
        [76.86075, 19.9596],
        [76.85996, 19.95973],
        [76.85917, 19.95987],
        [76.85839, 19.96001],
        [76.8576, 19.96016],
        [76.85682, 19.96031],
        [76.85603, 19.96046],
        [76.85525, 19.96062],
        [76.85446, 19.96077],
        [76.85369, 19.96093],
        [76.85291, 19.96109],
        [76.85213, 19.96124],
        [76.85136, 19.9614],
        [76.85058, 19.96156],
        [76.84981, 19.96172],
        [76.84904, 19.96188],
        [76.84826, 19.96205],
        [76.84749, 19.96221],
        [76.84689, 19.96234],
        [76.84628, 19.96246],
        [76.84568, 19.96259],
        [76.84508, 19.96271],
        [76.84448, 19.96282],
        [76.84388, 19.96294],
        [76.84327, 19.96306],
        [76.84267, 19.96317],
        [76.84207, 19.96328],
        [76.84155, 19.96335],
        [76.84104, 19.96342],
        [76.84053, 19.96349],
        [76.84002, 19.96357],
        [76.83951, 19.96365],
        [76.839, 19.96374],
        [76.83849, 19.96383],
        [76.83798, 19.96392],
        [76.83729, 19.96406],
        [76.83705, 19.96398],
        [76.83679, 19.96364],
        [76.83663, 19.96339],
        [76.83646, 19.96314],
        [76.83629, 19.96289],
        [76.83613, 19.96264],
        [76.83595, 19.96239],
        [76.83578, 19.96214],
        [76.83561, 19.9619],
        [76.83543, 19.96165],
        [76.83519, 19.96141],
        [76.83497, 19.96115],
        [76.83476, 19.96088],
        [76.83457, 19.9606],
        [76.8344, 19.9603],
        [76.83424, 19.96],
        [76.8341, 19.95969],
        [76.83398, 19.95937],
        [76.83388, 19.95905],
        [76.83381, 19.95883],
        [76.83375, 19.95862],
        [76.83369, 19.9584],
        [76.83362, 19.95819],
        [76.83356, 19.95797],
        [76.83351, 19.95775],
        [76.83345, 19.95754],
        [76.83339, 19.95732],
        [76.83334, 19.9571],
        [76.83318, 19.95649],
        [76.83301, 19.95588],
        [76.83285, 19.95526],
        [76.83268, 19.95465],
        [76.83251, 19.95404],
        [76.83235, 19.95343],
        [76.83218, 19.95282],
        [76.83201, 19.95221],
        [76.83183, 19.9516],
        [76.83177, 19.95113],
        [76.83168, 19.95066],
        [76.83159, 19.95019],
        [76.83148, 19.94973],
        [76.83135, 19.94927],
        [76.83121, 19.94882],
        [76.83105, 19.94837],
        [76.83088, 19.94792],
        [76.8307, 19.94748],
        [76.83058, 19.94716],
        [76.83046, 19.94684],
        [76.83033, 19.94653],
        [76.83019, 19.94622],
        [76.83004, 19.94591],
        [76.82989, 19.94561],
        [76.82972, 19.94531],
        [76.82955, 19.94501],
        [76.82937, 19.94472],
        [76.82901, 19.94406],
        [76.82865, 19.9434],
        [76.82829, 19.94275],
        [76.82793, 19.94209],
        [76.82757, 19.94143],
        [76.82721, 19.94077],
        [76.82685, 19.94011],
        [76.82649, 19.93946],
        [76.82613, 19.9388],
        [76.82595, 19.93847],
        [76.82578, 19.93814],
        [76.82561, 19.93781],
        [76.82543, 19.93749],
        [76.82525, 19.93716],
        [76.82507, 19.93684],
        [76.82488, 19.93652],
        [76.82469, 19.9362],
        [76.82451, 19.93588],
        [76.82441, 19.93557],
        [76.8243, 19.93526],
        [76.82419, 19.93495],
        [76.82408, 19.93465],
        [76.82395, 19.93435],
        [76.82383, 19.93405],
        [76.8237, 19.93375],
        [76.82356, 19.93346],
        [76.82341, 19.93317],
        [76.82323, 19.93283],
        [76.82305, 19.9325],
        [76.82289, 19.93215],
        [76.82274, 19.9318],
        [76.82261, 19.93144],
        [76.82249, 19.93108],
        [76.82238, 19.93071],
        [76.82229, 19.93034],
        [76.82221, 19.92997],
        [76.82217, 19.92972],
        [76.82202, 19.92951],
        [76.82179, 19.92939],
        [76.82141, 19.92942],
        [76.82115, 19.92945],
        [76.8209, 19.92948],
        [76.82064, 19.92951],
        [76.82039, 19.92954],
        [76.82013, 19.92957],
        [76.81988, 19.9296],
        [76.81962, 19.92962],
        [76.81937, 19.92965],
        [76.81911, 19.92968],
        [76.81862, 19.92976],
        [76.81814, 19.92984],
        [76.81765, 19.9299],
        [76.81716, 19.92996],
        [76.81667, 19.93001],
        [76.81618, 19.93005],
        [76.81569, 19.93009],
        [76.8152, 19.93011],
        [76.81471, 19.93013],
        [76.81411, 19.93015],
        [76.81351, 19.93017],
        [76.81292, 19.93019],
        [76.81232, 19.9302],
        [76.81172, 19.93022],
        [76.81113, 19.93023],
        [76.81053, 19.93025],
        [76.80993, 19.93026],
        [76.80934, 19.93027],
        [76.80903, 19.93025],
        [76.80873, 19.93023],
        [76.80842, 19.93022],
        [76.80812, 19.93022],
        [76.80781, 19.93022],
        [76.80751, 19.93022],
        [76.8072, 19.93023],
        [76.8069, 19.93025],
        [76.80659, 19.93027],
        [76.80614, 19.93031],
        [76.80569, 19.93037],
        [76.80524, 19.93044],
        [76.80479, 19.93051],
        [76.80434, 19.9306],
        [76.8039, 19.9307],
        [76.80346, 19.93081],
        [76.80302, 19.93094],
        [76.80258, 19.93107],
        [76.8022, 19.93114],
        [76.80182, 19.93121],
        [76.80145, 19.93128],
        [76.80107, 19.93136],
        [76.80069, 19.93145],
        [76.80032, 19.93154],
        [76.79994, 19.93164],
        [76.79957, 19.93174],
        [76.7992, 19.93184],
        [76.79854, 19.93201],
        [76.79787, 19.93218],
        [76.7972, 19.93233],
        [76.79653, 19.93247],
        [76.79586, 19.9326],
        [76.79518, 19.93272],
        [76.79451, 19.93284],
        [76.79383, 19.93294],
        [76.79315, 19.93303],
        [76.79285, 19.93311],
        [76.79255, 19.93317],
        [76.79224, 19.93322],
        [76.79194, 19.93325],
        [76.79163, 19.93327],
        [76.79132, 19.93328],
        [76.79101, 19.93327],
        [76.7907, 19.93325],
        [76.7904, 19.93321],
        [76.79007, 19.93321],
        [76.78973, 19.93322],
        [76.7894, 19.93323],
        [76.78907, 19.93326],
        [76.78873, 19.9333],
        [76.7884, 19.93335],
        [76.78808, 19.9334],
        [76.78775, 19.93347],
        [76.78742, 19.93355],
        [76.78714, 19.93363],
        [76.78684, 19.93369],
        [76.78655, 19.93375],
        [76.78626, 19.93379],
        [76.78596, 19.93382],
        [76.78566, 19.93384],
        [76.78536, 19.93384],
        [76.78506, 19.93384],
        [76.78477, 19.93382],
        [76.78444, 19.9338],
        [76.78412, 19.93379],
        [76.78379, 19.93379],
        [76.78347, 19.9338],
        [76.78314, 19.93382],
        [76.78282, 19.93385],
        [76.7825, 19.93389],
        [76.78217, 19.93394],
        [76.78186, 19.934],
        [76.78149, 19.93407],
        [76.78112, 19.93415],
        [76.78075, 19.93423],
        [76.78039, 19.93432],
        [76.78003, 19.93441],
        [76.77967, 19.93451],
        [76.77931, 19.93462],
        [76.77895, 19.93473],
        [76.7786, 19.93485],
        [76.77819, 19.93496],
        [76.77779, 19.93507],
        [76.77739, 19.93516],
        [76.77698, 19.93525],
        [76.77657, 19.93534],
        [76.77616, 19.93542],
        [76.77575, 19.93549],
        [76.77534, 19.93556],
        [76.77493, 19.93562],
        [76.77465, 19.93565],
        [76.77438, 19.93569],
        [76.77411, 19.93573],
        [76.77384, 19.93577],
        [76.77356, 19.93581],
        [76.77329, 19.93586],
        [76.77302, 19.93591],
        [76.77275, 19.93596],
        [76.77233, 19.93607],
        [76.77216, 19.93594],
        [76.77216, 19.93566],
        [76.77214, 19.93534],
        [76.77211, 19.93501],
        [76.77207, 19.93469],
        [76.77203, 19.93436],
        [76.772, 19.93373],
        [76.77196, 19.93311],
        [76.77192, 19.93248],
        [76.77188, 19.93185],
        [76.77183, 19.93122],
        [76.77178, 19.93059],
        [76.77173, 19.92997],
        [76.77167, 19.92934],
        [76.77161, 19.92871],
        [76.77159, 19.92837],
        [76.77151, 19.92803],
        [76.77138, 19.92772],
        [76.7712, 19.92743],
        [76.77101, 19.92714],
        [76.77087, 19.92683],
        [76.77075, 19.92651],
        [76.77066, 19.92618],
        [76.77059, 19.92585],
        [76.77051, 19.92557],
        [76.77051, 19.92529],
        [76.7706, 19.92502],
        [76.77075, 19.92478],
        [76.77098, 19.92456],
        [76.7712, 19.9243],
        [76.77139, 19.92402],
        [76.77153, 19.9237],
        [76.77162, 19.92338],
        [76.7716, 19.92311],
        [76.77144, 19.92288],
        [76.77126, 19.9227],
        [76.77113, 19.92247],
        [76.77106, 19.92222],
        [76.77101, 19.92198],
        [76.77097, 19.92174],
        [76.77094, 19.92149],
        [76.77092, 19.92125],
        [76.77082, 19.9207],
        [76.77073, 19.92015],
        [76.77064, 19.9196],
        [76.77055, 19.91904],
        [76.77046, 19.91849],
        [76.77037, 19.91794],
        [76.77029, 19.91738],
        [76.77021, 19.91683],
        [76.77013, 19.91628],
        [76.77009, 19.91597],
        [76.77003, 19.91567],
        [76.76995, 19.91537],
        [76.76987, 19.91508],
        [76.76977, 19.91479],
        [76.76966, 19.9145],
        [76.76954, 19.91422],
        [76.76941, 19.91394],
        [76.76926, 19.91367],
        [76.7691, 19.91338],
        [76.76894, 19.91308],
        [76.76879, 19.91278],
        [76.76863, 19.91248],
        [76.76847, 19.91218],
        [76.76832, 19.91188],
        [76.76817, 19.91158],
        [76.76802, 19.91128],
        [76.76787, 19.91098],
        [76.76757, 19.91034],
        [76.76726, 19.9097],
        [76.76695, 19.90906],
        [76.76664, 19.90842],
        [76.76633, 19.90778],
        [76.76603, 19.90714],
        [76.76572, 19.90651],
        [76.76542, 19.90586],
        [76.76512, 19.90522],
        [76.76489, 19.90502],
        [76.76465, 19.90502],
        [76.76434, 19.90516],
        [76.76406, 19.90525],
        [76.76369, 19.90533],
        [76.76328, 19.90541],
        [76.76287, 19.9055],
        [76.76247, 19.90558],
        [76.76206, 19.90567],
        [76.76165, 19.90576],
        [76.76124, 19.90585],
        [76.76084, 19.90593],
        [76.76043, 19.90602],
        [76.75987, 19.90616],
        [76.75955, 19.90627],
        [76.75924, 19.90641],
        [76.75895, 19.90657],
        [76.75867, 19.90677],
        [76.75852, 19.90691],
        [76.75835, 19.90705],
        [76.75818, 19.90718],
        [76.75801, 19.90731],
        [76.75783, 19.90743],
        [76.75765, 19.90754],
        [76.75746, 19.90764],
        [76.75727, 19.90774],
        [76.75708, 19.90783],
        [76.75684, 19.90795],
        [76.7566, 19.90806],
        [76.75636, 19.90817],
        [76.75611, 19.90827],
        [76.75587, 19.90837],
        [76.75561, 19.90846],
        [76.75536, 19.90854],
        [76.75511, 19.90862],
        [76.75485, 19.90869],
        [76.75448, 19.9088],
        [76.75411, 19.90891],
        [76.75374, 19.90904],
        [76.75338, 19.90918],
        [76.75302, 19.90933],
        [76.75267, 19.9095],
        [76.75232, 19.90967],
        [76.75198, 19.90985],
        [76.75165, 19.91005],
        [76.74873, 19.91139],
        [76.74673, 19.91216],
        [76.74668, 19.91189],
        [76.74656, 19.91133],
        [76.74646, 19.91044],
        [76.74629, 19.90989],
        [76.74612, 19.90944],
        [76.74595, 19.90905],
        [76.7454, 19.90783],
        [76.74512, 19.90722],
        [76.74495, 19.90678],
        [76.74446, 19.90528],
        [76.7429, 19.90123],
        [76.74212, 19.89973],
        [76.74185, 19.89928],
        [76.74179, 19.89901],
        [76.74185, 19.89862],
        [76.74218, 19.89812],
        [76.74229, 19.89778],
        [76.7424, 19.89728],
        [76.74251, 19.89684],
        [76.74251, 19.89617],
        [76.74257, 19.89556],
        [76.74263, 19.89506],
        [76.74274, 19.89451],
        [76.74273, 19.89412],
        [76.74274, 19.8934],
        [76.74285, 19.89301],
        [76.74285, 19.89273],
        [76.74285, 19.89229],
        [76.74307, 19.88901],
        [76.74302, 19.88835],
        [76.74285, 19.88723],
        [76.74285, 19.88585],
        [76.74274, 19.88524],
        [76.74246, 19.88346],
        [76.7424, 19.88296],
        [76.74229, 19.88202],
        [76.74224, 19.88157],
        [76.74207, 19.88113],
        [76.74202, 19.88085],
        [76.74185, 19.88041],
        [76.74102, 19.87741],
        [76.7409, 19.87669],
        [76.74074, 19.87597],
        [76.74052, 19.87541],
        [76.74018, 19.87469],
        [76.74007, 19.87424],
        [76.74002, 19.8738],
        [76.7343, 19.8728],
        [76.72953, 19.87186],
        [76.72609, 19.8708],
        [76.72481, 19.87019],
        [76.72387, 19.87008],
        [76.72226, 19.87002],
        [76.71921, 19.87008],
        [76.71621, 19.87069],
        [76.71116, 19.87152],
        [76.70877, 19.87169],
        [76.70716, 19.87197],
        [76.70661, 19.87208],
        [76.70627, 19.8728],
        [76.706, 19.87341],
        [76.70378, 19.87419],
        [76.69973, 19.87502],
        [76.69795, 19.87557],
        [76.69667, 19.87519],
        [76.69495, 19.87447],
        [76.69329, 19.87402],
        [76.69273, 19.87258],
        [76.69268, 19.87225],
        [76.69262, 19.87202],
        [76.69279, 19.87169],
        [76.69318, 19.87152],
        [76.69346, 19.87136],
        [76.69346, 19.87114],
        [76.6934, 19.87075],
        [76.69307, 19.87064],
        [76.69196, 19.8703],
        [76.69118, 19.86908],
        [76.69079, 19.86847],
        [76.69051, 19.86819],
        [76.69024, 19.86797],
        [76.69002, 19.86775],
        [76.68985, 19.8673],
        [76.68968, 19.86703],
        [76.68946, 19.86653],
        [76.68896, 19.86614],
        [76.68879, 19.86597],
        [76.68874, 19.86575],
        [76.68874, 19.86536],
        [76.68874, 19.86503],
        [76.68907, 19.86469],
        [76.68929, 19.86425],
        [76.68946, 19.86403],
        [76.68957, 19.86314],
        [76.68957, 19.86236],
        [76.68968, 19.86198],
        [76.68979, 19.86175],
        [76.69002, 19.86136],
        [76.69029, 19.86114],
        [76.68874, 19.85825],
        [76.68763, 19.85553],
        [76.6853, 19.85237],
        [76.68269, 19.8487],
        [76.68158, 19.84743],
        [76.68047, 19.84715],
        [76.6787, 19.84736],
        [76.67808, 19.84743],
        [76.67614, 19.84854],
        [76.6742, 19.84926],
        [76.67131, 19.84987],
        [76.66715, 19.85065],
        [76.66343, 19.85182],
        [76.65833, 19.85498],
        [76.65477, 19.85742],
        [76.65411, 19.85792],
        [76.65411, 19.85914],
        [76.65416, 19.85953],
        [76.65433, 19.85998],
        [76.651, 19.86286],
        [76.64811, 19.8658],
        [76.64695, 19.86786],
        [76.64727, 19.86817],
        [76.64805, 19.86917],
        [76.64833, 19.8695],
        [76.64878, 19.87011],
        [76.64922, 19.87045],
        [76.64983, 19.87067],
        [76.6501, 19.87095],
        [76.65055, 19.8715],
        [76.65078, 19.87167],
        [76.65149, 19.87306],
        [76.65149, 19.87356],
        [76.65166, 19.874],
        [76.65177, 19.87461],
        [76.6521, 19.87506],
        [76.6521, 19.87533],
        [76.65188, 19.87639],
        [76.652, 19.87689],
        [76.65222, 19.8775],
        [76.65238, 19.87805],
        [76.65261, 19.87855],
        [76.65288, 19.87972],
        [76.65344, 19.88011],
        [76.65383, 19.88094],
        [76.65415, 19.88127],
        [76.65438, 19.88172],
        [76.65499, 19.88305],
        [76.65521, 19.88327],
        [76.65566, 19.88377],
        [76.65605, 19.88449],
        [76.65659, 19.88516],
        [76.65682, 19.88544],
        [76.65715, 19.88605],
        [76.65754, 19.8866],
        [76.65804, 19.88727],
        [76.65815, 19.88755],
        [76.65849, 19.88832],
        [76.65876, 19.8886],
        [76.65881, 19.88938],
        [76.65898, 19.88971],
        [76.6591, 19.89032],
        [76.65926, 19.89082],
        [76.65943, 19.89104],
        [76.65949, 19.89138],
        [76.65949, 19.89188],
        [76.65954, 19.89243],
        [76.65954, 19.89293],
        [76.65927, 19.89332],
        [76.65904, 19.89371],
        [76.65854, 19.89427],
        [76.65827, 19.89476],
        [76.65804, 19.89538],
        [76.65788, 19.89588],
        [76.65759, 19.89643],
        [76.65737, 19.89693],
        [76.65698, 19.89732],
        [76.65688, 19.89776],
        [76.65671, 19.89826],
        [76.65554, 19.89904],
        [76.65488, 19.89971],
        [76.65476, 19.9001],
        [76.65293, 19.90137],
        [76.65266, 19.90137],
        [76.65144, 19.90148],
        [76.64988, 19.9011],
        [76.6491, 19.90115],
        [76.64855, 19.90109],
        [76.64805, 19.90098],
        [76.64711, 19.90065],
        [76.646, 19.90048],
        [76.64461, 19.90021],
        [76.64383, 19.90021],
        [76.64328, 19.90021],
        [76.643, 19.90021],
        [76.64244, 19.90021],
        [76.6419, 19.90021],
        [76.64139, 19.90021],
        [76.64073, 19.90021],
        [76.63961, 19.90021],
        [76.63912, 19.9001],
        [76.638, 19.9001],
        [76.6359, 19.9001],
        [76.63517, 19.89993],
        [76.63395, 19.89993],
        [76.63373, 19.89987],
        [76.6334, 19.89948],
        [76.63146, 19.89754],
        [76.63035, 19.89615],
        [76.63029, 19.89582],
        [76.63024, 19.89482],
        [76.62957, 19.89493],
        [76.62868, 19.89404],
        [76.62835, 19.89393],
        [76.62785, 19.89365],
        [76.62752, 19.8936],
        [76.62724, 19.89332],
        [76.6268, 19.89299],
        [76.62636, 19.89227],
        [76.62469, 19.89004],
        [76.62385, 19.8901],
        [76.62224, 19.89032],
        [76.62102, 19.89066],
        [76.62036, 19.89088],
        [76.6198, 19.8911],
        [76.61892, 19.89132],
        [76.61831, 19.89138],
        [76.61558, 19.89216],
        [76.61331, 19.89243],
        [76.61259, 19.89277],
        [76.61109, 19.89315],
        [76.61092, 19.89582],
        [76.61092, 19.8961],
        [76.61092, 19.8966],
        [76.61092, 19.89732],
        [76.61092, 19.89782],
        [76.61087, 19.89876],
        [76.61082, 19.89965],
        [76.61082, 19.89993],
        [76.61087, 19.90032],
        [76.61104, 19.90043],
        [76.61182, 19.90065],
        [76.61243, 19.90109],
        [76.61331, 19.90137],
        [76.6137, 19.90176],
        [76.61387, 19.9022],
        [76.61398, 19.90254],
        [76.61404, 19.90315],
        [76.61414, 19.90354],
        [76.61409, 19.90415],
        [76.61414, 19.90514],
        [76.61342, 19.90676],
        [76.61331, 19.9072],
        [76.61326, 19.90792],
        [76.61326, 19.90848],
        [76.61331, 19.90897],
        [76.61336, 19.90936],
        [76.61337, 19.90986],
        [76.61353, 19.91048],
        [76.61375, 19.91075],
        [76.61398, 19.91098],
        [76.61409, 19.91186],
        [76.61392, 19.9122],
        [76.61392, 19.91253],
        [76.61348, 19.91275],
        [76.61326, 19.91308],
        [76.61309, 19.9132],
        [76.61265, 19.91358],
        [76.61248, 19.91386],
        [76.61198, 19.91436],
        [76.61176, 19.91469],
        [76.61176, 19.91519],
        [76.6117, 19.91603],
        [76.61148, 19.91658],
        [76.61148, 19.91714],
        [76.61165, 19.91775],
        [76.6112, 19.91858],
        [76.61087, 19.91936],
        [76.6107, 19.91958],
        [76.61015, 19.92041],
        [76.60987, 19.92069],
        [76.60921, 19.92114],
        [76.6087, 19.92141],
        [76.60787, 19.92191],
        [76.60748, 19.9223],
        [76.60704, 19.92274],
        [76.60654, 19.92319],
        [76.60654, 19.92386],
        [76.60676, 19.92458],
        [76.60687, 19.92497],
        [76.60715, 19.92524],
        [76.60732, 19.92547],
        [76.60793, 19.92574],
        [76.60831, 19.92541],
        [76.60876, 19.92513],
        [76.60965, 19.92497],
        [76.61087, 19.92463],
        [76.61248, 19.92419],
        [76.61458, 19.9238],
        [76.61764, 19.92358],
        [76.62031, 19.92358],
        [76.62153, 19.92369],
        [76.6228, 19.92352],
        [76.62319, 19.9233],
        [76.62408, 19.92347],
        [76.62436, 19.92374],
        [76.62469, 19.92408],
        [76.62513, 19.92452],
        [76.62663, 19.9253],
        [76.62741, 19.92535],
        [76.62797, 19.92574],
        [76.62824, 19.92596],
        [76.62851, 19.92657],
        [76.62896, 19.92713],
        [76.62946, 19.92746],
        [76.63019, 19.92796],
        [76.6319, 19.92874],
        [76.63251, 19.92963],
        [76.63334, 19.93013],
        [76.63368, 19.93057],
        [76.63424, 19.93118],
        [76.63607, 19.93224],
        [76.63646, 19.93357],
        [76.63656, 19.93379],
        [76.63656, 19.93451],
        [76.63662, 19.93485],
        [76.63662, 19.93557],
        [76.63673, 19.93612],
        [76.63673, 19.93673],
        [76.63695, 19.93723],
        [76.63668, 19.9384],
        [76.63662, 19.93929],
        [76.63662, 19.93968],
        [76.63634, 19.94035],
        [76.63607, 19.94151],
        [76.63595, 19.94184],
        [76.6359, 19.94223],
        [76.63578, 19.94267],
        [76.63578, 19.94317],
        [76.63578, 19.9439],
        [76.63578, 19.94467],
        [76.63578, 19.94712],
        [76.6359, 19.94762],
        [76.63607, 19.94823],
        [76.63607, 19.94862],
        [76.63607, 19.94912],
        [76.63607, 19.95006],
        [76.63607, 19.95061],
        [76.63601, 19.95095],
        [76.63585, 19.95145],
        [76.63568, 19.95172],
        [76.63529, 19.95222],
        [76.63523, 19.95267],
        [76.63473, 19.95317],
        [76.63462, 19.95367],
        [76.63468, 19.95417],
        [76.63485, 19.95456],
        [76.63468, 19.95567],
        [76.63485, 19.95628],
        [76.63507, 19.95716],
        [76.6359, 19.95816],
        [76.63678, 19.959],
        [76.63845, 19.96039],
        [76.64128, 19.96205],
        [76.64472, 19.96433],
        [76.64611, 19.96544],
        [76.64656, 19.96555],
        [76.64717, 19.96555],
        [76.64778, 19.96544],
        [76.64939, 19.96527],
        [76.65327, 19.96505],
        [76.6561, 19.96505],
        [76.65926, 19.96483],
        [76.65988, 19.96738],
        [76.66142, 19.97471],
        [76.66187, 19.97743],
        [76.66103, 19.97826],
        [76.65827, 19.97987],
        [76.65771, 19.98065],
        [76.65682, 19.98098],
        [76.6561, 19.98104],
        [76.65588, 19.98104],
        [76.65515, 19.98132],
        [76.6546, 19.98137],
        [76.65283, 19.98181],
        [76.65244, 19.98198],
        [76.65149, 19.9822],
        [76.65077, 19.98243],
        [76.65005, 19.9827],
        [76.64932, 19.98287],
        [76.64894, 19.98304],
        [76.64839, 19.98326],
        [76.648, 19.98348],
        [76.64766, 19.98348],
        [76.64733, 19.98365],
        [76.6471, 19.98392],
        [76.64678, 19.98398],
        [76.64633, 19.98437],
        [76.64533, 19.98492],
        [76.64655, 19.98653],
        [76.65032, 19.99042],
        [76.65227, 19.99281],
        [76.65405, 19.99514],
        [76.65488, 19.99675],
        [76.65571, 19.99769],
        [76.65593, 19.99803],
        [76.65632, 19.99858],
        [76.65698, 19.99953],
        [76.65689, 20.00073],
        [76.65724, 20.00108],
        [76.65757, 20.00165],
        [76.65799, 20.00431],
        [76.65854, 20.00709],
        [76.65861, 20.0079],
        [76.65894, 20.00996],
        [76.65913, 20.01076],
        [76.65938, 20.01245],
        [76.6593, 20.01518],
        [76.65934, 20.01819],
        [76.65939, 20.02099],
        [76.6592, 20.02318],
        [76.65929, 20.02388],
        [76.65973, 20.02568],
        [76.66069, 20.02874],
        [76.66157, 20.03149],
        [76.66261, 20.03488],
        [76.66272, 20.03551],
        [76.66271, 20.03735],
        [76.6628, 20.04032],
        [76.66288, 20.04302],
        [76.66278, 20.04522],
        [76.66271, 20.04686],
        [76.66268, 20.04781],
        [76.66068, 20.04792],
        [76.65805, 20.04811],
        [76.65528, 20.04825],
        [76.65279, 20.0484],
        [76.65024, 20.04861],
        [76.64768, 20.04874],
        [76.64504, 20.0489],
        [76.64238, 20.04906],
        [76.64021, 20.0492],
        [76.63808, 20.04932],
        [76.6372, 20.04937],
        [76.63552, 20.0495],
        [76.63487, 20.04951],
        [76.63376, 20.04948],
        [76.63306, 20.04955],
        [76.6324, 20.04979],
        [76.63141, 20.05015],
        [76.63039, 20.05045],
        [76.62939, 20.05074],
        [76.62766, 20.05108],
        [76.62673, 20.0512],
        [76.62514, 20.05117],
        [76.62416, 20.05126],
        [76.6243, 20.052],
        [76.62505, 20.05517],
        [76.62566, 20.05822],
        [76.62619, 20.06103],
        [76.62665, 20.06361],
        [76.62691, 20.06444],
        [76.62742, 20.0665],
        [76.6278, 20.06761],
        [76.62765, 20.06829],
        [76.6277, 20.06932],
        [76.62862, 20.0721],
        [76.62914, 20.07372],
        [76.62965, 20.07505],
        [76.62993, 20.07627],
        [76.63009, 20.07817],
        [76.63024, 20.08009],
        [76.63035, 20.08226],
        [76.63048, 20.08228],
        [76.6314, 20.08228],
        [76.63229, 20.08203],
        [76.63322, 20.08166],
        [76.6339, 20.08099],
        [76.63446, 20.08032],
        [76.63465, 20.07993],
        [76.63485, 20.07939],
        [76.63497, 20.07833],
        [76.63501, 20.07757],
        [76.63514, 20.07696],
        [76.63558, 20.07588],
        [76.63597, 20.07516],
        [76.63644, 20.07438],
        [76.63693, 20.07331],
        [76.63719, 20.07239],
        [76.63727, 20.07167],
        [76.6371, 20.07077],
        [76.63718, 20.07021],
        [76.63759, 20.06984],
        [76.63809, 20.06973],
        [76.63918, 20.06996],
        [76.6398, 20.07015],
        [76.64065, 20.07033],
        [76.64147, 20.07043],
        [76.64244, 20.07043],
        [76.64359, 20.07027],
        [76.64426, 20.06999],
        [76.64503, 20.0697],
        [76.6459, 20.06933],
        [76.64677, 20.06916],
        [76.64728, 20.06916],
        [76.64825, 20.06923],
        [76.64951, 20.06953],
        [76.64953, 20.07028],
        [76.64943, 20.07185],
        [76.64946, 20.07353],
        [76.64947, 20.07516],
        [76.64951, 20.07666],
        [76.64954, 20.07813],
        [76.64957, 20.07964],
        [76.64961, 20.08106],
        [76.64967, 20.0824],
        [76.64969, 20.08287],
        [76.64984, 20.08362],
        [76.65029, 20.08514],
        [76.65067, 20.0867],
        [76.65114, 20.08827],
        [76.65162, 20.08982],
        [76.65182, 20.09044],
        [76.65203, 20.0914],
        [76.65216, 20.09174],
        [76.65324, 20.09279],
        [76.65411, 20.09343],
        [76.65518, 20.09432],
        [76.65656, 20.09575],
        [76.65717, 20.0964],
        [76.65798, 20.09729],
        [76.6583, 20.09735],
        [76.65872, 20.0973],
        [76.66047, 20.09701],
        [76.66059, 20.09705],
        [76.66049, 20.0978],
        [76.66033, 20.09922],
        [76.65983, 20.10049],
        [76.6594, 20.10209],
        [76.65907, 20.10363],
        [76.65876, 20.10512],
        [76.65849, 20.10662],
        [76.65849, 20.108],
        [76.65835, 20.10951],
        [76.65822, 20.11089],
        [76.6582, 20.11223],
        [76.65827, 20.11311],
        [76.65847, 20.11346],
        [76.65985, 20.11481],
        [76.66102, 20.11593],
        [76.66176, 20.11654],
        [76.6633, 20.11732],
        [76.6651, 20.11856],
        [76.66616, 20.11926],
        [76.66703, 20.11985],
        [76.66719, 20.12017],
        [76.66762, 20.12149],
        [76.66809, 20.12313],
        [76.66845, 20.12427],
        [76.6687, 20.12507],
        [76.66899, 20.12588],
        [76.66918, 20.12588],
        [76.67028, 20.12585],
        [76.67129, 20.12581],
        [76.67251, 20.12553],
        [76.67348, 20.12522],
        [76.67551, 20.12468],
        [76.67574, 20.12462],
        [76.67632, 20.12444],
        [76.67769, 20.1241],
        [76.67794, 20.12399],
        [76.67838, 20.12389],
        [76.6791, 20.12368],
        [76.67995, 20.12342],
        [76.68027, 20.12335],
        [76.6807, 20.12324],
        [76.68125, 20.12306],
        [76.68217, 20.12298],
        [76.68249, 20.12298],
        [76.68317, 20.12294],
        [76.68427, 20.12291],
        [76.68447, 20.1229],
        [76.68486, 20.12285],
        [76.68548, 20.12279],
        [76.68653, 20.12252],
        [76.68695, 20.12237],
        [76.68767, 20.12225],
        [76.68875, 20.122],
        [76.68915, 20.12196],
        [76.68996, 20.12179],
        [76.69096, 20.12161],
        [76.69126, 20.12155],
        [76.69319, 20.12158],
        [76.69355, 20.12159],
        [76.6954, 20.12169],
        [76.6957, 20.12174],
        [76.69758, 20.12192],
        [76.698, 20.12195],
        [76.69978, 20.12217],
        [76.7001, 20.12217],
        [76.70196, 20.1225],
        [76.70235, 20.12253],
        [76.70405, 20.12262],
        [76.70472, 20.12265],
        [76.70629, 20.12266],
        [76.70686, 20.12267],
        [76.70791, 20.12269],
        [76.7085, 20.12285],
        [76.71059, 20.12376],
        [76.71132, 20.12402],
        [76.71331, 20.12489],
        [76.71402, 20.1253],
        [76.71473, 20.12556],
        [76.71597, 20.12578],
        [76.71732, 20.12618],
        [76.71812, 20.12639],
        [76.71865, 20.12639],
        [76.71968, 20.1264],
        [76.72013, 20.12634],
        [76.72104, 20.12641],
        [76.72147, 20.1265],
        [76.72219, 20.12663],
        [76.72311, 20.12676],
        [76.72351, 20.12669],
        [76.72414, 20.12671],
        [76.7252, 20.12675],
        [76.72544, 20.12677],
        [76.7263, 20.12682],
        [76.72742, 20.12668],
        [76.72813, 20.12656],
        [76.72871, 20.12637],
        [76.72915, 20.12605],
        [76.72955, 20.12555],
        [76.7299, 20.12492],
        [76.73022, 20.12435],
        [76.73047, 20.12418],
        [76.73094, 20.1242],
        [76.73158, 20.12422],
        [76.73228, 20.12443],
        [76.73317, 20.12484],
        [76.73384, 20.12515],
        [76.73456, 20.12551],
        [76.73514, 20.12587],
        [76.73591, 20.12613],
        [76.73654, 20.12629],
        [76.73813, 20.12655],
        [76.73854, 20.12656],
        [76.73912, 20.12666],
        [76.74031, 20.12698],
        [76.74239, 20.12773],
        [76.74307, 20.12813],
        [76.74455, 20.12847],
        [76.74478, 20.12849],
        [76.7452, 20.12861],
        [76.74582, 20.12864],
        [76.74674, 20.12864],
        [76.74746, 20.12869],
        [76.74956, 20.12842],
        [76.75662, 20.12781],
        [76.75671, 20.12872],
        [76.75712, 20.13078],
        [76.75771, 20.13365],
        [76.75817, 20.13635],
        [76.75863, 20.13907],
        [76.75896, 20.14143],
        [76.7593, 20.14384],
        [76.7594, 20.14707],
        [76.7594, 20.14814],
        [76.75944, 20.1503],
        [76.75965, 20.15116],
        [76.75978, 20.1525],
        [76.75995, 20.15436],
        [76.76036, 20.16157],
        [76.75961, 20.16202],
        [76.75312, 20.16477],
        [76.75176, 20.16529],
        [76.74784, 20.16553],
        [76.74856, 20.16807],
        [76.74935, 20.1702],
        [76.74973, 20.17202],
        [76.75018, 20.17498],
        [76.75031, 20.17687],
        [76.75038, 20.17783],
        [76.75025, 20.17879],
        [76.75004, 20.17938],
        [76.74991, 20.18721],
        [76.7499, 20.18759],
        [76.74804, 20.18749],
        [76.74804, 20.18762],
        [76.74811, 20.18843],
        [76.74805, 20.18889],
        [76.7475, 20.18903],
        [76.74708, 20.18933],
        [76.74698, 20.19049],
        [76.74698, 20.1909],
        [76.74694, 20.19174],
        [76.7469, 20.19269],
        [76.74642, 20.19342],
        [76.74554, 20.1949],
        [76.74528, 20.19569],
        [76.74524, 20.19868],
        [76.7453, 20.20146],
        [76.74522, 20.20185],
        [76.74545, 20.20243],
        [76.74598, 20.203],
        [76.74635, 20.20342],
        [76.74655, 20.20403],
        [76.74661, 20.20545],
        [76.74676, 20.20699],
        [76.74794, 20.20695],
        [76.74826, 20.20697],
        [76.74833, 20.207],
        [76.75012, 20.20715],
        [76.75022, 20.20859],
        [76.75334, 20.20921],
        [76.75649, 20.20955],
        [76.76373, 20.20959],
        [76.76849, 20.20925],
        [76.77072, 20.20893],
        [76.77299, 20.2078],
        [76.77309, 20.20763],
        [76.77271, 20.20619],
        [76.77319, 20.20598],
        [76.77848, 20.20485],
        [76.78351, 20.20381],
        [76.78441, 20.20361],
        [76.78492, 20.20385],
        [76.78564, 20.20464],
        [76.78695, 20.20512],
        [76.78897, 20.20622],
        [76.78965, 20.20663],
        [76.79059, 20.20839],
        [76.79096, 20.20969],
        [76.79103, 20.21199],
        [76.79288, 20.21423],
        [76.79398, 20.21595],
        [76.7947, 20.21794],
        [76.79511, 20.21822],
        [76.79837, 20.21962],
        [76.80203, 20.22079],
        [76.80348, 20.22038],
        [76.80612, 20.22011],
        [76.80776, 20.21997],
        [76.81058, 20.21949],
        [76.81082, 20.22155],
        [76.81106, 20.2234],
        [76.81263, 20.22574],
        [76.81377, 20.2276],
        [76.81545, 20.22925],
        [76.81815, 20.23183],
        [76.81902, 20.23251],
        [76.82076, 20.23437],
        [76.82176, 20.23643],
        [76.82292, 20.23908],
        [76.82426, 20.24262],
        [76.82446, 20.24331],
        [76.82446, 20.24361],
        [76.82446, 20.24417],
        [76.8246, 20.24795],
        [76.8242, 20.2507],
        [76.82363, 20.25583],
        [76.82359, 20.2561],
        [76.82351, 20.25635],
        [76.82341, 20.25659],
        [76.82327, 20.25682],
        [76.8223, 20.25868],
        [76.82078, 20.26125],
        [76.82071, 20.26146],
        [76.82085, 20.26164],
        [76.82148, 20.26205],
        [76.82211, 20.26246],
        [76.82274, 20.26287],
        [76.82338, 20.26327],
        [76.82402, 20.26368],
        [76.82466, 20.26408],
        [76.82529, 20.26448],
        [76.82594, 20.26487],
        [76.82666, 20.2653],
        [76.82673, 20.26559],
        [76.82569, 20.27145],
        [76.82567, 20.27166],
        [76.82561, 20.27186],
        [76.82553, 20.27205],
        [76.82541, 20.27223],
        [76.82433, 20.27392],
        [76.8241, 20.27433],
        [76.82385, 20.27473],
        [76.82361, 20.27513],
        [76.82335, 20.27553],
        [76.8231, 20.27592],
        [76.82283, 20.27631],
        [76.82256, 20.2767],
        [76.82229, 20.27708],
        [76.82201, 20.27746],
        [76.82177, 20.27785],
        [76.82153, 20.27823],
        [76.82129, 20.27862],
        [76.82104, 20.27899],
        [76.82079, 20.27937],
        [76.82054, 20.27975],
        [76.82028, 20.28012],
        [76.82002, 20.28049],
        [76.81978, 20.28086],
        [76.81957, 20.28102],
        [76.82003, 20.28098],
        [76.82037, 20.28101],
        [76.82071, 20.28103],
        [76.82106, 20.28105],
        [76.8214, 20.28107],
        [76.82174, 20.28109],
        [76.82208, 20.2811],
        [76.8224, 20.28113],
        [76.82272, 20.28117],
        [76.82303, 20.28121],
        [76.82335, 20.28124],
        [76.82366, 20.28128],
        [76.82398, 20.28132],
        [76.82429, 20.28137],
        [76.82461, 20.28141],
        [76.82492, 20.28146],
        [76.8251, 20.28146],
        [76.82528, 20.28146],
        [76.82545, 20.28147],
        [76.82563, 20.28149],
        [76.82581, 20.28152],
        [76.82598, 20.28155],
        [76.82616, 20.28159],
        [76.82633, 20.28163],
        [76.8265, 20.28168],
        [76.82668, 20.28175],
        [76.82687, 20.2818],
        [76.82706, 20.28185],
        [76.82725, 20.28189],
        [76.82744, 20.28192],
        [76.82764, 20.28193],
        [76.82784, 20.28194],
        [76.82803, 20.28193],
        [76.82823, 20.28192],
        [76.82831, 20.28192],
        [76.82839, 20.28192],
        [76.82847, 20.28193],
        [76.82854, 20.28195],
        [76.82862, 20.28197],
        [76.82869, 20.282],
        [76.82876, 20.28204],
        [76.82883, 20.28208],
        [76.8289, 20.28213],
        [76.82897, 20.28219],
        [76.82904, 20.28225],
        [76.82911, 20.28231],
        [76.82918, 20.28238],
        [76.82925, 20.28245],
        [76.82931, 20.28252],
        [76.82937, 20.28259],
        [76.82942, 20.28267],
        [76.82948, 20.28275],
        [76.82963, 20.2829],
        [76.82978, 20.28306],
        [76.82993, 20.28322],
        [76.83007, 20.28338],
        [76.83021, 20.28355],
        [76.83034, 20.28372],
        [76.83048, 20.28389],
        [76.8306, 20.28406],
        [76.83073, 20.28424],
        [76.8309, 20.28443],
        [76.83107, 20.28462],
        [76.83124, 20.28481],
        [76.83141, 20.28501],
        [76.83158, 20.2852],
        [76.83175, 20.28539],
        [76.83192, 20.28558],
        [76.83209, 20.28578],
        [76.83226, 20.28597],
        [76.83247, 20.28618],
        [76.83267, 20.28639],
        [76.83287, 20.2866],
        [76.83308, 20.28681],
        [76.83328, 20.28702],
        [76.83349, 20.28723],
        [76.83369, 20.28745],
        [76.83389, 20.28766],
        [76.83409, 20.28787],
        [76.8343, 20.28804],
        [76.8345, 20.2882],
        [76.83471, 20.28835],
        [76.83493, 20.28851],
        [76.83514, 20.28865],
        [76.83536, 20.2888],
        [76.83559, 20.28893],
        [76.83581, 20.28907],
        [76.83604, 20.2892],
        [76.83622, 20.28927],
        [76.83641, 20.28936],
        [76.83658, 20.28944],
        [76.83676, 20.28954],
        [76.83693, 20.28964],
        [76.83709, 20.28975],
        [76.83726, 20.28986],
        [76.83742, 20.28998],
        [76.83757, 20.2901],
        [76.83745, 20.29029],
        [76.83733, 20.29047],
        [76.83721, 20.29065],
        [76.83709, 20.29083],
        [76.83697, 20.29102],
        [76.83685, 20.2912],
        [76.83673, 20.29138],
        [76.83661, 20.29156],
        [76.83649, 20.29174],
        [76.83634, 20.29193],
        [76.83621, 20.29212],
        [76.83609, 20.29232],
        [76.83599, 20.29253],
        [76.83589, 20.29274],
        [76.83581, 20.29296],
        [76.83575, 20.29319],
        [76.8357, 20.29341],
        [76.83567, 20.29365],
        [76.83565, 20.29373],
        [76.83563, 20.29383],
        [76.83563, 20.29392],
        [76.83564, 20.29401],
        [76.83565, 20.2941],
        [76.83567, 20.29419],
        [76.8357, 20.29428],
        [76.83574, 20.29436],
        [76.83579, 20.29444],
        [76.83861, 20.29905],
        [76.83928, 20.29721],
        [76.83931, 20.29702],
        [76.83935, 20.29683],
        [76.83937, 20.29664],
        [76.8394, 20.29657],
        [76.83944, 20.2965],
        [76.8395, 20.29645],
        [76.83957, 20.29641],
        [76.83964, 20.29638],
        [76.83972, 20.29636],
        [76.8398, 20.29637],
        [76.83987, 20.29638],
        [76.83995, 20.29642],
        [76.84046, 20.29651],
        [76.84097, 20.2966],
        [76.84148, 20.2967],
        [76.84199, 20.29681],
        [76.84249, 20.29691],
        [76.843, 20.29702],
        [76.84351, 20.29714],
        [76.84401, 20.29726],
        [76.84452, 20.29739],
        [76.84488, 20.29744],
        [76.84524, 20.29749],
        [76.8456, 20.29754],
        [76.84596, 20.2976],
        [76.84632, 20.29765],
        [76.84668, 20.29771],
        [76.84704, 20.29777],
        [76.8474, 20.29783],
        [76.84776, 20.29789],
        [76.84797, 20.29786],
        [76.84817, 20.29784],
        [76.84838, 20.29783],
        [76.84859, 20.29783],
        [76.8488, 20.29784],
        [76.84901, 20.29786],
        [76.84921, 20.29789],
        [76.84942, 20.29792],
        [76.84962, 20.29797],
        [76.84972, 20.29801],
        [76.84982, 20.29807],
        [76.84991, 20.29813],
        [76.85, 20.29819],
        [76.85008, 20.29826],
        [76.85016, 20.29834],
        [76.85023, 20.29842],
        [76.8503, 20.2985],
        [76.85037, 20.29859],
        [76.8505, 20.29876],
        [76.85063, 20.29892],
        [76.85076, 20.29909],
        [76.85088, 20.29927],
        [76.851, 20.29944],
        [76.85111, 20.29962],
        [76.85122, 20.2998],
        [76.85133, 20.29998],
        [76.85144, 20.30017],
        [76.85148, 20.30025],
        [76.85153, 20.30032],
        [76.8516, 20.30038],
        [76.85169, 20.30042],
        [76.85178, 20.30045],
        [76.85187, 20.30045],
        [76.85196, 20.30044],
        [76.85205, 20.30041],
        [76.85212, 20.30036],
        [76.85229, 20.30033],
        [76.85245, 20.30029],
        [76.85262, 20.30026],
        [76.85278, 20.30022],
        [76.85295, 20.30018],
        [76.85311, 20.30014],
        [76.85327, 20.3001],
        [76.85343, 20.30005],
        [76.8536, 20.3],
        [76.85377, 20.29996],
        [76.85394, 20.29991],
        [76.85412, 20.29987],
        [76.85429, 20.29982],
        [76.85446, 20.29976],
        [76.85463, 20.2997],
        [76.85479, 20.29964],
        [76.85496, 20.29958],
        [76.85513, 20.29951],
        [76.85537, 20.29945],
        [76.85561, 20.2994],
        [76.85586, 20.29936],
        [76.8561, 20.29933],
        [76.85635, 20.29931],
        [76.8566, 20.29929],
        [76.85685, 20.29929],
        [76.8571, 20.2993],
        [76.85734, 20.29932],
        [76.85749, 20.29933],
        [76.85765, 20.29932],
        [76.8578, 20.29931],
        [76.85795, 20.29929],
        [76.85809, 20.29926],
        [76.85824, 20.29922],
        [76.85838, 20.29917],
        [76.85852, 20.29911],
        [76.85866, 20.29905],
        [76.85896, 20.2989],
        [76.85926, 20.29874],
        [76.85955, 20.29858],
        [76.85984, 20.29841],
        [76.86013, 20.29824],
        [76.86042, 20.29806],
        [76.8607, 20.29788],
        [76.86098, 20.29769],
        [76.86126, 20.2975],
        [76.86136, 20.29747],
        [76.86146, 20.29742],
        [76.86155, 20.29737],
        [76.86164, 20.2973],
        [76.86172, 20.29723],
        [76.8618, 20.29715],
        [76.86187, 20.29707],
        [76.86192, 20.29698],
        [76.86197, 20.29688],
        [76.86216, 20.29668],
        [76.86235, 20.29648],
        [76.86253, 20.29627],
        [76.86271, 20.29606],
        [76.86288, 20.29584],
        [76.86305, 20.29562],
        [76.86321, 20.2954],
        [76.86336, 20.29517],
        [76.86351, 20.29494],
        [76.86381, 20.29455],
        [76.86411, 20.29417],
        [76.86441, 20.29378],
        [76.86472, 20.2934],
        [76.86503, 20.29302],
        [76.86534, 20.29264],
        [76.86566, 20.29227],
        [76.86597, 20.29189],
        [76.86629, 20.29152],
        [76.86647, 20.29137],
        [76.86662, 20.2912],
        [76.86674, 20.291],
        [76.86684, 20.29079],
        [76.86689, 20.29056],
        [76.86691, 20.29033],
        [76.8669, 20.2901],
        [76.86685, 20.28987],
        [76.86677, 20.28965],
        [76.86665, 20.28909],
        [76.86653, 20.28852],
        [76.86642, 20.28795],
        [76.86631, 20.28738],
        [76.8662, 20.28682],
        [76.86609, 20.28625],
        [76.86599, 20.28568],
        [76.86589, 20.28511],
        [76.8658, 20.28454],
        [76.86583, 20.28424],
        [76.86586, 20.28396],
        [76.86592, 20.28367],
        [76.86598, 20.28338],
        [76.86606, 20.2831],
        [76.86615, 20.28282],
        [76.86626, 20.28255],
        [76.86637, 20.28228],
        [76.8665, 20.28202],
        [76.86663, 20.28176],
        [76.86675, 20.2815],
        [76.86686, 20.28124],
        [76.86697, 20.28098],
        [76.86708, 20.28071],
        [76.86717, 20.28044],
        [76.86726, 20.28017],
        [76.86735, 20.27989],
        [76.86743, 20.27962],
        [76.86749, 20.27933],
        [76.86759, 20.27906],
        [76.86771, 20.2788],
        [76.86787, 20.27855],
        [76.86806, 20.27833],
        [76.86828, 20.27813],
        [76.86851, 20.27796],
        [76.86877, 20.27782],
        [76.86904, 20.27771],
        [76.86941, 20.27741],
        [76.86978, 20.27712],
        [76.87015, 20.27683],
        [76.87052, 20.27653],
        [76.87089, 20.27624],
        [76.87127, 20.27595],
        [76.87164, 20.27566],
        [76.87201, 20.27537],
        [76.87239, 20.27508],
        [76.87245, 20.27503],
        [76.87252, 20.27498],
        [76.87259, 20.27495],
        [76.87267, 20.27493],
        [76.87274, 20.27493],
        [76.87282, 20.27493],
        [76.8729, 20.27495],
        [76.87297, 20.27498],
        [76.87304, 20.27502],
        [76.87362, 20.27535],
        [76.8742, 20.27569],
        [76.87478, 20.27603],
        [76.87535, 20.27638],
        [76.87592, 20.27673],
        [76.87648, 20.27709],
        [76.87705, 20.27745],
        [76.87761, 20.27781],
        [76.87816, 20.27818],
        [76.87839, 20.2783],
        [76.87861, 20.27843],
        [76.87883, 20.27856],
        [76.87906, 20.27869],
        [76.87928, 20.27882],
        [76.87949, 20.27895],
        [76.87971, 20.27909],
        [76.87993, 20.27923],
        [76.88014, 20.27937],
        [76.88021, 20.27942],
        [76.88024, 20.2795],
        [76.88023, 20.27959],
        [76.88018, 20.27966],
        [76.88011, 20.2797],
        [76.88006, 20.27974],
        [76.88001, 20.27979],
        [76.87997, 20.27985],
        [76.87993, 20.2799],
        [76.8799, 20.28008],
        [76.87988, 20.28026],
        [76.87986, 20.28044],
        [76.87986, 20.28062],
        [76.87985, 20.2808],
        [76.87986, 20.28098],
        [76.87987, 20.28116],
        [76.87989, 20.28134],
        [76.87992, 20.28152],
        [76.87999, 20.28163],
        [76.88006, 20.28174],
        [76.88013, 20.28185],
        [76.88021, 20.28196],
        [76.88028, 20.28206],
        [76.88036, 20.28216],
        [76.88045, 20.28226],
        [76.88053, 20.28236],
        [76.88062, 20.28246],
        [76.88078, 20.28255],
        [76.88094, 20.28264],
        [76.8811, 20.28274],
        [76.88126, 20.28283],
        [76.88142, 20.28292],
        [76.88158, 20.28302],
        [76.88174, 20.28311],
        [76.8819, 20.2832],
        [76.88206, 20.28329],
        [76.88218, 20.28333],
        [76.88228, 20.28339],
        [76.88236, 20.28348],
        [76.88241, 20.28359],
        [76.88243, 20.28371],
        [76.88242, 20.28383],
        [76.88238, 20.28395],
        [76.8823, 20.28404],
        [76.88221, 20.28412],
        [76.88199, 20.28431],
        [76.88178, 20.2845],
        [76.88156, 20.28469],
        [76.88135, 20.28488],
        [76.88113, 20.28507],
        [76.88092, 20.28527],
        [76.88071, 20.28546],
        [76.8805, 20.28566],
        [76.88029, 20.28585],
        [76.88024, 20.28597],
        [76.88017, 20.28607],
        [76.88008, 20.28616],
        [76.87999, 20.28623],
        [76.87988, 20.28629],
        [76.87976, 20.28633],
        [76.87964, 20.28636],
        [76.87952, 20.28636],
        [76.8794, 20.28635],
        [76.87927, 20.28632],
        [76.87913, 20.28632],
        [76.879, 20.28632],
        [76.87887, 20.28634],
        [76.87874, 20.28637],
        [76.87862, 20.28642],
        [76.8785, 20.28648],
        [76.87839, 20.28655],
        [76.87828, 20.28663],
        [76.87822, 20.28666],
        [76.87816, 20.28671],
        [76.87812, 20.28676],
        [76.8781, 20.28683],
        [76.87809, 20.2869],
        [76.87809, 20.28697],
        [76.87812, 20.28704],
        [76.87816, 20.2871],
        [76.87821, 20.28715],
        [76.8783, 20.28727],
        [76.87839, 20.28739],
        [76.87847, 20.28752],
        [76.87855, 20.28764],
        [76.87863, 20.28777],
        [76.87871, 20.2879],
        [76.87878, 20.28803],
        [76.87885, 20.28817],
        [76.87892, 20.2883],
        [76.87906, 20.2885],
        [76.8792, 20.2887],
        [76.87933, 20.28891],
        [76.87946, 20.28912],
        [76.87958, 20.28933],
        [76.87969, 20.28955],
        [76.8798, 20.28977],
        [76.87991, 20.28999],
        [76.88001, 20.29022],
        [76.88007, 20.29044],
        [76.88016, 20.29065],
        [76.88025, 20.29086],
        [76.88037, 20.29107],
        [76.88049, 20.29126],
        [76.88063, 20.29145],
        [76.88078, 20.29162],
        [76.88095, 20.29178],
        [76.88112, 20.29193],
        [76.88136, 20.29215],
        [76.88159, 20.29237],
        [76.88184, 20.29258],
        [76.88209, 20.29278],
        [76.88234, 20.29297],
        [76.8826, 20.29316],
        [76.88287, 20.29334],
        [76.88314, 20.29351],
        [76.88341, 20.29367],
        [76.88524, 20.29503],
        [76.88572, 20.29536],
        [76.88619, 20.29569],
        [76.88667, 20.29602],
        [76.88714, 20.29635],
        [76.88761, 20.29669],
        [76.88808, 20.29703],
        [76.88855, 20.29737],
        [76.88901, 20.29772],
        [76.88948, 20.29807],
        [76.89001, 20.29845],
        [76.89055, 20.29883],
        [76.89108, 20.29922],
        [76.89161, 20.2996],
        [76.89214, 20.29999],
        [76.89267, 20.30038],
        [76.8932, 20.30077],
        [76.89373, 20.30116],
        [76.89426, 20.30155],
        [76.89479, 20.3019],
        [76.89533, 20.30226],
        [76.89586, 20.30262],
        [76.89638, 20.30299],
        [76.8969, 20.30337],
        [76.89742, 20.30375],
        [76.89793, 20.30414],
        [76.89844, 20.30453],
        [76.89894, 20.30493],
        [76.89956, 20.30534],
        [76.90017, 20.30576],
        [76.90078, 20.30618],
        [76.90138, 20.3066],
        [76.90199, 20.30702],
        [76.90259, 20.30745],
        [76.90319, 20.30788],
        [76.90379, 20.30832],
        [76.90439, 20.30875],
        [76.90477, 20.30902],
        [76.90515, 20.30928],
        [76.90552, 20.30955],
        [76.9059, 20.30982],
        [76.90628, 20.31009],
        [76.90665, 20.31036],
        [76.90702, 20.31063],
        [76.90739, 20.3109],
        [76.90777, 20.31118],
        [76.90794, 20.31132],
        [76.90812, 20.31146],
        [76.9083, 20.3116],
        [76.90848, 20.31173],
        [76.90867, 20.31185],
        [76.90887, 20.31197],
        [76.90906, 20.31208],
        [76.90926, 20.31219],
        [76.90946, 20.31229],
        [76.90951, 20.31231],
        [76.90954, 20.31235],
        [76.90956, 20.31239],
        [76.90957, 20.31244],
        [76.90955, 20.31249],
        [76.90952, 20.31252],
        [76.90943, 20.31256],
        [76.90939, 20.31255],
        [76.90924, 20.3126],
        [76.90914, 20.31264],
        [76.90903, 20.31267],
        [76.90893, 20.31271],
        [76.90882, 20.31274],
        [76.90871, 20.31277],
        [76.90861, 20.3128],
        [76.9085, 20.31283],
        [76.90839, 20.31286],
        [76.90828, 20.31288],
        [76.90807, 20.31294],
        [76.90787, 20.31299],
        [76.90765, 20.31302],
        [76.90744, 20.31304],
        [76.90723, 20.31305],
        [76.90702, 20.31303],
        [76.9068, 20.31301],
        [76.9066, 20.31297],
        [76.90639, 20.31291],
        [76.90614, 20.31286],
        [76.90588, 20.31281],
        [76.90563, 20.31276],
        [76.90537, 20.31272],
        [76.90511, 20.31268],
        [76.90486, 20.31264],
        [76.9046, 20.3126],
        [76.90434, 20.31257],
        [76.90408, 20.31254],
        [76.90377, 20.31257],
        [76.90346, 20.31261],
        [76.90315, 20.31266],
        [76.90284, 20.31273],
        [76.90253, 20.3128],
        [76.90223, 20.31289],
        [76.90193, 20.31299],
        [76.90163, 20.3131],
        [76.90134, 20.31323],
        [76.90108, 20.3134],
        [76.90082, 20.31357],
        [76.90055, 20.31373],
        [76.90027, 20.31389],
        [76.9, 20.31404],
        [76.89972, 20.31418],
        [76.89943, 20.31432],
        [76.89915, 20.31445],
        [76.89886, 20.31457],
        [76.89851, 20.3147],
        [76.89817, 20.31483],
        [76.89783, 20.31496],
        [76.89748, 20.31509],
        [76.89714, 20.31523],
        [76.8968, 20.31536],
        [76.89646, 20.3155],
        [76.89612, 20.31563],
        [76.89578, 20.31577],
        [76.89544, 20.31588],
        [76.89511, 20.31598],
        [76.89477, 20.31608],
        [76.89444, 20.31618],
        [76.8941, 20.31628],
        [76.89376, 20.31638],
        [76.89342, 20.31648],
        [76.89308, 20.31657],
        [76.89275, 20.31666],
        [76.89268, 20.31668],
        [76.89263, 20.31671],
        [76.89258, 20.31675],
        [76.89255, 20.31681],
        [76.89253, 20.31687],
        [76.89253, 20.31693],
        [76.89254, 20.31699],
        [76.89257, 20.31705],
        [76.89261, 20.3171],
        [76.89267, 20.31721],
        [76.89272, 20.31733],
        [76.89277, 20.31745],
        [76.89281, 20.31757],
        [76.89285, 20.31769],
        [76.89289, 20.31782],
        [76.89292, 20.31794],
        [76.89295, 20.31807],
        [76.89297, 20.3182],
        [76.89301, 20.31831],
        [76.89303, 20.31843],
        [76.89304, 20.31854],
        [76.89304, 20.31866],
        [76.89303, 20.31878],
        [76.893, 20.3189],
        [76.89296, 20.31901],
        [76.8929, 20.31911],
        [76.89283, 20.31921],
        [76.89275, 20.31936],
        [76.89267, 20.31951],
        [76.89258, 20.31966],
        [76.89248, 20.3198],
        [76.89238, 20.31994],
        [76.89227, 20.32008],
        [76.89216, 20.32021],
        [76.89205, 20.32034],
        [76.89193, 20.32046],
        [76.89186, 20.32051],
        [76.89181, 20.32057],
        [76.89177, 20.32064],
        [76.89175, 20.32071],
        [76.89175, 20.32079],
        [76.89176, 20.32087],
        [76.8918, 20.32094],
        [76.89185, 20.32101],
        [76.89191, 20.32105],
        [76.892, 20.32121],
        [76.89208, 20.32137],
        [76.89217, 20.32153],
        [76.89225, 20.32169],
        [76.89232, 20.32185],
        [76.89239, 20.32202],
        [76.89247, 20.32218],
        [76.89253, 20.32235],
        [76.8926, 20.32251],
        [76.89258, 20.32258],
        [76.89258, 20.32265],
        [76.89261, 20.32271],
        [76.89265, 20.32276],
        [76.89271, 20.3228],
        [76.89278, 20.32281],
        [76.89285, 20.3228],
        [76.89291, 20.32277],
        [76.89295, 20.32272],
        [76.89305, 20.32268],
        [76.89315, 20.32264],
        [76.89325, 20.32261],
        [76.89336, 20.32259],
        [76.89346, 20.32258],
        [76.89357, 20.32258],
        [76.89368, 20.32259],
        [76.89378, 20.32261],
        [76.89388, 20.32264],
        [76.89402, 20.32266],
        [76.89415, 20.32271],
        [76.89426, 20.32278],
        [76.89436, 20.32288],
        [76.89442, 20.32301],
        [76.89446, 20.32314],
        [76.89446, 20.32328],
        [76.89461, 20.32376],
        [76.89475, 20.32425],
        [76.89488, 20.32474],
        [76.89501, 20.32523],
        [76.89514, 20.32572],
        [76.89526, 20.32621],
        [76.89537, 20.32671],
        [76.89548, 20.3272],
        [76.89558, 20.3277],
        [76.89572, 20.32805],
        [76.89585, 20.3284],
        [76.89597, 20.32876],
        [76.89608, 20.32912],
        [76.89618, 20.32948],
        [76.89627, 20.32985],
        [76.89635, 20.33022],
        [76.89642, 20.33059],
        [76.89647, 20.33096],
        [76.89654, 20.33137],
        [76.89662, 20.33178],
        [76.89669, 20.33219],
        [76.89676, 20.3326],
        [76.89684, 20.333],
        [76.89692, 20.33341],
        [76.897, 20.33382],
        [76.89709, 20.33423],
        [76.89717, 20.33463],
        [76.89721, 20.33478],
        [76.89725, 20.33492],
        [76.89731, 20.33506],
        [76.89737, 20.33519],
        [76.89744, 20.33532],
        [76.89752, 20.33544],
        [76.89761, 20.33556],
        [76.89771, 20.33567],
        [76.89781, 20.33578],
        [76.89809, 20.33608],
        [76.89837, 20.33639],
        [76.89866, 20.33668],
        [76.89895, 20.33698],
        [76.89924, 20.33727],
        [76.89953, 20.33756],
        [76.89983, 20.33785],
        [76.90013, 20.33813],
        [76.90043, 20.33841],
        [76.90074, 20.33872],
        [76.90105, 20.33903],
        [76.90136, 20.33934],
        [76.90167, 20.33965],
        [76.90198, 20.33996],
        [76.90229, 20.34027],
        [76.9026, 20.34058],
        [76.90291, 20.34089],
        [76.90322, 20.3412],
        [76.90352, 20.34149],
        [76.90383, 20.34179],
        [76.90413, 20.34208],
        [76.90443, 20.34238],
        [76.90474, 20.34268],
        [76.90504, 20.34298],
        [76.90534, 20.34328],
        [76.90564, 20.34358],
        [76.90594, 20.34388],
        [76.90611, 20.34407],
        [76.90628, 20.34426],
        [76.90645, 20.34445],
        [76.90663, 20.34464],
        [76.9068, 20.34482],
        [76.90698, 20.345],
        [76.90717, 20.34518],
        [76.90736, 20.34535],
        [76.90755, 20.34553],
        [76.90779, 20.34572],
        [76.90803, 20.34592],
        [76.90827, 20.34612],
        [76.90851, 20.34633],
        [76.90874, 20.34654],
        [76.90897, 20.34675],
        [76.9092, 20.34696],
        [76.90942, 20.34718],
        [76.90965, 20.3474],
        [76.90989, 20.3475],
        [76.91013, 20.34761],
        [76.91037, 20.34773],
        [76.9106, 20.34786],
        [76.91082, 20.348],
        [76.91103, 20.34815],
        [76.91124, 20.34831],
        [76.91145, 20.34847],
        [76.91164, 20.34865],
        [76.91192, 20.34883],
        [76.9122, 20.349],
        [76.91247, 20.34918],
        [76.91275, 20.34935],
        [76.91303, 20.34953],
        [76.91331, 20.3497],
        [76.91359, 20.34988],
        [76.91386, 20.35006],
        [76.91414, 20.35023],
        [76.91424, 20.35033],
        [76.91435, 20.35042],
        [76.91446, 20.35051],
        [76.91458, 20.35059],
        [76.9147, 20.35066],
        [76.91482, 20.35073],
        [76.91495, 20.35079],
        [76.91508, 20.35085],
        [76.91521, 20.3509],
        [76.9154, 20.35094],
        [76.91558, 20.35098],
        [76.91577, 20.35102],
        [76.91595, 20.35107],
        [76.91613, 20.35112],
        [76.91632, 20.35117],
        [76.9165, 20.35122],
        [76.91668, 20.35127],
        [76.91686, 20.35133],
        [76.91693, 20.35132],
        [76.917, 20.35133],
        [76.91707, 20.35136],
        [76.91713, 20.35139],
        [76.91718, 20.35145],
        [76.91722, 20.35151],
        [76.91724, 20.35158],
        [76.91725, 20.35165],
        [76.91723, 20.35172],
        [76.91709, 20.35208],
        [76.91706, 20.35217],
        [76.91704, 20.35226],
        [76.91703, 20.35235],
        [76.91703, 20.35244],
        [76.91703, 20.35253],
        [76.91704, 20.35262],
        [76.91706, 20.35271],
        [76.91709, 20.3528],
        [76.91712, 20.35285],
        [76.91715, 20.3529],
        [76.91718, 20.35295],
        [76.91719, 20.35301],
        [76.91721, 20.35306],
        [76.91722, 20.35312],
        [76.91722, 20.35318],
        [76.91722, 20.35324],
        [76.91722, 20.35329],
        [76.91725, 20.35344],
        [76.91729, 20.35358],
        [76.91734, 20.35372],
        [76.91739, 20.35386],
        [76.91744, 20.354],
        [76.9175, 20.35413],
        [76.91757, 20.35426],
        [76.91763, 20.35439],
        [76.91771, 20.35452],
        [76.91775, 20.35465],
        [76.91779, 20.35477],
        [76.91783, 20.3549],
        [76.91788, 20.35502],
        [76.91792, 20.35515],
        [76.91798, 20.35527],
        [76.91803, 20.35539],
        [76.91809, 20.3555],
        [76.91815, 20.35562],
        [76.9182, 20.35574],
        [76.91825, 20.35585],
        [76.91829, 20.35597],
        [76.91833, 20.35609],
        [76.91836, 20.35621],
        [76.91838, 20.35633],
        [76.9184, 20.35645],
        [76.91842, 20.35658],
        [76.91842, 20.3567],
        [76.91843, 20.35682],
        [76.91844, 20.35694],
        [76.91846, 20.35706],
        [76.91848, 20.35718],
        [76.91851, 20.3573],
        [76.91854, 20.35741],
        [76.91858, 20.35753],
        [76.91863, 20.35764],
        [76.91868, 20.35775],
        [76.91869, 20.35786],
        [76.9187, 20.35798],
        [76.91872, 20.35809],
        [76.91875, 20.3582],
        [76.91878, 20.35831],
        [76.91881, 20.35842],
        [76.91885, 20.35853],
        [76.9189, 20.35863],
        [76.91895, 20.35873],
        [76.91903, 20.35883],
        [76.91913, 20.35892],
        [76.91923, 20.359],
        [76.91934, 20.35907],
        [76.91946, 20.35913],
        [76.91958, 20.35917],
        [76.91971, 20.35921],
        [76.91983, 20.35923],
        [76.91996, 20.35924],
        [76.92022, 20.35927],
        [76.92047, 20.35929],
        [76.92072, 20.35931],
        [76.92097, 20.35933],
        [76.92123, 20.35935],
        [76.92148, 20.35937],
        [76.92173, 20.35939],
        [76.92199, 20.35941],
        [76.92224, 20.35942],
        [76.92235, 20.35945],
        [76.92246, 20.35946],
        [76.92257, 20.35947],
        [76.92268, 20.35946],
        [76.92279, 20.35943],
        [76.9229, 20.35939],
        [76.923, 20.35934],
        [76.92309, 20.35928],
        [76.92318, 20.35921],
        [76.92393, 20.35883],
        [76.92409, 20.35871],
        [76.92424, 20.35858],
        [76.92439, 20.35845],
        [76.92454, 20.35832],
        [76.92469, 20.35818],
        [76.92483, 20.35804],
        [76.92496, 20.35789],
        [76.9251, 20.35774],
        [76.92523, 20.35759],
        [76.92537, 20.35744],
        [76.92552, 20.35731],
        [76.92569, 20.3572],
        [76.92586, 20.3571],
        [76.92604, 20.35701],
        [76.92623, 20.35694],
        [76.92642, 20.35689],
        [76.92662, 20.35685],
        [76.92682, 20.35683],
        [76.92702, 20.35672],
        [76.92723, 20.35662],
        [76.92744, 20.35651],
        [76.92765, 20.35641],
        [76.92786, 20.3563],
        [76.92806, 20.3562],
        [76.92827, 20.35609],
        [76.92848, 20.35599],
        [76.92869, 20.35589],
        [76.92874, 20.35586],
        [76.92879, 20.35584],
        [76.92884, 20.35583],
        [76.92889, 20.35583],
        [76.92895, 20.35584],
        [76.929, 20.35586],
        [76.92904, 20.35589],
        [76.92908, 20.35593],
        [76.92911, 20.35598],
        [76.92919, 20.35611],
        [76.92928, 20.35624],
        [76.92938, 20.35636],
        [76.92948, 20.35648],
        [76.92959, 20.3566],
        [76.9297, 20.3567],
        [76.92982, 20.35681],
        [76.92995, 20.3569],
        [76.93007, 20.35699],
        [76.93024, 20.35706],
        [76.9304, 20.35714],
        [76.93056, 20.35723],
        [76.93071, 20.35733],
        [76.93085, 20.35743],
        [76.93099, 20.35754],
        [76.93112, 20.35766],
        [76.93125, 20.35779],
        [76.93137, 20.35793],
        [76.93147, 20.358],
        [76.93157, 20.35808],
        [76.93165, 20.35817],
        [76.93173, 20.35827],
        [76.93179, 20.35838],
        [76.93184, 20.35849],
        [76.93188, 20.35861],
        [76.9319, 20.35873],
        [76.93191, 20.35886],
        [76.9319, 20.35905],
        [76.9319, 20.35925],
        [76.93191, 20.35944],
        [76.93194, 20.35964],
        [76.93197, 20.35983],
        [76.93202, 20.36002],
        [76.93208, 20.36021],
        [76.93214, 20.36039],
        [76.93222, 20.36057],
        [76.93232, 20.36081],
        [76.9324, 20.36105],
        [76.93248, 20.36129],
        [76.93255, 20.36154],
        [76.93261, 20.36179],
        [76.93266, 20.36204],
        [76.9327, 20.36229],
        [76.93274, 20.36254],
        [76.93276, 20.3628],
        [76.93277, 20.36297],
        [76.93278, 20.36315],
        [76.93281, 20.36332],
        [76.93284, 20.36349],
        [76.93287, 20.36366],
        [76.93292, 20.36383],
        [76.93297, 20.36399],
        [76.93302, 20.36416],
        [76.93309, 20.36432],
        [76.9332, 20.36459],
        [76.9333, 20.36486],
        [76.9334, 20.36513],
        [76.93349, 20.3654],
        [76.93358, 20.36568],
        [76.93366, 20.36596],
        [76.93373, 20.36624],
        [76.9338, 20.36652],
        [76.93386, 20.3668],
        [76.93388, 20.36692],
        [76.93391, 20.36704],
        [76.93396, 20.36715],
        [76.93402, 20.36725],
        [76.93409, 20.36735],
        [76.93418, 20.36743],
        [76.93427, 20.36751],
        [76.93437, 20.36757],
        [76.93449, 20.36762],
        [76.9347, 20.36783],
        [76.93491, 20.36805],
        [76.93511, 20.36828],
        [76.93529, 20.36852],
        [76.93546, 20.36878],
        [76.93562, 20.36903],
        [76.93576, 20.3693],
        [76.93589, 20.36958],
        [76.936, 20.36986],
        [76.93604, 20.36992],
        [76.93609, 20.36998],
        [76.93613, 20.37004],
        [76.93619, 20.37009],
        [76.93624, 20.37014],
        [76.9363, 20.37019],
        [76.93637, 20.37023],
        [76.93643, 20.37026],
        [76.9365, 20.37029],
        [76.93659, 20.37028],
        [76.93667, 20.37026],
        [76.93676, 20.37023],
        [76.93684, 20.3702],
        [76.93692, 20.37015],
        [76.93699, 20.37011],
        [76.93706, 20.37005],
        [76.93712, 20.36999],
        [76.93728, 20.36991],
        [76.93743, 20.36983],
        [76.93758, 20.36975],
        [76.93773, 20.36966],
        [76.93787, 20.36956],
        [76.93801, 20.36946],
        [76.93815, 20.36935],
        [76.93828, 20.36924],
        [76.9384, 20.36913],
        [76.93852, 20.36903],
        [76.93864, 20.36895],
        [76.93876, 20.36887],
        [76.93889, 20.36881],
        [76.93903, 20.36875],
        [76.93916, 20.36869],
        [76.93931, 20.36865],
        [76.93945, 20.36862],
        [76.93959, 20.36859],
        [76.93976, 20.36851],
        [76.93993, 20.36843],
        [76.94009, 20.36834],
        [76.94025, 20.36825],
        [76.94041, 20.36815],
        [76.94056, 20.36804],
        [76.94071, 20.36793],
        [76.94085, 20.36782],
        [76.94099, 20.3677],
        [76.94109, 20.36758],
        [76.94118, 20.36747],
        [76.94127, 20.36735],
        [76.94136, 20.36724],
        [76.94145, 20.36712],
        [76.94153, 20.367],
        [76.94161, 20.36687],
        [76.94169, 20.36675],
        [76.94177, 20.36663],
        [76.94187, 20.36647],
        [76.94197, 20.36631],
        [76.94208, 20.36615],
        [76.94219, 20.366],
        [76.9423, 20.36585],
        [76.94242, 20.36571],
        [76.94254, 20.36556],
        [76.94267, 20.36542],
        [76.9428, 20.36528],
        [76.94291, 20.36514],
        [76.94305, 20.36502],
        [76.9432, 20.36491],
        [76.94336, 20.36483],
        [76.94353, 20.36476],
        [76.94371, 20.36472],
        [76.94389, 20.36471],
        [76.94407, 20.36472],
        [76.94425, 20.36475],
        [76.94439, 20.36477],
        [76.94453, 20.36477],
        [76.94466, 20.36476],
        [76.94479, 20.36473],
        [76.94492, 20.36469],
        [76.94505, 20.36463],
        [76.94516, 20.36456],
        [76.94527, 20.36447],
        [76.94537, 20.36438],
        [76.94553, 20.36425],
        [76.9457, 20.36412],
        [76.94587, 20.364],
        [76.94605, 20.36389],
        [76.94623, 20.36377],
        [76.94641, 20.36366],
        [76.94659, 20.36356],
        [76.94677, 20.36346],
        [76.94696, 20.36337],
        [76.94701, 20.36332],
        [76.94707, 20.36328],
        [76.94714, 20.36326],
        [76.94722, 20.36325],
        [76.94729, 20.36326],
        [76.94736, 20.36328],
        [76.94742, 20.36332],
        [76.94747, 20.36337],
        [76.9475, 20.36344],
        [76.94759, 20.36354],
        [76.94768, 20.36364],
        [76.94776, 20.36374],
        [76.94785, 20.36384],
        [76.94794, 20.36394],
        [76.94803, 20.36403],
        [76.94813, 20.36411],
        [76.94824, 20.36419],
        [76.94835, 20.36426],
        [76.94846, 20.36433],
        [76.94857, 20.36439],
        [76.94869, 20.36444],
        [76.94882, 20.36448],
        [76.94896, 20.36456],
        [76.94911, 20.36462],
        [76.94927, 20.36465],
        [76.94943, 20.36467],
        [76.94959, 20.36467],
        [76.94975, 20.36465],
        [76.94991, 20.36461],
        [76.95006, 20.36456],
        [76.9502, 20.36448],
        [76.95041, 20.36444],
        [76.95062, 20.36439],
        [76.95083, 20.36433],
        [76.95103, 20.36428],
        [76.95124, 20.36421],
        [76.95144, 20.36415],
        [76.95164, 20.36407],
        [76.95185, 20.364],
        [76.95204, 20.36392],
        [76.9522, 20.36382],
        [76.95236, 20.36373],
        [76.95251, 20.36364],
        [76.95267, 20.36354],
        [76.95283, 20.36346],
        [76.95299, 20.36337],
        [76.95315, 20.36328],
        [76.95331, 20.3632],
        [76.95347, 20.36311],
        [76.95363, 20.36309],
        [76.95379, 20.36308],
        [76.95395, 20.36307],
        [76.95411, 20.36307],
        [76.95427, 20.36307],
        [76.95443, 20.36308],
        [76.95459, 20.3631],
        [76.95475, 20.36313],
        [76.9549, 20.36316],
        [76.95506, 20.36315],
        [76.95522, 20.36315],
        [76.95538, 20.36314],
        [76.95554, 20.36313],
        [76.9557, 20.36311],
        [76.95586, 20.36309],
        [76.95602, 20.36307],
        [76.95617, 20.36305],
        [76.95633, 20.36303],
        [76.95644, 20.36304],
        [76.95656, 20.36305],
        [76.95667, 20.36308],
        [76.95678, 20.36311],
        [76.95689, 20.36314],
        [76.95699, 20.36318],
        [76.9571, 20.36323],
        [76.9572, 20.36328],
        [76.9573, 20.36334],
        [76.95744, 20.36382],
        [76.95749, 20.36408],
        [76.95756, 20.36433],
        [76.95765, 20.36457],
        [76.95775, 20.36481],
        [76.95786, 20.36504],
        [76.95806, 20.36516],
        [76.95827, 20.36526],
        [76.95848, 20.36536],
        [76.9587, 20.36545],
        [76.95892, 20.36553],
        [76.95914, 20.3656],
        [76.95937, 20.36566],
        [76.95959, 20.36571],
        [76.95982, 20.36576],
        [76.9602, 20.36596],
        [76.96058, 20.36615],
        [76.96096, 20.36634],
        [76.96135, 20.36653],
        [76.96173, 20.36671],
        [76.96212, 20.36689],
        [76.96251, 20.36706],
        [76.96291, 20.36723],
        [76.9633, 20.36739],
        [76.96362, 20.36756],
        [76.96395, 20.3677],
        [76.96429, 20.36782],
        [76.96464, 20.36791],
        [76.965, 20.36797],
        [76.96536, 20.368],
        [76.96572, 20.36801],
        [76.96608, 20.36799],
        [76.96644, 20.36794],
        [76.96675, 20.36791],
        [76.96706, 20.36789],
        [76.96738, 20.36788],
        [76.96769, 20.36788],
        [76.96801, 20.36789],
        [76.96832, 20.36791],
        [76.96864, 20.36794],
        [76.96895, 20.36798],
        [76.96926, 20.36803],
        [76.96953, 20.36815],
        [76.9698, 20.36827],
        [76.97007, 20.36838],
        [76.97035, 20.3685],
        [76.97062, 20.36861],
        [76.9709, 20.36871],
        [76.97117, 20.36881],
        [76.97145, 20.36891],
        [76.97173, 20.36901],
        [76.97194, 20.36909],
        [76.97216, 20.36917],
        [76.97238, 20.36924],
        [76.9726, 20.3693],
        [76.97282, 20.36935],
        [76.97304, 20.36939],
        [76.97327, 20.36943],
        [76.97349, 20.36946],
        [76.97372, 20.36948],
        [76.9741, 20.36959],
        [76.97449, 20.3697],
        [76.97487, 20.36981],
        [76.97525, 20.36991],
        [76.97564, 20.37002],
        [76.97602, 20.37012],
        [76.9764, 20.37023],
        [76.97679, 20.37033],
        [76.97717, 20.37043],
        [76.97746, 20.37048],
        [76.97774, 20.37058],
        [76.97799, 20.37073],
        [76.97821, 20.37093],
        [76.97839, 20.37116],
        [76.97852, 20.37142],
        [76.9786, 20.3717],
        [76.97863, 20.372],
        [76.9786, 20.37229],
        [76.97837, 20.37261],
        [76.97813, 20.37292],
        [76.97789, 20.37323],
        [76.97763, 20.37353],
        [76.97736, 20.37382],
        [76.97708, 20.3741],
        [76.97679, 20.37437],
        [76.9765, 20.37462],
        [76.97619, 20.37487],
        [76.97593, 20.37507],
        [76.97568, 20.37527],
        [76.97544, 20.37548],
        [76.97521, 20.3757],
        [76.97498, 20.37593],
        [76.97477, 20.37617],
        [76.97456, 20.37641],
        [76.97436, 20.37666],
        [76.97417, 20.37692],
        [76.97406, 20.37728],
        [76.97398, 20.37764],
        [76.97392, 20.378],
        [76.9739, 20.37837],
        [76.9739, 20.37874],
        [76.97392, 20.3791],
        [76.97398, 20.37947],
        [76.97406, 20.37983],
        [76.97417, 20.38018],
        [76.97431, 20.38043],
        [76.97448, 20.38067],
        [76.97469, 20.38087],
        [76.97492, 20.38105],
        [76.97518, 20.38119],
        [76.97545, 20.38129],
        [76.97573, 20.38136],
        [76.97602, 20.38138],
        [76.97631, 20.38137],
        [76.97663, 20.3814],
        [76.97695, 20.38141],
        [76.97726, 20.3814],
        [76.97758, 20.38136],
        [76.97789, 20.38131],
        [76.9782, 20.38123],
        [76.9785, 20.38113],
        [76.97879, 20.381],
        [76.97908, 20.38086],
        [76.9793, 20.3807],
        [76.97954, 20.38058],
        [76.9798, 20.3805],
        [76.98006, 20.38046],
        [76.98033, 20.38047],
        [76.9806, 20.38051],
        [76.98085, 20.3806],
        [76.98109, 20.38073],
        [76.98131, 20.38089],
        [76.98136, 20.38112],
        [76.9814, 20.38136],
        [76.98142, 20.3816],
        [76.98143, 20.38184],
        [76.98142, 20.38208],
        [76.98138, 20.38231],
        [76.98134, 20.38255],
        [76.98127, 20.38278],
        [76.98119, 20.383],
        [76.98115, 20.38325],
        [76.9811, 20.38351],
        [76.98105, 20.38376],
        [76.981, 20.38401],
        [76.98094, 20.38426],
        [76.98088, 20.38451],
        [76.98081, 20.38475],
        [76.98074, 20.385],
        [76.98067, 20.38524],
        [76.98069, 20.38553],
        [76.98072, 20.38581],
        [76.98077, 20.38608],
        [76.98084, 20.38636],
        [76.98092, 20.38663],
        [76.98102, 20.38689],
        [76.98112, 20.38715],
        [76.98125, 20.38741],
        [76.98138, 20.38765],
        [76.98152, 20.38779],
        [76.98166, 20.38792],
        [76.98182, 20.38802],
        [76.98199, 20.38812],
        [76.98217, 20.38819],
        [76.98236, 20.38824],
        [76.98255, 20.38828],
        [76.98274, 20.38829],
        [76.98293, 20.38828],
        [76.98316, 20.38833],
        [76.98339, 20.38837],
        [76.98362, 20.38841],
        [76.98384, 20.38845],
        [76.98407, 20.38849],
        [76.9843, 20.38853],
        [76.98453, 20.38857],
        [76.98476, 20.3886],
        [76.98499, 20.38864],
        [76.98516, 20.38864],
        [76.98533, 20.38866],
        [76.98549, 20.3887],
        [76.98565, 20.38875],
        [76.98581, 20.38883],
        [76.98595, 20.38892],
        [76.98609, 20.38902],
        [76.98621, 20.38913],
        [76.98632, 20.38926],
        [76.98642, 20.38942],
        [76.98651, 20.38958],
        [76.98659, 20.38974],
        [76.98667, 20.3899],
        [76.98674, 20.39007],
        [76.98681, 20.39023],
        [76.98687, 20.3904],
        [76.98693, 20.39058],
        [76.98698, 20.39075],
        [76.98712, 20.39102],
        [76.98726, 20.39128],
        [76.9874, 20.39155],
        [76.98753, 20.39183],
        [76.98765, 20.3921],
        [76.98777, 20.39238],
        [76.98789, 20.39266],
        [76.988, 20.39294],
        [76.98811, 20.39322],
        [76.98814, 20.39337],
        [76.9882, 20.39351],
        [76.98828, 20.39363],
        [76.98839, 20.39373],
        [76.98851, 20.39382],
        [76.98865, 20.39387],
        [76.9888, 20.3939],
        [76.98894, 20.3939],
        [76.98909, 20.39388],
        [76.98976, 20.39398],
        [76.99, 20.394],
        [76.99024, 20.39401],
        [76.99048, 20.39402],
        [76.99071, 20.39401],
        [76.99095, 20.394],
        [76.99119, 20.39399],
        [76.99143, 20.39396],
        [76.99167, 20.39393],
        [76.9919, 20.39389],
        [76.99217, 20.39381],
        [76.99245, 20.39375],
        [76.99273, 20.39371],
        [76.99302, 20.39368],
        [76.9933, 20.39367],
        [76.99358, 20.39368],
        [76.99387, 20.3937],
        [76.99415, 20.39374],
        [76.99443, 20.3938],
        [76.99464, 20.39389],
        [76.99482, 20.39401],
        [76.99498, 20.39416],
        [76.99511, 20.39434],
        [76.99521, 20.39454],
        [76.99526, 20.39476],
        [76.99527, 20.39498],
        [76.99524, 20.3952],
        [76.99517, 20.39541],
        [76.99499, 20.39605],
        [76.99481, 20.39669],
        [76.99464, 20.39732],
        [76.99446, 20.39796],
        [76.9943, 20.3986],
        [76.99413, 20.39924],
        [76.99397, 20.39988],
        [76.99381, 20.40052],
        [76.99365, 20.40117],
        [76.99345, 20.40193],
        [76.99325, 20.40269],
        [76.99305, 20.40345],
        [76.99285, 20.40421],
        [76.99265, 20.40497],
        [76.99244, 20.40574],
        [76.99224, 20.4065],
        [76.99203, 20.40726],
        [76.99182, 20.40802],
        [76.99177, 20.4081],
        [76.99173, 20.40819],
        [76.99171, 20.40829],
        [76.99171, 20.40839],
        [76.99172, 20.40849],
        [76.99176, 20.40858],
        [76.99182, 20.40866],
        [76.99189, 20.40873],
        [76.99197, 20.40879],
        [76.99209, 20.40886],
        [76.99222, 20.40892],
        [76.99235, 20.40898],
        [76.99249, 20.40902],
        [76.99263, 20.40905],
        [76.99277, 20.40907],
        [76.99291, 20.40907],
        [76.99305, 20.40907],
        [76.99319, 20.40906],
        [76.9934, 20.40904],
        [76.99361, 20.40903],
        [76.99382, 20.40903],
        [76.99403, 20.40903],
        [76.99423, 20.40903],
        [76.99444, 20.40905],
        [76.99465, 20.40906],
        [76.99486, 20.40909],
        [76.99507, 20.40912],
        [76.99527, 20.40916],
        [76.99547, 20.40921],
        [76.99567, 20.40927],
        [76.99588, 20.40933],
        [76.99607, 20.40939],
        [76.99627, 20.40946],
        [76.99647, 20.40954],
        [76.99666, 20.40962],
        [76.99685, 20.40971],
        [76.99698, 20.40979],
        [76.99711, 20.40987],
        [76.99723, 20.40995],
        [76.99735, 20.41005],
        [76.99747, 20.41014],
        [76.99758, 20.41024],
        [76.99769, 20.41035],
        [76.99779, 20.41046],
        [76.99789, 20.41057],
        [76.99795, 20.41062],
        [76.99801, 20.41065],
        [76.99808, 20.41068],
        [76.99815, 20.41071],
        [76.99822, 20.41072],
        [76.9983, 20.41073],
        [76.99837, 20.41072],
        [76.99844, 20.41071],
        [76.99851, 20.41069],
        [76.99889, 20.41054],
        [76.99972, 20.41027],
        [77.00056, 20.41055],
        [77.00179, 20.41058],
        [77.00298, 20.41437],
        [77.00329, 20.41503],
        [77.00581, 20.41413],
        [77.00721, 20.41365],
        [77.0097, 20.41328],
        [77.01093, 20.41304],
        [77.01229, 20.41297],
        [77.01368, 20.41292],
        [77.01468, 20.41292],
        [77.01473, 20.41368],
        [77.01447, 20.41428],
        [77.01421, 20.41482],
        [77.01388, 20.41612],
        [77.01355, 20.41712],
        [77.01349, 20.41779],
        [77.01335, 20.42032],
        [77.01333, 20.42153],
        [77.01355, 20.42281],
        [77.01412, 20.42525],
        [77.01423, 20.42592],
        [77.01442, 20.42661],
        [77.01473, 20.42851],
        [77.01469, 20.42965],
        [77.01386, 20.43145],
        [77.01381, 20.43213],
        [77.0144, 20.43394],
        [77.0151, 20.43503],
        [77.01633, 20.43633],
        [77.01736, 20.43714],
        [77.01835, 20.43802],
        [77.01931, 20.43954],
        [77.02014, 20.44058],
        [77.02114, 20.44278],
        [77.02185, 20.44414],
        [77.02227, 20.44533],
        [77.02235, 20.44649],
        [77.02242, 20.44715],
        [77.02224, 20.44907],
        [77.02239, 20.44973],
        [77.0224, 20.44972],
        [77.02299, 20.44991]
      ]
    ]
  }
}
