{
  "type": "Feature",
  "id": "MH-AC-41",
  "properties": {
    "stateName": "MAHARASHTRA",
    "stateCode": "MH",
    "districtName": "AMRAVATI",
    "acNo": 41,
    "acName": "MELGHAT (ST)",
    "seatType": null,
    "pcNo": null,
    "pcName": null,
    "quality": "unverified",
    "sources": [
      "TBD"
    ]
  },
  "geometry": {
    "type": "Polygon",
    "coordinates": [
      [
        [76.6505, 21.2979],
        [76.6476, 21.3002],
        [76.6449, 21.3035],
        [76.64268, 21.30531],
        [76.64218, 21.30572],
        [76.64038, 21.308],
        [76.6335, 21.3167],
        [76.62668, 21.326],
        [76.6225, 21.3317],
        [76.62214, 21.33201],
        [76.6218, 21.3323],
        [76.6216, 21.3326],
        [76.62289, 21.3333],
        [76.6229, 21.3333],
        [76.626, 21.3355],
        [76.6307, 21.339],
        [76.6345, 21.3422],
        [76.63737, 21.34438],
        [76.6391, 21.3457],
        [76.6443, 21.3491],
        [76.64562, 21.35017],
        [76.65, 21.3537],
        [76.6555, 21.3577],
        [76.6576, 21.3595],
        [76.65801, 21.3597],
        [76.6599, 21.3606],
        [76.66282, 21.36228],
        [76.6639, 21.3629],
        [76.6685, 21.3665],
        [76.67615, 21.37274],
        [76.67878, 21.37488],
        [76.67948, 21.37544],
        [76.6844, 21.3793],
        [76.68771, 21.38141],
        [76.6902, 21.383],
        [76.6945, 21.3858],
        [76.699, 21.388],
        [76.7061, 21.3918],
        [76.70803, 21.39287],
        [76.7108, 21.3944],
        [76.71322, 21.39561],
        [76.7138, 21.3959],
        [76.7144, 21.3962],
        [76.7157, 21.397],
        [76.71886, 21.39933],
        [76.7195, 21.3998],
        [76.72169, 21.40151],
        [76.7245, 21.4037],
        [76.72544, 21.4043],
        [76.72559, 21.4044],
        [76.72588, 21.40459],
        [76.72617, 21.4047],
        [76.727, 21.405],
        [76.7294, 21.4066],
        [76.7306, 21.4071],
        [76.7311, 21.4077],
        [76.73128, 21.40777],
        [76.7316, 21.4079],
        [76.73202, 21.40795],
        [76.7325, 21.408],
        [76.7328, 21.40815],
        [76.73286, 21.40817],
        [76.73303, 21.4082],
        [76.7333, 21.4082],
        [76.734, 21.4084],
        [76.7348, 21.4088],
        [76.73549, 21.40909],
        [76.73555, 21.40911],
        [76.736, 21.4092],
        [76.7367, 21.4093],
        [76.73693, 21.40947],
        [76.7371, 21.4096],
        [76.73774, 21.40966],
        [76.7382, 21.4097],
        [76.7386, 21.41],
        [76.7391, 21.4104],
        [76.73934, 21.41058],
        [76.73946, 21.41066],
        [76.73959, 21.41077],
        [76.7404, 21.4114],
        [76.74064, 21.4117],
        [76.7408, 21.4119],
        [76.74089, 21.41217],
        [76.7409, 21.4122],
        [76.7394, 21.4136],
        [76.7393, 21.4153],
        [76.73955, 21.41599],
        [76.7397, 21.4164],
        [76.7397, 21.418],
        [76.73977, 21.41885],
        [76.7398, 21.4192],
        [76.73977, 21.41952],
        [76.7397, 21.4202],
        [76.739, 21.4212],
        [76.7387, 21.4214],
        [76.73863, 21.42145],
        [76.7382, 21.4218],
        [76.7382, 21.4218],
        [76.738, 21.4223],
        [76.738, 21.4229],
        [76.7388, 21.4238],
        [76.7393, 21.4244],
        [76.7404, 21.4259],
        [76.7406, 21.4262],
        [76.74087, 21.42674],
        [76.741, 21.427],
        [76.7409, 21.4282],
        [76.7397, 21.4295],
        [76.73967, 21.42954],
        [76.7392, 21.4303],
        [76.73921, 21.43033],
        [76.7393, 21.4307],
        [76.74, 21.4322],
        [76.74038, 21.43296],
        [76.74097, 21.43375],
        [76.74097, 21.43377],
        [76.741, 21.4338],
        [76.74121, 21.43459],
        [76.74142, 21.43532],
        [76.74175, 21.43594],
        [76.7419, 21.4362],
        [76.74199, 21.43655],
        [76.742, 21.4366],
        [76.74204, 21.43665],
        [76.7421, 21.43674],
        [76.7425, 21.4373],
        [76.7428, 21.4381],
        [76.7429, 21.4382],
        [76.743, 21.4383],
        [76.7436, 21.4389],
        [76.7438, 21.4392],
        [76.7441, 21.4398],
        [76.7444, 21.44],
        [76.7452, 21.4407],
        [76.74537, 21.44081],
        [76.74548, 21.44088],
        [76.746, 21.4412],
        [76.74633, 21.4414],
        [76.74644, 21.44147],
        [76.7469, 21.4417],
        [76.74706, 21.44186],
        [76.7471, 21.4419],
        [76.7485, 21.4423],
        [76.74852, 21.44231],
        [76.749, 21.4427],
        [76.7502, 21.4433],
        [76.7508, 21.4437],
        [76.75086, 21.44372],
        [76.7512, 21.4438],
        [76.7522, 21.4443],
        [76.7527, 21.4445],
        [76.7533, 21.4447],
        [76.75348, 21.4447],
        [76.7537, 21.4447],
        [76.7546, 21.4452],
        [76.75475, 21.44545],
        [76.7549, 21.4457],
        [76.75537, 21.44598],
        [76.7554, 21.446],
        [76.75545, 21.4461],
        [76.7557, 21.4466],
        [76.75592, 21.44689],
        [76.756, 21.447],
        [76.7562, 21.4473],
        [76.7565, 21.4477],
        [76.75655, 21.4479],
        [76.7566, 21.4481],
        [76.7568, 21.4483],
        [76.7571, 21.4488],
        [76.75725, 21.4489],
        [76.7574, 21.449],
        [76.7578, 21.4495],
        [76.7581, 21.45],
        [76.7581, 21.45],
        [76.7584, 21.4503],
        [76.7588, 21.45054],
        [76.7589, 21.4506],
        [76.75895, 21.45064],
        [76.7593, 21.4509],
        [76.75978, 21.4511],
        [76.76, 21.4512],
        [76.76032, 21.45139],
        [76.7605, 21.4515],
        [76.761, 21.4518],
        [76.76135, 21.45187],
        [76.7615, 21.4519],
        [76.76162, 21.45197],
        [76.7624, 21.4524],
        [76.7635, 21.4529],
        [76.76384, 21.45301],
        [76.7644, 21.4532],
        [76.7648, 21.4533],
        [76.7651, 21.4534],
        [76.76525, 21.45348],
        [76.7655, 21.4536],
        [76.76576, 21.45369],
        [76.7661, 21.4538],
        [76.76638, 21.45397],
        [76.7666, 21.4541],
        [76.7668, 21.4542],
        [76.76703, 21.4542],
        [76.7673, 21.4542],
        [76.76944, 21.45497],
        [76.77008, 21.45518],
        [76.77009, 21.45519],
        [76.7701, 21.4552],
        [76.77019, 21.45547],
        [76.7702, 21.4555],
        [76.7711, 21.4559],
        [76.77171, 21.4559],
        [76.7721, 21.4559],
        [76.7725, 21.456],
        [76.77288, 21.45625],
        [76.77307, 21.45636],
        [76.7735, 21.45648],
        [76.7736, 21.4565],
        [76.7742, 21.4567],
        [76.7747, 21.4568],
        [76.7753, 21.457],
        [76.77548, 21.45705],
        [76.77571, 21.45708],
        [76.77589, 21.45718],
        [76.77621, 21.45728],
        [76.7763, 21.4573],
        [76.77714, 21.45767],
        [76.779, 21.4585],
        [76.77921, 21.4585],
        [76.7793, 21.4585],
        [76.77999, 21.4588],
        [76.78005, 21.45881],
        [76.7807, 21.4589],
        [76.78079, 21.45899],
        [76.78092, 21.45908],
        [76.78119, 21.45927],
        [76.7814, 21.4594],
        [76.78154, 21.4595],
        [76.7818, 21.4597],
        [76.7821, 21.4599],
        [76.78249, 21.46029],
        [76.7825, 21.4603],
        [76.7825, 21.4603],
        [76.7829, 21.4608],
        [76.78304, 21.46094],
        [76.7831, 21.461],
        [76.7835, 21.4615],
        [76.7853, 21.4642],
        [76.78543, 21.46472],
        [76.7855, 21.465],
        [76.7857, 21.4652],
        [76.7863, 21.4669],
        [76.78649, 21.46746],
        [76.7866, 21.4678],
        [76.7867, 21.4687],
        [76.7867, 21.46904],
        [76.7867, 21.4693],
        [76.787, 21.47085],
        [76.7875, 21.4735],
        [76.7877, 21.4746],
        [76.78771, 21.4747],
        [76.78781, 21.47629],
        [76.78783, 21.47649],
        [76.7879, 21.477],
        [76.7879, 21.4772],
        [76.78831, 21.47734],
        [76.78851, 21.47738],
        [76.7887, 21.47749],
        [76.78874, 21.47754],
        [76.7889, 21.4777],
        [76.7891, 21.4778],
        [76.7894, 21.4781],
        [76.78969, 21.47839],
        [76.78979, 21.47842],
        [76.7901, 21.4785],
        [76.79034, 21.47858],
        [76.79038, 21.47859],
        [76.79038, 21.47859],
        [76.7904, 21.4786],
        [76.7908, 21.4793],
        [76.79085, 21.4794],
        [76.7909, 21.4795],
        [76.7913, 21.4799],
        [76.7915, 21.48],
        [76.79163, 21.47996],
        [76.7921, 21.4798],
        [76.7927, 21.4797],
        [76.79288, 21.47988],
        [76.79326, 21.47981],
        [76.7933, 21.4798],
        [76.7937, 21.4798],
        [76.79379, 21.48016],
        [76.7938, 21.4802],
        [76.7939, 21.4805],
        [76.7939, 21.48076],
        [76.7939, 21.4811],
        [76.79399, 21.4814],
        [76.7941, 21.4818],
        [76.7941, 21.4823],
        [76.7942, 21.4829],
        [76.79428, 21.48322],
        [76.79433, 21.48334],
        [76.79434, 21.48336],
        [76.7945, 21.4836],
        [76.7946, 21.4839],
        [76.7957, 21.4887],
        [76.79566, 21.48891],
        [76.7956, 21.4892],
        [76.7956, 21.48959],
        [76.7956, 21.4896],
        [76.7951, 21.4902],
        [76.79508, 21.49021],
        [76.79508, 21.49022],
        [76.79356, 21.49164],
        [76.7897, 21.4956],
        [76.78913, 21.49613],
        [76.7881, 21.4971],
        [76.788, 21.49723],
        [76.7878, 21.4975],
        [76.7878, 21.4978],
        [76.7879, 21.4989],
        [76.788, 21.4995],
        [76.788, 21.4999],
        [76.78789, 21.5003],
        [76.7878, 21.5006],
        [76.7878, 21.5011],
        [76.7876, 21.5012],
        [76.7848, 21.5013],
        [76.78478, 21.50131],
        [76.7846, 21.5014],
        [76.78448, 21.5014],
        [76.78439, 21.50144],
        [76.78423, 21.50157],
        [76.7842, 21.5016],
        [76.7841, 21.5017],
        [76.78333, 21.50239],
        [76.7831, 21.5026],
        [76.7829, 21.5027],
        [76.7827, 21.5027],
        [76.78266, 21.5027],
        [76.7825, 21.50273],
        [76.78234, 21.50281],
        [76.7822, 21.5029],
        [76.782, 21.5031],
        [76.7818, 21.5034],
        [76.7817, 21.5036],
        [76.78141, 21.50484],
        [76.7814, 21.50491],
        [76.78128, 21.50514],
        [76.78118, 21.50528],
        [76.7811, 21.5054],
        [76.78103, 21.50543],
        [76.78093, 21.50552],
        [76.78082, 21.50558],
        [76.7807, 21.5057],
        [76.78044, 21.5057],
        [76.7804, 21.5057],
        [76.7802, 21.5057],
        [76.7798, 21.5057],
        [76.77957, 21.5057],
        [76.77951, 21.50571],
        [76.77941, 21.50574],
        [76.7793, 21.5058],
        [76.779, 21.5059],
        [76.7787, 21.5059],
        [76.7785, 21.5059],
        [76.77838, 21.50586],
        [76.7782, 21.5058],
        [76.7779, 21.5058],
        [76.77773, 21.50588],
        [76.7777, 21.5059],
        [76.77758, 21.50594],
        [76.77742, 21.50602],
        [76.77731, 21.50605],
        [76.7772, 21.5061],
        [76.7768, 21.506],
        [76.77663, 21.50592],
        [76.77659, 21.5059],
        [76.7763, 21.5059],
        [76.776, 21.5059],
        [76.77575, 21.5059],
        [76.7757, 21.5059],
        [76.7754, 21.5059],
        [76.7752, 21.5059],
        [76.7749, 21.5059],
        [76.7746, 21.5058],
        [76.77358, 21.50572],
        [76.7734, 21.5057],
        [76.77323, 21.5057],
        [76.7731, 21.50571],
        [76.77286, 21.50584],
        [76.77269, 21.50602],
        [76.7689, 21.5127],
        [76.76889, 21.51272],
        [76.7684, 21.5134],
        [76.7682, 21.51375],
        [76.768, 21.5141],
        [76.7671, 21.5154],
        [76.76704, 21.51548],
        [76.7666, 21.5161],
        [76.76643, 21.5164],
        [76.7662, 21.5168],
        [76.76601, 21.51703],
        [76.7657, 21.5174],
        [76.7635, 21.5205],
        [76.7634, 21.5207],
        [76.76345, 21.52079],
        [76.7635, 21.5209],
        [76.7636, 21.521],
        [76.76552, 21.52339],
        [76.7665, 21.5246],
        [76.76666, 21.52476],
        [76.7668, 21.5249],
        [76.767, 21.5252],
        [76.7673, 21.5255],
        [76.76756, 21.52576],
        [76.76764, 21.52583],
        [76.7679, 21.526],
        [76.76806, 21.52616],
        [76.7682, 21.5263],
        [76.7685, 21.5265],
        [76.7689, 21.5267],
        [76.769, 21.52673],
        [76.7692, 21.5268],
        [76.7695, 21.5269],
        [76.7699, 21.527],
        [76.7702, 21.5271],
        [76.77044, 21.52716],
        [76.7706, 21.5272],
        [76.771, 21.5273],
        [76.7713, 21.5273],
        [76.7717, 21.5273],
        [76.77183, 21.52735],
        [76.772, 21.5274],
        [76.7724, 21.5274],
        [76.7731, 21.5274],
        [76.77347, 21.5274],
        [76.7736, 21.5274],
        [76.7739, 21.5274],
        [76.77399, 21.52745],
        [76.7741, 21.52746],
        [76.77436, 21.52749],
        [76.77444, 21.5275],
        [76.7746, 21.5275],
        [76.77469, 21.52753],
        [76.7749, 21.5276],
        [76.7751, 21.5276],
        [76.77517, 21.5276],
        [76.7754, 21.5276],
        [76.77648, 21.52783],
        [76.77675, 21.52788],
        [76.77687, 21.5279],
        [76.7771, 21.5279],
        [76.7775, 21.528],
        [76.77776, 21.52809],
        [76.77782, 21.5281],
        [76.77796, 21.52814],
        [76.7782, 21.5282],
        [76.77838, 21.52826],
        [76.77852, 21.5283],
        [76.77859, 21.52832],
        [76.7789, 21.5284],
        [76.7792, 21.5285],
        [76.7796, 21.5286],
        [76.77988, 21.52878],
        [76.7799, 21.5288],
        [76.7804, 21.529],
        [76.7806, 21.52905],
        [76.7808, 21.5291],
        [76.7812, 21.5293],
        [76.78155, 21.52951],
        [76.78166, 21.52957],
        [76.78174, 21.52962],
        [76.7821, 21.5298],
        [76.7825, 21.5301],
        [76.7829, 21.5304],
        [76.7832, 21.5307],
        [76.7836, 21.5311],
        [76.784, 21.5314],
        [76.7844, 21.5318],
        [76.7848, 21.5322],
        [76.78515, 21.53241],
        [76.7853, 21.5325],
        [76.7857, 21.5328],
        [76.78588, 21.53298],
        [76.7861, 21.5332],
        [76.78645, 21.53341],
        [76.7866, 21.5335],
        [76.787, 21.5338],
        [76.7875, 21.5341],
        [76.78783, 21.53443],
        [76.7881, 21.5347],
        [76.78832, 21.53486],
        [76.7885, 21.535],
        [76.78859, 21.53518],
        [76.7887, 21.5354],
        [76.789, 21.5358],
        [76.7892, 21.5362],
        [76.78923, 21.53626],
        [76.7894, 21.5366],
        [76.7895, 21.537],
        [76.7896, 21.5375],
        [76.7896, 21.538],
        [76.7896, 21.5384],
        [76.7896, 21.5389],
        [76.78956, 21.5391],
        [76.7895, 21.5394],
        [76.7894, 21.5399],
        [76.78933, 21.54017],
        [76.7893, 21.5403],
        [76.7891, 21.5408],
        [76.7889, 21.54107],
        [76.7888, 21.5412],
        [76.7885, 21.5416],
        [76.7882, 21.5419],
        [76.78803, 21.54207],
        [76.7878, 21.5423],
        [76.78737, 21.54273],
        [76.78707, 21.54305],
        [76.78673, 21.54333],
        [76.7861, 21.5439],
        [76.78595, 21.544],
        [76.78583, 21.54412],
        [76.78567, 21.54429],
        [76.7856, 21.5444],
        [76.7854, 21.5446],
        [76.7852, 21.5449],
        [76.785, 21.5451],
        [76.7848, 21.5454],
        [76.7846, 21.5457],
        [76.78445, 21.54585],
        [76.7844, 21.54592],
        [76.78424, 21.54614],
        [76.7842, 21.5462],
        [76.78412, 21.54631],
        [76.78392, 21.54659],
        [76.78369, 21.54694],
        [76.78363, 21.54703],
        [76.7835, 21.5473],
        [76.7833, 21.5477],
        [76.7831, 21.548],
        [76.7829, 21.5484],
        [76.7827, 21.54876],
        [76.7825, 21.5491],
        [76.78241, 21.54936],
        [76.7823, 21.5497],
        [76.7821, 21.5502],
        [76.7819, 21.5507],
        [76.7818, 21.5512],
        [76.78166, 21.55161],
        [76.7816, 21.5518],
        [76.7815, 21.5523],
        [76.7815, 21.55268],
        [76.7815, 21.5529],
        [76.7815, 21.5534],
        [76.7814, 21.5551],
        [76.7814, 21.5553],
        [76.7814, 21.5556],
        [76.78148, 21.55608],
        [76.7815, 21.5562],
        [76.7815, 21.55641],
        [76.78151, 21.55664],
        [76.78151, 21.55709],
        [76.7815, 21.55754],
        [76.7815, 21.558],
        [76.78147, 21.55813],
        [76.7814, 21.5584],
        [76.7814, 21.5587],
        [76.7813, 21.5593],
        [76.7813, 21.55955],
        [76.7813, 21.5598],
        [76.7812, 21.5602],
        [76.7812, 21.5607],
        [76.78115, 21.56075],
        [76.7811, 21.5608],
        [76.7811, 21.5612],
        [76.7811, 21.5616],
        [76.78112, 21.56174],
        [76.7812, 21.5625],
        [76.7812, 21.56299],
        [76.7812, 21.56301],
        [76.7813, 21.5634],
        [76.7813, 21.5637],
        [76.7813, 21.5639],
        [76.78166, 21.56634],
        [76.7817, 21.5666],
        [76.7818, 21.5671],
        [76.7819, 21.5676],
        [76.782, 21.5681],
        [76.7821, 21.5686],
        [76.78218, 21.56908],
        [76.7822, 21.5692],
        [76.7823, 21.5697],
        [76.78245, 21.57007],
        [76.7825, 21.5702],
        [76.78252, 21.57032],
        [76.7826, 21.5707],
        [76.7828, 21.5715],
        [76.78301, 21.572],
        [76.7831, 21.5722],
        [76.78329, 21.57271],
        [76.7834, 21.57297],
        [76.7835, 21.57317],
        [76.7838, 21.5737],
        [76.78394, 21.57402],
        [76.7841, 21.5744],
        [76.7846, 21.5751],
        [76.78493, 21.57549],
        [76.7851, 21.5757],
        [76.7853, 21.57594],
        [76.78561, 21.57629],
        [76.78572, 21.5764],
        [76.7862, 21.5768],
        [76.7889, 21.5793],
        [76.7893, 21.5796],
        [76.78947, 21.57977],
        [76.7897, 21.57997],
        [76.78983, 21.5801],
        [76.7901, 21.5803],
        [76.7904, 21.5807],
        [76.79041, 21.58072],
        [76.7907, 21.5812],
        [76.791, 21.5816],
        [76.79111, 21.58175],
        [76.7913, 21.582],
        [76.7915, 21.5825],
        [76.79155, 21.58264],
        [76.7917, 21.583],
        [76.79188, 21.5833],
        [76.792, 21.5835],
        [76.7922, 21.584],
        [76.7924, 21.5845],
        [76.79245, 21.58476],
        [76.79252, 21.58496],
        [76.7926, 21.58525],
        [76.7927, 21.5855],
        [76.7928, 21.586],
        [76.79285, 21.58625],
        [76.79291, 21.58651],
        [76.79294, 21.58668],
        [76.793, 21.587],
        [76.7934, 21.5903],
        [76.7934, 21.5906],
        [76.79342, 21.59078],
        [76.7935, 21.59121],
        [76.7937, 21.5917],
        [76.79377, 21.59199],
        [76.79383, 21.59213],
        [76.79385, 21.59217],
        [76.7941, 21.5925],
        [76.79426, 21.59283],
        [76.7943, 21.5929],
        [76.7946, 21.5933],
        [76.79478, 21.59343],
        [76.795, 21.5936],
        [76.79519, 21.59379],
        [76.79533, 21.5939],
        [76.7956, 21.59408],
        [76.7958, 21.5942],
        [76.7962, 21.5944],
        [76.7967, 21.5946],
        [76.79696, 21.59473],
        [76.79713, 21.59479],
        [76.79736, 21.59485],
        [76.7976, 21.5949],
        [76.7981, 21.595],
        [76.7982, 21.59502],
        [76.7986, 21.5951],
        [76.7991, 21.5951],
        [76.7996, 21.5951],
        [76.79979, 21.59506],
        [76.8001, 21.595],
        [76.80035, 21.595],
        [76.8006, 21.595],
        [76.8011, 21.5949],
        [76.80146, 21.59478],
        [76.8017, 21.5947],
        [76.80189, 21.59466],
        [76.8022, 21.5946],
        [76.80265, 21.59442],
        [76.8027, 21.5944],
        [76.8032, 21.5942],
        [76.80323, 21.59419],
        [76.80366, 21.594],
        [76.80385, 21.59393],
        [76.8043, 21.5937],
        [76.80491, 21.59353],
        [76.805, 21.5935],
        [76.8057, 21.5933],
        [76.8063, 21.5931],
        [76.807, 21.5929],
        [76.8077, 21.5927],
        [76.80779, 21.59267],
        [76.8084, 21.5925],
        [76.80893, 21.59242],
        [76.8091, 21.5924],
        [76.8097, 21.5923],
        [76.8147, 21.5916],
        [76.81541, 21.5915],
        [76.8188, 21.591],
        [76.81915, 21.59095],
        [76.81945, 21.59089],
        [76.81971, 21.59083],
        [76.8201, 21.5907],
        [76.82049, 21.59064],
        [76.8208, 21.5906],
        [76.8214, 21.5904],
        [76.82155, 21.59035],
        [76.822, 21.5902],
        [76.82223, 21.59013],
        [76.8227, 21.59],
        [76.8233, 21.5898],
        [76.82367, 21.58962],
        [76.8239, 21.5895],
        [76.8243, 21.58937],
        [76.82454, 21.58927],
        [76.82505, 21.58905],
        [76.8256, 21.5888],
        [76.8263, 21.5885],
        [76.8271, 21.5883],
        [76.8278, 21.5882],
        [76.8285, 21.5881],
        [76.8293, 21.5881],
        [76.82971, 21.58816],
        [76.83, 21.5882],
        [76.8308, 21.5883],
        [76.8315, 21.5885],
        [76.8322, 21.5887],
        [76.8336, 21.5892],
        [76.8341, 21.5894],
        [76.83427, 21.58947],
        [76.8346, 21.5896],
        [76.8355, 21.5901],
        [76.83565, 21.59021],
        [76.8359, 21.5904],
        [76.8364, 21.5907],
        [76.8368, 21.591],
        [76.8372, 21.5913],
        [76.8376, 21.5916],
        [76.83802, 21.59185],
        [76.8381, 21.5919],
        [76.8385, 21.5922],
        [76.8389, 21.5926],
        [76.8393, 21.593],
        [76.8396, 21.5935],
        [76.8399, 21.5939],
        [76.8401, 21.5944],
        [76.8403, 21.5949],
        [76.8405, 21.5954],
        [76.8405, 21.59582],
        [76.8405, 21.5961],
        [76.8406, 21.5967],
        [76.8407, 21.5973],
        [76.84078, 21.59755],
        [76.8409, 21.5979],
        [76.841, 21.5986],
        [76.84102, 21.5987],
        [76.8411, 21.5992],
        [76.84124, 21.59961],
        [76.8413, 21.5998],
        [76.84133, 21.59998],
        [76.8414, 21.6004],
        [76.8416, 21.601],
        [76.8419, 21.6027],
        [76.8421, 21.6034],
        [76.84234, 21.60389],
        [76.8424, 21.604],
        [76.8427, 21.6046],
        [76.843, 21.6051],
        [76.8433, 21.6057],
        [76.8437, 21.6062],
        [76.84409, 21.60678],
        [76.84413, 21.60683],
        [76.8445, 21.6072],
        [76.84475, 21.60751],
        [76.8449, 21.6077],
        [76.8452, 21.6081],
        [76.8456, 21.6084],
        [76.8459, 21.6087],
        [76.8463, 21.6091],
        [76.84686, 21.60958],
        [76.847, 21.6097],
        [76.84705, 21.60975],
        [76.8473, 21.61],
        [76.8477, 21.6103],
        [76.84783, 21.6104],
        [76.8481, 21.6106],
        [76.84818, 21.6107],
        [76.8485, 21.6111],
        [76.849, 21.6115],
        [76.84942, 21.61175],
        [76.8495, 21.6118],
        [76.84974, 21.61196],
        [76.8501, 21.6122],
        [76.8507, 21.6125],
        [76.8512, 21.6127],
        [76.85159, 21.61281],
        [76.8519, 21.6129],
        [76.85201, 21.61294],
        [76.8525, 21.6131],
        [76.8532, 21.6132],
        [76.8539, 21.6133],
        [76.8546, 21.6133],
        [76.85479, 21.61327],
        [76.8553, 21.6132],
        [76.8559, 21.6131],
        [76.85634, 21.61304],
        [76.8566, 21.613],
        [76.8573, 21.6128],
        [76.8579, 21.6125],
        [76.8584, 21.6123],
        [76.85867, 21.61217],
        [76.8588, 21.6121],
        [76.8593, 21.6119],
        [76.8596, 21.61182],
        [76.85973, 21.61178],
        [76.85983, 21.61175],
        [76.8602, 21.6116],
        [76.86049, 21.61154],
        [76.8607, 21.6115],
        [76.8611, 21.6114],
        [76.86136, 21.6113],
        [76.8616, 21.6112],
        [76.8621, 21.6111],
        [76.86253, 21.61099],
        [76.8629, 21.61089],
        [76.86305, 21.61084],
        [76.8637, 21.6106],
        [76.86431, 21.61045],
        [76.86452, 21.61038],
        [76.86482, 21.61028],
        [76.8653, 21.6101],
        [76.8661, 21.6098],
        [76.8669, 21.6095],
        [76.86753, 21.60926],
        [76.8677, 21.6092],
        [76.8685, 21.6089],
        [76.86928, 21.60851],
        [76.8693, 21.6085],
        [76.8722, 21.6067],
        [76.8731, 21.6061],
        [76.8736, 21.6057],
        [76.8741, 21.6054],
        [76.8747, 21.605],
        [76.8752, 21.6047],
        [76.8754, 21.60458],
        [76.8757, 21.6044],
        [76.8763, 21.6041],
        [76.8769, 21.6038],
        [76.8774, 21.6036],
        [76.87759, 21.60354],
        [76.878, 21.6034],
        [76.87932, 21.6028],
        [76.8802, 21.6024],
        [76.88147, 21.60185],
        [76.8846, 21.6005],
        [76.88501, 21.6003],
        [76.8852, 21.6002],
        [76.8858, 21.6],
        [76.8864, 21.5998],
        [76.887, 21.5996],
        [76.8876, 21.5994],
        [76.888, 21.59933],
        [76.8882, 21.59928],
        [76.88843, 21.59922],
        [76.8888, 21.5991],
        [76.88935, 21.59901],
        [76.8894, 21.599],
        [76.8901, 21.5989],
        [76.8908, 21.5987],
        [76.89123, 21.59852],
        [76.8915, 21.5984],
        [76.89199, 21.59826],
        [76.89222, 21.59818],
        [76.89239, 21.59812],
        [76.8929, 21.5979],
        [76.8936, 21.5976],
        [76.8944, 21.5973],
        [76.895, 21.597],
        [76.8957, 21.5967],
        [76.89591, 21.59661],
        [76.8964, 21.5964],
        [76.89653, 21.59631],
        [76.8967, 21.5962],
        [76.8971, 21.5961],
        [76.89718, 21.5961],
        [76.8974, 21.5961],
        [76.8978, 21.596],
        [76.8981, 21.596],
        [76.8985, 21.596],
        [76.8989, 21.596],
        [76.8992, 21.5961],
        [76.8996, 21.5962],
        [76.89992, 21.59631],
        [76.9002, 21.5964],
        [76.9008, 21.5966],
        [76.9014, 21.5968],
        [76.902, 21.5971],
        [76.9026, 21.5974],
        [76.9032, 21.5978],
        [76.9037, 21.5982],
        [76.9042, 21.5986],
        [76.9047, 21.5991],
        [76.9065, 21.6009],
        [76.90699, 21.60132],
        [76.9072, 21.6015],
        [76.90734, 21.6016],
        [76.9076, 21.6018],
        [76.9079, 21.6021],
        [76.9082, 21.6024],
        [76.9084, 21.6026],
        [76.9085, 21.6027],
        [76.9087, 21.6031],
        [76.9089, 21.6035],
        [76.909, 21.6039],
        [76.909, 21.60399],
        [76.909, 21.6043],
        [76.90906, 21.60458],
        [76.9091, 21.6048],
        [76.9094, 21.6072],
        [76.9095, 21.6077],
        [76.9095, 21.6077],
        [76.9096, 21.6081],
        [76.9098, 21.6085],
        [76.91, 21.6089],
        [76.91021, 21.60911],
        [76.9103, 21.6092],
        [76.91039, 21.60937],
        [76.9105, 21.6096],
        [76.91076, 21.60986],
        [76.9108, 21.6099],
        [76.9111, 21.6102],
        [76.9114, 21.6105],
        [76.9118, 21.6108],
        [76.9124, 21.6114],
        [76.91263, 21.61163],
        [76.913, 21.612],
        [76.9133, 21.61222],
        [76.9137, 21.6125],
        [76.91412, 21.61292],
        [76.9143, 21.6131],
        [76.915, 21.6137],
        [76.91538, 21.61397],
        [76.9157, 21.6142],
        [76.91588, 21.61438],
        [76.9163, 21.6148],
        [76.917, 21.6153],
        [76.91735, 21.61555],
        [76.9177, 21.6158],
        [76.91914, 21.61703],
        [76.9198, 21.6176],
        [76.9224, 21.6198],
        [76.9275, 21.6237],
        [76.9277, 21.6239],
        [76.928, 21.6241],
        [76.9282, 21.6243],
        [76.9285, 21.6245],
        [76.92864, 21.62455],
        [76.9288, 21.6246],
        [76.9291, 21.6248],
        [76.92914, 21.62484],
        [76.9293, 21.625],
        [76.9296, 21.6251],
        [76.92987, 21.62521],
        [76.9301, 21.6253],
        [76.93029, 21.62543],
        [76.9304, 21.6255],
        [76.9307, 21.6257],
        [76.931, 21.6258],
        [76.9313, 21.626],
        [76.9352, 21.628],
        [76.93607, 21.62846],
        [76.9388, 21.6299],
        [76.9394, 21.6302],
        [76.9398, 21.63047],
        [76.94, 21.6306],
        [76.9406, 21.631],
        [76.9412, 21.6314],
        [76.9417, 21.6318],
        [76.94199, 21.632],
        [76.9423, 21.6322],
        [76.94272, 21.63262],
        [76.9428, 21.6327],
        [76.9433, 21.6332],
        [76.9438, 21.6337],
        [76.9442, 21.6341],
        [76.9443, 21.63424],
        [76.9445, 21.6345],
        [76.94474, 21.63468],
        [76.9449, 21.6348],
        [76.9453, 21.6352],
        [76.9457, 21.6356],
        [76.94579, 21.63572],
        [76.946, 21.636],
        [76.9464, 21.6363],
        [76.9464, 21.6363],
        [76.94641, 21.63631],
        [76.9468, 21.63667],
        [76.947, 21.63685],
        [76.9472, 21.637],
        [76.9476, 21.6374],
        [76.94806, 21.63786],
        [76.9481, 21.6379],
        [76.9485, 21.6383],
        [76.949, 21.6387],
        [76.9494, 21.6391],
        [76.94971, 21.63928],
        [76.9499, 21.6394],
        [76.9504, 21.6398],
        [76.9509, 21.6402],
        [76.9513, 21.6405],
        [76.9531, 21.6421],
        [76.9535, 21.6424],
        [76.95369, 21.64253],
        [76.95381, 21.6426],
        [76.95388, 21.64264],
        [76.9542, 21.6428],
        [76.9546, 21.643],
        [76.95476, 21.64308],
        [76.95496, 21.64316],
        [76.9552, 21.64325],
        [76.9554, 21.6433],
        [76.9558, 21.6434],
        [76.9562, 21.6435],
        [76.95657, 21.64359],
        [76.9566, 21.6436],
        [76.9571, 21.6438],
        [76.9574, 21.64386],
        [76.9576, 21.6439],
        [76.95805, 21.64408],
        [76.9581, 21.6441],
        [76.9585, 21.6443],
        [76.959, 21.6445],
        [76.95925, 21.64455],
        [76.9595, 21.6446],
        [76.96, 21.6448],
        [76.9604, 21.645],
        [76.96067, 21.64516],
        [76.9609, 21.6453],
        [76.96221, 21.64591],
        [76.9635, 21.6465],
        [76.96377, 21.64668],
        [76.96403, 21.64681],
        [76.96429, 21.64697],
        [76.96438, 21.64703],
        [76.9646, 21.6471],
        [76.96479, 21.64729],
        [76.96482, 21.64731],
        [76.96488, 21.64736],
        [76.9651, 21.6475],
        [76.96514, 21.64754],
        [76.9653, 21.6477],
        [76.9656, 21.6479],
        [76.96567, 21.64794],
        [76.9658, 21.648],
        [76.96595, 21.64815],
        [76.96613, 21.64828],
        [76.96631, 21.6484],
        [76.9665, 21.6485],
        [76.9668, 21.6487],
        [76.967, 21.64884],
        [76.96713, 21.64891],
        [76.96725, 21.64897],
        [76.9675, 21.6491],
        [76.96757, 21.64915],
        [76.96783, 21.64928],
        [76.96796, 21.64934],
        [76.9682, 21.6494],
        [76.96841, 21.64954],
        [76.96855, 21.6496],
        [76.96865, 21.64964],
        [76.9689, 21.6497],
        [76.96958, 21.64999],
        [76.9703, 21.6503],
        [76.97056, 21.65035],
        [76.9708, 21.6504],
        [76.97122, 21.65061],
        [76.97136, 21.65067],
        [76.97146, 21.65072],
        [76.9719, 21.6509],
        [76.97233, 21.65124],
        [76.97237, 21.65127],
        [76.97284, 21.65162],
        [76.97298, 21.65174],
        [76.9733, 21.652],
        [76.9737, 21.6524],
        [76.9741, 21.6529],
        [76.97419, 21.65305],
        [76.9744, 21.6534],
        [76.97514, 21.65512],
        [76.9753, 21.6555],
        [76.9754, 21.6558],
        [76.97549, 21.65608],
        [76.9755, 21.65611],
        [76.9757, 21.6564],
        [76.97575, 21.65655],
        [76.97585, 21.65669],
        [76.97593, 21.65678],
        [76.9761, 21.6569],
        [76.9763, 21.6572],
        [76.97631, 21.65721],
        [76.9766, 21.6574],
        [76.9767, 21.6575],
        [76.97684, 21.65759],
        [76.97697, 21.65766],
        [76.9771, 21.6577],
        [76.98042, 21.65928],
        [76.9811, 21.6596],
        [76.9877, 21.6636],
        [76.9884, 21.6639],
        [76.98861, 21.66399],
        [76.9891, 21.6642],
        [76.9897, 21.6646],
        [76.99005, 21.66485],
        [76.99036, 21.66507],
        [76.99038, 21.66508],
        [76.9904, 21.6651],
        [76.991, 21.6655],
        [76.99137, 21.66595],
        [76.99151, 21.66608],
        [76.99182, 21.66642],
        [76.992, 21.6666],
        [76.9925, 21.6672],
        [76.99259, 21.66737],
        [76.9929, 21.6679],
        [76.99311, 21.66821],
        [76.9933, 21.6685],
        [76.99349, 21.66895],
        [76.9936, 21.6692],
        [76.994, 21.6698],
        [76.99408, 21.6699],
        [76.9945, 21.6704],
        [76.99485, 21.67092],
        [76.99491, 21.671],
        [76.99501, 21.67111],
        [76.9954, 21.6715],
        [76.99557, 21.6717],
        [76.9959, 21.6721],
        [76.9965, 21.6726],
        [76.99677, 21.67278],
        [76.9971, 21.673],
        [76.99821, 21.67383],
        [76.99829, 21.67389],
        [76.99909, 21.67437],
        [77.0023, 21.6763],
        [77.0048, 21.678],
        [77.0054, 21.67847],
        [77.00569, 21.67867],
        [77.00579, 21.67873],
        [77.006, 21.6788],
        [77.00723, 21.6796],
        [77.0077, 21.6799],
        [77.0097, 21.6808],
        [77.0109, 21.6812],
        [77.01261, 21.68161],
        [77.013, 21.6817],
        [77.0143, 21.682],
        [77.0151, 21.6825],
        [77.0159, 21.683],
        [77.0169, 21.6836],
        [77.0189, 21.6853],
        [77.0201, 21.6862],
        [77.02029, 21.6863],
        [77.0223, 21.6873],
        [77.02295, 21.68795],
        [77.0234, 21.6884],
        [77.0238, 21.6886],
        [77.02428, 21.68894],
        [77.0256, 21.6899],
        [77.0282, 21.6912],
        [77.0303, 21.6922],
        [77.03065, 21.69228],
        [77.032, 21.6926],
        [77.0343, 21.6934],
        [77.03485, 21.6936],
        [77.0354, 21.6938],
        [77.0376, 21.6951],
        [77.04, 21.697],
        [77.0415, 21.6981],
        [77.0429, 21.6995],
        [77.04335, 21.69975],
        [77.0447, 21.7005],
        [77.0478, 21.7018],
        [77.04897, 21.70229],
        [77.0516, 21.7034],
        [77.0548, 21.7046],
        [77.0572, 21.7054],
        [77.05764, 21.70554],
        [77.0588, 21.7059],
        [77.0605, 21.7063],
        [77.06143, 21.70666],
        [77.0618, 21.7068],
        [77.06202, 21.70699],
        [77.0625, 21.7074],
        [77.064, 21.7095],
        [77.0642, 21.7104],
        [77.06423, 21.71048],
        [77.0643, 21.7107],
        [77.06444, 21.71083],
        [77.06461, 21.71096],
        [77.06484, 21.71112],
        [77.065, 21.7112],
        [77.06547, 21.71167],
        [77.06563, 21.71182],
        [77.06574, 21.71221],
        [77.0658, 21.7124],
        [77.067, 21.714],
        [77.06728, 21.71436],
        [77.0681, 21.7154],
        [77.069, 21.7163],
        [77.0701, 21.7174],
        [77.072, 21.7186],
        [77.0732, 21.7194],
        [77.0747, 21.7198],
        [77.0765, 21.7202],
        [77.0782, 21.7203],
        [77.0796, 21.72],
        [77.0813, 21.7188],
        [77.0826, 21.7175],
        [77.0841, 21.7161],
        [77.0858, 21.7146],
        [77.0866, 21.7145],
        [77.0881, 21.7146],
        [77.0899, 21.715],
        [77.09132, 21.71528],
        [77.0914, 21.7153],
        [77.09141, 21.7153],
        [77.0938, 21.7163],
        [77.09525, 21.71644],
        [77.0959, 21.7165],
        [77.09669, 21.71661],
        [77.0973, 21.7167],
        [77.09845, 21.71687],
        [77.1006, 21.7172],
        [77.1033, 21.7176],
        [77.1058, 21.7179],
        [77.10764, 21.7183],
        [77.1095, 21.7187],
        [77.11116, 21.7194],
        [77.1121, 21.7198],
        [77.11326, 21.7202],
        [77.115, 21.7208],
        [77.11606, 21.72106],
        [77.1174, 21.7214],
        [77.11868, 21.72157],
        [77.1197, 21.7217],
        [77.12288, 21.72193],
        [77.1238, 21.722],
        [77.12503, 21.72203],
        [77.1276, 21.7221],
        [77.12842, 21.72214],
        [77.1299, 21.7222],
        [77.13161, 21.72187],
        [77.1325, 21.7217],
        [77.13393, 21.7211],
        [77.1349, 21.7207],
        [77.13536, 21.72052],
        [77.1364, 21.7201],
        [77.13752, 21.72004],
        [77.1382, 21.72],
        [77.13875, 21.71991],
        [77.1394, 21.7198],
        [77.13974, 21.71949],
        [77.1404, 21.7189],
        [77.1411, 21.7182],
        [77.1422, 21.7175],
        [77.14254, 21.71735],
        [77.1431, 21.7171],
        [77.14412, 21.71539],
        [77.1443, 21.7151],
        [77.1452, 21.714],
        [77.14523, 21.71398],
        [77.1466, 21.7131],
        [77.14738, 21.71274],
        [77.1483, 21.7123],
        [77.1502, 21.7121],
        [77.1547, 21.7115],
        [77.1566, 21.7114],
        [77.1587, 21.711],
        [77.16063, 21.71095],
        [77.1625, 21.7109],
        [77.16349, 21.71077],
        [77.1648, 21.7106],
        [77.1664, 21.711],
        [77.16669, 21.71118],
        [77.168, 21.712],
        [77.16874, 21.71282],
        [77.1689, 21.713],
        [77.1695, 21.7138],
        [77.1697, 21.7142],
        [77.1697, 21.71423],
        [77.1699, 21.7156],
        [77.1698, 21.7171],
        [77.1696, 21.718],
        [77.1691, 21.7186],
        [77.16903, 21.71914],
        [77.169, 21.7194],
        [77.1691, 21.7206],
        [77.1695, 21.7219],
        [77.1704, 21.7233],
        [77.17123, 21.7242],
        [77.1715, 21.7245],
        [77.17249, 21.72507],
        [77.1729, 21.7253],
        [77.17319, 21.7254],
        [77.1741, 21.7257],
        [77.1757, 21.7258],
        [77.17682, 21.72551],
        [77.1776, 21.7253],
        [77.17941, 21.72429],
        [77.1801, 21.7239],
        [77.1814, 21.7231],
        [77.18262, 21.72299],
        [77.1837, 21.7229],
        [77.18414, 21.72293],
        [77.1852, 21.723],
        [77.1867, 21.7229],
        [77.1893, 21.7217],
        [77.19, 21.7214],
        [77.19026, 21.7213],
        [77.19146, 21.72082],
        [77.1915, 21.7208],
        [77.1915, 21.71815],
        [77.1915, 21.7155],
        [77.1915, 21.71442],
        [77.1915, 21.7139],
        [77.19113, 21.71235],
        [77.1909, 21.7114],
        [77.1903, 21.7093],
        [77.18991, 21.70799],
        [77.1894, 21.7063],
        [77.1886, 21.7039],
        [77.1882, 21.7026],
        [77.1882, 21.7017],
        [77.1889, 21.7013],
        [77.1891, 21.7012],
        [77.1912, 21.7001],
        [77.19143, 21.70001],
        [77.1917, 21.6999],
        [77.1926, 21.6997],
        [77.19337, 21.69959],
        [77.1948, 21.6994],
        [77.1968, 21.69873],
        [77.1978, 21.6984],
        [77.19873, 21.6978],
        [77.19922, 21.69748],
        [77.19951, 21.6971],
        [77.20025, 21.69615],
        [77.2006, 21.6957],
        [77.2019, 21.6939],
        [77.2034, 21.69259],
        [77.2035, 21.6925],
        [77.20403, 21.69225],
        [77.2064, 21.6911],
        [77.209, 21.6903],
        [77.2094, 21.6901],
        [77.2102, 21.6898],
        [77.2102, 21.6898],
        [77.21066, 21.69072],
        [77.21077, 21.69094],
        [77.2112, 21.6918],
        [77.2121, 21.694],
        [77.21287, 21.69516],
        [77.2129, 21.6952],
        [77.21385, 21.6946],
        [77.2145, 21.6942],
        [77.21633, 21.69411],
        [77.2166, 21.6941],
        [77.2191, 21.6941],
        [77.2194, 21.69454],
        [77.2206, 21.6963],
        [77.22063, 21.69636],
        [77.2207, 21.6965],
        [77.2213, 21.6968],
        [77.22312, 21.69697],
        [77.2234, 21.697],
        [77.22364, 21.69706],
        [77.22487, 21.69738],
        [77.22504, 21.69748],
        [77.2265, 21.6984],
        [77.2275, 21.6991],
        [77.22763, 21.69936],
        [77.22773, 21.69952],
        [77.22745, 21.69988],
        [77.2273, 21.7001],
        [77.2272, 21.7015],
        [77.227, 21.7031],
        [77.22705, 21.70376],
        [77.2271, 21.7043],
        [77.2274, 21.7057],
        [77.22746, 21.70595],
        [77.2276, 21.7066],
        [77.2277, 21.7075],
        [77.2278, 21.7088],
        [77.2278, 21.7108],
        [77.2276, 21.7126],
        [77.22744, 21.7131],
        [77.2271, 21.7142],
        [77.2269, 21.715],
        [77.2268, 21.7157],
        [77.22694, 21.71638],
        [77.22695, 21.71646],
        [77.227, 21.71668],
        [77.227, 21.7167],
        [77.2286, 21.7165],
        [77.22957, 21.7165],
        [77.23, 21.7165],
        [77.23049, 21.7166],
        [77.23055, 21.71658],
        [77.231, 21.7164],
        [77.23118, 21.71618],
        [77.2319, 21.7153],
        [77.23254, 21.71511],
        [77.2329, 21.715],
        [77.23302, 21.71518],
        [77.2331, 21.7153],
        [77.23361, 21.71559],
        [77.2345, 21.7161],
        [77.2353, 21.7163],
        [77.2367, 21.7161],
        [77.23802, 21.71582],
        [77.23805, 21.71581],
        [77.23806, 21.71581],
        [77.2381, 21.7158],
        [77.2399, 21.7155],
        [77.2412, 21.7154],
        [77.2422, 21.715],
        [77.2425, 21.7148],
        [77.2439, 21.7163],
        [77.24405, 21.71641],
        [77.2443, 21.7166],
        [77.24556, 21.71605],
        [77.2475, 21.7152],
        [77.24811, 21.71482],
        [77.2488, 21.7144],
        [77.24993, 21.7138],
        [77.2505, 21.7135],
        [77.2507, 21.71347],
        [77.2511, 21.7134],
        [77.2517, 21.7133],
        [77.25197, 21.71319],
        [77.2522, 21.7131],
        [77.25248, 21.7131],
        [77.2528, 21.7131],
        [77.2534, 21.713],
        [77.254, 21.7129],
        [77.25433, 21.71283],
        [77.2545, 21.7128],
        [77.25465, 21.7128],
        [77.2551, 21.7128],
        [77.2555, 21.71273],
        [77.2557, 21.7127],
        [77.2576, 21.7126],
        [77.2586, 21.71265],
        [77.2613, 21.7128],
        [77.2615, 21.7128],
        [77.26159, 21.7128],
        [77.2617, 21.7128],
        [77.2619, 21.7129],
        [77.26199, 21.71323],
        [77.2621, 21.7136],
        [77.2623, 21.714],
        [77.26257, 21.71438],
        [77.2628, 21.7147],
        [77.263, 21.7151],
        [77.2632, 21.7155],
        [77.26326, 21.71574],
        [77.2633, 21.7159],
        [77.2635, 21.7163],
        [77.26354, 21.71639],
        [77.2637, 21.7167],
        [77.26373, 21.71681],
        [77.2638, 21.7171],
        [77.26387, 21.71732],
        [77.2639, 21.7174],
        [77.2639, 21.71745],
        [77.2639, 21.7176],
        [77.264, 21.7179],
        [77.2641, 21.7182],
        [77.2642, 21.7185],
        [77.2643, 21.7187],
        [77.26436, 21.71876],
        [77.2645, 21.7189],
        [77.26458, 21.71914],
        [77.26461, 21.71919],
        [77.26465, 21.71925],
        [77.2648, 21.7194],
        [77.26514, 21.72022],
        [77.2653, 21.7206],
        [77.2657, 21.72132],
        [77.2658, 21.7215],
        [77.267, 21.7238],
        [77.267, 21.7238],
        [77.26701, 21.72382],
        [77.26712, 21.72409],
        [77.26719, 21.72423],
        [77.2673, 21.7244],
        [77.2674, 21.7246],
        [77.26745, 21.72475],
        [77.26753, 21.72489],
        [77.2676, 21.725],
        [77.2677, 21.7251],
        [77.2679, 21.7254],
        [77.26795, 21.7255],
        [77.268, 21.7256],
        [77.2682, 21.7259],
        [77.2684, 21.7261],
        [77.26942, 21.72696],
        [77.2703, 21.7277],
        [77.27039, 21.72779],
        [77.2705, 21.7279],
        [77.2708, 21.728],
        [77.27096, 21.728],
        [77.2711, 21.728],
        [77.27122, 21.72806],
        [77.27133, 21.72808],
        [77.27147, 21.7281],
        [77.2716, 21.7281],
        [77.2719, 21.7281],
        [77.2722, 21.7281],
        [77.2724, 21.7281],
        [77.27248, 21.7281],
        [77.2727, 21.7281],
        [77.276, 21.7259],
        [77.2764, 21.7256],
        [77.2768, 21.7253],
        [77.2771, 21.7251],
        [77.27722, 21.72501],
        [77.2775, 21.7248],
        [77.2779, 21.7246],
        [77.2783, 21.7244],
        [77.27832, 21.72439],
        [77.27852, 21.72429],
        [77.2787, 21.7242],
        [77.27872, 21.72419],
        [77.2791, 21.724],
        [77.2796, 21.7238],
        [77.28124, 21.72341],
        [77.2838, 21.7228],
        [77.28491, 21.7224],
        [77.2863, 21.7219],
        [77.28654, 21.72182],
        [77.28656, 21.72181],
        [77.28657, 21.72181],
        [77.2866, 21.7218],
        [77.28668, 21.7218],
        [77.2869, 21.7218],
        [77.2872, 21.7219],
        [77.2873, 21.722],
        [77.28791, 21.72322],
        [77.2881, 21.7236],
        [77.2891, 21.7259],
        [77.28942, 21.72671],
        [77.29, 21.7282],
        [77.2901, 21.7285],
        [77.2902, 21.7288],
        [77.29027, 21.72895],
        [77.2903, 21.729],
        [77.2904, 21.7293],
        [77.2905, 21.7296],
        [77.2905, 21.72974],
        [77.2905, 21.7299],
        [77.2906, 21.7302],
        [77.29065, 21.73034],
        [77.2907, 21.7305],
        [77.2907, 21.73062],
        [77.29072, 21.73073],
        [77.29072, 21.73075],
        [77.2908, 21.7309],
        [77.2908, 21.73109],
        [77.2908, 21.73111],
        [77.2909, 21.7314],
        [77.2909, 21.73156],
        [77.29093, 21.73177],
        [77.29095, 21.7319],
        [77.291, 21.732],
        [77.291, 21.7322],
        [77.291, 21.73228],
        [77.29101, 21.73239],
        [77.291, 21.73247],
        [77.291, 21.7328],
        [77.2907, 21.7329],
        [77.2904, 21.7329],
        [77.29021, 21.7329],
        [77.29013, 21.73291],
        [77.29004, 21.73293],
        [77.2899, 21.733],
        [77.28975, 21.733],
        [77.28965, 21.73303],
        [77.28942, 21.73311],
        [77.2892, 21.7332],
        [77.289, 21.7333],
        [77.28898, 21.73331],
        [77.28878, 21.73343],
        [77.28875, 21.73345],
        [77.2886, 21.7336],
        [77.287, 21.7346],
        [77.2866, 21.7349],
        [77.28639, 21.73497],
        [77.2863, 21.735],
        [77.286, 21.7352],
        [77.2855, 21.7356],
        [77.28549, 21.73561],
        [77.2853, 21.7358],
        [77.28512, 21.73589],
        [77.2851, 21.7359],
        [77.2848, 21.7361],
        [77.2846, 21.7363],
        [77.2843, 21.7365],
        [77.28427, 21.73653],
        [77.28412, 21.7367],
        [77.28415, 21.73679],
        [77.2842, 21.7369],
        [77.2842, 21.73697],
        [77.28424, 21.7371],
        [77.28431, 21.7373],
        [77.28434, 21.73738],
        [77.2844, 21.7375],
        [77.2844, 21.73755],
        [77.2844, 21.7377],
        [77.2845, 21.7379],
        [77.2846, 21.7381],
        [77.28462, 21.73812],
        [77.2847, 21.7382],
        [77.2848, 21.7384],
        [77.2848, 21.73855],
        [77.2848, 21.7386],
        [77.2849, 21.739],
        [77.285, 21.7393],
        [77.2851, 21.73944],
        [77.2852, 21.7396],
        [77.2853, 21.7399],
        [77.2855, 21.7402],
        [77.28556, 21.74046],
        [77.2856, 21.7406],
        [77.2858, 21.7409],
        [77.286, 21.7412],
        [77.28604, 21.74124],
        [77.2863, 21.7415],
        [77.2865, 21.7417],
        [77.28654, 21.74183],
        [77.2866, 21.742],
        [77.2868, 21.7422],
        [77.28691, 21.74231],
        [77.287, 21.7424],
        [77.2871, 21.7426],
        [77.2871, 21.74277],
        [77.28714, 21.7429],
        [77.28719, 21.74317],
        [77.2872, 21.7432],
        [77.2872, 21.74326],
        [77.2872, 21.7435],
        [77.2872, 21.7437],
        [77.2872, 21.744],
        [77.2872, 21.74407],
        [77.2872, 21.7443],
        [77.28713, 21.74443],
        [77.28711, 21.74454],
        [77.28705, 21.74468],
        [77.287, 21.7449],
        [77.2868, 21.7452],
        [77.28668, 21.74532],
        [77.2866, 21.7454],
        [77.2864, 21.7456],
        [77.2861, 21.7458],
        [77.2844, 21.7469],
        [77.2841, 21.7471],
        [77.28392, 21.74728],
        [77.2839, 21.7473],
        [77.2836, 21.7475],
        [77.28346, 21.74755],
        [77.28334, 21.74761],
        [77.28306, 21.74774],
        [77.283, 21.74776],
        [77.2828, 21.7479],
        [77.2825, 21.748],
        [77.28234, 21.748],
        [77.28219, 21.74804],
        [77.28188, 21.74811],
        [77.2817, 21.7482],
        [77.28151, 21.7482],
        [77.28144, 21.74822],
        [77.28122, 21.7483],
        [77.28111, 21.74835],
        [77.281, 21.7484],
        [77.2808, 21.7485],
        [77.2806, 21.7486],
        [77.28054, 21.74863],
        [77.28039, 21.74872],
        [77.28035, 21.74875],
        [77.2802, 21.7489],
        [77.27993, 21.74917],
        [77.2799, 21.74926],
        [77.2799, 21.7494],
        [77.2797, 21.7501],
        [77.27955, 21.75047],
        [77.2795, 21.7506],
        [77.2796, 21.7548],
        [77.27979, 21.75616],
        [77.27996, 21.75737],
        [77.2801, 21.75839],
        [77.2801, 21.7584],
        [77.2838, 21.7592],
        [77.2849, 21.75936],
        [77.2866, 21.7596],
        [77.28892, 21.76018],
        [77.28941, 21.76029],
        [77.28952, 21.7603],
        [77.29, 21.7603],
        [77.29103, 21.75999],
        [77.292, 21.7597],
        [77.2949, 21.7583],
        [77.2968, 21.7572],
        [77.2983, 21.7563],
        [77.29837, 21.75626],
        [77.2987, 21.7561],
        [77.2991, 21.756],
        [77.29945, 21.75593],
        [77.29957, 21.7559],
        [77.29984, 21.75584],
        [77.3, 21.7558],
        [77.3005, 21.7557],
        [77.30082, 21.7557],
        [77.3009, 21.7557],
        [77.3014, 21.7557],
        [77.3018, 21.7557],
        [77.3023, 21.7557],
        [77.3044, 21.7557],
        [77.3074, 21.7561],
        [77.3095, 21.7564],
        [77.3113, 21.7567],
        [77.3125, 21.7569],
        [77.31349, 21.75684],
        [77.3142, 21.7568],
        [77.3146, 21.7568],
        [77.3149, 21.7568],
        [77.31493, 21.7568],
        [77.3153, 21.7568],
        [77.31557, 21.75671],
        [77.3156, 21.7567],
        [77.316, 21.7566],
        [77.3163, 21.7565],
        [77.3166, 21.7564],
        [77.31675, 21.75636],
        [77.317, 21.7563],
        [77.31725, 21.75614],
        [77.3173, 21.7561],
        [77.31873, 21.75538],
        [77.3209, 21.7543],
        [77.3241, 21.7529],
        [77.32443, 21.75274],
        [77.3245, 21.7527],
        [77.32451, 21.7527],
        [77.3255, 21.7531],
        [77.3272, 21.7536],
        [77.32818, 21.75375],
        [77.3291, 21.7539],
        [77.3339, 21.7548],
        [77.33441, 21.75493],
        [77.3355, 21.7552],
        [77.3371, 21.7556],
        [77.3388, 21.7561],
        [77.3395, 21.7563],
        [77.33996, 21.75639],
        [77.3411, 21.7566],
        [77.3429, 21.7571],
        [77.344, 21.7574],
        [77.3442, 21.7575],
        [77.3444, 21.7576],
        [77.3446, 21.7577],
        [77.34474, 21.7577],
        [77.3448, 21.7577],
        [77.34507, 21.75779],
        [77.34512, 21.7578],
        [77.3453, 21.7578],
        [77.34541, 21.75785],
        [77.3455, 21.7579],
        [77.3458, 21.7579],
        [77.346, 21.7579],
        [77.3462, 21.7579],
        [77.3464, 21.7579],
        [77.3467, 21.7578],
        [77.3469, 21.7578],
        [77.3471, 21.7577],
        [77.3473, 21.7576],
        [77.34736, 21.75754],
        [77.3474, 21.7575],
        [77.34758, 21.75741],
        [77.3476, 21.7574],
        [77.3478, 21.7573],
        [77.3528, 21.7555],
        [77.355, 21.755],
        [77.35571, 21.75486],
        [77.357, 21.7546],
        [77.3585, 21.75438],
        [77.3597, 21.7542],
        [77.36061, 21.7542],
        [77.3612, 21.7542],
        [77.36176, 21.75423],
        [77.3629, 21.7543],
        [77.36506, 21.75416],
        [77.3677, 21.754],
        [77.36891, 21.754],
        [77.3692, 21.754],
        [77.37, 21.754],
        [77.37091, 21.75386],
        [77.3713, 21.7538],
        [77.3718, 21.7538],
        [77.3728, 21.7538],
        [77.37303, 21.7538],
        [77.3732, 21.7538],
        [77.3733, 21.75385],
        [77.3734, 21.7539],
        [77.3737, 21.754],
        [77.374, 21.7541],
        [77.3748, 21.7545],
        [77.3753, 21.7548],
        [77.3755, 21.7549],
        [77.3757, 21.755],
        [77.37581, 21.755],
        [77.3759, 21.755],
        [77.37601, 21.75504],
        [77.37615, 21.75505],
        [77.37631, 21.75504],
        [77.3764, 21.755],
        [77.3766, 21.755],
        [77.3768, 21.7549],
        [77.377, 21.7548],
        [77.3772, 21.7547],
        [77.3775, 21.75453],
        [77.3783, 21.7541],
        [77.3789, 21.7538],
        [77.3799, 21.7534],
        [77.38043, 21.75322],
        [77.3805, 21.7532],
        [77.38063, 21.7532],
        [77.3812, 21.7532],
        [77.38357, 21.7533],
        [77.3836, 21.7533],
        [77.3847, 21.7533],
        [77.3858, 21.7534],
        [77.38641, 21.75347],
        [77.3867, 21.7535],
        [77.3883, 21.7535],
        [77.3896, 21.7534],
        [77.3912, 21.7532],
        [77.3921, 21.7529],
        [77.39286, 21.75275],
        [77.3936, 21.7526],
        [77.3946, 21.7525],
        [77.39533, 21.75256],
        [77.3958, 21.7526],
        [77.3966, 21.7527],
        [77.398, 21.7526],
        [77.39934, 21.75252],
        [77.3997, 21.7525],
        [77.39999, 21.7525],
        [77.4008, 21.7525],
        [77.4028, 21.7525],
        [77.40379, 21.7525],
        [77.4048, 21.7525],
        [77.40579, 21.75268],
        [77.4059, 21.7527],
        [77.4078, 21.753],
        [77.40817, 21.75303],
        [77.409, 21.7531],
        [77.4104, 21.7533],
        [77.41047, 21.7533],
        [77.4119, 21.7534],
        [77.4135, 21.7534],
        [77.4144, 21.7533],
        [77.4149, 21.7532],
        [77.41502, 21.75314],
        [77.4151, 21.7531],
        [77.4153, 21.7531],
        [77.41539, 21.75314],
        [77.41549, 21.75317],
        [77.41558, 21.7532],
        [77.4157, 21.7532],
        [77.41581, 21.75331],
        [77.4159, 21.7534],
        [77.4162, 21.7535],
        [77.4165, 21.7535],
        [77.41655, 21.7535],
        [77.4167, 21.7535],
        [77.41723, 21.75368],
        [77.4179, 21.7539],
        [77.4195, 21.7545],
        [77.422, 21.7553],
        [77.4232, 21.7557],
        [77.42446, 21.7561],
        [77.4251, 21.7563],
        [77.4267, 21.757],
        [77.4277, 21.7573],
        [77.42786, 21.75738],
        [77.4281, 21.7575],
        [77.42833, 21.7575],
        [77.4285, 21.7575],
        [77.42875, 21.7576],
        [77.42896, 21.75765],
        [77.42922, 21.7577],
        [77.4294, 21.7577],
        [77.4298, 21.7578],
        [77.42994, 21.75784],
        [77.4302, 21.7579],
        [77.4306, 21.758],
        [77.43099, 21.758],
        [77.4311, 21.758],
        [77.43121, 21.75803],
        [77.4315, 21.7581],
        [77.43182, 21.7581],
        [77.4322, 21.7581],
        [77.4335, 21.7582],
        [77.43446, 21.7582],
        [77.43455, 21.75818],
        [77.4347, 21.7581],
        [77.43487, 21.7581],
        [77.4349, 21.7581],
        [77.4352, 21.7581],
        [77.4354, 21.7581],
        [77.4356, 21.7581],
        [77.43587, 21.7581],
        [77.4359, 21.7581],
        [77.43592, 21.75811],
        [77.4361, 21.75815],
        [77.43629, 21.7582],
        [77.4363, 21.7582],
        [77.43633, 21.75821],
        [77.4366, 21.7583],
        [77.4387, 21.7585],
        [77.44047, 21.75896],
        [77.441, 21.7591],
        [77.4424, 21.7595],
        [77.4427, 21.7596],
        [77.44282, 21.7596],
        [77.443, 21.7596],
        [77.44327, 21.75969],
        [77.44337, 21.7597],
        [77.4436, 21.7597],
        [77.4456, 21.7596],
        [77.44642, 21.75955],
        [77.4473, 21.7595],
        [77.45143, 21.75978],
        [77.4531, 21.7599],
        [77.455, 21.76],
        [77.4562, 21.7601],
        [77.4564, 21.7601],
        [77.4569, 21.7602],
        [77.4571, 21.7603],
        [77.4573, 21.7604],
        [77.45744, 21.76054],
        [77.45747, 21.76056],
        [77.45756, 21.76063],
        [77.4577, 21.7607],
        [77.45775, 21.7608],
        [77.45781, 21.76086],
        [77.45787, 21.76093],
        [77.458, 21.761],
        [77.46, 21.7629],
        [77.46016, 21.76306],
        [77.46043, 21.76329],
        [77.46052, 21.76336],
        [77.4606, 21.7634],
        [77.4608, 21.7635],
        [77.461, 21.7636],
        [77.4612, 21.7637],
        [77.46129, 21.76375],
        [77.46136, 21.76377],
        [77.46148, 21.7638],
        [77.4616, 21.7638],
        [77.46169, 21.76384],
        [77.46177, 21.76386],
        [77.46197, 21.76389],
        [77.46215, 21.7639],
        [77.4623, 21.7639],
        [77.4626, 21.7639],
        [77.4629, 21.764],
        [77.4632, 21.7641],
        [77.4635, 21.7642],
        [77.46358, 21.7642],
        [77.4637, 21.7642],
        [77.4639, 21.7643],
        [77.46408, 21.76439],
        [77.4641, 21.7644],
        [77.4643, 21.7645],
        [77.4645, 21.7646],
        [77.46462, 21.7646],
        [77.4647, 21.7646],
        [77.4649, 21.7647],
        [77.4651, 21.7648],
        [77.4653, 21.7649],
        [77.4661, 21.7651],
        [77.4664, 21.7651],
        [77.46651, 21.76516],
        [77.46662, 21.76517],
        [77.46677, 21.7652],
        [77.4669, 21.7652],
        [77.46699, 21.76525],
        [77.46711, 21.76527],
        [77.46725, 21.7653],
        [77.4674, 21.7653],
        [77.46757, 21.76538],
        [77.46759, 21.76539],
        [77.46782, 21.76546],
        [77.46794, 21.7655],
        [77.4681, 21.7655],
        [77.4683, 21.7656],
        [77.46919, 21.76593],
        [77.4699, 21.7662],
        [77.47012, 21.76627],
        [77.4702, 21.7663],
        [77.4705, 21.7664],
        [77.47067, 21.76651],
        [77.47083, 21.76658],
        [77.47101, 21.76667],
        [77.4711, 21.7667],
        [77.4715, 21.7669],
        [77.4718, 21.767],
        [77.4721, 21.7672],
        [77.4724, 21.7673],
        [77.4727, 21.7675],
        [77.47316, 21.76775],
        [77.4749, 21.7687],
        [77.47587, 21.76908],
        [77.4767, 21.7694],
        [77.47732, 21.76962],
        [77.4781, 21.7699],
        [77.4787, 21.7701],
        [77.4789, 21.7701],
        [77.4791, 21.77],
        [77.47928, 21.76982],
        [77.47931, 21.76979],
        [77.4797, 21.7693],
        [77.47985, 21.76922],
        [77.4799, 21.7692],
        [77.4801, 21.7691],
        [77.4821, 21.768],
        [77.48221, 21.76789],
        [77.4823, 21.7678],
        [77.4826, 21.7676],
        [77.4828, 21.7673],
        [77.48302, 21.76708],
        [77.48305, 21.76704],
        [77.48314, 21.76687],
        [77.4832, 21.7667],
        [77.4833, 21.7664],
        [77.48336, 21.76628],
        [77.48338, 21.76617],
        [77.4834, 21.76599],
        [77.4834, 21.7659],
        [77.4834, 21.76577],
        [77.48339, 21.76564],
        [77.48337, 21.76554],
        [77.4833, 21.7654],
        [77.4833, 21.76521],
        [77.4833, 21.7651],
        [77.4832, 21.7648],
        [77.48311, 21.76471],
        [77.483, 21.7646],
        [77.48295, 21.76444],
        [77.48285, 21.76431],
        [77.48272, 21.76418],
        [77.4826, 21.7641],
        [77.4824, 21.7639],
        [77.4822, 21.7638],
        [77.48205, 21.7637],
        [77.4819, 21.7636],
        [77.4816, 21.7635],
        [77.48143, 21.7635],
        [77.4813, 21.7635],
        [77.48117, 21.76347],
        [77.4809, 21.7634],
        [77.4807, 21.76347],
        [77.4806, 21.7635],
        [77.48043, 21.7635],
        [77.48038, 21.76351],
        [77.4801, 21.7636],
        [77.48006, 21.7636],
        [77.4798, 21.7636],
        [77.4794, 21.7636],
        [77.4791, 21.7635],
        [77.4789, 21.7634],
        [77.47863, 21.76331],
        [77.4786, 21.7633],
        [77.4783, 21.7631],
        [77.4781, 21.7628],
        [77.478, 21.7626],
        [77.478, 21.76259],
        [77.478, 21.7623],
        [77.478, 21.7621],
        [77.4781, 21.7618],
        [77.4782, 21.7616],
        [77.4784, 21.7613],
        [77.4794, 21.7601],
        [77.47945, 21.75995],
        [77.4795, 21.7598],
        [77.47963, 21.7596],
        [77.47966, 21.75954],
        [77.4797, 21.7594],
        [77.4797, 21.7593],
        [77.47976, 21.75913],
        [77.4798, 21.759],
        [77.4798, 21.7576],
        [77.4799, 21.7565],
        [77.4799, 21.7562],
        [77.47986, 21.75611],
        [77.4798, 21.756],
        [77.4798, 21.75574],
        [77.47976, 21.75562],
        [77.4797, 21.7555],
        [77.4796, 21.7553],
        [77.47956, 21.75519],
        [77.4795, 21.755],
        [77.4794, 21.7548],
        [77.47935, 21.75464],
        [77.4793, 21.7545],
        [77.4794, 21.7542],
        [77.47951, 21.75409],
        [77.4796, 21.754],
        [77.4812, 21.7531],
        [77.48152, 21.75289],
        [77.4818, 21.7527],
        [77.4841, 21.7517],
        [77.48498, 21.75129],
        [77.48541, 21.75109],
        [77.48548, 21.75106],
        [77.4856, 21.751],
        [77.48569, 21.75096],
        [77.4858, 21.7509],
        [77.486, 21.7507],
        [77.48777, 21.74913],
        [77.4904, 21.7468],
        [77.49127, 21.74661],
        [77.4918, 21.7465],
        [77.49268, 21.74665],
        [77.493, 21.7467],
        [77.4943, 21.7474],
        [77.4948, 21.7476],
        [77.49508, 21.74767],
        [77.49523, 21.74769],
        [77.4958, 21.7475],
        [77.49644, 21.74714],
        [77.4967, 21.74698],
        [77.49711, 21.74676],
        [77.4974, 21.7466],
        [77.49784, 21.74653],
        [77.498, 21.7465],
        [77.4988, 21.7465],
        [77.5011, 21.7466],
        [77.5017, 21.7463],
        [77.50175, 21.74625],
        [77.5018, 21.7462],
        [77.50184, 21.7462],
        [77.50186, 21.74619],
        [77.50197, 21.7461],
        [77.50207, 21.74603],
        [77.5021, 21.746],
        [77.50216, 21.74594],
        [77.50219, 21.74589],
        [77.50237, 21.74562],
        [77.5024, 21.74553],
        [77.5024, 21.7454],
        [77.5025, 21.7451],
        [77.5025, 21.7449],
        [77.50245, 21.7447],
        [77.5024, 21.7445],
        [77.5023, 21.7442],
        [77.50219, 21.74409],
        [77.5021, 21.744],
        [77.502, 21.7438],
        [77.502, 21.7437],
        [77.50219, 21.74337],
        [77.50238, 21.74301],
        [77.50279, 21.74234],
        [77.5034, 21.7413],
        [77.50409, 21.74057],
        [77.505, 21.7396],
        [77.5055, 21.7391],
        [77.50562, 21.73895],
        [77.5058, 21.7387],
        [77.506, 21.7386],
        [77.50693, 21.73893],
        [77.50738, 21.73908],
        [77.50747, 21.73906],
        [77.5076, 21.739],
        [77.50766, 21.73897],
        [77.5078, 21.7389],
        [77.5089, 21.7377],
        [77.5095, 21.7368],
        [77.5105, 21.7349],
        [77.51094, 21.73398],
        [77.5116, 21.7326],
        [77.51175, 21.73245],
        [77.5119, 21.7323],
        [77.5128, 21.7318],
        [77.5136, 21.7313],
        [77.5138, 21.7312],
        [77.51431, 21.73063],
        [77.5146, 21.7303],
        [77.51532, 21.72976],
        [77.5154, 21.7297],
        [77.5159, 21.7293],
        [77.5167, 21.7288],
        [77.517, 21.72855],
        [77.5173, 21.7283],
        [77.5184, 21.7273],
        [77.5193, 21.7264],
        [77.51932, 21.72638],
        [77.5199, 21.7258],
        [77.5211, 21.725],
        [77.5222, 21.7243],
        [77.5226, 21.7241],
        [77.5227, 21.724],
        [77.5228, 21.724],
        [77.52289, 21.72396],
        [77.52308, 21.72391],
        [77.5231, 21.7239],
        [77.52312, 21.7239],
        [77.5235, 21.7239],
        [77.5244, 21.7243],
        [77.5245, 21.7244],
        [77.52458, 21.72444],
        [77.52471, 21.72448],
        [77.52478, 21.7245],
        [77.5249, 21.7245],
        [77.5251, 21.7245],
        [77.52527, 21.7245],
        [77.5253, 21.7245],
        [77.5254, 21.7244],
        [77.5246, 21.7232],
        [77.52451, 21.72311],
        [77.5243, 21.7229],
        [77.52413, 21.72249],
        [77.524, 21.7222],
        [77.5232, 21.7201],
        [77.52313, 21.71996],
        [77.5231, 21.7199],
        [77.5231, 21.71989],
        [77.5231, 21.7197],
        [77.5231, 21.7195],
        [77.52325, 21.7192],
        [77.5236, 21.7185],
        [77.5241, 21.718],
        [77.5242, 21.7179],
        [77.5244, 21.7176],
        [77.5245, 21.7174],
        [77.5245, 21.71715],
        [77.5245, 21.7171],
        [77.5245, 21.7169],
        [77.5245, 21.7165],
        [77.52432, 21.71584],
        [77.5242, 21.7154],
        [77.5242, 21.71531],
        [77.52416, 21.7151],
        [77.52414, 21.71486],
        [77.5241, 21.7147],
        [77.52419, 21.71435],
        [77.52419, 21.71433],
        [77.5242, 21.71432],
        [77.5242, 21.7143],
        [77.52422, 21.71426],
        [77.5246, 21.7135],
        [77.525, 21.7127],
        [77.5257, 21.7117],
        [77.5258, 21.7116],
        [77.5263, 21.7113],
        [77.52709, 21.7111],
        [77.5271, 21.7111],
        [77.5279, 21.7112],
        [77.5284, 21.71138],
        [77.5304, 21.7121],
        [77.531, 21.7118],
        [77.53128, 21.71162],
        [77.5313, 21.7116],
        [77.53139, 21.7116],
        [77.5315, 21.7116],
        [77.5327, 21.7119],
        [77.5328, 21.71185],
        [77.5329, 21.7118],
        [77.53315, 21.7118],
        [77.5332, 21.7118],
        [77.5336, 21.7115],
        [77.5346, 21.7108],
        [77.53501, 21.71046],
        [77.5352, 21.7103],
        [77.53525, 21.71025],
        [77.5354, 21.7101],
        [77.5355, 21.7099],
        [77.5355, 21.70981],
        [77.5355, 21.7097],
        [77.5356, 21.7095],
        [77.5359, 21.709],
        [77.53591, 21.709],
        [77.53591, 21.70899],
        [77.53601, 21.70894],
        [77.5361, 21.7089],
        [77.53611, 21.7089],
        [77.5364, 21.7089],
        [77.53664, 21.7089],
        [77.5371, 21.7089],
        [77.53772, 21.70862],
        [77.538, 21.7085],
        [77.5383, 21.70845],
        [77.5386, 21.7084],
        [77.5389, 21.7083],
        [77.5391, 21.7082],
        [77.53937, 21.70793],
        [77.5396, 21.7077],
        [77.5403, 21.7071],
        [77.54089, 21.70671],
        [77.54094, 21.70667],
        [77.54102, 21.70664],
        [77.5413, 21.7065],
        [77.54158, 21.70641],
        [77.54166, 21.70634],
        [77.5418, 21.7062],
        [77.54194, 21.70606],
        [77.54201, 21.70599],
        [77.5421, 21.7058],
        [77.5423, 21.7053],
        [77.5425, 21.705],
        [77.54257, 21.7049],
        [77.5428, 21.7046],
        [77.543, 21.7042],
        [77.54314, 21.70409],
        [77.5435, 21.7038],
        [77.5437, 21.7035],
        [77.5439, 21.7031],
        [77.5443, 21.7022],
        [77.54441, 21.70194],
        [77.5452, 21.7],
        [77.54575, 21.69877],
        [77.546, 21.6982],
        [77.54643, 21.69725],
        [77.5474, 21.6951],
        [77.5484, 21.6926],
        [77.54844, 21.69242],
        [77.5485, 21.6921],
        [77.54856, 21.69148],
        [77.5486, 21.6911],
        [77.5489, 21.6893],
        [77.54909, 21.68756],
        [77.5492, 21.6865],
        [77.5497, 21.6846],
        [77.5502, 21.6829],
        [77.55087, 21.68155],
        [77.55098, 21.68133],
        [77.55126, 21.68083],
        [77.55136, 21.68068],
        [77.5514, 21.6806],
        [77.55155, 21.68054],
        [77.5519, 21.6804],
        [77.5541, 21.6791],
        [77.55416, 21.67893],
        [77.5542, 21.6788],
        [77.55463, 21.67813],
        [77.5551, 21.6774],
        [77.556, 21.6757],
        [77.5573, 21.6735],
        [77.5586, 21.6708],
        [77.55892, 21.6703],
        [77.5593, 21.6697],
        [77.55957, 21.6694],
        [77.5602, 21.6687],
        [77.56098, 21.66753],
        [77.561, 21.6675],
        [77.5613, 21.6667],
        [77.5615, 21.6663],
        [77.5617, 21.6659],
        [77.5617, 21.6657],
        [77.56163, 21.66516],
        [77.5616, 21.6649],
        [77.5616, 21.66461],
        [77.5616, 21.6633],
        [77.5617, 21.6607],
        [77.5618, 21.6592],
        [77.5621, 21.6567],
        [77.5621, 21.6543],
        [77.5621, 21.65338],
        [77.5621, 21.6528],
        [77.5624, 21.6509],
        [77.56253, 21.65043],
        [77.5628, 21.6495],
        [77.5632, 21.64797],
        [77.5634, 21.6472],
        [77.5639, 21.6455],
        [77.564, 21.64535],
        [77.56405, 21.64522],
        [77.5641, 21.64507],
        [77.5641, 21.6449],
        [77.5641, 21.6447],
        [77.56407, 21.64464],
        [77.564, 21.64455],
        [77.56392, 21.6445],
        [77.5639, 21.6445],
        [77.56387, 21.64447],
        [77.56385, 21.64446],
        [77.56369, 21.6443],
        [77.56358, 21.6441],
        [77.5636, 21.64404],
        [77.5636, 21.6439],
        [77.56379, 21.64358],
        [77.5639, 21.6434],
        [77.5646, 21.6416],
        [77.5653, 21.6402],
        [77.56546, 21.63995],
        [77.566, 21.6391],
        [77.5665, 21.63822],
        [77.5673, 21.6368],
        [77.5679, 21.63574],
        [77.5682, 21.6352],
        [77.5688, 21.6339],
        [77.56883, 21.63387],
        [77.5691, 21.6336],
        [77.56937, 21.63324],
        [77.5694, 21.6332],
        [77.56949, 21.63311],
        [77.5697, 21.6329],
        [77.5701, 21.6323],
        [77.5709, 21.6312],
        [77.572, 21.6297],
        [77.5724, 21.6292],
        [77.57252, 21.6289],
        [77.5726, 21.6287],
        [77.57271, 21.62839],
        [77.5732, 21.627],
        [77.5738, 21.6256],
        [77.5749, 21.6226],
        [77.57515, 21.622],
        [77.5756, 21.6209],
        [77.5756, 21.62077],
        [77.5756, 21.6206],
        [77.5741, 21.6187],
        [77.5735, 21.6179],
        [77.5733, 21.6176],
        [77.5731, 21.6173],
        [77.5728, 21.617],
        [77.57273, 21.61693],
        [77.5726, 21.6168],
        [77.5729, 21.6142],
        [77.5731, 21.6113],
        [77.57321, 21.60898],
        [77.5733, 21.6072],
        [77.5733, 21.6054],
        [77.5736, 21.6038],
        [77.5739, 21.6018],
        [77.5741, 21.6005],
        [77.5743, 21.598],
        [77.5745, 21.5973],
        [77.5747, 21.5955],
        [77.5748, 21.5931],
        [77.5749, 21.5919],
        [77.57484, 21.5914],
        [77.5748, 21.5911],
        [77.5748, 21.5909],
        [77.5752, 21.5899],
        [77.5753, 21.5883],
        [77.57545, 21.58707],
        [77.57549, 21.58659],
        [77.5755, 21.58582],
        [77.5755, 21.5851],
        [77.5755, 21.5833],
        [77.57556, 21.5827],
        [77.5756, 21.5823],
        [77.57565, 21.58165],
        [77.5757, 21.581],
        [77.57574, 21.58075],
        [77.5758, 21.5804],
        [77.5759, 21.5799],
        [77.5761, 21.5791],
        [77.5766, 21.578],
        [77.5769, 21.5773],
        [77.577, 21.5771],
        [77.57673, 21.5771],
        [77.5763, 21.5771],
        [77.57629, 21.57708],
        [77.57598, 21.57615],
        [77.5759, 21.5759],
        [77.5748, 21.5715],
        [77.57471, 21.57025],
        [77.5747, 21.57014],
        [77.5747, 21.5701],
        [77.5747, 21.5699],
        [77.5748, 21.5691],
        [77.57494, 21.56788],
        [77.575, 21.5673],
        [77.575, 21.5671],
        [77.5749, 21.5668],
        [77.5746, 21.5662],
        [77.5745, 21.5659],
        [77.5744, 21.5656],
        [77.57433, 21.56538],
        [77.5743, 21.56531],
        [77.57429, 21.56527],
        [77.5742, 21.5651],
        [77.5742, 21.56503],
        [77.5742, 21.5649],
        [77.5741, 21.56461],
        [77.5741, 21.5646],
        [77.5741, 21.56459],
        [77.5741, 21.5641],
        [77.57422, 21.56367],
        [77.5743, 21.5634],
        [77.5748, 21.562],
        [77.575, 21.561],
        [77.57518, 21.56057],
        [77.5753, 21.5603],
        [77.5758, 21.5596],
        [77.5762, 21.559],
        [77.5766, 21.5584],
        [77.5767, 21.5582],
        [77.5768, 21.5581],
        [77.57693, 21.55783],
        [77.57699, 21.55771],
        [77.577, 21.55757],
        [77.577, 21.5573],
        [77.577, 21.5561],
        [77.577, 21.55607],
        [77.577, 21.5553],
        [77.577, 21.5549],
        [77.57702, 21.55487],
        [77.57705, 21.55473],
        [77.5771, 21.5547],
        [77.5771, 21.5547],
        [77.5772, 21.5546],
        [77.5782, 21.5542],
        [77.57837, 21.55413],
        [77.5787, 21.554],
        [77.5799, 21.5536],
        [77.5802, 21.5535],
        [77.5804, 21.55343],
        [77.5805, 21.5534],
        [77.58062, 21.5534],
        [77.5808, 21.5534],
        [77.5811, 21.5534],
        [77.5813, 21.5534],
        [77.5819, 21.5534],
        [77.5826, 21.5536],
        [77.58345, 21.55388],
        [77.5838, 21.554],
        [77.58428, 21.55425],
        [77.5857, 21.555],
        [77.5876, 21.5558],
        [77.58935, 21.5564],
        [77.5908, 21.5569],
        [77.59194, 21.55728],
        [77.59233, 21.5574],
        [77.5924, 21.55745],
        [77.5925, 21.5575],
        [77.5939, 21.5584],
        [77.59404, 21.55852],
        [77.5945, 21.5589],
        [77.59506, 21.55918],
        [77.59515, 21.5592],
        [77.5952, 21.5592],
        [77.5956, 21.559],
        [77.59618, 21.55859],
        [77.5966, 21.5583],
        [77.5972, 21.5577],
        [77.5997, 21.5552],
        [77.6015, 21.5536],
        [77.6029, 21.5522],
        [77.6046, 21.5508],
        [77.60499, 21.55054],
        [77.6061, 21.5498],
        [77.6074, 21.5489],
        [77.608, 21.5486],
        [77.6082, 21.5484],
        [77.60844, 21.54824],
        [77.6085, 21.5482],
        [77.6088, 21.5473],
        [77.60903, 21.54623],
        [77.6093, 21.545],
        [77.6098, 21.5435],
        [77.61002, 21.54301],
        [77.6103, 21.5424],
        [77.6106, 21.5419],
        [77.61065, 21.54165],
        [77.6107, 21.5414],
        [77.61102, 21.5409],
        [77.6112, 21.5406],
        [77.6114, 21.5402],
        [77.6116, 21.5396],
        [77.6117, 21.5392],
        [77.6117, 21.53891],
        [77.6117, 21.5389],
        [77.6117, 21.5387],
        [77.6116, 21.5385],
        [77.61148, 21.53844],
        [77.61141, 21.53841],
        [77.61128, 21.53833],
        [77.6109, 21.5381],
        [77.60996, 21.53776],
        [77.6087, 21.5373],
        [77.60847, 21.53725],
        [77.6082, 21.5372],
        [77.60804, 21.53712],
        [77.60797, 21.5371],
        [77.60792, 21.53706],
        [77.6078, 21.537],
        [77.60721, 21.53635],
        [77.60686, 21.53598],
        [77.60653, 21.53557],
        [77.6057, 21.5346],
        [77.6036, 21.5323],
        [77.60337, 21.53199],
        [77.60329, 21.53189],
        [77.60319, 21.53174],
        [77.6031, 21.53161],
        [77.60306, 21.5316],
        [77.6029, 21.5316],
        [77.6023, 21.5317],
        [77.60206, 21.5317],
        [77.60201, 21.53171],
        [77.60194, 21.5317],
        [77.6018, 21.5317],
        [77.6014, 21.5315],
        [77.60102, 21.53105],
        [77.6008, 21.5308],
        [77.6, 21.53],
        [77.59967, 21.52961],
        [77.5994, 21.5293],
        [77.5992, 21.529],
        [77.59907, 21.52878],
        [77.59891, 21.52854],
        [77.59882, 21.52842],
        [77.5987, 21.5283],
        [77.5985, 21.5279],
        [77.5983, 21.5277],
        [77.59827, 21.52768],
        [77.59797, 21.52752],
        [77.59787, 21.52746],
        [77.5977, 21.5274],
        [77.5969, 21.5272],
        [77.59673, 21.52709],
        [77.5966, 21.527],
        [77.5963, 21.5269],
        [77.59614, 21.5269],
        [77.596, 21.5269],
        [77.5957, 21.5268],
        [77.59547, 21.52665],
        [77.59544, 21.52663],
        [77.59537, 21.5266],
        [77.5953, 21.5266],
        [77.5951, 21.5265],
        [77.5948, 21.5265],
        [77.59403, 21.52663],
        [77.5936, 21.5267],
        [77.59271, 21.52683],
        [77.5916, 21.527],
        [77.5908, 21.52718],
        [77.5903, 21.5273],
        [77.59014, 21.52736],
        [77.58978, 21.52753],
        [77.58959, 21.52763],
        [77.58955, 21.52765],
        [77.5894, 21.5278],
        [77.5892, 21.5278],
        [77.58916, 21.5278],
        [77.58905, 21.52783],
        [77.58886, 21.5278],
        [77.58869, 21.52773],
        [77.5886, 21.5277],
        [77.5884, 21.5276],
        [77.5882, 21.5275],
        [77.5879, 21.5274],
        [77.58779, 21.52736],
        [77.58761, 21.52731],
        [77.58749, 21.5273],
        [77.5874, 21.5273],
        [77.5871, 21.5273],
        [77.58693, 21.5273],
        [77.5868, 21.5273],
        [77.5862, 21.5274],
        [77.5852, 21.5274],
        [77.5821, 21.5273],
        [77.58124, 21.52738],
        [77.581, 21.5274],
        [77.58082, 21.52737],
        [77.5799, 21.5272],
        [77.57944, 21.52715],
        [77.5789, 21.5271],
        [77.57851, 21.52699],
        [77.5782, 21.5269],
        [77.5773, 21.5267],
        [77.5766, 21.5265],
        [77.5761, 21.5264],
        [77.57595, 21.5264],
        [77.5757, 21.5264],
        [77.57541, 21.52633],
        [77.5753, 21.5263],
        [77.5751, 21.5263],
        [77.5744, 21.5265],
        [77.57272, 21.52689],
        [77.5718, 21.5271],
        [77.57066, 21.5274],
        [77.5699, 21.5276],
        [77.5689, 21.528],
        [77.56864, 21.52809],
        [77.5668, 21.5287],
        [77.56566, 21.52912],
        [77.5649, 21.5294],
        [77.5631, 21.5301],
        [77.5613, 21.5311],
        [77.56055, 21.53149],
        [77.5584, 21.5326],
        [77.5562, 21.5334],
        [77.5531, 21.5345],
        [77.5496, 21.5357],
        [77.54824, 21.53623],
        [77.54778, 21.53642],
        [77.54745, 21.5365],
        [77.5471, 21.5366],
        [77.54674, 21.5366],
        [77.5466, 21.5366],
        [77.5461, 21.5366],
        [77.54493, 21.53665],
        [77.5438, 21.5367],
        [77.5419, 21.5367],
        [77.54138, 21.53664],
        [77.541, 21.5366],
        [77.5379, 21.5364],
        [77.5377, 21.5364],
        [77.53755, 21.5364],
        [77.5375, 21.5364],
        [77.5373, 21.5365],
        [77.53709, 21.53657],
        [77.537, 21.5366],
        [77.5363, 21.537],
        [77.53548, 21.53735],
        [77.5349, 21.5376],
        [77.53408, 21.53787],
        [77.5334, 21.5381],
        [77.5319, 21.5385],
        [77.5306, 21.5392],
        [77.53032, 21.53944],
        [77.53, 21.5397],
        [77.52975, 21.5397],
        [77.52955, 21.53971],
        [77.52946, 21.53972],
        [77.5276, 21.54],
        [77.52679, 21.54005],
        [77.526, 21.5401],
        [77.52563, 21.5401],
        [77.5256, 21.5401],
        [77.5252, 21.5401],
        [77.5251, 21.5401],
        [77.52494, 21.5401],
        [77.5249, 21.5401],
        [77.5233, 21.5406],
        [77.52283, 21.54076],
        [77.5221, 21.541],
        [77.52075, 21.54127],
        [77.52062, 21.5413],
        [77.51963, 21.54179],
        [77.51957, 21.54181],
        [77.5185, 21.5422],
        [77.517, 21.543],
        [77.5161, 21.5437],
        [77.5151, 21.545],
        [77.51488, 21.54544],
        [77.51481, 21.5456],
        [77.5148, 21.54566],
        [77.5148, 21.5458],
        [77.5145, 21.5464],
        [77.51445, 21.54645],
        [77.51444, 21.54648],
        [77.51441, 21.54649],
        [77.5144, 21.5465],
        [77.5128, 21.5472],
        [77.5121, 21.5476],
        [77.51174, 21.5476],
        [77.51162, 21.54762],
        [77.51152, 21.54764],
        [77.5114, 21.5477],
        [77.5113, 21.5477],
        [77.5111, 21.5478],
        [77.51053, 21.54837],
        [77.5103, 21.5486],
        [77.509, 21.5502],
        [77.50896, 21.55025],
        [77.5086, 21.5507],
        [77.50803, 21.55089],
        [77.508, 21.5509],
        [77.5076, 21.5511],
        [77.50558, 21.55154],
        [77.50533, 21.5516],
        [77.50508, 21.55167],
        [77.504, 21.552],
        [77.5035, 21.5522],
        [77.5032, 21.5523],
        [77.503, 21.5523],
        [77.5027, 21.5523],
        [77.50217, 21.55204],
        [77.5019, 21.5519],
        [77.50019, 21.55153],
        [77.49961, 21.5514],
        [77.4996, 21.5514],
        [77.4988, 21.5514],
        [77.49778, 21.55129],
        [77.497, 21.5512],
        [77.4966, 21.5512],
        [77.49642, 21.55115],
        [77.49623, 21.55114],
        [77.49598, 21.5511],
        [77.4959, 21.5511],
        [77.4955, 21.551],
        [77.4951, 21.5509],
        [77.49492, 21.55078],
        [77.4948, 21.5507],
        [77.4945, 21.5505],
        [77.4941, 21.5503],
        [77.4938, 21.5501],
        [77.49377, 21.55009],
        [77.4935, 21.55],
        [77.49329, 21.54986],
        [77.4932, 21.5498],
        [77.49274, 21.5498],
        [77.4927, 21.5498],
        [77.4924, 21.5498],
        [77.4911, 21.54994],
        [77.4896, 21.5501],
        [77.48883, 21.5502],
        [77.4881, 21.5503],
        [77.48798, 21.55036],
        [77.4879, 21.5504],
        [77.48762, 21.5504],
        [77.48737, 21.55041],
        [77.48712, 21.55041],
        [77.48687, 21.5504],
        [77.4866, 21.5504],
        [77.4865, 21.55035],
        [77.48638, 21.55033],
        [77.48626, 21.5503],
        [77.4861, 21.5503],
        [77.4859, 21.5502],
        [77.4829, 21.5495],
        [77.48269, 21.5495],
        [77.4824, 21.5495],
        [77.4819, 21.5494],
        [77.48174, 21.54937],
        [77.48144, 21.54933],
        [77.48108, 21.5493],
        [77.481, 21.5493],
        [77.4805, 21.5493],
        [77.48, 21.5493],
        [77.47975, 21.54925],
        [77.4795, 21.5492],
        [77.47928, 21.54926],
        [77.4791, 21.5493],
        [77.4786, 21.5493],
        [77.47845, 21.5493],
        [77.4782, 21.5493],
        [77.4779, 21.5494],
        [77.4776, 21.5494],
        [77.47747, 21.54944],
        [77.4773, 21.5495],
        [77.47708, 21.54944],
        [77.4769, 21.5494],
        [77.4766, 21.5494],
        [77.47645, 21.5494],
        [77.4762, 21.5494],
        [77.4759, 21.5493],
        [77.47574, 21.54925],
        [77.4756, 21.5492],
        [77.4728, 21.5493],
        [77.47263, 21.5493],
        [77.4726, 21.5493],
        [77.47231, 21.5494],
        [77.47219, 21.54953],
        [77.4716, 21.5512],
        [77.47157, 21.55123],
        [77.4714, 21.5514],
        [77.4712, 21.5516],
        [77.471, 21.5517],
        [77.47086, 21.55175],
        [77.4707, 21.5518],
        [77.46934, 21.55217],
        [77.4681, 21.5525],
        [77.46764, 21.55268],
        [77.4676, 21.5527],
        [77.46755, 21.55271],
        [77.4671, 21.5528],
        [77.46689, 21.55288],
        [77.4666, 21.553],
        [77.466, 21.5531],
        [77.46574, 21.5531],
        [77.4655, 21.5531],
        [77.46501, 21.55318],
        [77.4649, 21.5532],
        [77.46474, 21.5532],
        [77.4644, 21.5532],
        [77.4638, 21.5532],
        [77.4633, 21.5532],
        [77.4608, 21.5532],
        [77.4603, 21.5533],
        [77.4598, 21.5533],
        [77.45948, 21.55338],
        [77.4594, 21.5534],
        [77.4592, 21.5534],
        [77.4589, 21.5534],
        [77.4584, 21.5534],
        [77.45809, 21.55346],
        [77.4579, 21.5535],
        [77.457, 21.5535],
        [77.4565, 21.5535],
        [77.4551, 21.5536],
        [77.4549, 21.5535],
        [77.4542, 21.5499],
        [77.4542, 21.5496],
        [77.45424, 21.54952],
        [77.45427, 21.54939],
        [77.45438, 21.54907],
        [77.4544, 21.549],
        [77.4546, 21.5487],
        [77.4548, 21.5485],
        [77.45626, 21.54704],
        [77.4564, 21.54687],
        [77.45649, 21.54672],
        [77.4565, 21.5467],
        [77.45653, 21.54664],
        [77.45659, 21.54645],
        [77.4566, 21.54634],
        [77.4566, 21.5462],
        [77.4566, 21.54611],
        [77.45659, 21.546],
        [77.45657, 21.54594],
        [77.4565, 21.5458],
        [77.4564, 21.5456],
        [77.45638, 21.54555],
        [77.45626, 21.54542],
        [77.45614, 21.54532],
        [77.4561, 21.5453],
        [77.4533, 21.5436],
        [77.4517, 21.5424],
        [77.4511, 21.5419],
        [77.45093, 21.54176],
        [77.4502, 21.5412],
        [77.4499, 21.5411],
        [77.4496, 21.5411],
        [77.4493, 21.5411],
        [77.449, 21.5411],
        [77.44882, 21.54116],
        [77.4487, 21.5412],
        [77.4484, 21.5413],
        [77.4481, 21.5414],
        [77.4479, 21.5415],
        [77.44781, 21.54153],
        [77.4476, 21.5416],
        [77.44694, 21.54221],
        [77.4463, 21.5428],
        [77.446, 21.5429],
        [77.44583, 21.5429],
        [77.4456, 21.5429],
        [77.4452, 21.5428],
        [77.4449, 21.5426],
        [77.4448, 21.5425],
        [77.4446, 21.5424],
        [77.4444, 21.5423],
        [77.4442, 21.5423],
        [77.444, 21.5423],
        [77.44383, 21.54239],
        [77.4438, 21.5424],
        [77.4436, 21.5425],
        [77.44357, 21.54252],
        [77.44344, 21.54262],
        [77.44332, 21.54275],
        [77.4433, 21.5428],
        [77.4407, 21.5444],
        [77.4405, 21.5445],
        [77.4402, 21.5445],
        [77.44, 21.5445],
        [77.4398, 21.5444],
        [77.4379, 21.5439],
        [77.4376, 21.5439],
        [77.4373, 21.5438],
        [77.437, 21.5437],
        [77.43685, 21.54362],
        [77.43675, 21.54359],
        [77.43667, 21.54356],
        [77.4365, 21.5435],
        [77.4362, 21.5434],
        [77.4359, 21.5432],
        [77.43589, 21.54319],
        [77.4357, 21.543],
        [77.43548, 21.54293],
        [77.4354, 21.5429],
        [77.4334, 21.54193],
        [77.4323, 21.5414],
        [77.43125, 21.5408],
        [77.4309, 21.5406],
        [77.43034, 21.54034],
        [77.4279, 21.5392],
        [77.4275, 21.539],
        [77.4272, 21.5388],
        [77.4269, 21.5386],
        [77.4266, 21.5383],
        [77.4263, 21.5381],
        [77.426, 21.5378],
        [77.4257, 21.5375],
        [77.42553, 21.53733],
        [77.4254, 21.5372],
        [77.42527, 21.53701],
        [77.42518, 21.53689],
        [77.42485, 21.5363],
        [77.4245, 21.5357],
        [77.4244, 21.5355],
        [77.42437, 21.53541],
        [77.42426, 21.53522],
        [77.42416, 21.53506],
        [77.4241, 21.535],
        [77.42407, 21.53491],
        [77.424, 21.5347],
        [77.42384, 21.53454],
        [77.4238, 21.5345],
        [77.42377, 21.53443],
        [77.42366, 21.53428],
        [77.4236, 21.5342],
        [77.4235, 21.5341],
        [77.42332, 21.53383],
        [77.42326, 21.53376],
        [77.4231, 21.5336],
        [77.423, 21.5334],
        [77.4228, 21.5331],
        [77.4227, 21.5328],
        [77.42267, 21.5327],
        [77.4226, 21.53253],
        [77.42256, 21.53238],
        [77.4225, 21.5322],
        [77.4225, 21.53215],
        [77.4225, 21.5319],
        [77.42241, 21.53163],
        [77.4224, 21.5316],
        [77.4224, 21.53148],
        [77.4224, 21.5313],
        [77.4224, 21.531],
        [77.42225, 21.52965],
        [77.422, 21.5275],
        [77.422, 21.5221],
        [77.42212, 21.52072],
        [77.4223, 21.5187],
        [77.4223, 21.5181],
        [77.4223, 21.5177],
        [77.4223, 21.51761],
        [77.4223, 21.5173],
        [77.4224, 21.5169],
        [77.4225, 21.5165],
        [77.4226, 21.51636],
        [77.4227, 21.5162],
        [77.4229, 21.5158],
        [77.4231, 21.5155],
        [77.4233, 21.5152],
        [77.4236, 21.5149],
        [77.42372, 21.51478],
        [77.4238, 21.5147],
        [77.4241, 21.5145],
        [77.4243, 21.5143],
        [77.42455, 21.51413],
        [77.42459, 21.5141],
        [77.42469, 21.51401],
        [77.4249, 21.5138],
        [77.425, 21.5137],
        [77.42509, 21.51361],
        [77.4252, 21.51348],
        [77.42524, 21.51343],
        [77.4253, 21.5133],
        [77.4254, 21.5131],
        [77.4255, 21.5129],
        [77.42559, 21.51263],
        [77.4256, 21.5126],
        [77.4257, 21.5124],
        [77.4257, 21.5122],
        [77.42577, 21.51198],
        [77.4258, 21.5119],
        [77.4259, 21.5117],
        [77.426, 21.5115],
        [77.4261, 21.5113],
        [77.4262, 21.5112],
        [77.4263, 21.5111],
        [77.4264, 21.5109],
        [77.4265, 21.5107],
        [77.42655, 21.51054],
        [77.4266, 21.5104],
        [77.4267, 21.5102],
        [77.42748, 21.5084],
        [77.4283, 21.5065],
        [77.4294, 21.5047],
        [77.4295, 21.5044],
        [77.4297, 21.5041],
        [77.4299, 21.5038],
        [77.4301, 21.5036],
        [77.4306, 21.5031],
        [77.4308, 21.5029],
        [77.4311, 21.5027],
        [77.43135, 21.50253],
        [77.4314, 21.5025],
        [77.4326, 21.50174],
        [77.4344, 21.5006],
        [77.4352, 21.4999],
        [77.436, 21.4988],
        [77.43648, 21.49779],
        [77.437, 21.4967],
        [77.43714, 21.49638],
        [77.43759, 21.49529],
        [77.43765, 21.49521],
        [77.4377, 21.4951],
        [77.43776, 21.49504],
        [77.43781, 21.49496],
        [77.43785, 21.49491],
        [77.4379, 21.4948],
        [77.438, 21.4946],
        [77.4381, 21.4945],
        [77.43817, 21.49443],
        [77.4383, 21.4943],
        [77.4384, 21.4942],
        [77.4385, 21.494],
        [77.43855, 21.49391],
        [77.4386, 21.4938],
        [77.4389, 21.4935],
        [77.4392, 21.4932],
        [77.4393, 21.4931],
        [77.4395, 21.4929],
        [77.4401, 21.4922],
        [77.4404, 21.4918],
        [77.44048, 21.49163],
        [77.4406, 21.4914],
        [77.44076, 21.49124],
        [77.4409, 21.4911],
        [77.44105, 21.49081],
        [77.4411, 21.4907],
        [77.44119, 21.49051],
        [77.4412, 21.4905],
        [77.4413, 21.4903],
        [77.4414, 21.4901],
        [77.4415, 21.4899],
        [77.44157, 21.48975],
        [77.4416, 21.4897],
        [77.4417, 21.4895],
        [77.4418, 21.4894],
        [77.4419, 21.4893],
        [77.442, 21.4892],
        [77.44209, 21.48902],
        [77.4421, 21.489],
        [77.4434, 21.4874],
        [77.4435, 21.4871],
        [77.44355, 21.48694],
        [77.44356, 21.48683],
        [77.44351, 21.48654],
        [77.4435, 21.4865],
        [77.4435, 21.4865],
        [77.4434, 21.4862],
        [77.4432, 21.4859],
        [77.44304, 21.48574],
        [77.443, 21.4857],
        [77.4429, 21.4855],
        [77.4428, 21.4853],
        [77.4427, 21.4851],
        [77.4427, 21.48494],
        [77.44267, 21.48485],
        [77.44262, 21.48467],
        [77.4426, 21.4846],
        [77.4426, 21.48456],
        [77.44257, 21.48438],
        [77.44256, 21.48433],
        [77.4425, 21.4842],
        [77.4424, 21.4838],
        [77.4424, 21.4837],
        [77.44236, 21.48354],
        [77.44233, 21.48328],
        [77.4423, 21.4832],
        [77.4423, 21.4829],
        [77.44233, 21.48282],
        [77.44236, 21.48264],
        [77.4424, 21.48252],
        [77.4424, 21.4824],
        [77.4425, 21.4822],
        [77.44253, 21.48214],
        [77.4426, 21.48196],
        [77.44268, 21.48174],
        [77.4427, 21.48161],
        [77.4427, 21.4815],
        [77.4427, 21.4814],
        [77.4427, 21.48136],
        [77.44267, 21.48117],
        [77.44262, 21.48104],
        [77.4426, 21.481],
        [77.44257, 21.48095],
        [77.4425, 21.48083],
        [77.44237, 21.48069],
        [77.44208, 21.48049],
        [77.4418, 21.4804],
        [77.4414, 21.4802],
        [77.44127, 21.48014],
        [77.44121, 21.48011],
        [77.44102, 21.48003],
        [77.44077, 21.47989],
        [77.4399, 21.4795],
        [77.43937, 21.47897],
        [77.43918, 21.47881],
        [77.43914, 21.47877],
        [77.439, 21.4787],
        [77.43904, 21.47862],
        [77.4391, 21.4785],
        [77.43938, 21.47813],
        [77.4394, 21.4781],
        [77.43942, 21.47808],
        [77.43959, 21.47788],
        [77.4397, 21.47775],
        [77.4398, 21.4776],
        [77.43999, 21.47741],
        [77.4401, 21.4773],
        [77.4403, 21.4771],
        [77.4405, 21.4768],
        [77.44059, 21.47667],
        [77.4407, 21.4765],
        [77.4409, 21.4762],
        [77.44116, 21.47594],
        [77.44129, 21.47575],
        [77.44141, 21.47555],
        [77.44143, 21.47552],
        [77.4415, 21.4753],
        [77.4416, 21.4751],
        [77.4417, 21.4749],
        [77.44173, 21.47485],
        [77.44178, 21.4747],
        [77.4418, 21.47462],
        [77.4418, 21.4745],
        [77.44189, 21.47422],
        [77.4419, 21.47418],
        [77.4419, 21.474],
        [77.44218, 21.47087],
        [77.4422, 21.47068],
        [77.4422, 21.4705],
        [77.4422, 21.47048],
        [77.4422, 21.4703],
        [77.44227, 21.47016],
        [77.4423, 21.47008],
        [77.44236, 21.46999],
        [77.4424, 21.4699],
        [77.4425, 21.4697],
        [77.4427, 21.4696],
        [77.4429, 21.4695],
        [77.44295, 21.4695],
        [77.44308, 21.46946],
        [77.4432, 21.46945],
        [77.4433, 21.4694],
        [77.44345, 21.46945],
        [77.4436, 21.4695],
        [77.444, 21.4695],
        [77.44415, 21.46945],
        [77.4443, 21.4694],
        [77.4447, 21.4694],
        [77.44477, 21.4694],
        [77.4451, 21.4694],
        [77.4454, 21.4693],
        [77.4458, 21.4692],
        [77.44597, 21.46914],
        [77.4461, 21.4691],
        [77.44625, 21.46905],
        [77.44642, 21.46899],
        [77.44665, 21.46894],
        [77.4468, 21.4689],
        [77.4471, 21.4688],
        [77.44733, 21.4688],
        [77.44748, 21.46877],
        [77.44771, 21.46873],
        [77.4478, 21.4687],
        [77.44789, 21.4687],
        [77.4482, 21.4687],
        [77.4485, 21.4686],
        [77.44874, 21.46848],
        [77.4489, 21.4684],
        [77.44895, 21.46838],
        [77.4492, 21.4683],
        [77.44946, 21.46804],
        [77.4495, 21.468],
        [77.44958, 21.468],
        [77.4497, 21.468],
        [77.4499, 21.4679],
        [77.4502, 21.4678],
        [77.4504, 21.4677],
        [77.4506, 21.4676],
        [77.45075, 21.46745],
        [77.4508, 21.4674],
        [77.451, 21.4673],
        [77.4524, 21.4672],
        [77.4526, 21.4672],
        [77.45287, 21.46711],
        [77.45291, 21.46709],
        [77.4531, 21.467],
        [77.45319, 21.467],
        [77.4534, 21.467],
        [77.4536, 21.467],
        [77.4538, 21.467],
        [77.45387, 21.467],
        [77.4541, 21.467],
        [77.45432, 21.46707],
        [77.4544, 21.4671],
        [77.4547, 21.4671],
        [77.455, 21.467],
        [77.45512, 21.46692],
        [77.4553, 21.4668],
        [77.45561, 21.46655],
        [77.45575, 21.46643],
        [77.45577, 21.46642],
        [77.4558, 21.4664],
        [77.4561, 21.4663],
        [77.45629, 21.4663],
        [77.45642, 21.46628],
        [77.45659, 21.4663],
        [77.4568, 21.4663],
        [77.4571, 21.4664],
        [77.4574, 21.4666],
        [77.45748, 21.46664],
        [77.4576, 21.4667],
        [77.4579, 21.4668],
        [77.4582, 21.4668],
        [77.4585, 21.4668],
        [77.4587, 21.4667],
        [77.45889, 21.4666],
        [77.4589, 21.4666],
        [77.45891, 21.4666],
        [77.45905, 21.46657],
        [77.4592, 21.46655],
        [77.4593, 21.4665],
        [77.4595, 21.4665],
        [77.4599, 21.4665],
        [77.45996, 21.4665],
        [77.4601, 21.4665],
        [77.4602, 21.4664],
        [77.462, 21.4645],
        [77.4647, 21.4611],
        [77.4657, 21.46],
        [77.46588, 21.45982],
        [77.4659, 21.4598],
        [77.46592, 21.45979],
        [77.4661, 21.4597],
        [77.4664, 21.4595],
        [77.46654, 21.45943],
        [77.4666, 21.4594],
        [77.4671, 21.4592],
        [77.4675, 21.4591],
        [77.46755, 21.45909],
        [77.4679, 21.459],
        [77.46817, 21.45882],
        [77.4682, 21.4588],
        [77.4686, 21.4586],
        [77.4689, 21.4584],
        [77.4693, 21.4582],
        [77.4696, 21.458],
        [77.4699, 21.4578],
        [77.4703, 21.4575],
        [77.4707, 21.4572],
        [77.47076, 21.45716],
        [77.471, 21.457],
        [77.4714, 21.4567],
        [77.47187, 21.45623],
        [77.4721, 21.456],
        [77.4728, 21.4554],
        [77.4731, 21.4551],
        [77.47327, 21.45499],
        [77.4734, 21.4549],
        [77.4736, 21.4546],
        [77.4737, 21.4544],
        [77.4737, 21.4542],
        [77.4737, 21.454],
        [77.47367, 21.4539],
        [77.4736, 21.4537],
        [77.4735, 21.4534],
        [77.4734, 21.4531],
        [77.4734, 21.4528],
        [77.4734, 21.45276],
        [77.47339, 21.45246],
        [77.4734, 21.45237],
        [77.4734, 21.4522],
        [77.4734, 21.45205],
        [77.47339, 21.45198],
        [77.4733, 21.4518],
        [77.47327, 21.45174],
        [77.4732, 21.4516],
        [77.473, 21.4515],
        [77.4727, 21.4513],
        [77.47253, 21.45119],
        [77.4724, 21.4511],
        [77.4722, 21.4508],
        [77.47211, 21.45045],
        [77.4721, 21.4504],
        [77.4721, 21.4501],
        [77.4721, 21.4497],
        [77.4721, 21.44963],
        [77.4721, 21.4494],
        [77.47214, 21.44927],
        [77.47217, 21.4491],
        [77.4722, 21.44894],
        [77.4722, 21.4488],
        [77.4724, 21.4485],
        [77.4726, 21.4483],
        [77.47265, 21.44825],
        [77.4728, 21.4481],
        [77.473, 21.4479],
        [77.4732, 21.4477],
        [77.4734, 21.4475],
        [77.47347, 21.44743],
        [77.4736, 21.4473],
        [77.4738, 21.44716],
        [77.47385, 21.44713],
        [77.47409, 21.44696],
        [77.47425, 21.44685],
        [77.47429, 21.44681],
        [77.47431, 21.44678],
        [77.4744, 21.4466],
        [77.4744, 21.4464],
        [77.4744, 21.44629],
        [77.4744, 21.4462],
        [77.4743, 21.4457],
        [77.4742, 21.4453],
        [77.47412, 21.44499],
        [77.4741, 21.4449],
        [77.474, 21.4445],
        [77.4739, 21.444],
        [77.47381, 21.44364],
        [77.4738, 21.4436],
        [77.47371, 21.44324],
        [77.4737, 21.4432],
        [77.4736, 21.4428],
        [77.4735, 21.4424],
        [77.47269, 21.43943],
        [77.4719, 21.4365],
        [77.4719, 21.4363],
        [77.47193, 21.43625],
        [77.472, 21.4361],
        [77.4721, 21.4359],
        [77.47264, 21.43539],
        [77.4739, 21.4342],
        [77.4749, 21.4332],
        [77.475, 21.43313],
        [77.4763, 21.4322],
        [77.47632, 21.43216],
        [77.4764, 21.432],
        [77.4765, 21.4318],
        [77.47656, 21.43167],
        [77.47658, 21.43162],
        [77.4766, 21.43149],
        [77.4766, 21.4314],
        [77.47663, 21.43103],
        [77.4767, 21.43],
        [77.4767, 21.42964],
        [77.4767, 21.4296],
        [77.47674, 21.42949],
        [77.47678, 21.42931],
        [77.47687, 21.42908],
        [77.4769, 21.429],
        [77.4771, 21.4287],
        [77.4773, 21.4285],
        [77.47732, 21.42848],
        [77.47751, 21.42826],
        [77.47762, 21.42812],
        [77.4777, 21.428],
        [77.4778, 21.4278],
        [77.4779, 21.42765],
        [77.478, 21.4275],
        [77.4784, 21.4263],
        [77.4785, 21.4256],
        [77.4785, 21.42528],
        [77.4785, 21.4249],
        [77.47856, 21.42478],
        [77.47857, 21.4247],
        [77.4786, 21.42449],
        [77.4786, 21.4243],
        [77.47866, 21.42418],
        [77.47868, 21.42408],
        [77.4787, 21.42397],
        [77.4787, 21.4239],
        [77.47872, 21.42385],
        [77.47876, 21.42366],
        [77.4788, 21.4235],
        [77.4789, 21.4233],
        [77.4789, 21.4231],
        [77.4795, 21.4213],
        [77.47955, 21.42089],
        [77.4796, 21.4204],
        [77.48004, 21.41938],
        [77.4802, 21.419],
        [77.4806, 21.4182],
        [77.4816, 21.4164],
        [77.48163, 21.41634],
        [77.4817, 21.4162],
        [77.48181, 21.41609],
        [77.4819, 21.416],
        [77.4821, 21.4158],
        [77.4823, 21.4155],
        [77.4823, 21.4155],
        [77.4824, 21.4153],
        [77.48257, 21.41513],
        [77.48267, 21.41496],
        [77.4827, 21.4149],
        [77.4828, 21.4147],
        [77.483, 21.4143],
        [77.4831, 21.414],
        [77.4832, 21.4138],
        [77.4838, 21.4126],
        [77.4847, 21.4108],
        [77.4853, 21.4095],
        [77.4867, 21.4071],
        [77.4873, 21.4064],
        [77.48746, 21.40624],
        [77.4875, 21.40601],
        [77.4875, 21.406],
        [77.4875, 21.4051],
        [77.48742, 21.40324],
        [77.4873, 21.4007],
        [77.48751, 21.3989],
        [77.4877, 21.3973],
        [77.48766, 21.39689],
        [77.4876, 21.3963],
        [77.4876, 21.39193],
        [77.48759, 21.39184],
        [77.4875, 21.3909],
        [77.48738, 21.3898],
        [77.4872, 21.3882],
        [77.4871, 21.3871],
        [77.487, 21.3857],
        [77.487, 21.38535],
        [77.487, 21.3846],
        [77.48723, 21.38362],
        [77.48728, 21.38333],
        [77.48738, 21.38311],
        [77.4882, 21.3813],
        [77.48938, 21.37913],
        [77.48942, 21.37906],
        [77.48969, 21.37848],
        [77.48975, 21.3783],
        [77.4898, 21.3781],
        [77.48983, 21.37805],
        [77.48985, 21.37787],
        [77.48984, 21.37771],
        [77.4898, 21.3776],
        [77.4897, 21.3774],
        [77.4893, 21.3768],
        [77.48928, 21.37673],
        [77.4892, 21.3765],
        [77.4881, 21.3748],
        [77.48804, 21.37463],
        [77.488, 21.3745],
        [77.48814, 21.37436],
        [77.48816, 21.37433],
        [77.48817, 21.37433],
        [77.4882, 21.3743],
        [77.48834, 21.3743],
        [77.4884, 21.3743],
        [77.4889, 21.3743],
        [77.4893, 21.3743],
        [77.4898, 21.3743],
        [77.4902, 21.3743],
        [77.4907, 21.3743],
        [77.49092, 21.37424],
        [77.4911, 21.3742],
        [77.4916, 21.3742],
        [77.492, 21.3742],
        [77.4925, 21.3742],
        [77.49274, 21.3743],
        [77.493, 21.3744],
        [77.4935, 21.3745],
        [77.4941, 21.3746],
        [77.4946, 21.3747],
        [77.49496, 21.37477],
        [77.4957, 21.3749],
        [77.4962, 21.375],
        [77.4967, 21.3751],
        [77.4973, 21.3752],
        [77.4985, 21.3754],
        [77.49866, 21.37556],
        [77.4987, 21.3756],
        [77.4999, 21.3765],
        [77.5006, 21.3768],
        [77.501, 21.3768],
        [77.5013, 21.3769],
        [77.50139, 21.3769],
        [77.5016, 21.3769],
        [77.502, 21.3769],
        [77.5025, 21.3769],
        [77.50274, 21.3769],
        [77.50283, 21.37689],
        [77.50312, 21.37689],
        [77.50327, 21.37687],
        [77.5036, 21.3768],
        [77.50379, 21.3768],
        [77.50403, 21.37678],
        [77.50422, 21.37673],
        [77.5043, 21.3767],
        [77.50434, 21.37669],
        [77.5048, 21.3766],
        [77.5054, 21.3763],
        [77.50543, 21.37628],
        [77.5058, 21.3761],
        [77.50612, 21.37606],
        [77.5066, 21.376],
        [77.5078, 21.3761],
        [77.50827, 21.37603],
        [77.5085, 21.376],
        [77.5094, 21.3759],
        [77.50959, 21.3759],
        [77.5102, 21.3759],
        [77.51048, 21.3759],
        [77.5106, 21.3759],
        [77.51087, 21.37594],
        [77.5113, 21.376],
        [77.5121, 21.3759],
        [77.5131, 21.3758],
        [77.51349, 21.3758],
        [77.5135, 21.3758],
        [77.51353, 21.37581],
        [77.5139, 21.3759],
        [77.5143, 21.376],
        [77.5146, 21.3761],
        [77.51471, 21.37614],
        [77.5149, 21.3762],
        [77.51504, 21.37663],
        [77.5152, 21.3771],
        [77.5156, 21.3783],
        [77.51582, 21.37923],
        [77.5162, 21.3808],
        [77.51635, 21.38183],
        [77.51641, 21.38217],
        [77.51651, 21.38259],
        [77.5167, 21.3833],
        [77.51693, 21.38393],
        [77.517, 21.3841],
        [77.5173, 21.3842],
        [77.5177, 21.3842],
        [77.5183, 21.3841],
        [77.5186, 21.3841],
        [77.5199, 21.3855],
        [77.5203, 21.3863],
        [77.5206, 21.3868],
        [77.521, 21.387],
        [77.5219, 21.3875],
        [77.52214, 21.3876],
        [77.5224, 21.3877],
        [77.5228, 21.3879],
        [77.5233, 21.3884],
        [77.5235, 21.3889],
        [77.52352, 21.389],
        [77.5236, 21.3894],
        [77.5236, 21.3897],
        [77.5242, 21.3924],
        [77.5245, 21.393],
        [77.525, 21.3939],
        [77.5253, 21.3947],
        [77.52544, 21.3952],
        [77.5256, 21.3958],
        [77.5256, 21.39638],
        [77.52562, 21.39662],
        [77.52563, 21.39675],
        [77.5257, 21.3971],
        [77.5251, 21.4004],
        [77.52497, 21.40074],
        [77.5248, 21.4012],
        [77.5248, 21.40175],
        [77.5248, 21.402],
        [77.5248, 21.40277],
        [77.5248, 21.4028],
        [77.525, 21.4033],
        [77.52531, 21.40342],
        [77.5255, 21.4035],
        [77.5263, 21.404],
        [77.5269, 21.4043],
        [77.52691, 21.40432],
        [77.5272, 21.4047],
        [77.5283, 21.4062],
        [77.5283, 21.40691],
        [77.5283, 21.4079],
        [77.5283, 21.40842],
        [77.5283, 21.4088],
        [77.5285, 21.4098],
        [77.5286, 21.41001],
        [77.5288, 21.4104],
        [77.5292, 21.4115],
        [77.5294, 21.4121],
        [77.5295, 21.4128],
        [77.5294, 21.4149],
        [77.5298, 21.4157],
        [77.5304, 21.4165],
        [77.53059, 21.41708],
        [77.5307, 21.4174],
        [77.5312, 21.418],
        [77.53127, 21.41813],
        [77.5317, 21.4189],
        [77.532, 21.419],
        [77.53215, 21.41902],
        [77.5329, 21.4191],
        [77.53331, 21.41902],
        [77.5334, 21.419],
        [77.53383, 21.41886],
        [77.5346, 21.4186],
        [77.5354, 21.4181],
        [77.53553, 21.41792],
        [77.5357, 21.4177],
        [77.5366, 21.4171],
        [77.53661, 21.4171],
        [77.53663, 21.41708],
        [77.53673, 21.41703],
        [77.5377, 21.4165],
        [77.53797, 21.4161],
        [77.53808, 21.41592],
        [77.5381, 21.4159],
        [77.5381, 21.4159],
        [77.53813, 21.41587],
        [77.5397, 21.4144],
        [77.5401, 21.4139],
        [77.54052, 21.41348],
        [77.5407, 21.4133],
        [77.54075, 21.41327],
        [77.541, 21.4131],
        [77.54181, 21.41211],
        [77.5419, 21.412],
        [77.54191, 21.412],
        [77.5426, 21.4117],
        [77.54261, 21.41168],
        [77.5427, 21.4114],
        [77.54288, 21.41131],
        [77.5433, 21.4111],
        [77.54364, 21.41116],
        [77.5439, 21.4112],
        [77.54465, 21.41125],
        [77.5454, 21.4113],
        [77.54581, 21.41134],
        [77.5464, 21.4114],
        [77.54705, 21.41145],
        [77.5477, 21.4115],
        [77.5484, 21.411],
        [77.5484, 21.411],
        [77.5483, 21.41],
        [77.5483, 21.40957],
        [77.5483, 21.4093],
        [77.54825, 21.40851],
        [77.5482, 21.4077],
        [77.5482, 21.40737],
        [77.5482, 21.4068],
        [77.5481, 21.4062],
        [77.54793, 21.40554],
        [77.5479, 21.4054],
        [77.54791, 21.4054],
        [77.5487, 21.4054],
        [77.5494, 21.4051],
        [77.54949, 21.40507],
        [77.55, 21.4049],
        [77.5515, 21.4044],
        [77.55168, 21.40434],
        [77.55184, 21.40426],
        [77.55234, 21.40406],
        [77.5527, 21.4039],
        [77.5535, 21.4035],
        [77.554, 21.4032],
        [77.55422, 21.40313],
        [77.5546, 21.403],
        [77.5551, 21.4026],
        [77.5573, 21.4009],
        [77.5577, 21.4007],
        [77.5585, 21.4],
        [77.559, 21.3995],
        [77.5596, 21.3989],
        [77.55995, 21.39828],
        [77.5601, 21.398],
        [77.5605, 21.3975],
        [77.56095, 21.39705],
        [77.5614, 21.3966],
        [77.5621, 21.3957],
        [77.56226, 21.39551],
        [77.5626, 21.3951],
        [77.563, 21.3943],
        [77.56309, 21.39389],
        [77.5632, 21.3934],
        [77.5633, 21.393],
        [77.5629, 21.3913],
        [77.56278, 21.39112],
        [77.5627, 21.391],
        [77.56265, 21.39078],
        [77.5626, 21.3906],
        [77.5625, 21.3904],
        [77.5625, 21.3902],
        [77.56194, 21.39024],
        [77.5598, 21.3904],
        [77.55938, 21.38967],
        [77.5591, 21.3892],
        [77.5589, 21.3886],
        [77.55874, 21.38827],
        [77.5585, 21.3878],
        [77.5583, 21.3872],
        [77.5578, 21.3864],
        [77.5574, 21.3858],
        [77.5567, 21.3839],
        [77.5567, 21.3834],
        [77.55681, 21.38322],
        [77.557, 21.3829],
        [77.5572, 21.3827],
        [77.5585, 21.381],
        [77.55867, 21.38083],
        [77.5591, 21.3804],
        [77.55915, 21.38022],
        [77.55928, 21.37962],
        [77.5593, 21.3796],
        [77.55961, 21.37929],
        [77.55975, 21.37915],
        [77.5598, 21.3791],
        [77.5599, 21.3788],
        [77.5603, 21.3782],
        [77.56058, 21.3778],
        [77.5608, 21.3775],
        [77.56099, 21.37735],
        [77.56198, 21.3766],
        [77.56203, 21.37648],
        [77.5621, 21.3762],
        [77.5627, 21.375],
        [77.5628, 21.3746],
        [77.56275, 21.37398],
        [77.5627, 21.3733],
        [77.5627, 21.3731],
        [77.5629, 21.3725],
        [77.5629, 21.3724],
        [77.5629, 21.3722],
        [77.563, 21.3716],
        [77.5631, 21.3712],
        [77.5632, 21.3704],
        [77.5632, 21.3699],
        [77.5633, 21.3696],
        [77.5635, 21.3694],
        [77.56365, 21.36925],
        [77.56347, 21.36938],
        [77.56331, 21.36957],
        [77.56315, 21.36932],
        [77.55755, 21.36001],
        [77.55389, 21.35684],
        [77.54856, 21.34685],
        [77.54727, 21.33781],
        [77.54598, 21.33468],
        [77.54331, 21.33105],
        [77.54307, 21.33072],
        [77.55256, 21.3336],
        [77.5538, 21.32661],
        [77.55294, 21.32316],
        [77.5535, 21.31568],
        [77.55215, 21.31526],
        [77.54604, 21.31408],
        [77.5427, 21.31262],
        [77.53917, 21.31357],
        [77.53733, 21.31407],
        [77.53943, 21.30865],
        [77.54234, 21.30413],
        [77.54147, 21.29816],
        [77.54151, 21.29806],
        [77.54418, 21.28541],
        [77.53805, 21.28507],
        [77.53776, 21.28453],
        [77.5292, 21.28717],
        [77.52683, 21.28799],
        [77.523, 21.29506],
        [77.52321, 21.30302],
        [77.52505, 21.31366],
        [77.525, 21.31541],
        [77.525, 21.31561],
        [77.52071, 21.31748],
        [77.51939, 21.31742],
        [77.51563, 21.31724],
        [77.51542, 21.31723],
        [77.50738, 21.31628],
        [77.50611, 21.31631],
        [77.50606, 21.31554],
        [77.5058, 21.31104],
        [77.5048, 21.30794],
        [77.50014, 21.30769],
        [77.4997, 21.30767],
        [77.49959, 21.30673],
        [77.49896, 21.30142],
        [77.49882, 21.2975],
        [77.49135, 21.29766],
        [77.48957, 21.30221],
        [77.48545, 21.30241],
        [77.48168, 21.30259],
        [77.48167, 21.30219],
        [77.48083, 21.30221],
        [77.47659, 21.30053],
        [77.47099, 21.29996],
        [77.47322, 21.29586],
        [77.47628, 21.29007],
        [77.47622, 21.28998],
        [77.4748, 21.28773],
        [77.47289, 21.28638],
        [77.47255, 21.2865],
        [77.47313, 21.28361],
        [77.4779, 21.27939],
        [77.47839, 21.27386],
        [77.47855, 21.27253],
        [77.47797, 21.27268],
        [77.47714, 21.27013],
        [77.47545, 21.26887],
        [77.47479, 21.26838],
        [77.47038, 21.26804],
        [77.46985, 21.26666],
        [77.47033, 21.26072],
        [77.47121, 21.25853],
        [77.47467, 21.25949],
        [77.47732, 21.2564],
        [77.47773, 21.25592],
        [77.47733, 21.25296],
        [77.47647, 21.25296],
        [77.47647, 21.25277],
        [77.48514, 21.25192],
        [77.49382, 21.25167],
        [77.49469, 21.25108],
        [77.49026, 21.24344],
        [77.48865, 21.24178],
        [77.48854, 21.24187],
        [77.48825, 21.24141],
        [77.48572, 21.23742],
        [77.48492, 21.23617],
        [77.48431, 21.23444],
        [77.48149, 21.23224],
        [77.47843, 21.23243],
        [77.46841, 21.23277],
        [77.4667, 21.23283],
        [77.46645, 21.23288],
        [77.46316, 21.23363],
        [77.46314, 21.23719],
        [77.46332, 21.24235],
        [77.46314, 21.24289],
        [77.46266, 21.24433],
        [77.45948, 21.24467],
        [77.45876, 21.24216],
        [77.45726, 21.23661],
        [77.45661, 21.23681],
        [77.45356, 21.23701],
        [77.44833, 21.23543],
        [77.44681, 21.23244],
        [77.44747, 21.22905],
        [77.45206, 21.22707],
        [77.45512, 21.22648],
        [77.45711, 21.22231],
        [77.45932, 21.21835],
        [77.45768, 21.21592],
        [77.45735, 21.21695],
        [77.44464, 21.21689],
        [77.44223, 21.21289],
        [77.4418, 21.21293],
        [77.44201, 21.20811],
        [77.44249, 21.20675],
        [77.44367, 21.20343],
        [77.44377, 21.20313],
        [77.44245, 21.19913],
        [77.44157, 21.19633],
        [77.44203, 21.19623],
        [77.44245, 21.19614],
        [77.44245, 21.19335],
        [77.44444, 21.19337],
        [77.44532, 21.19199],
        [77.44599, 21.1902],
        [77.44621, 21.18941],
        [77.44641, 21.18542],
        [77.44689, 21.17567],
        [77.44673, 21.17447],
        [77.44579, 21.16748],
        [77.44223, 21.16722],
        [77.4419, 21.16733],
        [77.44201, 21.16761],
        [77.43712, 21.16992],
        [77.43178, 21.17062],
        [77.42925, 21.16952],
        [77.42978, 21.16918],
        [77.42776, 21.16654],
        [77.4253, 21.16349],
        [77.41904, 21.16055],
        [77.41185, 21.15456],
        [77.41156, 21.15407],
        [77.4054, 21.15643],
        [77.40408, 21.15821],
        [77.39976, 21.15443],
        [77.40045, 21.15309],
        [77.39819, 21.15142],
        [77.39813, 21.14698],
        [77.39544, 21.14691],
        [77.39541, 21.14469],
        [77.39496, 21.14407],
        [77.38983, 21.14576],
        [77.38831, 21.14598],
        [77.38843, 21.15384],
        [77.39025, 21.15739],
        [77.38852, 21.15959],
        [77.38604, 21.16276],
        [77.38601, 21.16337],
        [77.38582, 21.16735],
        [77.38549, 21.17401],
        [77.38341, 21.17758],
        [77.37724, 21.18815],
        [77.37387, 21.18766],
        [77.37062, 21.18719],
        [77.36627, 21.18655],
        [77.35891, 21.18692],
        [77.3588, 21.18804],
        [77.3583, 21.19294],
        [77.3556, 21.19564],
        [77.35196, 21.19764],
        [77.35013, 21.1981],
        [77.34675, 21.19895],
        [77.33996, 21.20066],
        [77.33519, 21.20062],
        [77.33255, 21.20385],
        [77.33155, 21.21689],
        [77.33111, 21.22261],
        [77.32852, 21.22686],
        [77.32601, 21.2265],
        [77.32302, 21.22606],
        [77.32136, 21.22612],
        [77.31723, 21.22626],
        [77.31696, 21.22627],
        [77.3114, 21.22852],
        [77.30739, 21.23327],
        [77.30598, 21.23417],
        [77.30407, 21.23541],
        [77.30316, 21.23599],
        [77.29353, 21.24717],
        [77.28951, 21.24329],
        [77.28555, 21.24223],
        [77.28427, 21.24282],
        [77.28076, 21.24442],
        [77.27486, 21.24712],
        [77.26604, 21.24195],
        [77.25648, 21.23633],
        [77.25211, 21.23515],
        [77.2513, 21.23437],
        [77.24785, 21.23103],
        [77.24449, 21.23079],
        [77.23998, 21.23259],
        [77.23586, 21.23331],
        [77.23471, 21.23324],
        [77.22554, 21.23268],
        [77.22361, 21.23294],
        [77.22106, 21.23328],
        [77.21484, 21.2409],
        [77.21084, 21.24185],
        [77.2004, 21.24094],
        [77.19484, 21.23778],
        [77.19048, 21.2382],
        [77.18529, 21.24056],
        [77.17393, 21.24317],
        [77.17384, 21.24319],
        [77.17373, 21.24321],
        [77.1736, 21.24322],
        [77.17337, 21.24324],
        [77.17312, 21.24325],
        [77.17234, 21.24334],
        [77.17161, 21.24337],
        [77.17023, 21.24337],
        [77.1698, 21.24338],
        [77.16912, 21.24341],
        [77.16845, 21.24342],
        [77.1679, 21.24342],
        [77.16713, 21.24327],
        [77.16683, 21.24322],
        [77.16637, 21.24308],
        [77.16611, 21.24299],
        [77.16602, 21.24285],
        [77.16599, 21.24263],
        [77.16599, 21.24242],
        [77.16626, 21.24178],
        [77.16634, 21.24161],
        [77.16649, 21.24133],
        [77.1666, 21.24097],
        [77.16679, 21.2405],
        [77.16691, 21.24007],
        [77.16714, 21.23922],
        [77.16721, 21.23873],
        [77.16712, 21.2383],
        [77.16691, 21.23787],
        [77.16658, 21.23749],
        [77.16613, 21.23702],
        [77.16511, 21.23643],
        [77.16455, 21.23611],
        [77.16357, 21.23559],
        [77.16299, 21.23536],
        [77.16229, 21.23503],
        [77.16192, 21.23491],
        [77.16078, 21.23457],
        [77.16032, 21.2345],
        [77.16005, 21.23442],
        [77.1593, 21.2343],
        [77.15898, 21.23427],
        [77.15833, 21.23436],
        [77.15784, 21.23447],
        [77.15695, 21.23471],
        [77.15663, 21.2348],
        [77.15609, 21.2348],
        [77.1559, 21.23477],
        [77.15551, 21.23465],
        [77.15522, 21.23453],
        [77.15497, 21.23438],
        [77.15413, 21.2337],
        [77.15328, 21.23307],
        [77.15248, 21.23239],
        [77.15182, 21.23186],
        [77.15149, 21.23159],
        [77.15128, 21.23118],
        [77.15116, 21.23086],
        [77.15097, 21.23035],
        [77.15069, 21.22951],
        [77.15053, 21.22906],
        [77.15022, 21.22848],
        [77.15009, 21.22826],
        [77.14989, 21.22805],
        [77.14941, 21.22773],
        [77.14917, 21.22761],
        [77.14886, 21.22745],
        [77.14826, 21.2272],
        [77.14765, 21.22709],
        [77.14695, 21.22691],
        [77.1466, 21.2268],
        [77.14619, 21.22665],
        [77.14461, 21.22634],
        [77.14397, 21.22619],
        [77.14246, 21.22588],
        [77.14216, 21.2258],
        [77.14173, 21.22568],
        [77.14152, 21.22558],
        [77.14007, 21.22466],
        [77.13967, 21.22444],
        [77.1392, 21.22417],
        [77.13882, 21.22401],
        [77.13818, 21.22397],
        [77.13733, 21.22392],
        [77.13692, 21.2239],
        [77.13634, 21.22375],
        [77.13578, 21.22358],
        [77.13495, 21.22305],
        [77.13436, 21.22274],
        [77.13394, 21.2225],
        [77.13361, 21.22237],
        [77.13291, 21.22185],
        [77.13261, 21.22159],
        [77.13231, 21.2213],
        [77.13161, 21.22066],
        [77.13137, 21.22046],
        [77.13105, 21.22026],
        [77.13098, 21.22026],
        [77.13086, 21.2203],
        [77.13073, 21.22034],
        [77.12999, 21.22063],
        [77.12864, 21.22119],
        [77.1279, 21.22164],
        [77.1271, 21.22217],
        [77.12651, 21.223],
        [77.12609, 21.22297],
        [77.126, 21.22322],
        [77.1257, 21.22389],
        [77.12567, 21.22452],
        [77.12537, 21.22449],
        [77.12465, 21.22438],
        [77.1242, 21.22432],
        [77.1235, 21.2242],
        [77.12142, 21.22438],
        [77.12125, 21.22443],
        [77.12082, 21.22451],
        [77.12033, 21.22457],
        [77.11983, 21.22448],
        [77.11953, 21.22439],
        [77.11934, 21.22429],
        [77.11929, 21.22416],
        [77.11921, 21.2237],
        [77.11916, 21.22336],
        [77.11913, 21.22314],
        [77.11907, 21.22293],
        [77.11902, 21.22251],
        [77.1189, 21.22156],
        [77.11874, 21.22078],
        [77.11866, 21.22033],
        [77.11858, 21.22013],
        [77.11851, 21.21997],
        [77.1184, 21.21983],
        [77.11824, 21.21971],
        [77.11808, 21.21965],
        [77.1179, 21.21963],
        [77.1169, 21.21962],
        [77.11601, 21.21949],
        [77.11448, 21.21917],
        [77.11365, 21.21902],
        [77.11238, 21.21888],
        [77.1117, 21.21884],
        [77.11067, 21.21887],
        [77.11019, 21.219],
        [77.10904, 21.21945],
        [77.10836, 21.21989],
        [77.10786, 21.22028],
        [77.10655, 21.22117],
        [77.10575, 21.22149],
        [77.10498, 21.22167],
        [77.10396, 21.22179],
        [77.1019, 21.22233],
        [77.10083, 21.22256],
        [77.09996, 21.22277],
        [77.09898, 21.22309],
        [77.09835, 21.22337],
        [77.09776, 21.2237],
        [77.097, 21.22461],
        [77.09631, 21.22554],
        [77.09572, 21.226],
        [77.0953, 21.22607],
        [77.09468, 21.22613],
        [77.09432, 21.2261],
        [77.09391, 21.22608],
        [77.09323, 21.22591],
        [77.09289, 21.22579],
        [77.09264, 21.22574],
        [77.09233, 21.22558],
        [77.09203, 21.22544],
        [77.09174, 21.22521],
        [77.09143, 21.22497],
        [77.09108, 21.22456],
        [77.09082, 21.2243],
        [77.09027, 21.22365],
        [77.09008, 21.22338],
        [77.08968, 21.22292],
        [77.08923, 21.2226],
        [77.08876, 21.22228],
        [77.08842, 21.22217],
        [77.0873, 21.22216],
        [77.08699, 21.22214],
        [77.08668, 21.22214],
        [77.08634, 21.22206],
        [77.08607, 21.22199],
        [77.08586, 21.22184],
        [77.08566, 21.2215],
        [77.08546, 21.22112],
        [77.08525, 21.2206],
        [77.08499, 21.22006],
        [77.08483, 21.21972],
        [77.08442, 21.21913],
        [77.08383, 21.21861],
        [77.08351, 21.21833],
        [77.08308, 21.21799],
        [77.08189, 21.21736],
        [77.08163, 21.21723],
        [77.08134, 21.21708],
        [77.08095, 21.21683],
        [77.08035, 21.21666],
        [77.08003, 21.21649],
        [77.07981, 21.21656],
        [77.07963, 21.21673],
        [77.07941, 21.2169],
        [77.07928, 21.2172],
        [77.07884, 21.21826],
        [77.07831, 21.21943],
        [77.07771, 21.22028],
        [77.07733, 21.22059],
        [77.07695, 21.22093],
        [77.07632, 21.22134],
        [77.07556, 21.22161],
        [77.07481, 21.22175],
        [77.07323, 21.2219],
        [77.07259, 21.22189],
        [77.07199, 21.22189],
        [77.07113, 21.22186],
        [77.07067, 21.22179],
        [77.07029, 21.22175],
        [77.06971, 21.22149],
        [77.0695, 21.22138],
        [77.06926, 21.2213],
        [77.06881, 21.22108],
        [77.0673, 21.22044],
        [77.06694, 21.22023],
        [77.06684, 21.2202],
        [77.06673, 21.22036],
        [77.06652, 21.22063],
        [77.06624, 21.22109],
        [77.06593, 21.22151],
        [77.06514, 21.22258],
        [77.06473, 21.22306],
        [77.06409, 21.22354],
        [77.06347, 21.22383],
        [77.06282, 21.22409],
        [77.06255, 21.22419],
        [77.06235, 21.22436],
        [77.06228, 21.22446],
        [77.06212, 21.22488],
        [77.06166, 21.22559],
        [77.06129, 21.226],
        [77.06072, 21.22646],
        [77.06046, 21.22675],
        [77.06042, 21.2271],
        [77.06034, 21.22778],
        [77.06007, 21.22931],
        [77.05998, 21.22992],
        [77.05984, 21.23051],
        [77.05967, 21.23086],
        [77.05928, 21.23163],
        [77.05896, 21.23231],
        [77.05845, 21.23297],
        [77.0581, 21.2332],
        [77.05756, 21.23339],
        [77.05734, 21.23344],
        [77.05708, 21.23344],
        [77.05693, 21.23344],
        [77.05672, 21.23341],
        [77.05645, 21.23336],
        [77.05613, 21.23331],
        [77.05532, 21.23311],
        [77.05459, 21.23292],
        [77.05395, 21.2328],
        [77.05335, 21.23275],
        [77.05306, 21.23272],
        [77.05272, 21.23266],
        [77.05225, 21.23254],
        [77.05195, 21.23253],
        [77.05161, 21.23255],
        [77.05116, 21.23262],
        [77.05089, 21.23272],
        [77.05059, 21.23284],
        [77.05042, 21.2331],
        [77.05007, 21.23374],
        [77.04998, 21.23412],
        [77.04978, 21.23498],
        [77.04955, 21.23563],
        [77.04942, 21.23591],
        [77.0492, 21.23641],
        [77.04888, 21.23693],
        [77.04841, 21.23756],
        [77.04808, 21.23806],
        [77.04716, 21.23937],
        [77.04695, 21.23961],
        [77.04682, 21.23986],
        [77.04674, 21.24009],
        [77.04662, 21.24039],
        [77.04652, 21.24107],
        [77.04651, 21.24193],
        [77.04644, 21.2423],
        [77.04623, 21.24291],
        [77.04616, 21.24301],
        [77.04592, 21.24335],
        [77.04554, 21.2436],
        [77.04496, 21.24369],
        [77.04379, 21.24377],
        [77.04322, 21.24384],
        [77.04237, 21.24399],
        [77.04166, 21.24402],
        [77.04114, 21.24408],
        [77.04028, 21.24453],
        [77.03952, 21.24494],
        [77.03866, 21.24536],
        [77.03753, 21.24597],
        [77.03636, 21.24665],
        [77.0356, 21.24708],
        [77.03506, 21.24741],
        [77.03447, 21.24765],
        [77.034, 21.24762],
        [77.03356, 21.24756],
        [77.03273, 21.24742],
        [77.03228, 21.24724],
        [77.02953, 21.24651],
        [77.02915, 21.24636],
        [77.02859, 21.24623],
        [77.02826, 21.24612],
        [77.02703, 21.2458],
        [77.02646, 21.24563],
        [77.0258, 21.24549],
        [77.0252, 21.24531],
        [77.02471, 21.24518],
        [77.02444, 21.24509],
        [77.02441, 21.24499],
        [77.02427, 21.24408],
        [77.02422, 21.24378],
        [77.02415, 21.24338],
        [77.02405, 21.24298],
        [77.02381, 21.24231],
        [77.02368, 21.24175],
        [77.02352, 21.24146],
        [77.02347, 21.24112],
        [77.02336, 21.24078],
        [77.02277, 21.23965],
        [77.0224, 21.2388],
        [77.02198, 21.23774],
        [77.02176, 21.23722],
        [77.02167, 21.23693],
        [77.02147, 21.23664],
        [77.02135, 21.23646],
        [77.02105, 21.23626],
        [77.02088, 21.23611],
        [77.02065, 21.23608],
        [77.02005, 21.2362],
        [77.01882, 21.23644],
        [77.01832, 21.23653],
        [77.01768, 21.23665],
        [77.0162, 21.23687],
        [77.01547, 21.23703],
        [77.01472, 21.23716],
        [77.01385, 21.23726],
        [77.01368, 21.23687],
        [77.0135, 21.23616],
        [77.01339, 21.23598],
        [77.01319, 21.23538],
        [77.01314, 21.23519],
        [77.01312, 21.2349],
        [77.01302, 21.23443],
        [77.01293, 21.23406],
        [77.01279, 21.2336],
        [77.01262, 21.2332],
        [77.0124, 21.23287],
        [77.01225, 21.23265],
        [77.01196, 21.23219],
        [77.01185, 21.23201],
        [77.01159, 21.23184],
        [77.01118, 21.23159],
        [77.00989, 21.23102],
        [77.00919, 21.23063],
        [77.00892, 21.23045],
        [77.0086, 21.23029],
        [77.00793, 21.2299],
        [77.00743, 21.22967],
        [77.00701, 21.22949],
        [77.00672, 21.22929],
        [77.00636, 21.2288],
        [77.00619, 21.22833],
        [77.00615, 21.22803],
        [77.00603, 21.22763],
        [77.00599, 21.22727],
        [77.00591, 21.22697],
        [77.00577, 21.22664],
        [77.00574, 21.22644],
        [77.0057, 21.22594],
        [77.0057, 21.22557],
        [77.00571, 21.22524],
        [77.00576, 21.22468],
        [77.00579, 21.22441],
        [77.00588, 21.22407],
        [77.00598, 21.22378],
        [77.00604, 21.22351],
        [77.00591, 21.2228],
        [77.00585, 21.2225],
        [77.00561, 21.22199],
        [77.00539, 21.2216],
        [77.00497, 21.22077],
        [77.0047, 21.22027],
        [77.00454, 21.21997],
        [77.00439, 21.21966],
        [77.00422, 21.21916],
        [77.00407, 21.21867],
        [77.00399, 21.21814],
        [77.00403, 21.21772],
        [77.00408, 21.21731],
        [77.00422, 21.21692],
        [77.00427, 21.21679],
        [77.00463, 21.21615],
        [77.00513, 21.21536],
        [77.00558, 21.21466],
        [77.0062, 21.21373],
        [77.0064, 21.2134],
        [77.0065, 21.21325],
        [77.00667, 21.21287],
        [77.00667, 21.21266],
        [77.00661, 21.21236],
        [77.00635, 21.21203],
        [77.00609, 21.21172],
        [77.00586, 21.21136],
        [77.00573, 21.21112],
        [77.00565, 21.21083],
        [77.00565, 21.21068],
        [77.00568, 21.21053],
        [77.00582, 21.21019],
        [77.00601, 21.20991],
        [77.00627, 21.20944],
        [77.0065, 21.20899],
        [77.00655, 21.20892],
        [77.00663, 21.20881],
        [77.0067, 21.20856],
        [77.00687, 21.20834],
        [77.00694, 21.20804],
        [77.00701, 21.20767],
        [77.00703, 21.20718],
        [77.00706, 21.20678],
        [77.00707, 21.2064],
        [77.007, 21.20613],
        [77.00693, 21.20598],
        [77.00681, 21.20583],
        [77.00667, 21.20573],
        [77.0062, 21.20556],
        [77.00583, 21.20546],
        [77.00531, 21.20526],
        [77.00498, 21.20507],
        [77.00481, 21.20487],
        [77.00478, 21.20462],
        [77.00476, 21.20397],
        [77.00473, 21.20326],
        [77.00469, 21.20253],
        [77.00472, 21.20208],
        [77.00443, 21.20205],
        [77.00386, 21.20208],
        [77.0027, 21.20207],
        [77.00233, 21.20211],
        [77.00176, 21.20213],
        [77.00076, 21.20213],
        [77.00032, 21.20213],
        [76.99964, 21.2021],
        [76.99835, 21.20187],
        [76.99831, 21.20183],
        [76.99831, 21.20137],
        [76.99846, 21.2008],
        [76.9985, 21.20023],
        [76.99815, 21.19885],
        [76.99831, 21.19782],
        [76.99819, 21.19575],
        [76.99773, 21.19575],
        [76.9975, 21.19591],
        [76.9972, 21.19598],
        [76.99593, 21.1964],
        [76.99406, 21.19713],
        [76.99371, 21.19725],
        [76.9931, 21.19732],
        [76.99257, 21.19747],
        [76.99215, 21.19763],
        [76.99119, 21.19778],
        [76.99069, 21.19786],
        [76.99016, 21.19785],
        [76.98943, 21.19801],
        [76.98908, 21.19805],
        [76.98727, 21.19881],
        [76.98635, 21.19892],
        [76.98596, 21.199],
        [76.98551, 21.19912],
        [76.98432, 21.19919],
        [76.98429, 21.19881],
        [76.98406, 21.19839],
        [76.98379, 21.19786],
        [76.98375, 21.19751],
        [76.98344, 21.19663],
        [76.98271, 21.19675],
        [76.98226, 21.19686],
        [76.98157, 21.19709],
        [76.98023, 21.19744],
        [76.97916, 21.19782],
        [76.97839, 21.19801],
        [76.97763, 21.19839],
        [76.97656, 21.19873],
        [76.97613, 21.19889],
        [76.9751, 21.19931],
        [76.97441, 21.19961],
        [76.9738, 21.2],
        [76.97284, 21.20034],
        [76.97273, 21.20057],
        [76.972, 21.20068],
        [76.97189, 21.20015],
        [76.97216, 21.19957],
        [76.97254, 21.19912],
        [76.97341, 21.19812],
        [76.97391, 21.19721],
        [76.97357, 21.19686],
        [76.97254, 21.19667],
        [76.97208, 21.19679],
        [76.97139, 21.19694],
        [76.97085, 21.19709],
        [76.97039, 21.19717],
        [76.96948, 21.19743],
        [76.96894, 21.19755],
        [76.96821, 21.1977],
        [76.96768, 21.19766],
        [76.96737, 21.19755],
        [76.96695, 21.19728],
        [76.96664, 21.19705],
        [76.96614, 21.19667],
        [76.96576, 21.19629],
        [76.96489, 21.19594],
        [76.9645, 21.19571],
        [76.96404, 21.19525],
        [76.96392, 21.1951],
        [76.9627, 21.19506],
        [76.96221, 21.19495],
        [76.95762, 21.19526],
        [76.9565, 21.19533],
        [76.95513, 21.19537],
        [76.95459, 21.19529],
        [76.95371, 21.19537],
        [76.95237, 21.19533],
        [76.95153, 21.19552],
        [76.95099, 21.19568],
        [76.95031, 21.19594],
        [76.94961, 21.19621],
        [76.9487, 21.19667],
        [76.9479, 21.19705],
        [76.94759, 21.19732],
        [76.94652, 21.19759],
        [76.94556, 21.19786],
        [76.94495, 21.19808],
        [76.94422, 21.1982],
        [76.94372, 21.19835],
        [76.94315, 21.1985],
        [76.94227, 21.19877],
        [76.94097, 21.19862],
        [76.94032, 21.19866],
        [76.93982, 21.19866],
        [76.93883, 21.19866],
        [76.93803, 21.19866],
        [76.93733, 21.19869],
        [76.93672, 21.19873],
        [76.93607, 21.19885],
        [76.93558, 21.19885],
        [76.93488, 21.19892],
        [76.93408, 21.19877],
        [76.93359, 21.19885],
        [76.93194, 21.19904],
        [76.9311, 21.19908],
        [76.9306, 21.19908],
        [76.93002, 21.19904],
        [76.9293, 21.199],
        [76.92846, 21.19908],
        [76.9278, 21.19866],
        [76.92735, 21.1987],
        [76.92693, 21.19873],
        [76.92628, 21.19881],
        [76.92532, 21.19888],
        [76.92486, 21.19889],
        [76.92406, 21.199],
        [76.92345, 21.19927],
        [76.92283, 21.19935],
        [76.92207, 21.1995],
        [76.92138, 21.19961],
        [76.92061, 21.19969],
        [76.92015, 21.19969],
        [76.91889, 21.1998],
        [76.91774, 21.19992],
        [76.91709, 21.19976],
        [76.91296, 21.19938],
        [76.91216, 21.19938],
        [76.91136, 21.19938],
        [76.91032, 21.19942],
        [76.90956, 21.19942],
        [76.90856, 21.19942],
        [76.90783, 21.19942],
        [76.90673, 21.19931],
        [76.90626, 21.19923],
        [76.90497, 21.19892],
        [76.90405, 21.19892],
        [76.90309, 21.1987],
        [76.90282, 21.19854],
        [76.90221, 21.19824],
        [76.9003, 21.19789],
        [76.89957, 21.19766],
        [76.89777, 21.19793],
        [76.89666, 21.19759],
        [76.89597, 21.19743],
        [76.89563, 21.19724],
        [76.8949, 21.19682],
        [76.89356, 21.19655],
        [76.89291, 21.19633],
        [76.89187, 21.19606],
        [76.89077, 21.1959],
        [76.88974, 21.19575],
        [76.88955, 21.19568],
        [76.88908, 21.19541],
        [76.88901, 21.19499],
        [76.88878, 21.19468],
        [76.88855, 21.19419],
        [76.88828, 21.19373],
        [76.8879, 21.19361],
        [76.88737, 21.1935],
        [76.88602, 21.19346],
        [76.88518, 21.1933],
        [76.88422, 21.19334],
        [76.88254, 21.19365],
        [76.88219, 21.19369],
        [76.88193, 21.1935],
        [76.88143, 21.19281],
        [76.88113, 21.19269],
        [76.88082, 21.19243],
        [76.8801, 21.19224],
        [76.87948, 21.19231],
        [76.87891, 21.19231],
        [76.8783, 21.19231],
        [76.87769, 21.1922],
        [76.87746, 21.19216],
        [76.87646, 21.19216],
        [76.87585, 21.19201],
        [76.87531, 21.19197],
        [76.8745, 21.19193],
        [76.87374, 21.19174],
        [76.87332, 21.1917],
        [76.87217, 21.19151],
        [76.87095, 21.1912],
        [76.87023, 21.19105],
        [76.86808, 21.1909],
        [76.86765, 21.19078],
        [76.86712, 21.19078],
        [76.86643, 21.19071],
        [76.86586, 21.19075],
        [76.86524, 21.19071],
        [76.86467, 21.19071],
        [76.8644, 21.19067],
        [76.86379, 21.19071],
        [76.86315, 21.19074],
        [76.86287, 21.19074],
        [76.86257, 21.19071],
        [76.86184, 21.19067],
        [76.86104, 21.19052],
        [76.86027, 21.19032],
        [76.85985, 21.19021],
        [76.85855, 21.18994],
        [76.85794, 21.18986],
        [76.85672, 21.18956],
        [76.8558, 21.18922],
        [76.85495, 21.1888],
        [76.85472, 21.18879],
        [76.85434, 21.18918],
        [76.85411, 21.18944],
        [76.85366, 21.18948],
        [76.85304, 21.18967],
        [76.85289, 21.19002],
        [76.85228, 21.19009],
        [76.85109, 21.19047],
        [76.85109, 21.19067],
        [76.85113, 21.1909],
        [76.85121, 21.19116],
        [76.85106, 21.19151],
        [76.8509, 21.19174],
        [76.8504, 21.19193],
        [76.8496, 21.19239],
        [76.84918, 21.19277],
        [76.84883, 21.19338],
        [76.84864, 21.19373],
        [76.84845, 21.19407],
        [76.84818, 21.1943],
        [76.84803, 21.19441],
        [76.84787, 21.19426],
        [76.84749, 21.19358],
        [76.84719, 21.19339],
        [76.84665, 21.19308],
        [76.84642, 21.19297],
        [76.84546, 21.19209],
        [76.84516, 21.1919],
        [76.84489, 21.19163],
        [76.84443, 21.19129],
        [76.84428, 21.19098],
        [76.84355, 21.1906],
        [76.84317, 21.19037],
        [76.84263, 21.1901],
        [76.84244, 21.18999],
        [76.8413, 21.1898],
        [76.84083, 21.18938],
        [76.8398, 21.18919],
        [76.83774, 21.18858],
        [76.83751, 21.18861],
        [76.83713, 21.18865],
        [76.83682, 21.18865],
        [76.83632, 21.18865],
        [76.83609, 21.18854],
        [76.83582, 21.188],
        [76.83559, 21.18789],
        [76.83525, 21.18743],
        [76.83502, 21.18731],
        [76.83456, 21.18701],
        [76.8341, 21.1867],
        [76.8333, 21.18651],
        [76.8328, 21.18632],
        [76.83219, 21.18617],
        [76.83177, 21.18602],
        [76.83111, 21.18598],
        [76.83058, 21.18594],
        [76.82947, 21.18598],
        [76.82901, 21.18594],
        [76.82851, 21.18598],
        [76.8279, 21.18605],
        [76.82771, 21.1862],
        [76.82722, 21.18628],
        [76.82667, 21.18628],
        [76.82603, 21.1862],
        [76.82542, 21.18617],
        [76.82335, 21.18651],
        [76.82285, 21.18662],
        [76.82181, 21.18686],
        [76.82155, 21.18697],
        [76.82094, 21.18727],
        [76.82052, 21.18747],
        [76.81995, 21.18743],
        [76.81929, 21.18739],
        [76.81902, 21.18739],
        [76.81876, 21.18739],
        [76.81822, 21.18735],
        [76.81769, 21.18712],
        [76.81753, 21.18697],
        [76.81692, 21.18724],
        [76.81661, 21.18739],
        [76.81623, 21.18747],
        [76.81577, 21.1877],
        [76.81543, 21.18762],
        [76.8147, 21.18739],
        [76.81432, 21.1872],
        [76.8134, 21.18682],
        [76.81279, 21.18659],
        [76.81206, 21.18636],
        [76.8085, 21.18568],
        [76.80805, 21.1856],
        [76.80763, 21.18556],
        [76.80609, 21.18552],
        [76.80567, 21.18545],
        [76.8049, 21.18526],
        [76.80448, 21.18522],
        [76.80387, 21.18522],
        [76.80307, 21.18514],
        [76.80207, 21.18503],
        [76.80146, 21.18488],
        [76.80089, 21.18484],
        [76.79955, 21.18468],
        [76.7989, 21.18449],
        [76.79817, 21.18446],
        [76.79657, 21.18449],
        [76.79358, 21.18395],
        [76.7932, 21.18391],
        [76.79297, 21.18391],
        [76.79277, 21.18387],
        [76.79224, 21.18384],
        [76.79201, 21.1838],
        [76.79163, 21.18368],
        [76.79083, 21.18338],
        [76.79048, 21.18334],
        [76.79048, 21.18357],
        [76.79044, 21.18391],
        [76.79044, 21.18418],
        [76.79044, 21.18471],
        [76.79036, 21.18517],
        [76.79029, 21.18639],
        [76.79017, 21.18666],
        [76.78998, 21.18689],
        [76.78945, 21.18693],
        [76.78899, 21.18693],
        [76.78842, 21.18693],
        [76.78788, 21.18693],
        [76.78727, 21.18701],
        [76.78616, 21.18708],
        [76.78539, 21.1872],
        [76.78497, 21.1872],
        [76.78428, 21.18728],
        [76.78371, 21.18731],
        [76.78344, 21.18731],
        [76.78298, 21.18735],
        [76.78252, 21.18754],
        [76.78218, 21.18762],
        [76.78187, 21.18785],
        [76.7818, 21.18846],
        [76.7818, 21.18881],
        [76.78187, 21.19014],
        [76.78191, 21.1911],
        [76.78206, 21.19205],
        [76.78214, 21.19301],
        [76.78214, 21.1937],
        [76.78206, 21.19412],
        [76.78206, 21.19439],
        [76.78176, 21.19424],
        [76.78126, 21.19393],
        [76.78081, 21.19371],
        [76.7808, 21.19367],
        [76.78026, 21.19332],
        [76.77969, 21.19316],
        [76.77916, 21.19282],
        [76.77855, 21.1924],
        [76.77732, 21.19144],
        [76.77648, 21.19113],
        [76.77621, 21.19098],
        [76.77594, 21.19086],
        [76.77533, 21.19086],
        [76.77495, 21.19086],
        [76.77449, 21.19086],
        [76.77215, 21.19071],
        [76.77135, 21.19078],
        [76.77047, 21.19086],
        [76.77009, 21.1909],
        [76.76952, 21.19098],
        [76.76925, 21.19109],
        [76.76859, 21.19113],
        [76.76813, 21.19117],
        [76.7679, 21.19117],
        [76.76749, 21.1914],
        [76.76722, 21.19174],
        [76.76714, 21.19197],
        [76.76699, 21.19212],
        [76.76688, 21.19235],
        [76.76672, 21.19266],
        [76.76653, 21.19292],
        [76.76637, 21.19319],
        [76.76614, 21.19373],
        [76.76599, 21.19396],
        [76.76591, 21.19423],
        [76.76576, 21.19461],
        [76.76568, 21.19495],
        [76.76561, 21.19541],
        [76.76568, 21.19594],
        [76.76538, 21.198],
        [76.76527, 21.19834],
        [76.76519, 21.19869],
        [76.76511, 21.19888],
        [76.76504, 21.19911],
        [76.76496, 21.19941],
        [76.76485, 21.19972],
        [76.76477, 21.19991],
        [76.76465, 21.2001],
        [76.76458, 21.20045],
        [76.76443, 21.20083],
        [76.76439, 21.20125],
        [76.76443, 21.20148],
        [76.7645, 21.20186],
        [76.76469, 21.20236],
        [76.76477, 21.20266],
        [76.76485, 21.20316],
        [76.76485, 21.20362],
        [76.76485, 21.204],
        [76.76485, 21.20605],
        [76.76465, 21.20651],
        [76.76454, 21.20701],
        [76.7645, 21.2072],
        [76.76443, 21.20766],
        [76.76431, 21.20785],
        [76.76416, 21.20839],
        [76.76412, 21.20865],
        [76.76408, 21.209],
        [76.76408, 21.20934],
        [76.76401, 21.20969],
        [76.76381, 21.2101],
        [76.76362, 21.21037],
        [76.76282, 21.21392],
        [76.76274, 21.21426],
        [76.76266, 21.21453],
        [76.76259, 21.21491],
        [76.76259, 21.21518],
        [76.76255, 21.2156],
        [76.76255, 21.21594],
        [76.76244, 21.21621],
        [76.76224, 21.21663],
        [76.76213, 21.21694],
        [76.76205, 21.21728],
        [76.76194, 21.2177],
        [76.7619, 21.21812],
        [76.76183, 21.21835],
        [76.76171, 21.21873],
        [76.76163, 21.21912],
        [76.76147, 21.21938],
        [76.76125, 21.21965],
        [76.76105, 21.22019],
        [76.76052, 21.22053],
        [76.76041, 21.22072],
        [76.76018, 21.22103],
        [76.7598, 21.22122],
        [76.75914, 21.2216],
        [76.75887, 21.22168],
        [76.75815, 21.22168],
        [76.75735, 21.22164],
        [76.75704, 21.2216],
        [76.75642, 21.22114],
        [76.75585, 21.22099],
        [76.75539, 21.22064],
        [76.75459, 21.21996],
        [76.7542, 21.21973],
        [76.75359, 21.21908],
        [76.75333, 21.21877],
        [76.75272, 21.21808],
        [76.75226, 21.2185],
        [76.75211, 21.21877],
        [76.75126, 21.21919],
        [76.75099, 21.21973],
        [76.75, 21.22053],
        [76.74889, 21.22141],
        [76.74576, 21.22339],
        [76.74772, 21.22639],
        [76.7449, 21.2319],
        [76.74191, 21.24156],
        [76.74875, 21.25086],
        [76.74875, 21.25105],
        [76.74842, 21.25125],
        [76.74875, 21.25164],
        [76.74849, 21.2519],
        [76.74783, 21.25282],
        [76.74764, 21.25367],
        [76.74738, 21.25432],
        [76.74679, 21.25446],
        [76.7462, 21.25426],
        [76.7458, 21.25413],
        [76.74555, 21.25406],
        [76.74509, 21.25413],
        [76.7445, 21.25413],
        [76.7441, 21.25485],
        [76.74391, 21.2555],
        [76.74371, 21.25629],
        [76.74346, 21.25701],
        [76.74339, 21.2576],
        [76.74332, 21.25818],
        [76.74286, 21.25949],
        [76.7426, 21.25988],
        [76.74247, 21.26021],
        [76.74169, 21.2606],
        [76.74156, 21.26119],
        [76.74103, 21.26106],
        [76.74071, 21.26093],
        [76.74018, 21.26067],
        [76.73914, 21.2606],
        [76.73874, 21.26041],
        [76.73802, 21.26054],
        [76.7375, 21.26073],
        [76.73737, 21.26106],
        [76.73718, 21.26139],
        [76.73705, 21.26172],
        [76.73685, 21.26191],
        [76.73626, 21.26283],
        [76.73606, 21.26328],
        [76.73593, 21.26381],
        [76.73586, 21.26433],
        [76.73535, 21.2662],
        [76.73528, 21.26705],
        [76.73522, 21.26757],
        [76.73522, 21.26842],
        [76.73502, 21.26927],
        [76.73482, 21.27005],
        [76.73469, 21.27097],
        [76.73456, 21.27189],
        [76.73423, 21.27287],
        [76.7341, 21.27346],
        [76.73358, 21.27555],
        [76.73325, 21.27607],
        [76.7324, 21.27719],
        [76.73207, 21.27764],
        [76.73123, 21.27843],
        [76.7309, 21.27849],
        [76.72985, 21.27882],
        [76.72946, 21.27915],
        [76.72835, 21.27947],
        [76.72815, 21.2798],
        [76.7275, 21.2798],
        [76.72724, 21.27954],
        [76.72638, 21.27961],
        [76.72658, 21.28006],
        [76.72665, 21.28046],
        [76.72684, 21.28144],
        [76.72684, 21.28163],
        [76.72671, 21.28196],
        [76.72645, 21.28235],
        [76.72612, 21.28281],
        [76.72593, 21.2834],
        [76.72579, 21.28392],
        [76.72573, 21.28432],
        [76.72462, 21.28491],
        [76.72403, 21.28536],
        [76.72351, 21.28615],
        [76.72351, 21.28667],
        [76.72364, 21.28746],
        [76.7239, 21.28804],
        [76.72416, 21.2887],
        [76.72416, 21.28909],
        [76.7239, 21.28922],
        [76.72351, 21.28909],
        [76.72305, 21.28876],
        [76.72246, 21.28857],
        [76.72174, 21.28834],
        [76.72135, 21.28847],
        [76.72102, 21.2886],
        [76.7207, 21.28886],
        [76.72037, 21.28886],
        [76.72017, 21.28912],
        [76.71985, 21.28932],
        [76.7188, 21.28952],
        [76.7186, 21.28952],
        [76.71841, 21.28925],
        [76.71808, 21.28866],
        [76.71795, 21.28834],
        [76.71847, 21.28762],
        [76.71873, 21.28592],
        [76.7186, 21.28526],
        [76.71769, 21.285],
        [76.7171, 21.28474],
        [76.71618, 21.28468],
        [76.71553, 21.28454],
        [76.71488, 21.28448],
        [76.71409, 21.28441],
        [76.71357, 21.28435],
        [76.71278, 21.28415],
        [76.71141, 21.28409],
        [76.71056, 21.28409],
        [76.70952, 21.28435],
        [76.7086, 21.28468],
        [76.70814, 21.2848],
        [76.70729, 21.2848],
        [76.70651, 21.28494],
        [76.70566, 21.28507],
        [76.705, 21.28507],
        [76.70376, 21.28513],
        [76.7035, 21.28526],
        [76.70245, 21.28533],
        [76.70161, 21.28533],
        [76.70102, 21.28533],
        [76.7001, 21.28539],
        [76.69912, 21.2852],
        [76.69827, 21.28513],
        [76.69696, 21.28516],
        [76.69591, 21.28556],
        [76.69533, 21.28589],
        [76.69507, 21.28615],
        [76.69474, 21.28654],
        [76.69421, 21.28693],
        [76.69363, 21.28745],
        [76.69317, 21.28713],
        [76.69284, 21.28693],
        [76.69245, 21.28687],
        [76.69186, 21.28693],
        [76.69154, 21.287],
        [76.69114, 21.287],
        [76.69049, 21.28726],
        [76.68977, 21.28752],
        [76.68912, 21.28804],
        [76.68872, 21.28837],
        [76.68833, 21.28863],
        [76.68748, 21.28876],
        [76.68722, 21.28876],
        [76.68696, 21.28876],
        [76.68656, 21.2887],
        [76.68597, 21.2885],
        [76.68572, 21.28837],
        [76.68526, 21.28817],
        [76.68473, 21.28778],
        [76.68434, 21.28752],
        [76.68363, 21.287],
        [76.68317, 21.28647],
        [76.68251, 21.28615],
        [76.68186, 21.28556],
        [76.68107, 21.2849],
        [76.67957, 21.28425],
        [76.67898, 21.28373],
        [76.67806, 21.28307],
        [76.67774, 21.28294],
        [76.67721, 21.28281],
        [76.67656, 21.28281],
        [76.67578, 21.28268],
        [76.67525, 21.28268],
        [76.67375, 21.28255],
        [76.67224, 21.28242],
        [76.66963, 21.28163],
        [76.66747, 21.28131],
        [76.66701, 21.28104],
        [76.66577, 21.28111],
        [76.66512, 21.28072],
        [76.6628, 21.28059],
        [76.6628, 21.2806],
        [76.6573, 21.2867],
        [76.65673, 21.28743],
        [76.6539, 21.291],
        [76.6522, 21.29445],
        [76.6505, 21.2979]
      ]
    ]
  }
}
