{
  "type": "Feature",
  "id": "DL-AC-1",
  "properties": {
    "stateName": "DELHI",
    "stateCode": "DL",
    "districtName": "NORTH-WEST",
    "acNo": 1,
    "acName": "NARELA",
    "seatType": null,
    "pcNo": 5,
    "pcName": "NORTH WEST DELHI",
    "quality": "unverified",
    "sources": [
      "TBD"
    ]
  },
  "geometry": {
    "type": "MultiPolygon",
    "coordinates": [
      [
        [
          [77.21161, 28.81014],
          [77.21162, 28.81046],
          [77.21169, 28.81056],
          [77.2118, 28.81075],
          [77.21191, 28.81093],
          [77.21197, 28.81104],
          [77.21203, 28.81116],
          [77.21207, 28.81123],
          [77.21211, 28.81131],
          [77.21216, 28.81141],
          [77.21222, 28.8115],
          [77.21237, 28.81166],
          [77.21243, 28.81168],
          [77.21252, 28.81172],
          [77.21257, 28.81176],
          [77.21267, 28.81187],
          [77.2127, 28.81189],
          [77.21278, 28.81195],
          [77.21298, 28.81219],
          [77.21319, 28.81246],
          [77.21321, 28.81251],
          [77.21322, 28.81255],
          [77.21322, 28.81259],
          [77.21322, 28.81264],
          [77.21322, 28.81268],
          [77.21321, 28.81273],
          [77.21317, 28.81281],
          [77.21315, 28.81283],
          [77.21315, 28.81285],
          [77.21315, 28.81289],
          [77.21316, 28.81294],
          [77.21319, 28.81307],
          [77.21322, 28.8132],
          [77.21324, 28.81323],
          [77.21326, 28.81327],
          [77.21333, 28.81338],
          [77.21337, 28.81343],
          [77.2134, 28.81347],
          [77.21343, 28.81352],
          [77.21349, 28.81361],
          [77.21356, 28.81371],
          [77.21365, 28.8138],
          [77.21378, 28.81391],
          [77.21386, 28.81402],
          [77.2139, 28.81407],
          [77.21394, 28.81412],
          [77.21401, 28.8142],
          [77.21407, 28.81427],
          [77.21409, 28.8143],
          [77.21411, 28.81432],
          [77.21416, 28.81439],
          [77.21421, 28.81446],
          [77.21428, 28.81455],
          [77.21432, 28.81461],
          [77.21436, 28.81465],
          [77.21445, 28.81476],
          [77.21453, 28.81484],
          [77.21458, 28.8149],
          [77.2146, 28.81492],
          [77.21466, 28.81498],
          [77.2147, 28.81501],
          [77.21474, 28.81505],
          [77.21479, 28.81512],
          [77.21485, 28.81518],
          [77.21492, 28.81529],
          [77.21496, 28.81535],
          [77.21503, 28.81545],
          [77.21505, 28.81549],
          [77.21509, 28.81552],
          [77.21512, 28.81556],
          [77.21523, 28.81565],
          [77.21527, 28.81569],
          [77.21531, 28.81573],
          [77.21537, 28.81578],
          [77.21541, 28.81581],
          [77.21547, 28.81584],
          [77.21551, 28.81588],
          [77.21562, 28.81596],
          [77.21566, 28.81599],
          [77.21572, 28.81603],
          [77.21579, 28.81608],
          [77.21586, 28.81611],
          [77.21597, 28.81615],
          [77.216, 28.81616],
          [77.21604, 28.81618],
          [77.21607, 28.81621],
          [77.2162, 28.81628],
          [77.21624, 28.81631],
          [77.21627, 28.81635],
          [77.21631, 28.81637],
          [77.21635, 28.8164],
          [77.2164, 28.81643],
          [77.21649, 28.81649],
          [77.21657, 28.81656],
          [77.21666, 28.81664],
          [77.21675, 28.81672],
          [77.21678, 28.81675],
          [77.21687, 28.81684],
          [77.21697, 28.81693],
          [77.21717, 28.8171],
          [77.21721, 28.81713],
          [77.21728, 28.81718],
          [77.2174, 28.81726],
          [77.21752, 28.81734],
          [77.21769, 28.81744],
          [77.21775, 28.81748],
          [77.21782, 28.81753],
          [77.21787, 28.81756],
          [77.21792, 28.81758],
          [77.21805, 28.81768],
          [77.21809, 28.81772],
          [77.21818, 28.81782],
          [77.21821, 28.81785],
          [77.21832, 28.81795],
          [77.21843, 28.81806],
          [77.21864, 28.81828],
          [77.21878, 28.8185],
          [77.21884, 28.81858],
          [77.21894, 28.81872],
          [77.21903, 28.81886],
          [77.21904, 28.81887],
          [77.21909, 28.81891],
          [77.21926, 28.81905],
          [77.21926, 28.81906],
          [77.21926, 28.81906],
          [77.21926, 28.81906],
          [77.21926, 28.81906],
          [77.21933, 28.81917],
          [77.2194, 28.8192],
          [77.21942, 28.8192],
          [77.21945, 28.81921],
          [77.21946, 28.81922],
          [77.21946, 28.81923],
          [77.21947, 28.81934],
          [77.21946, 28.81941],
          [77.21947, 28.81943],
          [77.21948, 28.81946],
          [77.21949, 28.81947],
          [77.21952, 28.81949],
          [77.21959, 28.81951],
          [77.21962, 28.81951],
          [77.21966, 28.8195],
          [77.21968, 28.81948],
          [77.21971, 28.81947],
          [77.21975, 28.81945],
          [77.21981, 28.81944],
          [77.21985, 28.81944],
          [77.21989, 28.81944],
          [77.21998, 28.81945],
          [77.22006, 28.81946],
          [77.2201, 28.81948],
          [77.22014, 28.8195],
          [77.22015, 28.81951],
          [77.22017, 28.81952],
          [77.22018, 28.81953],
          [77.22018, 28.81953],
          [77.22021, 28.81955],
          [77.22025, 28.81957],
          [77.2203, 28.81959],
          [77.22035, 28.81962],
          [77.2204, 28.81964],
          [77.22044, 28.81965],
          [77.22049, 28.81967],
          [77.22052, 28.8197],
          [77.22055, 28.81973],
          [77.22056, 28.81974],
          [77.22063, 28.81979],
          [77.22066, 28.81979],
          [77.22075, 28.81981],
          [77.22079, 28.81982],
          [77.22088, 28.81988],
          [77.22096, 28.81993],
          [77.22104, 28.81998],
          [77.22107, 28.82],
          [77.22112, 28.82004],
          [77.22112, 28.82004],
          [77.22113, 28.82005],
          [77.22121, 28.82012],
          [77.22122, 28.82012],
          [77.22129, 28.82018],
          [77.2213, 28.82018],
          [77.22132, 28.8202],
          [77.22132, 28.8202],
          [77.22133, 28.82021],
          [77.22142, 28.82028],
          [77.22142, 28.82028],
          [77.22142, 28.82029],
          [77.22143, 28.82029],
          [77.22155, 28.82039],
          [77.22155, 28.82039],
          [77.22155, 28.82039],
          [77.22155, 28.82039],
          [77.22155, 28.82039],
          [77.22161, 28.82043],
          [77.22161, 28.82044],
          [77.2217, 28.82051],
          [77.22171, 28.82052],
          [77.22173, 28.82053],
          [77.22176, 28.82058],
          [77.22177, 28.82058],
          [77.22177, 28.82059],
          [77.22178, 28.82059],
          [77.22189, 28.82074],
          [77.2219, 28.82074],
          [77.2219, 28.82075],
          [77.22191, 28.82076],
          [77.22192, 28.82077],
          [77.22192, 28.82077],
          [77.22206, 28.82094],
          [77.22206, 28.82095],
          [77.22207, 28.82095],
          [77.22207, 28.82096],
          [77.22208, 28.82097],
          [77.22222, 28.82114],
          [77.22222, 28.82115],
          [77.22224, 28.82116],
          [77.22224, 28.82117],
          [77.22226, 28.82119],
          [77.22227, 28.82121],
          [77.22229, 28.82124],
          [77.22229, 28.82124],
          [77.22241, 28.82158],
          [77.22242, 28.8216],
          [77.22244, 28.82155],
          [77.2225, 28.82146],
          [77.22249, 28.82138],
          [77.22242, 28.82131],
          [77.22242, 28.82124],
          [77.2225, 28.82116],
          [77.22249, 28.82112],
          [77.22196, 28.82034],
          [77.22197, 28.82028],
          [77.22206, 28.82016],
          [77.22206, 28.82014],
          [77.22182, 28.81992],
          [77.22155, 28.8197],
          [77.22111, 28.81922],
          [77.22103, 28.81921],
          [77.22078, 28.81903],
          [77.22075, 28.81901],
          [77.22062, 28.8189],
          [77.22045, 28.81878],
          [77.22032, 28.8187],
          [77.2203, 28.81869],
          [77.22028, 28.81867],
          [77.22018, 28.81802],
          [77.22009, 28.81745],
          [77.22006, 28.81743],
          [77.21999, 28.81739],
          [77.21998, 28.81738],
          [77.2199, 28.81733],
          [77.2199, 28.81733],
          [77.21981, 28.81727],
          [77.21961, 28.81715],
          [77.21943, 28.81702],
          [77.21917, 28.81685],
          [77.21904, 28.81675],
          [77.21903, 28.81674],
          [77.219, 28.81671],
          [77.21899, 28.81669],
          [77.21898, 28.81667],
          [77.21897, 28.81666],
          [77.21897, 28.81664],
          [77.21897, 28.8166],
          [77.21896, 28.81649],
          [77.21896, 28.81645],
          [77.21894, 28.8163],
          [77.21887, 28.81588],
          [77.21887, 28.81585],
          [77.21887, 28.81584],
          [77.21886, 28.8158],
          [77.21885, 28.81568],
          [77.2188, 28.81536],
          [77.21873, 28.81489],
          [77.21872, 28.81483],
          [77.21872, 28.81481],
          [77.21868, 28.81442],
          [77.21863, 28.81414],
          [77.21859, 28.81387],
          [77.2185, 28.81362],
          [77.21848, 28.81355],
          [77.21847, 28.81261],
          [77.21848, 28.81249],
          [77.21854, 28.81205],
          [77.21855, 28.81199],
          [77.21856, 28.81189],
          [77.21858, 28.81177],
          [77.2186, 28.81163],
          [77.21861, 28.81159],
          [77.21863, 28.81147],
          [77.21863, 28.81144],
          [77.21864, 28.81142],
          [77.21864, 28.8114],
          [77.21867, 28.8113],
          [77.21869, 28.81122],
          [77.21869, 28.81118],
          [77.2187, 28.81113],
          [77.2187, 28.81112],
          [77.2187, 28.81108],
          [77.21871, 28.81105],
          [77.21872, 28.81102],
          [77.21873, 28.81101],
          [77.21875, 28.8109],
          [77.21878, 28.81074],
          [77.21879, 28.81065],
          [77.21881, 28.81056],
          [77.2189, 28.81044],
          [77.21893, 28.81028],
          [77.21893, 28.80977],
          [77.21885, 28.80892],
          [77.2188, 28.80871],
          [77.21877, 28.80864],
          [77.21873, 28.80859],
          [77.21871, 28.80858],
          [77.21869, 28.80856],
          [77.21866, 28.80855],
          [77.21861, 28.80855],
          [77.21849, 28.80855],
          [77.21826, 28.80857],
          [77.21792, 28.80861],
          [77.21733, 28.80865],
          [77.21722, 28.80866],
          [77.21718, 28.80866],
          [77.21713, 28.80865],
          [77.21708, 28.80863],
          [77.21703, 28.80861],
          [77.21696, 28.80856],
          [77.21689, 28.80849],
          [77.21675, 28.80834],
          [77.2165, 28.80809],
          [77.21634, 28.80793],
          [77.21616, 28.80773],
          [77.21604, 28.80759],
          [77.21597, 28.80747],
          [77.21595, 28.80745],
          [77.21591, 28.80742],
          [77.21589, 28.80741],
          [77.21588, 28.8074],
          [77.21585, 28.8074],
          [77.21585, 28.8074],
          [77.21583, 28.8074],
          [77.21581, 28.80741],
          [77.21579, 28.80743],
          [77.21563, 28.80761],
          [77.2155, 28.80777],
          [77.21535, 28.80798],
          [77.21507, 28.8083],
          [77.21489, 28.80853],
          [77.21473, 28.80875],
          [77.21469, 28.80882],
          [77.21467, 28.80887],
          [77.21466, 28.80891],
          [77.21466, 28.80895],
          [77.21465, 28.80899],
          [77.21464, 28.80902],
          [77.21462, 28.80904],
          [77.21458, 28.80909],
          [77.21452, 28.80914],
          [77.21445, 28.80918],
          [77.21436, 28.80923],
          [77.2143, 28.80925],
          [77.21414, 28.80927],
          [77.21389, 28.80933],
          [77.21354, 28.80943],
          [77.21324, 28.80952],
          [77.21299, 28.8096],
          [77.21283, 28.80965],
          [77.21271, 28.8097],
          [77.21266, 28.80972],
          [77.21262, 28.80974],
          [77.2126, 28.80976],
          [77.21244, 28.80982],
          [77.21232, 28.80987],
          [77.21182, 28.81006],
          [77.21161, 28.81014]
        ]
      ],
      [
        [
          [77.20826, 28.81089],
          [77.20822, 28.81049],
          [77.20755, 28.81055],
          [77.20706, 28.81081],
          [77.20686, 28.81092],
          [77.2067, 28.81096],
          [77.20614, 28.81113],
          [77.20569, 28.81126],
          [77.20546, 28.8113],
          [77.20539, 28.81132],
          [77.20522, 28.8114],
          [77.20507, 28.81146],
          [77.20498, 28.81149],
          [77.20485, 28.81156],
          [77.20477, 28.81159],
          [77.20465, 28.81164],
          [77.20449, 28.81169],
          [77.20425, 28.81175],
          [77.20406, 28.8118],
          [77.204, 28.81181],
          [77.20387, 28.81185],
          [77.20364, 28.81194],
          [77.20357, 28.81198],
          [77.20352, 28.812],
          [77.20333, 28.81204],
          [77.20322, 28.81208],
          [77.20318, 28.8121],
          [77.20313, 28.81212],
          [77.20303, 28.81216],
          [77.20287, 28.8122],
          [77.20276, 28.81223],
          [77.20259, 28.81228],
          [77.20253, 28.8123],
          [77.20243, 28.81233],
          [77.20217, 28.81239],
          [77.202, 28.81242],
          [77.20194, 28.81243],
          [77.20131, 28.81248],
          [77.20112, 28.81249],
          [77.20083, 28.8125],
          [77.20063, 28.8125],
          [77.20016, 28.8125],
          [77.20016, 28.81234],
          [77.20016, 28.81221],
          [77.20017, 28.81206],
          [77.20017, 28.81183],
          [77.20015, 28.81162],
          [77.20015, 28.81151],
          [77.20014, 28.81144],
          [77.20014, 28.81136],
          [77.20015, 28.81132],
          [77.20015, 28.81122],
          [77.20015, 28.8112],
          [77.20015, 28.81118],
          [77.20011, 28.81113],
          [77.20007, 28.81107],
          [77.20003, 28.81101],
          [77.19999, 28.81094],
          [77.19996, 28.81089],
          [77.19995, 28.81088],
          [77.19995, 28.81085],
          [77.19994, 28.81067],
          [77.19994, 28.81053],
          [77.19993, 28.81046],
          [77.19992, 28.81042],
          [77.1999, 28.81036],
          [77.19987, 28.81031],
          [77.19982, 28.81023],
          [77.1998, 28.81021],
          [77.19979, 28.81019],
          [77.19978, 28.81016],
          [77.19977, 28.81013],
          [77.19975, 28.81007],
          [77.19971, 28.80998],
          [77.19968, 28.8099],
          [77.1996, 28.80964],
          [77.19957, 28.80958],
          [77.19949, 28.80941],
          [77.19944, 28.8093],
          [77.19933, 28.80905],
          [77.19928, 28.80896],
          [77.19924, 28.80888],
          [77.19921, 28.80879],
          [77.19918, 28.80872],
          [77.19912, 28.80856],
          [77.19909, 28.80849],
          [77.19904, 28.80838],
          [77.199, 28.80828],
          [77.19895, 28.80816],
          [77.19887, 28.80798],
          [77.19884, 28.8079],
          [77.19884, 28.80785],
          [77.19882, 28.80777],
          [77.19881, 28.80761],
          [77.1988, 28.80748],
          [77.1988, 28.80739],
          [77.1988, 28.80721],
          [77.1988, 28.80711],
          [77.1988, 28.807],
          [77.19879, 28.80687],
          [77.19878, 28.80677],
          [77.19877, 28.80654],
          [77.19877, 28.80624],
          [77.19877, 28.80609],
          [77.19875, 28.80587],
          [77.19875, 28.80556],
          [77.19874, 28.80528],
          [77.19872, 28.805],
          [77.19873, 28.80485],
          [77.19873, 28.80477],
          [77.19873, 28.8047],
          [77.19873, 28.80461],
          [77.19871, 28.80453],
          [77.1987, 28.80449],
          [77.19868, 28.80445],
          [77.19865, 28.80441],
          [77.19859, 28.80433],
          [77.19849, 28.80419],
          [77.19839, 28.80407],
          [77.19824, 28.80385],
          [77.19822, 28.80382],
          [77.19821, 28.80378],
          [77.19819, 28.80369],
          [77.19815, 28.8035],
          [77.19812, 28.80335],
          [77.19809, 28.80322],
          [77.19804, 28.80307],
          [77.198, 28.80297],
          [77.19798, 28.80289],
          [77.19797, 28.80287],
          [77.19794, 28.80276],
          [77.19792, 28.80271],
          [77.19791, 28.80266],
          [77.1979, 28.80258],
          [77.19789, 28.80245],
          [77.19787, 28.80232],
          [77.19785, 28.8022],
          [77.19783, 28.80204],
          [77.19783, 28.80198],
          [77.19782, 28.80191],
          [77.19781, 28.80182],
          [77.19779, 28.80165],
          [77.19778, 28.80156],
          [77.19777, 28.80152],
          [77.19775, 28.8015],
          [77.19765, 28.80142],
          [77.19728, 28.80118],
          [77.19716, 28.80109],
          [77.19708, 28.80103],
          [77.19706, 28.80101],
          [77.19704, 28.80098],
          [77.19704, 28.80094],
          [77.19702, 28.80082],
          [77.197, 28.80065],
          [77.19698, 28.80053],
          [77.19697, 28.80037],
          [77.19695, 28.80022],
          [77.19692, 28.80001],
          [77.1969, 28.79981],
          [77.19689, 28.79964],
          [77.19689, 28.79963],
          [77.19689, 28.79963],
          [77.1969, 28.79963],
          [77.19701, 28.79961],
          [77.19703, 28.79961],
          [77.19704, 28.7996],
          [77.19705, 28.79959],
          [77.19705, 28.79957],
          [77.19703, 28.79941],
          [77.197, 28.79921],
          [77.19697, 28.799],
          [77.19696, 28.79894],
          [77.19687, 28.79864],
          [77.19685, 28.79857],
          [77.19684, 28.79851],
          [77.19684, 28.79842],
          [77.19683, 28.7983],
          [77.19683, 28.79827],
          [77.19684, 28.79826],
          [77.19686, 28.79825],
          [77.19713, 28.7982],
          [77.19717, 28.79819],
          [77.19731, 28.79818],
          [77.19738, 28.79817],
          [77.19744, 28.79816],
          [77.19767, 28.79813],
          [77.19774, 28.79812],
          [77.19782, 28.7981],
          [77.19798, 28.79807],
          [77.19806, 28.79805],
          [77.19823, 28.79802],
          [77.1983, 28.79801],
          [77.19844, 28.79799],
          [77.19867, 28.79795],
          [77.19891, 28.79791],
          [77.19906, 28.79788],
          [77.19939, 28.79781],
          [77.1996, 28.79777],
          [77.19968, 28.79775],
          [77.19971, 28.79774],
          [77.19981, 28.79773],
          [77.19995, 28.79771],
          [77.20011, 28.79769],
          [77.2002, 28.79768],
          [77.20028, 28.79767],
          [77.20033, 28.79766],
          [77.20042, 28.79765],
          [77.20109, 28.79756],
          [77.20222, 28.79737],
          [77.20484, 28.79586],
          [77.20491, 28.79483],
          [77.20497, 28.79383],
          [77.20471, 28.79272],
          [77.20477, 28.79197],
          [77.20459, 28.7906],
          [77.20462, 28.79052],
          [77.20463, 28.79047],
          [77.20464, 28.7903],
          [77.20464, 28.79028],
          [77.20465, 28.79021],
          [77.20467, 28.79021],
          [77.20467, 28.7902],
          [77.20467, 28.7902],
          [77.20467, 28.79019],
          [77.20467, 28.79017],
          [77.20467, 28.79016],
          [77.20467, 28.79015],
          [77.20467, 28.79013],
          [77.20468, 28.79004],
          [77.20469, 28.78989],
          [77.20469, 28.7898],
          [77.2047, 28.78976],
          [77.2047, 28.78974],
          [77.2047, 28.78971],
          [77.2047, 28.78971],
          [77.20472, 28.78961],
          [77.20474, 28.78953],
          [77.20474, 28.78949],
          [77.20475, 28.78946],
          [77.20475, 28.78945],
          [77.20475, 28.78942],
          [77.20474, 28.78939],
          [77.20474, 28.78934],
          [77.20476, 28.78924],
          [77.20476, 28.78924],
          [77.20476, 28.78924],
          [77.20476, 28.78921],
          [77.20478, 28.78912],
          [77.20479, 28.78909],
          [77.2048, 28.78904],
          [77.2048, 28.78901],
          [77.2048, 28.78898],
          [77.2048, 28.78896],
          [77.2048, 28.78893],
          [77.2048, 28.78892],
          [77.20481, 28.78889],
          [77.20481, 28.78888],
          [77.20482, 28.78886],
          [77.20484, 28.78883],
          [77.20485, 28.78882],
          [77.20485, 28.78879],
          [77.20485, 28.78878],
          [77.20485, 28.78877],
          [77.20485, 28.78875],
          [77.20484, 28.78872],
          [77.20485, 28.7887],
          [77.20485, 28.7887],
          [77.20485, 28.78867],
          [77.20485, 28.78867],
          [77.20485, 28.78865],
          [77.20485, 28.78865],
          [77.20485, 28.78861],
          [77.20486, 28.78856],
          [77.20489, 28.78834],
          [77.20491, 28.7882],
          [77.20493, 28.7881],
          [77.20493, 28.78808],
          [77.20493, 28.78807],
          [77.20494, 28.78804],
          [77.20496, 28.78798],
          [77.20496, 28.78798],
          [77.20497, 28.78794],
          [77.20497, 28.78786],
          [77.20498, 28.78784],
          [77.20501, 28.78769],
          [77.20507, 28.78741],
          [77.20513, 28.78715],
          [77.20515, 28.78703],
          [77.20516, 28.78701],
          [77.20512, 28.787],
          [77.20506, 28.78694],
          [77.20495, 28.78687],
          [77.20493, 28.78686],
          [77.20456, 28.78672],
          [77.20441, 28.78664],
          [77.2042, 28.78657],
          [77.20408, 28.78651],
          [77.20403, 28.78646],
          [77.20367, 28.78633],
          [77.20358, 28.78623],
          [77.20352, 28.78625],
          [77.20343, 28.78622],
          [77.20331, 28.78613],
          [77.20326, 28.78607],
          [77.20292, 28.78588],
          [77.20258, 28.78572],
          [77.20241, 28.78566],
          [77.20231, 28.7856],
          [77.2022, 28.78553],
          [77.20204, 28.78544],
          [77.2017, 28.7853],
          [77.20161, 28.78521],
          [77.20151, 28.78517],
          [77.20126, 28.78513],
          [77.20103, 28.78504],
          [77.20086, 28.78498],
          [77.20054, 28.78486],
          [77.20038, 28.78483],
          [77.20017, 28.78479],
          [77.19999, 28.78476],
          [77.19976, 28.78467],
          [77.19942, 28.78453],
          [77.19914, 28.7844],
          [77.1994, 28.78388],
          [77.1996, 28.78346],
          [77.19986, 28.78293],
          [77.19987, 28.78289],
          [77.19937, 28.78242],
          [77.19892, 28.78289],
          [77.19842, 28.78333],
          [77.1982, 28.78352],
          [77.19776, 28.78387],
          [77.19716, 28.78435],
          [77.1965, 28.78484],
          [77.19584, 28.78534],
          [77.19545, 28.78565],
          [77.19511, 28.78589],
          [77.19482, 28.78612],
          [77.19471, 28.78621],
          [77.19469, 28.78648],
          [77.19466, 28.78675],
          [77.19464, 28.78693],
          [77.19463, 28.78704],
          [77.19449, 28.78768],
          [77.19445, 28.78783],
          [77.19445, 28.78795],
          [77.19445, 28.78803],
          [77.19453, 28.78867],
          [77.19457, 28.78895],
          [77.19459, 28.78909],
          [77.19457, 28.7892],
          [77.19454, 28.7893],
          [77.19444, 28.78946],
          [77.19425, 28.78973],
          [77.19407, 28.78994],
          [77.19404, 28.78997],
          [77.19404, 28.78997],
          [77.19389, 28.79011],
          [77.19379, 28.7902],
          [77.19357, 28.79038],
          [77.19354, 28.7904],
          [77.19354, 28.7904],
          [77.19337, 28.79054],
          [77.19297, 28.79025],
          [77.1924, 28.78982],
          [77.19208, 28.78941],
          [77.19159, 28.78894],
          [77.19139, 28.78865],
          [77.19104, 28.7882],
          [77.19058, 28.788],
          [77.18931, 28.78759],
          [77.18937, 28.7875],
          [77.18953, 28.78735],
          [77.18957, 28.78717],
          [77.18931, 28.78676],
          [77.18899, 28.7863],
          [77.18869, 28.78617],
          [77.18794, 28.78492],
          [77.1878, 28.78491],
          [77.18738, 28.78438],
          [77.18718, 28.78434],
          [77.18713, 28.78383],
          [77.18554, 28.78292],
          [77.18484, 28.78227],
          [77.18413, 28.78173],
          [77.18421, 28.78111],
          [77.18443, 28.78111],
          [77.18445, 28.78061],
          [77.18437, 28.78008],
          [77.18298, 28.78009],
          [77.1825, 28.77928],
          [77.18191, 28.77844],
          [77.18159, 28.77852],
          [77.18, 28.77899],
          [77.17968, 28.779],
          [77.17728, 28.77902],
          [77.17513, 28.77907],
          [77.17486, 28.77944],
          [77.17347, 28.78233],
          [77.17317, 28.78323],
          [77.17312, 28.78369],
          [77.1732, 28.78429],
          [77.17101, 28.78442],
          [77.17148, 28.78518],
          [77.17193, 28.78548],
          [77.17225, 28.78585],
          [77.17257, 28.78623],
          [77.17269, 28.78671],
          [77.17276, 28.78756],
          [77.17282, 28.78867],
          [77.17287, 28.78962],
          [77.17288, 28.78992],
          [77.1729, 28.79036],
          [77.1731, 28.7904],
          [77.17339, 28.79117],
          [77.17283, 28.79185],
          [77.17272, 28.79235],
          [77.17263, 28.79262],
          [77.17225, 28.7932],
          [77.17174, 28.79384],
          [77.17132, 28.79413],
          [77.17104, 28.79428],
          [77.17025, 28.79401],
          [77.16945, 28.79389],
          [77.16808, 28.79387],
          [77.1668, 28.7939],
          [77.16581, 28.79373],
          [77.16582, 28.79526],
          [77.16478, 28.79553],
          [77.16469, 28.79555],
          [77.16472, 28.79607],
          [77.16474, 28.79667],
          [77.1627, 28.79674],
          [77.16264, 28.79573],
          [77.16246, 28.7956],
          [77.1623, 28.79511],
          [77.1623, 28.79508],
          [77.16221, 28.79491],
          [77.16205, 28.79467],
          [77.1619, 28.79453],
          [77.1616, 28.79439],
          [77.16131, 28.79425],
          [77.1611, 28.79412],
          [77.16091, 28.79408],
          [77.16068, 28.79407],
          [77.16055, 28.79411],
          [77.16048, 28.79402],
          [77.16045, 28.79386],
          [77.1604, 28.79366],
          [77.16037, 28.79355],
          [77.16035, 28.79343],
          [77.1603, 28.79327],
          [77.16019, 28.79308],
          [77.16008, 28.79296],
          [77.15994, 28.7929],
          [77.15966, 28.79283],
          [77.15957, 28.79301],
          [77.15949, 28.79315],
          [77.15947, 28.7932],
          [77.15912, 28.79322],
          [77.15888, 28.7932],
          [77.15861, 28.7932],
          [77.1586, 28.79312],
          [77.15841, 28.79312],
          [77.15836, 28.7931],
          [77.15835, 28.79281],
          [77.15831, 28.79281],
          [77.15792, 28.79281],
          [77.15776, 28.79281],
          [77.15776, 28.79261],
          [77.1574, 28.79267],
          [77.15722, 28.79269],
          [77.15719, 28.79257],
          [77.15715, 28.79246],
          [77.15709, 28.79234],
          [77.1569, 28.79188],
          [77.15572, 28.79191],
          [77.15571, 28.79167],
          [77.15538, 28.79168],
          [77.15538, 28.79164],
          [77.15511, 28.79165],
          [77.1551, 28.79162],
          [77.15497, 28.79163],
          [77.15463, 28.7916],
          [77.15452, 28.79156],
          [77.15416, 28.79144],
          [77.154, 28.79135],
          [77.15379, 28.79135],
          [77.15378, 28.79116],
          [77.15326, 28.79116],
          [77.15258, 28.79092],
          [77.15193, 28.79088],
          [77.15192, 28.79069],
          [77.15191, 28.79033],
          [77.15099, 28.79036],
          [77.15082, 28.79043],
          [77.15017, 28.79044],
          [77.15017, 28.79033],
          [77.14951, 28.79034],
          [77.1495, 28.78983],
          [77.14949, 28.78982],
          [77.14949, 28.789],
          [77.14809, 28.78902],
          [77.14807, 28.78887],
          [77.14806, 28.7882],
          [77.14839, 28.78819],
          [77.14883, 28.78725],
          [77.14931, 28.78586],
          [77.14936, 28.78561],
          [77.14941, 28.78417],
          [77.14941, 28.78414],
          [77.14941, 28.78397],
          [77.14938, 28.78355],
          [77.14936, 28.78323],
          [77.14937, 28.78323],
          [77.14937, 28.78249],
          [77.14937, 28.78165],
          [77.14864, 28.78166],
          [77.14813, 28.78169],
          [77.14812, 28.78168],
          [77.14807, 28.78136],
          [77.14799, 28.78126],
          [77.148, 28.78059],
          [77.14793, 28.78002],
          [77.14722, 28.78005],
          [77.14598, 28.78007],
          [77.1453, 28.78008],
          [77.14496, 28.78014],
          [77.14469, 28.78005],
          [77.14444, 28.77998],
          [77.14427, 28.77984],
          [77.14423, 28.77979],
          [77.14385, 28.77972],
          [77.14339, 28.77963],
          [77.14205, 28.77947],
          [77.14177, 28.77943],
          [77.14165, 28.77942],
          [77.14166, 28.77939],
          [77.14143, 28.77928],
          [77.14073, 28.77897],
          [77.1402, 28.77863],
          [77.13946, 28.77835],
          [77.13876, 28.77809],
          [77.13849, 28.77853],
          [77.13807, 28.77879],
          [77.13745, 28.77842],
          [77.13693, 28.77835],
          [77.13644, 28.7778],
          [77.13637, 28.77729],
          [77.13555, 28.77731],
          [77.13521, 28.77762],
          [77.13395, 28.77748],
          [77.13324, 28.7774],
          [77.13282, 28.77708],
          [77.13238, 28.7772],
          [77.13173, 28.77641],
          [77.13083, 28.7766],
          [77.13003, 28.7757],
          [77.1297, 28.77551],
          [77.12972, 28.77496],
          [77.1299, 28.77467],
          [77.13033, 28.77418],
          [77.13031, 28.77396],
          [77.12959, 28.77277],
          [77.12962, 28.77236],
          [77.13038, 28.77189],
          [77.1305, 28.77132],
          [77.13174, 28.77231],
          [77.13224, 28.77299],
          [77.13257, 28.77348],
          [77.13283, 28.77362],
          [77.13317, 28.77344],
          [77.13368, 28.77349],
          [77.13386, 28.77342],
          [77.13421, 28.77351],
          [77.13619, 28.77418],
          [77.13642, 28.77384],
          [77.13664, 28.7733],
          [77.1364, 28.77313],
          [77.13636, 28.77274],
          [77.13592, 28.7722],
          [77.13567, 28.77173],
          [77.13545, 28.77137],
          [77.1357, 28.77087],
          [77.13503, 28.76989],
          [77.13536, 28.76867],
          [77.13517, 28.76859],
          [77.13399, 28.76823],
          [77.13325, 28.76796],
          [77.13233, 28.76765],
          [77.13181, 28.7675],
          [77.13119, 28.76745],
          [77.13103, 28.76739],
          [77.13095, 28.76729],
          [77.1308, 28.76722],
          [77.13066, 28.76717],
          [77.13051, 28.76709],
          [77.13034, 28.76717],
          [77.12951, 28.7668],
          [77.12964, 28.7666],
          [77.12906, 28.76633],
          [77.12829, 28.76614],
          [77.12772, 28.76602],
          [77.12723, 28.76584],
          [77.12693, 28.76565],
          [77.12659, 28.76552],
          [77.12633, 28.76567],
          [77.12608, 28.76565],
          [77.12609, 28.76523],
          [77.126, 28.765],
          [77.12584, 28.76475],
          [77.12575, 28.76451],
          [77.12573, 28.76429],
          [77.12583, 28.76389],
          [77.12535, 28.76368],
          [77.1254, 28.76343],
          [77.12569, 28.76312],
          [77.12572, 28.76237],
          [77.12617, 28.76127],
          [77.12348, 28.76124],
          [77.12617, 28.75843],
          [77.12674, 28.75775],
          [77.12613, 28.75733],
          [77.12522, 28.75659],
          [77.1245, 28.7559],
          [77.12367, 28.75521],
          [77.12342, 28.75522],
          [77.12305, 28.75515],
          [77.12282, 28.75479],
          [77.12234, 28.75482],
          [77.12163, 28.75485],
          [77.12126, 28.75489],
          [77.12109, 28.75466],
          [77.12114, 28.75439],
          [77.12092, 28.7541],
          [77.12073, 28.75382],
          [77.12015, 28.75337],
          [77.11936, 28.75279],
          [77.11887, 28.75312],
          [77.11172, 28.75877],
          [77.10694, 28.76353],
          [77.10658, 28.76356],
          [77.10648, 28.76348],
          [77.10627, 28.76336],
          [77.10601, 28.76331],
          [77.10581, 28.76327],
          [77.10547, 28.76316],
          [77.10525, 28.76301],
          [77.10498, 28.76277],
          [77.10465, 28.76245],
          [77.10414, 28.76195],
          [77.10387, 28.76172],
          [77.10374, 28.76158],
          [77.10339, 28.76125],
          [77.10304, 28.76085],
          [77.10273, 28.7605],
          [77.10232, 28.76006],
          [77.10201, 28.75975],
          [77.10168, 28.75934],
          [77.10153, 28.75923],
          [77.10135, 28.75914],
          [77.10119, 28.759],
          [77.10091, 28.75915],
          [77.10063, 28.75929],
          [77.10011, 28.75954],
          [77.09988, 28.7597],
          [77.0997, 28.75972],
          [77.09905, 28.75982],
          [77.09875, 28.75994],
          [77.09846, 28.76005],
          [77.09833, 28.76011],
          [77.09791, 28.76031],
          [77.09686, 28.76085],
          [77.09656, 28.76106],
          [77.0939, 28.7568],
          [77.09348, 28.75704],
          [77.09261, 28.75758],
          [77.09198, 28.75797],
          [77.09141, 28.75834],
          [77.09053, 28.75885],
          [77.09024, 28.75909],
          [77.08987, 28.75927],
          [77.0896, 28.75942],
          [77.08948, 28.75945],
          [77.08957, 28.75969],
          [77.08961, 28.76009],
          [77.0895, 28.76058],
          [77.08945, 28.76107],
          [77.08954, 28.76151],
          [77.08977, 28.76191],
          [77.0909, 28.76391],
          [77.09027, 28.76422],
          [77.08966, 28.76436],
          [77.08903, 28.7645],
          [77.08851, 28.76448],
          [77.08808, 28.76443],
          [77.08789, 28.76432],
          [77.08757, 28.76418],
          [77.08714, 28.76389],
          [77.08681, 28.76365],
          [77.08638, 28.76373],
          [77.08605, 28.76367],
          [77.08559, 28.76349],
          [77.08494, 28.76327],
          [77.08463, 28.76325],
          [77.08422, 28.76314],
          [77.08401, 28.7631],
          [77.0837, 28.76321],
          [77.08337, 28.76313],
          [77.08303, 28.76303],
          [77.08273, 28.76279],
          [77.08256, 28.76254],
          [77.08266, 28.76238],
          [77.08198, 28.76173],
          [77.0816, 28.76123],
          [77.08136, 28.76094],
          [77.08112, 28.76087],
          [77.08066, 28.76089],
          [77.0803, 28.7609],
          [77.08023, 28.76054],
          [77.0801, 28.76051],
          [77.07968, 28.76045],
          [77.07922, 28.76017],
          [77.0791, 28.75987],
          [77.07885, 28.75967],
          [77.07829, 28.75949],
          [77.07783, 28.75936],
          [77.07708, 28.76028],
          [77.07702, 28.76036],
          [77.07728, 28.76035],
          [77.07753, 28.76033],
          [77.07764, 28.7604],
          [77.07774, 28.76055],
          [77.07774, 28.76074],
          [77.07771, 28.76088],
          [77.07729, 28.76151],
          [77.07701, 28.76195],
          [77.07692, 28.76228],
          [77.07713, 28.76253],
          [77.07749, 28.76328],
          [77.07782, 28.76389],
          [77.07826, 28.76439],
          [77.0784, 28.76497],
          [77.07846, 28.76579],
          [77.07843, 28.76585],
          [77.07837, 28.7659],
          [77.07837, 28.76597],
          [77.07875, 28.76672],
          [77.07851, 28.76686],
          [77.07851, 28.76727],
          [77.07832, 28.76753],
          [77.07807, 28.76763],
          [77.07785, 28.76805],
          [77.07759, 28.76848],
          [77.07704, 28.76876],
          [77.0767, 28.76886],
          [77.07608, 28.76913],
          [77.07558, 28.76953],
          [77.07545, 28.77006],
          [77.0752, 28.77063],
          [77.07505, 28.7712],
          [77.0749, 28.77216],
          [77.07491, 28.77287],
          [77.07465, 28.77381],
          [77.07439, 28.77432],
          [77.07431, 28.77456],
          [77.07418, 28.77492],
          [77.07416, 28.77532],
          [77.07418, 28.77558],
          [77.07411, 28.77575],
          [77.07409, 28.77609],
          [77.074, 28.77651],
          [77.07365, 28.77718],
          [77.07341, 28.7774],
          [77.0731, 28.77768],
          [77.07296, 28.77787],
          [77.07256, 28.77822],
          [77.07232, 28.7784],
          [77.07205, 28.77874],
          [77.07183, 28.77907],
          [77.07159, 28.77945],
          [77.07144, 28.77963],
          [77.0713, 28.77978],
          [77.07117, 28.77989],
          [77.07106, 28.78],
          [77.07105, 28.78023],
          [77.0711, 28.78045],
          [77.07081, 28.78048],
          [77.07048, 28.78055],
          [77.07027, 28.78076],
          [77.06982, 28.78096],
          [77.06907, 28.78165],
          [77.06826, 28.78236],
          [77.0677, 28.78263],
          [77.06745, 28.78197],
          [77.06314, 28.78439],
          [77.06038, 28.78599],
          [77.06267, 28.78826],
          [77.06241, 28.78855],
          [77.06374, 28.78988],
          [77.06396, 28.78969],
          [77.06424, 28.78996],
          [77.06471, 28.79043],
          [77.06508, 28.79077],
          [77.06559, 28.79123],
          [77.06559, 28.79149],
          [77.06554, 28.79167],
          [77.06557, 28.79186],
          [77.06576, 28.79208],
          [77.06595, 28.79233],
          [77.06431, 28.79365],
          [77.06696, 28.79588],
          [77.06968, 28.79805],
          [77.06954, 28.79819],
          [77.07065, 28.7992],
          [77.07107, 28.79956],
          [77.07111, 28.80017],
          [77.07102, 28.80049],
          [77.07105, 28.80125],
          [77.07111, 28.80291],
          [77.07116, 28.80328],
          [77.07117, 28.80364],
          [77.07104, 28.80409],
          [77.07109, 28.80476],
          [77.0711, 28.80539],
          [77.07105, 28.80596],
          [77.07078, 28.80619],
          [77.07051, 28.80629],
          [77.07014, 28.80644],
          [77.0698, 28.80664],
          [77.06958, 28.80669],
          [77.06893, 28.80675],
          [77.06856, 28.80666],
          [77.06737, 28.80867],
          [77.0658, 28.80873],
          [77.06459, 28.80875],
          [77.06285, 28.8088],
          [77.06141, 28.80886],
          [77.06145, 28.81164],
          [77.06178, 28.81302],
          [77.06195, 28.81347],
          [77.06025, 28.81569],
          [77.06086, 28.81615],
          [77.06086, 28.81615],
          [77.06084, 28.81618],
          [77.06083, 28.81617],
          [77.06003, 28.81717],
          [77.06002, 28.81718],
          [77.05895, 28.81806],
          [77.05822, 28.81855],
          [77.05811, 28.81872],
          [77.05792, 28.81912],
          [77.05785, 28.81936],
          [77.05696, 28.81932],
          [77.05652, 28.81934],
          [77.05598, 28.81937],
          [77.05534, 28.81935],
          [77.0551, 28.81995],
          [77.0551, 28.81996],
          [77.05498, 28.82022],
          [77.05485, 28.82052],
          [77.05471, 28.82084],
          [77.05466, 28.82099],
          [77.05465, 28.82105],
          [77.05465, 28.82119],
          [77.05465, 28.82133],
          [77.05465, 28.82158],
          [77.05466, 28.82181],
          [77.05466, 28.822],
          [77.05465, 28.82206],
          [77.05453, 28.82216],
          [77.0544, 28.82225],
          [77.05433, 28.8223],
          [77.05422, 28.82238],
          [77.05407, 28.82251],
          [77.05392, 28.82265],
          [77.05339, 28.82305],
          [77.05325, 28.82317],
          [77.05308, 28.82335],
          [77.05305, 28.82337],
          [77.05299, 28.8234],
          [77.05277, 28.82346],
          [77.05209, 28.82368],
          [77.05167, 28.82383],
          [77.05139, 28.82395],
          [77.05122, 28.824],
          [77.05121, 28.82401],
          [77.05119, 28.82403],
          [77.05117, 28.82406],
          [77.05116, 28.82417],
          [77.05115, 28.82427],
          [77.05112, 28.8243],
          [77.05111, 28.8243],
          [77.05109, 28.82432],
          [77.05105, 28.82433],
          [77.05099, 28.82435],
          [77.05058, 28.82446],
          [77.05036, 28.82452],
          [77.04994, 28.82464],
          [77.04966, 28.82471],
          [77.04908, 28.82491],
          [77.04907, 28.82492],
          [77.04894, 28.82503],
          [77.04871, 28.8252],
          [77.0487, 28.82521],
          [77.04857, 28.82528],
          [77.04844, 28.82533],
          [77.04835, 28.82533],
          [77.04824, 28.8253],
          [77.0481, 28.8253],
          [77.04803, 28.82531],
          [77.04794, 28.82534],
          [77.04786, 28.8254],
          [77.04774, 28.82553],
          [77.04757, 28.82566],
          [77.04756, 28.82567],
          [77.0474, 28.82573],
          [77.04721, 28.82574],
          [77.0469, 28.82569],
          [77.04659, 28.82566],
          [77.04642, 28.82567],
          [77.04619, 28.82573],
          [77.04589, 28.82584],
          [77.04573, 28.82592],
          [77.04546, 28.82606],
          [77.04534, 28.82613],
          [77.04522, 28.82616],
          [77.04511, 28.82618],
          [77.04494, 28.82623],
          [77.04483, 28.82626],
          [77.04478, 28.82629],
          [77.04468, 28.82633],
          [77.04451, 28.82638],
          [77.04431, 28.82644],
          [77.04428, 28.82646],
          [77.04415, 28.82654],
          [77.04406, 28.82664],
          [77.04396, 28.82674],
          [77.04388, 28.82679],
          [77.04388, 28.82679],
          [77.04385, 28.82681],
          [77.04368, 28.82687],
          [77.04354, 28.82693],
          [77.04346, 28.82699],
          [77.04339, 28.8271],
          [77.04333, 28.82726],
          [77.04302, 28.82831],
          [77.043, 28.82832],
          [77.04299, 28.82832],
          [77.04292, 28.82835],
          [77.04282, 28.82841],
          [77.0427, 28.82847],
          [77.04269, 28.82848],
          [77.04262, 28.82854],
          [77.04257, 28.82862],
          [77.04255, 28.82874],
          [77.04252, 28.82899],
          [77.04249, 28.82911],
          [77.04241, 28.82917],
          [77.04241, 28.82919],
          [77.04233, 28.82924],
          [77.0422, 28.82934],
          [77.04208, 28.82945],
          [77.04207, 28.82956],
          [77.0421, 28.82967],
          [77.04213, 28.82988],
          [77.04202, 28.83024],
          [77.04192, 28.83053],
          [77.04182, 28.83098],
          [77.04183, 28.83137],
          [77.04185, 28.83291],
          [77.04174, 28.83335],
          [77.04173, 28.83335],
          [77.04179, 28.83339],
          [77.04182, 28.83343],
          [77.04186, 28.83355],
          [77.04193, 28.83367],
          [77.042, 28.83375],
          [77.04214, 28.83384],
          [77.04218, 28.83387],
          [77.04223, 28.83389],
          [77.04229, 28.8339],
          [77.04235, 28.83392],
          [77.04238, 28.83396],
          [77.04244, 28.8341],
          [77.04249, 28.83427],
          [77.04256, 28.83446],
          [77.04257, 28.83448],
          [77.04262, 28.83461],
          [77.04268, 28.83474],
          [77.04271, 28.83481],
          [77.04272, 28.83487],
          [77.04274, 28.83498],
          [77.04276, 28.83506],
          [77.04277, 28.83515],
          [77.04276, 28.83522],
          [77.04274, 28.83529],
          [77.04269, 28.83538],
          [77.0426, 28.83557],
          [77.04247, 28.83582],
          [77.04243, 28.83592],
          [77.04239, 28.83598],
          [77.04233, 28.83604],
          [77.04229, 28.83609],
          [77.04227, 28.83613],
          [77.04227, 28.83628],
          [77.04227, 28.83636],
          [77.04227, 28.8364],
          [77.04228, 28.83643],
          [77.04228, 28.83643],
          [77.04228, 28.83644],
          [77.04228, 28.83645],
          [77.04228, 28.83645],
          [77.04227, 28.83645],
          [77.04224, 28.83645],
          [77.04224, 28.83645],
          [77.04223, 28.83645],
          [77.04222, 28.83646],
          [77.0422, 28.83651],
          [77.04208, 28.83678],
          [77.04199, 28.83698],
          [77.04196, 28.83702],
          [77.04186, 28.83701],
          [77.04186, 28.83741],
          [77.04185, 28.83754],
          [77.04196, 28.83754],
          [77.04196, 28.83755],
          [77.04198, 28.83765],
          [77.04202, 28.83775],
          [77.04208, 28.83785],
          [77.04215, 28.83796],
          [77.04224, 28.83806],
          [77.04228, 28.83812],
          [77.04238, 28.83826],
          [77.04244, 28.83834],
          [77.04249, 28.83837],
          [77.04253, 28.8384],
          [77.04255, 28.83842],
          [77.0426, 28.83845],
          [77.04264, 28.83852],
          [77.04271, 28.83862],
          [77.04283, 28.83872],
          [77.04317, 28.83899],
          [77.04352, 28.83926],
          [77.04367, 28.83938],
          [77.04377, 28.83947],
          [77.04388, 28.83955],
          [77.04395, 28.83961],
          [77.04409, 28.83973],
          [77.04425, 28.83987],
          [77.04437, 28.83998],
          [77.04443, 28.84003],
          [77.04451, 28.84009],
          [77.04457, 28.84014],
          [77.04465, 28.84021],
          [77.04465, 28.84021],
          [77.04466, 28.84022],
          [77.04486, 28.84021],
          [77.04486, 28.84021],
          [77.0449, 28.84022],
          [77.04496, 28.8403],
          [77.04502, 28.8404],
          [77.04507, 28.84063],
          [77.04522, 28.84131],
          [77.04521, 28.84142],
          [77.04521, 28.84143],
          [77.04526, 28.84156],
          [77.04534, 28.84177],
          [77.04539, 28.84193],
          [77.04543, 28.84215],
          [77.04545, 28.84246],
          [77.04549, 28.84292],
          [77.04551, 28.84349],
          [77.04552, 28.84377],
          [77.04551, 28.84402],
          [77.0455, 28.84405],
          [77.04548, 28.84459],
          [77.04548, 28.8446],
          [77.04535, 28.84464],
          [77.0453, 28.84467],
          [77.04518, 28.84472],
          [77.04515, 28.84476],
          [77.04514, 28.84482],
          [77.04514, 28.84484],
          [77.04517, 28.84494],
          [77.04519, 28.845],
          [77.04524, 28.8451],
          [77.04525, 28.84513],
          [77.04524, 28.84515],
          [77.04512, 28.84523],
          [77.04508, 28.84526],
          [77.04506, 28.84529],
          [77.04506, 28.84534],
          [77.04512, 28.84545],
          [77.04525, 28.84578],
          [77.04526, 28.84588],
          [77.04526, 28.84588],
          [77.04527, 28.84591],
          [77.04527, 28.84592],
          [77.0453, 28.84596],
          [77.04543, 28.84617],
          [77.04549, 28.84625],
          [77.04552, 28.84634],
          [77.04553, 28.84647],
          [77.04556, 28.84656],
          [77.04555, 28.84663],
          [77.04555, 28.84668],
          [77.04555, 28.84675],
          [77.04556, 28.84681],
          [77.04561, 28.84693],
          [77.04562, 28.84702],
          [77.04563, 28.84708],
          [77.04566, 28.84718],
          [77.04574, 28.84737],
          [77.04579, 28.8475],
          [77.04585, 28.8476],
          [77.04596, 28.84772],
          [77.04602, 28.84777],
          [77.04612, 28.84786],
          [77.04621, 28.84795],
          [77.0463, 28.84803],
          [77.04638, 28.8481],
          [77.04643, 28.84813],
          [77.0465, 28.84817],
          [77.04655, 28.84821],
          [77.04659, 28.84825],
          [77.04662, 28.84829],
          [77.04663, 28.84834],
          [77.04666, 28.84839],
          [77.04668, 28.84846],
          [77.04671, 28.84856],
          [77.04673, 28.84864],
          [77.04675, 28.8487],
          [77.04679, 28.84879],
          [77.04685, 28.84888],
          [77.04688, 28.84893],
          [77.04693, 28.84899],
          [77.04697, 28.84906],
          [77.047, 28.84912],
          [77.04703, 28.84917],
          [77.04709, 28.84923],
          [77.04716, 28.84929],
          [77.04721, 28.84935],
          [77.04726, 28.84942],
          [77.04736, 28.84959],
          [77.04743, 28.84968],
          [77.04749, 28.84976],
          [77.04755, 28.84983],
          [77.04762, 28.84992],
          [77.0477, 28.84998],
          [77.04774, 28.85003],
          [77.04778, 28.85007],
          [77.04783, 28.8501],
          [77.04788, 28.85014],
          [77.04798, 28.8502],
          [77.04805, 28.85028],
          [77.04813, 28.85036],
          [77.04819, 28.85044],
          [77.04823, 28.85049],
          [77.04824, 28.85053],
          [77.04827, 28.85057],
          [77.04838, 28.85065],
          [77.04844, 28.85074],
          [77.04852, 28.85083],
          [77.04855, 28.85087],
          [77.04858, 28.85093],
          [77.04866, 28.85108],
          [77.04872, 28.8512],
          [77.04877, 28.85128],
          [77.0488, 28.85135],
          [77.04883, 28.85142],
          [77.04887, 28.85148],
          [77.04892, 28.85157],
          [77.04897, 28.85162],
          [77.04904, 28.85168],
          [77.04909, 28.85174],
          [77.04913, 28.85179],
          [77.04919, 28.85188],
          [77.04926, 28.85198],
          [77.04932, 28.85208],
          [77.04936, 28.85215],
          [77.04937, 28.8522],
          [77.0494, 28.8523],
          [77.04944, 28.85236],
          [77.04954, 28.8525],
          [77.0496, 28.85257],
          [77.04965, 28.85265],
          [77.04972, 28.85273],
          [77.04977, 28.85278],
          [77.0498, 28.85281],
          [77.04988, 28.85287],
          [77.04994, 28.85293],
          [77.05, 28.85299],
          [77.05005, 28.85306],
          [77.05016, 28.85318],
          [77.05027, 28.85329],
          [77.05034, 28.85338],
          [77.05039, 28.85344],
          [77.05044, 28.85351],
          [77.05047, 28.85357],
          [77.05053, 28.85367],
          [77.05057, 28.85373],
          [77.05062, 28.85376],
          [77.05071, 28.85384],
          [77.05078, 28.85392],
          [77.05084, 28.854],
          [77.05088, 28.8541],
          [77.05092, 28.85416],
          [77.05098, 28.85428],
          [77.05102, 28.85433],
          [77.05104, 28.85438],
          [77.05113, 28.85449],
          [77.0512, 28.85457],
          [77.05124, 28.85463],
          [77.05124, 28.85465],
          [77.05119, 28.85469],
          [77.0511, 28.85473],
          [77.05108, 28.85475],
          [77.05108, 28.85477],
          [77.05111, 28.85483],
          [77.05114, 28.85488],
          [77.05114, 28.85492],
          [77.05111, 28.85495],
          [77.05107, 28.85498],
          [77.05104, 28.85501],
          [77.05104, 28.85504],
          [77.05108, 28.85508],
          [77.05114, 28.85515],
          [77.05119, 28.85522],
          [77.05123, 28.85531],
          [77.05127, 28.85539],
          [77.05136, 28.85559],
          [77.0514, 28.85567],
          [77.05143, 28.85572],
          [77.05148, 28.85579],
          [77.05153, 28.85594],
          [77.05158, 28.85609],
          [77.05162, 28.85616],
          [77.05166, 28.8562],
          [77.05171, 28.85631],
          [77.05172, 28.85634],
          [77.05176, 28.85642],
          [77.05175, 28.85649],
          [77.05174, 28.8565],
          [77.05174, 28.85663],
          [77.05175, 28.85671],
          [77.05176, 28.85676],
          [77.05177, 28.8568],
          [77.05178, 28.85682],
          [77.05179, 28.85683],
          [77.05181, 28.85684],
          [77.05182, 28.85685],
          [77.05183, 28.85686],
          [77.05184, 28.85689],
          [77.05199, 28.8571],
          [77.052, 28.85712],
          [77.05202, 28.85721],
          [77.05206, 28.85736],
          [77.05207, 28.85742],
          [77.05207, 28.85745],
          [77.05205, 28.85748],
          [77.05201, 28.8575],
          [77.05197, 28.85753],
          [77.05194, 28.85755],
          [77.05193, 28.85757],
          [77.05192, 28.85761],
          [77.05192, 28.85764],
          [77.05194, 28.85776],
          [77.05196, 28.85786],
          [77.05195, 28.85793],
          [77.05196, 28.85811],
          [77.05196, 28.85811],
          [77.05185, 28.85812],
          [77.05185, 28.85812],
          [77.05185, 28.85812],
          [77.05185, 28.85812],
          [77.05185, 28.85812],
          [77.05188, 28.8583],
          [77.05195, 28.8587],
          [77.05201, 28.85896],
          [77.05205, 28.85917],
          [77.05219, 28.85937],
          [77.05236, 28.8596],
          [77.05248, 28.85982],
          [77.05263, 28.86013],
          [77.05274, 28.86035],
          [77.0528, 28.8605],
          [77.05286, 28.86063],
          [77.05293, 28.86078],
          [77.05296, 28.86086],
          [77.05301, 28.86093],
          [77.05306, 28.86096],
          [77.05313, 28.86098],
          [77.05316, 28.86101],
          [77.05321, 28.8611],
          [77.05326, 28.8611],
          [77.05326, 28.8611],
          [77.05325, 28.86133],
          [77.05334, 28.86134],
          [77.05339, 28.86142],
          [77.05344, 28.86153],
          [77.05348, 28.8616],
          [77.05362, 28.86184],
          [77.05368, 28.8619],
          [77.05387, 28.86205],
          [77.05408, 28.86222],
          [77.05415, 28.86228],
          [77.0542, 28.86232],
          [77.05428, 28.86237],
          [77.05431, 28.8624],
          [77.05435, 28.86241],
          [77.05439, 28.86247],
          [77.05446, 28.86256],
          [77.05452, 28.86266],
          [77.05469, 28.86285],
          [77.05491, 28.86311],
          [77.05507, 28.86329],
          [77.05531, 28.86358],
          [77.05548, 28.8639],
          [77.0557, 28.86419],
          [77.05593, 28.86448],
          [77.05614, 28.86478],
          [77.05634, 28.86507],
          [77.05638, 28.86513],
          [77.05642, 28.86518],
          [77.05657, 28.86547],
          [77.05665, 28.86565],
          [77.05666, 28.86568],
          [77.05668, 28.86569],
          [77.05671, 28.86574],
          [77.05675, 28.86583],
          [77.05683, 28.86598],
          [77.05698, 28.86621],
          [77.05706, 28.86631],
          [77.05713, 28.86639],
          [77.05723, 28.86654],
          [77.0573, 28.86663],
          [77.05737, 28.86672],
          [77.0575, 28.86686],
          [77.05766, 28.86702],
          [77.05786, 28.86727],
          [77.0579, 28.86735],
          [77.05791, 28.86737],
          [77.05795, 28.86744],
          [77.05817, 28.86777],
          [77.05823, 28.86785],
          [77.05825, 28.8679],
          [77.05826, 28.86791],
          [77.0583, 28.868],
          [77.05834, 28.86803],
          [77.05841, 28.86808],
          [77.05847, 28.86816],
          [77.05854, 28.86826],
          [77.05861, 28.86836],
          [77.05868, 28.86841],
          [77.05879, 28.8685],
          [77.05885, 28.86854],
          [77.0589, 28.86859],
          [77.05894, 28.86862],
          [77.05894, 28.86863],
          [77.05902, 28.86871],
          [77.05902, 28.86871],
          [77.05907, 28.86877],
          [77.05912, 28.86882],
          [77.05918, 28.86889],
          [77.05926, 28.86896],
          [77.05928, 28.86898],
          [77.0593, 28.86899],
          [77.0593, 28.86899],
          [77.05935, 28.86903],
          [77.05945, 28.86914],
          [77.05959, 28.86928],
          [77.05971, 28.86937],
          [77.05989, 28.86964],
          [77.06001, 28.8698],
          [77.06004, 28.86987],
          [77.06004, 28.86987],
          [77.06005, 28.86988],
          [77.06018, 28.86986],
          [77.06024, 28.86986],
          [77.06024, 28.86986],
          [77.06025, 28.86986],
          [77.06026, 28.86993],
          [77.06029, 28.86998],
          [77.0603, 28.87],
          [77.06031, 28.87001],
          [77.06032, 28.87002],
          [77.06038, 28.87008],
          [77.06043, 28.87012],
          [77.06046, 28.87014],
          [77.06048, 28.87016],
          [77.06051, 28.87019],
          [77.06051, 28.8702],
          [77.06062, 28.87031],
          [77.06062, 28.87031],
          [77.06064, 28.87033],
          [77.06066, 28.87035],
          [77.06067, 28.87036],
          [77.06073, 28.87041],
          [77.0608, 28.87047],
          [77.06086, 28.87055],
          [77.06094, 28.87064],
          [77.06094, 28.87064],
          [77.06096, 28.87065],
          [77.0611, 28.87079],
          [77.06114, 28.87084],
          [77.06114, 28.87084],
          [77.06114, 28.87084],
          [77.06115, 28.87084],
          [77.06115, 28.87085],
          [77.06115, 28.87085],
          [77.06117, 28.87084],
          [77.06133, 28.87074],
          [77.06148, 28.87065],
          [77.06158, 28.87059],
          [77.06164, 28.87055],
          [77.06168, 28.87053],
          [77.06171, 28.87053],
          [77.06175, 28.87051],
          [77.06177, 28.87049],
          [77.06187, 28.87044],
          [77.06225, 28.87022],
          [77.06256, 28.87002],
          [77.06295, 28.86979],
          [77.06307, 28.86971],
          [77.06314, 28.86964],
          [77.0634, 28.86948],
          [77.06357, 28.86938],
          [77.06371, 28.8693],
          [77.06373, 28.86929],
          [77.06373, 28.86929],
          [77.06377, 28.86928],
          [77.06382, 28.86926],
          [77.06386, 28.86923],
          [77.0639, 28.86922],
          [77.06393, 28.86921],
          [77.06412, 28.86913],
          [77.06439, 28.86901],
          [77.06473, 28.86887],
          [77.06502, 28.86876],
          [77.06522, 28.86868],
          [77.06534, 28.86864],
          [77.06549, 28.86857],
          [77.0655, 28.86856],
          [77.0655, 28.86856],
          [77.06556, 28.86854],
          [77.06558, 28.86853],
          [77.06562, 28.86852],
          [77.06563, 28.86852],
          [77.06564, 28.86852],
          [77.06573, 28.86848],
          [77.06574, 28.86848],
          [77.06574, 28.86848],
          [77.06576, 28.86847],
          [77.06578, 28.86846],
          [77.0658, 28.86845],
          [77.06581, 28.86844],
          [77.06581, 28.86844],
          [77.06583, 28.86843],
          [77.06603, 28.86834],
          [77.06619, 28.86828],
          [77.06622, 28.86826],
          [77.06631, 28.86822],
          [77.06635, 28.86821],
          [77.0664, 28.86819],
          [77.06648, 28.86815],
          [77.06668, 28.86809],
          [77.06675, 28.86806],
          [77.06694, 28.86799],
          [77.06694, 28.86799],
          [77.06706, 28.86795],
          [77.06711, 28.86793],
          [77.06718, 28.8679],
          [77.06718, 28.8679],
          [77.06729, 28.86787],
          [77.06737, 28.86784],
          [77.06755, 28.86779],
          [77.06757, 28.86778],
          [77.06765, 28.86775],
          [77.06771, 28.86774],
          [77.0678, 28.8677],
          [77.06785, 28.86769],
          [77.06786, 28.86768],
          [77.06787, 28.86768],
          [77.06811, 28.86757],
          [77.06821, 28.86754],
          [77.06822, 28.86753],
          [77.06828, 28.86751],
          [77.06838, 28.86747],
          [77.06858, 28.86738],
          [77.06871, 28.86732],
          [77.06894, 28.86721],
          [77.06903, 28.86717],
          [77.06903, 28.86717],
          [77.06907, 28.86715],
          [77.06919, 28.8671],
          [77.06924, 28.86709],
          [77.06924, 28.86709],
          [77.06924, 28.86709],
          [77.06925, 28.8671],
          [77.06928, 28.86715],
          [77.06929, 28.86717],
          [77.06935, 28.86726],
          [77.06948, 28.86748],
          [77.0695, 28.86751],
          [77.06951, 28.86752],
          [77.06953, 28.86753],
          [77.06953, 28.86753],
          [77.06954, 28.86753],
          [77.06955, 28.86753],
          [77.06958, 28.86753],
          [77.06961, 28.86752],
          [77.06964, 28.86751],
          [77.06971, 28.86748],
          [77.06983, 28.86743],
          [77.06984, 28.86742],
          [77.06987, 28.86742],
          [77.06989, 28.86742],
          [77.0699, 28.86743],
          [77.06991, 28.86743],
          [77.07008, 28.86757],
          [77.07018, 28.86765],
          [77.07029, 28.86773],
          [77.07036, 28.86778],
          [77.0704, 28.8678],
          [77.07044, 28.86781],
          [77.07049, 28.86787],
          [77.07057, 28.86796],
          [77.07066, 28.86805],
          [77.07069, 28.86808],
          [77.07078, 28.86818],
          [77.0709, 28.86831],
          [77.07092, 28.86832],
          [77.07096, 28.86837],
          [77.071, 28.86842],
          [77.07103, 28.86846],
          [77.07105, 28.86848],
          [77.07106, 28.8685],
          [77.07108, 28.86852],
          [77.07119, 28.86865],
          [77.0712, 28.86867],
          [77.07122, 28.86868],
          [77.07125, 28.86872],
          [77.07127, 28.86876],
          [77.07128, 28.86876],
          [77.07131, 28.86876],
          [77.07132, 28.86876],
          [77.07138, 28.86876],
          [77.07172, 28.86876],
          [77.07212, 28.86875],
          [77.07213, 28.86875],
          [77.07213, 28.86875],
          [77.07213, 28.86875],
          [77.07213, 28.86874],
          [77.07213, 28.86868],
          [77.07213, 28.86867],
          [77.07212, 28.86863],
          [77.07211, 28.86858],
          [77.07211, 28.86857],
          [77.07211, 28.86857],
          [77.07211, 28.86857],
          [77.07212, 28.86857],
          [77.07212, 28.86857],
          [77.07224, 28.8685],
          [77.07241, 28.86842],
          [77.07257, 28.86835],
          [77.07269, 28.86829],
          [77.07278, 28.86822],
          [77.07288, 28.86816],
          [77.07295, 28.86812],
          [77.07303, 28.86807],
          [77.07308, 28.86803],
          [77.0731, 28.86801],
          [77.07315, 28.86795],
          [77.07321, 28.86791],
          [77.07332, 28.86784],
          [77.07333, 28.86783],
          [77.07334, 28.86783],
          [77.07335, 28.86782],
          [77.07336, 28.86782],
          [77.07336, 28.86781],
          [77.07336, 28.86781],
          [77.07336, 28.86781],
          [77.07336, 28.8678],
          [77.07336, 28.8678],
          [77.07336, 28.86779],
          [77.07336, 28.86778],
          [77.07336, 28.86777],
          [77.0734, 28.86776],
          [77.07342, 28.86774],
          [77.07343, 28.86774],
          [77.07343, 28.86774],
          [77.07349, 28.86771],
          [77.0735, 28.8677],
          [77.07362, 28.86765],
          [77.07378, 28.86756],
          [77.07396, 28.86746],
          [77.07401, 28.86743],
          [77.07405, 28.86741],
          [77.07406, 28.86741],
          [77.07422, 28.86735],
          [77.07449, 28.86726],
          [77.07452, 28.86725],
          [77.07453, 28.86725],
          [77.07454, 28.86725],
          [77.07456, 28.86726],
          [77.07459, 28.86728],
          [77.07462, 28.86734],
          [77.07464, 28.86738],
          [77.07465, 28.8674],
          [77.07467, 28.86744],
          [77.07471, 28.86752],
          [77.07477, 28.86759],
          [77.07478, 28.86762],
          [77.0748, 28.86763],
          [77.0748, 28.86764],
          [77.07486, 28.86775],
          [77.07487, 28.86777],
          [77.0749, 28.86782],
          [77.07493, 28.86785],
          [77.07494, 28.86788],
          [77.07501, 28.86801],
          [77.07503, 28.86806],
          [77.07504, 28.86808],
          [77.07506, 28.86813],
          [77.07506, 28.86815],
          [77.07506, 28.86817],
          [77.07507, 28.86818],
          [77.07508, 28.86821],
          [77.07509, 28.86823],
          [77.0751, 28.86825],
          [77.07511, 28.86825],
          [77.07518, 28.86834],
          [77.07528, 28.86845],
          [77.0754, 28.86859],
          [77.07544, 28.86863],
          [77.07548, 28.86868],
          [77.07549, 28.86871],
          [77.07549, 28.86871],
          [77.07549, 28.86872],
          [77.07551, 28.86877],
          [77.0755, 28.86879],
          [77.0755, 28.86881],
          [77.07546, 28.86884],
          [77.07546, 28.86887],
          [77.07545, 28.86889],
          [77.07546, 28.8689],
          [77.07549, 28.86893],
          [77.07553, 28.86895],
          [77.07558, 28.86895],
          [77.0756, 28.86895],
          [77.07561, 28.86895],
          [77.07567, 28.86898],
          [77.07569, 28.869],
          [77.07572, 28.86902],
          [77.07573, 28.86903],
          [77.07584, 28.86908],
          [77.07586, 28.86909],
          [77.07611, 28.86925],
          [77.07621, 28.86932],
          [77.07627, 28.86939],
          [77.07632, 28.86945],
          [77.07633, 28.86946],
          [77.07635, 28.86948],
          [77.07641, 28.86951],
          [77.07641, 28.86951],
          [77.07645, 28.86952],
          [77.0765, 28.86954],
          [77.07654, 28.86955],
          [77.07656, 28.86956],
          [77.07659, 28.86957],
          [77.07665, 28.86961],
          [77.0767, 28.86965],
          [77.07672, 28.86967],
          [77.07682, 28.86977],
          [77.07694, 28.8699],
          [77.07709, 28.8701],
          [77.07719, 28.87022],
          [77.07725, 28.87028],
          [77.07737, 28.87039],
          [77.07741, 28.87045],
          [77.07745, 28.8705],
          [77.07745, 28.8705],
          [77.07745, 28.8705],
          [77.07747, 28.87051],
          [77.07747, 28.87051],
          [77.07751, 28.87051],
          [77.07751, 28.87051],
          [77.07759, 28.8705],
          [77.07759, 28.8705],
          [77.07763, 28.87052],
          [77.07765, 28.87053],
          [77.07768, 28.87058],
          [77.07775, 28.87068],
          [77.07781, 28.87074],
          [77.0779, 28.87084],
          [77.07801, 28.87092],
          [77.07808, 28.87099],
          [77.07813, 28.87104],
          [77.07819, 28.87111],
          [77.07823, 28.87117],
          [77.07833, 28.87126],
          [77.07838, 28.8713],
          [77.07844, 28.87137],
          [77.07849, 28.87141],
          [77.07853, 28.87144],
          [77.07853, 28.87144],
          [77.07855, 28.87145],
          [77.07864, 28.8715],
          [77.07881, 28.87158],
          [77.07891, 28.87164],
          [77.07899, 28.87168],
          [77.07907, 28.87171],
          [77.07908, 28.87171],
          [77.07909, 28.87172],
          [77.07914, 28.87172],
          [77.07916, 28.87172],
          [77.07918, 28.87173],
          [77.07921, 28.87173],
          [77.07922, 28.87174],
          [77.07921, 28.87177],
          [77.07921, 28.8718],
          [77.0792, 28.87186],
          [77.0792, 28.87188],
          [77.07921, 28.87194],
          [77.07921, 28.87195],
          [77.07923, 28.87199],
          [77.07924, 28.87204],
          [77.07925, 28.87205],
          [77.07927, 28.87213],
          [77.07928, 28.87234],
          [77.07927, 28.87241],
          [77.07928, 28.87256],
          [77.0793, 28.87265],
          [77.0793, 28.87268],
          [77.07932, 28.87291],
          [77.07932, 28.87294],
          [77.07932, 28.87294],
          [77.07932, 28.87295],
          [77.07933, 28.87298],
          [77.07934, 28.873],
          [77.07934, 28.87314],
          [77.07934, 28.8732],
          [77.07935, 28.87321],
          [77.07936, 28.87324],
          [77.07936, 28.87327],
          [77.07936, 28.87328],
          [77.07936, 28.87332],
          [77.07937, 28.87337],
          [77.07937, 28.87339],
          [77.07937, 28.87344],
          [77.07929, 28.87371],
          [77.07929, 28.87371],
          [77.07927, 28.87376],
          [77.07918, 28.87402],
          [77.07916, 28.87408],
          [77.07912, 28.87422],
          [77.07909, 28.87429],
          [77.07837, 28.8761],
          [77.07793, 28.87729],
          [77.07797, 28.87734],
          [77.07797, 28.87734],
          [77.07798, 28.87735],
          [77.07798, 28.87736],
          [77.07834, 28.87765],
          [77.07834, 28.87765],
          [77.07901, 28.87823],
          [77.07966, 28.87875],
          [77.07986, 28.87893],
          [77.08001, 28.87902],
          [77.08047, 28.8794],
          [77.08089, 28.87979],
          [77.08101, 28.87988],
          [77.08108, 28.87994],
          [77.08109, 28.87995],
          [77.08112, 28.88008],
          [77.08114, 28.88018],
          [77.08114, 28.88018],
          [77.08116, 28.88022],
          [77.08164, 28.88074],
          [77.08165, 28.88075],
          [77.08187, 28.88103],
          [77.08205, 28.88135],
          [77.08211, 28.8815],
          [77.08212, 28.88151],
          [77.08224, 28.88167],
          [77.08233, 28.88196],
          [77.08237, 28.88246],
          [77.0824, 28.88308],
          [77.08242, 28.88315],
          [77.08242, 28.88315],
          [77.08266, 28.8835],
          [77.08266, 28.8835],
          [77.08318, 28.88315],
          [77.08367, 28.88278],
          [77.08398, 28.88255],
          [77.08413, 28.88241],
          [77.08543, 28.88213],
          [77.08543, 28.88213],
          [77.08562, 28.88213],
          [77.08562, 28.88213],
          [77.08601, 28.88203],
          [77.08636, 28.88191],
          [77.08668, 28.88175],
          [77.08698, 28.88158],
          [77.08715, 28.88143],
          [77.08731, 28.88127],
          [77.08744, 28.88106],
          [77.08754, 28.88088],
          [77.0876, 28.88073],
          [77.08762, 28.88051],
          [77.08761, 28.88035],
          [77.08762, 28.88],
          [77.08771, 28.87996],
          [77.08774, 28.87967],
          [77.08779, 28.87931],
          [77.08788, 28.87873],
          [77.08792, 28.87843],
          [77.088, 28.87819],
          [77.08807, 28.87801],
          [77.0881, 28.8778],
          [77.0881, 28.8778],
          [77.08811, 28.87779],
          [77.08811, 28.87779],
          [77.08816, 28.87776],
          [77.08816, 28.87775],
          [77.08817, 28.87775],
          [77.08817, 28.87775],
          [77.08817, 28.87774],
          [77.08818, 28.87768],
          [77.08817, 28.87758],
          [77.08818, 28.87729],
          [77.08818, 28.87725],
          [77.08818, 28.87724],
          [77.08818, 28.87722],
          [77.08825, 28.87722],
          [77.08825, 28.87721],
          [77.08825, 28.87709],
          [77.08823, 28.87698],
          [77.08822, 28.87684],
          [77.08823, 28.87678],
          [77.08823, 28.87673],
          [77.08824, 28.87672],
          [77.08824, 28.8767],
          [77.08825, 28.87668],
          [77.08825, 28.87668],
          [77.08827, 28.87668],
          [77.08827, 28.87667],
          [77.08828, 28.87667],
          [77.08829, 28.87666],
          [77.0883, 28.87664],
          [77.08829, 28.87662],
          [77.08826, 28.87654],
          [77.08822, 28.87646],
          [77.08817, 28.87639],
          [77.08813, 28.87632],
          [77.0881, 28.87627],
          [77.088, 28.87613],
          [77.088, 28.87613],
          [77.08799, 28.87611],
          [77.08798, 28.8761],
          [77.08797, 28.8761],
          [77.08797, 28.8761],
          [77.08791, 28.87611],
          [77.08786, 28.87613],
          [77.08783, 28.87602],
          [77.08777, 28.87572],
          [77.08777, 28.87571],
          [77.08777, 28.8757],
          [77.08777, 28.8757],
          [77.08784, 28.87566],
          [77.08785, 28.87566],
          [77.08789, 28.87564],
          [77.0879, 28.87563],
          [77.08791, 28.87562],
          [77.08791, 28.87562],
          [77.08792, 28.87561],
          [77.08792, 28.8756],
          [77.08791, 28.87557],
          [77.08791, 28.87554],
          [77.0879, 28.87547],
          [77.08791, 28.87541],
          [77.08791, 28.8754],
          [77.08792, 28.87537],
          [77.08792, 28.87537],
          [77.08794, 28.87535],
          [77.08795, 28.87534],
          [77.08798, 28.87532],
          [77.08803, 28.87529],
          [77.08827, 28.87512],
          [77.08828, 28.87511],
          [77.08841, 28.87502],
          [77.08877, 28.87479],
          [77.08899, 28.87465],
          [77.08904, 28.87462],
          [77.08914, 28.87455],
          [77.0892, 28.8745],
          [77.08923, 28.87448],
          [77.08924, 28.87447],
          [77.08924, 28.87446],
          [77.08926, 28.87445],
          [77.08931, 28.8744],
          [77.08943, 28.87433],
          [77.08953, 28.87426],
          [77.08953, 28.87426],
          [77.08976, 28.87411],
          [77.08996, 28.87397],
          [77.09002, 28.87393],
          [77.09005, 28.87391],
          [77.09038, 28.8737],
          [77.09045, 28.87366],
          [77.09098, 28.87335],
          [77.0911, 28.87327],
          [77.09119, 28.87322],
          [77.09123, 28.8732],
          [77.09128, 28.87316],
          [77.09131, 28.87314],
          [77.09137, 28.87309],
          [77.09151, 28.87296],
          [77.09155, 28.87292],
          [77.09155, 28.87292],
          [77.09167, 28.87282],
          [77.09175, 28.87276],
          [77.09176, 28.87275],
          [77.09178, 28.87274],
          [77.09183, 28.8727],
          [77.09192, 28.87263],
          [77.09197, 28.8726],
          [77.09209, 28.87252],
          [77.09232, 28.87242],
          [77.09254, 28.87232],
          [77.09271, 28.87224],
          [77.09318, 28.87198],
          [77.09318, 28.87198],
          [77.09323, 28.87195],
          [77.09334, 28.87189],
          [77.09338, 28.87187],
          [77.09344, 28.87183],
          [77.09349, 28.87181],
          [77.09353, 28.87179],
          [77.09357, 28.87178],
          [77.09374, 28.87172],
          [77.09384, 28.87169],
          [77.09385, 28.87169],
          [77.09385, 28.87169],
          [77.09385, 28.87169],
          [77.09403, 28.8716],
          [77.09422, 28.87152],
          [77.09422, 28.87152],
          [77.09426, 28.8715],
          [77.09433, 28.87147],
          [77.09444, 28.87141],
          [77.09457, 28.87135],
          [77.09465, 28.87132],
          [77.09468, 28.87131],
          [77.09477, 28.87131],
          [77.0949, 28.8713],
          [77.09496, 28.87129],
          [77.09525, 28.87123],
          [77.09527, 28.87122],
          [77.09529, 28.87121],
          [77.09542, 28.87114],
          [77.0955, 28.87113],
          [77.09559, 28.8711],
          [77.09561, 28.8711],
          [77.09561, 28.8711],
          [77.09572, 28.87106],
          [77.09582, 28.87103],
          [77.0959, 28.87101],
          [77.09602, 28.87099],
          [77.09604, 28.87099],
          [77.09605, 28.87099],
          [77.09608, 28.87098],
          [77.0961, 28.87097],
          [77.09612, 28.87096],
          [77.09616, 28.87096],
          [77.09621, 28.87094],
          [77.09634, 28.87092],
          [77.09646, 28.8709],
          [77.09656, 28.87087],
          [77.09665, 28.87085],
          [77.0967, 28.87083],
          [77.09672, 28.87083],
          [77.09675, 28.87081],
          [77.09677, 28.87081],
          [77.09678, 28.87081],
          [77.09679, 28.87081],
          [77.0968, 28.87082],
          [77.09681, 28.87086],
          [77.09683, 28.87089],
          [77.09685, 28.87091],
          [77.09686, 28.87092],
          [77.0969, 28.87092],
          [77.09695, 28.87091],
          [77.09705, 28.87088],
          [77.0972, 28.87084],
          [77.09731, 28.87081],
          [77.09738, 28.87079],
          [77.09741, 28.87078],
          [77.09743, 28.87076],
          [77.09745, 28.87076],
          [77.09747, 28.87075],
          [77.0975, 28.87076],
          [77.09754, 28.87076],
          [77.09759, 28.87075],
          [77.09769, 28.87074],
          [77.09774, 28.87073],
          [77.09775, 28.87073],
          [77.09804, 28.8707],
          [77.09804, 28.8707],
          [77.09806, 28.87069],
          [77.09807, 28.87068],
          [77.09809, 28.87067],
          [77.0981, 28.87067],
          [77.09814, 28.87067],
          [77.09829, 28.87065],
          [77.09844, 28.87064],
          [77.09864, 28.87063],
          [77.09864, 28.87063],
          [77.09878, 28.87063],
          [77.09887, 28.87064],
          [77.09888, 28.87064],
          [77.09901, 28.87064],
          [77.09915, 28.87063],
          [77.09924, 28.87063],
          [77.09937, 28.8706],
          [77.09947, 28.87059],
          [77.09947, 28.87059],
          [77.09961, 28.87059],
          [77.09961, 28.87059],
          [77.09968, 28.87058],
          [77.09986, 28.87054],
          [77.10019, 28.87049],
          [77.10035, 28.87047],
          [77.10059, 28.87044],
          [77.10088, 28.87038],
          [77.1009, 28.87036],
          [77.10099, 28.87035],
          [77.10114, 28.87033],
          [77.1015, 28.87028],
          [77.10161, 28.87026],
          [77.10201, 28.87022],
          [77.10215, 28.8702],
          [77.10216, 28.8702],
          [77.10219, 28.8702],
          [77.10219, 28.87044],
          [77.10219, 28.87044],
          [77.10239, 28.87046],
          [77.10257, 28.87049],
          [77.1027, 28.8705],
          [77.10277, 28.87051],
          [77.10277, 28.87051],
          [77.10284, 28.87052],
          [77.1029, 28.87053],
          [77.10298, 28.87054],
          [77.103, 28.87054],
          [77.10301, 28.87054],
          [77.10301, 28.87057],
          [77.10301, 28.87057],
          [77.10317, 28.87056],
          [77.10324, 28.87055],
          [77.10333, 28.87054],
          [77.1036, 28.87049],
          [77.10364, 28.87048],
          [77.10375, 28.87046],
          [77.10375, 28.87046],
          [77.1038, 28.87045],
          [77.1039, 28.87043],
          [77.10399, 28.87042],
          [77.10423, 28.87037],
          [77.10426, 28.87036],
          [77.10432, 28.87034],
          [77.10434, 28.87033],
          [77.10435, 28.87033],
          [77.10442, 28.8703],
          [77.10446, 28.87028],
          [77.10447, 28.87027],
          [77.10447, 28.87026],
          [77.10449, 28.87025],
          [77.10449, 28.87025],
          [77.1045, 28.87024],
          [77.10471, 28.87017],
          [77.10484, 28.87013],
          [77.10485, 28.87013],
          [77.10518, 28.87005],
          [77.10525, 28.87003],
          [77.10547, 28.86998],
          [77.10548, 28.86997],
          [77.10568, 28.86993],
          [77.1057, 28.86992],
          [77.10585, 28.86989],
          [77.10604, 28.86985],
          [77.10604, 28.86985],
          [77.10632, 28.8698],
          [77.1065, 28.86978],
          [77.10656, 28.86978],
          [77.10672, 28.86976],
          [77.10673, 28.86975],
          [77.10673, 28.86975],
          [77.1068, 28.86974],
          [77.1068, 28.86974],
          [77.10689, 28.86973],
          [77.10736, 28.86969],
          [77.10736, 28.86969],
          [77.10738, 28.86969],
          [77.10771, 28.86968],
          [77.10771, 28.86968],
          [77.10805, 28.86968],
          [77.10833, 28.86968],
          [77.10856, 28.86972],
          [77.10857, 28.86972],
          [77.10859, 28.86972],
          [77.10864, 28.86973],
          [77.10865, 28.86973],
          [77.10871, 28.86973],
          [77.1089, 28.86974],
          [77.109, 28.86974],
          [77.109, 28.86974],
          [77.10901, 28.86975],
          [77.10907, 28.86981],
          [77.1091, 28.86982],
          [77.1091, 28.86982],
          [77.10916, 28.86985],
          [77.10917, 28.86985],
          [77.10917, 28.86985],
          [77.10965, 28.87002],
          [77.10965, 28.87002],
          [77.10972, 28.87004],
          [77.10973, 28.87004],
          [77.10973, 28.87004],
          [77.10973, 28.87004],
          [77.10973, 28.87004],
          [77.10974, 28.87004],
          [77.10975, 28.87004],
          [77.1098, 28.87002],
          [77.10986, 28.86996],
          [77.10992, 28.86989],
          [77.10996, 28.86984],
          [77.10997, 28.86978],
          [77.10997, 28.86978],
          [77.10998, 28.86976],
          [77.10998, 28.86974],
          [77.10999, 28.86973],
          [77.11001, 28.86972],
          [77.11002, 28.86973],
          [77.11004, 28.86973],
          [77.11007, 28.86974],
          [77.11009, 28.86974],
          [77.11014, 28.86973],
          [77.11015, 28.86973],
          [77.11016, 28.86972],
          [77.11018, 28.86962],
          [77.11029, 28.86915],
          [77.11032, 28.86905],
          [77.11032, 28.86904],
          [77.11044, 28.86904],
          [77.11045, 28.86904],
          [77.11045, 28.86903],
          [77.11046, 28.86902],
          [77.11046, 28.86902],
          [77.11047, 28.869],
          [77.11048, 28.86897],
          [77.11048, 28.86897],
          [77.11048, 28.86897],
          [77.11048, 28.86895],
          [77.11048, 28.8689],
          [77.11048, 28.86884],
          [77.11048, 28.8688],
          [77.11047, 28.86877],
          [77.11047, 28.86875],
          [77.11048, 28.86875],
          [77.11048, 28.86874],
          [77.1105, 28.86874],
          [77.11057, 28.86875],
          [77.11077, 28.86874],
          [77.1109, 28.86873],
          [77.11099, 28.86873],
          [77.11101, 28.86873],
          [77.11104, 28.86873],
          [77.11106, 28.86873],
          [77.11106, 28.86873],
          [77.11109, 28.86872],
          [77.1111, 28.86871],
          [77.11111, 28.86869],
          [77.1111, 28.86866],
          [77.11106, 28.86862],
          [77.11102, 28.86858],
          [77.11101, 28.86854],
          [77.11102, 28.86851],
          [77.11106, 28.86849],
          [77.11108, 28.86846],
          [77.11108, 28.86845],
          [77.11107, 28.86844],
          [77.11105, 28.86842],
          [77.11103, 28.86841],
          [77.11101, 28.86838],
          [77.11098, 28.86831],
          [77.11097, 28.86823],
          [77.11097, 28.8682],
          [77.11097, 28.86818],
          [77.11097, 28.86818],
          [77.11099, 28.86818],
          [77.11099, 28.86818],
          [77.11102, 28.86817],
          [77.11104, 28.86817],
          [77.11104, 28.86817],
          [77.11104, 28.86812],
          [77.11104, 28.86811],
          [77.11105, 28.86802],
          [77.11107, 28.86798],
          [77.11107, 28.86798],
          [77.11108, 28.86796],
          [77.11108, 28.86796],
          [77.11129, 28.86776],
          [77.11159, 28.86749],
          [77.11171, 28.86741],
          [77.1118, 28.86731],
          [77.11197, 28.86728],
          [77.11216, 28.86723],
          [77.11218, 28.86722],
          [77.11219, 28.8672],
          [77.11219, 28.86714],
          [77.11218, 28.86706],
          [77.11214, 28.86674],
          [77.11211, 28.86656],
          [77.11212, 28.86651],
          [77.11212, 28.86651],
          [77.11212, 28.86651],
          [77.11212, 28.8665],
          [77.11213, 28.8665],
          [77.11244, 28.86648],
          [77.11245, 28.86648],
          [77.11246, 28.86648],
          [77.11245, 28.86638],
          [77.11245, 28.86637],
          [77.11246, 28.86637],
          [77.11258, 28.86637],
          [77.1126, 28.86637],
          [77.1126, 28.86637],
          [77.11279, 28.86637],
          [77.11298, 28.86637],
          [77.11306, 28.86637],
          [77.11312, 28.86637],
          [77.11312, 28.86637],
          [77.11312, 28.86636],
          [77.11312, 28.86636],
          [77.11311, 28.86599],
          [77.11311, 28.86592],
          [77.11311, 28.86587],
          [77.11312, 28.86587],
          [77.11321, 28.86587],
          [77.11325, 28.86587],
          [77.11325, 28.86587],
          [77.11365, 28.86586],
          [77.11366, 28.86586],
          [77.11375, 28.86586],
          [77.11377, 28.86586],
          [77.11378, 28.86586],
          [77.11379, 28.86585],
          [77.1138, 28.86585],
          [77.1138, 28.86585],
          [77.1138, 28.86584],
          [77.1138, 28.86582],
          [77.1138, 28.8658],
          [77.1138, 28.86573],
          [77.1138, 28.86572],
          [77.11381, 28.86572],
          [77.11381, 28.86572],
          [77.11391, 28.86569],
          [77.11394, 28.86568],
          [77.11395, 28.86568],
          [77.11415, 28.86563],
          [77.11415, 28.86563],
          [77.11415, 28.86563],
          [77.11416, 28.86562],
          [77.11412, 28.86552],
          [77.11407, 28.8654],
          [77.11401, 28.86529],
          [77.114, 28.86525],
          [77.11399, 28.86522],
          [77.11398, 28.86521],
          [77.11398, 28.86521],
          [77.11399, 28.86521],
          [77.11399, 28.86521],
          [77.11399, 28.86521],
          [77.11399, 28.86521],
          [77.11399, 28.8652],
          [77.11426, 28.86515],
          [77.11447, 28.86511],
          [77.11474, 28.86505],
          [77.1149, 28.86501],
          [77.11503, 28.86497],
          [77.1151, 28.86494],
          [77.11533, 28.86484],
          [77.11535, 28.86484],
          [77.11536, 28.86483],
          [77.11546, 28.86478],
          [77.11554, 28.86474],
          [77.11558, 28.86472],
          [77.11562, 28.8647],
          [77.11562, 28.8647],
          [77.11562, 28.86469],
          [77.11562, 28.86468],
          [77.11562, 28.86467],
          [77.11561, 28.86465],
          [77.11561, 28.86464],
          [77.11558, 28.86454],
          [77.11552, 28.86433],
          [77.11552, 28.86433],
          [77.11552, 28.8643],
          [77.11552, 28.86421],
          [77.11552, 28.86419],
          [77.11552, 28.864],
          [77.11553, 28.86399],
          [77.11553, 28.86399],
          [77.11553, 28.86399],
          [77.11566, 28.86393],
          [77.11582, 28.86383],
          [77.11595, 28.86374],
          [77.11606, 28.86363],
          [77.11614, 28.86354],
          [77.11621, 28.86345],
          [77.11628, 28.86339],
          [77.11636, 28.86334],
          [77.1165, 28.86324],
          [77.1165, 28.86324],
          [77.11653, 28.86322],
          [77.11657, 28.86322],
          [77.11662, 28.86321],
          [77.11665, 28.8632],
          [77.11666, 28.86317],
          [77.11665, 28.86309],
          [77.11665, 28.86308],
          [77.11665, 28.86302],
          [77.11665, 28.86278],
          [77.11665, 28.86269],
          [77.11666, 28.86268],
          [77.11676, 28.86268],
          [77.11682, 28.86267],
          [77.11685, 28.86264],
          [77.1169, 28.86256],
          [77.11693, 28.86253],
          [77.11693, 28.86253],
          [77.11696, 28.86251],
          [77.11696, 28.86251],
          [77.11701, 28.86249],
          [77.11718, 28.86243],
          [77.11741, 28.86233],
          [77.11753, 28.86226],
          [77.11766, 28.86217],
          [77.1177, 28.86214],
          [77.11773, 28.86213],
          [77.11773, 28.86213],
          [77.11783, 28.86211],
          [77.11786, 28.86211],
          [77.11786, 28.86211],
          [77.11785, 28.86204],
          [77.11785, 28.86202],
          [77.11799, 28.86193],
          [77.11806, 28.86187],
          [77.11831, 28.86166],
          [77.11836, 28.86162],
          [77.11848, 28.86154],
          [77.1185, 28.86153],
          [77.1185, 28.86152],
          [77.11855, 28.86149],
          [77.11855, 28.86149],
          [77.11857, 28.86148],
          [77.11879, 28.86131],
          [77.11903, 28.86112],
          [77.11906, 28.86108],
          [77.11907, 28.86108],
          [77.11911, 28.86105],
          [77.11916, 28.86101],
          [77.11919, 28.86096],
          [77.11923, 28.86091],
          [77.11929, 28.86086],
          [77.11935, 28.8608],
          [77.11942, 28.86074],
          [77.11946, 28.8607],
          [77.11959, 28.86057],
          [77.11962, 28.86054],
          [77.11962, 28.86052],
          [77.11963, 28.86051],
          [77.11963, 28.86032],
          [77.11989, 28.86032],
          [77.1199, 28.86032],
          [77.1199, 28.86031],
          [77.1199, 28.85997],
          [77.11991, 28.85996],
          [77.11991, 28.85996],
          [77.12001, 28.85996],
          [77.1201, 28.85996],
          [77.12036, 28.85997],
          [77.12052, 28.85997],
          [77.12087, 28.85995],
          [77.12087, 28.8598],
          [77.12085, 28.85959],
          [77.12081, 28.85944],
          [77.12081, 28.85912],
          [77.12082, 28.859],
          [77.12085, 28.85883],
          [77.12088, 28.85869],
          [77.12089, 28.85846],
          [77.1209, 28.85827],
          [77.12103, 28.85827],
          [77.12113, 28.85821],
          [77.12136, 28.85809],
          [77.12139, 28.85807],
          [77.1214, 28.85807],
          [77.12146, 28.85806],
          [77.12146, 28.85806],
          [77.12147, 28.85805],
          [77.12179, 28.85801],
          [77.1221, 28.85797],
          [77.12262, 28.8579],
          [77.1232, 28.8578],
          [77.12349, 28.85769],
          [77.12354, 28.85768],
          [77.12366, 28.85766],
          [77.12393, 28.85762],
          [77.12406, 28.85771],
          [77.12429, 28.85773],
          [77.12424, 28.85801],
          [77.12445, 28.85846],
          [77.12455, 28.85866],
          [77.12457, 28.85871],
          [77.12458, 28.85889],
          [77.12462, 28.85919],
          [77.12477, 28.85919],
          [77.12475, 28.85945],
          [77.12485, 28.85945],
          [77.12486, 28.85956],
          [77.12509, 28.85956],
          [77.12509, 28.8599],
          [77.12525, 28.86009],
          [77.12537, 28.86033],
          [77.12605, 28.86034],
          [77.12626, 28.86039],
          [77.1265, 28.86042],
          [77.12677, 28.86046],
          [77.12678, 28.86048],
          [77.12717, 28.86067],
          [77.12744, 28.86081],
          [77.12747, 28.86083],
          [77.12765, 28.8609],
          [77.12781, 28.86097],
          [77.12781, 28.86097],
          [77.1281, 28.86113],
          [77.12819, 28.86116],
          [77.1282, 28.86116],
          [77.12833, 28.86119],
          [77.12834, 28.86119],
          [77.12842, 28.8612],
          [77.12868, 28.8613],
          [77.12869, 28.86131],
          [77.1287, 28.86131],
          [77.12883, 28.86137],
          [77.12887, 28.86139],
          [77.12899, 28.86144],
          [77.12919, 28.86154],
          [77.12936, 28.86162],
          [77.12951, 28.86168],
          [77.12954, 28.8617],
          [77.12955, 28.8617],
          [77.12967, 28.86174],
          [77.12991, 28.86183],
          [77.13021, 28.86194],
          [77.13054, 28.86212],
          [77.13055, 28.86213],
          [77.13055, 28.86214],
          [77.13062, 28.86249],
          [77.13062, 28.8625],
          [77.13067, 28.86252],
          [77.13082, 28.86261],
          [77.13102, 28.86271],
          [77.13103, 28.86272],
          [77.13108, 28.86275],
          [77.13125, 28.86284],
          [77.13125, 28.86284],
          [77.13141, 28.8629],
          [77.13153, 28.86296],
          [77.13159, 28.86299],
          [77.1317, 28.86304],
          [77.13187, 28.86313],
          [77.13193, 28.86316],
          [77.13208, 28.86321],
          [77.13209, 28.86329],
          [77.13231, 28.86334],
          [77.13234, 28.86296],
          [77.13256, 28.86293],
          [77.13305, 28.86287],
          [77.13361, 28.8628],
          [77.13416, 28.86274],
          [77.13467, 28.86267],
          [77.13542, 28.86259],
          [77.13575, 28.86255],
          [77.136, 28.86251],
          [77.13632, 28.86246],
          [77.13683, 28.86238],
          [77.13747, 28.86227],
          [77.13783, 28.86221],
          [77.13815, 28.86214],
          [77.1386, 28.86205],
          [77.13911, 28.86197],
          [77.13913, 28.86197],
          [77.13918, 28.86198],
          [77.13925, 28.86201],
          [77.13935, 28.86206],
          [77.13952, 28.86218],
          [77.13965, 28.86222],
          [77.13981, 28.86221],
          [77.1399, 28.86217],
          [77.14009, 28.86198],
          [77.14014, 28.86184],
          [77.14018, 28.86172],
          [77.14018, 28.86172],
          [77.14018, 28.86171],
          [77.14013, 28.8613],
          [77.1402, 28.86104],
          [77.14037, 28.86061],
          [77.14047, 28.86038],
          [77.14054, 28.86023],
          [77.14068, 28.86002],
          [77.14089, 28.85981],
          [77.141, 28.85964],
          [77.14102, 28.85945],
          [77.14099, 28.85915],
          [77.14108, 28.85862],
          [77.14114, 28.85841],
          [77.14121, 28.85834],
          [77.14125, 28.85833],
          [77.14142, 28.85832],
          [77.14194, 28.85829],
          [77.14224, 28.85823],
          [77.14236, 28.8582],
          [77.14237, 28.85819],
          [77.14238, 28.85818],
          [77.14239, 28.85812],
          [77.14237, 28.85807],
          [77.14236, 28.85802],
          [77.14226, 28.85773],
          [77.14223, 28.85763],
          [77.14212, 28.85731],
          [77.14205, 28.85703],
          [77.14205, 28.85686],
          [77.14206, 28.8568],
          [77.14207, 28.8567],
          [77.14207, 28.85652],
          [77.14207, 28.85649],
          [77.14209, 28.85642],
          [77.14211, 28.85639],
          [77.14217, 28.85625],
          [77.14224, 28.85619],
          [77.14235, 28.85599],
          [77.14257, 28.85572],
          [77.14297, 28.85534],
          [77.14298, 28.85534],
          [77.14299, 28.85533],
          [77.14323, 28.85512],
          [77.14323, 28.85511],
          [77.14324, 28.85511],
          [77.14324, 28.85511],
          [77.14341, 28.85493],
          [77.14353, 28.85486],
          [77.14373, 28.85478],
          [77.14402, 28.85473],
          [77.14427, 28.85472],
          [77.14427, 28.85472],
          [77.14428, 28.85472],
          [77.1443, 28.85473],
          [77.14447, 28.85471],
          [77.14454, 28.85468],
          [77.1449, 28.85438],
          [77.1449, 28.85437],
          [77.14494, 28.85435],
          [77.14501, 28.85431],
          [77.14501, 28.8543],
          [77.14502, 28.8543],
          [77.14503, 28.85429],
          [77.14514, 28.8542],
          [77.14515, 28.85414],
          [77.14518, 28.85394],
          [77.14531, 28.85366],
          [77.14542, 28.85332],
          [77.14545, 28.85326],
          [77.14547, 28.85324],
          [77.14547, 28.85322],
          [77.1455, 28.85317],
          [77.1455, 28.8531],
          [77.14547, 28.85306],
          [77.14534, 28.85304],
          [77.14531, 28.853],
          [77.1453, 28.85299],
          [77.1453, 28.85299],
          [77.1453, 28.85299],
          [77.14516, 28.85248],
          [77.14488, 28.8519],
          [77.14476, 28.85168],
          [77.14474, 28.85156],
          [77.1447, 28.85143],
          [77.14468, 28.85134],
          [77.14448, 28.85105],
          [77.14426, 28.8508],
          [77.14416, 28.85062],
          [77.14415, 28.8506],
          [77.14407, 28.85043],
          [77.14402, 28.85035],
          [77.14313, 28.84895],
          [77.14294, 28.84861],
          [77.14255, 28.84791],
          [77.14221, 28.84749],
          [77.1422, 28.84747],
          [77.14217, 28.84742],
          [77.14211, 28.84729],
          [77.142, 28.84696],
          [77.142, 28.84695],
          [77.14193, 28.84673],
          [77.14192, 28.8467],
          [77.14185, 28.84657],
          [77.1418, 28.84644],
          [77.14173, 28.84623],
          [77.14173, 28.84617],
          [77.1417, 28.84599],
          [77.14167, 28.8456],
          [77.14164, 28.84529],
          [77.14162, 28.84513],
          [77.14161, 28.8451],
          [77.14161, 28.84508],
          [77.14158, 28.8449],
          [77.14158, 28.84488],
          [77.14158, 28.84476],
          [77.14158, 28.84461],
          [77.14158, 28.84459],
          [77.14159, 28.84447],
          [77.14159, 28.84441],
          [77.14159, 28.84441],
          [77.14159, 28.84438],
          [77.14162, 28.84426],
          [77.14163, 28.84414],
          [77.14164, 28.84401],
          [77.14164, 28.84385],
          [77.14162, 28.84385],
          [77.14163, 28.84342],
          [77.14163, 28.84341],
          [77.14157, 28.84299],
          [77.14155, 28.84281],
          [77.14153, 28.84268],
          [77.14154, 28.84261],
          [77.14155, 28.84256],
          [77.14159, 28.84249],
          [77.14166, 28.84241],
          [77.14197, 28.84211],
          [77.14217, 28.84187],
          [77.1422, 28.84182],
          [77.14223, 28.84177],
          [77.14226, 28.84172],
          [77.14227, 28.84168],
          [77.14228, 28.84165],
          [77.14229, 28.84159],
          [77.14229, 28.84145],
          [77.14229, 28.84126],
          [77.14231, 28.84101],
          [77.14233, 28.84079],
          [77.14234, 28.8407],
          [77.14234, 28.84062],
          [77.14234, 28.84047],
          [77.14233, 28.84029],
          [77.14232, 28.84012],
          [77.14229, 28.83989],
          [77.14225, 28.83963],
          [77.1422, 28.83939],
          [77.1422, 28.83937],
          [77.14224, 28.83934],
          [77.14224, 28.83934],
          [77.14227, 28.83932],
          [77.1426, 28.83917],
          [77.14294, 28.83903],
          [77.14303, 28.83899],
          [77.14327, 28.83894],
          [77.14343, 28.8389],
          [77.1436, 28.83885],
          [77.14389, 28.83874],
          [77.14408, 28.83864],
          [77.14425, 28.83854],
          [77.14453, 28.83839],
          [77.14472, 28.83832],
          [77.14523, 28.83819],
          [77.14555, 28.83814],
          [77.14578, 28.83812],
          [77.14615, 28.83805],
          [77.14658, 28.83795],
          [77.14677, 28.83791],
          [77.14683, 28.83791],
          [77.14724, 28.8379],
          [77.14755, 28.83793],
          [77.14798, 28.83796],
          [77.14818, 28.83799],
          [77.14839, 28.83801],
          [77.14862, 28.83803],
          [77.14862, 28.83803],
          [77.14881, 28.83802],
          [77.14925, 28.83799],
          [77.14975, 28.83795],
          [77.15036, 28.8379],
          [77.15092, 28.83787],
          [77.15142, 28.83781],
          [77.15189, 28.83774],
          [77.15216, 28.83771],
          [77.15246, 28.83768],
          [77.15265, 28.83767],
          [77.15285, 28.83766],
          [77.15308, 28.83763],
          [77.15335, 28.83759],
          [77.15369, 28.83753],
          [77.15398, 28.83746],
          [77.15406, 28.83745],
          [77.15447, 28.83737],
          [77.15488, 28.83727],
          [77.15513, 28.83721],
          [77.15527, 28.83719],
          [77.15559, 28.83716],
          [77.15605, 28.83711],
          [77.15649, 28.83707],
          [77.15659, 28.83706],
          [77.15696, 28.83697],
          [77.15717, 28.83693],
          [77.15741, 28.83691],
          [77.15741, 28.83691],
          [77.15752, 28.83692],
          [77.15757, 28.83692],
          [77.15769, 28.83693],
          [77.15772, 28.83694],
          [77.15773, 28.83694],
          [77.15773, 28.83695],
          [77.15773, 28.83696],
          [77.15773, 28.83697],
          [77.15773, 28.83697],
          [77.15772, 28.83699],
          [77.1577, 28.83701],
          [77.15756, 28.83712],
          [77.15752, 28.83715],
          [77.1575, 28.83717],
          [77.1573, 28.83734],
          [77.15724, 28.8374],
          [77.15717, 28.83746],
          [77.1571, 28.83755],
          [77.15701, 28.8377],
          [77.15691, 28.83789],
          [77.1569, 28.8379],
          [77.1569, 28.83791],
          [77.15687, 28.83795],
          [77.15686, 28.838],
          [77.15685, 28.83802],
          [77.15684, 28.83805],
          [77.15683, 28.83816],
          [77.15683, 28.83832],
          [77.15682, 28.83843],
          [77.15681, 28.8386],
          [77.15681, 28.83873],
          [77.15681, 28.83879],
          [77.15682, 28.83886],
          [77.15682, 28.83893],
          [77.15683, 28.83896],
          [77.15684, 28.83899],
          [77.15686, 28.83904],
          [77.15692, 28.83911],
          [77.15705, 28.83925],
          [77.15706, 28.83926],
          [77.15717, 28.83935],
          [77.15724, 28.83941],
          [77.15752, 28.83969],
          [77.1577, 28.83983],
          [77.15797, 28.84001],
          [77.15827, 28.8402],
          [77.15829, 28.84021],
          [77.1583, 28.84022],
          [77.15844, 28.84029],
          [77.15852, 28.84035],
          [77.15853, 28.84035],
          [77.15854, 28.84036],
          [77.15864, 28.84044],
          [77.15921, 28.84088],
          [77.15928, 28.84093],
          [77.15928, 28.84094],
          [77.15929, 28.84095],
          [77.15949, 28.84117],
          [77.15949, 28.84118],
          [77.15951, 28.84119],
          [77.15968, 28.8414],
          [77.15969, 28.84141],
          [77.15998, 28.84177],
          [77.16001, 28.84181],
          [77.16018, 28.84201],
          [77.16062, 28.84257],
          [77.16077, 28.84278],
          [77.16085, 28.84288],
          [77.16097, 28.84303],
          [77.16108, 28.84315],
          [77.16118, 28.84325],
          [77.1613, 28.84341],
          [77.16142, 28.84359],
          [77.16145, 28.84364],
          [77.16151, 28.84372],
          [77.16156, 28.84378],
          [77.16171, 28.84397],
          [77.16196, 28.84427],
          [77.16197, 28.84427],
          [77.16213, 28.84445],
          [77.16237, 28.84473],
          [77.1624, 28.84476],
          [77.16242, 28.84479],
          [77.16244, 28.8448],
          [77.16256, 28.84493],
          [77.16277, 28.84523],
          [77.1628, 28.84528],
          [77.16286, 28.84535],
          [77.16288, 28.84538],
          [77.16292, 28.84544],
          [77.16294, 28.84546],
          [77.16315, 28.84572],
          [77.16325, 28.84586],
          [77.1634, 28.84603],
          [77.16354, 28.84623],
          [77.16372, 28.84643],
          [77.16382, 28.84657],
          [77.16383, 28.84658],
          [77.16434, 28.84717],
          [77.16445, 28.84731],
          [77.16448, 28.84736],
          [77.16452, 28.84745],
          [77.16465, 28.84768],
          [77.16474, 28.84782],
          [77.16476, 28.84783],
          [77.16476, 28.84783],
          [77.16505, 28.84816],
          [77.16516, 28.84829],
          [77.1652, 28.84835],
          [77.16536, 28.84854],
          [77.16543, 28.84862],
          [77.16547, 28.84866],
          [77.16559, 28.84875],
          [77.16576, 28.84891],
          [77.16582, 28.84899],
          [77.16593, 28.84911],
          [77.16602, 28.84923],
          [77.16607, 28.8493],
          [77.1661, 28.84935],
          [77.16613, 28.84936],
          [77.16613, 28.84936],
          [77.16619, 28.84936],
          [77.16623, 28.84933],
          [77.16641, 28.84922],
          [77.16661, 28.84908],
          [77.16674, 28.849],
          [77.1668, 28.84899],
          [77.16683, 28.84899],
          [77.16691, 28.849],
          [77.16706, 28.8491],
          [77.16742, 28.84938],
          [77.16773, 28.8496],
          [77.16816, 28.85],
          [77.16849, 28.85031],
          [77.16869, 28.85046],
          [77.1689, 28.85058],
          [77.16906, 28.85062],
          [77.16928, 28.85062],
          [77.16948, 28.8506],
          [77.16974, 28.85058],
          [77.16985, 28.85057],
          [77.16994, 28.85054],
          [77.16995, 28.85053],
          [77.16997, 28.85053],
          [77.17007, 28.85052],
          [77.17019, 28.8505],
          [77.1703, 28.85047],
          [77.17055, 28.85041],
          [77.1711, 28.85025],
          [77.17144, 28.85015],
          [77.17175, 28.85008],
          [77.17197, 28.85003],
          [77.17204, 28.85001],
          [77.17205, 28.85001],
          [77.17206, 28.85001],
          [77.17206, 28.85002],
          [77.17208, 28.85033],
          [77.17212, 28.85049],
          [77.17211, 28.85079],
          [77.17211, 28.85099],
          [77.17211, 28.851],
          [77.17212, 28.85102],
          [77.17214, 28.85107],
          [77.17217, 28.85114],
          [77.17219, 28.85118],
          [77.1722, 28.85124],
          [77.17222, 28.85133],
          [77.17226, 28.85144],
          [77.17227, 28.8515],
          [77.17227, 28.85164],
          [77.1723, 28.85191],
          [77.17232, 28.85216],
          [77.17235, 28.85242],
          [77.17241, 28.8527],
          [77.17243, 28.85285],
          [77.17246, 28.85297],
          [77.1725, 28.85308],
          [77.17254, 28.85318],
          [77.17256, 28.85345],
          [77.17259, 28.85369],
          [77.1726, 28.8538],
          [77.17262, 28.85389],
          [77.17264, 28.85404],
          [77.1727, 28.85426],
          [77.17278, 28.85472],
          [77.17279, 28.8548],
          [77.17279, 28.85481],
          [77.1728, 28.85481],
          [77.1728, 28.85481],
          [77.17281, 28.85481],
          [77.17282, 28.85481],
          [77.17283, 28.85482],
          [77.17283, 28.85482],
          [77.17284, 28.85486],
          [77.17285, 28.8549],
          [77.17289, 28.85509],
          [77.17289, 28.8551],
          [77.17293, 28.8553],
          [77.17294, 28.85532],
          [77.17294, 28.85532],
          [77.17299, 28.8554],
          [77.17308, 28.85556],
          [77.17312, 28.8557],
          [77.17316, 28.85585],
          [77.17316, 28.85587],
          [77.17316, 28.85587],
          [77.17317, 28.85588],
          [77.17318, 28.85588],
          [77.17318, 28.85588],
          [77.17323, 28.85589],
          [77.17323, 28.85614],
          [77.17323, 28.85645],
          [77.17322, 28.85662],
          [77.17319, 28.85676],
          [77.17313, 28.85693],
          [77.17308, 28.85711],
          [77.17305, 28.8572],
          [77.17302, 28.85732],
          [77.17302, 28.85734],
          [77.17303, 28.85735],
          [77.17306, 28.85737],
          [77.17316, 28.85742],
          [77.17339, 28.85759],
          [77.17362, 28.85775],
          [77.17404, 28.85798],
          [77.17405, 28.85798],
          [77.1741, 28.858],
          [77.17445, 28.85819],
          [77.17468, 28.85832],
          [77.17469, 28.85833],
          [77.17492, 28.85845],
          [77.17498, 28.85849],
          [77.17505, 28.85852],
          [77.17507, 28.85852],
          [77.1753, 28.85824],
          [77.17533, 28.8582],
          [77.17553, 28.85797],
          [77.17617, 28.85795],
          [77.17621, 28.85796],
          [77.17654, 28.85795],
          [77.17666, 28.85795],
          [77.17673, 28.85794],
          [77.1768, 28.85795],
          [77.17685, 28.85796],
          [77.17698, 28.858],
          [77.17712, 28.85809],
          [77.17713, 28.85809],
          [77.1775, 28.85824],
          [77.17785, 28.85839],
          [77.17795, 28.85848],
          [77.17801, 28.85857],
          [77.17803, 28.85862],
          [77.17807, 28.85864],
          [77.17809, 28.85865],
          [77.17809, 28.85865],
          [77.17813, 28.85865],
          [77.17813, 28.85865],
          [77.17826, 28.8586],
          [77.17851, 28.85846],
          [77.17873, 28.85835],
          [77.17903, 28.85827],
          [77.17929, 28.85819],
          [77.17973, 28.85804],
          [77.17974, 28.85803],
          [77.18015, 28.85792],
          [77.18031, 28.85787],
          [77.18038, 28.85784],
          [77.18042, 28.85783],
          [77.18045, 28.85782],
          [77.18052, 28.85781],
          [77.18052, 28.85781],
          [77.18065, 28.8578],
          [77.18109, 28.85778],
          [77.18142, 28.85775],
          [77.18143, 28.85775],
          [77.18159, 28.85774],
          [77.18172, 28.85773],
          [77.1819, 28.85773],
          [77.18227, 28.85774],
          [77.18269, 28.85779],
          [77.18281, 28.85782],
          [77.18298, 28.8579],
          [77.18312, 28.85792],
          [77.18332, 28.85794],
          [77.18332, 28.85794],
          [77.1836, 28.85791],
          [77.1836, 28.85791],
          [77.18399, 28.85791],
          [77.18399, 28.85791],
          [77.18457, 28.8579],
          [77.18479, 28.85795],
          [77.18489, 28.85798],
          [77.18513, 28.85796],
          [77.18515, 28.85796],
          [77.18515, 28.85796],
          [77.18542, 28.85799],
          [77.18564, 28.85802],
          [77.18564, 28.85802],
          [77.18572, 28.85801],
          [77.18573, 28.85801],
          [77.18587, 28.858],
          [77.18607, 28.85803],
          [77.18618, 28.85804],
          [77.18623, 28.85808],
          [77.18635, 28.85811],
          [77.18635, 28.85811],
          [77.18646, 28.8581],
          [77.18658, 28.85806],
          [77.18658, 28.85806],
          [77.18669, 28.85807],
          [77.18688, 28.85812],
          [77.18714, 28.85814],
          [77.18721, 28.85816],
          [77.18722, 28.85816],
          [77.18724, 28.85817],
          [77.18726, 28.85818],
          [77.18728, 28.85819],
          [77.18731, 28.8582],
          [77.18734, 28.8582],
          [77.18736, 28.85821],
          [77.18747, 28.85821],
          [77.18768, 28.85823],
          [77.18786, 28.85823],
          [77.18792, 28.85826],
          [77.18792, 28.85826],
          [77.18823, 28.85825],
          [77.18858, 28.85825],
          [77.18866, 28.85826],
          [77.18896, 28.85827],
          [77.18921, 28.85827],
          [77.18925, 28.8583],
          [77.18935, 28.8583],
          [77.18944, 28.85831],
          [77.18948, 28.85831],
          [77.18957, 28.85831],
          [77.18973, 28.85832],
          [77.18986, 28.85833],
          [77.1899, 28.85834],
          [77.18992, 28.85834],
          [77.18994, 28.85835],
          [77.18997, 28.85836],
          [77.1901, 28.85837],
          [77.19041, 28.85837],
          [77.19063, 28.85838],
          [77.19063, 28.85838],
          [77.1907, 28.85839],
          [77.19097, 28.85836],
          [77.19111, 28.85835],
          [77.19121, 28.85834],
          [77.19131, 28.85833],
          [77.19163, 28.85829],
          [77.19163, 28.85829],
          [77.19196, 28.85831],
          [77.19198, 28.85831],
          [77.19199, 28.85832],
          [77.19199, 28.85832],
          [77.192, 28.85834],
          [77.192, 28.85837],
          [77.192, 28.85839],
          [77.192, 28.85839],
          [77.19203, 28.8584],
          [77.19204, 28.8584],
          [77.1921, 28.8584],
          [77.19228, 28.8584],
          [77.19238, 28.8584],
          [77.19248, 28.8584],
          [77.19262, 28.8584],
          [77.19282, 28.85839],
          [77.19299, 28.85838],
          [77.19304, 28.85849],
          [77.19305, 28.85852],
          [77.19311, 28.85851],
          [77.19311, 28.85851],
          [77.19313, 28.85851],
          [77.19332, 28.85848],
          [77.19358, 28.85843],
          [77.19358, 28.85843],
          [77.19363, 28.85862],
          [77.19369, 28.85887],
          [77.19374, 28.85898],
          [77.1938, 28.85901],
          [77.1939, 28.85905],
          [77.19407, 28.85908],
          [77.19417, 28.85911],
          [77.19421, 28.85915],
          [77.19423, 28.85918],
          [77.19423, 28.85918],
          [77.1943, 28.8592],
          [77.19445, 28.85923],
          [77.19458, 28.85925],
          [77.1949, 28.85929],
          [77.19515, 28.85934],
          [77.19527, 28.85936],
          [77.19533, 28.85937],
          [77.19571, 28.85935],
          [77.19609, 28.85933],
          [77.19614, 28.85932],
          [77.19626, 28.85933],
          [77.1964, 28.85934],
          [77.19652, 28.85935],
          [77.19671, 28.85937],
          [77.19678, 28.85937],
          [77.19685, 28.85938],
          [77.197, 28.85937],
          [77.1976, 28.85934],
          [77.19811, 28.85931],
          [77.19842, 28.85928],
          [77.19862, 28.85927],
          [77.1987, 28.85928],
          [77.19886, 28.85927],
          [77.19895, 28.85927],
          [77.19897, 28.85926],
          [77.199, 28.85926],
          [77.19926, 28.85922],
          [77.19942, 28.8592],
          [77.19968, 28.85919],
          [77.19999, 28.8592],
          [77.20056, 28.85917],
          [77.20098, 28.85916],
          [77.20209, 28.85913],
          [77.20225, 28.85912],
          [77.20236, 28.85914],
          [77.2027, 28.85912],
          [77.2028, 28.85913],
          [77.20337, 28.85911],
          [77.20365, 28.85908],
          [77.20413, 28.85908],
          [77.20504, 28.85909],
          [77.20601, 28.85916],
          [77.20696, 28.85924],
          [77.20695, 28.85919],
          [77.20694, 28.85914],
          [77.20694, 28.8591],
          [77.20694, 28.85904],
          [77.20693, 28.85899],
          [77.20689, 28.85892],
          [77.20681, 28.85878],
          [77.20673, 28.85861],
          [77.20671, 28.85856],
          [77.20669, 28.85841],
          [77.20663, 28.85819],
          [77.2066, 28.85807],
          [77.20656, 28.85791],
          [77.20652, 28.85775],
          [77.20651, 28.85764],
          [77.20648, 28.8575],
          [77.20646, 28.85736],
          [77.20646, 28.85729],
          [77.20646, 28.85726],
          [77.20648, 28.85723],
          [77.2065, 28.85721],
          [77.20653, 28.85719],
          [77.20663, 28.85714],
          [77.20671, 28.8571],
          [77.2068, 28.85706],
          [77.20685, 28.85704],
          [77.20688, 28.85704],
          [77.20693, 28.85706],
          [77.20698, 28.85705],
          [77.207, 28.85704],
          [77.20703, 28.85701],
          [77.20708, 28.85699],
          [77.20709, 28.85698],
          [77.20713, 28.85696],
          [77.20721, 28.85695],
          [77.20726, 28.85694],
          [77.20731, 28.85695],
          [77.20738, 28.85696],
          [77.20745, 28.85699],
          [77.20749, 28.857],
          [77.20754, 28.85701],
          [77.20764, 28.85705],
          [77.20773, 28.8571],
          [77.20779, 28.85714],
          [77.20785, 28.8572],
          [77.2079, 28.85727],
          [77.20794, 28.85733],
          [77.20794, 28.85736],
          [77.20794, 28.85738],
          [77.20794, 28.85739],
          [77.20793, 28.85741],
          [77.20792, 28.85745],
          [77.20793, 28.85749],
          [77.20794, 28.85751],
          [77.20797, 28.85754],
          [77.20801, 28.85758],
          [77.20807, 28.85765],
          [77.20816, 28.85775],
          [77.20822, 28.85781],
          [77.20824, 28.85783],
          [77.20828, 28.85787],
          [77.20838, 28.85794],
          [77.20855, 28.85805],
          [77.20869, 28.85813],
          [77.20879, 28.85818],
          [77.20901, 28.85828],
          [77.20908, 28.85831],
          [77.20923, 28.85836],
          [77.2094, 28.8584],
          [77.20948, 28.85842],
          [77.20962, 28.85844],
          [77.20964, 28.85845],
          [77.20963, 28.85845],
          [77.20961, 28.85847],
          [77.2096, 28.85849],
          [77.20961, 28.85851],
          [77.20962, 28.85852],
          [77.20966, 28.85854],
          [77.20971, 28.85855],
          [77.20979, 28.85856],
          [77.20995, 28.85856],
          [77.21006, 28.85855],
          [77.21013, 28.85854],
          [77.21027, 28.85852],
          [77.21042, 28.85849],
          [77.21046, 28.85848],
          [77.2105, 28.85848],
          [77.21053, 28.85848],
          [77.21062, 28.85846],
          [77.21072, 28.85844],
          [77.21086, 28.85839],
          [77.21103, 28.85834],
          [77.21115, 28.85829],
          [77.21125, 28.85824],
          [77.2113, 28.85821],
          [77.21138, 28.85815],
          [77.21142, 28.85811],
          [77.21148, 28.85805],
          [77.21157, 28.85793],
          [77.21163, 28.85786],
          [77.21168, 28.85779],
          [77.2117, 28.85771],
          [77.21173, 28.8576],
          [77.21179, 28.85741],
          [77.21189, 28.85714],
          [77.21191, 28.85708],
          [77.21198, 28.85629],
          [77.21207, 28.85575],
          [77.21211, 28.85539],
          [77.21212, 28.85472],
          [77.21223, 28.85437],
          [77.21239, 28.85388],
          [77.21267, 28.85346],
          [77.21307, 28.85268],
          [77.21326, 28.8523],
          [77.21322, 28.85198],
          [77.21315, 28.85125],
          [77.21314, 28.85093],
          [77.21313, 28.85078],
          [77.21311, 28.85061],
          [77.2131, 28.8504],
          [77.21308, 28.8502],
          [77.21309, 28.84998],
          [77.21343, 28.84905],
          [77.21362, 28.84829],
          [77.21367, 28.84801],
          [77.21383, 28.84753],
          [77.21412, 28.84674],
          [77.21423, 28.84617],
          [77.21424, 28.84611],
          [77.21424, 28.84602],
          [77.21424, 28.84595],
          [77.21425, 28.84588],
          [77.21425, 28.84583],
          [77.21425, 28.84579],
          [77.21425, 28.84577],
          [77.21427, 28.84573],
          [77.21427, 28.84568],
          [77.21427, 28.84565],
          [77.21427, 28.84562],
          [77.21427, 28.8456],
          [77.21429, 28.84558],
          [77.21429, 28.84555],
          [77.2143, 28.84552],
          [77.2143, 28.84548],
          [77.2143, 28.84544],
          [77.21431, 28.84542],
          [77.21433, 28.84538],
          [77.21435, 28.84534],
          [77.21437, 28.8453],
          [77.2144, 28.84527],
          [77.21443, 28.84524],
          [77.21447, 28.84517],
          [77.21449, 28.84513],
          [77.2145, 28.8451],
          [77.2145, 28.84503],
          [77.2145, 28.84493],
          [77.21452, 28.84473],
          [77.21454, 28.84459],
          [77.21455, 28.84443],
          [77.21456, 28.84431],
          [77.21457, 28.84424],
          [77.2146, 28.84414],
          [77.21465, 28.84397],
          [77.21466, 28.8439],
          [77.21466, 28.84382],
          [77.21466, 28.84375],
          [77.21464, 28.84364],
          [77.21463, 28.84358],
          [77.21463, 28.84354],
          [77.21462, 28.8435],
          [77.21462, 28.84345],
          [77.21463, 28.8434],
          [77.21464, 28.84332],
          [77.21466, 28.84327],
          [77.21467, 28.84323],
          [77.21469, 28.8432],
          [77.21471, 28.84319],
          [77.21475, 28.84319],
          [77.21481, 28.84321],
          [77.21486, 28.84322],
          [77.21489, 28.84322],
          [77.21492, 28.84322],
          [77.21497, 28.84321],
          [77.21503, 28.84319],
          [77.21506, 28.84317],
          [77.21509, 28.84315],
          [77.21512, 28.84311],
          [77.21514, 28.84308],
          [77.21516, 28.84304],
          [77.21517, 28.843],
          [77.21518, 28.84295],
          [77.21517, 28.8429],
          [77.21516, 28.84283],
          [77.21516, 28.84274],
          [77.21516, 28.84273],
          [77.21516, 28.84258],
          [77.21518, 28.84238],
          [77.21519, 28.84233],
          [77.21529, 28.84208],
          [77.21548, 28.84159],
          [77.21553, 28.84147],
          [77.21557, 28.84143],
          [77.21563, 28.84135],
          [77.21567, 28.84128],
          [77.21572, 28.84118],
          [77.21576, 28.84109],
          [77.21581, 28.84093],
          [77.21585, 28.84084],
          [77.21593, 28.84065],
          [77.21599, 28.84049],
          [77.21608, 28.8403],
          [77.2161, 28.84021],
          [77.21614, 28.8401],
          [77.21615, 28.84002],
          [77.21615, 28.8399],
          [77.21615, 28.83988],
          [77.21616, 28.83982],
          [77.21618, 28.83975],
          [77.21621, 28.83968],
          [77.21625, 28.83964],
          [77.21629, 28.8396],
          [77.21633, 28.83956],
          [77.2164, 28.83951],
          [77.21646, 28.83948],
          [77.21649, 28.83945],
          [77.21653, 28.83942],
          [77.21656, 28.83936],
          [77.21665, 28.83921],
          [77.21671, 28.8391],
          [77.21678, 28.83902],
          [77.21686, 28.83891],
          [77.21692, 28.83884],
          [77.21697, 28.83874],
          [77.21716, 28.83847],
          [77.21717, 28.83845],
          [77.21718, 28.83841],
          [77.2172, 28.83838],
          [77.21722, 28.83836],
          [77.21724, 28.83833],
          [77.21727, 28.83829],
          [77.21731, 28.83822],
          [77.21735, 28.83818],
          [77.21737, 28.83814],
          [77.21739, 28.83811],
          [77.2174, 28.83808],
          [77.2174, 28.83803],
          [77.21742, 28.83798],
          [77.21746, 28.83788],
          [77.21751, 28.83771],
          [77.21756, 28.83755],
          [77.21761, 28.83741],
          [77.21767, 28.83727],
          [77.21772, 28.83713],
          [77.21782, 28.83689],
          [77.21787, 28.83677],
          [77.21794, 28.83664],
          [77.21801, 28.83653],
          [77.2181, 28.83638],
          [77.21827, 28.83615],
          [77.21827, 28.83615],
          [77.21833, 28.83609],
          [77.21841, 28.83602],
          [77.21853, 28.8359],
          [77.21867, 28.83577],
          [77.2188, 28.83564],
          [77.21889, 28.83558],
          [77.21896, 28.83555],
          [77.21901, 28.83552],
          [77.21908, 28.83549],
          [77.21911, 28.83546],
          [77.21914, 28.83544],
          [77.21921, 28.83537],
          [77.21933, 28.83525],
          [77.21943, 28.83514],
          [77.21946, 28.83511],
          [77.21949, 28.83505],
          [77.21957, 28.83499],
          [77.22104, 28.83367],
          [77.22137, 28.83273],
          [77.22163, 28.83224],
          [77.22171, 28.83214],
          [77.22184, 28.83203],
          [77.22187, 28.832],
          [77.22189, 28.83196],
          [77.22194, 28.83188],
          [77.22202, 28.83179],
          [77.22208, 28.83171],
          [77.22217, 28.8316],
          [77.22224, 28.8315],
          [77.22228, 28.83145],
          [77.22231, 28.83138],
          [77.22232, 28.83133],
          [77.22234, 28.83118],
          [77.22234, 28.83117],
          [77.22255, 28.83059],
          [77.22286, 28.82996],
          [77.22297, 28.82978],
          [77.22304, 28.8297],
          [77.22313, 28.82954],
          [77.22323, 28.82938],
          [77.22346, 28.82909],
          [77.22355, 28.829],
          [77.22362, 28.82891],
          [77.22367, 28.8288],
          [77.22373, 28.82867],
          [77.22378, 28.82856],
          [77.22383, 28.82846],
          [77.22386, 28.82838],
          [77.22388, 28.82831],
          [77.22391, 28.82822],
          [77.22393, 28.82816],
          [77.22394, 28.82809],
          [77.22396, 28.82801],
          [77.22397, 28.82792],
          [77.22397, 28.82785],
          [77.22397, 28.82776],
          [77.22397, 28.82769],
          [77.22396, 28.82765],
          [77.22373, 28.82647],
          [77.22353, 28.82597],
          [77.22353, 28.82597],
          [77.22351, 28.82592],
          [77.22343, 28.82579],
          [77.22334, 28.82561],
          [77.22329, 28.82555],
          [77.22326, 28.8255],
          [77.22325, 28.82549],
          [77.22323, 28.82544],
          [77.2232, 28.82533],
          [77.22316, 28.82521],
          [77.22313, 28.82509],
          [77.22308, 28.825],
          [77.22304, 28.82494],
          [77.22304, 28.82494],
          [77.22302, 28.82488],
          [77.22296, 28.82475],
          [77.22288, 28.8246],
          [77.22286, 28.82456],
          [77.22277, 28.82435],
          [77.22273, 28.82426],
          [77.22273, 28.82425],
          [77.22267, 28.82417],
          [77.22263, 28.82411],
          [77.22257, 28.82401],
          [77.22254, 28.82395],
          [77.2225, 28.82389],
          [77.22249, 28.82388],
          [77.22249, 28.82386],
          [77.22248, 28.82386],
          [77.22248, 28.82386],
          [77.22248, 28.82386],
          [77.22248, 28.82385],
          [77.22248, 28.82385],
          [77.22248, 28.82385],
          [77.22244, 28.82378],
          [77.22242, 28.82372],
          [77.2224, 28.82366],
          [77.22239, 28.8236],
          [77.22238, 28.82354],
          [77.22236, 28.82349],
          [77.22233, 28.82343],
          [77.22229, 28.82336],
          [77.22223, 28.8233],
          [77.22219, 28.82325],
          [77.22214, 28.82321],
          [77.22208, 28.82315],
          [77.22202, 28.82309],
          [77.22196, 28.82301],
          [77.2219, 28.82295],
          [77.22186, 28.8229],
          [77.22186, 28.8229],
          [77.22183, 28.82287],
          [77.22183, 28.82287],
          [77.22184, 28.82287],
          [77.22181, 28.82284],
          [77.2218, 28.82284],
          [77.2218, 28.82284],
          [77.22179, 28.82283],
          [77.22179, 28.82283],
          [77.2217, 28.82269],
          [77.22164, 28.82261],
          [77.22144, 28.82244],
          [77.22134, 28.82237],
          [77.22118, 28.82224],
          [77.22083, 28.82199],
          [77.22058, 28.82181],
          [77.22029, 28.82163],
          [77.22017, 28.82156],
          [77.21995, 28.82143],
          [77.21983, 28.82137],
          [77.21975, 28.82132],
          [77.21942, 28.82116],
          [77.21934, 28.82111],
          [77.21924, 28.82105],
          [77.21914, 28.82099],
          [77.21908, 28.82095],
          [77.21886, 28.82087],
          [77.21881, 28.82085],
          [77.21877, 28.82084],
          [77.21873, 28.82083],
          [77.21866, 28.82084],
          [77.21859, 28.82084],
          [77.21854, 28.82084],
          [77.21851, 28.82084],
          [77.21846, 28.82084],
          [77.21842, 28.82082],
          [77.21837, 28.8208],
          [77.21822, 28.82072],
          [77.21817, 28.8207],
          [77.21811, 28.82067],
          [77.21806, 28.82064],
          [77.21794, 28.82057],
          [77.21788, 28.82054],
          [77.21783, 28.82051],
          [77.21767, 28.82043],
          [77.21761, 28.82039],
          [77.21755, 28.82036],
          [77.2175, 28.82034],
          [77.21736, 28.82026],
          [77.2173, 28.82024],
          [77.21725, 28.82021],
          [77.21723, 28.82021],
          [77.21722, 28.8202],
          [77.21719, 28.82019],
          [77.21709, 28.82014],
          [77.21681, 28.82],
          [77.21644, 28.81982],
          [77.21628, 28.81973],
          [77.21627, 28.81973],
          [77.21602, 28.8196],
          [77.21599, 28.81959],
          [77.21593, 28.81955],
          [77.21582, 28.81948],
          [77.21573, 28.81943],
          [77.21565, 28.81938],
          [77.2156, 28.81936],
          [77.21557, 28.81934],
          [77.21554, 28.81932],
          [77.21548, 28.81929],
          [77.21543, 28.81926],
          [77.21538, 28.81923],
          [77.21534, 28.8192],
          [77.21532, 28.81919],
          [77.2153, 28.81917],
          [77.21525, 28.81914],
          [77.21521, 28.81911],
          [77.21516, 28.81908],
          [77.21512, 28.81906],
          [77.21507, 28.81903],
          [77.21505, 28.819],
          [77.21497, 28.81893],
          [77.2149, 28.81887],
          [77.21488, 28.81886],
          [77.21483, 28.81879],
          [77.21476, 28.81873],
          [77.2147, 28.81867],
          [77.21465, 28.81865],
          [77.21455, 28.81869],
          [77.21447, 28.81871],
          [77.21447, 28.81871],
          [77.21446, 28.81867],
          [77.21444, 28.81864],
          [77.21441, 28.81862],
          [77.21435, 28.81856],
          [77.21419, 28.81842],
          [77.21418, 28.81842],
          [77.21408, 28.81844],
          [77.21407, 28.81842],
          [77.21406, 28.81841],
          [77.21403, 28.81837],
          [77.21398, 28.81833],
          [77.21387, 28.81826],
          [77.21379, 28.81822],
          [77.21369, 28.81816],
          [77.2136, 28.81813],
          [77.21355, 28.81811],
          [77.21347, 28.81811],
          [77.21341, 28.8181],
          [77.21341, 28.81808],
          [77.21342, 28.81807],
          [77.21346, 28.818],
          [77.21345, 28.81798],
          [77.21345, 28.81797],
          [77.21344, 28.81796],
          [77.21343, 28.81794],
          [77.21342, 28.81792],
          [77.21339, 28.81788],
          [77.21334, 28.81779],
          [77.21331, 28.81773],
          [77.21329, 28.81769],
          [77.21327, 28.81767],
          [77.21322, 28.81761],
          [77.21319, 28.81758],
          [77.21315, 28.81754],
          [77.21306, 28.81747],
          [77.21303, 28.81743],
          [77.21301, 28.81741],
          [77.2129, 28.81726],
          [77.21286, 28.8172],
          [77.21284, 28.81718],
          [77.21283, 28.81715],
          [77.21278, 28.81709],
          [77.21275, 28.81704],
          [77.21271, 28.81695],
          [77.21267, 28.81685],
          [77.21265, 28.8168],
          [77.21261, 28.81672],
          [77.2126, 28.81669],
          [77.21259, 28.81666],
          [77.21257, 28.81662],
          [77.21256, 28.81659],
          [77.21255, 28.81656],
          [77.21254, 28.81649],
          [77.21253, 28.81645],
          [77.21251, 28.81638],
          [77.21246, 28.81631],
          [77.21242, 28.81626],
          [77.21232, 28.81615],
          [77.21223, 28.81604],
          [77.21216, 28.81599],
          [77.21204, 28.81587],
          [77.21199, 28.81582],
          [77.21193, 28.81577],
          [77.21189, 28.81573],
          [77.21185, 28.8157],
          [77.21181, 28.81569],
          [77.21175, 28.81567],
          [77.2117, 28.81565],
          [77.21165, 28.81564],
          [77.21161, 28.81564],
          [77.21156, 28.81564],
          [77.21149, 28.81565],
          [77.21146, 28.81565],
          [77.21143, 28.81564],
          [77.2114, 28.81564],
          [77.21138, 28.81565],
          [77.21136, 28.81565],
          [77.21134, 28.81565],
          [77.21129, 28.81564],
          [77.21127, 28.81563],
          [77.21126, 28.81563],
          [77.21125, 28.81564],
          [77.21125, 28.81565],
          [77.21124, 28.81567],
          [77.21123, 28.81568],
          [77.21122, 28.81568],
          [77.21119, 28.81568],
          [77.21112, 28.81561],
          [77.2111, 28.81561],
          [77.21105, 28.81564],
          [77.21102, 28.81568],
          [77.211, 28.81571],
          [77.21096, 28.81576],
          [77.21093, 28.81578],
          [77.2109, 28.81581],
          [77.21086, 28.81584],
          [77.21084, 28.81587],
          [77.21081, 28.81598],
          [77.21079, 28.81601],
          [77.21078, 28.81603],
          [77.21075, 28.81604],
          [77.21073, 28.81605],
          [77.2107, 28.81605],
          [77.21066, 28.81605],
          [77.21063, 28.81606],
          [77.21061, 28.81607],
          [77.21061, 28.81608],
          [77.21062, 28.81609],
          [77.2107, 28.81618],
          [77.21076, 28.81623],
          [77.21083, 28.81628],
          [77.21116, 28.81645],
          [77.21117, 28.81646],
          [77.21119, 28.81648],
          [77.2112, 28.81655],
          [77.2112, 28.8166],
          [77.2112, 28.81662],
          [77.21121, 28.81663],
          [77.21122, 28.81672],
          [77.21122, 28.81682],
          [77.21122, 28.81685],
          [77.21122, 28.81687],
          [77.2112, 28.81686],
          [77.21116, 28.81684],
          [77.21107, 28.8168],
          [77.21097, 28.81677],
          [77.21089, 28.81675],
          [77.21088, 28.81674],
          [77.21086, 28.81675],
          [77.21083, 28.81674],
          [77.2108, 28.81674],
          [77.21078, 28.81673],
          [77.21073, 28.8167],
          [77.21069, 28.81666],
          [77.21064, 28.81661],
          [77.21056, 28.81649],
          [77.21048, 28.81636],
          [77.21047, 28.81632],
          [77.21045, 28.81627],
          [77.21041, 28.81615],
          [77.2104, 28.8161],
          [77.21039, 28.81599],
          [77.21038, 28.81595],
          [77.21037, 28.81592],
          [77.21038, 28.8159],
          [77.2104, 28.81588],
          [77.21043, 28.81587],
          [77.21045, 28.81587],
          [77.21056, 28.81584],
          [77.2106, 28.81583],
          [77.21065, 28.81579],
          [77.21068, 28.81577],
          [77.2107, 28.81575],
          [77.21072, 28.81572],
          [77.21073, 28.81569],
          [77.21074, 28.81568],
          [77.21074, 28.81565],
          [77.21075, 28.81557],
          [77.21075, 28.81554],
          [77.21076, 28.81552],
          [77.2108, 28.81543],
          [77.21081, 28.81542],
          [77.21081, 28.81538],
          [77.21081, 28.81533],
          [77.21074, 28.81508],
          [77.2107, 28.81503],
          [77.21069, 28.81501],
          [77.21067, 28.81494],
          [77.21065, 28.81487],
          [77.21065, 28.81484],
          [77.21064, 28.81474],
          [77.21063, 28.81471],
          [77.21062, 28.81467],
          [77.2106, 28.81463],
          [77.21056, 28.81457],
          [77.21052, 28.8145],
          [77.2105, 28.81449],
          [77.21049, 28.81446],
          [77.21049, 28.81445],
          [77.21049, 28.81445],
          [77.21049, 28.8144],
          [77.21048, 28.81435],
          [77.21046, 28.81431],
          [77.21044, 28.81428],
          [77.21043, 28.81425],
          [77.21043, 28.81424],
          [77.21042, 28.8142],
          [77.2104, 28.81417],
          [77.21038, 28.81414],
          [77.21035, 28.81413],
          [77.21031, 28.81411],
          [77.21028, 28.81411],
          [77.21026, 28.81411],
          [77.21025, 28.81412],
          [77.21025, 28.81412],
          [77.21021, 28.81413],
          [77.21021, 28.81413],
          [77.21018, 28.81412],
          [77.21017, 28.81412],
          [77.21017, 28.81409],
          [77.21016, 28.81408],
          [77.21015, 28.81405],
          [77.21014, 28.81403],
          [77.2101, 28.814],
          [77.21004, 28.81399],
          [77.20999, 28.81398],
          [77.20978, 28.81395],
          [77.20974, 28.81394],
          [77.20972, 28.81392],
          [77.2097, 28.8139],
          [77.20969, 28.81387],
          [77.20969, 28.81384],
          [77.20969, 28.81381],
          [77.20969, 28.81378],
          [77.20968, 28.81371],
          [77.20966, 28.81366],
          [77.20965, 28.81361],
          [77.20963, 28.81358],
          [77.20961, 28.81355],
          [77.20957, 28.81347],
          [77.20955, 28.81343],
          [77.20953, 28.81338],
          [77.2095, 28.81334],
          [77.20945, 28.81326],
          [77.20941, 28.81321],
          [77.20939, 28.81317],
          [77.20934, 28.81311],
          [77.2093, 28.81305],
          [77.20927, 28.81299],
          [77.20924, 28.81294],
          [77.2092, 28.81283],
          [77.20919, 28.81279],
          [77.20917, 28.81274],
          [77.20913, 28.81264],
          [77.20906, 28.81251],
          [77.20903, 28.81245],
          [77.209, 28.81242],
          [77.20896, 28.81237],
          [77.20895, 28.81236],
          [77.20893, 28.81233],
          [77.20892, 28.81233],
          [77.20888, 28.81228],
          [77.20886, 28.81225],
          [77.20877, 28.81215],
          [77.20874, 28.81212],
          [77.2087, 28.81208],
          [77.20869, 28.81207],
          [77.20867, 28.81204],
          [77.20866, 28.81204],
          [77.20864, 28.81201],
          [77.20864, 28.812],
          [77.20862, 28.81198],
          [77.2086, 28.81194],
          [77.20859, 28.81192],
          [77.20859, 28.81192],
          [77.20858, 28.8119],
          [77.20858, 28.8119],
          [77.20855, 28.81185],
          [77.20852, 28.81179],
          [77.2085, 28.81175],
          [77.20849, 28.81173],
          [77.20849, 28.81171],
          [77.2085, 28.81169],
          [77.2085, 28.81167],
          [77.20847, 28.81159],
          [77.20845, 28.81154],
          [77.20844, 28.8115],
          [77.2084, 28.81136],
          [77.20839, 28.8113],
          [77.20837, 28.81125],
          [77.20836, 28.81122],
          [77.20834, 28.81116],
          [77.20832, 28.81111],
          [77.20829, 28.81102],
          [77.20827, 28.81098],
          [77.20825, 28.81094],
          [77.20823, 28.8109],
          [77.20826, 28.81089]
        ]
      ]
    ]
  }
}
