{
  "type": "Feature",
  "id": "TS-AC-103",
  "properties": {
    "stateName": "TELANGANA",
    "stateCode": "TS",
    "districtName": "WARANGAL",
    "acNo": 103,
    "acName": "PARKAL",
    "seatType": null,
    "pcNo": null,
    "pcName": null,
    "quality": "unverified",
    "sources": [
      "TBD"
    ]
  },
  "geometry": {
    "type": "Polygon",
    "coordinates": [
      [
        [79.61977, 18.26819],
        [79.62109, 18.2687],
        [79.62268, 18.26922],
        [79.624, 18.26973],
        [79.6252, 18.27047],
        [79.62668, 18.2719],
        [79.62696, 18.27283],
        [79.62908, 18.27307],
        [79.62924, 18.27316],
        [79.62965, 18.27332],
        [79.63021, 18.27337],
        [79.63059, 18.27315],
        [79.63067, 18.27311],
        [79.63073, 18.27308],
        [79.63082, 18.27296],
        [79.63283, 18.26942],
        [79.63326, 18.26995],
        [79.63336, 18.2701],
        [79.63352, 18.27008],
        [79.63441, 18.26996],
        [79.63455, 18.26992],
        [79.63488, 18.26982],
        [79.635, 18.26977],
        [79.63516, 18.26971],
        [79.63537, 18.26969],
        [79.63649, 18.26933],
        [79.63663, 18.26927],
        [79.63672, 18.26922],
        [79.63694, 18.26911],
        [79.63705, 18.26906],
        [79.63722, 18.26898],
        [79.63785, 18.26871],
        [79.63803, 18.26864],
        [79.63815, 18.26858],
        [79.63848, 18.26847],
        [79.63894, 18.26831],
        [79.63901, 18.26819],
        [79.63929, 18.26733],
        [79.63937, 18.26717],
        [79.63949, 18.26712],
        [79.6399, 18.26693],
        [79.64014, 18.26687],
        [79.6403, 18.26682],
        [79.64065, 18.26668],
        [79.64058, 18.26657],
        [79.6401, 18.26582],
        [79.64002, 18.26571],
        [79.64011, 18.26563],
        [79.64025, 18.26552],
        [79.64072, 18.26508],
        [79.64059, 18.26489],
        [79.64076, 18.26431],
        [79.6407, 18.2638],
        [79.64056, 18.2635],
        [79.6405, 18.26335],
        [79.64065, 18.26325],
        [79.64204, 18.26244],
        [79.6422, 18.26235],
        [79.6423, 18.26233],
        [79.64364, 18.26185],
        [79.64378, 18.26182],
        [79.64376, 18.26168],
        [79.64371, 18.2615],
        [79.64367, 18.26132],
        [79.64438, 18.26115],
        [79.64682, 18.26033],
        [79.64693, 18.26026],
        [79.64704, 18.26017],
        [79.64699, 18.26006],
        [79.64668, 18.25922],
        [79.64626, 18.25937],
        [79.64585, 18.2587],
        [79.64578, 18.25855],
        [79.64588, 18.25849],
        [79.64607, 18.25843],
        [79.64607, 18.25792],
        [79.64609, 18.25779],
        [79.64622, 18.25771],
        [79.64734, 18.2573],
        [79.64951, 18.25723],
        [79.65028, 18.25736],
        [79.65043, 18.25743],
        [79.65056, 18.25737],
        [79.65071, 18.25734],
        [79.65093, 18.25723],
        [79.65116, 18.25711],
        [79.65131, 18.25709],
        [79.6514, 18.25705],
        [79.65158, 18.25696],
        [79.65289, 18.25628],
        [79.65302, 18.25624],
        [79.65301, 18.25614],
        [79.65288, 18.25485],
        [79.65358, 18.25463],
        [79.65374, 18.25459],
        [79.65385, 18.25454],
        [79.65411, 18.25442],
        [79.65448, 18.25434],
        [79.65444, 18.25418],
        [79.65427, 18.25352],
        [79.65428, 18.2534],
        [79.65425, 18.25321],
        [79.65435, 18.2532],
        [79.6548, 18.25314],
        [79.655, 18.25312],
        [79.65523, 18.25309],
        [79.65525, 18.25309],
        [79.65526, 18.25309],
        [79.65535, 18.2531],
        [79.65545, 18.25307],
        [79.65596, 18.25301],
        [79.65598, 18.25301],
        [79.65659, 18.25296],
        [79.65716, 18.2529],
        [79.6572, 18.25289],
        [79.65729, 18.25289],
        [79.65763, 18.25287],
        [79.65814, 18.25284],
        [79.65816, 18.25284],
        [79.65819, 18.25284],
        [79.65821, 18.25284],
        [79.6583, 18.25284],
        [79.65891, 18.25282],
        [79.65916, 18.25291],
        [79.65987, 18.2532],
        [79.66029, 18.25333],
        [79.66042, 18.25333],
        [79.66047, 18.25333],
        [79.66053, 18.25332],
        [79.66055, 18.25332],
        [79.66069, 18.25331],
        [79.66093, 18.25334],
        [79.66104, 18.25335],
        [79.66119, 18.25337],
        [79.66147, 18.25329],
        [79.66149, 18.25328],
        [79.66177, 18.2532],
        [79.66188, 18.25332],
        [79.66195, 18.25342],
        [79.66192, 18.2537],
        [79.66258, 18.2543],
        [79.66258, 18.25434],
        [79.66257, 18.25444],
        [79.66256, 18.25527],
        [79.66258, 18.25569],
        [79.66265, 18.25592],
        [79.66287, 18.25612],
        [79.66421, 18.25581],
        [79.66477, 18.25569],
        [79.66492, 18.25561],
        [79.66505, 18.25558],
        [79.66572, 18.25534],
        [79.66637, 18.25519],
        [79.66683, 18.25517],
        [79.66712, 18.2552],
        [79.66726, 18.25521],
        [79.66732, 18.25522],
        [79.66737, 18.25524],
        [79.66795, 18.25542],
        [79.66812, 18.2555],
        [79.66855, 18.25569],
        [79.66975, 18.25611],
        [79.66975, 18.25594],
        [79.66976, 18.25577],
        [79.66979, 18.25539],
        [79.66969, 18.25496],
        [79.66992, 18.255],
        [79.67041, 18.25527],
        [79.67156, 18.25574],
        [79.67198, 18.25592],
        [79.67277, 18.25639],
        [79.67316, 18.25674],
        [79.67346, 18.2569],
        [79.67415, 18.25728],
        [79.67436, 18.25756],
        [79.67484, 18.25804],
        [79.67528, 18.25848],
        [79.67548, 18.25871],
        [79.67574, 18.25857],
        [79.67586, 18.25877],
        [79.67656, 18.25965],
        [79.67734, 18.26049],
        [79.67784, 18.26098],
        [79.67847, 18.26147],
        [79.67871, 18.26165],
        [79.67905, 18.26194],
        [79.67936, 18.26229],
        [79.67966, 18.26246],
        [79.68015, 18.26276],
        [79.68035, 18.26281],
        [79.68054, 18.2628],
        [79.68106, 18.26388],
        [79.68125, 18.26401],
        [79.68151, 18.26411],
        [79.68209, 18.26469],
        [79.68284, 18.26527],
        [79.68301, 18.26617],
        [79.68355, 18.26612],
        [79.68397, 18.2662],
        [79.68416, 18.2663],
        [79.68441, 18.26629],
        [79.68495, 18.26652],
        [79.68522, 18.26672],
        [79.6856, 18.26705],
        [79.68605, 18.26746],
        [79.68628, 18.26783],
        [79.68654, 18.26827],
        [79.68664, 18.26862],
        [79.68664, 18.26883],
        [79.68656, 18.26911],
        [79.68647, 18.2694],
        [79.6864, 18.26968],
        [79.68708, 18.2698],
        [79.68732, 18.27038],
        [79.68764, 18.27091],
        [79.68802, 18.27155],
        [79.68891, 18.27243],
        [79.68937, 18.27287],
        [79.68994, 18.27354],
        [79.68996, 18.27356],
        [79.69044, 18.27418],
        [79.69134, 18.27494],
        [79.69172, 18.27539],
        [79.69162, 18.27547],
        [79.69211, 18.27594],
        [79.69324, 18.27719],
        [79.69438, 18.27841],
        [79.69599, 18.279],
        [79.69604, 18.27905],
        [79.69624, 18.27924],
        [79.69626, 18.27922],
        [79.69643, 18.27885],
        [79.69665, 18.27838],
        [79.69724, 18.2771],
        [79.69851, 18.27568],
        [79.69934, 18.27474],
        [79.7002, 18.27406],
        [79.70224, 18.27259],
        [79.70299, 18.27092],
        [79.70296, 18.2708],
        [79.70203, 18.26907],
        [79.70105, 18.26735],
        [79.70097, 18.26708],
        [79.70057, 18.26593],
        [79.70017, 18.26416],
        [79.70004, 18.26265],
        [79.70001, 18.26242],
        [79.69985, 18.26132],
        [79.69991, 18.26063],
        [79.69877, 18.26065],
        [79.69854, 18.26068],
        [79.69847, 18.26024],
        [79.69838, 18.26009],
        [79.69838, 18.25996],
        [79.69843, 18.25985],
        [79.69844, 18.25969],
        [79.69842, 18.25952],
        [79.69847, 18.25942],
        [79.69857, 18.25916],
        [79.69855, 18.25898],
        [79.69856, 18.25871],
        [79.6987, 18.25847],
        [79.69842, 18.258],
        [79.69816, 18.258],
        [79.69823, 18.25747],
        [79.69831, 18.25701],
        [79.69828, 18.25661],
        [79.69824, 18.25602],
        [79.69807, 18.25544],
        [79.69798, 18.25512],
        [79.69791, 18.25482],
        [79.69785, 18.25457],
        [79.69783, 18.25425],
        [79.6978, 18.25369],
        [79.69777, 18.25343],
        [79.69772, 18.25306],
        [79.69776, 18.25286],
        [79.69762, 18.25292],
        [79.69742, 18.25241],
        [79.6967, 18.25206],
        [79.69692, 18.25131],
        [79.69666, 18.25155],
        [79.6961, 18.25124],
        [79.69636, 18.25093],
        [79.69566, 18.25108],
        [79.69557, 18.2507],
        [79.69555, 18.25058],
        [79.69561, 18.25058],
        [79.69577, 18.25064],
        [79.69584, 18.25066],
        [79.69593, 18.25065],
        [79.69614, 18.25062],
        [79.69624, 18.25058],
        [79.69633, 18.25056],
        [79.69659, 18.25047],
        [79.69666, 18.25048],
        [79.69671, 18.25046],
        [79.69681, 18.25041],
        [79.69695, 18.25034],
        [79.6972, 18.25017],
        [79.69779, 18.24952],
        [79.69801, 18.24874],
        [79.69803, 18.24869],
        [79.6985, 18.24864],
        [79.69847, 18.24751],
        [79.69847, 18.24742],
        [79.69844, 18.24735],
        [79.6984, 18.24726],
        [79.69838, 18.24721],
        [79.69829, 18.24702],
        [79.69828, 18.24688],
        [79.69826, 18.24658],
        [79.69828, 18.24652],
        [79.69873, 18.24655],
        [79.69885, 18.2464],
        [79.69898, 18.24641],
        [79.69934, 18.24645],
        [79.69976, 18.24654],
        [79.69988, 18.24655],
        [79.7006, 18.24661],
        [79.70116, 18.24648],
        [79.70205, 18.24643],
        [79.70207, 18.24619],
        [79.70208, 18.24602],
        [79.7021, 18.24585],
        [79.70221, 18.24551],
        [79.70231, 18.2452],
        [79.70245, 18.2452],
        [79.70253, 18.24519],
        [79.70254, 18.24504],
        [79.70256, 18.24499],
        [79.70263, 18.24481],
        [79.70265, 18.24474],
        [79.70285, 18.24443],
        [79.70289, 18.24437],
        [79.70306, 18.24395],
        [79.70311, 18.2439],
        [79.70316, 18.24366],
        [79.70325, 18.24339],
        [79.7033, 18.24329],
        [79.7034, 18.24307],
        [79.70359, 18.24265],
        [79.70373, 18.24225],
        [79.70428, 18.2422],
        [79.70435, 18.2422],
        [79.70491, 18.24219],
        [79.70531, 18.24219],
        [79.70558, 18.24217],
        [79.7057, 18.24215],
        [79.70577, 18.24215],
        [79.70615, 18.24194],
        [79.70636, 18.24183],
        [79.70679, 18.2416],
        [79.70693, 18.24152],
        [79.70706, 18.24147],
        [79.70753, 18.24126],
        [79.70776, 18.24116],
        [79.7079, 18.2411],
        [79.7084, 18.24099],
        [79.70924, 18.24082],
        [79.7094, 18.24076],
        [79.70936, 18.24022],
        [79.70951, 18.24004],
        [79.70987, 18.2396],
        [79.71032, 18.23907],
        [79.71023, 18.23889],
        [79.71019, 18.23876],
        [79.7103, 18.23875],
        [79.71044, 18.23871],
        [79.7108, 18.23862],
        [79.7109, 18.23859],
        [79.71092, 18.23851],
        [79.71095, 18.23838],
        [79.71107, 18.23836],
        [79.71113, 18.23834],
        [79.71125, 18.23835],
        [79.71137, 18.23836],
        [79.71147, 18.23832],
        [79.71195, 18.23813],
        [79.71201, 18.2381],
        [79.71211, 18.23806],
        [79.71212, 18.23828],
        [79.71213, 18.2386],
        [79.71218, 18.23862],
        [79.71231, 18.23868],
        [79.71258, 18.23871],
        [79.71281, 18.23876],
        [79.71287, 18.23877],
        [79.71313, 18.23881],
        [79.71318, 18.23871],
        [79.71321, 18.23865],
        [79.71323, 18.23859],
        [79.71331, 18.23857],
        [79.71338, 18.23841],
        [79.71443, 18.23577],
        [79.71456, 18.23545],
        [79.7146, 18.23527],
        [79.7147, 18.23484],
        [79.71495, 18.23377],
        [79.71519, 18.23275],
        [79.71536, 18.23205],
        [79.71544, 18.23168],
        [79.71553, 18.23133],
        [79.7155, 18.23122],
        [79.71533, 18.23064],
        [79.71506, 18.22967],
        [79.71492, 18.22916],
        [79.71475, 18.22857],
        [79.71465, 18.22737],
        [79.71464, 18.22726],
        [79.71502, 18.22671],
        [79.71594, 18.22538],
        [79.71617, 18.22506],
        [79.71625, 18.22495],
        [79.71638, 18.22465],
        [79.71663, 18.22407],
        [79.71669, 18.22393],
        [79.71687, 18.22355],
        [79.7169, 18.22345],
        [79.71693, 18.22322],
        [79.71697, 18.22298],
        [79.71702, 18.22263],
        [79.71703, 18.22151],
        [79.71703, 18.22106],
        [79.71692, 18.22027],
        [79.71662, 18.21801],
        [79.71659, 18.2179],
        [79.71752, 18.21611],
        [79.71758, 18.216],
        [79.71769, 18.21579],
        [79.71783, 18.21578],
        [79.71935, 18.21593],
        [79.71943, 18.21595],
        [79.71948, 18.21611],
        [79.71967, 18.21621],
        [79.72003, 18.21614],
        [79.72035, 18.21608],
        [79.72092, 18.21598],
        [79.72131, 18.21591],
        [79.7217, 18.21583],
        [79.72177, 18.21582],
        [79.72186, 18.21581],
        [79.72201, 18.21577],
        [79.72233, 18.21568],
        [79.72253, 18.2156],
        [79.72267, 18.21555],
        [79.7228, 18.21553],
        [79.72366, 18.21533],
        [79.72373, 18.21531],
        [79.7237, 18.21498],
        [79.72362, 18.21486],
        [79.72359, 18.21472],
        [79.72338, 18.21402],
        [79.72334, 18.21388],
        [79.72324, 18.21357],
        [79.72318, 18.21334],
        [79.7231, 18.2131],
        [79.72304, 18.21298],
        [79.72299, 18.21284],
        [79.72294, 18.21247],
        [79.72306, 18.21249],
        [79.72411, 18.21233],
        [79.72412, 18.21176],
        [79.72412, 18.21152],
        [79.72418, 18.2113],
        [79.72423, 18.21116],
        [79.72425, 18.21102],
        [79.72437, 18.21047],
        [79.72438, 18.21038],
        [79.72443, 18.21011],
        [79.72454, 18.20943],
        [79.72482, 18.20951],
        [79.72595, 18.20786],
        [79.72599, 18.20773],
        [79.72596, 18.20756],
        [79.72565, 18.20682],
        [79.72546, 18.20637],
        [79.7254, 18.20615],
        [79.7254, 18.20604],
        [79.72603, 18.20597],
        [79.72606, 18.20607],
        [79.72605, 18.20616],
        [79.72603, 18.20626],
        [79.72622, 18.20644],
        [79.72637, 18.20658],
        [79.72655, 18.20642],
        [79.72682, 18.20634],
        [79.72705, 18.20627],
        [79.7271, 18.20627],
        [79.72755, 18.20629],
        [79.7276, 18.20629],
        [79.72806, 18.20631],
        [79.72862, 18.20634],
        [79.72877, 18.20552],
        [79.72881, 18.2054],
        [79.72896, 18.20543],
        [79.72943, 18.20557],
        [79.72995, 18.20572],
        [79.73036, 18.20571],
        [79.73049, 18.20571],
        [79.73048, 18.20565],
        [79.73047, 18.20559],
        [79.73042, 18.20537],
        [79.73025, 18.20466],
        [79.73021, 18.20449],
        [79.73019, 18.20438],
        [79.73018, 18.20429],
        [79.73017, 18.2042],
        [79.73012, 18.20409],
        [79.73022, 18.20405],
        [79.73028, 18.20402],
        [79.73043, 18.20395],
        [79.73125, 18.20352],
        [79.73143, 18.20343],
        [79.73142, 18.20333],
        [79.73138, 18.20308],
        [79.73136, 18.20289],
        [79.73134, 18.20276],
        [79.73132, 18.20262],
        [79.73234, 18.20246],
        [79.73254, 18.20246],
        [79.7325, 18.20229],
        [79.73244, 18.20196],
        [79.73255, 18.20193],
        [79.73263, 18.20184],
        [79.73358, 18.19968],
        [79.73361, 18.19961],
        [79.73359, 18.19942],
        [79.73357, 18.19934],
        [79.73358, 18.19918],
        [79.73336, 18.19861],
        [79.73308, 18.19809],
        [79.73301, 18.19796],
        [79.73294, 18.19789],
        [79.73272, 18.19772],
        [79.73252, 18.19757],
        [79.73222, 18.19742],
        [79.7321, 18.19736],
        [79.73202, 18.19732],
        [79.73195, 18.19728],
        [79.73184, 18.19729],
        [79.73175, 18.19724],
        [79.73131, 18.19718],
        [79.73081, 18.19714],
        [79.73064, 18.19713],
        [79.73054, 18.19713],
        [79.73026, 18.19712],
        [79.73018, 18.19712],
        [79.72976, 18.19706],
        [79.7296, 18.19704],
        [79.72952, 18.19699],
        [79.72913, 18.19689],
        [79.72901, 18.19685],
        [79.72876, 18.19678],
        [79.7286, 18.19674],
        [79.72847, 18.19675],
        [79.72834, 18.19671],
        [79.7276, 18.19656],
        [79.72724, 18.19649],
        [79.72606, 18.19642],
        [79.72601, 18.19739],
        [79.72602, 18.19751],
        [79.72589, 18.19751],
        [79.72406, 18.19769],
        [79.72391, 18.19771],
        [79.72396, 18.19754],
        [79.72397, 18.19734],
        [79.72398, 18.1972],
        [79.72387, 18.19694],
        [79.72379, 18.19674],
        [79.7236, 18.19683],
        [79.72327, 18.19698],
        [79.72317, 18.19703],
        [79.72308, 18.19706],
        [79.7231, 18.19662],
        [79.72311, 18.19631],
        [79.72325, 18.19565],
        [79.72334, 18.19559],
        [79.72412, 18.19502],
        [79.72453, 18.19473],
        [79.72456, 18.19435],
        [79.72487, 18.19424],
        [79.72563, 18.19395],
        [79.7264, 18.19366],
        [79.72699, 18.19344],
        [79.72721, 18.19327],
        [79.72796, 18.19272],
        [79.72882, 18.19237],
        [79.72876, 18.19218],
        [79.72873, 18.19206],
        [79.7287, 18.19196],
        [79.72866, 18.19193],
        [79.72851, 18.19184],
        [79.72845, 18.1918],
        [79.7284, 18.19177],
        [79.72825, 18.19168],
        [79.72816, 18.19162],
        [79.72794, 18.19085],
        [79.72789, 18.19066],
        [79.72778, 18.19059],
        [79.72732, 18.19031],
        [79.72727, 18.19027],
        [79.72719, 18.189],
        [79.72718, 18.18873],
        [79.72716, 18.18843],
        [79.72724, 18.18809],
        [79.72699, 18.18751],
        [79.72686, 18.18721],
        [79.72678, 18.18707],
        [79.72662, 18.18696],
        [79.72552, 18.18583],
        [79.7252, 18.18529],
        [79.72491, 18.18454],
        [79.72484, 18.18422],
        [79.72471, 18.18353],
        [79.72476, 18.18336],
        [79.72443, 18.18309],
        [79.72426, 18.18296],
        [79.72353, 18.18258],
        [79.72289, 18.18201],
        [79.72282, 18.18196],
        [79.72256, 18.18176],
        [79.72226, 18.18157],
        [79.72187, 18.18134],
        [79.72174, 18.18126],
        [79.72163, 18.18117],
        [79.72089, 18.18068],
        [79.7207, 18.18051],
        [79.72048, 18.18042],
        [79.72035, 18.18037],
        [79.72015, 18.18022],
        [79.71997, 18.18008],
        [79.71971, 18.17989],
        [79.71955, 18.17986],
        [79.71887, 18.17931],
        [79.71851, 18.17881],
        [79.71833, 18.17862],
        [79.71782, 18.17807],
        [79.71744, 18.17744],
        [79.71752, 18.17727],
        [79.71762, 18.17704],
        [79.71781, 18.1766],
        [79.71775, 18.1766],
        [79.71773, 18.17646],
        [79.7176, 18.17623],
        [79.71735, 18.17572],
        [79.71726, 18.17562],
        [79.7173, 18.17555],
        [79.7174, 18.17525],
        [79.7173, 18.17516],
        [79.71727, 18.17512],
        [79.71731, 18.17492],
        [79.71729, 18.17487],
        [79.71728, 18.17477],
        [79.7176, 18.17439],
        [79.71771, 18.17426],
        [79.71771, 18.17415],
        [79.71771, 18.17394],
        [79.71776, 18.17388],
        [79.71766, 18.17378],
        [79.71795, 18.1737],
        [79.71805, 18.17366],
        [79.71805, 18.17352],
        [79.71805, 18.17345],
        [79.71805, 18.17335],
        [79.71818, 18.17337],
        [79.71823, 18.17329],
        [79.71828, 18.17315],
        [79.71836, 18.17312],
        [79.71847, 18.17316],
        [79.71862, 18.17322],
        [79.7187, 18.17318],
        [79.71878, 18.17316],
        [79.71889, 18.17323],
        [79.71892, 18.17333],
        [79.71904, 18.1733],
        [79.71916, 18.17328],
        [79.71925, 18.17319],
        [79.71926, 18.17311],
        [79.71925, 18.1729],
        [79.71911, 18.17263],
        [79.71913, 18.17246],
        [79.71915, 18.1723],
        [79.71916, 18.17222],
        [79.71914, 18.17212],
        [79.71912, 18.172],
        [79.71909, 18.17189],
        [79.7193, 18.17185],
        [79.71943, 18.17184],
        [79.7194, 18.1717],
        [79.71939, 18.1716],
        [79.7194, 18.17154],
        [79.71937, 18.17142],
        [79.71933, 18.17114],
        [79.71931, 18.17098],
        [79.7193, 18.17083],
        [79.7193, 18.17069],
        [79.71931, 18.17058],
        [79.71931, 18.17043],
        [79.71928, 18.17031],
        [79.71927, 18.17021],
        [79.71928, 18.17012],
        [79.71939, 18.17009],
        [79.71951, 18.17007],
        [79.71969, 18.17004],
        [79.71982, 18.16999],
        [79.71992, 18.16995],
        [79.72002, 18.16991],
        [79.7201, 18.16987],
        [79.72013, 18.16953],
        [79.72009, 18.16912],
        [79.72008, 18.16896],
        [79.71996, 18.1686],
        [79.72002, 18.16842],
        [79.71991, 18.16814],
        [79.71982, 18.16793],
        [79.71998, 18.16775],
        [79.72009, 18.16767],
        [79.72019, 18.16749],
        [79.72019, 18.16731],
        [79.7202, 18.16652],
        [79.72012, 18.16624],
        [79.72004, 18.16603],
        [79.71999, 18.16602],
        [79.72, 18.16558],
        [79.72001, 18.16543],
        [79.72004, 18.16488],
        [79.72019, 18.16483],
        [79.72032, 18.16481],
        [79.72034, 18.16476],
        [79.72042, 18.16462],
        [79.72051, 18.16454],
        [79.72071, 18.16441],
        [79.72076, 18.16437],
        [79.72097, 18.16434],
        [79.72081, 18.16272],
        [79.72069, 18.16149],
        [79.72068, 18.16139],
        [79.72062, 18.16078],
        [79.7205, 18.1597],
        [79.72046, 18.15935],
        [79.72082, 18.15894],
        [79.7212, 18.15853],
        [79.72127, 18.15801],
        [79.72149, 18.15769],
        [79.72239, 18.15636],
        [79.72264, 18.15624],
        [79.7226, 18.1562],
        [79.72242, 18.15606],
        [79.7222, 18.15589],
        [79.72213, 18.15584],
        [79.72184, 18.15555],
        [79.72171, 18.15508],
        [79.72179, 18.15488],
        [79.72167, 18.1546],
        [79.72165, 18.15454],
        [79.72154, 18.15427],
        [79.72133, 18.15365],
        [79.72112, 18.15338],
        [79.72094, 18.15339],
        [79.7209, 18.15319],
        [79.7208, 18.15308],
        [79.7207, 18.15314],
        [79.72042, 18.15295],
        [79.72033, 18.15298],
        [79.72033, 18.15314],
        [79.72043, 18.15316],
        [79.72047, 18.15331],
        [79.72042, 18.15332],
        [79.72023, 18.15336],
        [79.72017, 18.15338],
        [79.72013, 18.15325],
        [79.72001, 18.15285],
        [79.71989, 18.15245],
        [79.71913, 18.15248],
        [79.71882, 18.15256],
        [79.71868, 18.15251],
        [79.71851, 18.15246],
        [79.71845, 18.15244],
        [79.71828, 18.15216],
        [79.71822, 18.15211],
        [79.71815, 18.15208],
        [79.71794, 18.15206],
        [79.71775, 18.15195],
        [79.71734, 18.15167],
        [79.7173, 18.15164],
        [79.71728, 18.15199],
        [79.71728, 18.15211],
        [79.71727, 18.15244],
        [79.71726, 18.15253],
        [79.71722, 18.15305],
        [79.71681, 18.15305],
        [79.71661, 18.15305],
        [79.71649, 18.15307],
        [79.7163, 18.15306],
        [79.71619, 18.15303],
        [79.71612, 18.15305],
        [79.71576, 18.15315],
        [79.71566, 18.15316],
        [79.71553, 18.15319],
        [79.7154, 18.1532],
        [79.71468, 18.15329],
        [79.71457, 18.15329],
        [79.71448, 18.15329],
        [79.71433, 18.15328],
        [79.71396, 18.1533],
        [79.71385, 18.15331],
        [79.71373, 18.15331],
        [79.71321, 18.15335],
        [79.7131, 18.15333],
        [79.71308, 18.15325],
        [79.71292, 18.15287],
        [79.71286, 18.15276],
        [79.71278, 18.15269],
        [79.71267, 18.15262],
        [79.71235, 18.15251],
        [79.71226, 18.15247],
        [79.71209, 18.15237],
        [79.71131, 18.15198],
        [79.71103, 18.15164],
        [79.71098, 18.15166],
        [79.71065, 18.15176],
        [79.71061, 18.15168],
        [79.71061, 18.15159],
        [79.71059, 18.15148],
        [79.71047, 18.1509],
        [79.71027, 18.14998],
        [79.71024, 18.14985],
        [79.7103, 18.14941],
        [79.7103, 18.14935],
        [79.7103, 18.14925],
        [79.71033, 18.1491],
        [79.71036, 18.14878],
        [79.71038, 18.14855],
        [79.7104, 18.14825],
        [79.7104, 18.14813],
        [79.71038, 18.148],
        [79.71021, 18.14741],
        [79.71018, 18.14733],
        [79.71016, 18.14722],
        [79.71015, 18.14716],
        [79.71016, 18.14708],
        [79.70997, 18.14618],
        [79.70989, 18.14588],
        [79.70978, 18.14536],
        [79.70975, 18.14523],
        [79.70972, 18.14508],
        [79.70964, 18.14454],
        [79.70963, 18.14437],
        [79.7095, 18.14437],
        [79.70927, 18.14432],
        [79.70916, 18.14397],
        [79.70905, 18.14358],
        [79.70867, 18.14232],
        [79.70835, 18.14127],
        [79.70793, 18.13988],
        [79.7078, 18.1395],
        [79.70707, 18.13725],
        [79.70639, 18.13504],
        [79.70601, 18.13525],
        [79.70532, 18.13567],
        [79.70521, 18.13574],
        [79.70351, 18.13676],
        [79.70275, 18.13722],
        [79.7016, 18.1378],
        [79.70127, 18.138],
        [79.7005, 18.13846],
        [79.69991, 18.13876],
        [79.69982, 18.13881],
        [79.69962, 18.13931],
        [79.69954, 18.1395],
        [79.69837, 18.13937],
        [79.69784, 18.13929],
        [79.69712, 18.13919],
        [79.69687, 18.13916],
        [79.69599, 18.13914],
        [79.69576, 18.13913],
        [79.69553, 18.1391],
        [79.69504, 18.13899],
        [79.69469, 18.13891],
        [79.69452, 18.13888],
        [79.69328, 18.13865],
        [79.69262, 18.13853],
        [79.69251, 18.13851],
        [79.69242, 18.13851],
        [79.69084, 18.13845],
        [79.69054, 18.13844],
        [79.69046, 18.13843],
        [79.69014, 18.13838],
        [79.69005, 18.13836],
        [79.69, 18.13835],
        [79.68984, 18.13833],
        [79.68966, 18.1383],
        [79.68954, 18.13827],
        [79.68942, 18.13825],
        [79.6893, 18.13823],
        [79.68881, 18.13815],
        [79.68767, 18.13831],
        [79.68736, 18.13836],
        [79.68681, 18.13849],
        [79.68662, 18.13854],
        [79.68509, 18.13885],
        [79.68487, 18.1388],
        [79.68472, 18.13877],
        [79.68462, 18.1388],
        [79.68449, 18.13878],
        [79.68435, 18.13878],
        [79.68423, 18.1388],
        [79.68419, 18.13874],
        [79.68415, 18.13867],
        [79.684, 18.13864],
        [79.68378, 18.13864],
        [79.68365, 18.13865],
        [79.68352, 18.13866],
        [79.68304, 18.13874],
        [79.68279, 18.13879],
        [79.68252, 18.13885],
        [79.68204, 18.13892],
        [79.68176, 18.13893],
        [79.6816, 18.13897],
        [79.68154, 18.13898],
        [79.68135, 18.1391],
        [79.68129, 18.13913],
        [79.68102, 18.13924],
        [79.68074, 18.1393],
        [79.68045, 18.13938],
        [79.68028, 18.13944],
        [79.68015, 18.1395],
        [79.68007, 18.13952],
        [79.67979, 18.13958],
        [79.67976, 18.13991],
        [79.67962, 18.13994],
        [79.67948, 18.13997],
        [79.67934, 18.14001],
        [79.67927, 18.14002],
        [79.67909, 18.14004],
        [79.67899, 18.14005],
        [79.6789, 18.14007],
        [79.67877, 18.14007],
        [79.6787, 18.14012],
        [79.67864, 18.14013],
        [79.6785, 18.14015],
        [79.67815, 18.14024],
        [79.67768, 18.14037],
        [79.67753, 18.1404],
        [79.67751, 18.14056],
        [79.67747, 18.14067],
        [79.67742, 18.14085],
        [79.6773, 18.14124],
        [79.67728, 18.1413],
        [79.67726, 18.14137],
        [79.67719, 18.14167],
        [79.67717, 18.14186],
        [79.67707, 18.14241],
        [79.67691, 18.1428],
        [79.6768, 18.14307],
        [79.67643, 18.14395],
        [79.67641, 18.144],
        [79.67632, 18.14413],
        [79.67619, 18.14431],
        [79.6757, 18.14454],
        [79.67519, 18.14472],
        [79.6744, 18.14498],
        [79.67432, 18.14501],
        [79.67425, 18.14502],
        [79.67407, 18.14506],
        [79.6739, 18.14512],
        [79.67247, 18.14573],
        [79.67224, 18.14585],
        [79.67189, 18.14602],
        [79.67119, 18.14637],
        [79.67102, 18.14643],
        [79.67093, 18.14647],
        [79.67049, 18.14661],
        [79.67005, 18.14675],
        [79.66996, 18.14678],
        [79.66985, 18.1468],
        [79.66965, 18.14683],
        [79.66917, 18.147],
        [79.66899, 18.14706],
        [79.66892, 18.14709],
        [79.66884, 18.14712],
        [79.66877, 18.14714],
        [79.66865, 18.14716],
        [79.66851, 18.14719],
        [79.66838, 18.14723],
        [79.66825, 18.14728],
        [79.66782, 18.14738],
        [79.66768, 18.14744],
        [79.66729, 18.14755],
        [79.66717, 18.14759],
        [79.66709, 18.14762],
        [79.66702, 18.14765],
        [79.66696, 18.14766],
        [79.66664, 18.14771],
        [79.66654, 18.14774],
        [79.66638, 18.14776],
        [79.66623, 18.14778],
        [79.66613, 18.1478],
        [79.66598, 18.14782],
        [79.66573, 18.14789],
        [79.66541, 18.14798],
        [79.66526, 18.14802],
        [79.6651, 18.14809],
        [79.66397, 18.14855],
        [79.66388, 18.1486],
        [79.66378, 18.14866],
        [79.66358, 18.14876],
        [79.66321, 18.1489],
        [79.66315, 18.1489],
        [79.66311, 18.14881],
        [79.66308, 18.14875],
        [79.66298, 18.14865],
        [79.66292, 18.14859],
        [79.66228, 18.14797],
        [79.66222, 18.14791],
        [79.66213, 18.1478],
        [79.66208, 18.14773],
        [79.66124, 18.14689],
        [79.66107, 18.14659],
        [79.66092, 18.14635],
        [79.66086, 18.14625],
        [79.66079, 18.14616],
        [79.66055, 18.14582],
        [79.66043, 18.14565],
        [79.66028, 18.14536],
        [79.66007, 18.14496],
        [79.66001, 18.14487],
        [79.65971, 18.14432],
        [79.65969, 18.14422],
        [79.65968, 18.14413],
        [79.65964, 18.14367],
        [79.65959, 18.14326],
        [79.65957, 18.14318],
        [79.65959, 18.14306],
        [79.65959, 18.14288],
        [79.65962, 18.14259],
        [79.65957, 18.14212],
        [79.65957, 18.14204],
        [79.65956, 18.14191],
        [79.65953, 18.1414],
        [79.65952, 18.14129],
        [79.65949, 18.1412],
        [79.65947, 18.14095],
        [79.65942, 18.14051],
        [79.65941, 18.14044],
        [79.65937, 18.13994],
        [79.65936, 18.13975],
        [79.65937, 18.13963],
        [79.65939, 18.13953],
        [79.65942, 18.13942],
        [79.65944, 18.13904],
        [79.65944, 18.13883],
        [79.65943, 18.13874],
        [79.65939, 18.13836],
        [79.65936, 18.13798],
        [79.65933, 18.13757],
        [79.65931, 18.13743],
        [79.65931, 18.13724],
        [79.65923, 18.13698],
        [79.65904, 18.13654],
        [79.65888, 18.13614],
        [79.65878, 18.1359],
        [79.65875, 18.13585],
        [79.65869, 18.13576],
        [79.65864, 18.13565],
        [79.65858, 18.13551],
        [79.65841, 18.13515],
        [79.65824, 18.13484],
        [79.65797, 18.13435],
        [79.65794, 18.1343],
        [79.6579, 18.13424],
        [79.65789, 18.13418],
        [79.65764, 18.13327],
        [79.65762, 18.13315],
        [79.65758, 18.1329],
        [79.65753, 18.13258],
        [79.65749, 18.13232],
        [79.65804, 18.13206],
        [79.65797, 18.1313],
        [79.65795, 18.131],
        [79.6579, 18.13045],
        [79.65785, 18.13011],
        [79.65783, 18.12999],
        [79.65924, 18.12908],
        [79.65947, 18.12894],
        [79.65934, 18.12877],
        [79.6589, 18.1282],
        [79.65809, 18.12716],
        [79.65794, 18.12696],
        [79.65789, 18.12687],
        [79.65919, 18.12611],
        [79.65925, 18.12608],
        [79.6593, 18.12577],
        [79.65932, 18.12566],
        [79.6594, 18.1257],
        [79.65983, 18.12589],
        [79.66015, 18.1262],
        [79.66047, 18.12621],
        [79.66082, 18.12621],
        [79.66088, 18.12636],
        [79.6614, 18.12632],
        [79.66163, 18.12578],
        [79.66162, 18.12561],
        [79.66176, 18.1256],
        [79.66199, 18.12557],
        [79.66224, 18.12554],
        [79.66224, 18.12541],
        [79.66224, 18.12517],
        [79.66239, 18.12528],
        [79.66263, 18.12546],
        [79.66282, 18.12524],
        [79.66368, 18.1253],
        [79.66467, 18.12491],
        [79.66482, 18.12486],
        [79.66523, 18.12477],
        [79.66555, 18.12472],
        [79.66565, 18.1247],
        [79.66593, 18.12448],
        [79.66606, 18.12438],
        [79.66626, 18.12416],
        [79.66658, 18.12399],
        [79.66705, 18.12375],
        [79.66742, 18.12356],
        [79.66792, 18.12328],
        [79.6681, 18.12318],
        [79.66814, 18.12314],
        [79.6682, 18.12308],
        [79.6689, 18.12276],
        [79.66964, 18.12245],
        [79.66976, 18.1224],
        [79.66981, 18.12237],
        [79.67023, 18.12228],
        [79.67034, 18.12225],
        [79.67045, 18.12223],
        [79.67052, 18.12221],
        [79.67067, 18.12217],
        [79.67075, 18.12215],
        [79.67124, 18.12198],
        [79.67143, 18.12191],
        [79.67158, 18.12185],
        [79.67174, 18.1218],
        [79.67174, 18.12173],
        [79.67182, 18.12139],
        [79.67184, 18.12131],
        [79.67212, 18.12101],
        [79.67223, 18.12087],
        [79.67235, 18.12079],
        [79.67257, 18.12076],
        [79.67273, 18.12059],
        [79.67283, 18.12054],
        [79.67303, 18.12041],
        [79.67331, 18.12047],
        [79.67327, 18.12036],
        [79.67323, 18.12022],
        [79.67324, 18.12014],
        [79.67327, 18.12],
        [79.67332, 18.11981],
        [79.67331, 18.11973],
        [79.6733, 18.11951],
        [79.67338, 18.11948],
        [79.67377, 18.11933],
        [79.67412, 18.1192],
        [79.67403, 18.119],
        [79.67387, 18.11863],
        [79.67383, 18.11852],
        [79.67482, 18.11831],
        [79.67519, 18.11794],
        [79.67563, 18.11761],
        [79.67574, 18.11763],
        [79.67598, 18.11767],
        [79.67611, 18.11698],
        [79.67614, 18.1168],
        [79.67622, 18.11673],
        [79.67631, 18.11665],
        [79.67644, 18.11654],
        [79.67696, 18.11602],
        [79.67699, 18.11576],
        [79.67754, 18.11532],
        [79.67814, 18.11523],
        [79.67829, 18.11521],
        [79.67829, 18.11504],
        [79.6783, 18.1147],
        [79.67848, 18.11466],
        [79.67908, 18.11454],
        [79.67906, 18.11441],
        [79.67905, 18.11432],
        [79.67903, 18.11419],
        [79.67902, 18.11412],
        [79.67895, 18.11397],
        [79.67908, 18.11397],
        [79.67963, 18.11397],
        [79.68015, 18.11398],
        [79.68033, 18.114],
        [79.68058, 18.11397],
        [79.68118, 18.11391],
        [79.68153, 18.11387],
        [79.6821, 18.11381],
        [79.68215, 18.1139],
        [79.68229, 18.11412],
        [79.68244, 18.11412],
        [79.68267, 18.11412],
        [79.68285, 18.11412],
        [79.68316, 18.11412],
        [79.68383, 18.11411],
        [79.68425, 18.11458],
        [79.68453, 18.11457],
        [79.68478, 18.11456],
        [79.68489, 18.11455],
        [79.68537, 18.1145],
        [79.68614, 18.11443],
        [79.68642, 18.1144],
        [79.68667, 18.1144],
        [79.68686, 18.11453],
        [79.68707, 18.11468],
        [79.68725, 18.11463],
        [79.68732, 18.11462],
        [79.68847, 18.11434],
        [79.68865, 18.11432],
        [79.689, 18.11428],
        [79.68941, 18.11423],
        [79.68983, 18.11419],
        [79.68992, 18.11418],
        [79.68998, 18.11412],
        [79.69001, 18.11417],
        [79.69038, 18.11404],
        [79.69061, 18.11396],
        [79.69104, 18.11389],
        [79.69153, 18.11385],
        [79.69207, 18.11356],
        [79.6922, 18.11349],
        [79.69272, 18.1132],
        [79.69355, 18.11271],
        [79.69472, 18.11203],
        [79.69566, 18.1114],
        [79.69578, 18.11137],
        [79.69644, 18.11116],
        [79.69755, 18.11082],
        [79.69806, 18.11067],
        [79.69844, 18.11055],
        [79.69812, 18.11026],
        [79.69798, 18.11011],
        [79.69737, 18.10946],
        [79.69689, 18.10896],
        [79.69658, 18.10897],
        [79.69651, 18.10898],
        [79.69612, 18.10849],
        [79.69579, 18.10854],
        [79.69575, 18.10868],
        [79.69575, 18.10892],
        [79.6955, 18.10792],
        [79.69552, 18.10746],
        [79.69614, 18.1077],
        [79.69686, 18.10773],
        [79.69739, 18.10755],
        [79.69773, 18.10724],
        [79.69725, 18.10592],
        [79.69766, 18.10559],
        [79.69711, 18.10469],
        [79.69772, 18.10424],
        [79.69798, 18.10419],
        [79.69793, 18.10385],
        [79.69834, 18.10395],
        [79.69837, 18.10361],
        [79.69899, 18.10356],
        [79.69928, 18.10353],
        [79.7001, 18.1033],
        [79.7003, 18.10293],
        [79.70097, 18.10268],
        [79.70095, 18.10262],
        [79.70159, 18.10242],
        [79.70251, 18.10237],
        [79.70253, 18.10211],
        [79.70235, 18.10191],
        [79.70323, 18.10173],
        [79.70374, 18.10168],
        [79.70371, 18.10111],
        [79.70398, 18.10003],
        [79.70474, 18.09974],
        [79.70547, 18.09958],
        [79.70694, 18.09938],
        [79.70715, 18.09915],
        [79.70745, 18.09919],
        [79.70911, 18.09897],
        [79.70914, 18.09834],
        [79.70974, 18.09791],
        [79.71045, 18.09744],
        [79.7113, 18.09721],
        [79.71138, 18.09805],
        [79.7121, 18.09923],
        [79.71241, 18.09925],
        [79.7125, 18.09943],
        [79.7129, 18.09921],
        [79.71342, 18.0997],
        [79.71383, 18.09941],
        [79.71398, 18.09964],
        [79.71443, 18.10064],
        [79.71522, 18.10186],
        [79.71786, 18.10243],
        [79.718, 18.10303],
        [79.71938, 18.10322],
        [79.71961, 18.10326],
        [79.71969, 18.10295],
        [79.72141, 18.10231],
        [79.72161, 18.10224],
        [79.72216, 18.10275],
        [79.72254, 18.1031],
        [79.72254, 18.10315],
        [79.72507, 18.10211],
        [79.72495, 18.1018],
        [79.72493, 18.10175],
        [79.72466, 18.10124],
        [79.72461, 18.10115],
        [79.72458, 18.1011],
        [79.72394, 18.09983],
        [79.72527, 18.09947],
        [79.72567, 18.09938],
        [79.72576, 18.09936],
        [79.72566, 18.09916],
        [79.7269, 18.0989],
        [79.72747, 18.09876],
        [79.7273, 18.09847],
        [79.72707, 18.09805],
        [79.72705, 18.09801],
        [79.72703, 18.09794],
        [79.72698, 18.09786],
        [79.72674, 18.09743],
        [79.72632, 18.09667],
        [79.72641, 18.09661],
        [79.72708, 18.09613],
        [79.72716, 18.09608],
        [79.72718, 18.0959],
        [79.72859, 18.09538],
        [79.7287, 18.09534],
        [79.72882, 18.09431],
        [79.72928, 18.09438],
        [79.73, 18.09448],
        [79.73029, 18.09452],
        [79.73035, 18.09454],
        [79.73071, 18.09463],
        [79.73115, 18.09475],
        [79.73146, 18.09483],
        [79.73167, 18.09523],
        [79.73178, 18.09546],
        [79.732, 18.09588],
        [79.7328, 18.0958],
        [79.73334, 18.09574],
        [79.73386, 18.09802],
        [79.7342, 18.09901],
        [79.73439, 18.09957],
        [79.7345, 18.09959],
        [79.73469, 18.09952],
        [79.7351, 18.09941],
        [79.73531, 18.09931],
        [79.73556, 18.09918],
        [79.73577, 18.09909],
        [79.73605, 18.09898],
        [79.73679, 18.09858],
        [79.73685, 18.09854],
        [79.73774, 18.0983],
        [79.73794, 18.09829],
        [79.738, 18.0983],
        [79.73812, 18.09831],
        [79.73822, 18.09828],
        [79.73957, 18.098],
        [79.73964, 18.09796],
        [79.73987, 18.09785],
        [79.73994, 18.09792],
        [79.73999, 18.09796],
        [79.74033, 18.09791],
        [79.74036, 18.09814],
        [79.74056, 18.09844],
        [79.7407, 18.09864],
        [79.74078, 18.09874],
        [79.74084, 18.09884],
        [79.74088, 18.09891],
        [79.74097, 18.09908],
        [79.74115, 18.09913],
        [79.74168, 18.09911],
        [79.74241, 18.09901],
        [79.74253, 18.09899],
        [79.74312, 18.09892],
        [79.74323, 18.0989],
        [79.74397, 18.09887],
        [79.74452, 18.09875],
        [79.74496, 18.09865],
        [79.74496, 18.09859],
        [79.74491, 18.09778],
        [79.74493, 18.09768],
        [79.74496, 18.09756],
        [79.74496, 18.09744],
        [79.74489, 18.09696],
        [79.74479, 18.096],
        [79.74526, 18.0959],
        [79.74552, 18.09584],
        [79.74576, 18.09577],
        [79.74688, 18.09539],
        [79.74748, 18.0952],
        [79.74742, 18.0949],
        [79.74741, 18.09483],
        [79.74735, 18.09448],
        [79.74732, 18.09406],
        [79.7473, 18.09375],
        [79.74725, 18.09293],
        [79.7472, 18.0925],
        [79.74718, 18.09238],
        [79.74755, 18.09233],
        [79.74806, 18.09225],
        [79.74885, 18.09213],
        [79.74939, 18.09205],
        [79.74972, 18.09173],
        [79.74989, 18.0918],
        [79.75009, 18.09187],
        [79.75017, 18.09172],
        [79.75023, 18.0916],
        [79.75083, 18.09159],
        [79.75135, 18.09143],
        [79.75199, 18.09095],
        [79.7529, 18.09119],
        [79.75308, 18.0916],
        [79.75391, 18.0914],
        [79.75419, 18.09066],
        [79.75435, 18.09076],
        [79.75444, 18.09082],
        [79.75449, 18.09086],
        [79.75476, 18.09104],
        [79.75484, 18.09112],
        [79.75548, 18.0918],
        [79.75548, 18.09226],
        [79.75548, 18.09241],
        [79.75624, 18.09358],
        [79.75645, 18.09386],
        [79.75658, 18.09384],
        [79.75674, 18.0938],
        [79.75673, 18.09278],
        [79.75672, 18.09222],
        [79.75669, 18.09202],
        [79.75669, 18.09192],
        [79.75671, 18.09161],
        [79.75719, 18.09114],
        [79.75752, 18.09106],
        [79.75782, 18.09103],
        [79.75843, 18.0911],
        [79.75889, 18.09116],
        [79.75904, 18.09125],
        [79.75966, 18.09153],
        [79.76003, 18.09169],
        [79.76015, 18.09175],
        [79.76027, 18.09182],
        [79.76048, 18.09204],
        [79.76058, 18.09215],
        [79.76066, 18.09223],
        [79.76073, 18.09233],
        [79.76077, 18.09238],
        [79.76093, 18.09261],
        [79.76102, 18.09273],
        [79.76106, 18.09279],
        [79.76116, 18.09283],
        [79.76129, 18.0929],
        [79.7614, 18.09309],
        [79.76154, 18.09317],
        [79.7616, 18.0932],
        [79.76262, 18.09377],
        [79.76278, 18.09385],
        [79.76351, 18.09418],
        [79.76356, 18.09427],
        [79.76385, 18.09477],
        [79.76393, 18.09489],
        [79.76402, 18.09508],
        [79.76416, 18.09535],
        [79.7645, 18.09603],
        [79.76472, 18.09612],
        [79.76544, 18.09643],
        [79.76633, 18.09693],
        [79.76634, 18.09723],
        [79.76635, 18.09762],
        [79.76641, 18.09782],
        [79.76646, 18.09798],
        [79.76654, 18.09824],
        [79.76678, 18.099],
        [79.76768, 18.09927],
        [79.76783, 18.09932],
        [79.76823, 18.09944],
        [79.76859, 18.09983],
        [79.76869, 18.09993],
        [79.76878, 18.10004],
        [79.76883, 18.10009],
        [79.769, 18.10038],
        [79.76948, 18.1009],
        [79.76953, 18.10099],
        [79.76956, 18.10105],
        [79.77043, 18.10087],
        [79.77043, 18.10101],
        [79.77041, 18.10109],
        [79.77038, 18.10121],
        [79.77024, 18.10178],
        [79.77023, 18.10201],
        [79.77023, 18.10207],
        [79.77019, 18.10215],
        [79.77019, 18.10285],
        [79.77018, 18.10302],
        [79.77017, 18.10333],
        [79.77042, 18.10351],
        [79.77049, 18.10356],
        [79.77058, 18.10362],
        [79.77103, 18.10394],
        [79.77139, 18.1042],
        [79.77146, 18.10425],
        [79.77153, 18.10428],
        [79.77164, 18.10435],
        [79.77176, 18.10441],
        [79.77462, 18.10667],
        [79.77491, 18.1069],
        [79.77693, 18.10848],
        [79.77702, 18.10841],
        [79.77708, 18.10837],
        [79.77719, 18.10829],
        [79.77733, 18.10819],
        [79.77758, 18.10795],
        [79.77756, 18.10784],
        [79.77756, 18.10776],
        [79.77755, 18.10752],
        [79.77804, 18.10746],
        [79.77812, 18.10745],
        [79.77819, 18.10731],
        [79.77826, 18.10717],
        [79.77829, 18.10711],
        [79.77852, 18.10704],
        [79.77881, 18.10711],
        [79.77898, 18.1067],
        [79.77901, 18.10666],
        [79.77904, 18.10655],
        [79.77904, 18.10631],
        [79.77905, 18.10613],
        [79.77908, 18.10598],
        [79.77915, 18.10593],
        [79.77925, 18.10581],
        [79.77929, 18.10577],
        [79.7793, 18.10566],
        [79.77939, 18.10545],
        [79.77943, 18.10526],
        [79.77949, 18.10511],
        [79.77959, 18.10483],
        [79.77972, 18.10464],
        [79.77967, 18.10457],
        [79.77954, 18.10448],
        [79.77946, 18.10442],
        [79.77965, 18.10413],
        [79.77984, 18.10385],
        [79.77991, 18.10375],
        [79.77995, 18.1037],
        [79.78002, 18.10359],
        [79.78024, 18.10366],
        [79.78039, 18.10349],
        [79.78046, 18.10338],
        [79.78042, 18.10321],
        [79.7804, 18.10314],
        [79.78025, 18.10303],
        [79.78015, 18.10295],
        [79.78036, 18.10287],
        [79.78042, 18.10284],
        [79.7805, 18.10281],
        [79.78059, 18.10291],
        [79.78068, 18.10298],
        [79.78086, 18.10304],
        [79.78107, 18.103],
        [79.78125, 18.10296],
        [79.78146, 18.10292],
        [79.78158, 18.10281],
        [79.78172, 18.1028],
        [79.78179, 18.10279],
        [79.78188, 18.10275],
        [79.78195, 18.10272],
        [79.78205, 18.10268],
        [79.78214, 18.10266],
        [79.78228, 18.10257],
        [79.7824, 18.10242],
        [79.78241, 18.10234],
        [79.7824, 18.10223],
        [79.78238, 18.10191],
        [79.78237, 18.10185],
        [79.78232, 18.1015],
        [79.7824, 18.10141],
        [79.78249, 18.10132],
        [79.78263, 18.10122],
        [79.78271, 18.10118],
        [79.78277, 18.10115],
        [79.78289, 18.10108],
        [79.78292, 18.10102],
        [79.78302, 18.10084],
        [79.78306, 18.1007],
        [79.78319, 18.10057],
        [79.78327, 18.10049],
        [79.78354, 18.10034],
        [79.78366, 18.10037],
        [79.78382, 18.10042],
        [79.78395, 18.10045],
        [79.78437, 18.1005],
        [79.78464, 18.10055],
        [79.78472, 18.10057],
        [79.78489, 18.10061],
        [79.78509, 18.10067],
        [79.78515, 18.10068],
        [79.78526, 18.1007],
        [79.78565, 18.10074],
        [79.78587, 18.10084],
        [79.78595, 18.10088],
        [79.78586, 18.10106],
        [79.78597, 18.10114],
        [79.78605, 18.10119],
        [79.7862, 18.10122],
        [79.78629, 18.10124],
        [79.7866, 18.10109],
        [79.78659, 18.10093],
        [79.78658, 18.10083],
        [79.78658, 18.10073],
        [79.78657, 18.10067],
        [79.78663, 18.10068],
        [79.78668, 18.1007],
        [79.78675, 18.10066],
        [79.78679, 18.10059],
        [79.78683, 18.10051],
        [79.78689, 18.10041],
        [79.78687, 18.10035],
        [79.78687, 18.10029],
        [79.78702, 18.1003],
        [79.78709, 18.10018],
        [79.78715, 18.10005],
        [79.7872, 18.09987],
        [79.78724, 18.09977],
        [79.78729, 18.09969],
        [79.78734, 18.09963],
        [79.78752, 18.09957],
        [79.78765, 18.09954],
        [79.78794, 18.09961],
        [79.7881, 18.09964],
        [79.78825, 18.09948],
        [79.78847, 18.09949],
        [79.78857, 18.0995],
        [79.78877, 18.0995],
        [79.78889, 18.09947],
        [79.789, 18.09948],
        [79.78942, 18.09952],
        [79.78942, 18.10003],
        [79.78963, 18.1001],
        [79.78993, 18.10014],
        [79.79017, 18.10018],
        [79.79073, 18.10014],
        [79.79087, 18.10022],
        [79.79097, 18.10018],
        [79.79106, 18.10016],
        [79.79124, 18.10013],
        [79.79169, 18.10029],
        [79.79186, 18.10032],
        [79.79202, 18.10035],
        [79.79203, 18.10051],
        [79.79204, 18.10062],
        [79.7921, 18.10063],
        [79.79213, 18.10059],
        [79.7922, 18.1005],
        [79.79227, 18.1004],
        [79.79242, 18.10039],
        [79.79274, 18.10031],
        [79.79294, 18.10023],
        [79.79307, 18.10026],
        [79.79327, 18.1003],
        [79.79339, 18.1003],
        [79.79357, 18.10029],
        [79.79363, 18.10041],
        [79.79368, 18.10055],
        [79.79379, 18.10091],
        [79.7938, 18.10102],
        [79.79382, 18.10111],
        [79.79382, 18.10123],
        [79.79386, 18.10142],
        [79.79389, 18.10153],
        [79.79391, 18.10162],
        [79.79393, 18.1017],
        [79.79399, 18.10199],
        [79.79398, 18.10223],
        [79.79403, 18.10238],
        [79.79406, 18.10252],
        [79.79414, 18.10277],
        [79.79435, 18.10274],
        [79.79449, 18.10273],
        [79.7945, 18.10303],
        [79.79461, 18.10304],
        [79.79471, 18.10325],
        [79.79482, 18.10331],
        [79.7949, 18.10335],
        [79.79492, 18.1036],
        [79.795, 18.10384],
        [79.79507, 18.10384],
        [79.7953, 18.10379],
        [79.79576, 18.10367],
        [79.79587, 18.10365],
        [79.79596, 18.10401],
        [79.79597, 18.10408],
        [79.79598, 18.10413],
        [79.7961, 18.1041],
        [79.79628, 18.10402],
        [79.79648, 18.10394],
        [79.79658, 18.10389],
        [79.79673, 18.10385],
        [79.79683, 18.10382],
        [79.79697, 18.10379],
        [79.79711, 18.10377],
        [79.79674, 18.10277],
        [79.7967, 18.10266],
        [79.7967, 18.10256],
        [79.79678, 18.10257],
        [79.79688, 18.10259],
        [79.7984, 18.10301],
        [79.79864, 18.10308],
        [79.79877, 18.10312],
        [79.79891, 18.10316],
        [79.79929, 18.10327],
        [79.79942, 18.10331],
        [79.79964, 18.10338],
        [79.79979, 18.10379],
        [79.79984, 18.10395],
        [79.79986, 18.10408],
        [79.79994, 18.10406],
        [79.80001, 18.10406],
        [79.80011, 18.10426],
        [79.80044, 18.10495],
        [79.80047, 18.10501],
        [79.80082, 18.10571],
        [79.80085, 18.10576],
        [79.80091, 18.1059],
        [79.80101, 18.10613],
        [79.80115, 18.10643],
        [79.80129, 18.10675],
        [79.80135, 18.10686],
        [79.80164, 18.10741],
        [79.80172, 18.10751],
        [79.80188, 18.10772],
        [79.80199, 18.10778],
        [79.80212, 18.10795],
        [79.80226, 18.10814],
        [79.80242, 18.10837],
        [79.80267, 18.10872],
        [79.8027, 18.10881],
        [79.80319, 18.11031],
        [79.80327, 18.11055],
        [79.80332, 18.1107],
        [79.80335, 18.1108],
        [79.80339, 18.11091],
        [79.80344, 18.1111],
        [79.80406, 18.11314],
        [79.80416, 18.11347],
        [79.8044, 18.11427],
        [79.80459, 18.11487],
        [79.80461, 18.11493],
        [79.80461, 18.11504],
        [79.80341, 18.11755],
        [79.8028, 18.11883],
        [79.80362, 18.11911],
        [79.80402, 18.11925],
        [79.80545, 18.11939],
        [79.8066, 18.1196],
        [79.80677, 18.1197],
        [79.80755, 18.11946],
        [79.8084, 18.11933],
        [79.80929, 18.11908],
        [79.81173, 18.11779],
        [79.81552, 18.11583],
        [79.81628, 18.11542],
        [79.81823, 18.11438],
        [79.82015, 18.11333],
        [79.82038, 18.11324],
        [79.81995, 18.11183],
        [79.81929, 18.10963],
        [79.81879, 18.10799],
        [79.81817, 18.10625],
        [79.81813, 18.10611],
        [79.8181, 18.10597],
        [79.81807, 18.10584],
        [79.81765, 18.10442],
        [79.81758, 18.10409],
        [79.81756, 18.10397],
        [79.81756, 18.10391],
        [79.81756, 18.10384],
        [79.81753, 18.10379],
        [79.81752, 18.10373],
        [79.81744, 18.10332],
        [79.81734, 18.10298],
        [79.81727, 18.10274],
        [79.81724, 18.10258],
        [79.81711, 18.10212],
        [79.81699, 18.1016],
        [79.81689, 18.10129],
        [79.81677, 18.10087],
        [79.81669, 18.10062],
        [79.81645, 18.09983],
        [79.81641, 18.09973],
        [79.81613, 18.0987],
        [79.81616, 18.09857],
        [79.81621, 18.09848],
        [79.81625, 18.09839],
        [79.81629, 18.0983],
        [79.81633, 18.09819],
        [79.81636, 18.09807],
        [79.81634, 18.0979],
        [79.81644, 18.09765],
        [79.81643, 18.0975],
        [79.81642, 18.09734],
        [79.81653, 18.09715],
        [79.81646, 18.09696],
        [79.81632, 18.09662],
        [79.81627, 18.09648],
        [79.81626, 18.09634],
        [79.81601, 18.09569],
        [79.81598, 18.09558],
        [79.81593, 18.09544],
        [79.8159, 18.09531],
        [79.81583, 18.09519],
        [79.81565, 18.09461],
        [79.81561, 18.09449],
        [79.81556, 18.09433],
        [79.81534, 18.09379],
        [79.81528, 18.09363],
        [79.81526, 18.09351],
        [79.81514, 18.09316],
        [79.81476, 18.09225],
        [79.81474, 18.09221],
        [79.81459, 18.09188],
        [79.81448, 18.09161],
        [79.81418, 18.09085],
        [79.81414, 18.09069],
        [79.8141, 18.0906],
        [79.81402, 18.09031],
        [79.81397, 18.09015],
        [79.81395, 18.09003],
        [79.81392, 18.08995],
        [79.81391, 18.0899],
        [79.81381, 18.0896],
        [79.81374, 18.08938],
        [79.81369, 18.08916],
        [79.81306, 18.08718],
        [79.81302, 18.08702],
        [79.81297, 18.0869],
        [79.81286, 18.08654],
        [79.81275, 18.08616],
        [79.81257, 18.08555],
        [79.81221, 18.08424],
        [79.81217, 18.0841],
        [79.8121, 18.08395],
        [79.81201, 18.08366],
        [79.81197, 18.08351],
        [79.81192, 18.08335],
        [79.81184, 18.0831],
        [79.81176, 18.08282],
        [79.81168, 18.08256],
        [79.81161, 18.08234],
        [79.81153, 18.08208],
        [79.81146, 18.08191],
        [79.81142, 18.08177],
        [79.81139, 18.08163],
        [79.81133, 18.08142],
        [79.81129, 18.08125],
        [79.81125, 18.08106],
        [79.81122, 18.08094],
        [79.81115, 18.08066],
        [79.81111, 18.0805],
        [79.81106, 18.08038],
        [79.81094, 18.08002],
        [79.81084, 18.07974],
        [79.81074, 18.07945],
        [79.8107, 18.07931],
        [79.81072, 18.07921],
        [79.81066, 18.07883],
        [79.81014, 18.07874],
        [79.80947, 18.07858],
        [79.80806, 18.07825],
        [79.8055, 18.07773],
        [79.80334, 18.07735],
        [79.79415, 18.07922],
        [79.79399, 18.07925],
        [79.79385, 18.07928],
        [79.79378, 18.07929],
        [79.79377, 18.07912],
        [79.79374, 18.07859],
        [79.79373, 18.0784],
        [79.79367, 18.07712],
        [79.79342, 18.07663],
        [79.79333, 18.07646],
        [79.79274, 18.07528],
        [79.79251, 18.07483],
        [79.79264, 18.07481],
        [79.79272, 18.07439],
        [79.79276, 18.07416],
        [79.79276, 18.07415],
        [79.7929, 18.07364],
        [79.79315, 18.07254],
        [79.79344, 18.07164],
        [79.79352, 18.07141],
        [79.79359, 18.07119],
        [79.79361, 18.07114],
        [79.79363, 18.07108],
        [79.79366, 18.07082],
        [79.79451, 18.0706],
        [79.79457, 18.07058],
        [79.79381, 18.07001],
        [79.79386, 18.06967],
        [79.79382, 18.06886],
        [79.79376, 18.06888],
        [79.79355, 18.06889],
        [79.79352, 18.06889],
        [79.79332, 18.06884],
        [79.79321, 18.06882],
        [79.79304, 18.06879],
        [79.79295, 18.06879],
        [79.79291, 18.06872],
        [79.79265, 18.06829],
        [79.7925, 18.06803],
        [79.79246, 18.06798],
        [79.79239, 18.06796],
        [79.79188, 18.06794],
        [79.79194, 18.06774],
        [79.79196, 18.06768],
        [79.79227, 18.06721],
        [79.79266, 18.06663],
        [79.79269, 18.06659],
        [79.79267, 18.06653],
        [79.79288, 18.06655],
        [79.79296, 18.06657],
        [79.79298, 18.06651],
        [79.79304, 18.06641],
        [79.79308, 18.06636],
        [79.79319, 18.06638],
        [79.79339, 18.06642],
        [79.7934, 18.06641],
        [79.79333, 18.06624],
        [79.7933, 18.06615],
        [79.79356, 18.06622],
        [79.79359, 18.06622],
        [79.79398, 18.06632],
        [79.79412, 18.06634],
        [79.79406, 18.06629],
        [79.79401, 18.06625],
        [79.79396, 18.0662],
        [79.79386, 18.06609],
        [79.79366, 18.06588],
        [79.79354, 18.06576],
        [79.7935, 18.06572],
        [79.79341, 18.06563],
        [79.79331, 18.0655],
        [79.79327, 18.06545],
        [79.79322, 18.06538],
        [79.79317, 18.06533],
        [79.79301, 18.06511],
        [79.79297, 18.06507],
        [79.79293, 18.0649],
        [79.79275, 18.06415],
        [79.79273, 18.06406],
        [79.79266, 18.06379],
        [79.79231, 18.06367],
        [79.7923, 18.06364],
        [79.79226, 18.06352],
        [79.79177, 18.06327],
        [79.79159, 18.06313],
        [79.79168, 18.06287],
        [79.79176, 18.06264],
        [79.79186, 18.06234],
        [79.79195, 18.06206],
        [79.79204, 18.06179],
        [79.79194, 18.06168],
        [79.79168, 18.06138],
        [79.79185, 18.06131],
        [79.79138, 18.06085],
        [79.79102, 18.06048],
        [79.79099, 18.06046],
        [79.79088, 18.06035],
        [79.79085, 18.06031],
        [79.79042, 18.05989],
        [79.79082, 18.05973],
        [79.79097, 18.05978],
        [79.79124, 18.05989],
        [79.79163, 18.05977],
        [79.79181, 18.05971],
        [79.79214, 18.05937],
        [79.7923, 18.0592],
        [79.79239, 18.05909],
        [79.79238, 18.05909],
        [79.79221, 18.05897],
        [79.79208, 18.05888],
        [79.79177, 18.05836],
        [79.7919, 18.05835],
        [79.79201, 18.05834],
        [79.7922, 18.05842],
        [79.79244, 18.05851],
        [79.79249, 18.0585],
        [79.79255, 18.0585],
        [79.79273, 18.05848],
        [79.79286, 18.05847],
        [79.7928, 18.05769],
        [79.79275, 18.05699],
        [79.7927, 18.05683],
        [79.79265, 18.05668],
        [79.79246, 18.05607],
        [79.7924, 18.05589],
        [79.79217, 18.05575],
        [79.79218, 18.05572],
        [79.79219, 18.05543],
        [79.79223, 18.05536],
        [79.79225, 18.05532],
        [79.79236, 18.05514],
        [79.79266, 18.05454],
        [79.79269, 18.0545],
        [79.79272, 18.05443],
        [79.79273, 18.05439],
        [79.79277, 18.05429],
        [79.7928, 18.05423],
        [79.79281, 18.0542],
        [79.79296, 18.05409],
        [79.79302, 18.05405],
        [79.79315, 18.05396],
        [79.79323, 18.05302],
        [79.79326, 18.05262],
        [79.79327, 18.05241],
        [79.79328, 18.05227],
        [79.7933, 18.05206],
        [79.79331, 18.05184],
        [79.79332, 18.05173],
        [79.79332, 18.0517],
        [79.79333, 18.05166],
        [79.79333, 18.05165],
        [79.79341, 18.05107],
        [79.79323, 18.05099],
        [79.7931, 18.05094],
        [79.79407, 18.05074],
        [79.7945, 18.05041],
        [79.79453, 18.05039],
        [79.7944, 18.05018],
        [79.79432, 18.05004],
        [79.79406, 18.0496],
        [79.794, 18.04949],
        [79.79389, 18.0493],
        [79.7938, 18.04868],
        [79.79378, 18.04798],
        [79.79368, 18.04751],
        [79.79367, 18.04751],
        [79.79346, 18.04755],
        [79.79313, 18.04678],
        [79.79301, 18.0465],
        [79.79258, 18.04588],
        [79.79241, 18.04533],
        [79.79222, 18.04481],
        [79.79219, 18.04472],
        [79.79196, 18.04482],
        [79.79182, 18.04461],
        [79.79142, 18.04475],
        [79.79101, 18.04497],
        [79.79055, 18.04522],
        [79.79048, 18.04524],
        [79.79002, 18.04533],
        [79.78962, 18.04538],
        [79.78944, 18.04541],
        [79.78942, 18.04541],
        [79.78843, 18.0456],
        [79.7883, 18.04561],
        [79.78736, 18.04572],
        [79.78719, 18.04576],
        [79.78545, 18.04624],
        [79.78538, 18.04623],
        [79.78453, 18.0461],
        [79.78281, 18.04645],
        [79.78273, 18.04646],
        [79.78238, 18.04654],
        [79.78164, 18.04671],
        [79.7816, 18.04658],
        [79.78157, 18.04649],
        [79.78156, 18.04645],
        [79.78112, 18.04628],
        [79.78008, 18.04629],
        [79.77983, 18.04641],
        [79.7796, 18.04652],
        [79.77922, 18.04682],
        [79.77911, 18.04699],
        [79.77908, 18.04704],
        [79.77892, 18.04729],
        [79.77888, 18.04734],
        [79.77855, 18.04736],
        [79.77851, 18.04736],
        [79.77824, 18.04732],
        [79.77794, 18.04737],
        [79.77784, 18.04739],
        [79.77788, 18.04759],
        [79.77788, 18.04781],
        [79.77788, 18.04785],
        [79.77787, 18.04835],
        [79.77781, 18.04908],
        [79.77785, 18.04939],
        [79.77757, 18.04941],
        [79.77748, 18.04947],
        [79.77741, 18.04951],
        [79.7773, 18.04959],
        [79.77698, 18.04981],
        [79.77707, 18.0502],
        [79.77714, 18.05033],
        [79.77717, 18.0504],
        [79.77721, 18.05047],
        [79.77733, 18.0507],
        [79.77735, 18.05075],
        [79.77743, 18.05089],
        [79.77666, 18.05152],
        [79.77656, 18.0516],
        [79.77652, 18.05164],
        [79.77605, 18.05203],
        [79.77599, 18.05209],
        [79.77596, 18.05211],
        [79.77594, 18.05214],
        [79.77593, 18.05215],
        [79.7758, 18.05228],
        [79.77573, 18.05232],
        [79.77572, 18.05233],
        [79.77552, 18.05243],
        [79.77539, 18.0525],
        [79.77519, 18.05278],
        [79.77502, 18.053],
        [79.77483, 18.05326],
        [79.77481, 18.05328],
        [79.77471, 18.05336],
        [79.77425, 18.05369],
        [79.77382, 18.05393],
        [79.77352, 18.05411],
        [79.77326, 18.05425],
        [79.77317, 18.05421],
        [79.77312, 18.05419],
        [79.77309, 18.05417],
        [79.77293, 18.05417],
        [79.77245, 18.05416],
        [79.77201, 18.05416],
        [79.77189, 18.05416],
        [79.77143, 18.05415],
        [79.77067, 18.05415],
        [79.77001, 18.05414],
        [79.76988, 18.05391],
        [79.76986, 18.05401],
        [79.76973, 18.05402],
        [79.76962, 18.05401],
        [79.76943, 18.05398],
        [79.76887, 18.05389],
        [79.76879, 18.05388],
        [79.76867, 18.05365],
        [79.76856, 18.05361],
        [79.76786, 18.05342],
        [79.76784, 18.05342],
        [79.76782, 18.05341],
        [79.76769, 18.0534],
        [79.76756, 18.05337],
        [79.76724, 18.05329],
        [79.76648, 18.05318],
        [79.76638, 18.05315],
        [79.76632, 18.05313],
        [79.76622, 18.0531],
        [79.76538, 18.05268],
        [79.76537, 18.05267],
        [79.76528, 18.05259],
        [79.76522, 18.05253],
        [79.76516, 18.0525],
        [79.76496, 18.05241],
        [79.76486, 18.0524],
        [79.7648, 18.05228],
        [79.76477, 18.05223],
        [79.76445, 18.05169],
        [79.7644, 18.05158],
        [79.76422, 18.05166],
        [79.76409, 18.05152],
        [79.76397, 18.05138],
        [79.76381, 18.0512],
        [79.76378, 18.05113],
        [79.76376, 18.05109],
        [79.76352, 18.05054],
        [79.76348, 18.05045],
        [79.76344, 18.05041],
        [79.76343, 18.0504],
        [79.76312, 18.05003],
        [79.76312, 18.04995],
        [79.76313, 18.04994],
        [79.76313, 18.04988],
        [79.76317, 18.0494],
        [79.76318, 18.04928],
        [79.7632, 18.04925],
        [79.76323, 18.04915],
        [79.76321, 18.04913],
        [79.76315, 18.04903],
        [79.76296, 18.04863],
        [79.76291, 18.04844],
        [79.76295, 18.04806],
        [79.76289, 18.04782],
        [79.76284, 18.04763],
        [79.76226, 18.04756],
        [79.76186, 18.04756],
        [79.76105, 18.04758],
        [79.7609, 18.04761],
        [79.76083, 18.04747],
        [79.76059, 18.04683],
        [79.76055, 18.04673],
        [79.76051, 18.04663],
        [79.76052, 18.04644],
        [79.76048, 18.04633],
        [79.76047, 18.04624],
        [79.76037, 18.04524],
        [79.76036, 18.04515],
        [79.76032, 18.04468],
        [79.76024, 18.04422],
        [79.76021, 18.04399],
        [79.7602, 18.04389],
        [79.7602, 18.04385],
        [79.76015, 18.04369],
        [79.76015, 18.04367],
        [79.76011, 18.04309],
        [79.76007, 18.04252],
        [79.76007, 18.04242],
        [79.76005, 18.04231],
        [79.76004, 18.04228],
        [79.75998, 18.04185],
        [79.76034, 18.04069],
        [79.76025, 18.04058],
        [79.75996, 18.04024],
        [79.75982, 18.04006],
        [79.7598, 18.04004],
        [79.75922, 18.03863],
        [79.75914, 18.03847],
        [79.75906, 18.03837],
        [79.75875, 18.03809],
        [79.75863, 18.03801],
        [79.75855, 18.03794],
        [79.75813, 18.03782],
        [79.75782, 18.03773],
        [79.75754, 18.03766],
        [79.7571, 18.03752],
        [79.75701, 18.03749],
        [79.75625, 18.03708],
        [79.75613, 18.03701],
        [79.75597, 18.03692],
        [79.75586, 18.03686],
        [79.75466, 18.03629],
        [79.75445, 18.03619],
        [79.75389, 18.03562],
        [79.75376, 18.03553],
        [79.75368, 18.03542],
        [79.75362, 18.03538],
        [79.75353, 18.03532],
        [79.75292, 18.03489],
        [79.75274, 18.03476],
        [79.75225, 18.0344],
        [79.75214, 18.0343],
        [79.75198, 18.03422],
        [79.75127, 18.03394],
        [79.75096, 18.03383],
        [79.75, 18.03375],
        [79.74983, 18.03373],
        [79.74951, 18.03371],
        [79.74933, 18.03366],
        [79.7492, 18.03372],
        [79.74895, 18.03389],
        [79.74895, 18.03384],
        [79.74895, 18.03367],
        [79.74896, 18.03281],
        [79.74885, 18.03215],
        [79.7488, 18.03184],
        [79.7488, 18.03182],
        [79.74875, 18.03153],
        [79.74859, 18.03137],
        [79.74828, 18.03088],
        [79.74803, 18.03047],
        [79.74799, 18.0304],
        [79.74761, 18.02973],
        [79.74749, 18.02951],
        [79.7473, 18.02869],
        [79.74693, 18.02835],
        [79.74618, 18.02701],
        [79.74588, 18.02649],
        [79.74564, 18.02588],
        [79.74556, 18.02569],
        [79.74533, 18.02451],
        [79.7453, 18.02435],
        [79.7452, 18.02408],
        [79.74502, 18.02324],
        [79.74498, 18.02305],
        [79.74494, 18.02289],
        [79.74509, 18.02219],
        [79.74504, 18.0216],
        [79.74502, 18.02135],
        [79.74491, 18.02089],
        [79.74504, 18.02031],
        [79.74516, 18.02031],
        [79.74518, 18.02031],
        [79.74608, 18.02027],
        [79.74649, 18.02024],
        [79.74711, 18.02025],
        [79.74736, 18.02028],
        [79.74737, 18.02028],
        [79.74784, 18.02034],
        [79.748, 18.02037],
        [79.74805, 18.02051],
        [79.74816, 18.02069],
        [79.74819, 18.02077],
        [79.74835, 18.02118],
        [79.74839, 18.02128],
        [79.7484, 18.02128],
        [79.74841, 18.0213],
        [79.7485, 18.02131],
        [79.7488, 18.02144],
        [79.74899, 18.02152],
        [79.74917, 18.02145],
        [79.74972, 18.02134],
        [79.74983, 18.02132],
        [79.74996, 18.0213],
        [79.75001, 18.02121],
        [79.75006, 18.02116],
        [79.75016, 18.02102],
        [79.75032, 18.02094],
        [79.75065, 18.02107],
        [79.75093, 18.02126],
        [79.75095, 18.02127],
        [79.75126, 18.02157],
        [79.75155, 18.02174],
        [79.75186, 18.02188],
        [79.75217, 18.02193],
        [79.75225, 18.02192],
        [79.75234, 18.02188],
        [79.75273, 18.02176],
        [79.7528, 18.02174],
        [79.75281, 18.0217],
        [79.75283, 18.02165],
        [79.75286, 18.02164],
        [79.75299, 18.02155],
        [79.75317, 18.02148],
        [79.75322, 18.02146],
        [79.75338, 18.0214],
        [79.75458, 18.02095],
        [79.75428, 18.02037],
        [79.75427, 18.01977],
        [79.75438, 18.01914],
        [79.75439, 18.01904],
        [79.75442, 18.01896],
        [79.75448, 18.0186],
        [79.75592, 18.01829],
        [79.75579, 18.0182],
        [79.75546, 18.01792],
        [79.75534, 18.01778],
        [79.75531, 18.01766],
        [79.75531, 18.01764],
        [79.75527, 18.01742],
        [79.75521, 18.01722],
        [79.75512, 18.01689],
        [79.75562, 18.01677],
        [79.75571, 18.01675],
        [79.75648, 18.01656],
        [79.75689, 18.01641],
        [79.75731, 18.01635],
        [79.7574, 18.01633],
        [79.75734, 18.01607],
        [79.75728, 18.01582],
        [79.75727, 18.01567],
        [79.75727, 18.01554],
        [79.75734, 18.01514],
        [79.75742, 18.01471],
        [79.7576, 18.01407],
        [79.75882, 18.01312],
        [79.75877, 18.01301],
        [79.75873, 18.01296],
        [79.75861, 18.01285],
        [79.75828, 18.01249],
        [79.758, 18.01219],
        [79.75799, 18.01219],
        [79.75809, 18.01212],
        [79.75825, 18.01198],
        [79.75968, 18.01132],
        [79.76001, 18.01118],
        [79.76012, 18.01112],
        [79.76002, 18.01085],
        [79.76011, 18.01061],
        [79.76025, 18.01028],
        [79.76029, 18.01014],
        [79.76031, 18.01001],
        [79.76032, 18.01],
        [79.76038, 18.00976],
        [79.76039, 18.00969],
        [79.76042, 18.00952],
        [79.76036, 18.00911],
        [79.76029, 18.00856],
        [79.76026, 18.00845],
        [79.76025, 18.00841],
        [79.76036, 18.00835],
        [79.7604, 18.00833],
        [79.761, 18.00794],
        [79.76138, 18.00769],
        [79.76152, 18.00759],
        [79.7617, 18.00744],
        [79.76198, 18.00717],
        [79.7619, 18.00676],
        [79.76187, 18.00658],
        [79.76184, 18.00646],
        [79.76199, 18.00635],
        [79.76318, 18.00505],
        [79.7633, 18.00492],
        [79.76334, 18.00486],
        [79.76343, 18.00474],
        [79.7638, 18.00425],
        [79.76394, 18.00406],
        [79.76396, 18.00404],
        [79.76413, 18.00377],
        [79.76461, 18.00295],
        [79.76463, 18.00291],
        [79.76541, 18.00285],
        [79.76554, 18.00282],
        [79.76562, 18.0027],
        [79.76619, 18.0023],
        [79.76628, 18.00224],
        [79.76749, 18.00114],
        [79.7675, 18.00111],
        [79.7675, 18.00107],
        [79.76757, 18.00072],
        [79.76768, 18.00056],
        [79.76769, 18.00055],
        [79.76807, 18.00015],
        [79.7681, 18.00012],
        [79.76824, 17.99997],
        [79.76826, 17.99996],
        [79.76849, 17.99973],
        [79.76894, 17.99929],
        [79.7692, 17.99904],
        [79.76931, 17.99899],
        [79.76931, 17.99897],
        [79.7693, 17.9988],
        [79.76927, 17.99848],
        [79.76924, 17.99806],
        [79.76922, 17.99787],
        [79.76918, 17.99741],
        [79.76917, 17.9974],
        [79.7691, 17.99726],
        [79.76905, 17.99717],
        [79.76903, 17.99707],
        [79.76902, 17.99702],
        [79.769, 17.99693],
        [79.76896, 17.9968],
        [79.76883, 17.99633],
        [79.76877, 17.99627],
        [79.76867, 17.99616],
        [79.7686, 17.99593],
        [79.76851, 17.99562],
        [79.76849, 17.99552],
        [79.76847, 17.9953],
        [79.76841, 17.99505],
        [79.76835, 17.99477],
        [79.76833, 17.99455],
        [79.76827, 17.99434],
        [79.76841, 17.99328],
        [79.76857, 17.99298],
        [79.76862, 17.99285],
        [79.76863, 17.99281],
        [79.76868, 17.9928],
        [79.76869, 17.99275],
        [79.76878, 17.99269],
        [79.76886, 17.99263],
        [79.76896, 17.99257],
        [79.76917, 17.99248],
        [79.76917, 17.99243],
        [79.76938, 17.99225],
        [79.76968, 17.99201],
        [79.76968, 17.992],
        [79.76975, 17.99193],
        [79.76977, 17.99192],
        [79.76984, 17.99189],
        [79.77013, 17.99178],
        [79.77027, 17.99177],
        [79.77034, 17.99161],
        [79.77036, 17.99158],
        [79.77043, 17.99137],
        [79.77044, 17.99135],
        [79.77048, 17.99124],
        [79.77051, 17.99109],
        [79.77055, 17.99095],
        [79.77063, 17.99078],
        [79.77079, 17.98992],
        [79.77081, 17.9898],
        [79.77091, 17.98975],
        [79.77118, 17.98952],
        [79.77132, 17.9894],
        [79.77184, 17.98881],
        [79.77191, 17.98876],
        [79.77201, 17.98869],
        [79.77202, 17.98869],
        [79.7721, 17.98865],
        [79.77208, 17.98864],
        [79.77205, 17.98858],
        [79.77199, 17.98847],
        [79.77199, 17.98846],
        [79.77198, 17.98844],
        [79.77187, 17.98818],
        [79.77182, 17.98806],
        [79.77179, 17.98786],
        [79.77176, 17.98782],
        [79.77165, 17.98741],
        [79.77164, 17.98728],
        [79.77164, 17.98725],
        [79.77162, 17.9871],
        [79.77158, 17.98688],
        [79.77153, 17.98665],
        [79.77146, 17.98631],
        [79.77139, 17.98595],
        [79.77123, 17.98481],
        [79.77122, 17.98463],
        [79.77122, 17.98462],
        [79.77111, 17.9846],
        [79.77109, 17.98459],
        [79.77108, 17.98459],
        [79.77106, 17.98459],
        [79.77101, 17.98458],
        [79.77066, 17.98452],
        [79.7706, 17.98451],
        [79.77049, 17.9842],
        [79.77047, 17.98414],
        [79.77044, 17.98392],
        [79.77045, 17.98379],
        [79.77042, 17.98367],
        [79.77043, 17.98327],
        [79.77045, 17.98313],
        [79.77045, 17.98309],
        [79.77044, 17.98297],
        [79.77045, 17.98262],
        [79.77045, 17.98247],
        [79.77046, 17.98238],
        [79.77046, 17.98235],
        [79.7705, 17.98195],
        [79.77053, 17.98178],
        [79.77028, 17.98139],
        [79.77031, 17.98111],
        [79.77033, 17.98092],
        [79.77034, 17.98084],
        [79.77035, 17.98078],
        [79.77038, 17.9807],
        [79.77046, 17.98048],
        [79.77046, 17.98046],
        [79.77047, 17.9802],
        [79.77049, 17.97975],
        [79.77051, 17.97945],
        [79.77051, 17.97937],
        [79.77052, 17.97927],
        [79.7704, 17.9792],
        [79.77021, 17.97909],
        [79.77019, 17.97908],
        [79.77014, 17.97909],
        [79.76994, 17.97909],
        [79.76969, 17.97927],
        [79.76922, 17.97889],
        [79.76914, 17.97886],
        [79.769, 17.97878],
        [79.76883, 17.97871],
        [79.76882, 17.97871],
        [79.76873, 17.9786],
        [79.76868, 17.97855],
        [79.76859, 17.97845],
        [79.76845, 17.97828],
        [79.76836, 17.9782],
        [79.7683, 17.97813],
        [79.76823, 17.97806],
        [79.76815, 17.97798],
        [79.76807, 17.97789],
        [79.76801, 17.97782],
        [79.76793, 17.97774],
        [79.76786, 17.97766],
        [79.76779, 17.97755],
        [79.76773, 17.97746],
        [79.76782, 17.97751],
        [79.76785, 17.97753],
        [79.76785, 17.9773],
        [79.76785, 17.97713],
        [79.76784, 17.97695],
        [79.76784, 17.97678],
        [79.76785, 17.97663],
        [79.76789, 17.97649],
        [79.76789, 17.97646],
        [79.76792, 17.97647],
        [79.76806, 17.97655],
        [79.76807, 17.97642],
        [79.76802, 17.97631],
        [79.76795, 17.97614],
        [79.76798, 17.97609],
        [79.76807, 17.97594],
        [79.76816, 17.97579],
        [79.76834, 17.97549],
        [79.76834, 17.97553],
        [79.76836, 17.97542],
        [79.76877, 17.9755],
        [79.76879, 17.97524],
        [79.76882, 17.97523],
        [79.76896, 17.97517],
        [79.76906, 17.97513],
        [79.7691, 17.97512],
        [79.76917, 17.97502],
        [79.76944, 17.97467],
        [79.76963, 17.97439],
        [79.77, 17.97384],
        [79.77023, 17.9735],
        [79.77028, 17.97343],
        [79.77032, 17.97337],
        [79.77047, 17.97327],
        [79.77059, 17.97322],
        [79.77059, 17.97313],
        [79.77057, 17.97271],
        [79.77134, 17.97265],
        [79.77146, 17.97261],
        [79.77161, 17.97256],
        [79.77232, 17.97234],
        [79.77247, 17.9723],
        [79.77251, 17.97229],
        [79.77279, 17.97219],
        [79.77408, 17.97159],
        [79.77416, 17.97155],
        [79.77567, 17.97086],
        [79.77569, 17.97085],
        [79.77565, 17.97058],
        [79.7758, 17.97055],
        [79.77658, 17.97044],
        [79.7766, 17.97044],
        [79.77664, 17.97043],
        [79.77669, 17.9704],
        [79.77654, 17.96974],
        [79.77691, 17.9697],
        [79.77771, 17.96956],
        [79.77779, 17.96955],
        [79.7786, 17.96949],
        [79.77883, 17.96947],
        [79.77898, 17.96946],
        [79.77899, 17.96932],
        [79.77899, 17.96924],
        [79.77898, 17.96915],
        [79.77898, 17.96912],
        [79.77901, 17.96909],
        [79.77972, 17.96825],
        [79.77981, 17.96816],
        [79.77985, 17.96812],
        [79.78052, 17.96775],
        [79.78065, 17.96769],
        [79.78064, 17.96749],
        [79.78058, 17.96685],
        [79.78065, 17.96579],
        [79.78067, 17.96538],
        [79.78071, 17.96466],
        [79.78071, 17.96463],
        [79.78077, 17.96462],
        [79.78092, 17.96459],
        [79.78127, 17.96452],
        [79.78141, 17.96448],
        [79.78135, 17.96412],
        [79.78134, 17.96403],
        [79.78133, 17.96325],
        [79.78133, 17.96304],
        [79.78133, 17.96302],
        [79.78114, 17.96308],
        [79.78107, 17.9631],
        [79.78071, 17.96319],
        [79.78065, 17.96321],
        [79.78066, 17.96317],
        [79.7807, 17.96304],
        [79.78071, 17.963],
        [79.78071, 17.9622],
        [79.78098, 17.96195],
        [79.78109, 17.96137],
        [79.78111, 17.96122],
        [79.78113, 17.96114],
        [79.7827, 17.96125],
        [79.78291, 17.96048],
        [79.78295, 17.96048],
        [79.7841, 17.96038],
        [79.78411, 17.96015],
        [79.78384, 17.95861],
        [79.78374, 17.95831],
        [79.78419, 17.95821],
        [79.78537, 17.95794],
        [79.78531, 17.95769],
        [79.78521, 17.95704],
        [79.78564, 17.95707],
        [79.78675, 17.95685],
        [79.78683, 17.95682],
        [79.78778, 17.95646],
        [79.78844, 17.95649],
        [79.78848, 17.95648],
        [79.78845, 17.95616],
        [79.78842, 17.95589],
        [79.78835, 17.95557],
        [79.7882, 17.95549],
        [79.78666, 17.95532],
        [79.78626, 17.95528],
        [79.78608, 17.95527],
        [79.78607, 17.95516],
        [79.78608, 17.95501],
        [79.78609, 17.95491],
        [79.78616, 17.95472],
        [79.78621, 17.95449],
        [79.78625, 17.95433],
        [79.78657, 17.95346],
        [79.7865, 17.9534],
        [79.78649, 17.95304],
        [79.78647, 17.95194],
        [79.78636, 17.95078],
        [79.78641, 17.95029],
        [79.78641, 17.95026],
        [79.78643, 17.94958],
        [79.78643, 17.94951],
        [79.78645, 17.94917],
        [79.78641, 17.94885],
        [79.78637, 17.94845],
        [79.78637, 17.9484],
        [79.78637, 17.94834],
        [79.78638, 17.9482],
        [79.78641, 17.94771],
        [79.78666, 17.94685],
        [79.78668, 17.94673],
        [79.78669, 17.94668],
        [79.7867, 17.94658],
        [79.78683, 17.94592],
        [79.78683, 17.94578],
        [79.78687, 17.94564],
        [79.78716, 17.94392],
        [79.78716, 17.9439],
        [79.78718, 17.94375],
        [79.78719, 17.94357],
        [79.78732, 17.94261],
        [79.78745, 17.94154],
        [79.78746, 17.9414],
        [79.78747, 17.94127],
        [79.78756, 17.94085],
        [79.78757, 17.94075],
        [79.78728, 17.94073],
        [79.78725, 17.94072],
        [79.78706, 17.9407],
        [79.78682, 17.94066],
        [79.78627, 17.94056],
        [79.78531, 17.94037],
        [79.78511, 17.94033],
        [79.78471, 17.94025],
        [79.78379, 17.93982],
        [79.78378, 17.93981],
        [79.78334, 17.93961],
        [79.78307, 17.93947],
        [79.78282, 17.93934],
        [79.78248, 17.93917],
        [79.78136, 17.93859],
        [79.78109, 17.93845],
        [79.78049, 17.93816],
        [79.78042, 17.93813],
        [79.7798, 17.93783],
        [79.7795, 17.93769],
        [79.7788, 17.93744],
        [79.77878, 17.93743],
        [79.77853, 17.93724],
        [79.77798, 17.93689],
        [79.77708, 17.93633],
        [79.77592, 17.9356],
        [79.77555, 17.93541],
        [79.77545, 17.93535],
        [79.77475, 17.93508],
        [79.7747, 17.93506],
        [79.77303, 17.93454],
        [79.77261, 17.93441],
        [79.77207, 17.93424],
        [79.77225, 17.93359],
        [79.77249, 17.93274],
        [79.77292, 17.93117],
        [79.77323, 17.93007],
        [79.77341, 17.92943],
        [79.77396, 17.92746],
        [79.77444, 17.92573],
        [79.77453, 17.92539],
        [79.77501, 17.92369],
        [79.77505, 17.92354],
        [79.77527, 17.9229],
        [79.77538, 17.92256],
        [79.77576, 17.9214],
        [79.77618, 17.92108],
        [79.7763, 17.92099],
        [79.77706, 17.92039],
        [79.77854, 17.91924],
        [79.77905, 17.91884],
        [79.77991, 17.91817],
        [79.78033, 17.91784],
        [79.78066, 17.91758],
        [79.78101, 17.91731],
        [79.78129, 17.91709],
        [79.78166, 17.9168],
        [79.78177, 17.91673],
        [79.78193, 17.91661],
        [79.78197, 17.91658],
        [79.78205, 17.91653],
        [79.78213, 17.91647],
        [79.78235, 17.91632],
        [79.78257, 17.91616],
        [79.7831, 17.91579],
        [79.78345, 17.91555],
        [79.78358, 17.91545],
        [79.78377, 17.91532],
        [79.78395, 17.91522],
        [79.78434, 17.91498],
        [79.78485, 17.91468],
        [79.78522, 17.91445],
        [79.78567, 17.91419],
        [79.78624, 17.91385],
        [79.78773, 17.91259],
        [79.78797, 17.91238],
        [79.78836, 17.91205],
        [79.78841, 17.91203],
        [79.78842, 17.91201],
        [79.78859, 17.91157],
        [79.78866, 17.91139],
        [79.78888, 17.91083],
        [79.78892, 17.91074],
        [79.78896, 17.91067],
        [79.78901, 17.91053],
        [79.78915, 17.91024],
        [79.78923, 17.91006],
        [79.78929, 17.90987],
        [79.78939, 17.90965],
        [79.78961, 17.90919],
        [79.78964, 17.90912],
        [79.78973, 17.90888],
        [79.78977, 17.9088],
        [79.78991, 17.90844],
        [79.79002, 17.90823],
        [79.7901, 17.90803],
        [79.79015, 17.90791],
        [79.79022, 17.90775],
        [79.79024, 17.90769],
        [79.79028, 17.90759],
        [79.79031, 17.90755],
        [79.79039, 17.90736],
        [79.79043, 17.90727],
        [79.79046, 17.90717],
        [79.79051, 17.90709],
        [79.79063, 17.90684],
        [79.79068, 17.90669],
        [79.79075, 17.9065],
        [79.79076, 17.90649],
        [79.79077, 17.90628],
        [79.79079, 17.90612],
        [79.79079, 17.90605],
        [79.79081, 17.90592],
        [79.79083, 17.90543],
        [79.79083, 17.90542],
        [79.79088, 17.90498],
        [79.79093, 17.9046],
        [79.79096, 17.90443],
        [79.79097, 17.90437],
        [79.79099, 17.90424],
        [79.791, 17.90408],
        [79.79102, 17.90389],
        [79.79104, 17.90363],
        [79.79108, 17.90345],
        [79.79109, 17.90331],
        [79.79111, 17.90265],
        [79.79113, 17.90206],
        [79.79113, 17.90194],
        [79.79114, 17.90171],
        [79.79116, 17.9011],
        [79.79119, 17.90091],
        [79.79118, 17.90077],
        [79.79118, 17.90075],
        [79.79118, 17.90059],
        [79.79118, 17.90052],
        [79.79117, 17.90045],
        [79.79116, 17.90039],
        [79.79116, 17.90037],
        [79.79116, 17.90036],
        [79.79116, 17.90033],
        [79.79116, 17.90032],
        [79.79118, 17.90002],
        [79.7912, 17.89968],
        [79.79121, 17.89956],
        [79.79125, 17.89914],
        [79.79125, 17.89905],
        [79.7912, 17.89831],
        [79.79116, 17.89815],
        [79.79118, 17.89799],
        [79.79118, 17.89787],
        [79.79114, 17.897],
        [79.79113, 17.89679],
        [79.79109, 17.89678],
        [79.79075, 17.89665],
        [79.79066, 17.89661],
        [79.78981, 17.89597],
        [79.78977, 17.89593],
        [79.78969, 17.89585],
        [79.78959, 17.89574],
        [79.78935, 17.8955],
        [79.78924, 17.89541],
        [79.78911, 17.89532],
        [79.78848, 17.89492],
        [79.78776, 17.89447],
        [79.78758, 17.89438],
        [79.78579, 17.89356],
        [79.78567, 17.89353],
        [79.7855, 17.89343],
        [79.78549, 17.89342],
        [79.78529, 17.89328],
        [79.78378, 17.89217],
        [79.78375, 17.89215],
        [79.7821, 17.89097],
        [79.78077, 17.89001],
        [79.78071, 17.88993],
        [79.78005, 17.88888],
        [79.77972, 17.88836],
        [79.77887, 17.88663],
        [79.77892, 17.88647],
        [79.77893, 17.88644],
        [79.77962, 17.88435],
        [79.78011, 17.88289],
        [79.78027, 17.88267],
        [79.78098, 17.88093],
        [79.78141, 17.88004],
        [79.78155, 17.87974],
        [79.78192, 17.87896],
        [79.78164, 17.87852],
        [79.78158, 17.8785],
        [79.78138, 17.87844],
        [79.78102, 17.87833],
        [79.78077, 17.87826],
        [79.78053, 17.87819],
        [79.77948, 17.87787],
        [79.77843, 17.87755],
        [79.7753, 17.87661],
        [79.77513, 17.87657],
        [79.77498, 17.87655],
        [79.77331, 17.87634],
        [79.7707, 17.87605],
        [79.77048, 17.876],
        [79.77032, 17.87588],
        [79.7698, 17.87557],
        [79.76896, 17.87507],
        [79.76763, 17.87335],
        [79.76724, 17.87286],
        [79.76625, 17.87163],
        [79.76586, 17.87116],
        [79.76573, 17.87108],
        [79.765, 17.87069],
        [79.76487, 17.87062],
        [79.7648, 17.87056],
        [79.76346, 17.86971],
        [79.7634, 17.86964],
        [79.76328, 17.86957],
        [79.76236, 17.8691],
        [79.76218, 17.86901],
        [79.76215, 17.86899],
        [79.76116, 17.86874],
        [79.76094, 17.8684],
        [79.76086, 17.8683],
        [79.76075, 17.86814],
        [79.76073, 17.86809],
        [79.76067, 17.868],
        [79.76064, 17.86796],
        [79.76016, 17.86783],
        [79.76024, 17.86768],
        [79.76019, 17.86766],
        [79.75941, 17.86751],
        [79.75945, 17.86749],
        [79.75948, 17.86733],
        [79.7595, 17.86728],
        [79.75957, 17.86695],
        [79.75975, 17.86621],
        [79.75979, 17.86606],
        [79.75986, 17.86576],
        [79.75987, 17.86574],
        [79.75988, 17.86568],
        [79.75994, 17.86545],
        [79.75965, 17.86481],
        [79.75949, 17.86445],
        [79.75946, 17.86438],
        [79.76013, 17.86411],
        [79.76014, 17.8641],
        [79.76063, 17.86373],
        [79.76131, 17.86343],
        [79.76165, 17.86334],
        [79.76193, 17.86353],
        [79.76205, 17.86361],
        [79.76207, 17.86362],
        [79.76212, 17.86365],
        [79.76267, 17.86367],
        [79.76271, 17.86367],
        [79.76273, 17.86367],
        [79.76305, 17.86368],
        [79.76343, 17.86352],
        [79.7635, 17.8635],
        [79.76396, 17.86331],
        [79.76398, 17.8633],
        [79.76402, 17.86326],
        [79.76409, 17.86321],
        [79.76416, 17.86316],
        [79.76424, 17.8631],
        [79.76466, 17.86278],
        [79.7649, 17.86245],
        [79.76478, 17.86204],
        [79.76475, 17.86192],
        [79.76465, 17.86156],
        [79.76467, 17.86149],
        [79.76481, 17.86109],
        [79.76483, 17.86104],
        [79.76504, 17.86046],
        [79.76512, 17.86038],
        [79.76528, 17.86022],
        [79.76562, 17.85991],
        [79.76553, 17.8598],
        [79.76552, 17.8598],
        [79.76552, 17.85979],
        [79.76554, 17.85976],
        [79.76666, 17.85797],
        [79.76733, 17.85696],
        [79.76748, 17.85674],
        [79.76749, 17.85673],
        [79.76827, 17.85555],
        [79.76853, 17.85509],
        [79.76748, 17.85469],
        [79.76678, 17.85443],
        [79.76524, 17.85366],
        [79.76436, 17.85259],
        [79.76387, 17.85164],
        [79.76376, 17.85151],
        [79.76354, 17.85103],
        [79.76352, 17.85073],
        [79.76305, 17.85005],
        [79.7627, 17.84945],
        [79.76153, 17.84917],
        [79.76081, 17.84902],
        [79.75982, 17.84901],
        [79.7583, 17.84888],
        [79.75771, 17.84892],
        [79.75409, 17.84898],
        [79.75323, 17.84762],
        [79.75298, 17.84722],
        [79.75184, 17.8454],
        [79.75169, 17.84518],
        [79.75103, 17.84418],
        [79.75057, 17.8435],
        [79.75003, 17.84268],
        [79.74992, 17.84251],
        [79.74978, 17.84253],
        [79.74959, 17.84254],
        [79.74931, 17.84257],
        [79.74909, 17.84259],
        [79.74881, 17.84261],
        [79.74842, 17.84265],
        [79.74773, 17.84271],
        [79.74691, 17.84278],
        [79.7457, 17.84289],
        [79.74535, 17.84292],
        [79.74519, 17.84293],
        [79.74473, 17.84296],
        [79.74363, 17.84304],
        [79.74233, 17.84313],
        [79.74225, 17.84313],
        [79.74224, 17.84314],
        [79.74164, 17.84347],
        [79.74164, 17.84348],
        [79.74157, 17.8436],
        [79.74125, 17.8437],
        [79.74111, 17.84375],
        [79.74115, 17.84401],
        [79.74101, 17.84411],
        [79.74109, 17.84438],
        [79.74096, 17.84437],
        [79.74102, 17.84462],
        [79.74056, 17.84359],
        [79.73996, 17.8429],
        [79.73859, 17.84135],
        [79.7385, 17.84125],
        [79.73829, 17.841],
        [79.73753, 17.84015],
        [79.73734, 17.83998],
        [79.73656, 17.83973],
        [79.73537, 17.83941],
        [79.73468, 17.83862],
        [79.73416, 17.83802],
        [79.7333, 17.83783],
        [79.73297, 17.83764],
        [79.7329, 17.83759],
        [79.73266, 17.83746],
        [79.73244, 17.837],
        [79.73231, 17.83699],
        [79.73228, 17.83679],
        [79.7323, 17.83634],
        [79.73218, 17.83606],
        [79.73179, 17.83597],
        [79.73169, 17.83595],
        [79.73094, 17.83544],
        [79.73087, 17.83498],
        [79.73046, 17.83497],
        [79.73041, 17.83433],
        [79.7298, 17.8343],
        [79.72905, 17.83391],
        [79.72845, 17.83392],
        [79.72829, 17.83291],
        [79.72827, 17.8328],
        [79.72833, 17.83176],
        [79.72833, 17.83172],
        [79.72831, 17.83162],
        [79.72823, 17.83123],
        [79.728, 17.83132],
        [79.72782, 17.83139],
        [79.7278, 17.8314],
        [79.72777, 17.83141],
        [79.72753, 17.83151],
        [79.72662, 17.83188],
        [79.7266, 17.8318],
        [79.72655, 17.83166],
        [79.72644, 17.83167],
        [79.72579, 17.83172],
        [79.72577, 17.83162],
        [79.72569, 17.83131],
        [79.72567, 17.83122],
        [79.72561, 17.83122],
        [79.7256, 17.83122],
        [79.72456, 17.83097],
        [79.72452, 17.83081],
        [79.72448, 17.83066],
        [79.72446, 17.83058],
        [79.72395, 17.83004],
        [79.72345, 17.82988],
        [79.7232, 17.82969],
        [79.72293, 17.82949],
        [79.72288, 17.8295],
        [79.72244, 17.8296],
        [79.72245, 17.82951],
        [79.72256, 17.82881],
        [79.72246, 17.82865],
        [79.7224, 17.82856],
        [79.72232, 17.82843],
        [79.72216, 17.82819],
        [79.72192, 17.82807],
        [79.72175, 17.82799],
        [79.72131, 17.82777],
        [79.72094, 17.82759],
        [79.72087, 17.82756],
        [79.72051, 17.82671],
        [79.72042, 17.82671],
        [79.71917, 17.82673],
        [79.71861, 17.82674],
        [79.71834, 17.82675],
        [79.7181, 17.82678],
        [79.71711, 17.82692],
        [79.71677, 17.82695],
        [79.71509, 17.82714],
        [79.71468, 17.82723],
        [79.71437, 17.82729],
        [79.71428, 17.82731],
        [79.71412, 17.82734],
        [79.71381, 17.82751],
        [79.713, 17.82794],
        [79.7128, 17.82799],
        [79.71272, 17.82801],
        [79.71182, 17.82823],
        [79.71154, 17.82869],
        [79.71036, 17.82978],
        [79.70935, 17.83042],
        [79.70916, 17.83049],
        [79.70909, 17.83052],
        [79.70897, 17.83056],
        [79.70834, 17.83043],
        [79.70792, 17.83047],
        [79.70698, 17.83057],
        [79.7066, 17.83069],
        [79.70649, 17.83072],
        [79.70646, 17.83073],
        [79.70601, 17.83092],
        [79.70505, 17.8317],
        [79.70419, 17.83166],
        [79.70403, 17.83165],
        [79.7039, 17.83164],
        [79.70348, 17.83162],
        [79.70336, 17.83162],
        [79.70204, 17.83155],
        [79.70201, 17.83155],
        [79.69851, 17.83034],
        [79.69799, 17.83014],
        [79.69697, 17.82974],
        [79.69584, 17.8293],
        [79.69531, 17.82908],
        [79.69412, 17.82861],
        [79.69357, 17.82839],
        [79.69306, 17.82819],
        [79.69067, 17.82723],
        [79.6904, 17.82713],
        [79.6901, 17.82707],
        [79.69002, 17.82706],
        [79.6896, 17.82701],
        [79.6894, 17.827],
        [79.68885, 17.82718],
        [79.68852, 17.82727],
        [79.68825, 17.82734],
        [79.68825, 17.82727],
        [79.68826, 17.82685],
        [79.68827, 17.82651],
        [79.68814, 17.82628],
        [79.68778, 17.82603],
        [79.68735, 17.82573],
        [79.68728, 17.82568],
        [79.68684, 17.82561],
        [79.68677, 17.8256],
        [79.68666, 17.82571],
        [79.68648, 17.82566],
        [79.68638, 17.8258],
        [79.68634, 17.82585],
        [79.68633, 17.82584],
        [79.68613, 17.82579],
        [79.68591, 17.82575],
        [79.68581, 17.82573],
        [79.68558, 17.82567],
        [79.68557, 17.82568],
        [79.68555, 17.82567],
        [79.68555, 17.82569],
        [79.68512, 17.82587],
        [79.68409, 17.82598],
        [79.68362, 17.82607],
        [79.68355, 17.82602],
        [79.6835, 17.82599],
        [79.68314, 17.82575],
        [79.68301, 17.8256],
        [79.68251, 17.82499],
        [79.68226, 17.82495],
        [79.6822, 17.82494],
        [79.68218, 17.82493],
        [79.68192, 17.82489],
        [79.68044, 17.82483],
        [79.68037, 17.82483],
        [79.68036, 17.82481],
        [79.68035, 17.82478],
        [79.68028, 17.82456],
        [79.67874, 17.8245],
        [79.67862, 17.8245],
        [79.67855, 17.82447],
        [79.67776, 17.8241],
        [79.67751, 17.82404],
        [79.67746, 17.82403],
        [79.67697, 17.82423],
        [79.67653, 17.82442],
        [79.67649, 17.82443],
        [79.67624, 17.82331],
        [79.67616, 17.82279],
        [79.67618, 17.82267],
        [79.67623, 17.82237],
        [79.6761, 17.82146],
        [79.67587, 17.82129],
        [79.6756, 17.82116],
        [79.67519, 17.82098],
        [79.67518, 17.82097],
        [79.67499, 17.82092],
        [79.67489, 17.82104],
        [79.67488, 17.82105],
        [79.67469, 17.82113],
        [79.67463, 17.82087],
        [79.67434, 17.82093],
        [79.6741, 17.82101],
        [79.67384, 17.82108],
        [79.67329, 17.82124],
        [79.67144, 17.82179],
        [79.6708, 17.82199],
        [79.67061, 17.82216],
        [79.6706, 17.82217],
        [79.66992, 17.82243],
        [79.66912, 17.82273],
        [79.66866, 17.82287],
        [79.6685, 17.82292],
        [79.66795, 17.82299],
        [79.66721, 17.82337],
        [79.6671, 17.82343],
        [79.66602, 17.82401],
        [79.66443, 17.82487],
        [79.66364, 17.82532],
        [79.66353, 17.82538],
        [79.66338, 17.8254],
        [79.66317, 17.8253],
        [79.66246, 17.82496],
        [79.66234, 17.8249],
        [79.6618, 17.82464],
        [79.6611, 17.82431],
        [79.66103, 17.82427],
        [79.66038, 17.82396],
        [79.66023, 17.82389],
        [79.66007, 17.82382],
        [79.65994, 17.82376],
        [79.65854, 17.82314],
        [79.65844, 17.82309],
        [79.65716, 17.82123],
        [79.65708, 17.8211],
        [79.65683, 17.82108],
        [79.65538, 17.82099],
        [79.65332, 17.82083],
        [79.65298, 17.8208],
        [79.65225, 17.82073],
        [79.65215, 17.82085],
        [79.65215, 17.82086],
        [79.65213, 17.82088],
        [79.65212, 17.82089],
        [79.65211, 17.8209],
        [79.65195, 17.8211],
        [79.65187, 17.82121],
        [79.65181, 17.82119],
        [79.65177, 17.82117],
        [79.6517, 17.82115],
        [79.65161, 17.82112],
        [79.65141, 17.82117],
        [79.65138, 17.82117],
        [79.65094, 17.82128],
        [79.65074, 17.82133],
        [79.65065, 17.82133],
        [79.65025, 17.82136],
        [79.65017, 17.82137],
        [79.64963, 17.82141],
        [79.6488, 17.82147],
        [79.64834, 17.82151],
        [79.64712, 17.82162],
        [79.64664, 17.82167],
        [79.6462, 17.82171],
        [79.64574, 17.82176],
        [79.64567, 17.82176],
        [79.64569, 17.82152],
        [79.64569, 17.82148],
        [79.64572, 17.82111],
        [79.64573, 17.82103],
        [79.64572, 17.82103],
        [79.6453, 17.82118],
        [79.64516, 17.82114],
        [79.645, 17.82109],
        [79.64465, 17.82099],
        [79.64457, 17.82098],
        [79.64449, 17.82098],
        [79.64445, 17.82097],
        [79.64394, 17.82129],
        [79.64344, 17.8216],
        [79.64258, 17.82196],
        [79.64231, 17.82207],
        [79.64028, 17.8235],
        [79.63881, 17.82412],
        [79.63808, 17.82576],
        [79.63807, 17.82579],
        [79.63795, 17.8259],
        [79.63787, 17.82598],
        [79.6377, 17.82615],
        [79.63751, 17.82638],
        [79.63743, 17.82701],
        [79.63711, 17.82867],
        [79.63708, 17.82874],
        [79.63679, 17.8297],
        [79.6366, 17.83033],
        [79.63642, 17.83094],
        [79.63631, 17.83201],
        [79.63625, 17.8325],
        [79.63622, 17.83306],
        [79.63619, 17.83354],
        [79.63474, 17.83336],
        [79.63466, 17.83422],
        [79.63466, 17.83429],
        [79.63468, 17.83442],
        [79.63473, 17.83466],
        [79.63496, 17.83513],
        [79.63498, 17.83516],
        [79.63505, 17.8357],
        [79.63508, 17.83592],
        [79.63528, 17.83707],
        [79.63535, 17.83749],
        [79.63499, 17.83902],
        [79.63466, 17.84062],
        [79.63626, 17.8418],
        [79.63653, 17.84203],
        [79.63691, 17.84234],
        [79.63718, 17.84294],
        [79.63788, 17.84449],
        [79.63841, 17.84506],
        [79.63874, 17.84488],
        [79.63911, 17.84467],
        [79.63921, 17.84523],
        [79.6397, 17.84581],
        [79.63995, 17.84612],
        [79.64002, 17.8462],
        [79.64006, 17.84664],
        [79.64007, 17.84684],
        [79.64009, 17.847],
        [79.64009, 17.84705],
        [79.6401, 17.84709],
        [79.6401, 17.84711],
        [79.6401, 17.84717],
        [79.64012, 17.84734],
        [79.64013, 17.84747],
        [79.64014, 17.84759],
        [79.64015, 17.84775],
        [79.64017, 17.84791],
        [79.64017, 17.84798],
        [79.64021, 17.84845],
        [79.64023, 17.84859],
        [79.64024, 17.84872],
        [79.64025, 17.84887],
        [79.64026, 17.849],
        [79.64027, 17.84909],
        [79.64029, 17.84933],
        [79.64029, 17.84936],
        [79.6403, 17.84939],
        [79.6403, 17.84942],
        [79.64031, 17.8495],
        [79.64031, 17.84957],
        [79.64031, 17.84961],
        [79.64033, 17.84978],
        [79.64038, 17.85032],
        [79.64037, 17.85038],
        [79.64033, 17.85059],
        [79.64028, 17.8509],
        [79.64024, 17.85122],
        [79.64021, 17.85136],
        [79.6402, 17.85144],
        [79.64003, 17.85195],
        [79.63993, 17.85227],
        [79.63991, 17.85232],
        [79.63995, 17.85249],
        [79.64006, 17.85295],
        [79.64017, 17.85341],
        [79.64011, 17.85366],
        [79.63989, 17.85454],
        [79.64126, 17.85611],
        [79.64141, 17.8563],
        [79.64152, 17.85639],
        [79.64161, 17.85647],
        [79.64172, 17.85656],
        [79.64281, 17.85745],
        [79.64291, 17.85784],
        [79.64296, 17.858],
        [79.64302, 17.85821],
        [79.64299, 17.85823],
        [79.64264, 17.85855],
        [79.64229, 17.85885],
        [79.64275, 17.86013],
        [79.64325, 17.86152],
        [79.64326, 17.86164],
        [79.64342, 17.86285],
        [79.64342, 17.86286],
        [79.64363, 17.86359],
        [79.64381, 17.8642],
        [79.64402, 17.86492],
        [79.64418, 17.86547],
        [79.64426, 17.86588],
        [79.64433, 17.86602],
        [79.64436, 17.8661],
        [79.64451, 17.86669],
        [79.64465, 17.86711],
        [79.64474, 17.8674],
        [79.64484, 17.8677],
        [79.64489, 17.86786],
        [79.64491, 17.86794],
        [79.64485, 17.86787],
        [79.64485, 17.86788],
        [79.64424, 17.86841],
        [79.64394, 17.86867],
        [79.64389, 17.86887],
        [79.64379, 17.8692],
        [79.64372, 17.86945],
        [79.64349, 17.86979],
        [79.64249, 17.87128],
        [79.64129, 17.87176],
        [79.64116, 17.87182],
        [79.64099, 17.87189],
        [79.64098, 17.87189],
        [79.64089, 17.87193],
        [79.64067, 17.87202],
        [79.64063, 17.87202],
        [79.63939, 17.87226],
        [79.63826, 17.87237],
        [79.63698, 17.8725],
        [79.63693, 17.8725],
        [79.63626, 17.87254],
        [79.63595, 17.87255],
        [79.63473, 17.87307],
        [79.63423, 17.87243],
        [79.63387, 17.87196],
        [79.63373, 17.87179],
        [79.63361, 17.8719],
        [79.63304, 17.87242],
        [79.6329, 17.87245],
        [79.63279, 17.87248],
        [79.6326, 17.87253],
        [79.63248, 17.87238],
        [79.63154, 17.87273],
        [79.63089, 17.87225],
        [79.63052, 17.87243],
        [79.63051, 17.87243],
        [79.63046, 17.87246],
        [79.63009, 17.87268],
        [79.62976, 17.87287],
        [79.62964, 17.87294],
        [79.62945, 17.87306],
        [79.62919, 17.87319],
        [79.629, 17.87328],
        [79.62897, 17.87329],
        [79.62863, 17.87347],
        [79.62702, 17.87383],
        [79.62671, 17.8739],
        [79.62672, 17.87391],
        [79.62578, 17.87416],
        [79.62565, 17.87354],
        [79.62519, 17.87304],
        [79.62448, 17.87331],
        [79.62433, 17.87336],
        [79.62316, 17.87338],
        [79.62313, 17.87332],
        [79.62275, 17.87243],
        [79.62272, 17.87236],
        [79.62262, 17.87235],
        [79.6225, 17.87233],
        [79.62243, 17.87232],
        [79.62052, 17.87207],
        [79.62054, 17.87082],
        [79.61863, 17.87041],
        [79.61711, 17.86927],
        [79.61704, 17.86916],
        [79.61618, 17.86939],
        [79.61575, 17.86951],
        [79.6156, 17.86956],
        [79.61501, 17.86976],
        [79.61448, 17.86994],
        [79.61364, 17.87016],
        [79.61307, 17.8703],
        [79.61243, 17.87051],
        [79.61221, 17.87059],
        [79.61207, 17.87063],
        [79.61187, 17.87068],
        [79.61168, 17.87073],
        [79.61114, 17.87096],
        [79.61044, 17.87126],
        [79.61048, 17.87143],
        [79.61003, 17.87154],
        [79.60983, 17.8716],
        [79.60975, 17.87162],
        [79.60971, 17.87163],
        [79.60905, 17.8718],
        [79.60903, 17.87181],
        [79.60872, 17.8719],
        [79.60807, 17.87226],
        [79.60786, 17.87238],
        [79.60707, 17.8738],
        [79.60665, 17.87511],
        [79.60589, 17.87576],
        [79.60572, 17.87591],
        [79.60559, 17.87602],
        [79.6045, 17.87736],
        [79.60355, 17.87779],
        [79.60248, 17.87827],
        [79.60247, 17.87827],
        [79.60187, 17.87854],
        [79.60058, 17.87912],
        [79.6002, 17.87929],
        [79.60003, 17.87937],
        [79.59984, 17.87939],
        [79.59765, 17.88048],
        [79.5965, 17.88131],
        [79.59579, 17.88203],
        [79.59573, 17.88209],
        [79.59455, 17.88304],
        [79.59403, 17.88345],
        [79.59347, 17.88389],
        [79.59322, 17.88403],
        [79.59297, 17.88416],
        [79.59192, 17.88544],
        [79.59221, 17.88627],
        [79.59229, 17.88676],
        [79.59249, 17.88727],
        [79.59268, 17.88766],
        [79.59274, 17.88795],
        [79.59283, 17.88836],
        [79.59286, 17.88871],
        [79.59298, 17.88886],
        [79.59344, 17.88964],
        [79.59365, 17.89003],
        [79.59371, 17.89039],
        [79.59374, 17.89063],
        [79.59382, 17.89115],
        [79.59395, 17.89201],
        [79.59415, 17.89238],
        [79.59414, 17.89252],
        [79.59413, 17.89271],
        [79.5941, 17.89314],
        [79.59411, 17.89385],
        [79.59411, 17.89403],
        [79.59411, 17.89456],
        [79.59409, 17.89486],
        [79.59404, 17.89531],
        [79.59397, 17.89611],
        [79.59396, 17.89622],
        [79.59396, 17.89649],
        [79.59397, 17.89676],
        [79.59443, 17.89672],
        [79.59503, 17.89673],
        [79.5957, 17.89667],
        [79.59577, 17.89667],
        [79.59594, 17.89657],
        [79.59594, 17.89656],
        [79.59595, 17.89656],
        [79.59681, 17.89644],
        [79.59811, 17.89613],
        [79.59858, 17.89614],
        [79.59993, 17.89617],
        [79.60102, 17.89619],
        [79.6015, 17.89618],
        [79.60208, 17.89617],
        [79.60231, 17.89619],
        [79.60243, 17.89619],
        [79.60403, 17.8963],
        [79.60546, 17.8964],
        [79.60599, 17.89644],
        [79.60659, 17.89629],
        [79.6069, 17.89621],
        [79.60821, 17.89589],
        [79.6083, 17.89747],
        [79.60833, 17.89806],
        [79.60835, 17.89848],
        [79.60836, 17.89857],
        [79.60894, 17.89918],
        [79.60921, 17.89946],
        [79.60924, 17.89949],
        [79.60924, 17.8995],
        [79.60925, 17.89956],
        [79.60926, 17.89972],
        [79.60932, 17.90038],
        [79.60929, 17.90052],
        [79.60918, 17.90101],
        [79.60908, 17.90146],
        [79.60893, 17.90212],
        [79.60892, 17.90218],
        [79.60906, 17.90308],
        [79.60906, 17.90347],
        [79.60905, 17.90365],
        [79.60902, 17.90399],
        [79.60902, 17.90423],
        [79.60903, 17.90582],
        [79.60907, 17.90712],
        [79.6091, 17.90794],
        [79.60902, 17.90818],
        [79.60944, 17.90818],
        [79.61024, 17.90818],
        [79.61067, 17.9081],
        [79.61074, 17.90811],
        [79.61095, 17.90816],
        [79.61098, 17.90817],
        [79.61196, 17.90831],
        [79.6121, 17.90833],
        [79.61294, 17.90846],
        [79.61382, 17.90852],
        [79.61441, 17.90874],
        [79.61444, 17.90877],
        [79.61446, 17.90879],
        [79.61453, 17.90884],
        [79.61455, 17.90885],
        [79.61462, 17.9089],
        [79.61483, 17.90907],
        [79.61489, 17.90912],
        [79.61539, 17.90961],
        [79.61545, 17.90967],
        [79.61589, 17.91008],
        [79.61618, 17.91046],
        [79.61651, 17.91096],
        [79.61676, 17.91134],
        [79.61677, 17.91136],
        [79.61683, 17.91159],
        [79.61703, 17.91255],
        [79.61714, 17.91305],
        [79.61732, 17.91396],
        [79.61738, 17.91414],
        [79.61743, 17.91427],
        [79.61758, 17.91469],
        [79.61762, 17.91479],
        [79.6178, 17.91526],
        [79.61783, 17.91535],
        [79.61836, 17.91667],
        [79.61851, 17.91697],
        [79.6187, 17.91733],
        [79.61886, 17.91769],
        [79.61895, 17.9179],
        [79.61905, 17.91813],
        [79.61933, 17.91896],
        [79.61934, 17.91901],
        [79.61941, 17.91918],
        [79.61942, 17.91925],
        [79.61943, 17.91934],
        [79.61964, 17.91989],
        [79.61973, 17.9201],
        [79.61988, 17.92048],
        [79.61991, 17.92058],
        [79.61994, 17.92064],
        [79.62009, 17.921],
        [79.62015, 17.92125],
        [79.62015, 17.9213],
        [79.62016, 17.92138],
        [79.62042, 17.92221],
        [79.62064, 17.92275],
        [79.62081, 17.92284],
        [79.62096, 17.92336],
        [79.62103, 17.92375],
        [79.62103, 17.92393],
        [79.62104, 17.92425],
        [79.62117, 17.92478],
        [79.62121, 17.92495],
        [79.62129, 17.92526],
        [79.62138, 17.92546],
        [79.62145, 17.92564],
        [79.62149, 17.92581],
        [79.62155, 17.92602],
        [79.62158, 17.92608],
        [79.62166, 17.92624],
        [79.62188, 17.92706],
        [79.62189, 17.92708],
        [79.6219, 17.92731],
        [79.62194, 17.92754],
        [79.62194, 17.92755],
        [79.62242, 17.92742],
        [79.62255, 17.92736],
        [79.62264, 17.92728],
        [79.62299, 17.92707],
        [79.62306, 17.92703],
        [79.62311, 17.92701],
        [79.62349, 17.92689],
        [79.62355, 17.92687],
        [79.624, 17.92669],
        [79.62433, 17.92653],
        [79.62441, 17.92649],
        [79.62475, 17.9273],
        [79.62506, 17.9278],
        [79.62497, 17.92799],
        [79.62494, 17.92807],
        [79.62491, 17.92815],
        [79.62487, 17.92827],
        [79.62463, 17.92859],
        [79.62435, 17.92892],
        [79.62424, 17.92906],
        [79.6239, 17.92948],
        [79.62383, 17.92949],
        [79.62379, 17.9295],
        [79.62372, 17.92953],
        [79.62368, 17.92968],
        [79.62373, 17.92979],
        [79.62384, 17.92999],
        [79.62337, 17.93055],
        [79.6235, 17.93093],
        [79.62352, 17.93098],
        [79.62364, 17.93123],
        [79.62366, 17.93145],
        [79.62336, 17.93168],
        [79.62345, 17.9318],
        [79.62301, 17.93203],
        [79.62279, 17.93227],
        [79.62304, 17.93257],
        [79.62245, 17.93298],
        [79.62271, 17.93323],
        [79.62278, 17.93341],
        [79.62297, 17.93341],
        [79.62308, 17.93363],
        [79.62314, 17.93399],
        [79.62334, 17.93402],
        [79.62331, 17.93406],
        [79.62314, 17.93479],
        [79.62288, 17.93571],
        [79.62275, 17.93594],
        [79.62268, 17.93606],
        [79.62249, 17.93711],
        [79.62245, 17.9373],
        [79.62231, 17.93788],
        [79.6224, 17.93804],
        [79.62213, 17.93832],
        [79.62207, 17.93839],
        [79.62215, 17.93846],
        [79.62225, 17.93854],
        [79.62225, 17.93858],
        [79.62225, 17.93859],
        [79.62223, 17.93874],
        [79.62221, 17.93891],
        [79.62217, 17.9393],
        [79.6222, 17.93983],
        [79.6222, 17.94002],
        [79.62221, 17.9405],
        [79.62231, 17.9406],
        [79.62247, 17.94078],
        [79.62251, 17.94078],
        [79.62352, 17.94057],
        [79.62386, 17.94052],
        [79.62386, 17.94063],
        [79.62386, 17.94084],
        [79.62386, 17.9412],
        [79.62387, 17.94131],
        [79.62389, 17.94159],
        [79.62404, 17.9422],
        [79.62406, 17.94228],
        [79.62426, 17.94296],
        [79.6243, 17.94305],
        [79.62437, 17.94319],
        [79.62469, 17.94305],
        [79.62572, 17.94265],
        [79.62577, 17.94278],
        [79.62581, 17.94288],
        [79.62592, 17.94311],
        [79.62562, 17.94326],
        [79.62523, 17.94338],
        [79.62482, 17.94366],
        [79.62504, 17.9441],
        [79.62522, 17.94437],
        [79.62537, 17.94434],
        [79.62581, 17.94424],
        [79.62586, 17.94428],
        [79.62608, 17.94445],
        [79.62613, 17.94446],
        [79.62656, 17.94454],
        [79.62666, 17.94456],
        [79.62668, 17.9452],
        [79.62678, 17.94538],
        [79.62653, 17.94551],
        [79.62657, 17.94565],
        [79.62664, 17.94592],
        [79.62683, 17.9459],
        [79.62695, 17.94624],
        [79.62702, 17.94661],
        [79.62713, 17.94702],
        [79.62715, 17.94709],
        [79.62721, 17.94745],
        [79.62722, 17.94755],
        [79.62771, 17.94757],
        [79.62802, 17.94771],
        [79.62809, 17.94767],
        [79.62819, 17.94761],
        [79.62812, 17.94706],
        [79.62865, 17.94695],
        [79.62917, 17.94676],
        [79.62918, 17.94681],
        [79.62924, 17.94701],
        [79.62928, 17.94714],
        [79.62942, 17.94781],
        [79.62952, 17.94823],
        [79.62954, 17.94827],
        [79.62963, 17.94848],
        [79.62976, 17.94851],
        [79.62987, 17.94856],
        [79.6299, 17.94929],
        [79.63011, 17.95092],
        [79.63012, 17.95096],
        [79.63099, 17.95076],
        [79.6311, 17.95129],
        [79.63122, 17.95245],
        [79.63122, 17.95249],
        [79.63119, 17.95271],
        [79.63119, 17.9528],
        [79.63118, 17.95281],
        [79.63112, 17.95276],
        [79.63083, 17.95255],
        [79.63055, 17.9526],
        [79.63009, 17.95268],
        [79.62972, 17.95276],
        [79.62977, 17.95335],
        [79.62978, 17.95345],
        [79.62984, 17.95411],
        [79.62976, 17.95415],
        [79.62954, 17.95427],
        [79.62936, 17.95436],
        [79.62936, 17.95485],
        [79.63003, 17.95484],
        [79.62991, 17.95518],
        [79.63036, 17.95574],
        [79.6307, 17.95613],
        [79.63126, 17.95657],
        [79.63193, 17.95694],
        [79.63198, 17.95695],
        [79.63247, 17.95702],
        [79.63292, 17.95708],
        [79.63328, 17.95713],
        [79.63322, 17.95749],
        [79.63332, 17.95858],
        [79.6333, 17.9587],
        [79.63317, 17.95862],
        [79.63309, 17.95856],
        [79.63301, 17.95851],
        [79.63284, 17.95853],
        [79.63281, 17.95853],
        [79.63273, 17.95874],
        [79.63277, 17.9589],
        [79.63294, 17.95907],
        [79.63274, 17.95912],
        [79.63253, 17.95918],
        [79.63174, 17.95939],
        [79.63149, 17.95944],
        [79.63124, 17.9595],
        [79.63039, 17.95968],
        [79.63023, 17.96033],
        [79.63027, 17.96054],
        [79.62954, 17.9608],
        [79.6292, 17.96189],
        [79.62918, 17.96201],
        [79.62918, 17.96206],
        [79.62957, 17.96208],
        [79.62977, 17.9621],
        [79.62999, 17.9631],
        [79.63002, 17.96322],
        [79.6302, 17.96346],
        [79.63045, 17.96441],
        [79.63047, 17.96451],
        [79.63059, 17.9649],
        [79.63062, 17.96501],
        [79.63069, 17.96515],
        [79.63152, 17.96484],
        [79.63172, 17.96477],
        [79.63178, 17.96475],
        [79.63177, 17.96514],
        [79.63021, 17.96611],
        [79.63014, 17.96616],
        [79.62996, 17.96631],
        [79.62915, 17.96696],
        [79.62892, 17.96714],
        [79.62803, 17.96772],
        [79.62797, 17.96776],
        [79.62725, 17.96824],
        [79.6269, 17.96849],
        [79.62625, 17.96893],
        [79.62565, 17.96931],
        [79.62523, 17.96959],
        [79.62448, 17.97004],
        [79.62355, 17.9706],
        [79.62341, 17.97068],
        [79.62343, 17.97084],
        [79.62344, 17.97095],
        [79.62358, 17.97217],
        [79.62116, 17.97385],
        [79.62077, 17.97391],
        [79.62034, 17.97406],
        [79.61989, 17.97436],
        [79.61979, 17.97442],
        [79.6195, 17.97463],
        [79.61914, 17.97495],
        [79.61822, 17.97587],
        [79.61787, 17.97608],
        [79.61742, 17.97634],
        [79.6178, 17.97749],
        [79.61794, 17.97791],
        [79.61797, 17.97803],
        [79.61828, 17.97907],
        [79.6183, 17.97913],
        [79.61832, 17.97921],
        [79.61916, 17.9813],
        [79.61944, 17.98131],
        [79.62213, 17.98139],
        [79.6222, 17.98146],
        [79.62287, 17.9821],
        [79.62357, 17.98276],
        [79.62398, 17.98315],
        [79.62473, 17.98328],
        [79.62566, 17.98344],
        [79.62786, 17.98375],
        [79.6288, 17.98388],
        [79.62999, 17.984],
        [79.63116, 17.98412],
        [79.63192, 17.98417],
        [79.63321, 17.98424],
        [79.63318, 17.98375],
        [79.63324, 17.98375],
        [79.63349, 17.98378],
        [79.63385, 17.98382],
        [79.63417, 17.98384],
        [79.63441, 17.98393],
        [79.6346, 17.98399],
        [79.63479, 17.98406],
        [79.63511, 17.98419],
        [79.63512, 17.9842],
        [79.6352, 17.98427],
        [79.63594, 17.9845],
        [79.63605, 17.98454],
        [79.63711, 17.98476],
        [79.63718, 17.98478],
        [79.63737, 17.98481],
        [79.63747, 17.9849],
        [79.6379, 17.98521],
        [79.6382, 17.98542],
        [79.63854, 17.98565],
        [79.63874, 17.98582],
        [79.63898, 17.98598],
        [79.63912, 17.98609],
        [79.63936, 17.98626],
        [79.6396, 17.98643],
        [79.63971, 17.98652],
        [79.63985, 17.9866],
        [79.63997, 17.98669],
        [79.6401, 17.98679],
        [79.64024, 17.98688],
        [79.64035, 17.98698],
        [79.64049, 17.98707],
        [79.64055, 17.98712],
        [79.64063, 17.98718],
        [79.64073, 17.98726],
        [79.64082, 17.98734],
        [79.64106, 17.98751],
        [79.64113, 17.98756],
        [79.6414, 17.98777],
        [79.64095, 17.98881],
        [79.64094, 17.98881],
        [79.64093, 17.98882],
        [79.64087, 17.98886],
        [79.64096, 17.98914],
        [79.64129, 17.99025],
        [79.6413, 17.99029],
        [79.64212, 17.99182],
        [79.64224, 17.9921],
        [79.64265, 17.99301],
        [79.64274, 17.99316],
        [79.6432, 17.99389],
        [79.64365, 17.99505],
        [79.64443, 17.99703],
        [79.64465, 17.99769],
        [79.64499, 17.9987],
        [79.64506, 17.99881],
        [79.64512, 17.9989],
        [79.64576, 17.9999],
        [79.6458, 17.99997],
        [79.64578, 17.99998],
        [79.64569, 18.00001],
        [79.64434, 18.0004],
        [79.64429, 18.00041],
        [79.64176, 18.00048],
        [79.64165, 18.00051],
        [79.64126, 18.00062],
        [79.64087, 18.00074],
        [79.64088, 18.0008],
        [79.64099, 18.00135],
        [79.64035, 18.00142],
        [79.63983, 18.00155],
        [79.6396, 18.00178],
        [79.63843, 18.00238],
        [79.63906, 18.00423],
        [79.63915, 18.00451],
        [79.63947, 18.00544],
        [79.63875, 18.0057],
        [79.63807, 18.00617],
        [79.63773, 18.00633],
        [79.63746, 18.00646],
        [79.63681, 18.00683],
        [79.63569, 18.00747],
        [79.63531, 18.00765],
        [79.63522, 18.0077],
        [79.6349, 18.00786],
        [79.63414, 18.00823],
        [79.6347, 18.00981],
        [79.63483, 18.01018],
        [79.63519, 18.01063],
        [79.63568, 18.01154],
        [79.63574, 18.01165],
        [79.63585, 18.01187],
        [79.63586, 18.01187],
        [79.63608, 18.01191],
        [79.63702, 18.0119],
        [79.63717, 18.01189],
        [79.63813, 18.01179],
        [79.63874, 18.01153],
        [79.63876, 18.01152],
        [79.63913, 18.01144],
        [79.63927, 18.01141],
        [79.63929, 18.01141],
        [79.63932, 18.0114],
        [79.63981, 18.0113],
        [79.64027, 18.01115],
        [79.64186, 18.01065],
        [79.64207, 18.01046],
        [79.6424, 18.01017],
        [79.64251, 18.01007],
        [79.6428, 18.00992],
        [79.64377, 18.00942],
        [79.64398, 18.00931],
        [79.64501, 18.00909],
        [79.64601, 18.00884],
        [79.648, 18.00963],
        [79.6488, 18.00996],
        [79.64909, 18.01007],
        [79.64954, 18.01015],
        [79.64981, 18.01029],
        [79.64997, 18.01037],
        [79.65071, 18.01072],
        [79.65185, 18.01128],
        [79.65215, 18.01185],
        [79.6522, 18.01194],
        [79.65259, 18.01246],
        [79.65273, 18.01264],
        [79.65285, 18.01279],
        [79.65303, 18.01296],
        [79.65376, 18.01365],
        [79.65423, 18.01429],
        [79.65443, 18.01456],
        [79.65471, 18.01492],
        [79.65483, 18.01522],
        [79.6551, 18.01584],
        [79.65512, 18.01592],
        [79.65523, 18.01642],
        [79.65531, 18.017],
        [79.65535, 18.01724],
        [79.65542, 18.0179],
        [79.6556, 18.01826],
        [79.65608, 18.01822],
        [79.65679, 18.01816],
        [79.65695, 18.01804],
        [79.65745, 18.01825],
        [79.65758, 18.01878],
        [79.65763, 18.01893],
        [79.65768, 18.01911],
        [79.65775, 18.01924],
        [79.65793, 18.01967],
        [79.65807, 18.01995],
        [79.65833, 18.02048],
        [79.6585, 18.02075],
        [79.65827, 18.02099],
        [79.65765, 18.02123],
        [79.65761, 18.02118],
        [79.65744, 18.02098],
        [79.65737, 18.02122],
        [79.65731, 18.02142],
        [79.65732, 18.02145],
        [79.65738, 18.02153],
        [79.65758, 18.0218],
        [79.6576, 18.02184],
        [79.65766, 18.02207],
        [79.65767, 18.02233],
        [79.65786, 18.0226],
        [79.65789, 18.02254],
        [79.65818, 18.02259],
        [79.65823, 18.02237],
        [79.65868, 18.02215],
        [79.65884, 18.02271],
        [79.65886, 18.02271],
        [79.65952, 18.02276],
        [79.6599, 18.02278],
        [79.66026, 18.02275],
        [79.66034, 18.02307],
        [79.66035, 18.02311],
        [79.66042, 18.02338],
        [79.66045, 18.02344],
        [79.66049, 18.02353],
        [79.66055, 18.02369],
        [79.66053, 18.02376],
        [79.66052, 18.02383],
        [79.66063, 18.02385],
        [79.66066, 18.02386],
        [79.66067, 18.02396],
        [79.66067, 18.02399],
        [79.66068, 18.02401],
        [79.66069, 18.02402],
        [79.66077, 18.02409],
        [79.66117, 18.02422],
        [79.66134, 18.02403],
        [79.66143, 18.02385],
        [79.66145, 18.02382],
        [79.6615, 18.02372],
        [79.66152, 18.0236],
        [79.66165, 18.02363],
        [79.66197, 18.02368],
        [79.66214, 18.0237],
        [79.66191, 18.02378],
        [79.66183, 18.02381],
        [79.66161, 18.0239],
        [79.66158, 18.02418],
        [79.66212, 18.0242],
        [79.66226, 18.0242],
        [79.66238, 18.02399],
        [79.6625, 18.02411],
        [79.66271, 18.02408],
        [79.66283, 18.02394],
        [79.66282, 18.02373],
        [79.66282, 18.02371],
        [79.66282, 18.02368],
        [79.66281, 18.02349],
        [79.66294, 18.02341],
        [79.663, 18.02347],
        [79.6632, 18.02338],
        [79.66323, 18.02337],
        [79.66344, 18.02337],
        [79.66359, 18.02333],
        [79.66367, 18.02327],
        [79.66411, 18.02325],
        [79.66431, 18.02306],
        [79.6644, 18.02286],
        [79.66452, 18.02282],
        [79.66464, 18.02278],
        [79.66466, 18.02317],
        [79.66489, 18.02318],
        [79.66516, 18.0232],
        [79.66532, 18.02325],
        [79.66537, 18.02335],
        [79.66538, 18.02337],
        [79.66551, 18.02359],
        [79.66577, 18.0237],
        [79.66604, 18.02371],
        [79.66648, 18.02361],
        [79.66669, 18.02357],
        [79.66717, 18.02361],
        [79.66718, 18.02362],
        [79.66732, 18.02365],
        [79.66738, 18.02401],
        [79.668, 18.02411],
        [79.66816, 18.02414],
        [79.66846, 18.02428],
        [79.66876, 18.02443],
        [79.66904, 18.02478],
        [79.66931, 18.02488],
        [79.6696, 18.02507],
        [79.66964, 18.0251],
        [79.67022, 18.02544],
        [79.67059, 18.02556],
        [79.67068, 18.02559],
        [79.67077, 18.02597],
        [79.67092, 18.02655],
        [79.67109, 18.02722],
        [79.67111, 18.0273],
        [79.67122, 18.02774],
        [79.67127, 18.02794],
        [79.67143, 18.02849],
        [79.67146, 18.02855],
        [79.67148, 18.02859],
        [79.67163, 18.02894],
        [79.6709, 18.02932],
        [79.6709, 18.02934],
        [79.67091, 18.02955],
        [79.67092, 18.02973],
        [79.67094, 18.03058],
        [79.67076, 18.03065],
        [79.67052, 18.03085],
        [79.67002, 18.03127],
        [79.66963, 18.03155],
        [79.66928, 18.03179],
        [79.66915, 18.03188],
        [79.66793, 18.03265],
        [79.66776, 18.03275],
        [79.66615, 18.03321],
        [79.66659, 18.0348],
        [79.66582, 18.03534],
        [79.66552, 18.03555],
        [79.66533, 18.03568],
        [79.66407, 18.03645],
        [79.66383, 18.03661],
        [79.66369, 18.03663],
        [79.66316, 18.03673],
        [79.66255, 18.03684],
        [79.66251, 18.03686],
        [79.66161, 18.03718],
        [79.66159, 18.03719],
        [79.66131, 18.03728],
        [79.66089, 18.03742],
        [79.66085, 18.03743],
        [79.66072, 18.03748],
        [79.6607, 18.03742],
        [79.66067, 18.03724],
        [79.66048, 18.0373],
        [79.65937, 18.03745],
        [79.6593, 18.03746],
        [79.65913, 18.03752],
        [79.65827, 18.03782],
        [79.65795, 18.03793],
        [79.65767, 18.03803],
        [79.6575, 18.03809],
        [79.65707, 18.03819],
        [79.65682, 18.03829],
        [79.65543, 18.03884],
        [79.6553, 18.03889],
        [79.65453, 18.03916],
        [79.65442, 18.0392],
        [79.65439, 18.03921],
        [79.65398, 18.03936],
        [79.6539, 18.03939],
        [79.65382, 18.0394],
        [79.65373, 18.03941],
        [79.6537, 18.03942],
        [79.65295, 18.03983],
        [79.65249, 18.04015],
        [79.65232, 18.04027],
        [79.6522, 18.04036],
        [79.65215, 18.04038],
        [79.65179, 18.04055],
        [79.65157, 18.04065],
        [79.65104, 18.04108],
        [79.65091, 18.04119],
        [79.65079, 18.04128],
        [79.65074, 18.04132],
        [79.65056, 18.04143],
        [79.65009, 18.04122],
        [79.64949, 18.04095],
        [79.64946, 18.04092],
        [79.64934, 18.04081],
        [79.6481, 18.03966],
        [79.64752, 18.03952],
        [79.64649, 18.03927],
        [79.64578, 18.0391],
        [79.64572, 18.03908],
        [79.64557, 18.03903],
        [79.64549, 18.03875],
        [79.64533, 18.03817],
        [79.64466, 18.03716],
        [79.64428, 18.03657],
        [79.64425, 18.03654],
        [79.64422, 18.03649],
        [79.64417, 18.0365],
        [79.64406, 18.03652],
        [79.64385, 18.03654],
        [79.64375, 18.03656],
        [79.64367, 18.03657],
        [79.64364, 18.03658],
        [79.64356, 18.03663],
        [79.64354, 18.03664],
        [79.6418, 18.03702],
        [79.64179, 18.03702],
        [79.64145, 18.0371],
        [79.6414, 18.03712],
        [79.64117, 18.03721],
        [79.64078, 18.0371],
        [79.63991, 18.03723],
        [79.6393, 18.03733],
        [79.63836, 18.03757],
        [79.63811, 18.03763],
        [79.63775, 18.03777],
        [79.63744, 18.03787],
        [79.63738, 18.03789],
        [79.63724, 18.03792],
        [79.63707, 18.03795],
        [79.63661, 18.03803],
        [79.63602, 18.03814],
        [79.63539, 18.03817],
        [79.63427, 18.03822],
        [79.63415, 18.03823],
        [79.63302, 18.03828],
        [79.63175, 18.03837],
        [79.63185, 18.03853],
        [79.63119, 18.0386],
        [79.63097, 18.03864],
        [79.63075, 18.03845],
        [79.62856, 18.0386],
        [79.62811, 18.03863],
        [79.62796, 18.03873],
        [79.62781, 18.03884],
        [79.62751, 18.03905],
        [79.62703, 18.0394],
        [79.62507, 18.0408],
        [79.6251, 18.0409],
        [79.62543, 18.04186],
        [79.62559, 18.04228],
        [79.6258, 18.04265],
        [79.62582, 18.04275],
        [79.62587, 18.04285],
        [79.62606, 18.04341],
        [79.62617, 18.04373],
        [79.6262, 18.04381],
        [79.62623, 18.04389],
        [79.62624, 18.04393],
        [79.62624, 18.04394],
        [79.62627, 18.04451],
        [79.62627, 18.04456],
        [79.62627, 18.04467],
        [79.62626, 18.0447],
        [79.62627, 18.0447],
        [79.62629, 18.04477],
        [79.6263, 18.04558],
        [79.6263, 18.04559],
        [79.62633, 18.04595],
        [79.62629, 18.04612],
        [79.6264, 18.04625],
        [79.6266, 18.04678],
        [79.62676, 18.0472],
        [79.62689, 18.04752],
        [79.62693, 18.04762],
        [79.6271, 18.04802],
        [79.62711, 18.04815],
        [79.62716, 18.04827],
        [79.62721, 18.04866],
        [79.62716, 18.04876],
        [79.62716, 18.04877],
        [79.62713, 18.04888],
        [79.62695, 18.04923],
        [79.62691, 18.04931],
        [79.62684, 18.04944],
        [79.62679, 18.04952],
        [79.62681, 18.04958],
        [79.62683, 18.04962],
        [79.62683, 18.04976],
        [79.62686, 18.05003],
        [79.6269, 18.05069],
        [79.62687, 18.05082],
        [79.62685, 18.05093],
        [79.62653, 18.05235],
        [79.62653, 18.0524],
        [79.62652, 18.05245],
        [79.62652, 18.05256],
        [79.62652, 18.05269],
        [79.62652, 18.05283],
        [79.62652, 18.05291],
        [79.62659, 18.05346],
        [79.62664, 18.05378],
        [79.62675, 18.05461],
        [79.62673, 18.05475],
        [79.62551, 18.05695],
        [79.62549, 18.05707],
        [79.62547, 18.05716],
        [79.62542, 18.05739],
        [79.62539, 18.05754],
        [79.62513, 18.05879],
        [79.62494, 18.05966],
        [79.62491, 18.05977],
        [79.62491, 18.05998],
        [79.62491, 18.06028],
        [79.62491, 18.06087],
        [79.6249, 18.06098],
        [79.62491, 18.0618],
        [79.62491, 18.06228],
        [79.62491, 18.06232],
        [79.62491, 18.06268],
        [79.6249, 18.06284],
        [79.62489, 18.06292],
        [79.6247, 18.06301],
        [79.62415, 18.06315],
        [79.62403, 18.06317],
        [79.62396, 18.06322],
        [79.62331, 18.06356],
        [79.62285, 18.06352],
        [79.62272, 18.0635],
        [79.62196, 18.06344],
        [79.62145, 18.06339],
        [79.62133, 18.06339],
        [79.62117, 18.06344],
        [79.62013, 18.06378],
        [79.62004, 18.0638],
        [79.61997, 18.06383],
        [79.61867, 18.06419],
        [79.61854, 18.06423],
        [79.61806, 18.06438],
        [79.6177, 18.06452],
        [79.61757, 18.06457],
        [79.61745, 18.06465],
        [79.61734, 18.06468],
        [79.61687, 18.06492],
        [79.61671, 18.06498],
        [79.6166, 18.06501],
        [79.6162, 18.06518],
        [79.61607, 18.0652],
        [79.61595, 18.06526],
        [79.61585, 18.06531],
        [79.61543, 18.0655],
        [79.61536, 18.06553],
        [79.61525, 18.06561],
        [79.61514, 18.06567],
        [79.61485, 18.06581],
        [79.61476, 18.06586],
        [79.61394, 18.06627],
        [79.61371, 18.06639],
        [79.6136, 18.06643],
        [79.61346, 18.06645],
        [79.61342, 18.06645],
        [79.61346, 18.06682],
        [79.61349, 18.0671],
        [79.61357, 18.06725],
        [79.61358, 18.06748],
        [79.6136, 18.06778],
        [79.61334, 18.06779],
        [79.61345, 18.06854],
        [79.61353, 18.06909],
        [79.61364, 18.06971],
        [79.61366, 18.07013],
        [79.61378, 18.07104],
        [79.61383, 18.07135],
        [79.61385, 18.0723],
        [79.61384, 18.07257],
        [79.61384, 18.07262],
        [79.61395, 18.07395],
        [79.614, 18.0745],
        [79.6141, 18.07581],
        [79.61396, 18.07676],
        [79.61387, 18.07733],
        [79.61386, 18.0775],
        [79.61383, 18.07764],
        [79.61369, 18.07841],
        [79.61362, 18.07877],
        [79.61395, 18.07963],
        [79.6142, 18.0802],
        [79.61427, 18.08034],
        [79.61421, 18.0805],
        [79.61408, 18.08206],
        [79.61407, 18.08239],
        [79.61409, 18.08264],
        [79.61411, 18.08288],
        [79.61411, 18.0838],
        [79.61411, 18.08392],
        [79.61413, 18.08458],
        [79.61414, 18.08484],
        [79.61415, 18.08561],
        [79.61404, 18.08578],
        [79.61401, 18.08598],
        [79.61392, 18.08639],
        [79.61363, 18.08766],
        [79.61357, 18.08795],
        [79.61357, 18.08871],
        [79.61353, 18.08949],
        [79.61353, 18.08961],
        [79.61347, 18.09049],
        [79.61344, 18.09065],
        [79.6134, 18.09095],
        [79.61317, 18.09139],
        [79.61246, 18.09281],
        [79.61237, 18.09313],
        [79.61242, 18.09346],
        [79.61244, 18.0938],
        [79.61238, 18.09407],
        [79.61233, 18.0943],
        [79.61217, 18.09509],
        [79.61208, 18.09551],
        [79.61131, 18.09574],
        [79.61123, 18.09576],
        [79.61111, 18.0958],
        [79.61085, 18.09588],
        [79.61095, 18.09614],
        [79.61105, 18.09639],
        [79.61112, 18.09659],
        [79.61074, 18.09681],
        [79.61065, 18.09685],
        [79.61057, 18.09707],
        [79.61043, 18.09714],
        [79.61023, 18.09724],
        [79.61001, 18.09736],
        [79.60993, 18.09742],
        [79.60974, 18.09761],
        [79.60947, 18.09769],
        [79.60946, 18.09769],
        [79.60916, 18.09786],
        [79.60903, 18.09794],
        [79.60896, 18.09798],
        [79.60879, 18.09808],
        [79.60873, 18.09814],
        [79.6084, 18.09841],
        [79.6083, 18.09849],
        [79.60802, 18.09853],
        [79.60794, 18.09854],
        [79.6077, 18.09858],
        [79.60717, 18.09865],
        [79.60662, 18.09882],
        [79.60612, 18.09897],
        [79.60608, 18.09898],
        [79.60592, 18.09903],
        [79.60591, 18.09923],
        [79.60576, 18.10018],
        [79.60573, 18.10035],
        [79.60554, 18.10133],
        [79.6053, 18.10263],
        [79.60527, 18.10277],
        [79.60527, 18.10289],
        [79.60526, 18.10298],
        [79.60526, 18.10312],
        [79.60526, 18.10328],
        [79.60527, 18.10331],
        [79.60528, 18.10357],
        [79.60535, 18.10416],
        [79.60546, 18.10493],
        [79.60558, 18.10575],
        [79.60558, 18.10577],
        [79.6056, 18.1059],
        [79.60524, 18.10626],
        [79.60483, 18.10671],
        [79.60472, 18.10683],
        [79.60449, 18.10708],
        [79.60449, 18.10709],
        [79.60427, 18.10733],
        [79.60411, 18.10752],
        [79.60404, 18.1079],
        [79.60418, 18.10917],
        [79.60345, 18.10967],
        [79.60369, 18.10978],
        [79.60343, 18.10996],
        [79.6035, 18.11013],
        [79.60318, 18.11012],
        [79.60334, 18.11021],
        [79.60289, 18.11091],
        [79.60284, 18.11117],
        [79.60283, 18.11123],
        [79.6025, 18.11129],
        [79.60238, 18.11135],
        [79.6023, 18.1114],
        [79.60212, 18.11151],
        [79.60209, 18.11154],
        [79.60191, 18.11172],
        [79.60189, 18.11174],
        [79.60188, 18.11175],
        [79.60177, 18.11157],
        [79.60165, 18.11172],
        [79.60166, 18.1118],
        [79.60166, 18.11194],
        [79.60154, 18.11198],
        [79.60142, 18.11203],
        [79.60082, 18.11235],
        [79.60081, 18.11235],
        [79.6008, 18.11236],
        [79.60072, 18.1124],
        [79.60079, 18.11254],
        [79.60092, 18.11284],
        [79.60098, 18.113],
        [79.60105, 18.11316],
        [79.60109, 18.11325],
        [79.6011, 18.11327],
        [79.60112, 18.11333],
        [79.6011, 18.1134],
        [79.60109, 18.11344],
        [79.60104, 18.11361],
        [79.60115, 18.11371],
        [79.60135, 18.1138],
        [79.60144, 18.11383],
        [79.60138, 18.11388],
        [79.60102, 18.1142],
        [79.60104, 18.11424],
        [79.60111, 18.11439],
        [79.60102, 18.11445],
        [79.60096, 18.11449],
        [79.60107, 18.11462],
        [79.6014, 18.11504],
        [79.60164, 18.11538],
        [79.60174, 18.11553],
        [79.60178, 18.11559],
        [79.6018, 18.11562],
        [79.60186, 18.11572],
        [79.60197, 18.1159],
        [79.60206, 18.11604],
        [79.60218, 18.11624],
        [79.60233, 18.11649],
        [79.60247, 18.11674],
        [79.60251, 18.11682],
        [79.60268, 18.11695],
        [79.60277, 18.11702],
        [79.60286, 18.11703],
        [79.6032, 18.11706],
        [79.60352, 18.11738],
        [79.60357, 18.11742],
        [79.60371, 18.11755],
        [79.60379, 18.11763],
        [79.6046, 18.11853],
        [79.60484, 18.11888],
        [79.60513, 18.11932],
        [79.60561, 18.11987],
        [79.60567, 18.11993],
        [79.60574, 18.12001],
        [79.60576, 18.12003],
        [79.60577, 18.12004],
        [79.6058, 18.12005],
        [79.6063, 18.12016],
        [79.60635, 18.12016],
        [79.60714, 18.12055],
        [79.60782, 18.12095],
        [79.60786, 18.12098],
        [79.60808, 18.12094],
        [79.60824, 18.12095],
        [79.60839, 18.12101],
        [79.60881, 18.12093],
        [79.6099, 18.12136],
        [79.61017, 18.12145],
        [79.61039, 18.12153],
        [79.61103, 18.12173],
        [79.61114, 18.12177],
        [79.61267, 18.12234],
        [79.613, 18.12246],
        [79.61322, 18.12255],
        [79.61389, 18.12281],
        [79.61394, 18.12284],
        [79.61424, 18.12298],
        [79.61449, 18.1231],
        [79.61452, 18.12326],
        [79.61455, 18.12339],
        [79.61462, 18.12367],
        [79.61462, 18.12368],
        [79.61462, 18.12371],
        [79.61472, 18.12416],
        [79.61473, 18.12426],
        [79.61478, 18.12428],
        [79.61498, 18.12433],
        [79.61528, 18.12442],
        [79.61585, 18.12459],
        [79.61632, 18.12471],
        [79.61666, 18.12511],
        [79.6168, 18.12514],
        [79.61723, 18.12522],
        [79.61736, 18.12524],
        [79.61944, 18.12631],
        [79.61987, 18.12635],
        [79.62172, 18.12653],
        [79.62208, 18.12656],
        [79.62441, 18.12676],
        [79.62717, 18.12699],
        [79.62677, 18.12761],
        [79.62656, 18.12794],
        [79.62624, 18.12855],
        [79.62589, 18.12923],
        [79.62577, 18.12946],
        [79.62565, 18.12969],
        [79.62541, 18.13018],
        [79.62526, 18.13047],
        [79.62514, 18.13069],
        [79.62508, 18.13079],
        [79.62458, 18.13171],
        [79.62349, 18.13204],
        [79.6233, 18.1321],
        [79.62257, 18.13247],
        [79.62114, 18.1332],
        [79.62029, 18.13364],
        [79.62058, 18.13453],
        [79.62061, 18.13473],
        [79.62067, 18.13518],
        [79.62068, 18.13565],
        [79.62068, 18.13579],
        [79.62069, 18.136],
        [79.6199, 18.1362],
        [79.61953, 18.13629],
        [79.61993, 18.13802],
        [79.61996, 18.13815],
        [79.61988, 18.13817],
        [79.61857, 18.13843],
        [79.61853, 18.13844],
        [79.61818, 18.13851],
        [79.61807, 18.13794],
        [79.61805, 18.13784],
        [79.61738, 18.13787],
        [79.61643, 18.13791],
        [79.61604, 18.13793],
        [79.61546, 18.13796],
        [79.61502, 18.13797],
        [79.61413, 18.138],
        [79.61399, 18.13801],
        [79.61372, 18.13801],
        [79.61333, 18.13799],
        [79.61299, 18.13812],
        [79.61289, 18.13816],
        [79.61286, 18.13817],
        [79.61255, 18.13829],
        [79.61223, 18.13837],
        [79.61179, 18.13847],
        [79.61148, 18.13854],
        [79.61144, 18.13855],
        [79.61109, 18.13862],
        [79.611, 18.13864],
        [79.61011, 18.13885],
        [79.6096, 18.13912],
        [79.60938, 18.13915],
        [79.60864, 18.13924],
        [79.60825, 18.13929],
        [79.60758, 18.13936],
        [79.60758, 18.13939],
        [79.60759, 18.13941],
        [79.60766, 18.14006],
        [79.60767, 18.14013],
        [79.60753, 18.14011],
        [79.60739, 18.14009],
        [79.60654, 18.13995],
        [79.60507, 18.13971],
        [79.60448, 18.1396],
        [79.60356, 18.13983],
        [79.60344, 18.14023],
        [79.60341, 18.14034],
        [79.60338, 18.14034],
        [79.60246, 18.14058],
        [79.60247, 18.14067],
        [79.60249, 18.14086],
        [79.60241, 18.14087],
        [79.60226, 18.1409],
        [79.60231, 18.14097],
        [79.60255, 18.14137],
        [79.60252, 18.14139],
        [79.60251, 18.14139],
        [79.60244, 18.14142],
        [79.60243, 18.14143],
        [79.60236, 18.14145],
        [79.60223, 18.14151],
        [79.60215, 18.14154],
        [79.60215, 18.14155],
        [79.60225, 18.14177],
        [79.60231, 18.14222],
        [79.6024, 18.14297],
        [79.60239, 18.14316],
        [79.60246, 18.14355],
        [79.60251, 18.14382],
        [79.60237, 18.1444],
        [79.60233, 18.14455],
        [79.60233, 18.14462],
        [79.60231, 18.14487],
        [79.60191, 18.14497],
        [79.60199, 18.14516],
        [79.60208, 18.14534],
        [79.6021, 18.14539],
        [79.60231, 18.14587],
        [79.60255, 18.1464],
        [79.60261, 18.14674],
        [79.60273, 18.14769],
        [79.60283, 18.14848],
        [79.60286, 18.14936],
        [79.60285, 18.1497],
        [79.60307, 18.15081],
        [79.60323, 18.15154],
        [79.60326, 18.15171],
        [79.60331, 18.15181],
        [79.60335, 18.15198],
        [79.60346, 18.15249],
        [79.6035, 18.15268],
        [79.60363, 18.15373],
        [79.60382, 18.15526],
        [79.60388, 18.15572],
        [79.60306, 18.15565],
        [79.603, 18.15594],
        [79.60299, 18.15601],
        [79.60296, 18.15611],
        [79.60289, 18.15631],
        [79.60287, 18.15642],
        [79.60283, 18.15665],
        [79.60278, 18.15691],
        [79.60267, 18.15748],
        [79.60257, 18.158],
        [79.60256, 18.15807],
        [79.60257, 18.15853],
        [79.60257, 18.15857],
        [79.60257, 18.15881],
        [79.60257, 18.15891],
        [79.60257, 18.15914],
        [79.6027, 18.15981],
        [79.60275, 18.16005],
        [79.60241, 18.16075],
        [79.60225, 18.16108],
        [79.60223, 18.16111],
        [79.60203, 18.16131],
        [79.60195, 18.1615],
        [79.60205, 18.16165],
        [79.60213, 18.16207],
        [79.6023, 18.16222],
        [79.60236, 18.1625],
        [79.60259, 18.1629],
        [79.60268, 18.16323],
        [79.60271, 18.16333],
        [79.6027, 18.16335],
        [79.60265, 18.16366],
        [79.60264, 18.16372],
        [79.60284, 18.16405],
        [79.60285, 18.16404],
        [79.60295, 18.16395],
        [79.60306, 18.16388],
        [79.6031, 18.164],
        [79.60312, 18.16404],
        [79.60316, 18.16413],
        [79.60321, 18.16428],
        [79.60325, 18.16437],
        [79.60337, 18.16472],
        [79.6033, 18.16502],
        [79.60345, 18.16528],
        [79.60365, 18.16522],
        [79.60385, 18.16603],
        [79.60403, 18.16677],
        [79.60405, 18.1671],
        [79.60406, 18.16756],
        [79.60406, 18.16774],
        [79.60407, 18.16791],
        [79.60406, 18.16794],
        [79.60404, 18.16815],
        [79.604, 18.16845],
        [79.60411, 18.169],
        [79.60412, 18.16907],
        [79.60434, 18.16973],
        [79.60422, 18.16993],
        [79.60423, 18.17016],
        [79.60446, 18.17058],
        [79.60453, 18.1707],
        [79.60489, 18.17163],
        [79.60491, 18.1717],
        [79.60507, 18.17225],
        [79.60446, 18.17238],
        [79.60472, 18.17269],
        [79.60503, 18.17296],
        [79.60522, 18.17344],
        [79.60605, 18.17402],
        [79.60626, 18.17423],
        [79.60651, 18.17455],
        [79.60663, 18.17469],
        [79.60683, 18.17494],
        [79.60739, 18.1758],
        [79.60776, 18.17642],
        [79.60776, 18.17645],
        [79.60778, 18.17663],
        [79.60783, 18.17768],
        [79.60782, 18.17784],
        [79.60783, 18.17795],
        [79.60795, 18.17877],
        [79.60805, 18.18015],
        [79.60812, 18.18103],
        [79.60813, 18.18115],
        [79.60817, 18.18128],
        [79.60837, 18.18305],
        [79.60839, 18.18318],
        [79.60891, 18.18319],
        [79.60947, 18.18319],
        [79.60962, 18.18319],
        [79.61009, 18.1832],
        [79.6103, 18.1832],
        [79.61044, 18.18323],
        [79.61053, 18.18323],
        [79.61095, 18.18326],
        [79.61216, 18.18321],
        [79.61231, 18.18318],
        [79.61236, 18.18325],
        [79.61265, 18.18379],
        [79.61275, 18.18397],
        [79.61442, 18.18352],
        [79.61449, 18.18351],
        [79.61457, 18.18348],
        [79.61464, 18.18346],
        [79.61467, 18.18353],
        [79.61501, 18.18434],
        [79.61502, 18.18441],
        [79.61494, 18.18447],
        [79.61313, 18.18546],
        [79.61307, 18.18553],
        [79.61296, 18.18557],
        [79.61203, 18.18621],
        [79.61191, 18.18628],
        [79.61137, 18.18666],
        [79.61026, 18.18756],
        [79.61016, 18.18762],
        [79.61003, 18.18767],
        [79.60908, 18.18822],
        [79.60898, 18.18831],
        [79.6089, 18.18832],
        [79.60832, 18.18864],
        [79.60824, 18.1887],
        [79.6083, 18.18881],
        [79.60878, 18.19004],
        [79.60882, 18.19019],
        [79.60871, 18.19023],
        [79.60733, 18.19081],
        [79.60723, 18.19088],
        [79.60679, 18.19106],
        [79.60458, 18.1922],
        [79.60442, 18.19227],
        [79.60416, 18.1924],
        [79.60425, 18.19269],
        [79.60428, 18.19289],
        [79.60277, 18.19336],
        [79.60266, 18.19338],
        [79.60218, 18.19354],
        [79.60206, 18.19359],
        [79.60192, 18.19356],
        [79.60042, 18.19393],
        [79.60015, 18.19419],
        [79.59858, 18.19457],
        [79.59851, 18.19458],
        [79.59882, 18.19624],
        [79.59884, 18.19644],
        [79.59888, 18.19658],
        [79.5992, 18.19811],
        [79.59921, 18.19823],
        [79.59922, 18.19829],
        [79.59936, 18.19965],
        [79.59946, 18.20034],
        [79.59957, 18.20092],
        [79.59957, 18.20119],
        [79.59956, 18.20151],
        [79.59958, 18.20202],
        [79.59953, 18.20215],
        [79.59956, 18.20234],
        [79.59957, 18.20262],
        [79.59958, 18.20296],
        [79.5995, 18.20325],
        [79.59947, 18.20338],
        [79.59951, 18.20514],
        [79.59926, 18.20543],
        [79.59928, 18.20639],
        [79.59928, 18.20645],
        [79.59929, 18.20654],
        [79.59964, 18.20814],
        [79.59992, 18.209],
        [79.59988, 18.20918],
        [79.59971, 18.2101],
        [79.59997, 18.21075],
        [79.59993, 18.21099],
        [79.59986, 18.2111],
        [79.59984, 18.21125],
        [79.59983, 18.21137],
        [79.59983, 18.21139],
        [79.59967, 18.21217],
        [79.59972, 18.21233],
        [79.60011, 18.21342],
        [79.60016, 18.21362],
        [79.60011, 18.21361],
        [79.60045, 18.21374],
        [79.60052, 18.21377],
        [79.60064, 18.21384],
        [79.60087, 18.21455],
        [79.60142, 18.21622],
        [79.60143, 18.21624],
        [79.60121, 18.2164],
        [79.60097, 18.21645],
        [79.60092, 18.21648],
        [79.60042, 18.21672],
        [79.59895, 18.21705],
        [79.59801, 18.21731],
        [79.59794, 18.21716],
        [79.59756, 18.21739],
        [79.59745, 18.21762],
        [79.59729, 18.21768],
        [79.59732, 18.21778],
        [79.59696, 18.21773],
        [79.59695, 18.21762],
        [79.59678, 18.21754],
        [79.59632, 18.21743],
        [79.59583, 18.21735],
        [79.5954, 18.21738],
        [79.59514, 18.21735],
        [79.59483, 18.21738],
        [79.5945, 18.21742],
        [79.59431, 18.21746],
        [79.59402, 18.21751],
        [79.59378, 18.21753],
        [79.59348, 18.21752],
        [79.59331, 18.21755],
        [79.59316, 18.21757],
        [79.59199, 18.21778],
        [79.59185, 18.21778],
        [79.59182, 18.21778],
        [79.59183, 18.21783],
        [79.59188, 18.21829],
        [79.59195, 18.21842],
        [79.59183, 18.21843],
        [79.59177, 18.21843],
        [79.5915, 18.21844],
        [79.59138, 18.21844],
        [79.59135, 18.21844],
        [79.59135, 18.21845],
        [79.59146, 18.21908],
        [79.59152, 18.21972],
        [79.59155, 18.21988],
        [79.59151, 18.22007],
        [79.59142, 18.22061],
        [79.59137, 18.22091],
        [79.59118, 18.22081],
        [79.59123, 18.22136],
        [79.5913, 18.22194],
        [79.59155, 18.22306],
        [79.59161, 18.22329],
        [79.59162, 18.22334],
        [79.59166, 18.22393],
        [79.59162, 18.22438],
        [79.59181, 18.22519],
        [79.59184, 18.22536],
        [79.59189, 18.22569],
        [79.59187, 18.22588],
        [79.59186, 18.22624],
        [79.59186, 18.22667],
        [79.59203, 18.22719],
        [79.59206, 18.22728],
        [79.59208, 18.22735],
        [79.59227, 18.22788],
        [79.59241, 18.2282],
        [79.59172, 18.22858],
        [79.59177, 18.22901],
        [79.59152, 18.22906],
        [79.59135, 18.22911],
        [79.59122, 18.22915],
        [79.59111, 18.22918],
        [79.5911, 18.22919],
        [79.59019, 18.22942],
        [79.58998, 18.22948],
        [79.58977, 18.22953],
        [79.58957, 18.22958],
        [79.58927, 18.22968],
        [79.58871, 18.22986],
        [79.58878, 18.23038],
        [79.58888, 18.23057],
        [79.58906, 18.2309],
        [79.5892, 18.2312],
        [79.58932, 18.23138],
        [79.58952, 18.23182],
        [79.58955, 18.23195],
        [79.58917, 18.232],
        [79.58873, 18.23222],
        [79.58848, 18.23237],
        [79.5884, 18.23274],
        [79.58846, 18.23288],
        [79.5887, 18.23339],
        [79.58896, 18.23359],
        [79.58921, 18.23387],
        [79.58956, 18.23432],
        [79.58948, 18.23472],
        [79.58976, 18.23515],
        [79.58968, 18.23539],
        [79.5894, 18.23557],
        [79.58917, 18.23571],
        [79.58905, 18.23578],
        [79.58884, 18.23653],
        [79.58876, 18.23681],
        [79.58873, 18.23693],
        [79.5886, 18.23739],
        [79.588, 18.23767],
        [79.58758, 18.23787],
        [79.58714, 18.23819],
        [79.58664, 18.23856],
        [79.58617, 18.23878],
        [79.58593, 18.23889],
        [79.58562, 18.23903],
        [79.58537, 18.23915],
        [79.58497, 18.23931],
        [79.58471, 18.23941],
        [79.5846, 18.23945],
        [79.58395, 18.23971],
        [79.58334, 18.23995],
        [79.58285, 18.24013],
        [79.58267, 18.24019],
        [79.58253, 18.24024],
        [79.58212, 18.24036],
        [79.58126, 18.24059],
        [79.58001, 18.24093],
        [79.58003, 18.24148],
        [79.58052, 18.24233],
        [79.5808, 18.24253],
        [79.58096, 18.2429],
        [79.58116, 18.24323],
        [79.5813, 18.24346],
        [79.58142, 18.24374],
        [79.58138, 18.24405],
        [79.58128, 18.24472],
        [79.58155, 18.24517],
        [79.58147, 18.24527],
        [79.58114, 18.24587],
        [79.58111, 18.24593],
        [79.58091, 18.24628],
        [79.58042, 18.24674],
        [79.58038, 18.24676],
        [79.57943, 18.24734],
        [79.57935, 18.24715],
        [79.57852, 18.24747],
        [79.57833, 18.2472],
        [79.57826, 18.24709],
        [79.57803, 18.24698],
        [79.57776, 18.24684],
        [79.57818, 18.24766],
        [79.5784, 18.24793],
        [79.57866, 18.2486],
        [79.57889, 18.24933],
        [79.5789, 18.24934],
        [79.57895, 18.24949],
        [79.57908, 18.24985],
        [79.5791, 18.24987],
        [79.57919, 18.24997],
        [79.57953, 18.25035],
        [79.57962, 18.25054],
        [79.57976, 18.25079],
        [79.57982, 18.25108],
        [79.57991, 18.25197],
        [79.58013, 18.2528],
        [79.58018, 18.25349],
        [79.58046, 18.25383],
        [79.58058, 18.25403],
        [79.58071, 18.25443],
        [79.58076, 18.25458],
        [79.58146, 18.25603],
        [79.58152, 18.25619],
        [79.58175, 18.25681],
        [79.58183, 18.25677],
        [79.5819, 18.25672],
        [79.58201, 18.25666],
        [79.58206, 18.25681],
        [79.58221, 18.25722],
        [79.58234, 18.25758],
        [79.58286, 18.25824],
        [79.58291, 18.25829],
        [79.58303, 18.25842],
        [79.58335, 18.25876],
        [79.58354, 18.25897],
        [79.58355, 18.25897],
        [79.58515, 18.2587],
        [79.58524, 18.25879],
        [79.58542, 18.25895],
        [79.58592, 18.25941],
        [79.58593, 18.25978],
        [79.58593, 18.25989],
        [79.58595, 18.25993],
        [79.58609, 18.26016],
        [79.58614, 18.26025],
        [79.58618, 18.26025],
        [79.58743, 18.26041],
        [79.58792, 18.2603],
        [79.58807, 18.26031],
        [79.58847, 18.26038],
        [79.58863, 18.26046],
        [79.58866, 18.26054],
        [79.58871, 18.26069],
        [79.58879, 18.26093],
        [79.58889, 18.26085],
        [79.58908, 18.26069],
        [79.58917, 18.26064],
        [79.59003, 18.26059],
        [79.59021, 18.26076],
        [79.5904, 18.26093],
        [79.59042, 18.26094],
        [79.59054, 18.26106],
        [79.59064, 18.2612],
        [79.59066, 18.26123],
        [79.59085, 18.26149],
        [79.59088, 18.2615],
        [79.59164, 18.26188],
        [79.59173, 18.26187],
        [79.59223, 18.26182],
        [79.59231, 18.26181],
        [79.59232, 18.26184],
        [79.59237, 18.26195],
        [79.59243, 18.26209],
        [79.5925, 18.26216],
        [79.59252, 18.26219],
        [79.59316, 18.26288],
        [79.59329, 18.26291],
        [79.59413, 18.26304],
        [79.59445, 18.2631],
        [79.59562, 18.26387],
        [79.59639, 18.26434],
        [79.5964, 18.26433],
        [79.59696, 18.26414],
        [79.59722, 18.26472],
        [79.59886, 18.26483],
        [79.59901, 18.26497],
        [79.5992, 18.26494],
        [79.59939, 18.26491],
        [79.59961, 18.26486],
        [79.5997, 18.26484],
        [79.59979, 18.26482],
        [79.60026, 18.26461],
        [79.60047, 18.26456],
        [79.60073, 18.26455],
        [79.60105, 18.26454],
        [79.60189, 18.26432],
        [79.60212, 18.26422],
        [79.60256, 18.26411],
        [79.60282, 18.26395],
        [79.60398, 18.26365],
        [79.60442, 18.2638],
        [79.60443, 18.2638],
        [79.60487, 18.2637],
        [79.60564, 18.26362],
        [79.60599, 18.26355],
        [79.60621, 18.2635],
        [79.60722, 18.26326],
        [79.60724, 18.2635],
        [79.60725, 18.2635],
        [79.60736, 18.26351],
        [79.60754, 18.26347],
        [79.60778, 18.26342],
        [79.60786, 18.2634],
        [79.60792, 18.26341],
        [79.60808, 18.26343],
        [79.60831, 18.26341],
        [79.60838, 18.26341],
        [79.60879, 18.26325],
        [79.60957, 18.26296],
        [79.60968, 18.26291],
        [79.61108, 18.26241],
        [79.61129, 18.26233],
        [79.61155, 18.26223],
        [79.61294, 18.26171],
        [79.61352, 18.26149],
        [79.61356, 18.26164],
        [79.6136, 18.26208],
        [79.6136, 18.26213],
        [79.61361, 18.26214],
        [79.61377, 18.26257],
        [79.6139, 18.26267],
        [79.61423, 18.26293],
        [79.61477, 18.26274],
        [79.61494, 18.26315],
        [79.61502, 18.26335],
        [79.61524, 18.2639],
        [79.61528, 18.26389],
        [79.61633, 18.2636],
        [79.61647, 18.26353],
        [79.61766, 18.2629],
        [79.61786, 18.26299],
        [79.61794, 18.26314],
        [79.61886, 18.2649],
        [79.61889, 18.26506],
        [79.61962, 18.26672],
        [79.61977, 18.26819]
      ]
    ]
  }
}
