{
  "type": "Feature",
  "id": "TS-AC-106",
  "properties": {
    "stateName": "TELANGANA",
    "stateCode": "TS",
    "districtName": "WARANGAL",
    "acNo": 106,
    "acName": "WARADHANAPET (SC)",
    "seatType": null,
    "pcNo": null,
    "pcName": null,
    "quality": "unverified",
    "sources": [
      "TBD"
    ]
  },
  "geometry": {
    "type": "Polygon",
    "coordinates": [
      [
        [79.58759, 18.14133],
        [79.58758, 18.14119],
        [79.58776, 18.14112],
        [79.58893, 18.14053],
        [79.58906, 18.14045],
        [79.58922, 18.14035],
        [79.58928, 18.14031],
        [79.58942, 18.14021],
        [79.59077, 18.13982],
        [79.5908, 18.13982],
        [79.59084, 18.13985],
        [79.59093, 18.13991],
        [79.5916, 18.14034],
        [79.59173, 18.14042],
        [79.59179, 18.14047],
        [79.5918, 18.14047],
        [79.59186, 18.1405],
        [79.59191, 18.14054],
        [79.59196, 18.14057],
        [79.59207, 18.14064],
        [79.59226, 18.14076],
        [79.59234, 18.14081],
        [79.59243, 18.14086],
        [79.59237, 18.14092],
        [79.59239, 18.14134],
        [79.5924, 18.14139],
        [79.59248, 18.14138],
        [79.59256, 18.14137],
        [79.59298, 18.14131],
        [79.59377, 18.14133],
        [79.59376, 18.14106],
        [79.59384, 18.14106],
        [79.59401, 18.14107],
        [79.59406, 18.14108],
        [79.59408, 18.14093],
        [79.59429, 18.14093],
        [79.59452, 18.14093],
        [79.59468, 18.14093],
        [79.59472, 18.14096],
        [79.59476, 18.14098],
        [79.59496, 18.1411],
        [79.59504, 18.14118],
        [79.59521, 18.14134],
        [79.59528, 18.14164],
        [79.59536, 18.14161],
        [79.59542, 18.14158],
        [79.59627, 18.14118],
        [79.59645, 18.14078],
        [79.59665, 18.14074],
        [79.59666, 18.14075],
        [79.59668, 18.14081],
        [79.59676, 18.14078],
        [79.59731, 18.14059],
        [79.59749, 18.14057],
        [79.59769, 18.14053],
        [79.59778, 18.14051],
        [79.59839, 18.14038],
        [79.59852, 18.1407],
        [79.59833, 18.14159],
        [79.59913, 18.14161],
        [79.59978, 18.14162],
        [79.60011, 18.1416],
        [79.6007, 18.14158],
        [79.60077, 18.14156],
        [79.60101, 18.14153],
        [79.60097, 18.14128],
        [79.60143, 18.14126],
        [79.60178, 18.14124],
        [79.60187, 18.14183],
        [79.60193, 18.1418],
        [79.60202, 18.14174],
        [79.60202, 18.1416],
        [79.60215, 18.14154],
        [79.60223, 18.14151],
        [79.60236, 18.14145],
        [79.60243, 18.14143],
        [79.60244, 18.14142],
        [79.60251, 18.14139],
        [79.60252, 18.14139],
        [79.60255, 18.14137],
        [79.60231, 18.14097],
        [79.60226, 18.1409],
        [79.60241, 18.14087],
        [79.60249, 18.14086],
        [79.60247, 18.14067],
        [79.60246, 18.14058],
        [79.60338, 18.14034],
        [79.60341, 18.14034],
        [79.60344, 18.14023],
        [79.60356, 18.13983],
        [79.60448, 18.1396],
        [79.60507, 18.13971],
        [79.60654, 18.13995],
        [79.60739, 18.14009],
        [79.60753, 18.14011],
        [79.60767, 18.14013],
        [79.60766, 18.14006],
        [79.60759, 18.13941],
        [79.60758, 18.13939],
        [79.60758, 18.13936],
        [79.60825, 18.13929],
        [79.60864, 18.13924],
        [79.60938, 18.13915],
        [79.6096, 18.13912],
        [79.61011, 18.13885],
        [79.611, 18.13864],
        [79.61109, 18.13862],
        [79.61144, 18.13855],
        [79.61148, 18.13854],
        [79.61179, 18.13847],
        [79.61223, 18.13837],
        [79.61255, 18.13829],
        [79.61286, 18.13817],
        [79.61289, 18.13816],
        [79.61299, 18.13812],
        [79.61333, 18.13799],
        [79.61372, 18.13801],
        [79.61399, 18.13801],
        [79.61413, 18.138],
        [79.61502, 18.13797],
        [79.61546, 18.13796],
        [79.61604, 18.13793],
        [79.61643, 18.13791],
        [79.61738, 18.13787],
        [79.61805, 18.13784],
        [79.61807, 18.13794],
        [79.61818, 18.13851],
        [79.61853, 18.13844],
        [79.61857, 18.13843],
        [79.61988, 18.13817],
        [79.61996, 18.13815],
        [79.61993, 18.13802],
        [79.61953, 18.13629],
        [79.6199, 18.1362],
        [79.62069, 18.136],
        [79.62068, 18.13579],
        [79.62068, 18.13565],
        [79.62067, 18.13518],
        [79.62061, 18.13473],
        [79.62058, 18.13453],
        [79.62029, 18.13364],
        [79.62114, 18.1332],
        [79.62257, 18.13247],
        [79.6233, 18.1321],
        [79.62349, 18.13204],
        [79.62458, 18.13171],
        [79.62508, 18.13079],
        [79.62514, 18.13069],
        [79.62526, 18.13047],
        [79.62541, 18.13018],
        [79.62565, 18.12969],
        [79.62577, 18.12946],
        [79.62589, 18.12923],
        [79.62624, 18.12855],
        [79.62656, 18.12794],
        [79.62677, 18.12761],
        [79.62717, 18.12699],
        [79.62441, 18.12676],
        [79.62208, 18.12656],
        [79.62172, 18.12653],
        [79.61987, 18.12635],
        [79.61944, 18.12631],
        [79.61736, 18.12524],
        [79.61723, 18.12522],
        [79.6168, 18.12514],
        [79.61666, 18.12511],
        [79.61632, 18.12471],
        [79.61585, 18.12459],
        [79.61528, 18.12442],
        [79.61498, 18.12433],
        [79.61478, 18.12428],
        [79.61473, 18.12426],
        [79.61472, 18.12416],
        [79.61462, 18.12371],
        [79.61462, 18.12368],
        [79.61462, 18.12367],
        [79.61455, 18.12339],
        [79.61452, 18.12326],
        [79.61449, 18.1231],
        [79.61424, 18.12298],
        [79.61394, 18.12284],
        [79.61389, 18.12281],
        [79.61322, 18.12255],
        [79.613, 18.12246],
        [79.61267, 18.12234],
        [79.61114, 18.12177],
        [79.61103, 18.12173],
        [79.61039, 18.12153],
        [79.61017, 18.12145],
        [79.6099, 18.12136],
        [79.60881, 18.12093],
        [79.60839, 18.12101],
        [79.60824, 18.12095],
        [79.60808, 18.12094],
        [79.60786, 18.12098],
        [79.60782, 18.12095],
        [79.60714, 18.12055],
        [79.60635, 18.12016],
        [79.6063, 18.12016],
        [79.6058, 18.12005],
        [79.60577, 18.12004],
        [79.60576, 18.12003],
        [79.60574, 18.12001],
        [79.60567, 18.11993],
        [79.60561, 18.11987],
        [79.60513, 18.11932],
        [79.60484, 18.11888],
        [79.6046, 18.11853],
        [79.60379, 18.11763],
        [79.60371, 18.11755],
        [79.60357, 18.11742],
        [79.60352, 18.11738],
        [79.6032, 18.11706],
        [79.60286, 18.11703],
        [79.60277, 18.11702],
        [79.60268, 18.11695],
        [79.60251, 18.11682],
        [79.60247, 18.11674],
        [79.60233, 18.11649],
        [79.60218, 18.11624],
        [79.60206, 18.11604],
        [79.60197, 18.1159],
        [79.60186, 18.11572],
        [79.6018, 18.11562],
        [79.60178, 18.11559],
        [79.60174, 18.11553],
        [79.60164, 18.11538],
        [79.6014, 18.11504],
        [79.60107, 18.11462],
        [79.60096, 18.11449],
        [79.60102, 18.11445],
        [79.60111, 18.11439],
        [79.60104, 18.11424],
        [79.60102, 18.1142],
        [79.60138, 18.11388],
        [79.60144, 18.11383],
        [79.60135, 18.1138],
        [79.60115, 18.11371],
        [79.60104, 18.11361],
        [79.60109, 18.11344],
        [79.6011, 18.1134],
        [79.60112, 18.11333],
        [79.6011, 18.11327],
        [79.60109, 18.11325],
        [79.60105, 18.11316],
        [79.60098, 18.113],
        [79.60092, 18.11284],
        [79.60079, 18.11254],
        [79.60072, 18.1124],
        [79.6008, 18.11236],
        [79.60081, 18.11235],
        [79.60082, 18.11235],
        [79.60142, 18.11203],
        [79.60154, 18.11198],
        [79.60166, 18.11194],
        [79.60166, 18.1118],
        [79.60165, 18.11172],
        [79.60177, 18.11157],
        [79.60188, 18.11175],
        [79.60189, 18.11174],
        [79.60191, 18.11172],
        [79.60209, 18.11154],
        [79.60212, 18.11151],
        [79.6023, 18.1114],
        [79.60238, 18.11135],
        [79.6025, 18.11129],
        [79.60283, 18.11123],
        [79.60284, 18.11117],
        [79.60289, 18.11091],
        [79.60334, 18.11021],
        [79.60318, 18.11012],
        [79.6035, 18.11013],
        [79.60343, 18.10996],
        [79.60369, 18.10978],
        [79.60345, 18.10967],
        [79.60418, 18.10917],
        [79.60404, 18.1079],
        [79.60411, 18.10752],
        [79.60427, 18.10733],
        [79.60449, 18.10709],
        [79.60449, 18.10708],
        [79.60472, 18.10683],
        [79.60483, 18.10671],
        [79.60524, 18.10626],
        [79.6056, 18.1059],
        [79.60558, 18.10577],
        [79.60558, 18.10575],
        [79.60546, 18.10493],
        [79.60535, 18.10416],
        [79.60528, 18.10357],
        [79.60527, 18.10331],
        [79.60526, 18.10328],
        [79.60526, 18.10312],
        [79.60526, 18.10298],
        [79.60527, 18.10289],
        [79.60527, 18.10277],
        [79.6053, 18.10263],
        [79.60554, 18.10133],
        [79.60573, 18.10035],
        [79.60576, 18.10018],
        [79.60591, 18.09923],
        [79.60592, 18.09903],
        [79.60608, 18.09898],
        [79.60612, 18.09897],
        [79.60662, 18.09882],
        [79.60717, 18.09865],
        [79.6077, 18.09858],
        [79.60794, 18.09854],
        [79.60802, 18.09853],
        [79.6083, 18.09849],
        [79.6084, 18.09841],
        [79.60873, 18.09814],
        [79.60879, 18.09808],
        [79.60896, 18.09798],
        [79.60903, 18.09794],
        [79.60916, 18.09786],
        [79.60946, 18.09769],
        [79.60947, 18.09769],
        [79.60974, 18.09761],
        [79.60993, 18.09742],
        [79.61001, 18.09736],
        [79.61023, 18.09724],
        [79.61043, 18.09714],
        [79.61057, 18.09707],
        [79.61065, 18.09685],
        [79.61074, 18.09681],
        [79.61112, 18.09659],
        [79.61105, 18.09639],
        [79.61095, 18.09614],
        [79.61085, 18.09588],
        [79.61111, 18.0958],
        [79.61123, 18.09576],
        [79.61131, 18.09574],
        [79.61208, 18.09551],
        [79.61217, 18.09509],
        [79.61233, 18.0943],
        [79.61238, 18.09407],
        [79.61244, 18.0938],
        [79.61242, 18.09346],
        [79.61237, 18.09313],
        [79.61246, 18.09281],
        [79.61317, 18.09139],
        [79.6134, 18.09095],
        [79.61344, 18.09065],
        [79.61347, 18.09049],
        [79.61353, 18.08961],
        [79.61353, 18.08949],
        [79.61357, 18.08871],
        [79.61357, 18.08795],
        [79.61363, 18.08766],
        [79.61392, 18.08639],
        [79.61401, 18.08598],
        [79.61404, 18.08578],
        [79.61415, 18.08561],
        [79.61414, 18.08484],
        [79.61413, 18.08458],
        [79.61411, 18.08392],
        [79.61411, 18.0838],
        [79.61411, 18.08288],
        [79.61409, 18.08264],
        [79.61407, 18.08239],
        [79.61408, 18.08206],
        [79.61421, 18.0805],
        [79.61427, 18.08034],
        [79.6142, 18.0802],
        [79.61395, 18.07963],
        [79.61362, 18.07877],
        [79.61369, 18.07841],
        [79.61383, 18.07764],
        [79.61386, 18.0775],
        [79.61387, 18.07733],
        [79.61396, 18.07676],
        [79.6141, 18.07581],
        [79.614, 18.0745],
        [79.61395, 18.07395],
        [79.61384, 18.07262],
        [79.61384, 18.07257],
        [79.61385, 18.0723],
        [79.61383, 18.07135],
        [79.61378, 18.07104],
        [79.61366, 18.07013],
        [79.61364, 18.06971],
        [79.61353, 18.06909],
        [79.61345, 18.06854],
        [79.61334, 18.06779],
        [79.6136, 18.06778],
        [79.61358, 18.06748],
        [79.61357, 18.06725],
        [79.61349, 18.0671],
        [79.61346, 18.06682],
        [79.61342, 18.06645],
        [79.61346, 18.06645],
        [79.6136, 18.06643],
        [79.61371, 18.06639],
        [79.61394, 18.06627],
        [79.61476, 18.06586],
        [79.61485, 18.06581],
        [79.61514, 18.06567],
        [79.61525, 18.06561],
        [79.61536, 18.06553],
        [79.61543, 18.0655],
        [79.61585, 18.06531],
        [79.61595, 18.06526],
        [79.61607, 18.0652],
        [79.6162, 18.06518],
        [79.6166, 18.06501],
        [79.61671, 18.06498],
        [79.61687, 18.06492],
        [79.61734, 18.06468],
        [79.61745, 18.06465],
        [79.61757, 18.06457],
        [79.6177, 18.06452],
        [79.61806, 18.06438],
        [79.61854, 18.06423],
        [79.61867, 18.06419],
        [79.61997, 18.06383],
        [79.62004, 18.0638],
        [79.62013, 18.06378],
        [79.62117, 18.06344],
        [79.62133, 18.06339],
        [79.62145, 18.06339],
        [79.62196, 18.06344],
        [79.62272, 18.0635],
        [79.62285, 18.06352],
        [79.62331, 18.06356],
        [79.62396, 18.06322],
        [79.62403, 18.06317],
        [79.62415, 18.06315],
        [79.6247, 18.06301],
        [79.62489, 18.06292],
        [79.6249, 18.06284],
        [79.62491, 18.06268],
        [79.62491, 18.06232],
        [79.62491, 18.06228],
        [79.62491, 18.0618],
        [79.6249, 18.06098],
        [79.62491, 18.06087],
        [79.62491, 18.06028],
        [79.62491, 18.05998],
        [79.62491, 18.05977],
        [79.62494, 18.05966],
        [79.62513, 18.05879],
        [79.62539, 18.05754],
        [79.62542, 18.05739],
        [79.62547, 18.05716],
        [79.62549, 18.05707],
        [79.62551, 18.05695],
        [79.62673, 18.05475],
        [79.62675, 18.05461],
        [79.62664, 18.05378],
        [79.62659, 18.05346],
        [79.62652, 18.05291],
        [79.62652, 18.05283],
        [79.62652, 18.05269],
        [79.62652, 18.05256],
        [79.62652, 18.05245],
        [79.62653, 18.0524],
        [79.62653, 18.05235],
        [79.62685, 18.05093],
        [79.62687, 18.05082],
        [79.6269, 18.05069],
        [79.62686, 18.05003],
        [79.62683, 18.04976],
        [79.62683, 18.04962],
        [79.62681, 18.04958],
        [79.62679, 18.04952],
        [79.62684, 18.04944],
        [79.62691, 18.04931],
        [79.62695, 18.04923],
        [79.62713, 18.04888],
        [79.62716, 18.04877],
        [79.62716, 18.04876],
        [79.62721, 18.04866],
        [79.62716, 18.04827],
        [79.62711, 18.04815],
        [79.6271, 18.04802],
        [79.62693, 18.04762],
        [79.62689, 18.04752],
        [79.62676, 18.0472],
        [79.6266, 18.04678],
        [79.6264, 18.04625],
        [79.62629, 18.04612],
        [79.62633, 18.04595],
        [79.6263, 18.04559],
        [79.6263, 18.04558],
        [79.62629, 18.04477],
        [79.62627, 18.0447],
        [79.62626, 18.0447],
        [79.62627, 18.04467],
        [79.62627, 18.04456],
        [79.62627, 18.04451],
        [79.62624, 18.04394],
        [79.62624, 18.04393],
        [79.62623, 18.04389],
        [79.6262, 18.04381],
        [79.62617, 18.04373],
        [79.62606, 18.04341],
        [79.62587, 18.04285],
        [79.62582, 18.04275],
        [79.6258, 18.04265],
        [79.62559, 18.04228],
        [79.62543, 18.04186],
        [79.6251, 18.0409],
        [79.62507, 18.0408],
        [79.62703, 18.0394],
        [79.62751, 18.03905],
        [79.62781, 18.03884],
        [79.62796, 18.03873],
        [79.62811, 18.03863],
        [79.62856, 18.0386],
        [79.63075, 18.03845],
        [79.63097, 18.03864],
        [79.63119, 18.0386],
        [79.63185, 18.03853],
        [79.63175, 18.03837],
        [79.63302, 18.03828],
        [79.63415, 18.03823],
        [79.63427, 18.03822],
        [79.63539, 18.03817],
        [79.63602, 18.03814],
        [79.63661, 18.03803],
        [79.63707, 18.03795],
        [79.63724, 18.03792],
        [79.63738, 18.03789],
        [79.63744, 18.03787],
        [79.63775, 18.03777],
        [79.63811, 18.03763],
        [79.63836, 18.03757],
        [79.6393, 18.03733],
        [79.63991, 18.03723],
        [79.64078, 18.0371],
        [79.64117, 18.03721],
        [79.6414, 18.03712],
        [79.64145, 18.0371],
        [79.64179, 18.03702],
        [79.6418, 18.03702],
        [79.64354, 18.03664],
        [79.64356, 18.03663],
        [79.64364, 18.03658],
        [79.64367, 18.03657],
        [79.64375, 18.03656],
        [79.64385, 18.03654],
        [79.64406, 18.03652],
        [79.64417, 18.0365],
        [79.64422, 18.03649],
        [79.64425, 18.03654],
        [79.64428, 18.03657],
        [79.64466, 18.03716],
        [79.64533, 18.03817],
        [79.64549, 18.03875],
        [79.64557, 18.03903],
        [79.64572, 18.03908],
        [79.64578, 18.0391],
        [79.64649, 18.03927],
        [79.64752, 18.03952],
        [79.6481, 18.03966],
        [79.64934, 18.04081],
        [79.64946, 18.04092],
        [79.64949, 18.04095],
        [79.65009, 18.04122],
        [79.65056, 18.04143],
        [79.65074, 18.04132],
        [79.65079, 18.04128],
        [79.65091, 18.04119],
        [79.65104, 18.04108],
        [79.65157, 18.04065],
        [79.65179, 18.04055],
        [79.65215, 18.04038],
        [79.6522, 18.04036],
        [79.65232, 18.04027],
        [79.65249, 18.04015],
        [79.65295, 18.03983],
        [79.6537, 18.03942],
        [79.65373, 18.03941],
        [79.65382, 18.0394],
        [79.6539, 18.03939],
        [79.65398, 18.03936],
        [79.65439, 18.03921],
        [79.65442, 18.0392],
        [79.65453, 18.03916],
        [79.6553, 18.03889],
        [79.65543, 18.03884],
        [79.65682, 18.03829],
        [79.65707, 18.03819],
        [79.6575, 18.03809],
        [79.65767, 18.03803],
        [79.65795, 18.03793],
        [79.65827, 18.03782],
        [79.65913, 18.03752],
        [79.6593, 18.03746],
        [79.65937, 18.03745],
        [79.66048, 18.0373],
        [79.66067, 18.03724],
        [79.6607, 18.03742],
        [79.66072, 18.03748],
        [79.66085, 18.03743],
        [79.66089, 18.03742],
        [79.66131, 18.03728],
        [79.66159, 18.03719],
        [79.66161, 18.03718],
        [79.66251, 18.03686],
        [79.66255, 18.03684],
        [79.66316, 18.03673],
        [79.66369, 18.03663],
        [79.66383, 18.03661],
        [79.66407, 18.03645],
        [79.66533, 18.03568],
        [79.66552, 18.03555],
        [79.66582, 18.03534],
        [79.66659, 18.0348],
        [79.66615, 18.03321],
        [79.66776, 18.03275],
        [79.66793, 18.03265],
        [79.66915, 18.03188],
        [79.66928, 18.03179],
        [79.66963, 18.03155],
        [79.67002, 18.03127],
        [79.67052, 18.03085],
        [79.67076, 18.03065],
        [79.67094, 18.03058],
        [79.67092, 18.02973],
        [79.67091, 18.02955],
        [79.6709, 18.02934],
        [79.6709, 18.02932],
        [79.67163, 18.02894],
        [79.67148, 18.02859],
        [79.67146, 18.02855],
        [79.67143, 18.02849],
        [79.67127, 18.02794],
        [79.67122, 18.02774],
        [79.67111, 18.0273],
        [79.67109, 18.02722],
        [79.67092, 18.02655],
        [79.67077, 18.02597],
        [79.67068, 18.02559],
        [79.67059, 18.02556],
        [79.67022, 18.02544],
        [79.66964, 18.0251],
        [79.6696, 18.02507],
        [79.66931, 18.02488],
        [79.66904, 18.02478],
        [79.66876, 18.02443],
        [79.66846, 18.02428],
        [79.66816, 18.02414],
        [79.668, 18.02411],
        [79.66738, 18.02401],
        [79.66732, 18.02365],
        [79.66718, 18.02362],
        [79.66717, 18.02361],
        [79.66669, 18.02357],
        [79.66648, 18.02361],
        [79.66604, 18.02371],
        [79.66577, 18.0237],
        [79.66551, 18.02359],
        [79.66538, 18.02337],
        [79.66537, 18.02335],
        [79.66532, 18.02325],
        [79.66516, 18.0232],
        [79.66489, 18.02318],
        [79.66466, 18.02317],
        [79.66464, 18.02278],
        [79.66452, 18.02282],
        [79.6644, 18.02286],
        [79.66431, 18.02306],
        [79.66411, 18.02325],
        [79.66367, 18.02327],
        [79.66359, 18.02333],
        [79.66344, 18.02337],
        [79.66323, 18.02337],
        [79.6632, 18.02338],
        [79.663, 18.02347],
        [79.66294, 18.02341],
        [79.66281, 18.02349],
        [79.66282, 18.02368],
        [79.66282, 18.02371],
        [79.66282, 18.02373],
        [79.66283, 18.02394],
        [79.66271, 18.02408],
        [79.6625, 18.02411],
        [79.66238, 18.02399],
        [79.66226, 18.0242],
        [79.66212, 18.0242],
        [79.66158, 18.02418],
        [79.66161, 18.0239],
        [79.66183, 18.02381],
        [79.66191, 18.02378],
        [79.66214, 18.0237],
        [79.66197, 18.02368],
        [79.66165, 18.02363],
        [79.66152, 18.0236],
        [79.6615, 18.02372],
        [79.66145, 18.02382],
        [79.66143, 18.02385],
        [79.66134, 18.02403],
        [79.66117, 18.02422],
        [79.66077, 18.02409],
        [79.66069, 18.02402],
        [79.66068, 18.02401],
        [79.66067, 18.02399],
        [79.66067, 18.02396],
        [79.66066, 18.02386],
        [79.66063, 18.02385],
        [79.66052, 18.02383],
        [79.66053, 18.02376],
        [79.66055, 18.02369],
        [79.66049, 18.02353],
        [79.66045, 18.02344],
        [79.66042, 18.02338],
        [79.66035, 18.02311],
        [79.66034, 18.02307],
        [79.66026, 18.02275],
        [79.6599, 18.02278],
        [79.65952, 18.02276],
        [79.65886, 18.02271],
        [79.65884, 18.02271],
        [79.65868, 18.02215],
        [79.65823, 18.02237],
        [79.65818, 18.02259],
        [79.65789, 18.02254],
        [79.65786, 18.0226],
        [79.65767, 18.02233],
        [79.65766, 18.02207],
        [79.6576, 18.02184],
        [79.65758, 18.0218],
        [79.65738, 18.02153],
        [79.65732, 18.02145],
        [79.65731, 18.02142],
        [79.65737, 18.02122],
        [79.65744, 18.02098],
        [79.65761, 18.02118],
        [79.65765, 18.02123],
        [79.65827, 18.02099],
        [79.6585, 18.02075],
        [79.65833, 18.02048],
        [79.65807, 18.01995],
        [79.65793, 18.01967],
        [79.65775, 18.01924],
        [79.65768, 18.01911],
        [79.65763, 18.01893],
        [79.65758, 18.01878],
        [79.65745, 18.01825],
        [79.65695, 18.01804],
        [79.65679, 18.01816],
        [79.65608, 18.01822],
        [79.6556, 18.01826],
        [79.65542, 18.0179],
        [79.65535, 18.01724],
        [79.65531, 18.017],
        [79.65523, 18.01642],
        [79.65512, 18.01592],
        [79.6551, 18.01584],
        [79.65483, 18.01522],
        [79.65471, 18.01492],
        [79.65443, 18.01456],
        [79.65423, 18.01429],
        [79.65376, 18.01365],
        [79.65303, 18.01296],
        [79.65285, 18.01279],
        [79.65273, 18.01264],
        [79.65259, 18.01246],
        [79.6522, 18.01194],
        [79.65215, 18.01185],
        [79.65185, 18.01128],
        [79.65071, 18.01072],
        [79.64997, 18.01037],
        [79.64981, 18.01029],
        [79.64954, 18.01015],
        [79.64909, 18.01007],
        [79.6488, 18.00996],
        [79.648, 18.00963],
        [79.64601, 18.00884],
        [79.64501, 18.00909],
        [79.64398, 18.00931],
        [79.64377, 18.00942],
        [79.6428, 18.00992],
        [79.64251, 18.01007],
        [79.6424, 18.01017],
        [79.64207, 18.01046],
        [79.64186, 18.01065],
        [79.64027, 18.01115],
        [79.63981, 18.0113],
        [79.63932, 18.0114],
        [79.63929, 18.01141],
        [79.63927, 18.01141],
        [79.63913, 18.01144],
        [79.63876, 18.01152],
        [79.63874, 18.01153],
        [79.63813, 18.01179],
        [79.63717, 18.01189],
        [79.63702, 18.0119],
        [79.63608, 18.01191],
        [79.63586, 18.01187],
        [79.63585, 18.01187],
        [79.63574, 18.01165],
        [79.63568, 18.01154],
        [79.63519, 18.01063],
        [79.63483, 18.01018],
        [79.6347, 18.00981],
        [79.63414, 18.00823],
        [79.6349, 18.00786],
        [79.63522, 18.0077],
        [79.63531, 18.00765],
        [79.63569, 18.00747],
        [79.63681, 18.00683],
        [79.63746, 18.00646],
        [79.63773, 18.00633],
        [79.63807, 18.00617],
        [79.63875, 18.0057],
        [79.63947, 18.00544],
        [79.63915, 18.00451],
        [79.63906, 18.00423],
        [79.63843, 18.00238],
        [79.6396, 18.00178],
        [79.63983, 18.00155],
        [79.64035, 18.00142],
        [79.64099, 18.00135],
        [79.64088, 18.0008],
        [79.64087, 18.00074],
        [79.64126, 18.00062],
        [79.64165, 18.00051],
        [79.64176, 18.00048],
        [79.64429, 18.00041],
        [79.64434, 18.0004],
        [79.64569, 18.00001],
        [79.64578, 17.99998],
        [79.6458, 17.99997],
        [79.64576, 17.9999],
        [79.64512, 17.9989],
        [79.64506, 17.99881],
        [79.64499, 17.9987],
        [79.64465, 17.99769],
        [79.64443, 17.99703],
        [79.64365, 17.99505],
        [79.6432, 17.99389],
        [79.64274, 17.99316],
        [79.64265, 17.99301],
        [79.64224, 17.9921],
        [79.64212, 17.99182],
        [79.6413, 17.99029],
        [79.64129, 17.99025],
        [79.64096, 17.98914],
        [79.64087, 17.98886],
        [79.64093, 17.98882],
        [79.64094, 17.98881],
        [79.64095, 17.98881],
        [79.6414, 17.98777],
        [79.64113, 17.98756],
        [79.64106, 17.98751],
        [79.64082, 17.98734],
        [79.64073, 17.98726],
        [79.64063, 17.98718],
        [79.64055, 17.98712],
        [79.64049, 17.98707],
        [79.64035, 17.98698],
        [79.64024, 17.98688],
        [79.6401, 17.98679],
        [79.63997, 17.98669],
        [79.63985, 17.9866],
        [79.63971, 17.98652],
        [79.6396, 17.98643],
        [79.63936, 17.98626],
        [79.63912, 17.98609],
        [79.63898, 17.98598],
        [79.63874, 17.98582],
        [79.63854, 17.98565],
        [79.6382, 17.98542],
        [79.6379, 17.98521],
        [79.63747, 17.9849],
        [79.63737, 17.98481],
        [79.63718, 17.98478],
        [79.63711, 17.98476],
        [79.63605, 17.98454],
        [79.63594, 17.9845],
        [79.6352, 17.98427],
        [79.63512, 17.9842],
        [79.63511, 17.98419],
        [79.63479, 17.98406],
        [79.6346, 17.98399],
        [79.63441, 17.98393],
        [79.63417, 17.98384],
        [79.63385, 17.98382],
        [79.63349, 17.98378],
        [79.63324, 17.98375],
        [79.63318, 17.98375],
        [79.63321, 17.98424],
        [79.63192, 17.98417],
        [79.63116, 17.98412],
        [79.62999, 17.984],
        [79.6288, 17.98388],
        [79.62786, 17.98375],
        [79.62566, 17.98344],
        [79.62473, 17.98328],
        [79.62398, 17.98315],
        [79.62357, 17.98276],
        [79.62287, 17.9821],
        [79.6222, 17.98146],
        [79.62213, 17.98139],
        [79.61944, 17.98131],
        [79.61929, 17.98178],
        [79.6189, 17.983],
        [79.61882, 17.98323],
        [79.61875, 17.98346],
        [79.61844, 17.98441],
        [79.61836, 17.98462],
        [79.61841, 17.98508],
        [79.61845, 17.9855],
        [79.61848, 17.98587],
        [79.61849, 17.98597],
        [79.61857, 17.98605],
        [79.61894, 17.98668],
        [79.61883, 17.98674],
        [79.61858, 17.98686],
        [79.61861, 17.98689],
        [79.61869, 17.98701],
        [79.61873, 17.98707],
        [79.61798, 17.98739],
        [79.61771, 17.98763],
        [79.61711, 17.98816],
        [79.61669, 17.98854],
        [79.61604, 17.98953],
        [79.61603, 17.98954],
        [79.61608, 17.9897],
        [79.61612, 17.98983],
        [79.61655, 17.99093],
        [79.61667, 17.99124],
        [79.61673, 17.99138],
        [79.61677, 17.99149],
        [79.61678, 17.99152],
        [79.61702, 17.99208],
        [79.61787, 17.99409],
        [79.61791, 17.99421],
        [79.61841, 17.99662],
        [79.61841, 17.99703],
        [79.6184, 17.99756],
        [79.6184, 17.99782],
        [79.6184, 17.99811],
        [79.61839, 17.999],
        [79.61827, 17.99974],
        [79.61827, 17.99976],
        [79.61824, 18],
        [79.61815, 18.00064],
        [79.61814, 18.00065],
        [79.61814, 18.00068],
        [79.6181, 18.00094],
        [79.61807, 18.00105],
        [79.61785, 18.00164],
        [79.61751, 18.00208],
        [79.61737, 18.00226],
        [79.61701, 18.00272],
        [79.617, 18.00284],
        [79.617, 18.00297],
        [79.61699, 18.00313],
        [79.61699, 18.00319],
        [79.61698, 18.00327],
        [79.61694, 18.00359],
        [79.61692, 18.00365],
        [79.6169, 18.00374],
        [79.61687, 18.00406],
        [79.61686, 18.00424],
        [79.61689, 18.00427],
        [79.61699, 18.00434],
        [79.61709, 18.00442],
        [79.61706, 18.00451],
        [79.61704, 18.00455],
        [79.61692, 18.00485],
        [79.61725, 18.00525],
        [79.61729, 18.00525],
        [79.61754, 18.00525],
        [79.61775, 18.0057],
        [79.61777, 18.00576],
        [79.61778, 18.00587],
        [79.61778, 18.00591],
        [79.61768, 18.00646],
        [79.61768, 18.00648],
        [79.61762, 18.00683],
        [79.61762, 18.00685],
        [79.61758, 18.00705],
        [79.61779, 18.00741],
        [79.61787, 18.00755],
        [79.61788, 18.00769],
        [79.61791, 18.00807],
        [79.6178, 18.00816],
        [79.61699, 18.00851],
        [79.61623, 18.00885],
        [79.61592, 18.00899],
        [79.61487, 18.00921],
        [79.61459, 18.00927],
        [79.61437, 18.00938],
        [79.61405, 18.00952],
        [79.614, 18.00955],
        [79.61385, 18.00962],
        [79.61365, 18.00971],
        [79.61347, 18.0098],
        [79.61345, 18.00981],
        [79.61265, 18.01012],
        [79.61191, 18.0104],
        [79.61186, 18.01043],
        [79.61181, 18.01045],
        [79.61136, 18.01062],
        [79.61119, 18.01069],
        [79.61002, 18.01077],
        [79.60937, 18.0108],
        [79.60814, 18.01077],
        [79.60813, 18.01077],
        [79.6079, 18.01078],
        [79.60741, 18.01077],
        [79.60644, 18.01073],
        [79.60645, 18.01066],
        [79.60643, 18.01006],
        [79.60643, 18.00999],
        [79.60633, 18.00919],
        [79.6063, 18.0089],
        [79.60586, 18.00704],
        [79.60578, 18.00658],
        [79.60572, 18.00632],
        [79.60563, 18.00594],
        [79.60546, 18.00526],
        [79.60506, 18.00408],
        [79.60504, 18.00404],
        [79.60479, 18.0033],
        [79.60474, 18.00255],
        [79.60459, 18.00232],
        [79.60449, 18.00206],
        [79.60389, 18.00114],
        [79.60385, 18.0011],
        [79.60382, 18.00106],
        [79.60275, 17.99998],
        [79.60268, 17.9998],
        [79.60264, 17.99961],
        [79.60247, 17.9994],
        [79.60248, 17.99932],
        [79.60249, 17.99906],
        [79.60248, 17.99889],
        [79.60243, 17.99849],
        [79.6024, 17.99824],
        [79.60237, 17.99795],
        [79.60237, 17.99793],
        [79.60237, 17.9979],
        [79.60238, 17.99762],
        [79.60239, 17.99729],
        [79.60239, 17.99724],
        [79.60246, 17.99708],
        [79.60248, 17.99704],
        [79.60255, 17.99688],
        [79.60259, 17.99667],
        [79.60262, 17.99651],
        [79.60258, 17.99606],
        [79.60256, 17.9958],
        [79.60255, 17.99554],
        [79.60259, 17.99533],
        [79.60262, 17.99516],
        [79.60269, 17.99477],
        [79.60288, 17.994],
        [79.60285, 17.99367],
        [79.6028, 17.99358],
        [79.60275, 17.99348],
        [79.60282, 17.9933],
        [79.60281, 17.99319],
        [79.6028, 17.99314],
        [79.60279, 17.99286],
        [79.60278, 17.99242],
        [79.60278, 17.99224],
        [79.60274, 17.99187],
        [79.60274, 17.99185],
        [79.60271, 17.99143],
        [79.60269, 17.99103],
        [79.60268, 17.99091],
        [79.6027, 17.99078],
        [79.60272, 17.99068],
        [79.60247, 17.99063],
        [79.60227, 17.99053],
        [79.6022, 17.9905],
        [79.60199, 17.9904],
        [79.60195, 17.99038],
        [79.60182, 17.99028],
        [79.60181, 17.99026],
        [79.60199, 17.99007],
        [79.60186, 17.98918],
        [79.60154, 17.98704],
        [79.60184, 17.98653],
        [79.60171, 17.98599],
        [79.60172, 17.98596],
        [79.60172, 17.98595],
        [79.60183, 17.98517],
        [79.60176, 17.98436],
        [79.60179, 17.98406],
        [79.60179, 17.98405],
        [79.6018, 17.98398],
        [79.60178, 17.98363],
        [79.60177, 17.9834],
        [79.60177, 17.98338],
        [79.60175, 17.98317],
        [79.60174, 17.98292],
        [79.60167, 17.98273],
        [79.60158, 17.98274],
        [79.60144, 17.98276],
        [79.60136, 17.98278],
        [79.60111, 17.98286],
        [79.60096, 17.98291],
        [79.60091, 17.9829],
        [79.60089, 17.9829],
        [79.60082, 17.98289],
        [79.60073, 17.98288],
        [79.59991, 17.98325],
        [79.59968, 17.98323],
        [79.59966, 17.98323],
        [79.59934, 17.98319],
        [79.59886, 17.98313],
        [79.59879, 17.98312],
        [79.59823, 17.98301],
        [79.59667, 17.98208],
        [79.5963, 17.982],
        [79.59533, 17.9818],
        [79.59516, 17.98168],
        [79.5948, 17.98228],
        [79.59405, 17.98353],
        [79.59419, 17.98411],
        [79.59422, 17.98424],
        [79.59402, 17.98423],
        [79.5931, 17.98577],
        [79.59309, 17.98577],
        [79.59309, 17.98578],
        [79.5929, 17.98587],
        [79.59272, 17.98585],
        [79.59225, 17.98579],
        [79.5921, 17.98575],
        [79.59151, 17.98562],
        [79.59144, 17.98564],
        [79.59108, 17.98577],
        [79.59104, 17.98578],
        [79.59077, 17.98612],
        [79.59076, 17.98613],
        [79.59075, 17.9864],
        [79.59073, 17.98621],
        [79.59063, 17.98586],
        [79.59032, 17.98561],
        [79.58972, 17.98579],
        [79.58936, 17.98579],
        [79.58619, 17.98513],
        [79.58528, 17.98494],
        [79.58423, 17.98497],
        [79.58417, 17.9849],
        [79.58392, 17.98494],
        [79.58288, 17.98494],
        [79.58246, 17.98451],
        [79.58196, 17.98405],
        [79.58256, 17.98371],
        [79.58281, 17.98358],
        [79.58277, 17.98306],
        [79.58272, 17.98276],
        [79.5825, 17.98274],
        [79.58248, 17.98258],
        [79.58269, 17.98253],
        [79.5825, 17.98176],
        [79.58223, 17.98178],
        [79.58207, 17.98173],
        [79.58175, 17.98191],
        [79.58148, 17.98181],
        [79.58163, 17.98126],
        [79.58158, 17.98094],
        [79.5819, 17.98071],
        [79.58236, 17.98025],
        [79.5821, 17.9796],
        [79.58244, 17.97946],
        [79.58262, 17.97769],
        [79.58259, 17.97759],
        [79.58255, 17.97745],
        [79.58255, 17.97743],
        [79.58247, 17.97744],
        [79.58214, 17.97747],
        [79.58154, 17.97768],
        [79.58145, 17.97771],
        [79.5811, 17.97757],
        [79.58109, 17.97756],
        [79.58099, 17.97714],
        [79.58054, 17.97669],
        [79.58014, 17.976],
        [79.58019, 17.97639],
        [79.58026, 17.97703],
        [79.57995, 17.97677],
        [79.57986, 17.97669],
        [79.57965, 17.97664],
        [79.57964, 17.97663],
        [79.57941, 17.97602],
        [79.5794, 17.97601],
        [79.57932, 17.9758],
        [79.57928, 17.97569],
        [79.57928, 17.97567],
        [79.57927, 17.97567],
        [79.57927, 17.97566],
        [79.57921, 17.9755],
        [79.57818, 17.97558],
        [79.57792, 17.97559],
        [79.5771, 17.97562],
        [79.57576, 17.97596],
        [79.5756, 17.976],
        [79.57526, 17.9761],
        [79.57496, 17.97617],
        [79.57486, 17.97619],
        [79.57471, 17.97588],
        [79.5745, 17.97545],
        [79.57454, 17.97526],
        [79.57456, 17.97516],
        [79.57407, 17.9752],
        [79.57372, 17.97523],
        [79.57248, 17.97533],
        [79.57221, 17.97535],
        [79.57163, 17.9754],
        [79.57124, 17.97459],
        [79.57096, 17.97435],
        [79.57033, 17.97349],
        [79.57017, 17.97328],
        [79.56991, 17.97302],
        [79.56925, 17.97248],
        [79.56915, 17.97229],
        [79.56879, 17.97157],
        [79.5683, 17.97047],
        [79.56814, 17.96981],
        [79.56804, 17.96954],
        [79.56786, 17.96905],
        [79.56779, 17.96886],
        [79.56775, 17.96876],
        [79.56756, 17.96751],
        [79.56756, 17.96733],
        [79.56755, 17.96681],
        [79.56754, 17.9661],
        [79.56749, 17.96594],
        [79.56764, 17.96532],
        [79.56788, 17.96438],
        [79.56796, 17.96421],
        [79.568, 17.96413],
        [79.5683, 17.96333],
        [79.56833, 17.96324],
        [79.56834, 17.96323],
        [79.56857, 17.96295],
        [79.56901, 17.96242],
        [79.56937, 17.96184],
        [79.56948, 17.96168],
        [79.56957, 17.96156],
        [79.5696, 17.96151],
        [79.56968, 17.96138],
        [79.56972, 17.96127],
        [79.56984, 17.96098],
        [79.57102, 17.96059],
        [79.5704, 17.96051],
        [79.57002, 17.96045],
        [79.56943, 17.96026],
        [79.56987, 17.95948],
        [79.57026, 17.95856],
        [79.57045, 17.95811],
        [79.57053, 17.95792],
        [79.57058, 17.95762],
        [79.57062, 17.95739],
        [79.5705, 17.95707],
        [79.57039, 17.95672],
        [79.57037, 17.95666],
        [79.57016, 17.9559],
        [79.57, 17.95532],
        [79.56998, 17.95523],
        [79.5699, 17.95489],
        [79.56988, 17.95484],
        [79.56986, 17.95477],
        [79.56984, 17.95469],
        [79.56968, 17.95412],
        [79.56962, 17.95394],
        [79.56938, 17.95309],
        [79.56909, 17.95253],
        [79.56909, 17.95252],
        [79.56926, 17.95126],
        [79.56939, 17.95031],
        [79.56952, 17.94938],
        [79.56957, 17.9489],
        [79.56944, 17.94868],
        [79.56876, 17.94753],
        [79.56853, 17.94701],
        [79.56856, 17.94685],
        [79.56892, 17.94525],
        [79.56775, 17.94296],
        [79.56753, 17.94254],
        [79.56771, 17.94232],
        [79.56779, 17.94224],
        [79.56923, 17.94042],
        [79.56859, 17.93938],
        [79.56795, 17.93834],
        [79.56774, 17.9381],
        [79.56766, 17.93775],
        [79.56747, 17.93771],
        [79.56773, 17.93652],
        [79.56794, 17.93547],
        [79.56806, 17.93518],
        [79.56807, 17.93514],
        [79.56856, 17.93424],
        [79.56883, 17.93402],
        [79.57013, 17.93293],
        [79.57037, 17.93274],
        [79.57039, 17.93272],
        [79.57064, 17.93252],
        [79.5712, 17.93253],
        [79.57144, 17.93251],
        [79.57161, 17.93283],
        [79.57195, 17.93314],
        [79.57233, 17.93348],
        [79.57247, 17.93361],
        [79.57251, 17.93364],
        [79.57257, 17.93364],
        [79.57263, 17.93365],
        [79.57311, 17.93371],
        [79.57353, 17.93376],
        [79.57386, 17.9338],
        [79.57387, 17.9338],
        [79.5741, 17.9341],
        [79.57417, 17.93431],
        [79.57444, 17.93502],
        [79.57564, 17.93865],
        [79.57602, 17.94334],
        [79.5761, 17.94427],
        [79.57615, 17.94434],
        [79.57616, 17.94437],
        [79.5764, 17.94464],
        [79.5766, 17.94487],
        [79.57664, 17.94495],
        [79.57651, 17.94497],
        [79.57693, 17.94552],
        [79.57695, 17.94554],
        [79.57725, 17.94592],
        [79.57753, 17.94628],
        [79.57768, 17.94647],
        [79.57806, 17.94695],
        [79.5781, 17.94725],
        [79.57811, 17.94727],
        [79.57811, 17.94731],
        [79.57827, 17.94739],
        [79.57844, 17.94749],
        [79.57859, 17.94782],
        [79.57872, 17.94812],
        [79.57881, 17.94833],
        [79.579, 17.94852],
        [79.57901, 17.94853],
        [79.57917, 17.94869],
        [79.57927, 17.94878],
        [79.57935, 17.94882],
        [79.57937, 17.94882],
        [79.57954, 17.94889],
        [79.5796, 17.94886],
        [79.57969, 17.9488],
        [79.57978, 17.94874],
        [79.57985, 17.94882],
        [79.57995, 17.94894],
        [79.58002, 17.94872],
        [79.58025, 17.94854],
        [79.58028, 17.94853],
        [79.58055, 17.94844],
        [79.58063, 17.94842],
        [79.581, 17.94829],
        [79.5815, 17.94812],
        [79.58159, 17.94809],
        [79.58172, 17.94804],
        [79.58239, 17.94782],
        [79.5825, 17.94778],
        [79.58273, 17.9477],
        [79.583, 17.9478],
        [79.58334, 17.94783],
        [79.58386, 17.94788],
        [79.58392, 17.94788],
        [79.58418, 17.9479],
        [79.58434, 17.94792],
        [79.58435, 17.94794],
        [79.58443, 17.94811],
        [79.58462, 17.94815],
        [79.58513, 17.94826],
        [79.58581, 17.94826],
        [79.58617, 17.94841],
        [79.58627, 17.94824],
        [79.5863, 17.94818],
        [79.58632, 17.94818],
        [79.58654, 17.94817],
        [79.58696, 17.94806],
        [79.58703, 17.94802],
        [79.58737, 17.94776],
        [79.5874, 17.94777],
        [79.58756, 17.94782],
        [79.58809, 17.94763],
        [79.5882, 17.94759],
        [79.58839, 17.94752],
        [79.58853, 17.94748],
        [79.58867, 17.94743],
        [79.58893, 17.94735],
        [79.58922, 17.94728],
        [79.58931, 17.94725],
        [79.58938, 17.94723],
        [79.58955, 17.94718],
        [79.5895, 17.94678],
        [79.58947, 17.94674],
        [79.58927, 17.94656],
        [79.58926, 17.94655],
        [79.58887, 17.94597],
        [79.58844, 17.94533],
        [79.58788, 17.94449],
        [79.58718, 17.94346],
        [79.58715, 17.94341],
        [79.58689, 17.94326],
        [79.58692, 17.9428],
        [79.58692, 17.94275],
        [79.58716, 17.9428],
        [79.58734, 17.94284],
        [79.58733, 17.94278],
        [79.58727, 17.94244],
        [79.58772, 17.94231],
        [79.58779, 17.94229],
        [79.58791, 17.94225],
        [79.58805, 17.94195],
        [79.58788, 17.94182],
        [79.58792, 17.94172],
        [79.58796, 17.94163],
        [79.58791, 17.94163],
        [79.58778, 17.94163],
        [79.58789, 17.94128],
        [79.588, 17.94094],
        [79.588, 17.94095],
        [79.58802, 17.94095],
        [79.5881, 17.94096],
        [79.5884, 17.94099],
        [79.58835, 17.94076],
        [79.58835, 17.94074],
        [79.5884, 17.94076],
        [79.58859, 17.94081],
        [79.58853, 17.94058],
        [79.58843, 17.94022],
        [79.58851, 17.93992],
        [79.58861, 17.93951],
        [79.58864, 17.93951],
        [79.58892, 17.93953],
        [79.58893, 17.93947],
        [79.58894, 17.93934],
        [79.58894, 17.93917],
        [79.58886, 17.93912],
        [79.58874, 17.93905],
        [79.58873, 17.93904],
        [79.58875, 17.93886],
        [79.58877, 17.93874],
        [79.58877, 17.93869],
        [79.5888, 17.93848],
        [79.5888, 17.93845],
        [79.58879, 17.93839],
        [79.58875, 17.93825],
        [79.58874, 17.93818],
        [79.58885, 17.93808],
        [79.58906, 17.93787],
        [79.58905, 17.93772],
        [79.58904, 17.93755],
        [79.58903, 17.93747],
        [79.58902, 17.93741],
        [79.58935, 17.93692],
        [79.58955, 17.9369],
        [79.58975, 17.93688],
        [79.59006, 17.93685],
        [79.5901, 17.93685],
        [79.59006, 17.93678],
        [79.59003, 17.93671],
        [79.59001, 17.93667],
        [79.58998, 17.93662],
        [79.58996, 17.93659],
        [79.58986, 17.93638],
        [79.5899, 17.93635],
        [79.59003, 17.93627],
        [79.59008, 17.93624],
        [79.5901, 17.93623],
        [79.59019, 17.93637],
        [79.5902, 17.93637],
        [79.59032, 17.93629],
        [79.59042, 17.93622],
        [79.59043, 17.93621],
        [79.59047, 17.93619],
        [79.59053, 17.93615],
        [79.5906, 17.9361],
        [79.59075, 17.936],
        [79.59079, 17.93603],
        [79.59087, 17.9361],
        [79.59091, 17.93608],
        [79.59122, 17.93587],
        [79.59154, 17.93567],
        [79.59156, 17.93565],
        [79.59159, 17.93563],
        [79.59181, 17.93548],
        [79.59194, 17.9354],
        [79.59204, 17.93534],
        [79.59215, 17.93526],
        [79.59223, 17.93521],
        [79.59267, 17.93515],
        [79.59361, 17.93497],
        [79.59355, 17.93529],
        [79.59304, 17.93744],
        [79.59305, 17.93748],
        [79.59315, 17.93886],
        [79.59355, 17.93918],
        [79.59381, 17.9392],
        [79.59417, 17.93933],
        [79.59419, 17.93909],
        [79.59445, 17.93911],
        [79.59468, 17.93922],
        [79.59487, 17.93919],
        [79.59511, 17.9392],
        [79.59531, 17.93761],
        [79.59549, 17.93756],
        [79.59694, 17.93726],
        [79.59716, 17.93724],
        [79.59735, 17.93725],
        [79.59809, 17.9373],
        [79.59827, 17.93731],
        [79.59842, 17.93731],
        [79.59885, 17.9373],
        [79.59903, 17.93728],
        [79.59924, 17.93726],
        [79.59966, 17.93731],
        [79.5998, 17.93735],
        [79.59996, 17.93736],
        [79.60013, 17.93738],
        [79.60026, 17.93742],
        [79.60048, 17.93745],
        [79.60112, 17.93757],
        [79.60129, 17.93764],
        [79.60144, 17.93761],
        [79.60171, 17.93761],
        [79.60188, 17.93758],
        [79.60205, 17.93762],
        [79.60236, 17.9376],
        [79.60294, 17.93769],
        [79.60285, 17.93809],
        [79.60269, 17.93889],
        [79.60259, 17.93922],
        [79.60255, 17.93935],
        [79.6022, 17.94059],
        [79.60217, 17.94069],
        [79.60209, 17.94118],
        [79.60206, 17.94141],
        [79.60194, 17.94215],
        [79.60191, 17.94236],
        [79.60187, 17.9426],
        [79.60185, 17.94288],
        [79.60185, 17.94289],
        [79.60182, 17.94375],
        [79.602, 17.94475],
        [79.60212, 17.94539],
        [79.60355, 17.94699],
        [79.60355, 17.94778],
        [79.60408, 17.94749],
        [79.60426, 17.94744],
        [79.60504, 17.94718],
        [79.60612, 17.94675],
        [79.60637, 17.94662],
        [79.60658, 17.94647],
        [79.60659, 17.94646],
        [79.60735, 17.94592],
        [79.60735, 17.94572],
        [79.60736, 17.94546],
        [79.60737, 17.94459],
        [79.60756, 17.94369],
        [79.60742, 17.94285],
        [79.60805, 17.9424],
        [79.60814, 17.94233],
        [79.60814, 17.9423],
        [79.6081, 17.94225],
        [79.60758, 17.941],
        [79.60754, 17.94089],
        [79.6075, 17.94079],
        [79.60721, 17.94013],
        [79.60708, 17.93974],
        [79.60717, 17.93942],
        [79.60725, 17.93919],
        [79.60731, 17.93849],
        [79.6078, 17.93691],
        [79.60801, 17.93622],
        [79.60807, 17.93606],
        [79.60811, 17.93592],
        [79.60833, 17.9352],
        [79.60838, 17.93504],
        [79.60843, 17.93488],
        [79.60843, 17.93477],
        [79.60875, 17.93307],
        [79.6088, 17.93292],
        [79.60885, 17.93276],
        [79.60915, 17.93169],
        [79.60918, 17.93162],
        [79.60922, 17.9315],
        [79.60922, 17.93142],
        [79.60942, 17.9306],
        [79.60948, 17.93045],
        [79.60951, 17.93028],
        [79.60968, 17.92948],
        [79.60972, 17.9293],
        [79.60993, 17.92833],
        [79.61003, 17.92783],
        [79.6101, 17.92739],
        [79.61109, 17.92815],
        [79.61182, 17.92875],
        [79.61184, 17.92877],
        [79.61213, 17.92899],
        [79.61275, 17.92925],
        [79.61416, 17.92912],
        [79.61435, 17.92911],
        [79.61436, 17.92911],
        [79.61463, 17.92911],
        [79.61464, 17.92911],
        [79.61552, 17.92907],
        [79.61563, 17.92905],
        [79.61589, 17.929],
        [79.61592, 17.92891],
        [79.61623, 17.92881],
        [79.61657, 17.92873],
        [79.6167, 17.92869],
        [79.61682, 17.92873],
        [79.61683, 17.92873],
        [79.61684, 17.92874],
        [79.61694, 17.92877],
        [79.61715, 17.9288],
        [79.61733, 17.92883],
        [79.61782, 17.92884],
        [79.61914, 17.92887],
        [79.61938, 17.92888],
        [79.61953, 17.92889],
        [79.62133, 17.92899],
        [79.62151, 17.92858],
        [79.62194, 17.92755],
        [79.62194, 17.92754],
        [79.6219, 17.92731],
        [79.62189, 17.92708],
        [79.62188, 17.92706],
        [79.62166, 17.92624],
        [79.62158, 17.92608],
        [79.62155, 17.92602],
        [79.62149, 17.92581],
        [79.62145, 17.92564],
        [79.62138, 17.92546],
        [79.62129, 17.92526],
        [79.62121, 17.92495],
        [79.62117, 17.92478],
        [79.62104, 17.92425],
        [79.62103, 17.92393],
        [79.62103, 17.92375],
        [79.62096, 17.92336],
        [79.62081, 17.92284],
        [79.62064, 17.92275],
        [79.62042, 17.92221],
        [79.62016, 17.92138],
        [79.62015, 17.9213],
        [79.62015, 17.92125],
        [79.62009, 17.921],
        [79.61994, 17.92064],
        [79.61991, 17.92058],
        [79.61988, 17.92048],
        [79.61973, 17.9201],
        [79.61964, 17.91989],
        [79.61943, 17.91934],
        [79.61942, 17.91925],
        [79.61941, 17.91918],
        [79.61934, 17.91901],
        [79.61933, 17.91896],
        [79.61905, 17.91813],
        [79.61895, 17.9179],
        [79.61886, 17.91769],
        [79.6187, 17.91733],
        [79.61851, 17.91697],
        [79.61836, 17.91667],
        [79.61783, 17.91535],
        [79.6178, 17.91526],
        [79.61762, 17.91479],
        [79.61758, 17.91469],
        [79.61743, 17.91427],
        [79.61738, 17.91414],
        [79.61732, 17.91396],
        [79.61714, 17.91305],
        [79.61703, 17.91255],
        [79.61683, 17.91159],
        [79.61677, 17.91136],
        [79.61676, 17.91134],
        [79.61651, 17.91096],
        [79.61618, 17.91046],
        [79.61589, 17.91008],
        [79.61545, 17.90967],
        [79.61539, 17.90961],
        [79.61489, 17.90912],
        [79.61483, 17.90907],
        [79.61462, 17.9089],
        [79.61455, 17.90885],
        [79.61453, 17.90884],
        [79.61446, 17.90879],
        [79.61444, 17.90877],
        [79.61441, 17.90874],
        [79.61382, 17.90852],
        [79.61294, 17.90846],
        [79.6121, 17.90833],
        [79.61196, 17.90831],
        [79.61098, 17.90817],
        [79.61095, 17.90816],
        [79.61074, 17.90811],
        [79.61067, 17.9081],
        [79.61024, 17.90818],
        [79.60944, 17.90818],
        [79.60902, 17.90818],
        [79.6091, 17.90794],
        [79.60907, 17.90712],
        [79.60903, 17.90582],
        [79.60902, 17.90423],
        [79.60902, 17.90399],
        [79.60905, 17.90365],
        [79.60906, 17.90347],
        [79.60906, 17.90308],
        [79.60892, 17.90218],
        [79.60893, 17.90212],
        [79.60908, 17.90146],
        [79.60918, 17.90101],
        [79.60929, 17.90052],
        [79.60932, 17.90038],
        [79.60926, 17.89972],
        [79.60925, 17.89956],
        [79.60924, 17.8995],
        [79.60924, 17.89949],
        [79.60921, 17.89946],
        [79.60894, 17.89918],
        [79.60836, 17.89857],
        [79.60835, 17.89848],
        [79.60833, 17.89806],
        [79.6083, 17.89747],
        [79.60821, 17.89589],
        [79.6069, 17.89621],
        [79.60659, 17.89629],
        [79.60599, 17.89644],
        [79.60546, 17.8964],
        [79.60403, 17.8963],
        [79.60243, 17.89619],
        [79.60231, 17.89619],
        [79.60208, 17.89617],
        [79.6015, 17.89618],
        [79.60102, 17.89619],
        [79.59993, 17.89617],
        [79.59858, 17.89614],
        [79.59811, 17.89613],
        [79.59681, 17.89644],
        [79.59595, 17.89656],
        [79.59594, 17.89656],
        [79.59594, 17.89657],
        [79.59577, 17.89667],
        [79.5957, 17.89667],
        [79.59503, 17.89673],
        [79.59443, 17.89672],
        [79.59397, 17.89676],
        [79.59396, 17.89649],
        [79.59396, 17.89622],
        [79.59397, 17.89611],
        [79.59404, 17.89531],
        [79.59409, 17.89486],
        [79.59411, 17.89456],
        [79.59411, 17.89403],
        [79.59411, 17.89385],
        [79.5941, 17.89314],
        [79.59413, 17.89271],
        [79.59414, 17.89252],
        [79.59415, 17.89238],
        [79.59395, 17.89201],
        [79.59382, 17.89115],
        [79.59374, 17.89063],
        [79.59371, 17.89039],
        [79.59365, 17.89003],
        [79.59344, 17.88964],
        [79.59298, 17.88886],
        [79.59286, 17.88871],
        [79.59283, 17.88836],
        [79.59274, 17.88795],
        [79.59268, 17.88766],
        [79.59249, 17.88727],
        [79.59229, 17.88676],
        [79.59221, 17.88627],
        [79.59192, 17.88544],
        [79.59297, 17.88416],
        [79.59322, 17.88403],
        [79.59347, 17.88389],
        [79.59403, 17.88345],
        [79.59455, 17.88304],
        [79.59573, 17.88209],
        [79.59579, 17.88203],
        [79.5965, 17.88131],
        [79.59765, 17.88048],
        [79.59984, 17.87939],
        [79.60003, 17.87937],
        [79.6002, 17.87929],
        [79.60058, 17.87912],
        [79.60187, 17.87854],
        [79.60247, 17.87827],
        [79.60248, 17.87827],
        [79.60355, 17.87779],
        [79.6045, 17.87736],
        [79.60559, 17.87602],
        [79.60572, 17.87591],
        [79.60589, 17.87576],
        [79.60665, 17.87511],
        [79.60707, 17.8738],
        [79.60786, 17.87238],
        [79.60807, 17.87226],
        [79.60872, 17.8719],
        [79.60903, 17.87181],
        [79.60905, 17.8718],
        [79.60971, 17.87163],
        [79.60975, 17.87162],
        [79.60983, 17.8716],
        [79.61003, 17.87154],
        [79.61048, 17.87143],
        [79.61044, 17.87126],
        [79.61114, 17.87096],
        [79.61168, 17.87073],
        [79.61187, 17.87068],
        [79.61207, 17.87063],
        [79.61221, 17.87059],
        [79.61243, 17.87051],
        [79.61307, 17.8703],
        [79.61364, 17.87016],
        [79.61448, 17.86994],
        [79.61501, 17.86976],
        [79.6156, 17.86956],
        [79.61575, 17.86951],
        [79.61618, 17.86939],
        [79.61704, 17.86916],
        [79.61711, 17.86927],
        [79.61863, 17.87041],
        [79.62054, 17.87082],
        [79.62052, 17.87207],
        [79.62243, 17.87232],
        [79.6225, 17.87233],
        [79.62262, 17.87235],
        [79.62272, 17.87236],
        [79.62275, 17.87243],
        [79.62313, 17.87332],
        [79.62316, 17.87338],
        [79.62433, 17.87336],
        [79.62448, 17.87331],
        [79.62519, 17.87304],
        [79.62565, 17.87354],
        [79.62578, 17.87416],
        [79.62672, 17.87391],
        [79.62671, 17.8739],
        [79.62702, 17.87383],
        [79.62863, 17.87347],
        [79.62897, 17.87329],
        [79.629, 17.87328],
        [79.62919, 17.87319],
        [79.62945, 17.87306],
        [79.62964, 17.87294],
        [79.62976, 17.87287],
        [79.63009, 17.87268],
        [79.63046, 17.87246],
        [79.63051, 17.87243],
        [79.63052, 17.87243],
        [79.63089, 17.87225],
        [79.63154, 17.87273],
        [79.63248, 17.87238],
        [79.6326, 17.87253],
        [79.63279, 17.87248],
        [79.6329, 17.87245],
        [79.63304, 17.87242],
        [79.63361, 17.8719],
        [79.63373, 17.87179],
        [79.63387, 17.87196],
        [79.63423, 17.87243],
        [79.63473, 17.87307],
        [79.63595, 17.87255],
        [79.63626, 17.87254],
        [79.63693, 17.8725],
        [79.63698, 17.8725],
        [79.63826, 17.87237],
        [79.63939, 17.87226],
        [79.64063, 17.87202],
        [79.64067, 17.87202],
        [79.64089, 17.87193],
        [79.64098, 17.87189],
        [79.64099, 17.87189],
        [79.64116, 17.87182],
        [79.64129, 17.87176],
        [79.64249, 17.87128],
        [79.64349, 17.86979],
        [79.64372, 17.86945],
        [79.64379, 17.8692],
        [79.64389, 17.86887],
        [79.64394, 17.86867],
        [79.64424, 17.86841],
        [79.64485, 17.86788],
        [79.64485, 17.86787],
        [79.64491, 17.86794],
        [79.64489, 17.86786],
        [79.64484, 17.8677],
        [79.64474, 17.8674],
        [79.64465, 17.86711],
        [79.64451, 17.86669],
        [79.64436, 17.8661],
        [79.64433, 17.86602],
        [79.64426, 17.86588],
        [79.64418, 17.86547],
        [79.64402, 17.86492],
        [79.64381, 17.8642],
        [79.64363, 17.86359],
        [79.64342, 17.86286],
        [79.64342, 17.86285],
        [79.64326, 17.86164],
        [79.64325, 17.86152],
        [79.64275, 17.86013],
        [79.64229, 17.85885],
        [79.64264, 17.85855],
        [79.64299, 17.85823],
        [79.64302, 17.85821],
        [79.64296, 17.858],
        [79.64291, 17.85784],
        [79.64281, 17.85745],
        [79.64172, 17.85656],
        [79.64161, 17.85647],
        [79.64152, 17.85639],
        [79.64141, 17.8563],
        [79.64126, 17.85611],
        [79.63989, 17.85454],
        [79.64011, 17.85366],
        [79.64017, 17.85341],
        [79.64006, 17.85295],
        [79.63995, 17.85249],
        [79.63991, 17.85232],
        [79.63993, 17.85227],
        [79.64003, 17.85195],
        [79.6402, 17.85144],
        [79.64021, 17.85136],
        [79.64024, 17.85122],
        [79.64028, 17.8509],
        [79.64033, 17.85059],
        [79.64037, 17.85038],
        [79.64038, 17.85032],
        [79.64033, 17.84978],
        [79.64031, 17.84961],
        [79.64031, 17.84957],
        [79.64031, 17.8495],
        [79.6403, 17.84942],
        [79.6403, 17.84939],
        [79.64029, 17.84936],
        [79.64029, 17.84933],
        [79.64027, 17.84909],
        [79.64026, 17.849],
        [79.64025, 17.84887],
        [79.64024, 17.84872],
        [79.64023, 17.84859],
        [79.64021, 17.84845],
        [79.64017, 17.84798],
        [79.64017, 17.84791],
        [79.64015, 17.84775],
        [79.64014, 17.84759],
        [79.64013, 17.84747],
        [79.64012, 17.84734],
        [79.6401, 17.84717],
        [79.6401, 17.84711],
        [79.6401, 17.84709],
        [79.64009, 17.84705],
        [79.64009, 17.847],
        [79.64007, 17.84684],
        [79.64006, 17.84664],
        [79.64002, 17.8462],
        [79.63995, 17.84612],
        [79.6397, 17.84581],
        [79.63921, 17.84523],
        [79.63911, 17.84467],
        [79.63874, 17.84488],
        [79.63841, 17.84506],
        [79.63788, 17.84449],
        [79.63718, 17.84294],
        [79.63691, 17.84234],
        [79.63653, 17.84203],
        [79.63626, 17.8418],
        [79.63466, 17.84062],
        [79.63499, 17.83902],
        [79.63535, 17.83749],
        [79.63528, 17.83707],
        [79.63508, 17.83592],
        [79.63505, 17.8357],
        [79.63498, 17.83516],
        [79.63496, 17.83513],
        [79.63473, 17.83466],
        [79.63468, 17.83442],
        [79.63466, 17.83429],
        [79.63466, 17.83422],
        [79.63474, 17.83336],
        [79.63619, 17.83354],
        [79.63622, 17.83306],
        [79.63625, 17.8325],
        [79.63631, 17.83201],
        [79.63642, 17.83094],
        [79.6366, 17.83033],
        [79.63679, 17.8297],
        [79.63708, 17.82874],
        [79.63711, 17.82867],
        [79.63743, 17.82701],
        [79.63751, 17.82638],
        [79.6377, 17.82615],
        [79.63787, 17.82598],
        [79.63795, 17.8259],
        [79.63807, 17.82579],
        [79.63808, 17.82576],
        [79.63881, 17.82412],
        [79.64028, 17.8235],
        [79.64231, 17.82207],
        [79.64258, 17.82196],
        [79.64344, 17.8216],
        [79.64394, 17.82129],
        [79.64445, 17.82097],
        [79.64449, 17.82098],
        [79.64457, 17.82098],
        [79.64465, 17.82099],
        [79.645, 17.82109],
        [79.64516, 17.82114],
        [79.6453, 17.82118],
        [79.64572, 17.82103],
        [79.64573, 17.82103],
        [79.64572, 17.82111],
        [79.64569, 17.82148],
        [79.64569, 17.82152],
        [79.64567, 17.82176],
        [79.64574, 17.82176],
        [79.6462, 17.82171],
        [79.64664, 17.82167],
        [79.64712, 17.82162],
        [79.64834, 17.82151],
        [79.6488, 17.82147],
        [79.64963, 17.82141],
        [79.65017, 17.82137],
        [79.65025, 17.82136],
        [79.65065, 17.82133],
        [79.65074, 17.82133],
        [79.65094, 17.82128],
        [79.65138, 17.82117],
        [79.65141, 17.82117],
        [79.65161, 17.82112],
        [79.6517, 17.82115],
        [79.65177, 17.82117],
        [79.65181, 17.82119],
        [79.65187, 17.82121],
        [79.65195, 17.8211],
        [79.65211, 17.8209],
        [79.65212, 17.82089],
        [79.65213, 17.82088],
        [79.65215, 17.82086],
        [79.65215, 17.82085],
        [79.65225, 17.82073],
        [79.65298, 17.8208],
        [79.65332, 17.82083],
        [79.65538, 17.82099],
        [79.65683, 17.82108],
        [79.65708, 17.8211],
        [79.65716, 17.82123],
        [79.65844, 17.82309],
        [79.65854, 17.82314],
        [79.65994, 17.82376],
        [79.66007, 17.82382],
        [79.66023, 17.82389],
        [79.66038, 17.82396],
        [79.66103, 17.82427],
        [79.6611, 17.82431],
        [79.6618, 17.82464],
        [79.66234, 17.8249],
        [79.66246, 17.82496],
        [79.66317, 17.8253],
        [79.66338, 17.8254],
        [79.66353, 17.82538],
        [79.66364, 17.82532],
        [79.66443, 17.82487],
        [79.66602, 17.82401],
        [79.6671, 17.82343],
        [79.66721, 17.82337],
        [79.66795, 17.82299],
        [79.6685, 17.82292],
        [79.66866, 17.82287],
        [79.66912, 17.82273],
        [79.66992, 17.82243],
        [79.6706, 17.82217],
        [79.67061, 17.82216],
        [79.6708, 17.82199],
        [79.67144, 17.82179],
        [79.67329, 17.82124],
        [79.67384, 17.82108],
        [79.6741, 17.82101],
        [79.67434, 17.82093],
        [79.67463, 17.82087],
        [79.67469, 17.82113],
        [79.67488, 17.82105],
        [79.67489, 17.82104],
        [79.67499, 17.82092],
        [79.67518, 17.82097],
        [79.67519, 17.82098],
        [79.6756, 17.82116],
        [79.67587, 17.82129],
        [79.6761, 17.82146],
        [79.67623, 17.82237],
        [79.67618, 17.82267],
        [79.67616, 17.82279],
        [79.67624, 17.82331],
        [79.67649, 17.82443],
        [79.67653, 17.82442],
        [79.67697, 17.82423],
        [79.67746, 17.82403],
        [79.67751, 17.82404],
        [79.67776, 17.8241],
        [79.67855, 17.82447],
        [79.67862, 17.8245],
        [79.67874, 17.8245],
        [79.68028, 17.82456],
        [79.68035, 17.82478],
        [79.68036, 17.82481],
        [79.68037, 17.82483],
        [79.68044, 17.82483],
        [79.68192, 17.82489],
        [79.68218, 17.82493],
        [79.6822, 17.82494],
        [79.68226, 17.82495],
        [79.68251, 17.82499],
        [79.68301, 17.8256],
        [79.68314, 17.82575],
        [79.6835, 17.82599],
        [79.68355, 17.82602],
        [79.68362, 17.82607],
        [79.68409, 17.82598],
        [79.68512, 17.82587],
        [79.68555, 17.82569],
        [79.68555, 17.82567],
        [79.68557, 17.82568],
        [79.68558, 17.82567],
        [79.68581, 17.82573],
        [79.68591, 17.82575],
        [79.68613, 17.82579],
        [79.68633, 17.82584],
        [79.68634, 17.82585],
        [79.68638, 17.8258],
        [79.68648, 17.82566],
        [79.68666, 17.82571],
        [79.68677, 17.8256],
        [79.68684, 17.82561],
        [79.68728, 17.82568],
        [79.68735, 17.82573],
        [79.68778, 17.82603],
        [79.68814, 17.82628],
        [79.68827, 17.82651],
        [79.68826, 17.82685],
        [79.68825, 17.82727],
        [79.68825, 17.82734],
        [79.68852, 17.82727],
        [79.68885, 17.82718],
        [79.6894, 17.827],
        [79.6896, 17.82701],
        [79.69002, 17.82706],
        [79.6901, 17.82707],
        [79.6904, 17.82713],
        [79.69067, 17.82723],
        [79.69306, 17.82819],
        [79.69357, 17.82839],
        [79.69412, 17.82861],
        [79.69531, 17.82908],
        [79.69584, 17.8293],
        [79.69697, 17.82974],
        [79.69799, 17.83014],
        [79.69851, 17.83034],
        [79.70201, 17.83155],
        [79.70204, 17.83155],
        [79.70336, 17.83162],
        [79.70348, 17.83162],
        [79.7039, 17.83164],
        [79.70403, 17.83165],
        [79.70419, 17.83166],
        [79.70505, 17.8317],
        [79.70601, 17.83092],
        [79.70646, 17.83073],
        [79.70649, 17.83072],
        [79.7066, 17.83069],
        [79.70698, 17.83057],
        [79.70792, 17.83047],
        [79.70834, 17.83043],
        [79.70897, 17.83056],
        [79.70909, 17.83052],
        [79.70916, 17.83049],
        [79.70935, 17.83042],
        [79.71036, 17.82978],
        [79.71154, 17.82869],
        [79.71182, 17.82823],
        [79.71272, 17.82801],
        [79.7128, 17.82799],
        [79.713, 17.82794],
        [79.71381, 17.82751],
        [79.71412, 17.82734],
        [79.71428, 17.82731],
        [79.71437, 17.82729],
        [79.71468, 17.82723],
        [79.71509, 17.82714],
        [79.71677, 17.82695],
        [79.71711, 17.82692],
        [79.7181, 17.82678],
        [79.71834, 17.82675],
        [79.71861, 17.82674],
        [79.71917, 17.82673],
        [79.72042, 17.82671],
        [79.72051, 17.82671],
        [79.72087, 17.82756],
        [79.72094, 17.82759],
        [79.72131, 17.82777],
        [79.72175, 17.82799],
        [79.72192, 17.82807],
        [79.72216, 17.82819],
        [79.72232, 17.82843],
        [79.7224, 17.82856],
        [79.72246, 17.82865],
        [79.72256, 17.82881],
        [79.72245, 17.82951],
        [79.72244, 17.8296],
        [79.72288, 17.8295],
        [79.72293, 17.82949],
        [79.7232, 17.82969],
        [79.72345, 17.82988],
        [79.72395, 17.83004],
        [79.72446, 17.83058],
        [79.72448, 17.83066],
        [79.72452, 17.83081],
        [79.72456, 17.83097],
        [79.7256, 17.83122],
        [79.72561, 17.83122],
        [79.72567, 17.83122],
        [79.72569, 17.83131],
        [79.72577, 17.83162],
        [79.72579, 17.83172],
        [79.72644, 17.83167],
        [79.72655, 17.83166],
        [79.7266, 17.8318],
        [79.72662, 17.83188],
        [79.72753, 17.83151],
        [79.72777, 17.83141],
        [79.7278, 17.8314],
        [79.72782, 17.83139],
        [79.728, 17.83132],
        [79.72823, 17.83123],
        [79.72831, 17.83162],
        [79.72833, 17.83172],
        [79.72833, 17.83176],
        [79.72827, 17.8328],
        [79.72829, 17.83291],
        [79.72845, 17.83392],
        [79.72905, 17.83391],
        [79.7298, 17.8343],
        [79.73041, 17.83433],
        [79.73046, 17.83497],
        [79.73087, 17.83498],
        [79.73094, 17.83544],
        [79.73169, 17.83595],
        [79.73179, 17.83597],
        [79.73218, 17.83606],
        [79.7323, 17.83634],
        [79.73228, 17.83679],
        [79.73231, 17.83699],
        [79.73244, 17.837],
        [79.73266, 17.83746],
        [79.7329, 17.83759],
        [79.73297, 17.83764],
        [79.7333, 17.83783],
        [79.73416, 17.83802],
        [79.73468, 17.83862],
        [79.73537, 17.83941],
        [79.73656, 17.83973],
        [79.73734, 17.83998],
        [79.73753, 17.84015],
        [79.73829, 17.841],
        [79.7385, 17.84125],
        [79.73859, 17.84135],
        [79.73996, 17.8429],
        [79.74056, 17.84359],
        [79.74102, 17.84462],
        [79.74096, 17.84437],
        [79.74109, 17.84438],
        [79.74101, 17.84411],
        [79.74115, 17.84401],
        [79.74111, 17.84375],
        [79.74125, 17.8437],
        [79.74157, 17.8436],
        [79.74164, 17.84348],
        [79.74164, 17.84347],
        [79.74224, 17.84314],
        [79.74225, 17.84313],
        [79.74233, 17.84313],
        [79.74363, 17.84304],
        [79.74473, 17.84296],
        [79.74519, 17.84293],
        [79.74535, 17.84292],
        [79.7457, 17.84289],
        [79.74691, 17.84278],
        [79.74773, 17.84271],
        [79.74842, 17.84265],
        [79.74881, 17.84261],
        [79.74909, 17.84259],
        [79.74931, 17.84257],
        [79.74959, 17.84254],
        [79.74978, 17.84253],
        [79.74992, 17.84251],
        [79.75003, 17.84268],
        [79.75017, 17.84266],
        [79.75025, 17.84265],
        [79.75027, 17.84265],
        [79.75043, 17.84257],
        [79.75237, 17.8416],
        [79.75244, 17.84156],
        [79.75267, 17.84142],
        [79.75303, 17.8412],
        [79.75327, 17.84104],
        [79.75374, 17.84074],
        [79.7539, 17.84063],
        [79.75405, 17.84051],
        [79.75408, 17.84049],
        [79.75488, 17.83982],
        [79.75515, 17.83958],
        [79.7556, 17.83922],
        [79.75618, 17.83875],
        [79.75652, 17.83874],
        [79.75659, 17.83873],
        [79.75751, 17.83871],
        [79.75757, 17.8387],
        [79.75806, 17.83864],
        [79.759, 17.83852],
        [79.75991, 17.83814],
        [79.75983, 17.83783],
        [79.75997, 17.83742],
        [79.761, 17.83684],
        [79.76147, 17.83667],
        [79.76148, 17.83667],
        [79.762, 17.8366],
        [79.76212, 17.8361],
        [79.76244, 17.83605],
        [79.76211, 17.83552],
        [79.76281, 17.83479],
        [79.76303, 17.83476],
        [79.76318, 17.83381],
        [79.76322, 17.83383],
        [79.76339, 17.83392],
        [79.76416, 17.83308],
        [79.76412, 17.83268],
        [79.76429, 17.83227],
        [79.76492, 17.83175],
        [79.76496, 17.83115],
        [79.76518, 17.83068],
        [79.76547, 17.83008],
        [79.76547, 17.83007],
        [79.76549, 17.82922],
        [79.7654, 17.82891],
        [79.76537, 17.82866],
        [79.76559, 17.82832],
        [79.76551, 17.82779],
        [79.7665, 17.82769],
        [79.76667, 17.82687],
        [79.76721, 17.82602],
        [79.76748, 17.82564],
        [79.76749, 17.82562],
        [79.76752, 17.82512],
        [79.76763, 17.82491],
        [79.76795, 17.82445],
        [79.76842, 17.82369],
        [79.76915, 17.82355],
        [79.7692, 17.82347],
        [79.76949, 17.82301],
        [79.77007, 17.82198],
        [79.76978, 17.82092],
        [79.76972, 17.82067],
        [79.76972, 17.82065],
        [79.76935, 17.81977],
        [79.76935, 17.81976],
        [79.76926, 17.81949],
        [79.76925, 17.81945],
        [79.76892, 17.81853],
        [79.76896, 17.81853],
        [79.76854, 17.817],
        [79.76764, 17.81521],
        [79.76748, 17.81507],
        [79.76685, 17.81451],
        [79.76679, 17.814],
        [79.76658, 17.81387],
        [79.7667, 17.81374],
        [79.76621, 17.81277],
        [79.76603, 17.81225],
        [79.76711, 17.81212],
        [79.76741, 17.81179],
        [79.76776, 17.8114],
        [79.76789, 17.81125],
        [79.7701, 17.80964],
        [79.77199, 17.80836],
        [79.7741, 17.80715],
        [79.77583, 17.80622],
        [79.77727, 17.80558],
        [79.77772, 17.80538],
        [79.77839, 17.80508],
        [79.77949, 17.80489],
        [79.78042, 17.80473],
        [79.7813, 17.80389],
        [79.78143, 17.80378],
        [79.77986, 17.80383],
        [79.78022, 17.80088],
        [79.78047, 17.79858],
        [79.78014, 17.79754],
        [79.77988, 17.79674],
        [79.78075, 17.79369],
        [79.78038, 17.79099],
        [79.7809, 17.78923],
        [79.78087, 17.78871],
        [79.78067, 17.78508],
        [79.78068, 17.78424],
        [79.78068, 17.78336],
        [79.78084, 17.78207],
        [79.78069, 17.78097],
        [79.78047, 17.77927],
        [79.78022, 17.77742],
        [79.77893, 17.77512],
        [79.7789, 17.77475],
        [79.77874, 17.7731],
        [79.77926, 17.77042],
        [79.77977, 17.7686],
        [79.77957, 17.76706],
        [79.77921, 17.7665],
        [79.7789, 17.76603],
        [79.77838, 17.76524],
        [79.77752, 17.76347],
        [79.77739, 17.76322],
        [79.777, 17.76159],
        [79.7765, 17.76132],
        [79.77618, 17.76115],
        [79.77702, 17.76116],
        [79.77729, 17.76116],
        [79.7771, 17.76098],
        [79.77707, 17.7609],
        [79.77704, 17.76085],
        [79.7768, 17.76066],
        [79.77619, 17.76015],
        [79.77574, 17.76004],
        [79.77446, 17.75981],
        [79.77352, 17.7596],
        [79.77288, 17.75946],
        [79.77278, 17.75963],
        [79.7726, 17.75961],
        [79.77065, 17.75956],
        [79.77034, 17.75922],
        [79.76981, 17.75939],
        [79.76864, 17.75927],
        [79.76752, 17.759],
        [79.76748, 17.75898],
        [79.76731, 17.75893],
        [79.76711, 17.75882],
        [79.76675, 17.75855],
        [79.7652, 17.75742],
        [79.76444, 17.75687],
        [79.76442, 17.75668],
        [79.76446, 17.75657],
        [79.76426, 17.75628],
        [79.76401, 17.75606],
        [79.76377, 17.7557],
        [79.76387, 17.75553],
        [79.76389, 17.75526],
        [79.76371, 17.7548],
        [79.76356, 17.75408],
        [79.76338, 17.75313],
        [79.76324, 17.75247],
        [79.76294, 17.75055],
        [79.7628, 17.74981],
        [79.76246, 17.74884],
        [79.7624, 17.74877],
        [79.76183, 17.7468],
        [79.76182, 17.74659],
        [79.76178, 17.74501],
        [79.76156, 17.74404],
        [79.76135, 17.74321],
        [79.76119, 17.74284],
        [79.76066, 17.74171],
        [79.76031, 17.74126],
        [79.76044, 17.74122],
        [79.76045, 17.74109],
        [79.76017, 17.74103],
        [79.75991, 17.74061],
        [79.75944, 17.73981],
        [79.75918, 17.73914],
        [79.75906, 17.73894],
        [79.75837, 17.73755],
        [79.75826, 17.73732],
        [79.75802, 17.73665],
        [79.75814, 17.7364],
        [79.75815, 17.73636],
        [79.75826, 17.73617],
        [79.75913, 17.73492],
        [79.75932, 17.73465],
        [79.7597, 17.73407],
        [79.76074, 17.73269],
        [79.7611, 17.73228],
        [79.76113, 17.73225],
        [79.76103, 17.73211],
        [79.76099, 17.73206],
        [79.76089, 17.73194],
        [79.76045, 17.73137],
        [79.76032, 17.73121],
        [79.76023, 17.73102],
        [79.76021, 17.731],
        [79.76017, 17.73091],
        [79.76009, 17.73076],
        [79.76003, 17.73063],
        [79.75996, 17.73049],
        [79.75989, 17.73037],
        [79.75983, 17.73026],
        [79.75973, 17.73005],
        [79.7596, 17.72981],
        [79.75945, 17.72951],
        [79.75934, 17.72931],
        [79.75929, 17.72923],
        [79.75926, 17.72918],
        [79.7591, 17.72896],
        [79.759, 17.72881],
        [79.75891, 17.72869],
        [79.75884, 17.72859],
        [79.75881, 17.72854],
        [79.75864, 17.72831],
        [79.75841, 17.72809],
        [79.75691, 17.72667],
        [79.75687, 17.72661],
        [79.75601, 17.72534],
        [79.75539, 17.72442],
        [79.75526, 17.72435],
        [79.75444, 17.72389],
        [79.75439, 17.72386],
        [79.75334, 17.72237],
        [79.75319, 17.72206],
        [79.75276, 17.72111],
        [79.75264, 17.72077],
        [79.75263, 17.72075],
        [79.75258, 17.72058],
        [79.75228, 17.71981],
        [79.75224, 17.7197],
        [79.75219, 17.71959],
        [79.75194, 17.71886],
        [79.75165, 17.718],
        [79.75155, 17.71773],
        [79.75108, 17.71636],
        [79.75091, 17.71585],
        [79.75082, 17.71577],
        [79.75075, 17.71571],
        [79.74994, 17.71499],
        [79.74964, 17.7146],
        [79.7496, 17.71457],
        [79.74855, 17.71366],
        [79.74838, 17.71354],
        [79.74746, 17.71293],
        [79.74747, 17.71291],
        [79.74779, 17.71213],
        [79.748, 17.71163],
        [79.74805, 17.71151],
        [79.74835, 17.7108],
        [79.74862, 17.71043],
        [79.74935, 17.70966],
        [79.74968, 17.70924],
        [79.7496, 17.7088],
        [79.7494, 17.70772],
        [79.74936, 17.70705],
        [79.74932, 17.70622],
        [79.74932, 17.70612],
        [79.74939, 17.70517],
        [79.74942, 17.70449],
        [79.74945, 17.70391],
        [79.74947, 17.70345],
        [79.75024, 17.70365],
        [79.75173, 17.70408],
        [79.75174, 17.70408],
        [79.75295, 17.70474],
        [79.75397, 17.70543],
        [79.75406, 17.70546],
        [79.75596, 17.70596],
        [79.75695, 17.70619],
        [79.7582, 17.7062],
        [79.75908, 17.706],
        [79.75972, 17.70584],
        [79.75992, 17.70576],
        [79.76296, 17.70454],
        [79.76301, 17.70453],
        [79.76409, 17.70437],
        [79.76527, 17.70424],
        [79.76523, 17.70419],
        [79.76516, 17.70409],
        [79.76513, 17.70405],
        [79.76518, 17.70359],
        [79.76543, 17.70199],
        [79.76544, 17.70196],
        [79.76585, 17.70132],
        [79.76624, 17.70071],
        [79.76684, 17.69978],
        [79.76692, 17.69965],
        [79.76701, 17.6995],
        [79.76789, 17.69819],
        [79.76786, 17.69818],
        [79.76782, 17.69817],
        [79.76684, 17.69791],
        [79.76639, 17.69759],
        [79.76506, 17.69662],
        [79.76486, 17.69648],
        [79.76352, 17.69551],
        [79.76332, 17.69536],
        [79.76217, 17.69453],
        [79.76129, 17.6939],
        [79.75908, 17.69229],
        [79.75798, 17.6915],
        [79.75749, 17.69114],
        [79.75531, 17.68956],
        [79.75489, 17.68926],
        [79.75395, 17.68873],
        [79.7529, 17.68796],
        [79.75283, 17.68763],
        [79.75268, 17.68766],
        [79.75246, 17.68763],
        [79.75012, 17.68739],
        [79.74947, 17.68753],
        [79.74947, 17.68746],
        [79.74885, 17.68758],
        [79.74799, 17.68775],
        [79.74747, 17.68784],
        [79.74699, 17.68793],
        [79.74571, 17.688],
        [79.7457, 17.688],
        [79.74498, 17.68819],
        [79.74492, 17.68818],
        [79.74441, 17.68817],
        [79.74418, 17.68826],
        [79.7435, 17.6884],
        [79.74349, 17.6884],
        [79.74331, 17.68865],
        [79.74272, 17.68868],
        [79.74234, 17.6887],
        [79.7423, 17.6887],
        [79.74035, 17.68906],
        [79.73991, 17.6892],
        [79.73896, 17.68948],
        [79.73869, 17.68956],
        [79.73863, 17.68953],
        [79.73853, 17.68956],
        [79.73834, 17.68962],
        [79.73836, 17.6897],
        [79.73823, 17.68972],
        [79.73816, 17.68969],
        [79.73803, 17.68963],
        [79.73787, 17.68964],
        [79.73762, 17.68964],
        [79.73757, 17.68965],
        [79.73755, 17.68958],
        [79.73751, 17.68962],
        [79.7374, 17.68974],
        [79.73732, 17.68976],
        [79.7372, 17.68979],
        [79.73709, 17.68981],
        [79.73706, 17.68982],
        [79.73693, 17.68981],
        [79.73699, 17.68984],
        [79.73692, 17.68986],
        [79.73662, 17.68988],
        [79.73655, 17.68991],
        [79.73657, 17.68999],
        [79.73641, 17.69006],
        [79.73636, 17.69009],
        [79.73614, 17.69016],
        [79.73613, 17.69042],
        [79.73588, 17.6904],
        [79.73565, 17.6905],
        [79.73564, 17.69051],
        [79.73563, 17.6905],
        [79.73539, 17.69043],
        [79.73454, 17.69058],
        [79.73377, 17.69113],
        [79.73357, 17.69128],
        [79.73334, 17.6914],
        [79.73328, 17.69144],
        [79.73313, 17.69152],
        [79.73169, 17.6923],
        [79.73088, 17.69275],
        [79.73061, 17.69288],
        [79.7297, 17.69339],
        [79.72955, 17.69345],
        [79.72883, 17.69381],
        [79.72869, 17.69386],
        [79.72866, 17.69387],
        [79.7286, 17.6939],
        [79.72807, 17.69417],
        [79.72783, 17.69429],
        [79.72701, 17.69446],
        [79.72696, 17.69448],
        [79.72546, 17.69509],
        [79.72508, 17.69542],
        [79.72468, 17.69577],
        [79.72427, 17.69612],
        [79.72418, 17.6962],
        [79.72405, 17.6963],
        [79.72313, 17.69688],
        [79.72295, 17.697],
        [79.72298, 17.69752],
        [79.723, 17.69775],
        [79.72314, 17.70001],
        [79.72249, 17.69989],
        [79.72108, 17.69964],
        [79.7203, 17.69954],
        [79.71912, 17.69938],
        [79.71764, 17.69879],
        [79.71723, 17.69819],
        [79.71709, 17.69798],
        [79.71695, 17.69778],
        [79.71627, 17.69677],
        [79.71607, 17.6964],
        [79.7161, 17.69549],
        [79.71637, 17.69527],
        [79.7159, 17.69397],
        [79.71494, 17.69135],
        [79.71419, 17.68989],
        [79.71407, 17.68902],
        [79.71431, 17.68799],
        [79.71444, 17.68563],
        [79.71486, 17.68504],
        [79.71431, 17.68471],
        [79.71379, 17.6844],
        [79.71327, 17.68409],
        [79.71279, 17.6838],
        [79.71231, 17.68399],
        [79.71195, 17.68387],
        [79.71081, 17.68349],
        [79.7108, 17.68349],
        [79.71, 17.68324],
        [79.70945, 17.68306],
        [79.70929, 17.68301],
        [79.70844, 17.6834],
        [79.70785, 17.68361],
        [79.70731, 17.6838],
        [79.70722, 17.68391],
        [79.70698, 17.68421],
        [79.70666, 17.68461],
        [79.70632, 17.68456],
        [79.70621, 17.68455],
        [79.70604, 17.68452],
        [79.70587, 17.68394],
        [79.70558, 17.6839],
        [79.70546, 17.68388],
        [79.70514, 17.68412],
        [79.70505, 17.68419],
        [79.7047, 17.68372],
        [79.70445, 17.68338],
        [79.7035, 17.68351],
        [79.7024, 17.68366],
        [79.70226, 17.68368],
        [79.70225, 17.68368],
        [79.70209, 17.6837],
        [79.70128, 17.68335],
        [79.70043, 17.68298],
        [79.70037, 17.68303],
        [79.70016, 17.68318],
        [79.69992, 17.68276],
        [79.69972, 17.68264],
        [79.6986, 17.6832],
        [79.6978, 17.68346],
        [79.69746, 17.68362],
        [79.69625, 17.6842],
        [79.69556, 17.68459],
        [79.69491, 17.68478],
        [79.69397, 17.68505],
        [79.69386, 17.68508],
        [79.69368, 17.68519],
        [79.69293, 17.68565],
        [79.69297, 17.68574],
        [79.69279, 17.68583],
        [79.69215, 17.68615],
        [79.69096, 17.68563],
        [79.69088, 17.68559],
        [79.69083, 17.68564],
        [79.68965, 17.68644],
        [79.68961, 17.68657],
        [79.68961, 17.68659],
        [79.68959, 17.68668],
        [79.68952, 17.68679],
        [79.68946, 17.68688],
        [79.68896, 17.68769],
        [79.68847, 17.6886],
        [79.68838, 17.68877],
        [79.68788, 17.68968],
        [79.6878, 17.68971],
        [79.68615, 17.69033],
        [79.6861, 17.69035],
        [79.68519, 17.69078],
        [79.68482, 17.69085],
        [79.68467, 17.69085],
        [79.68427, 17.69098],
        [79.68336, 17.69128],
        [79.68293, 17.6916],
        [79.68254, 17.69166],
        [79.68249, 17.69166],
        [79.68248, 17.69167],
        [79.68172, 17.69177],
        [79.68147, 17.69183],
        [79.68088, 17.69204],
        [79.68049, 17.69211],
        [79.67996, 17.69219],
        [79.67974, 17.69226],
        [79.67971, 17.69227],
        [79.67964, 17.69228],
        [79.67941, 17.69233],
        [79.6786, 17.69251],
        [79.67817, 17.69259],
        [79.67666, 17.69285],
        [79.67712, 17.69353],
        [79.67721, 17.69367],
        [79.67769, 17.69438],
        [79.67819, 17.69511],
        [79.67793, 17.69639],
        [79.67787, 17.69669],
        [79.67776, 17.69726],
        [79.67796, 17.69747],
        [79.67828, 17.69779],
        [79.67847, 17.69798],
        [79.6785, 17.69811],
        [79.67852, 17.69818],
        [79.67855, 17.69829],
        [79.6788, 17.69996],
        [79.67882, 17.70005],
        [79.67882, 17.70012],
        [79.67887, 17.70023],
        [79.67906, 17.70062],
        [79.67974, 17.70203],
        [79.67977, 17.70213],
        [79.67985, 17.70225],
        [79.68012, 17.70269],
        [79.68055, 17.70339],
        [79.68067, 17.7036],
        [79.68071, 17.70368],
        [79.68113, 17.70443],
        [79.68121, 17.70457],
        [79.68128, 17.70468],
        [79.68132, 17.70482],
        [79.68137, 17.70535],
        [79.68138, 17.70542],
        [79.6814, 17.70548],
        [79.68142, 17.70554],
        [79.68152, 17.70601],
        [79.68158, 17.70628],
        [79.6816, 17.70639],
        [79.68163, 17.7065],
        [79.68165, 17.70657],
        [79.68172, 17.70682],
        [79.68183, 17.70722],
        [79.68209, 17.70782],
        [79.68212, 17.70796],
        [79.68222, 17.70804],
        [79.68258, 17.70841],
        [79.6829, 17.70925],
        [79.68297, 17.70948],
        [79.68304, 17.70969],
        [79.68321, 17.71024],
        [79.68337, 17.71076],
        [79.6834, 17.71086],
        [79.68344, 17.71098],
        [79.68362, 17.71157],
        [79.68393, 17.71254],
        [79.68397, 17.71265],
        [79.68399, 17.71275],
        [79.68436, 17.71354],
        [79.68439, 17.71362],
        [79.68484, 17.71463],
        [79.68501, 17.71499],
        [79.68532, 17.71569],
        [79.68538, 17.7158],
        [79.68544, 17.71588],
        [79.6856, 17.71614],
        [79.68596, 17.71669],
        [79.68615, 17.71766],
        [79.68617, 17.7178],
        [79.68659, 17.718],
        [79.68687, 17.71795],
        [79.6873, 17.71811],
        [79.68729, 17.71816],
        [79.68755, 17.71902],
        [79.6876, 17.71913],
        [79.6877, 17.71933],
        [79.68789, 17.71972],
        [79.68828, 17.72014],
        [79.6884, 17.72027],
        [79.6888, 17.72069],
        [79.68994, 17.72231],
        [79.69013, 17.72264],
        [79.69026, 17.723],
        [79.6904, 17.72316],
        [79.69075, 17.72358],
        [79.69093, 17.72395],
        [79.69068, 17.72424],
        [79.69064, 17.72475],
        [79.69066, 17.72507],
        [79.69119, 17.72518],
        [79.69126, 17.72519],
        [79.69212, 17.7254],
        [79.69223, 17.7257],
        [79.69235, 17.72606],
        [79.69143, 17.72661],
        [79.69145, 17.72694],
        [79.6916, 17.7277],
        [79.69167, 17.72826],
        [79.69286, 17.73038],
        [79.69366, 17.73182],
        [79.69374, 17.73195],
        [79.69391, 17.73225],
        [79.69446, 17.73323],
        [79.69459, 17.73346],
        [79.69505, 17.73426],
        [79.69554, 17.73511],
        [79.69575, 17.73533],
        [79.69637, 17.73601],
        [79.69638, 17.736],
        [79.69682, 17.73585],
        [79.69699, 17.73579],
        [79.69749, 17.73655],
        [79.69762, 17.73671],
        [79.69811, 17.73732],
        [79.69813, 17.73733],
        [79.69824, 17.73743],
        [79.69839, 17.73757],
        [79.70019, 17.73851],
        [79.69861, 17.73885],
        [79.6985, 17.73888],
        [79.69804, 17.73899],
        [79.69758, 17.73909],
        [79.69666, 17.73931],
        [79.69643, 17.73936],
        [79.69543, 17.73978],
        [79.69482, 17.74003],
        [79.69465, 17.7401],
        [79.69317, 17.74025],
        [79.6931, 17.74026],
        [79.69205, 17.74118],
        [79.69037, 17.7427],
        [79.68951, 17.74344],
        [79.68901, 17.74387],
        [79.68828, 17.74511],
        [79.68814, 17.74535],
        [79.68801, 17.74552],
        [79.68733, 17.74662],
        [79.68724, 17.74675],
        [79.68698, 17.74717],
        [79.68651, 17.74753],
        [79.6862, 17.74777],
        [79.68603, 17.74789],
        [79.68594, 17.74797],
        [79.68532, 17.74844],
        [79.68428, 17.7492],
        [79.68386, 17.74951],
        [79.68379, 17.74956],
        [79.68304, 17.74986],
        [79.68268, 17.75004],
        [79.68254, 17.75018],
        [79.68221, 17.75053],
        [79.68207, 17.75094],
        [79.68188, 17.75122],
        [79.68177, 17.75138],
        [79.68176, 17.75154],
        [79.68176, 17.75158],
        [79.68175, 17.75174],
        [79.68167, 17.752],
        [79.68164, 17.75211],
        [79.68155, 17.7524],
        [79.68145, 17.75273],
        [79.68144, 17.75273],
        [79.68139, 17.75273],
        [79.68125, 17.75274],
        [79.68119, 17.75275],
        [79.68118, 17.75296],
        [79.68118, 17.75301],
        [79.68096, 17.75371],
        [79.68091, 17.75377],
        [79.6808, 17.75391],
        [79.68045, 17.75367],
        [79.68044, 17.75367],
        [79.68029, 17.75377],
        [79.67963, 17.75421],
        [79.67811, 17.75522],
        [79.67804, 17.75531],
        [79.67752, 17.75595],
        [79.67742, 17.75606],
        [79.6772, 17.75665],
        [79.67714, 17.75681],
        [79.67708, 17.75699],
        [79.677, 17.75719],
        [79.67646, 17.75743],
        [79.6762, 17.75755],
        [79.67469, 17.75753],
        [79.67454, 17.75752],
        [79.67433, 17.75755],
        [79.67311, 17.7577],
        [79.67296, 17.75774],
        [79.67115, 17.75812],
        [79.67114, 17.75812],
        [79.66928, 17.7585],
        [79.6691, 17.75851],
        [79.66879, 17.75852],
        [79.66719, 17.75932],
        [79.66713, 17.75935],
        [79.66668, 17.75963],
        [79.66472, 17.76082],
        [79.66456, 17.76084],
        [79.66406, 17.76093],
        [79.66384, 17.76096],
        [79.66374, 17.76098],
        [79.66242, 17.76143],
        [79.66224, 17.76087],
        [79.66214, 17.76056],
        [79.66201, 17.76032],
        [79.66032, 17.76121],
        [79.65881, 17.76201],
        [79.65824, 17.76231],
        [79.65741, 17.76274],
        [79.65684, 17.76304],
        [79.65653, 17.76207],
        [79.65632, 17.76211],
        [79.65615, 17.76226],
        [79.65575, 17.76236],
        [79.65536, 17.76229],
        [79.6553, 17.7624],
        [79.65511, 17.7623],
        [79.65501, 17.76234],
        [79.65482, 17.76242],
        [79.65459, 17.76241],
        [79.65367, 17.76215],
        [79.6536, 17.76213],
        [79.65348, 17.76209],
        [79.65319, 17.76208],
        [79.65298, 17.76194],
        [79.65286, 17.76173],
        [79.65276, 17.76155],
        [79.65244, 17.76146],
        [79.65133, 17.76128],
        [79.65129, 17.76128],
        [79.65036, 17.76119],
        [79.65042, 17.76047],
        [79.65001, 17.76032],
        [79.64932, 17.76058],
        [79.6487, 17.76044],
        [79.64817, 17.76027],
        [79.64728, 17.76002],
        [79.6462, 17.76005],
        [79.64596, 17.7587],
        [79.64593, 17.75854],
        [79.64584, 17.75821],
        [79.64564, 17.75764],
        [79.64556, 17.75752],
        [79.64524, 17.75704],
        [79.64524, 17.75677],
        [79.64503, 17.7568],
        [79.64499, 17.7565],
        [79.64489, 17.75572],
        [79.64478, 17.75489],
        [79.64455, 17.75489],
        [79.64434, 17.75472],
        [79.64389, 17.75435],
        [79.64303, 17.75367],
        [79.64201, 17.75214],
        [79.64192, 17.75201],
        [79.64133, 17.75117],
        [79.64109, 17.75068],
        [79.6409, 17.75052],
        [79.64079, 17.75029],
        [79.64051, 17.74985],
        [79.64021, 17.74957],
        [79.63993, 17.74931],
        [79.63972, 17.74899],
        [79.63943, 17.74855],
        [79.63931, 17.74841],
        [79.63957, 17.74831],
        [79.64009, 17.74781],
        [79.64069, 17.74722],
        [79.64083, 17.7471],
        [79.64096, 17.74665],
        [79.64102, 17.74639],
        [79.64106, 17.74618],
        [79.64137, 17.7463],
        [79.64145, 17.74492],
        [79.64156, 17.74436],
        [79.64154, 17.74359],
        [79.64155, 17.74357],
        [79.6417, 17.74324],
        [79.64194, 17.74268],
        [79.642, 17.74179],
        [79.64208, 17.74177],
        [79.64261, 17.74171],
        [79.64274, 17.7413],
        [79.64286, 17.7411],
        [79.643, 17.74084],
        [79.643, 17.74053],
        [79.64314, 17.74047],
        [79.64317, 17.73957],
        [79.64313, 17.73876],
        [79.64322, 17.73854],
        [79.64332, 17.7383],
        [79.64348, 17.73815],
        [79.64379, 17.73774],
        [79.64381, 17.73753],
        [79.6438, 17.73685],
        [79.64386, 17.73602],
        [79.6438, 17.7358],
        [79.64411, 17.73575],
        [79.64407, 17.73545],
        [79.64399, 17.73484],
        [79.6439, 17.73429],
        [79.64387, 17.73412],
        [79.64359, 17.7322],
        [79.64356, 17.73203],
        [79.64356, 17.73202],
        [79.64353, 17.7319],
        [79.6435, 17.73164],
        [79.64348, 17.73154],
        [79.6435, 17.73079],
        [79.6435, 17.73044],
        [79.64351, 17.72982],
        [79.64403, 17.72895],
        [79.64392, 17.72735],
        [79.64274, 17.7254],
        [79.64271, 17.72536],
        [79.64222, 17.72454],
        [79.64211, 17.72445],
        [79.64178, 17.72426],
        [79.64147, 17.7242],
        [79.64099, 17.72392],
        [79.64073, 17.72377],
        [79.64, 17.72353],
        [79.63996, 17.72352],
        [79.63939, 17.72345],
        [79.63863, 17.72351],
        [79.63826, 17.72369],
        [79.63813, 17.72343],
        [79.63797, 17.72312],
        [79.63783, 17.72304],
        [79.63757, 17.72288],
        [79.63725, 17.72307],
        [79.63691, 17.72325],
        [79.63673, 17.72334],
        [79.63536, 17.72403],
        [79.63397, 17.72449],
        [79.63374, 17.72455],
        [79.6333, 17.72467],
        [79.63289, 17.72477],
        [79.6319, 17.72511],
        [79.63161, 17.72528],
        [79.63099, 17.72477],
        [79.63038, 17.72556],
        [79.63007, 17.72552],
        [79.62985, 17.72526],
        [79.62887, 17.72551],
        [79.62867, 17.72556],
        [79.62846, 17.72562],
        [79.62818, 17.72568],
        [79.62798, 17.72573],
        [79.6276, 17.72581],
        [79.62676, 17.726],
        [79.62645, 17.72607],
        [79.62638, 17.72609],
        [79.62506, 17.72632],
        [79.62445, 17.72625],
        [79.62424, 17.72623],
        [79.62416, 17.72628],
        [79.62343, 17.72678],
        [79.62333, 17.72678],
        [79.62257, 17.72683],
        [79.62251, 17.72674],
        [79.62242, 17.72662],
        [79.62242, 17.72661],
        [79.62238, 17.72663],
        [79.62159, 17.72698],
        [79.62134, 17.72709],
        [79.6213, 17.72711],
        [79.62005, 17.72773],
        [79.61995, 17.72777],
        [79.61794, 17.72853],
        [79.61782, 17.72857],
        [79.61699, 17.72884],
        [79.6169, 17.72889],
        [79.61596, 17.7294],
        [79.6143, 17.73031],
        [79.61427, 17.73032],
        [79.61372, 17.73054],
        [79.61225, 17.73122],
        [79.61182, 17.73142],
        [79.61141, 17.73165],
        [79.61063, 17.73218],
        [79.6104, 17.73233],
        [79.61024, 17.73244],
        [79.6101, 17.73253],
        [79.61, 17.73276],
        [79.60931, 17.73307],
        [79.60821, 17.73357],
        [79.60782, 17.73399],
        [79.60765, 17.73418],
        [79.60757, 17.73426],
        [79.60718, 17.73464],
        [79.60673, 17.73507],
        [79.60668, 17.73464],
        [79.60664, 17.73432],
        [79.60659, 17.73394],
        [79.60656, 17.73387],
        [79.60643, 17.73351],
        [79.60643, 17.73344],
        [79.60644, 17.73312],
        [79.60645, 17.73268],
        [79.60628, 17.73185],
        [79.6062, 17.73133],
        [79.60594, 17.72944],
        [79.60586, 17.72886],
        [79.60575, 17.72889],
        [79.60464, 17.72915],
        [79.60224, 17.72972],
        [79.59949, 17.73041],
        [79.5992, 17.73048],
        [79.59683, 17.73106],
        [79.59576, 17.73133],
        [79.59484, 17.73155],
        [79.59205, 17.73222],
        [79.59106, 17.73251],
        [79.59062, 17.73261],
        [79.58973, 17.73283],
        [79.58941, 17.73291],
        [79.58893, 17.73303],
        [79.58884, 17.73305],
        [79.58789, 17.73327],
        [79.58602, 17.73368],
        [79.58431, 17.73406],
        [79.58412, 17.73412],
        [79.58158, 17.73487],
        [79.58162, 17.73497],
        [79.58264, 17.73645],
        [79.58347, 17.7361],
        [79.58348, 17.73612],
        [79.58486, 17.73895],
        [79.58506, 17.73952],
        [79.58553, 17.7409],
        [79.58624, 17.74297],
        [79.58597, 17.74288],
        [79.58363, 17.74229],
        [79.58354, 17.74226],
        [79.5829, 17.74218],
        [79.58229, 17.74163],
        [79.58148, 17.74089],
        [79.5802, 17.74005],
        [79.57991, 17.73986],
        [79.57797, 17.73811],
        [79.57647, 17.73737],
        [79.5753, 17.73677],
        [79.57282, 17.73575],
        [79.57271, 17.7357],
        [79.57073, 17.73487],
        [79.57016, 17.73465],
        [79.56951, 17.73438],
        [79.56942, 17.73433],
        [79.56791, 17.73351],
        [79.56735, 17.73348],
        [79.56722, 17.73307],
        [79.56555, 17.73195],
        [79.56526, 17.73142],
        [79.56502, 17.73108],
        [79.56162, 17.72923],
        [79.56088, 17.72787],
        [79.55939, 17.72444],
        [79.55869, 17.72284],
        [79.55756, 17.72298],
        [79.55694, 17.72312],
        [79.55641, 17.72331],
        [79.55613, 17.72341],
        [79.55594, 17.7236],
        [79.55551, 17.72374],
        [79.55468, 17.7238],
        [79.55419, 17.72397],
        [79.55301, 17.72415],
        [79.55221, 17.72428],
        [79.55009, 17.72461],
        [79.54836, 17.72492],
        [79.54708, 17.72538],
        [79.54588, 17.72582],
        [79.54202, 17.72707],
        [79.54093, 17.72751],
        [79.53905, 17.72835],
        [79.53891, 17.7284],
        [79.53634, 17.72937],
        [79.5351, 17.72981],
        [79.53462, 17.72993],
        [79.53381, 17.73027],
        [79.53329, 17.72891],
        [79.53329, 17.72889],
        [79.5332, 17.72857],
        [79.53281, 17.72762],
        [79.5326, 17.72719],
        [79.53242, 17.72682],
        [79.53227, 17.72655],
        [79.53223, 17.72648],
        [79.53218, 17.7264],
        [79.53197, 17.72635],
        [79.53157, 17.72548],
        [79.53094, 17.72353],
        [79.53019, 17.72158],
        [79.53005, 17.72097],
        [79.52993, 17.72048],
        [79.52984, 17.7201],
        [79.52945, 17.71905],
        [79.52997, 17.71873],
        [79.53035, 17.71853],
        [79.53053, 17.71843],
        [79.53111, 17.71826],
        [79.53223, 17.71785],
        [79.53234, 17.71782],
        [79.53276, 17.71772],
        [79.53312, 17.71761],
        [79.53327, 17.71756],
        [79.53407, 17.71708],
        [79.53453, 17.71678],
        [79.53517, 17.71637],
        [79.53589, 17.71568],
        [79.53731, 17.71443],
        [79.53816, 17.71383],
        [79.53865, 17.71357],
        [79.53875, 17.71349],
        [79.53886, 17.71347],
        [79.53896, 17.71339],
        [79.53906, 17.71331],
        [79.53899, 17.71321],
        [79.53864, 17.71287],
        [79.53859, 17.71278],
        [79.53844, 17.71261],
        [79.5381, 17.71238],
        [79.53799, 17.71232],
        [79.53791, 17.71221],
        [79.53765, 17.71197],
        [79.53752, 17.71185],
        [79.5374, 17.71176],
        [79.53715, 17.71146],
        [79.5371, 17.71138],
        [79.53703, 17.71131],
        [79.53699, 17.71128],
        [79.53591, 17.71024],
        [79.53579, 17.71014],
        [79.53571, 17.71009],
        [79.53569, 17.71007],
        [79.53561, 17.70999],
        [79.53544, 17.70985],
        [79.53535, 17.70975],
        [79.53513, 17.70949],
        [79.53399, 17.70809],
        [79.53375, 17.7078],
        [79.53367, 17.7077],
        [79.53342, 17.70737],
        [79.53239, 17.706],
        [79.53193, 17.70539],
        [79.53186, 17.7053],
        [79.53112, 17.7043],
        [79.53091, 17.70401],
        [79.53083, 17.70388],
        [79.53078, 17.70377],
        [79.52926, 17.70161],
        [79.52916, 17.70151],
        [79.52909, 17.70139],
        [79.5288, 17.70076],
        [79.52879, 17.70075],
        [79.52871, 17.70063],
        [79.52867, 17.70053],
        [79.52843, 17.69999],
        [79.52837, 17.69989],
        [79.52836, 17.6998],
        [79.5283, 17.69971],
        [79.52793, 17.69902],
        [79.52788, 17.69894],
        [79.52784, 17.69882],
        [79.52764, 17.69837],
        [79.52725, 17.69782],
        [79.52718, 17.6977],
        [79.52708, 17.6976],
        [79.52678, 17.69724],
        [79.52708, 17.69651],
        [79.52752, 17.69547],
        [79.52754, 17.69543],
        [79.52658, 17.69555],
        [79.52301, 17.69695],
        [79.52291, 17.69699],
        [79.52249, 17.69646],
        [79.52239, 17.69653],
        [79.52077, 17.69786],
        [79.51886, 17.69864],
        [79.51839, 17.69883],
        [79.51803, 17.69907],
        [79.51752, 17.69935],
        [79.51739, 17.6994],
        [79.5173, 17.69945],
        [79.51659, 17.69979],
        [79.51636, 17.69989],
        [79.51581, 17.70016],
        [79.51561, 17.70019],
        [79.51501, 17.70027],
        [79.51452, 17.70033],
        [79.51434, 17.70037],
        [79.51435, 17.70051],
        [79.5145, 17.70114],
        [79.51452, 17.70127],
        [79.51441, 17.70133],
        [79.51375, 17.70159],
        [79.51362, 17.70164],
        [79.51385, 17.70216],
        [79.51373, 17.70225],
        [79.51357, 17.70235],
        [79.51314, 17.70264],
        [79.51196, 17.70344],
        [79.51189, 17.70351],
        [79.51188, 17.70351],
        [79.51173, 17.7036],
        [79.51151, 17.70374],
        [79.5105, 17.70445],
        [79.51039, 17.70452],
        [79.51042, 17.70465],
        [79.51044, 17.70469],
        [79.51056, 17.70504],
        [79.51044, 17.70513],
        [79.50991, 17.70553],
        [79.50974, 17.70565],
        [79.50963, 17.7057],
        [79.50955, 17.70578],
        [79.50917, 17.70606],
        [79.50883, 17.70632],
        [79.50873, 17.70642],
        [79.50862, 17.70649],
        [79.50826, 17.70677],
        [79.50816, 17.70683],
        [79.50809, 17.70693],
        [79.50788, 17.70711],
        [79.50777, 17.70722],
        [79.50766, 17.70729],
        [79.50616, 17.70852],
        [79.50504, 17.70966],
        [79.50437, 17.71124],
        [79.50418, 17.71157],
        [79.5041, 17.71171],
        [79.50394, 17.71209],
        [79.50318, 17.71332],
        [79.50335, 17.71372],
        [79.50332, 17.71376],
        [79.50329, 17.7138],
        [79.5032, 17.71391],
        [79.50301, 17.71417],
        [79.50278, 17.71448],
        [79.50249, 17.71485],
        [79.50262, 17.71587],
        [79.50292, 17.7184],
        [79.50296, 17.71894],
        [79.50316, 17.72108],
        [79.5034, 17.72359],
        [79.50342, 17.72381],
        [79.50344, 17.7241],
        [79.50352, 17.72551],
        [79.50315, 17.7264],
        [79.503, 17.72676],
        [79.50276, 17.7273],
        [79.50168, 17.72889],
        [79.49984, 17.73172],
        [79.49946, 17.73222],
        [79.49942, 17.73228],
        [79.4981, 17.73397],
        [79.49801, 17.7341],
        [79.49785, 17.73433],
        [79.4973, 17.73523],
        [79.49703, 17.73557],
        [79.49642, 17.73653],
        [79.49589, 17.73737],
        [79.4958, 17.73754],
        [79.49473, 17.73919],
        [79.49394, 17.74037],
        [79.49387, 17.7404],
        [79.49356, 17.74051],
        [79.49209, 17.74099],
        [79.49155, 17.74113],
        [79.49083, 17.74135],
        [79.4906, 17.74142],
        [79.48986, 17.74167],
        [79.48936, 17.74178],
        [79.48911, 17.74202],
        [79.48878, 17.74226],
        [79.48853, 17.74244],
        [79.48847, 17.74248],
        [79.48762, 17.74306],
        [79.48742, 17.74309],
        [79.48721, 17.74311],
        [79.48698, 17.74311],
        [79.48566, 17.74313],
        [79.48495, 17.74337],
        [79.48458, 17.74349],
        [79.48382, 17.74355],
        [79.48286, 17.74362],
        [79.48216, 17.7437],
        [79.48141, 17.74377],
        [79.47951, 17.74397],
        [79.48067, 17.74518],
        [79.48163, 17.74641],
        [79.48191, 17.74676],
        [79.48227, 17.74724],
        [79.48239, 17.74741],
        [79.48262, 17.74774],
        [79.48278, 17.74797],
        [79.48292, 17.74818],
        [79.48305, 17.74835],
        [79.48306, 17.74838],
        [79.48319, 17.74856],
        [79.48337, 17.74882],
        [79.48341, 17.74888],
        [79.48354, 17.74903],
        [79.48372, 17.74923],
        [79.4839, 17.74945],
        [79.48405, 17.74961],
        [79.48425, 17.74985],
        [79.48431, 17.74992],
        [79.48441, 17.75003],
        [79.48457, 17.75021],
        [79.48477, 17.75044],
        [79.48493, 17.75062],
        [79.48508, 17.7508],
        [79.4851, 17.75082],
        [79.48524, 17.75098],
        [79.48573, 17.75151],
        [79.48665, 17.75251],
        [79.48696, 17.75279],
        [79.48698, 17.75314],
        [79.48698, 17.75321],
        [79.48747, 17.7536],
        [79.4878, 17.75386],
        [79.48864, 17.75448],
        [79.48898, 17.75479],
        [79.48932, 17.7546],
        [79.48941, 17.75475],
        [79.48956, 17.75498],
        [79.48973, 17.7549],
        [79.48977, 17.75488],
        [79.48985, 17.75497],
        [79.48993, 17.75508],
        [79.49, 17.75517],
        [79.49014, 17.75525],
        [79.49039, 17.7554],
        [79.49042, 17.75526],
        [79.49065, 17.75516],
        [79.49067, 17.75505],
        [79.49081, 17.75492],
        [79.49106, 17.75478],
        [79.49126, 17.75477],
        [79.49154, 17.75498],
        [79.49209, 17.75467],
        [79.49278, 17.75429],
        [79.49281, 17.75427],
        [79.49287, 17.75424],
        [79.49291, 17.75422],
        [79.493, 17.75417],
        [79.49415, 17.75357],
        [79.4957, 17.75284],
        [79.49584, 17.75278],
        [79.49595, 17.75291],
        [79.49723, 17.75234],
        [79.49744, 17.75223],
        [79.49752, 17.75207],
        [79.50038, 17.75069],
        [79.50241, 17.74977],
        [79.50427, 17.74882],
        [79.50439, 17.74873],
        [79.50446, 17.74868],
        [79.50485, 17.74853],
        [79.5052, 17.74958],
        [79.50554, 17.75063],
        [79.50591, 17.75375],
        [79.50584, 17.75396],
        [79.50587, 17.75408],
        [79.50591, 17.75423],
        [79.50642, 17.75513],
        [79.50682, 17.75582],
        [79.50694, 17.75603],
        [79.50746, 17.75705],
        [79.50754, 17.75723],
        [79.5082, 17.75829],
        [79.50847, 17.75871],
        [79.50919, 17.75975],
        [79.51071, 17.76204],
        [79.51096, 17.76251],
        [79.51217, 17.76471],
        [79.51279, 17.76581],
        [79.51316, 17.76796],
        [79.51332, 17.76882],
        [79.51346, 17.76957],
        [79.51361, 17.7709],
        [79.51367, 17.77153],
        [79.51407, 17.77246],
        [79.51467, 17.77381],
        [79.51434, 17.77523],
        [79.51413, 17.77612],
        [79.51471, 17.77672],
        [79.5147, 17.77674],
        [79.51467, 17.77691],
        [79.51461, 17.77751],
        [79.51445, 17.77881],
        [79.51444, 17.77898],
        [79.51429, 17.78076],
        [79.51427, 17.78112],
        [79.51426, 17.78132],
        [79.51416, 17.7822],
        [79.51412, 17.78255],
        [79.51412, 17.78256],
        [79.51398, 17.78369],
        [79.51394, 17.78395],
        [79.51416, 17.78429],
        [79.51426, 17.7851],
        [79.51434, 17.78576],
        [79.51426, 17.78659],
        [79.51428, 17.78679],
        [79.5143, 17.787],
        [79.51435, 17.78747],
        [79.51438, 17.78766],
        [79.5144, 17.78789],
        [79.51443, 17.78814],
        [79.51446, 17.78857],
        [79.5145, 17.7892],
        [79.51493, 17.79258],
        [79.51447, 17.79391],
        [79.51397, 17.79767],
        [79.51433, 17.79881],
        [79.51444, 17.80004],
        [79.5142, 17.80082],
        [79.51387, 17.80192],
        [79.51361, 17.80277],
        [79.51366, 17.80362],
        [79.51452, 17.80556],
        [79.51456, 17.80579],
        [79.51471, 17.8065],
        [79.51483, 17.80717],
        [79.51481, 17.80754],
        [79.5148, 17.80837],
        [79.51487, 17.8087],
        [79.51475, 17.81008],
        [79.51468, 17.81087],
        [79.51461, 17.81158],
        [79.51457, 17.81242],
        [79.51446, 17.81334],
        [79.51451, 17.81514],
        [79.51455, 17.8164],
        [79.51459, 17.8181],
        [79.51479, 17.81864],
        [79.51491, 17.81897],
        [79.51496, 17.81909],
        [79.51526, 17.82078],
        [79.51529, 17.82095],
        [79.51547, 17.8213],
        [79.51548, 17.82202],
        [79.51548, 17.82218],
        [79.51527, 17.82351],
        [79.51534, 17.82386],
        [79.51541, 17.82416],
        [79.51548, 17.82443],
        [79.51563, 17.82544],
        [79.51577, 17.8257],
        [79.51657, 17.8273],
        [79.51685, 17.82754],
        [79.51743, 17.82804],
        [79.51859, 17.82847],
        [79.51897, 17.82872],
        [79.51907, 17.82875],
        [79.51994, 17.82903],
        [79.52066, 17.82952],
        [79.52079, 17.8296],
        [79.52083, 17.82963],
        [79.52065, 17.82972],
        [79.52072, 17.82974],
        [79.52186, 17.83076],
        [79.52252, 17.83136],
        [79.5233, 17.83214],
        [79.52381, 17.83247],
        [79.52392, 17.83254],
        [79.5241, 17.83265],
        [79.52445, 17.83288],
        [79.52471, 17.83305],
        [79.52498, 17.83323],
        [79.52509, 17.8333],
        [79.52547, 17.83354],
        [79.52463, 17.8353],
        [79.52459, 17.83622],
        [79.52457, 17.83735],
        [79.5246, 17.83777],
        [79.52464, 17.83828],
        [79.52464, 17.83842],
        [79.52466, 17.83904],
        [79.52466, 17.83929],
        [79.52473, 17.84022],
        [79.52471, 17.84076],
        [79.52471, 17.84093],
        [79.52463, 17.84175],
        [79.52463, 17.84289],
        [79.52469, 17.84313],
        [79.52471, 17.84325],
        [79.52479, 17.84358],
        [79.52506, 17.84439],
        [79.52512, 17.84466],
        [79.52532, 17.84557],
        [79.52494, 17.84638],
        [79.5248, 17.84669],
        [79.52516, 17.84849],
        [79.52516, 17.84851],
        [79.52534, 17.84924],
        [79.52541, 17.84942],
        [79.52545, 17.84952],
        [79.52567, 17.85106],
        [79.52567, 17.85163],
        [79.52507, 17.85294],
        [79.52533, 17.85386],
        [79.52591, 17.85594],
        [79.52538, 17.8563],
        [79.52521, 17.85642],
        [79.52583, 17.85696],
        [79.5263, 17.85799],
        [79.52637, 17.85899],
        [79.52616, 17.8606],
        [79.52658, 17.86101],
        [79.52723, 17.86342],
        [79.52738, 17.86396],
        [79.52755, 17.86465],
        [79.52827, 17.86563],
        [79.52825, 17.86607],
        [79.5283, 17.86638],
        [79.52845, 17.86736],
        [79.52834, 17.86773],
        [79.52858, 17.86833],
        [79.52863, 17.86923],
        [79.52873, 17.87073],
        [79.52902, 17.8734],
        [79.52888, 17.87442],
        [79.52877, 17.87444],
        [79.5287, 17.87448],
        [79.52875, 17.87459],
        [79.52926, 17.87605],
        [79.53009, 17.87812],
        [79.53038, 17.87864],
        [79.53046, 17.8796],
        [79.53044, 17.87977],
        [79.53039, 17.88017],
        [79.53036, 17.88045],
        [79.53036, 17.88055],
        [79.53041, 17.88125],
        [79.53044, 17.88148],
        [79.53045, 17.88152],
        [79.53045, 17.88154],
        [79.53039, 17.88194],
        [79.53031, 17.88253],
        [79.53029, 17.88264],
        [79.53029, 17.883],
        [79.53062, 17.8834],
        [79.53061, 17.88385],
        [79.53027, 17.88443],
        [79.52946, 17.88577],
        [79.52943, 17.88583],
        [79.52925, 17.88612],
        [79.52923, 17.88636],
        [79.52918, 17.88679],
        [79.52847, 17.88651],
        [79.52809, 17.88635],
        [79.52739, 17.8867],
        [79.52712, 17.88667],
        [79.52678, 17.88664],
        [79.52629, 17.88629],
        [79.52543, 17.88613],
        [79.52516, 17.88619],
        [79.52494, 17.88624],
        [79.52452, 17.88633],
        [79.52376, 17.8865],
        [79.52355, 17.88657],
        [79.52291, 17.88678],
        [79.52274, 17.88683],
        [79.52249, 17.88729],
        [79.52089, 17.88891],
        [79.52036, 17.89037],
        [79.51905, 17.89092],
        [79.51892, 17.89101],
        [79.51791, 17.89174],
        [79.51779, 17.89183],
        [79.51774, 17.89186],
        [79.51618, 17.89277],
        [79.51599, 17.89288],
        [79.5151, 17.89322],
        [79.51444, 17.89352],
        [79.51431, 17.89388],
        [79.51426, 17.89403],
        [79.51311, 17.89457],
        [79.51277, 17.89488],
        [79.51263, 17.89498],
        [79.51252, 17.89506],
        [79.51245, 17.89511],
        [79.51138, 17.89575],
        [79.51105, 17.89605],
        [79.51093, 17.89615],
        [79.51074, 17.89638],
        [79.51033, 17.89677],
        [79.51026, 17.89684],
        [79.50963, 17.89725],
        [79.50953, 17.89731],
        [79.50937, 17.89738],
        [79.50935, 17.89738],
        [79.50906, 17.89751],
        [79.50902, 17.89753],
        [79.50804, 17.89798],
        [79.50777, 17.89803],
        [79.50766, 17.89805],
        [79.50753, 17.89808],
        [79.50728, 17.89813],
        [79.50659, 17.89827],
        [79.50443, 17.89749],
        [79.50428, 17.89744],
        [79.50393, 17.89731],
        [79.50345, 17.89714],
        [79.50326, 17.89712],
        [79.50299, 17.8971],
        [79.50285, 17.89708],
        [79.50274, 17.89707],
        [79.50266, 17.89707],
        [79.50255, 17.89706],
        [79.50231, 17.89703],
        [79.50168, 17.89723],
        [79.5005, 17.89758],
        [79.50047, 17.89759],
        [79.50035, 17.89763],
        [79.50023, 17.89765],
        [79.4994, 17.89782],
        [79.49857, 17.89799],
        [79.49836, 17.89803],
        [79.49778, 17.89814],
        [79.49765, 17.8982],
        [79.49621, 17.89887],
        [79.49612, 17.89892],
        [79.49608, 17.89891],
        [79.496, 17.8989],
        [79.49582, 17.89886],
        [79.49563, 17.899],
        [79.49513, 17.89937],
        [79.4947, 17.90007],
        [79.49426, 17.90032],
        [79.49423, 17.90047],
        [79.49422, 17.9005],
        [79.49421, 17.90057],
        [79.4941, 17.90129],
        [79.49411, 17.9015],
        [79.49423, 17.90287],
        [79.49423, 17.90303],
        [79.49423, 17.90325],
        [79.49424, 17.90328],
        [79.49426, 17.90339],
        [79.49428, 17.9035],
        [79.49431, 17.90361],
        [79.4944, 17.90414],
        [79.49436, 17.90428],
        [79.49432, 17.90451],
        [79.49432, 17.90464],
        [79.49429, 17.90474],
        [79.49407, 17.90468],
        [79.49398, 17.90465],
        [79.494, 17.90479],
        [79.49402, 17.90492],
        [79.4939, 17.90491],
        [79.49377, 17.90552],
        [79.49374, 17.90563],
        [79.4937, 17.9058],
        [79.49364, 17.90594],
        [79.49356, 17.90616],
        [79.49352, 17.90625],
        [79.49349, 17.90636],
        [79.4935, 17.90656],
        [79.49355, 17.90697],
        [79.49359, 17.90709],
        [79.49356, 17.90722],
        [79.49351, 17.90737],
        [79.49312, 17.90784],
        [79.49302, 17.90823],
        [79.49298, 17.9084],
        [79.493, 17.9086],
        [79.49282, 17.90886],
        [79.49267, 17.90906],
        [79.49264, 17.90917],
        [79.49263, 17.90927],
        [79.49264, 17.90928],
        [79.49269, 17.90934],
        [79.49276, 17.90942],
        [79.49275, 17.90962],
        [79.49274, 17.90971],
        [79.49274, 17.90972],
        [79.49273, 17.90973],
        [79.49264, 17.90986],
        [79.49263, 17.90987],
        [79.4924, 17.9101],
        [79.49239, 17.91011],
        [79.4924, 17.9102],
        [79.49241, 17.91044],
        [79.49241, 17.91054],
        [79.49228, 17.91075],
        [79.49226, 17.91078],
        [79.49219, 17.91085],
        [79.49188, 17.91102],
        [79.4918, 17.91105],
        [79.49162, 17.91109],
        [79.49161, 17.91109],
        [79.49151, 17.91115],
        [79.49142, 17.91129],
        [79.49137, 17.91135],
        [79.49135, 17.91137],
        [79.49131, 17.91141],
        [79.49118, 17.9115],
        [79.49102, 17.91162],
        [79.49096, 17.91166],
        [79.49082, 17.9119],
        [79.49051, 17.91219],
        [79.49023, 17.9124],
        [79.49019, 17.91243],
        [79.49023, 17.91259],
        [79.49023, 17.91261],
        [79.49024, 17.91266],
        [79.49026, 17.91272],
        [79.49017, 17.91276],
        [79.49012, 17.91278],
        [79.49012, 17.91284],
        [79.49012, 17.91293],
        [79.48995, 17.91328],
        [79.48979, 17.91373],
        [79.48967, 17.91387],
        [79.48959, 17.91396],
        [79.48943, 17.91415],
        [79.48943, 17.91416],
        [79.48946, 17.91434],
        [79.48953, 17.91496],
        [79.48955, 17.91506],
        [79.48958, 17.91525],
        [79.48948, 17.91536],
        [79.48943, 17.91542],
        [79.48942, 17.91543],
        [79.48935, 17.91558],
        [79.48924, 17.91571],
        [79.48905, 17.91609],
        [79.48901, 17.91611],
        [79.4889, 17.91616],
        [79.48879, 17.91621],
        [79.48872, 17.91624],
        [79.4887, 17.91625],
        [79.48821, 17.9168],
        [79.48785, 17.91722],
        [79.48775, 17.91732],
        [79.48746, 17.91754],
        [79.48665, 17.91814],
        [79.48652, 17.91828],
        [79.48542, 17.91761],
        [79.48483, 17.91725],
        [79.48438, 17.91712],
        [79.48427, 17.91708],
        [79.48279, 17.91626],
        [79.48248, 17.91603],
        [79.48102, 17.91504],
        [79.48095, 17.91489],
        [79.48079, 17.91457],
        [79.47979, 17.91434],
        [79.47938, 17.91455],
        [79.47868, 17.91491],
        [79.47861, 17.91492],
        [79.47846, 17.91495],
        [79.47826, 17.91499],
        [79.47815, 17.91502],
        [79.47652, 17.91535],
        [79.47647, 17.91536],
        [79.47551, 17.91591],
        [79.47461, 17.91641],
        [79.47442, 17.91648],
        [79.47309, 17.91698],
        [79.47266, 17.91698],
        [79.47258, 17.91698],
        [79.4726, 17.91701],
        [79.47356, 17.91854],
        [79.47402, 17.9192],
        [79.47281, 17.9197],
        [79.47245, 17.91985],
        [79.47197, 17.92004],
        [79.472, 17.92032],
        [79.47202, 17.92049],
        [79.47205, 17.92075],
        [79.4722, 17.92212],
        [79.47224, 17.92252],
        [79.47226, 17.92265],
        [79.47231, 17.92304],
        [79.47233, 17.92317],
        [79.47251, 17.92488],
        [79.47296, 17.92555],
        [79.47288, 17.9263],
        [79.47284, 17.92836],
        [79.47284, 17.92868],
        [79.47289, 17.92921],
        [79.47292, 17.92949],
        [79.473, 17.93032],
        [79.47318, 17.93145],
        [79.47321, 17.93167],
        [79.47263, 17.93365],
        [79.47185, 17.93605],
        [79.47173, 17.93603],
        [79.47153, 17.93599],
        [79.47142, 17.93649],
        [79.47135, 17.93663],
        [79.47104, 17.9373],
        [79.47073, 17.93795],
        [79.46993, 17.93965],
        [79.46991, 17.9397],
        [79.46923, 17.93957],
        [79.4691, 17.93955],
        [79.46866, 17.9399],
        [79.46801, 17.94042],
        [79.46745, 17.94093],
        [79.46707, 17.94111],
        [79.4669, 17.94119],
        [79.46673, 17.94127],
        [79.46661, 17.94134],
        [79.46659, 17.94136],
        [79.46634, 17.94155],
        [79.46625, 17.94143],
        [79.46624, 17.94143],
        [79.46585, 17.94161],
        [79.46515, 17.94212],
        [79.46506, 17.94227],
        [79.46484, 17.94262],
        [79.4647, 17.94265],
        [79.46425, 17.94274],
        [79.46408, 17.94281],
        [79.46289, 17.94326],
        [79.46257, 17.9441],
        [79.46259, 17.94414],
        [79.46274, 17.94442],
        [79.46294, 17.94478],
        [79.46294, 17.94479],
        [79.4627, 17.94553],
        [79.46291, 17.94542],
        [79.46295, 17.9454],
        [79.46297, 17.94542],
        [79.46313, 17.94562],
        [79.4636, 17.94623],
        [79.46316, 17.94721],
        [79.46315, 17.94724],
        [79.46244, 17.94905],
        [79.46233, 17.94932],
        [79.4623, 17.9494],
        [79.46112, 17.94995],
        [79.46081, 17.9501],
        [79.46069, 17.95015],
        [79.46, 17.95037],
        [79.45997, 17.95041],
        [79.45965, 17.95049],
        [79.45946, 17.95056],
        [79.45913, 17.95066],
        [79.4583, 17.95092],
        [79.45799, 17.95101],
        [79.45702, 17.9513],
        [79.45688, 17.95134],
        [79.45669, 17.9514],
        [79.4563, 17.9515],
        [79.45574, 17.95134],
        [79.45498, 17.95118],
        [79.45495, 17.95118],
        [79.45472, 17.95113],
        [79.45442, 17.9512],
        [79.45415, 17.95126],
        [79.45351, 17.9514],
        [79.45348, 17.95141],
        [79.45201, 17.95179],
        [79.45189, 17.9518],
        [79.45131, 17.95184],
        [79.45056, 17.95189],
        [79.45012, 17.95192],
        [79.44829, 17.95215],
        [79.44825, 17.95215],
        [79.44804, 17.95218],
        [79.44717, 17.95228],
        [79.44547, 17.95218],
        [79.44485, 17.95205],
        [79.44334, 17.95171],
        [79.44218, 17.95159],
        [79.44173, 17.95155],
        [79.43989, 17.95136],
        [79.43982, 17.95201],
        [79.43974, 17.9528],
        [79.43961, 17.95398],
        [79.43996, 17.95605],
        [79.44017, 17.95726],
        [79.44033, 17.95759],
        [79.4407, 17.95838],
        [79.44102, 17.9594],
        [79.44105, 17.95949],
        [79.44126, 17.96016],
        [79.44144, 17.96075],
        [79.44219, 17.96161],
        [79.44256, 17.96205],
        [79.44265, 17.96217],
        [79.44288, 17.96247],
        [79.44388, 17.96382],
        [79.44396, 17.96394],
        [79.44446, 17.96452],
        [79.44532, 17.96523],
        [79.44593, 17.96573],
        [79.44632, 17.96618],
        [79.44642, 17.96668],
        [79.44685, 17.96734],
        [79.44712, 17.96773],
        [79.44725, 17.96797],
        [79.44749, 17.9684],
        [79.44785, 17.96905],
        [79.44844, 17.97001],
        [79.44853, 17.97016],
        [79.44876, 17.97031],
        [79.44913, 17.97121],
        [79.44924, 17.97147],
        [79.44959, 17.9723],
        [79.44978, 17.97312],
        [79.44979, 17.97316],
        [79.44982, 17.97327],
        [79.44986, 17.97346],
        [79.45001, 17.97358],
        [79.4503, 17.97374],
        [79.45107, 17.97479],
        [79.45113, 17.97485],
        [79.45128, 17.97503],
        [79.45156, 17.97534],
        [79.45155, 17.97553],
        [79.45156, 17.97556],
        [79.4516, 17.9757],
        [79.45167, 17.97596],
        [79.45186, 17.97625],
        [79.4522, 17.9766],
        [79.45296, 17.97739],
        [79.45297, 17.9774],
        [79.45298, 17.97741],
        [79.4531, 17.97764],
        [79.45348, 17.97814],
        [79.45381, 17.97853],
        [79.45431, 17.97912],
        [79.45488, 17.98001],
        [79.45494, 17.9801],
        [79.4551, 17.98034],
        [79.45527, 17.98061],
        [79.45538, 17.98061],
        [79.45559, 17.98061],
        [79.45593, 17.98061],
        [79.45597, 17.98085],
        [79.45616, 17.98198],
        [79.45608, 17.982],
        [79.45565, 17.98211],
        [79.45591, 17.98296],
        [79.45598, 17.98318],
        [79.45611, 17.98329],
        [79.45617, 17.98344],
        [79.45626, 17.98368],
        [79.4565, 17.98364],
        [79.45687, 17.98357],
        [79.45689, 17.98421],
        [79.45668, 17.98449],
        [79.45647, 17.98477],
        [79.45655, 17.98539],
        [79.45674, 17.98679],
        [79.4571, 17.98754],
        [79.45734, 17.98804],
        [79.45759, 17.98855],
        [79.45796, 17.98932],
        [79.45844, 17.99032],
        [79.45836, 17.99077],
        [79.45849, 17.99104],
        [79.45869, 17.99147],
        [79.45891, 17.99149],
        [79.4591, 17.99177],
        [79.45903, 17.9921],
        [79.45901, 17.99246],
        [79.45887, 17.99289],
        [79.45896, 17.99312],
        [79.4594, 17.99566],
        [79.45956, 17.99721],
        [79.45962, 17.99736],
        [79.4597, 17.99754],
        [79.45981, 17.9978],
        [79.46, 17.99826],
        [79.46015, 17.99851],
        [79.46012, 17.999],
        [79.46007, 17.99931],
        [79.45999, 17.99966],
        [79.45989, 18.00009],
        [79.46005, 18.0005],
        [79.46034, 18.00124],
        [79.46, 18.00225],
        [79.46024, 18.00307],
        [79.46027, 18.00321],
        [79.46033, 18.00356],
        [79.4604, 18.00389],
        [79.46055, 18.00472],
        [79.46059, 18.00495],
        [79.46086, 18.00581],
        [79.46089, 18.00589],
        [79.46105, 18.00696],
        [79.46147, 18.00849],
        [79.46162, 18.00901],
        [79.46162, 18.0091],
        [79.46163, 18.00914],
        [79.46166, 18.00949],
        [79.4617, 18.00994],
        [79.46281, 18.00964],
        [79.4629, 18.00968],
        [79.46302, 18.00972],
        [79.46459, 18.0103],
        [79.46537, 18.01017],
        [79.46571, 18.01013],
        [79.4674, 18.0099],
        [79.4678, 18.00982],
        [79.4695, 18.00944],
        [79.46965, 18.00939],
        [79.46982, 18.00932],
        [79.47088, 18.0089],
        [79.47121, 18.00878],
        [79.47127, 18.00875],
        [79.47214, 18.00839],
        [79.47297, 18.00803],
        [79.47316, 18.00794],
        [79.4737, 18.00771],
        [79.47389, 18.00769],
        [79.47478, 18.00762],
        [79.47492, 18.00717],
        [79.4753, 18.00727],
        [79.47556, 18.00715],
        [79.47631, 18.00678],
        [79.47819, 18.00622],
        [79.47841, 18.00613],
        [79.47948, 18.00566],
        [79.48001, 18.00556],
        [79.48067, 18.00557],
        [79.48071, 18.00557],
        [79.48079, 18.00557],
        [79.48297, 18.0056],
        [79.48315, 18.00561],
        [79.48428, 18.00564],
        [79.48428, 18.00565],
        [79.48464, 18.00603],
        [79.48497, 18.00609],
        [79.48592, 18.00627],
        [79.48621, 18.00632],
        [79.48767, 18.00656],
        [79.4877, 18.00656],
        [79.48796, 18.00647],
        [79.48973, 18.00584],
        [79.48984, 18.00582],
        [79.48994, 18.00583],
        [79.49001, 18.00583],
        [79.49123, 18.00587],
        [79.49177, 18.00585],
        [79.49228, 18.00582],
        [79.49244, 18.00582],
        [79.49256, 18.00577],
        [79.49268, 18.00575],
        [79.49299, 18.00582],
        [79.49314, 18.00571],
        [79.49325, 18.00564],
        [79.49342, 18.00553],
        [79.49344, 18.00579],
        [79.49345, 18.00596],
        [79.49348, 18.00609],
        [79.49363, 18.00685],
        [79.49365, 18.00693],
        [79.49371, 18.00736],
        [79.49377, 18.0077],
        [79.4938, 18.00795],
        [79.49391, 18.00869],
        [79.49402, 18.0094],
        [79.49413, 18.01014],
        [79.49416, 18.01031],
        [79.49456, 18.01196],
        [79.49461, 18.01214],
        [79.49477, 18.01281],
        [79.4951, 18.01416],
        [79.49513, 18.01426],
        [79.49548, 18.01548],
        [79.49562, 18.01628],
        [79.49568, 18.01638],
        [79.49623, 18.01737],
        [79.49609, 18.01823],
        [79.49605, 18.01837],
        [79.49584, 18.01904],
        [79.49576, 18.01929],
        [79.49573, 18.01938],
        [79.49561, 18.01997],
        [79.4956, 18.02008],
        [79.4954, 18.0203],
        [79.49534, 18.02037],
        [79.49498, 18.02078],
        [79.49478, 18.021],
        [79.49407, 18.02178],
        [79.49372, 18.0222],
        [79.49365, 18.02228],
        [79.49232, 18.02373],
        [79.49217, 18.0239],
        [79.49185, 18.02425],
        [79.49152, 18.02462],
        [79.48995, 18.02591],
        [79.48991, 18.02594],
        [79.48938, 18.02635],
        [79.48922, 18.02648],
        [79.48907, 18.0266],
        [79.48904, 18.02662],
        [79.48881, 18.0268],
        [79.48877, 18.02684],
        [79.4887, 18.02689],
        [79.48864, 18.02694],
        [79.48853, 18.02706],
        [79.48824, 18.0274],
        [79.48818, 18.02746],
        [79.48791, 18.02772],
        [79.48786, 18.02777],
        [79.4877, 18.02798],
        [79.48746, 18.02836],
        [79.48745, 18.0284],
        [79.48742, 18.0285],
        [79.4873, 18.02889],
        [79.487, 18.02933],
        [79.48677, 18.02965],
        [79.48671, 18.02975],
        [79.48634, 18.03032],
        [79.48615, 18.03051],
        [79.48603, 18.03083],
        [79.48588, 18.0311],
        [79.48583, 18.03152],
        [79.48581, 18.03172],
        [79.48578, 18.03194],
        [79.48572, 18.03233],
        [79.4856, 18.03254],
        [79.48478, 18.03401],
        [79.48476, 18.03405],
        [79.48399, 18.03506],
        [79.48366, 18.03542],
        [79.48358, 18.0355],
        [79.48262, 18.03638],
        [79.48228, 18.0367],
        [79.48258, 18.03746],
        [79.48269, 18.03774],
        [79.4827, 18.03778],
        [79.48272, 18.03782],
        [79.48277, 18.03796],
        [79.48295, 18.0384],
        [79.48312, 18.03881],
        [79.48322, 18.03905],
        [79.48394, 18.04009],
        [79.48399, 18.04017],
        [79.48421, 18.04049],
        [79.48367, 18.0407],
        [79.48206, 18.04134],
        [79.48189, 18.04141],
        [79.48109, 18.04178],
        [79.4806, 18.04212],
        [79.48023, 18.04214],
        [79.47979, 18.04217],
        [79.478, 18.04255],
        [79.47623, 18.04293],
        [79.47611, 18.04292],
        [79.4755, 18.04204],
        [79.47543, 18.04191],
        [79.47527, 18.04162],
        [79.47523, 18.04155],
        [79.47518, 18.04146],
        [79.47503, 18.04139],
        [79.47366, 18.04079],
        [79.47308, 18.04053],
        [79.47196, 18.04054],
        [79.47195, 18.04053],
        [79.47134, 18.03997],
        [79.47072, 18.0394],
        [79.46943, 18.03796],
        [79.46937, 18.03789],
        [79.46933, 18.03786],
        [79.46738, 18.03635],
        [79.46694, 18.03535],
        [79.46631, 18.03455],
        [79.46623, 18.03446],
        [79.46595, 18.03381],
        [79.46589, 18.03365],
        [79.46536, 18.03339],
        [79.46437, 18.03261],
        [79.46414, 18.03243],
        [79.46379, 18.03199],
        [79.46318, 18.03123],
        [79.46318, 18.03122],
        [79.46282, 18.03062],
        [79.46248, 18.03006],
        [79.46173, 18.02881],
        [79.46132, 18.02846],
        [79.46021, 18.02752],
        [79.46021, 18.0275],
        [79.46019, 18.02628],
        [79.46019, 18.02623],
        [79.45974, 18.02528],
        [79.45985, 18.02479],
        [79.45952, 18.0249],
        [79.45948, 18.02492],
        [79.45947, 18.02489],
        [79.45942, 18.02475],
        [79.45871, 18.02541],
        [79.45868, 18.02544],
        [79.45852, 18.02559],
        [79.45846, 18.02565],
        [79.45827, 18.02583],
        [79.45787, 18.02622],
        [79.45686, 18.02719],
        [79.45589, 18.02812],
        [79.4557, 18.02824],
        [79.45533, 18.02848],
        [79.45511, 18.02862],
        [79.455, 18.02869],
        [79.45487, 18.02877],
        [79.45444, 18.02907],
        [79.45439, 18.02911],
        [79.45428, 18.02919],
        [79.45332, 18.02992],
        [79.45321, 18.02998],
        [79.45234, 18.0304],
        [79.45202, 18.03056],
        [79.45131, 18.0309],
        [79.45053, 18.03129],
        [79.45016, 18.03149],
        [79.44955, 18.03183],
        [79.44937, 18.03194],
        [79.44931, 18.03197],
        [79.44928, 18.03199],
        [79.4491, 18.0321],
        [79.44881, 18.03217],
        [79.44877, 18.03218],
        [79.44851, 18.03225],
        [79.44778, 18.03243],
        [79.44749, 18.03251],
        [79.4468, 18.03258],
        [79.44653, 18.03262],
        [79.44605, 18.03275],
        [79.44523, 18.03293],
        [79.44517, 18.03295],
        [79.44514, 18.03295],
        [79.44474, 18.03303],
        [79.44463, 18.03305],
        [79.44396, 18.03319],
        [79.44376, 18.03323],
        [79.44303, 18.03319],
        [79.44239, 18.03345],
        [79.44179, 18.03355],
        [79.44064, 18.03366],
        [79.44067, 18.03384],
        [79.44034, 18.03393],
        [79.4399, 18.03407],
        [79.43982, 18.03416],
        [79.43963, 18.03438],
        [79.43956, 18.03448],
        [79.43939, 18.03475],
        [79.43925, 18.03486],
        [79.43922, 18.03487],
        [79.43894, 18.03494],
        [79.43776, 18.03523],
        [79.43775, 18.0352],
        [79.43751, 18.03531],
        [79.43694, 18.03557],
        [79.43664, 18.0357],
        [79.43609, 18.03603],
        [79.43562, 18.03631],
        [79.43541, 18.03644],
        [79.43539, 18.03645],
        [79.43497, 18.03677],
        [79.43471, 18.03697],
        [79.43419, 18.03729],
        [79.43363, 18.03764],
        [79.43359, 18.03766],
        [79.43331, 18.03785],
        [79.4331, 18.03797],
        [79.43237, 18.03847],
        [79.43185, 18.03878],
        [79.43172, 18.03885],
        [79.43188, 18.03903],
        [79.4319, 18.03904],
        [79.43202, 18.03918],
        [79.43203, 18.03918],
        [79.43192, 18.03929],
        [79.43207, 18.03932],
        [79.43252, 18.0394],
        [79.43297, 18.03948],
        [79.43316, 18.03977],
        [79.4333, 18.04],
        [79.43349, 18.0403],
        [79.43374, 18.04068],
        [79.43385, 18.04085],
        [79.43394, 18.04099],
        [79.43398, 18.04099],
        [79.43504, 18.04115],
        [79.43525, 18.04141],
        [79.43531, 18.0415],
        [79.43539, 18.04159],
        [79.4354, 18.04159],
        [79.4358, 18.04155],
        [79.43593, 18.04173],
        [79.43601, 18.04183],
        [79.43613, 18.042],
        [79.4364, 18.04238],
        [79.43648, 18.04248],
        [79.43651, 18.04253],
        [79.43654, 18.04256],
        [79.43656, 18.0426],
        [79.43677, 18.04261],
        [79.43681, 18.04261],
        [79.43726, 18.04264],
        [79.43727, 18.04264],
        [79.43759, 18.04301],
        [79.43773, 18.04317],
        [79.4379, 18.04337],
        [79.43828, 18.04346],
        [79.43853, 18.04352],
        [79.43879, 18.04349],
        [79.4389, 18.04347],
        [79.4394, 18.04341],
        [79.44003, 18.04346],
        [79.44008, 18.04347],
        [79.44032, 18.04349],
        [79.4404, 18.04356],
        [79.44079, 18.04385],
        [79.44078, 18.04405],
        [79.44077, 18.04488],
        [79.4408, 18.04503],
        [79.44081, 18.04505],
        [79.44081, 18.04507],
        [79.44083, 18.04514],
        [79.44096, 18.04566],
        [79.44096, 18.04567],
        [79.44097, 18.0457],
        [79.44154, 18.04582],
        [79.44191, 18.0459],
        [79.4417, 18.04602],
        [79.4416, 18.04608],
        [79.44195, 18.04653],
        [79.44243, 18.04718],
        [79.443, 18.04792],
        [79.44331, 18.04834],
        [79.44361, 18.04835],
        [79.44359, 18.04898],
        [79.44358, 18.04936],
        [79.44362, 18.04958],
        [79.44364, 18.04967],
        [79.44359, 18.04978],
        [79.44359, 18.04979],
        [79.44325, 18.04993],
        [79.44321, 18.05001],
        [79.44317, 18.05009],
        [79.44301, 18.05039],
        [79.44297, 18.05048],
        [79.44294, 18.05053],
        [79.44288, 18.05065],
        [79.44293, 18.05083],
        [79.44294, 18.05086],
        [79.443, 18.05108],
        [79.44301, 18.0511],
        [79.44303, 18.05124],
        [79.44308, 18.05158],
        [79.44314, 18.05237],
        [79.44319, 18.05293],
        [79.44321, 18.05321],
        [79.4431, 18.05325],
        [79.44288, 18.05332],
        [79.44279, 18.05335],
        [79.44214, 18.05357],
        [79.44183, 18.05377],
        [79.44179, 18.05379],
        [79.44162, 18.0539],
        [79.44161, 18.0539],
        [79.44152, 18.05403],
        [79.44148, 18.0541],
        [79.44136, 18.05427],
        [79.44137, 18.05431],
        [79.44157, 18.05506],
        [79.44161, 18.0552],
        [79.44163, 18.05526],
        [79.44169, 18.05549],
        [79.4417, 18.05552],
        [79.44171, 18.05557],
        [79.44173, 18.05565],
        [79.44168, 18.05586],
        [79.44166, 18.05595],
        [79.44153, 18.05646],
        [79.44151, 18.05658],
        [79.44144, 18.05686],
        [79.44168, 18.05707],
        [79.44171, 18.05709],
        [79.44178, 18.05715],
        [79.44197, 18.05731],
        [79.44198, 18.05735],
        [79.44214, 18.05784],
        [79.44215, 18.05784],
        [79.44223, 18.05786],
        [79.44249, 18.05794],
        [79.44292, 18.05806],
        [79.44303, 18.05816],
        [79.443, 18.05832],
        [79.44299, 18.05838],
        [79.44305, 18.05839],
        [79.44358, 18.05846],
        [79.44359, 18.05847],
        [79.4438, 18.0585],
        [79.44382, 18.05854],
        [79.44393, 18.0588],
        [79.44399, 18.05892],
        [79.44416, 18.05931],
        [79.44434, 18.05971],
        [79.44447, 18.06013],
        [79.4445, 18.06022],
        [79.44459, 18.06053],
        [79.44462, 18.06062],
        [79.44496, 18.06177],
        [79.44505, 18.06194],
        [79.44482, 18.06216],
        [79.44488, 18.06251],
        [79.44488, 18.06253],
        [79.44489, 18.0626],
        [79.44491, 18.06271],
        [79.44493, 18.06283],
        [79.44495, 18.06293],
        [79.44509, 18.06315],
        [79.44505, 18.06316],
        [79.44424, 18.06354],
        [79.44402, 18.06363],
        [79.44292, 18.06408],
        [79.44216, 18.06447],
        [79.44196, 18.06458],
        [79.44179, 18.06466],
        [79.44359, 18.06558],
        [79.44382, 18.0657],
        [79.4439, 18.06574],
        [79.44392, 18.06575],
        [79.444, 18.06579],
        [79.4441, 18.06575],
        [79.44412, 18.06575],
        [79.4442, 18.06573],
        [79.44459, 18.06562],
        [79.4448, 18.06555],
        [79.44472, 18.06572],
        [79.44471, 18.06577],
        [79.44461, 18.06611],
        [79.44599, 18.06724],
        [79.44614, 18.06734],
        [79.4462, 18.0675],
        [79.44627, 18.06822],
        [79.44631, 18.06836],
        [79.44642, 18.06852],
        [79.44657, 18.06875],
        [79.44707, 18.06951],
        [79.44717, 18.06966],
        [79.44723, 18.06982],
        [79.44735, 18.07007],
        [79.44772, 18.07092],
        [79.44778, 18.07105],
        [79.44791, 18.07136],
        [79.44808, 18.07173],
        [79.44809, 18.07176],
        [79.44807, 18.07194],
        [79.44819, 18.07201],
        [79.44825, 18.07205],
        [79.44828, 18.07207],
        [79.44842, 18.07235],
        [79.44846, 18.07246],
        [79.44857, 18.07274],
        [79.4486, 18.07283],
        [79.44879, 18.07334],
        [79.44919, 18.07441],
        [79.44933, 18.0748],
        [79.44942, 18.07503],
        [79.44947, 18.07521],
        [79.44949, 18.07523],
        [79.44955, 18.07536],
        [79.44965, 18.07549],
        [79.44965, 18.07548],
        [79.45009, 18.07554],
        [79.4514, 18.07571],
        [79.45229, 18.07645],
        [79.45303, 18.07654],
        [79.45315, 18.07655],
        [79.45384, 18.07663],
        [79.45406, 18.07665],
        [79.45408, 18.07682],
        [79.4541, 18.07808],
        [79.45415, 18.08023],
        [79.45453, 18.0812],
        [79.45463, 18.08147],
        [79.45477, 18.08181],
        [79.45478, 18.08183],
        [79.45534, 18.08253],
        [79.45551, 18.08269],
        [79.45557, 18.08276],
        [79.45594, 18.08312],
        [79.45641, 18.08359],
        [79.45717, 18.08351],
        [79.45736, 18.08349],
        [79.45779, 18.08345],
        [79.45812, 18.0835],
        [79.45793, 18.08398],
        [79.45733, 18.08415],
        [79.45631, 18.08557],
        [79.45591, 18.08599],
        [79.45578, 18.08617],
        [79.45568, 18.0863],
        [79.45548, 18.08655],
        [79.45532, 18.08719],
        [79.45704, 18.08867],
        [79.45708, 18.08871],
        [79.45709, 18.08871],
        [79.45793, 18.08931],
        [79.45864, 18.08946],
        [79.45873, 18.08947],
        [79.45914, 18.08956],
        [79.45958, 18.09128],
        [79.45961, 18.0914],
        [79.45987, 18.09247],
        [79.45992, 18.09264],
        [79.46058, 18.09298],
        [79.46112, 18.09431],
        [79.46098, 18.0952],
        [79.46173, 18.09598],
        [79.46179, 18.09712],
        [79.46153, 18.09766],
        [79.46148, 18.09777],
        [79.46123, 18.09831],
        [79.46119, 18.09845],
        [79.46117, 18.09849],
        [79.461, 18.09895],
        [79.46091, 18.09923],
        [79.46077, 18.0996],
        [79.46074, 18.09968],
        [79.4607, 18.09981],
        [79.46065, 18.09993],
        [79.46064, 18.09995],
        [79.46057, 18.10014],
        [79.46053, 18.10026],
        [79.46057, 18.10046],
        [79.46063, 18.10076],
        [79.46118, 18.10151],
        [79.46119, 18.10153],
        [79.46133, 18.10172],
        [79.46156, 18.10204],
        [79.46168, 18.1022],
        [79.46176, 18.10231],
        [79.46179, 18.10235],
        [79.46185, 18.10243],
        [79.46187, 18.10246],
        [79.46191, 18.10251],
        [79.46229, 18.10262],
        [79.4623, 18.10263],
        [79.46298, 18.10283],
        [79.46301, 18.10283],
        [79.46302, 18.10284],
        [79.46353, 18.10298],
        [79.46394, 18.10311],
        [79.46404, 18.10314],
        [79.46416, 18.10317],
        [79.46441, 18.10324],
        [79.46474, 18.10333],
        [79.46541, 18.10387],
        [79.46569, 18.1041],
        [79.46697, 18.10514],
        [79.46716, 18.1053],
        [79.46742, 18.10551],
        [79.46758, 18.10563],
        [79.46761, 18.10569],
        [79.46781, 18.1061],
        [79.46778, 18.10657],
        [79.46795, 18.10667],
        [79.46809, 18.10704],
        [79.46815, 18.10718],
        [79.46817, 18.10723],
        [79.46817, 18.10736],
        [79.46817, 18.1075],
        [79.46819, 18.10806],
        [79.46821, 18.10806],
        [79.46826, 18.10806],
        [79.4685, 18.10806],
        [79.46838, 18.1086],
        [79.46837, 18.10864],
        [79.46835, 18.10874],
        [79.46838, 18.10878],
        [79.46849, 18.10895],
        [79.46872, 18.10912],
        [79.46885, 18.10917],
        [79.46895, 18.10915],
        [79.46912, 18.1091],
        [79.46926, 18.10904],
        [79.46948, 18.10899],
        [79.47004, 18.10908],
        [79.4705, 18.10922],
        [79.47066, 18.10927],
        [79.47063, 18.10942],
        [79.47062, 18.10956],
        [79.47175, 18.10936],
        [79.4721, 18.1093],
        [79.47219, 18.10951],
        [79.47223, 18.10961],
        [79.4727, 18.10976],
        [79.47286, 18.1098],
        [79.47297, 18.10985],
        [79.47305, 18.10989],
        [79.47364, 18.11004],
        [79.47401, 18.11014],
        [79.47487, 18.11009],
        [79.47501, 18.11009],
        [79.47502, 18.11009],
        [79.47508, 18.10995],
        [79.47517, 18.10979],
        [79.47522, 18.10969],
        [79.47551, 18.10966],
        [79.47566, 18.10964],
        [79.47596, 18.10956],
        [79.47598, 18.10955],
        [79.47614, 18.10948],
        [79.47627, 18.10937],
        [79.47641, 18.10928],
        [79.47648, 18.10922],
        [79.47659, 18.10915],
        [79.47673, 18.10903],
        [79.47703, 18.10878],
        [79.47716, 18.10867],
        [79.47728, 18.10856],
        [79.47751, 18.10828],
        [79.47817, 18.10775],
        [79.47841, 18.10756],
        [79.47856, 18.10746],
        [79.47871, 18.10735],
        [79.47881, 18.10726],
        [79.47954, 18.10661],
        [79.47964, 18.10654],
        [79.47975, 18.10641],
        [79.47997, 18.10613],
        [79.48028, 18.10572],
        [79.48033, 18.10567],
        [79.48042, 18.10557],
        [79.48053, 18.10566],
        [79.48085, 18.1061],
        [79.48088, 18.10604],
        [79.48093, 18.10597],
        [79.48145, 18.10511],
        [79.48159, 18.10486],
        [79.48174, 18.10455],
        [79.48197, 18.10409],
        [79.48239, 18.10372],
        [79.48251, 18.10361],
        [79.48273, 18.10341],
        [79.48318, 18.10301],
        [79.48319, 18.10256],
        [79.48361, 18.10235],
        [79.48354, 18.10201],
        [79.48354, 18.10199],
        [79.48372, 18.10188],
        [79.48457, 18.10144],
        [79.4849, 18.10128],
        [79.48509, 18.10105],
        [79.48515, 18.10056],
        [79.48516, 18.09998],
        [79.48518, 18.09948],
        [79.48507, 18.09909],
        [79.48563, 18.09886],
        [79.48559, 18.09868],
        [79.48573, 18.09867],
        [79.48604, 18.09864],
        [79.48656, 18.09858],
        [79.48677, 18.09856],
        [79.48691, 18.09855],
        [79.48743, 18.09848],
        [79.48766, 18.09847],
        [79.4877, 18.09846],
        [79.48789, 18.0984],
        [79.48792, 18.09839],
        [79.48888, 18.09797],
        [79.48902, 18.0979],
        [79.48917, 18.09786],
        [79.48998, 18.09761],
        [79.49003, 18.0976],
        [79.49118, 18.09727],
        [79.49121, 18.09726],
        [79.49134, 18.09723],
        [79.4915, 18.09718],
        [79.49217, 18.09702],
        [79.49232, 18.09701],
        [79.49235, 18.09701],
        [79.49349, 18.09682],
        [79.49362, 18.09681],
        [79.49373, 18.09679],
        [79.49379, 18.09678],
        [79.4952, 18.09665],
        [79.4953, 18.09664],
        [79.49568, 18.09659],
        [79.49575, 18.09658],
        [79.49592, 18.09656],
        [79.49612, 18.09662],
        [79.49615, 18.09645],
        [79.49625, 18.09618],
        [79.49637, 18.09618],
        [79.49696, 18.09618],
        [79.49701, 18.09652],
        [79.49778, 18.09612],
        [79.49803, 18.09612],
        [79.49809, 18.0961],
        [79.49849, 18.09603],
        [79.49887, 18.09592],
        [79.49948, 18.09575],
        [79.50021, 18.09573],
        [79.50104, 18.0957],
        [79.50124, 18.09568],
        [79.50139, 18.09568],
        [79.50171, 18.09568],
        [79.50224, 18.09568],
        [79.5024, 18.09565],
        [79.50247, 18.09578],
        [79.5025, 18.09584],
        [79.5032, 18.09713],
        [79.50329, 18.09724],
        [79.50343, 18.09738],
        [79.50382, 18.09789],
        [79.50393, 18.09803],
        [79.50397, 18.09816],
        [79.5045, 18.09883],
        [79.50475, 18.09892],
        [79.50492, 18.09905],
        [79.50507, 18.09915],
        [79.50556, 18.09946],
        [79.50574, 18.0993],
        [79.50605, 18.09979],
        [79.50617, 18.09988],
        [79.50625, 18.09998],
        [79.50674, 18.10043],
        [79.50684, 18.10059],
        [79.50691, 18.10077],
        [79.50705, 18.10112],
        [79.50712, 18.10128],
        [79.50738, 18.10121],
        [79.50745, 18.1013],
        [79.50818, 18.10261],
        [79.50828, 18.10277],
        [79.50835, 18.1029],
        [79.5088, 18.1035],
        [79.5089, 18.1036],
        [79.509, 18.10375],
        [79.50924, 18.10407],
        [79.50935, 18.1042],
        [79.50939, 18.10431],
        [79.50943, 18.1043],
        [79.50953, 18.10428],
        [79.5096, 18.10427],
        [79.50991, 18.1042],
        [79.51011, 18.10415],
        [79.51114, 18.10391],
        [79.5113, 18.10382],
        [79.51201, 18.10342],
        [79.51208, 18.10333],
        [79.51223, 18.10324],
        [79.51277, 18.10285],
        [79.51344, 18.10261],
        [79.51359, 18.1026],
        [79.51436, 18.10248],
        [79.51452, 18.10239],
        [79.51468, 18.10245],
        [79.51504, 18.10255],
        [79.51525, 18.10213],
        [79.51535, 18.10206],
        [79.51589, 18.10166],
        [79.51616, 18.1016],
        [79.5168, 18.10155],
        [79.51722, 18.10143],
        [79.5177, 18.10128],
        [79.51819, 18.101],
        [79.51824, 18.10118],
        [79.51861, 18.10115],
        [79.51889, 18.10109],
        [79.51945, 18.0996],
        [79.52016, 18.09953],
        [79.52035, 18.09949],
        [79.52058, 18.09943],
        [79.52181, 18.09948],
        [79.5219, 18.09949],
        [79.52367, 18.0986],
        [79.52372, 18.09857],
        [79.52394, 18.09924],
        [79.52421, 18.0991],
        [79.52484, 18.09931],
        [79.52522, 18.09943],
        [79.52551, 18.09952],
        [79.52552, 18.10003],
        [79.52553, 18.10014],
        [79.52561, 18.10012],
        [79.52591, 18.10005],
        [79.52733, 18.0999],
        [79.52774, 18.09989],
        [79.52786, 18.10069],
        [79.52786, 18.1007],
        [79.52876, 18.10059],
        [79.52892, 18.10057],
        [79.52901, 18.10055],
        [79.52942, 18.10049],
        [79.52951, 18.10123],
        [79.52967, 18.10153],
        [79.52984, 18.10143],
        [79.52995, 18.10137],
        [79.53013, 18.10122],
        [79.5305, 18.10076],
        [79.53084, 18.1007],
        [79.53168, 18.10048],
        [79.53187, 18.10021],
        [79.53226, 18.10045],
        [79.53294, 18.10025],
        [79.53299, 18.10023],
        [79.53299, 18.10025],
        [79.53328, 18.10048],
        [79.53336, 18.10055],
        [79.53347, 18.10063],
        [79.53402, 18.1013],
        [79.53433, 18.1011],
        [79.53459, 18.10115],
        [79.5352, 18.10117],
        [79.53636, 18.10115],
        [79.53653, 18.10115],
        [79.53735, 18.10103],
        [79.53828, 18.10078],
        [79.53834, 18.10077],
        [79.5383, 18.10065],
        [79.53875, 18.10051],
        [79.53872, 18.10029],
        [79.53855, 18.09886],
        [79.5388, 18.09878],
        [79.53961, 18.0985],
        [79.53972, 18.0988],
        [79.54, 18.09959],
        [79.54004, 18.09967],
        [79.54018, 18.1],
        [79.5403, 18.10025],
        [79.54048, 18.10026],
        [79.54139, 18.09986],
        [79.5426, 18.10009],
        [79.54296, 18.10016],
        [79.5433, 18.1002],
        [79.54338, 18.10021],
        [79.54354, 18.10024],
        [79.54379, 18.10029],
        [79.54385, 18.1003],
        [79.54459, 18.10044],
        [79.54469, 18.10043],
        [79.5453, 18.10035],
        [79.54542, 18.10035],
        [79.54555, 18.10035],
        [79.54602, 18.10018],
        [79.54613, 18.10041],
        [79.54659, 18.10033],
        [79.5465, 18.1001],
        [79.54707, 18.09995],
        [79.54773, 18.09982],
        [79.5484, 18.0997],
        [79.54996, 18.09941],
        [79.55004, 18.0994],
        [79.55039, 18.09936],
        [79.55112, 18.09945],
        [79.5522, 18.09957],
        [79.55222, 18.09963],
        [79.55239, 18.1003],
        [79.55245, 18.10056],
        [79.55253, 18.10085],
        [79.55254, 18.10089],
        [79.55279, 18.10183],
        [79.55292, 18.10211],
        [79.55318, 18.10239],
        [79.55341, 18.10263],
        [79.55388, 18.10299],
        [79.55435, 18.10335],
        [79.55457, 18.10356],
        [79.55476, 18.10375],
        [79.55523, 18.10429],
        [79.55554, 18.10465],
        [79.55575, 18.10488],
        [79.55618, 18.10538],
        [79.55627, 18.10548],
        [79.55645, 18.10563],
        [79.55724, 18.10681],
        [79.55748, 18.10712],
        [79.55782, 18.10768],
        [79.55782, 18.10818],
        [79.55829, 18.1095],
        [79.5583, 18.10976],
        [79.55831, 18.10977],
        [79.55839, 18.11042],
        [79.55858, 18.1109],
        [79.55862, 18.1118],
        [79.55887, 18.11262],
        [79.55899, 18.11302],
        [79.55927, 18.11375],
        [79.55931, 18.11387],
        [79.55935, 18.11398],
        [79.55938, 18.11408],
        [79.55942, 18.11418],
        [79.55947, 18.11433],
        [79.55951, 18.11445],
        [79.55988, 18.11552],
        [79.55996, 18.11574],
        [79.55991, 18.11654],
        [79.56019, 18.11687],
        [79.56047, 18.1173],
        [79.56118, 18.1184],
        [79.56118, 18.11921],
        [79.56118, 18.11946],
        [79.56117, 18.12027],
        [79.56117, 18.12038],
        [79.56117, 18.12111],
        [79.56228, 18.12104],
        [79.56238, 18.12103],
        [79.56306, 18.12099],
        [79.56384, 18.12077],
        [79.56383, 18.12074],
        [79.56343, 18.11999],
        [79.56402, 18.11969],
        [79.56427, 18.11971],
        [79.56467, 18.12054],
        [79.56537, 18.1205],
        [79.56565, 18.12048],
        [79.56529, 18.11975],
        [79.56635, 18.11945],
        [79.56659, 18.12023],
        [79.56709, 18.12018],
        [79.56776, 18.12011],
        [79.56793, 18.1201],
        [79.56828, 18.12006],
        [79.56853, 18.12],
        [79.56853, 18.12025],
        [79.56849, 18.12086],
        [79.56909, 18.1207],
        [79.56916, 18.12068],
        [79.57002, 18.12045],
        [79.57144, 18.12016],
        [79.57183, 18.12006],
        [79.5727, 18.11984],
        [79.5733, 18.11958],
        [79.57453, 18.11904],
        [79.57463, 18.11942],
        [79.57496, 18.12004],
        [79.57528, 18.11993],
        [79.57547, 18.11986],
        [79.5759, 18.12068],
        [79.57605, 18.12062],
        [79.57706, 18.12024],
        [79.57731, 18.12014],
        [79.57792, 18.11991],
        [79.57958, 18.11926],
        [79.57985, 18.11915],
        [79.58038, 18.11895],
        [79.58045, 18.11892],
        [79.58049, 18.11891],
        [79.5805, 18.11895],
        [79.58084, 18.11945],
        [79.58144, 18.11961],
        [79.58146, 18.11961],
        [79.58163, 18.11963],
        [79.58217, 18.11969],
        [79.58208, 18.11984],
        [79.58202, 18.1199],
        [79.58166, 18.12016],
        [79.58159, 18.12021],
        [79.58162, 18.12029],
        [79.58175, 18.12083],
        [79.58177, 18.12092],
        [79.5817, 18.12095],
        [79.58109, 18.12121],
        [79.58034, 18.1222],
        [79.57992, 18.12272],
        [79.57986, 18.12279],
        [79.57982, 18.12284],
        [79.57947, 18.12313],
        [79.57911, 18.12343],
        [79.57904, 18.12348],
        [79.57899, 18.12353],
        [79.57875, 18.12375],
        [79.57868, 18.1238],
        [79.57863, 18.12384],
        [79.57851, 18.12392],
        [79.57845, 18.12396],
        [79.57839, 18.124],
        [79.57812, 18.12425],
        [79.57782, 18.12475],
        [79.57778, 18.12481],
        [79.57775, 18.12484],
        [79.57737, 18.12541],
        [79.57734, 18.12546],
        [79.57726, 18.12578],
        [79.57722, 18.12609],
        [79.57723, 18.12693],
        [79.57723, 18.12717],
        [79.57726, 18.12814],
        [79.57726, 18.12833],
        [79.57727, 18.12854],
        [79.57663, 18.12924],
        [79.57618, 18.12974],
        [79.57612, 18.1298],
        [79.57606, 18.12985],
        [79.57531, 18.13068],
        [79.57525, 18.13076],
        [79.57522, 18.13083],
        [79.57498, 18.13125],
        [79.57494, 18.1313],
        [79.5749, 18.13133],
        [79.57467, 18.13157],
        [79.57342, 18.13277],
        [79.57354, 18.13295],
        [79.57357, 18.13303],
        [79.5736, 18.13309],
        [79.57368, 18.13341],
        [79.57373, 18.1336],
        [79.57391, 18.13424],
        [79.57394, 18.13437],
        [79.57395, 18.13444],
        [79.57397, 18.1345],
        [79.57435, 18.13552],
        [79.57451, 18.13593],
        [79.57455, 18.13604],
        [79.57464, 18.13626],
        [79.57507, 18.13682],
        [79.57537, 18.13717],
        [79.57539, 18.1372],
        [79.57562, 18.13739],
        [79.57598, 18.13769],
        [79.57604, 18.13775],
        [79.57611, 18.1378],
        [79.57618, 18.13786],
        [79.57663, 18.13823],
        [79.57667, 18.13827],
        [79.57672, 18.13832],
        [79.57682, 18.13839],
        [79.57731, 18.13878],
        [79.57759, 18.139],
        [79.57767, 18.13905],
        [79.57788, 18.13918],
        [79.57794, 18.13921],
        [79.57795, 18.13921],
        [79.57799, 18.13929],
        [79.57806, 18.13946],
        [79.57832, 18.13972],
        [79.57843, 18.13982],
        [79.57895, 18.13984],
        [79.57911, 18.13976],
        [79.57915, 18.13974],
        [79.57924, 18.13992],
        [79.57927, 18.14],
        [79.57929, 18.14005],
        [79.57969, 18.14069],
        [79.57985, 18.14095],
        [79.58014, 18.14123],
        [79.58018, 18.14127],
        [79.58027, 18.14137],
        [79.58064, 18.14173],
        [79.58071, 18.14185],
        [79.58095, 18.14232],
        [79.58106, 18.14245],
        [79.58122, 18.14235],
        [79.58226, 18.14181],
        [79.58228, 18.1418],
        [79.5824, 18.14173],
        [79.58246, 18.14182],
        [79.58332, 18.14317],
        [79.58354, 18.14351],
        [79.58362, 18.14358],
        [79.58375, 18.14353],
        [79.58492, 18.143],
        [79.58504, 18.14295],
        [79.58518, 18.1429],
        [79.58537, 18.14284],
        [79.58575, 18.14273],
        [79.586, 18.14262],
        [79.58612, 18.14253],
        [79.58627, 18.14245],
        [79.58739, 18.14184],
        [79.58763, 18.14171],
        [79.58759, 18.14133]
      ]
    ]
  }
}
