{
  "type": "Feature",
  "id": "TS-AC-13",
  "properties": {
    "stateName": "TELANGANA",
    "stateCode": "TS",
    "districtName": "NIZAMABAD",
    "acNo": 13,
    "acName": "JUKKAL (SC)",
    "seatType": null,
    "pcNo": null,
    "pcName": null,
    "quality": "unverified",
    "sources": [
      "TBD"
    ]
  },
  "geometry": {
    "type": "Polygon",
    "coordinates": [
      [
        [77.54833, 18.33413],
        [77.5471, 18.3345],
        [77.5437, 18.3354],
        [77.54241, 18.33571],
        [77.5416, 18.3359],
        [77.54, 18.3363],
        [77.53987, 18.33639],
        [77.5397, 18.3365],
        [77.5378, 18.3372],
        [77.5327, 18.3386],
        [77.53263, 18.33861],
        [77.5322, 18.3387],
        [77.5305, 18.3392],
        [77.5299, 18.33948],
        [77.5292, 18.3398],
        [77.5282, 18.3405],
        [77.5261, 18.3423],
        [77.52513, 18.34304],
        [77.5244, 18.3436],
        [77.52376, 18.34446],
        [77.5232, 18.3452],
        [77.52312, 18.34538],
        [77.5226, 18.3465],
        [77.5226, 18.34675],
        [77.5226, 18.3468],
        [77.5224, 18.3479],
        [77.5223, 18.3489],
        [77.52218, 18.34989],
        [77.5221, 18.3506],
        [77.5216, 18.3527],
        [77.52139, 18.35343],
        [77.521, 18.3548],
        [77.5207, 18.3558],
        [77.52065, 18.35641],
        [77.5206, 18.357],
        [77.5207, 18.3578],
        [77.52079, 18.35798],
        [77.5209, 18.3582],
        [77.5209, 18.35829],
        [77.5209, 18.3583],
        [77.5215, 18.3594],
        [77.5235, 18.3625],
        [77.52365, 18.3626],
        [77.5238, 18.3627],
        [77.524, 18.3632],
        [77.5243, 18.3639],
        [77.5246, 18.3647],
        [77.5246, 18.36476],
        [77.5246, 18.3649],
        [77.5246, 18.3651],
        [77.52465, 18.36521],
        [77.5247, 18.3653],
        [77.52476, 18.36576],
        [77.52482, 18.36607],
        [77.5249, 18.36644],
        [77.525, 18.3668],
        [77.52528, 18.36914],
        [77.5255, 18.371],
        [77.5256, 18.3724],
        [77.5258, 18.3726],
        [77.52581, 18.3726],
        [77.526, 18.3727],
        [77.5266, 18.37322],
        [77.5268, 18.3734],
        [77.5273, 18.3738],
        [77.5277, 18.3741],
        [77.52796, 18.37427],
        [77.5283, 18.3745],
        [77.5285, 18.3747],
        [77.52861, 18.37479],
        [77.52874, 18.37487],
        [77.5288, 18.3749],
        [77.52882, 18.37492],
        [77.52896, 18.37506],
        [77.52901, 18.37511],
        [77.5291, 18.3752],
        [77.52918, 18.37527],
        [77.5317, 18.3774],
        [77.533, 18.3785],
        [77.53302, 18.37851],
        [77.53307, 18.37854],
        [77.5331, 18.37856],
        [77.5342, 18.3792],
        [77.53434, 18.37927],
        [77.5344, 18.3793],
        [77.5352, 18.3799],
        [77.5354, 18.3801],
        [77.5357, 18.3803],
        [77.5363, 18.3807],
        [77.5368, 18.3817],
        [77.537, 18.3824],
        [77.537, 18.3826],
        [77.537, 18.38286],
        [77.537, 18.383],
        [77.5373, 18.384],
        [77.53755, 18.38439],
        [77.538, 18.3851],
        [77.53808, 18.38521],
        [77.5383, 18.3855],
        [77.53863, 18.38577],
        [77.5388, 18.3859],
        [77.5401, 18.3866],
        [77.54036, 18.38667],
        [77.5408, 18.3868],
        [77.5414, 18.3866],
        [77.54203, 18.38635],
        [77.5424, 18.3862],
        [77.5434, 18.3859],
        [77.54383, 18.38612],
        [77.54395, 18.38616],
        [77.54398, 18.38619],
        [77.544, 18.3862],
        [77.54449, 18.38669],
        [77.545, 18.3872],
        [77.5458, 18.3885],
        [77.54618, 18.38856],
        [77.5464, 18.3886],
        [77.54705, 18.38854],
        [77.54748, 18.38849],
        [77.54883, 18.38859],
        [77.5506, 18.3887],
        [77.55088, 18.38872],
        [77.55189, 18.3888],
        [77.5519, 18.3888],
        [77.5522, 18.3921],
        [77.5523, 18.3934],
        [77.5527, 18.397],
        [77.55281, 18.3985],
        [77.5529, 18.3998],
        [77.5533, 18.4032],
        [77.55357, 18.40381],
        [77.5537, 18.4041],
        [77.5542, 18.4055],
        [77.5544, 18.4061],
        [77.5556, 18.4102],
        [77.556, 18.4119],
        [77.55611, 18.41241],
        [77.5566, 18.4146],
        [77.557, 18.4173],
        [77.55705, 18.41768],
        [77.5572, 18.4189],
        [77.557, 18.4192],
        [77.5563, 18.4195],
        [77.5542, 18.4202],
        [77.55371, 18.42025],
        [77.5533, 18.4203],
        [77.5523, 18.4205],
        [77.5494, 18.4209],
        [77.54823, 18.42126],
        [77.5481, 18.4213],
        [77.5457, 18.4218],
        [77.5431, 18.4225],
        [77.54061, 18.42303],
        [77.54031, 18.4231],
        [77.54019, 18.42314],
        [77.539, 18.4236],
        [77.53832, 18.42375],
        [77.5376, 18.4239],
        [77.53752, 18.42398],
        [77.5374, 18.4241],
        [77.5374, 18.42428],
        [77.53742, 18.42437],
        [77.53751, 18.42473],
        [77.5376, 18.425],
        [77.5378, 18.4258],
        [77.5378, 18.4261],
        [77.53768, 18.4261],
        [77.5376, 18.4261],
        [77.5364, 18.4265],
        [77.5358, 18.4267],
        [77.5354, 18.42687],
        [77.5351, 18.427],
        [77.5343, 18.4273],
        [77.5333, 18.42755],
        [77.5331, 18.4276],
        [77.5314, 18.428],
        [77.53114, 18.42809],
        [77.5305, 18.4283],
        [77.5292, 18.4286],
        [77.52891, 18.42866],
        [77.5287, 18.4287],
        [77.5287, 18.4295],
        [77.5287, 18.42966],
        [77.5287, 18.4298],
        [77.5287, 18.4337],
        [77.5287, 18.43428],
        [77.5287, 18.4365],
        [77.5286, 18.438],
        [77.5286, 18.4382],
        [77.5286, 18.43826],
        [77.5286, 18.4384],
        [77.5285, 18.43864],
        [77.5283, 18.4391],
        [77.5282, 18.4396],
        [77.5281, 18.4402],
        [77.5279, 18.4406],
        [77.528, 18.4411],
        [77.52806, 18.4416],
        [77.5281, 18.4419],
        [77.5281, 18.44208],
        [77.52812, 18.44237],
        [77.52826, 18.44256],
        [77.5284, 18.4427],
        [77.52849, 18.44287],
        [77.5286, 18.4431],
        [77.52892, 18.44316],
        [77.5291, 18.4432],
        [77.531, 18.443],
        [77.5319, 18.4429],
        [77.53217, 18.4429],
        [77.5327, 18.44278],
        [77.53284, 18.4428],
        [77.533, 18.4428],
        [77.5335, 18.4431],
        [77.5336, 18.4433],
        [77.53362, 18.44335],
        [77.5338, 18.4437],
        [77.5344, 18.4441],
        [77.53486, 18.44415],
        [77.5353, 18.4442],
        [77.53607, 18.44439],
        [77.5369, 18.4446],
        [77.53787, 18.44465],
        [77.5387, 18.4447],
        [77.53938, 18.44464],
        [77.5399, 18.4446],
        [77.5413, 18.4446],
        [77.5416, 18.4445],
        [77.54197, 18.44441],
        [77.5428, 18.4442],
        [77.54312, 18.4442],
        [77.5435, 18.4442],
        [77.54397, 18.44412],
        [77.5441, 18.4441],
        [77.5452, 18.444],
        [77.54537, 18.444],
        [77.5457, 18.444],
        [77.54598, 18.44391],
        [77.5463, 18.4438],
        [77.5476, 18.4435],
        [77.54829, 18.44315],
        [77.54864, 18.44297],
        [77.54875, 18.4429],
        [77.5489, 18.4428],
        [77.54894, 18.44278],
        [77.5491, 18.44268],
        [77.54938, 18.44262],
        [77.5498, 18.4425],
        [77.54993, 18.44245],
        [77.5503, 18.4423],
        [77.5506, 18.4421],
        [77.5506, 18.4421],
        [77.55061, 18.4421],
        [77.5512, 18.4419],
        [77.55203, 18.44145],
        [77.5525, 18.4412],
        [77.55259, 18.4412],
        [77.5527, 18.4412],
        [77.5528, 18.4411],
        [77.5538, 18.4406],
        [77.5538, 18.44059],
        [77.55377, 18.44043],
        [77.5537, 18.44],
        [77.55362, 18.43983],
        [77.5536, 18.4398],
        [77.55646, 18.43868],
        [77.55771, 18.43819],
        [77.5578, 18.4381],
        [77.55855, 18.43785],
        [77.559, 18.4377],
        [77.5599, 18.4373],
        [77.5606, 18.4372],
        [77.5623, 18.43708],
        [77.5635, 18.437],
        [77.56388, 18.43708],
        [77.5645, 18.4372],
        [77.56468, 18.43729],
        [77.5647, 18.4373],
        [77.56492, 18.43741],
        [77.56532, 18.43759],
        [77.56567, 18.43781],
        [77.566, 18.438],
        [77.5661, 18.438],
        [77.5673, 18.4386],
        [77.5685, 18.4392],
        [77.5686, 18.4393],
        [77.5686, 18.43948],
        [77.56861, 18.43952],
        [77.56876, 18.44022],
        [77.56877, 18.44026],
        [77.56879, 18.44038],
        [77.56883, 18.44049],
        [77.5693, 18.442],
        [77.5693, 18.44226],
        [77.56933, 18.44249],
        [77.56934, 18.44258],
        [77.56936, 18.44263],
        [77.56938, 18.44265],
        [77.5694, 18.4427],
        [77.5702, 18.4425],
        [77.57127, 18.44222],
        [77.5721, 18.442],
        [77.57224, 18.442],
        [77.57229, 18.44199],
        [77.57274, 18.44189],
        [77.57295, 18.44185],
        [77.5736, 18.4417],
        [77.5745, 18.4416],
        [77.57466, 18.44168],
        [77.5747, 18.44169],
        [77.57476, 18.4417],
        [77.5748, 18.4417],
        [77.57482, 18.44171],
        [77.57518, 18.44189],
        [77.5752, 18.4419],
        [77.5763, 18.4423],
        [77.5773, 18.4426],
        [77.57746, 18.4426],
        [77.5775, 18.4426],
        [77.57772, 18.44271],
        [77.5785, 18.4431],
        [77.57909, 18.44327],
        [77.5792, 18.4433],
        [77.57942, 18.44339],
        [77.5807, 18.4439],
        [77.58128, 18.44409],
        [77.5816, 18.4442],
        [77.5822, 18.4444],
        [77.5831, 18.4446],
        [77.58346, 18.44481],
        [77.5838, 18.445],
        [77.5841, 18.4455],
        [77.5843, 18.446],
        [77.5846, 18.4463],
        [77.5848, 18.4464],
        [77.5852, 18.4466],
        [77.5855, 18.4466],
        [77.5856, 18.4467],
        [77.58568, 18.44702],
        [77.5857, 18.4471],
        [77.5861, 18.4482],
        [77.5864, 18.44909],
        [77.5864, 18.4491],
        [77.5864, 18.4492],
        [77.5864, 18.4493],
        [77.5861, 18.4494],
        [77.5846, 18.4496],
        [77.5836, 18.4497],
        [77.5835, 18.4497],
        [77.5833, 18.4498],
        [77.5839, 18.4524],
        [77.5845, 18.4545],
        [77.5845, 18.4547],
        [77.5845, 18.4548],
        [77.58446, 18.45493],
        [77.5844, 18.4551],
        [77.5842, 18.4553],
        [77.58411, 18.45543],
        [77.58402, 18.45561],
        [77.5839, 18.4559],
        [77.5836, 18.4562],
        [77.58359, 18.4562],
        [77.5828, 18.4564],
        [77.58, 18.4572],
        [77.57883, 18.45747],
        [77.5774, 18.4578],
        [77.5748, 18.4584],
        [77.57391, 18.45854],
        [77.5729, 18.4587],
        [77.57171, 18.45884],
        [77.5704, 18.459],
        [77.56894, 18.45915],
        [77.5685, 18.45921],
        [77.56824, 18.45923],
        [77.5677, 18.4593],
        [77.5677, 18.4595],
        [77.5677, 18.4595],
        [77.5677, 18.45954],
        [77.56736, 18.45959],
        [77.5673, 18.4596],
        [77.56714, 18.45962],
        [77.5664, 18.4597],
        [77.5647, 18.4598],
        [77.5645, 18.4598],
        [77.56441, 18.45989],
        [77.5644, 18.4599],
        [77.5644, 18.4602],
        [77.56437, 18.46042],
        [77.5643, 18.4609],
        [77.56395, 18.4609],
        [77.5635, 18.4609],
        [77.56182, 18.46082],
        [77.56153, 18.46081],
        [77.5613, 18.46079],
        [77.56, 18.4607],
        [77.5592, 18.4606],
        [77.55846, 18.4606],
        [77.5573, 18.4606],
        [77.55454, 18.46043],
        [77.5524, 18.4603],
        [77.55191, 18.46026],
        [77.5513, 18.4602],
        [77.5512, 18.4603],
        [77.5512, 18.4603],
        [77.5511, 18.4609],
        [77.55104, 18.46107],
        [77.551, 18.46125],
        [77.55098, 18.46133],
        [77.5509, 18.462],
        [77.5508, 18.4623],
        [77.5507, 18.4629],
        [77.5506, 18.4633],
        [77.55045, 18.46396],
        [77.5503, 18.4646],
        [77.5503, 18.4655],
        [77.5503, 18.4655],
        [77.55, 18.466],
        [77.54936, 18.46632],
        [77.54903, 18.46652],
        [77.549, 18.46656],
        [77.549, 18.4666],
        [77.5489, 18.4667],
        [77.5488, 18.4669],
        [77.54871, 18.46699],
        [77.5487, 18.467],
        [77.5488, 18.468],
        [77.54896, 18.46816],
        [77.5491, 18.4683],
        [77.54919, 18.46839],
        [77.54955, 18.4684],
        [77.5496, 18.4684],
        [77.54966, 18.4684],
        [77.5497, 18.4684],
        [77.5506, 18.4684],
        [77.5507, 18.4684],
        [77.5519, 18.4684],
        [77.55261, 18.46835],
        [77.5533, 18.4683],
        [77.5565, 18.4683],
        [77.55724, 18.46834],
        [77.5582, 18.4684],
        [77.5587, 18.4684],
        [77.5603, 18.4684],
        [77.56071, 18.46847],
        [77.5609, 18.4685],
        [77.56117, 18.46937],
        [77.56132, 18.46981],
        [77.56138, 18.46988],
        [77.5615, 18.47],
        [77.5618, 18.4701],
        [77.5624, 18.4701],
        [77.5632, 18.4699],
        [77.5657, 18.4695],
        [77.5675, 18.4694],
        [77.56867, 18.46947],
        [77.56913, 18.46949],
        [77.56956, 18.4695],
        [77.5709, 18.4695],
        [77.5716, 18.4695],
        [77.57246, 18.46957],
        [77.5728, 18.4696],
        [77.5732, 18.4696],
        [77.5732, 18.47],
        [77.57324, 18.47011],
        [77.5733, 18.4703],
        [77.5733, 18.4705],
        [77.57336, 18.47115],
        [77.5734, 18.4716],
        [77.5734, 18.4718],
        [77.5737, 18.4737],
        [77.57375, 18.47401],
        [77.574, 18.4756],
        [77.5742, 18.4773],
        [77.57427, 18.47782],
        [77.5743, 18.478],
        [77.5749, 18.4781],
        [77.5751, 18.4782],
        [77.57528, 18.47826],
        [77.5754, 18.4783],
        [77.5754, 18.47847],
        [77.5754, 18.4786],
        [77.57554, 18.47914],
        [77.5756, 18.4794],
        [77.5759, 18.4819],
        [77.57599, 18.48287],
        [77.57601, 18.48303],
        [77.57604, 18.4832],
        [77.5765, 18.4853],
        [77.57679, 18.48657],
        [77.5768, 18.4866],
        [77.5787, 18.4862],
        [77.5794, 18.4861],
        [77.5805, 18.4859],
        [77.582, 18.4856],
        [77.5822, 18.4856],
        [77.58321, 18.48544],
        [77.5835, 18.4854],
        [77.5845, 18.4852],
        [77.58479, 18.48516],
        [77.5859, 18.485],
        [77.5883, 18.4849],
        [77.59074, 18.4847],
        [77.5908, 18.4847],
        [77.5923, 18.4846],
        [77.59232, 18.4846],
        [77.5927, 18.4846],
        [77.5928, 18.4827],
        [77.5928, 18.4821],
        [77.59288, 18.48161],
        [77.5929, 18.4815],
        [77.5931, 18.4807],
        [77.59351, 18.47983],
        [77.5938, 18.4792],
        [77.594, 18.4784],
        [77.5941, 18.4781],
        [77.5942, 18.4776],
        [77.5942, 18.47734],
        [77.5942, 18.4773],
        [77.59421, 18.47728],
        [77.5946, 18.4767],
        [77.59469, 18.47661],
        [77.5947, 18.4766],
        [77.59483, 18.47663],
        [77.5952, 18.4767],
        [77.5961, 18.4767],
        [77.59688, 18.4767],
        [77.5973, 18.4767],
        [77.5977, 18.4766],
        [77.59791, 18.4766],
        [77.5981, 18.4766],
        [77.5986, 18.4765],
        [77.6002, 18.4766],
        [77.6015, 18.4766],
        [77.6019, 18.4766],
        [77.6029, 18.4766],
        [77.60301, 18.47656],
        [77.6032, 18.4765],
        [77.6035, 18.4765],
        [77.6035, 18.47709],
        [77.6035, 18.4775],
        [77.6036, 18.4797],
        [77.60376, 18.48099],
        [77.6039, 18.4822],
        [77.6039, 18.48268],
        [77.6039, 18.4827],
        [77.6039, 18.4831],
        [77.6041, 18.4835],
        [77.60426, 18.48381],
        [77.6043, 18.4839],
        [77.6046, 18.4844],
        [77.6049, 18.4854],
        [77.6056, 18.4866],
        [77.60575, 18.4869],
        [77.6063, 18.488],
        [77.60644, 18.48856],
        [77.60651, 18.48876],
        [77.6065, 18.489],
        [77.6064, 18.4892],
        [77.606, 18.4897],
        [77.60569, 18.49019],
        [77.6053, 18.4908],
        [77.60476, 18.49159],
        [77.6044, 18.4921],
        [77.6043, 18.4922],
        [77.604, 18.4925],
        [77.6039, 18.4929],
        [77.604, 18.4932],
        [77.60409, 18.49326],
        [77.6043, 18.4934],
        [77.60431, 18.49343],
        [77.6045, 18.4942],
        [77.60464, 18.49443],
        [77.6048, 18.4947],
        [77.605, 18.4957],
        [77.605, 18.496],
        [77.60497, 18.496],
        [77.6037, 18.496],
        [77.6029, 18.496],
        [77.6011, 18.496],
        [77.6002, 18.496],
        [77.59996, 18.49602],
        [77.599, 18.4961],
        [77.59792, 18.496],
        [77.5968, 18.4959],
        [77.5954, 18.4958],
        [77.5952, 18.4958],
        [77.59495, 18.49586],
        [77.5948, 18.4959],
        [77.5948, 18.4964],
        [77.5948, 18.4976],
        [77.59473, 18.4976],
        [77.59468, 18.49764],
        [77.59463, 18.49769],
        [77.59456, 18.49772],
        [77.5942, 18.4979],
        [77.59403, 18.49798],
        [77.5936, 18.4982],
        [77.5932, 18.4986],
        [77.59319, 18.49861],
        [77.5931, 18.4987],
        [77.59285, 18.49889],
        [77.59222, 18.4994],
        [77.59189, 18.49967],
        [77.5915, 18.5],
        [77.59138, 18.50008],
        [77.5912, 18.5002],
        [77.59037, 18.50099],
        [77.5893, 18.502],
        [77.58898, 18.50219],
        [77.58877, 18.50235],
        [77.58868, 18.50242],
        [77.5885, 18.5026],
        [77.58812, 18.50286],
        [77.5879, 18.503],
        [77.5871, 18.5036],
        [77.5866, 18.50402],
        [77.58653, 18.50408],
        [77.5865, 18.5041],
        [77.5865, 18.5047],
        [77.58666, 18.50682],
        [77.5868, 18.5087],
        [77.5869, 18.5094],
        [77.58708, 18.50976],
        [77.5874, 18.51039],
        [77.58744, 18.5105],
        [77.5877, 18.5112],
        [77.5881, 18.5123],
        [77.58832, 18.51281],
        [77.58839, 18.51295],
        [77.58843, 18.51303],
        [77.5885, 18.5131],
        [77.58864, 18.51318],
        [77.58879, 18.51328],
        [77.58897, 18.51333],
        [77.5893, 18.5134],
        [77.58949, 18.51349],
        [77.58969, 18.51356],
        [77.58985, 18.5136],
        [77.59, 18.5136],
        [77.5903, 18.5137],
        [77.5909, 18.5138],
        [77.59132, 18.51401],
        [77.59148, 18.51407],
        [77.59181, 18.51419],
        [77.5925, 18.5144],
        [77.5944, 18.5152],
        [77.59476, 18.51535],
        [77.5951, 18.5155],
        [77.5957, 18.5156],
        [77.5969, 18.5158],
        [77.5971, 18.5159],
        [77.59756, 18.51599],
        [77.5976, 18.516],
        [77.5976, 18.516],
        [77.59762, 18.51601],
        [77.59763, 18.51637],
        [77.5977, 18.5173],
        [77.5977, 18.5175],
        [77.5983, 18.5181],
        [77.5987, 18.5185],
        [77.5999, 18.5196],
        [77.60023, 18.52012],
        [77.6004, 18.5204],
        [77.6007, 18.52268],
        [77.6007, 18.5227],
        [77.60066, 18.52279],
        [77.6005, 18.5231],
        [77.6003, 18.5233],
        [77.6002, 18.5234],
        [77.6, 18.5236],
        [77.5995, 18.5241],
        [77.5995, 18.52434],
        [77.5995, 18.5248],
        [77.59963, 18.52507],
        [77.5998, 18.5254],
        [77.6, 18.5256],
        [77.60057, 18.52601],
        [77.60066, 18.52607],
        [77.60066, 18.52607],
        [77.6007, 18.5261],
        [77.60085, 18.52628],
        [77.60122, 18.52669],
        [77.60114, 18.52692],
        [77.601, 18.5274],
        [77.6008, 18.5278],
        [77.6001, 18.528],
        [77.5988, 18.5284],
        [77.59862, 18.52846],
        [77.5982, 18.5286],
        [77.598, 18.52895],
        [77.5978, 18.5293],
        [77.5974, 18.5302],
        [77.59695, 18.53035],
        [77.5968, 18.5304],
        [77.5961, 18.5302],
        [77.5959, 18.5297],
        [77.59564, 18.52925],
        [77.5955, 18.529],
        [77.595, 18.5285],
        [77.5948, 18.5283],
        [77.5943, 18.5279],
        [77.5937, 18.5274],
        [77.59265, 18.52654],
        [77.59261, 18.52651],
        [77.59257, 18.52648],
        [77.5923, 18.5263],
        [77.59161, 18.5261],
        [77.5916, 18.5262],
        [77.5916, 18.5263],
        [77.5915, 18.5267],
        [77.5915, 18.52727],
        [77.59152, 18.52741],
        [77.5917, 18.5286],
        [77.5922, 18.5301],
        [77.5922, 18.5301],
        [77.59221, 18.53013],
        [77.59224, 18.53038],
        [77.5925, 18.5321],
        [77.5929, 18.5327],
        [77.5933, 18.5333],
        [77.5939, 18.53399],
        [77.594, 18.5341],
        [77.595, 18.5349],
        [77.59525, 18.53511],
        [77.5956, 18.5354],
        [77.5959, 18.5359],
        [77.59632, 18.5374],
        [77.5966, 18.5384],
        [77.59656, 18.53857],
        [77.5965, 18.5388],
        [77.5963, 18.5391],
        [77.5963, 18.53914],
        [77.5963, 18.5392],
        [77.5961, 18.5395],
        [77.5959, 18.5398],
        [77.5957, 18.5401],
        [77.5957, 18.5402],
        [77.5957, 18.54033],
        [77.59571, 18.54042],
        [77.59571, 18.54044],
        [77.5958, 18.5407],
        [77.5958, 18.541],
        [77.5959, 18.5415],
        [77.5959, 18.54171],
        [77.5959, 18.542],
        [77.59627, 18.54394],
        [77.5968, 18.5467],
        [77.5969, 18.549],
        [77.59706, 18.54904],
        [77.5994, 18.5497],
        [77.6021, 18.5501],
        [77.60321, 18.55027],
        [77.6034, 18.5503],
        [77.60369, 18.55033],
        [77.6051, 18.5505],
        [77.6062, 18.5504],
        [77.6068, 18.5503],
        [77.607, 18.5503],
        [77.6072, 18.5503],
        [77.60726, 18.55024],
        [77.6073, 18.5502],
        [77.6075, 18.5502],
        [77.6077, 18.5502],
        [77.6078, 18.5502],
        [77.60794, 18.55013],
        [77.608, 18.5501],
        [77.60806, 18.5501],
        [77.60809, 18.55009],
        [77.60842, 18.55005],
        [77.6088, 18.55],
        [77.60887, 18.55],
        [77.609, 18.55],
        [77.6093, 18.55],
        [77.6095, 18.54996],
        [77.6098, 18.5499],
        [77.61, 18.5499],
        [77.61012, 18.54996],
        [77.6102, 18.55],
        [77.6107, 18.5501],
        [77.6109, 18.5501],
        [77.61127, 18.5501],
        [77.6116, 18.5501],
        [77.61173, 18.55019],
        [77.6119, 18.5503],
        [77.6127, 18.5505],
        [77.6135, 18.5507],
        [77.61422, 18.55078],
        [77.6144, 18.5508],
        [77.6154, 18.5509],
        [77.62038, 18.5511],
        [77.6205, 18.5511],
        [77.62056, 18.55112],
        [77.6212, 18.5513],
        [77.6222, 18.5515],
        [77.6244, 18.5519],
        [77.6246, 18.5519],
        [77.6258, 18.552],
        [77.62582, 18.552],
        [77.626, 18.552],
        [77.6269, 18.552],
        [77.62739, 18.55229],
        [77.62752, 18.55227],
        [77.6284, 18.552],
        [77.62886, 18.55182],
        [77.62895, 18.55158],
        [77.6288, 18.5515],
        [77.62844, 18.55034],
        [77.6284, 18.5502],
        [77.6282, 18.5488],
        [77.6282, 18.5483],
        [77.62835, 18.54808],
        [77.62837, 18.54804],
        [77.62839, 18.54802],
        [77.62841, 18.54798],
        [77.6286, 18.5476],
        [77.6294, 18.5468],
        [77.6294, 18.5468],
        [77.6295, 18.5468],
        [77.6307, 18.5458],
        [77.6311, 18.5456],
        [77.63146, 18.54542],
        [77.6319, 18.5452],
        [77.6328, 18.5448],
        [77.6345, 18.5439],
        [77.63451, 18.54391],
        [77.63451, 18.54391],
        [77.63454, 18.54398],
        [77.6349, 18.5447],
        [77.6349, 18.54479],
        [77.6349, 18.5449],
        [77.635, 18.545],
        [77.6351, 18.5451],
        [77.6356, 18.5459],
        [77.6361, 18.5467],
        [77.63614, 18.54679],
        [77.6362, 18.5469],
        [77.6363, 18.5471],
        [77.6363, 18.54711],
        [77.6363, 18.5472],
        [77.6368, 18.5481],
        [77.6369, 18.5483],
        [77.63696, 18.54836],
        [77.637, 18.5484],
        [77.6376, 18.5498],
        [77.63768, 18.55003],
        [77.63773, 18.55012],
        [77.6378, 18.55023],
        [77.638, 18.5505],
        [77.638, 18.55059],
        [77.63801, 18.55061],
        [77.6381, 18.5507],
        [77.6382, 18.551],
        [77.6383, 18.5511],
        [77.6383, 18.5512],
        [77.6383, 18.55127],
        [77.63831, 18.55131],
        [77.63859, 18.55206],
        [77.6386, 18.55209],
        [77.6386, 18.5521],
        [77.6386, 18.55211],
        [77.63861, 18.55216],
        [77.63865, 18.55225],
        [77.6387, 18.5523],
        [77.63878, 18.55255],
        [77.6388, 18.5526],
        [77.6397, 18.5546],
        [77.6398, 18.55481],
        [77.6399, 18.555],
        [77.64001, 18.55511],
        [77.64005, 18.55515],
        [77.64006, 18.55516],
        [77.6401, 18.5552],
        [77.6407, 18.5552],
        [77.6417, 18.5552],
        [77.6452, 18.5553],
        [77.64702, 18.55515],
        [77.6476, 18.5551],
        [77.64782, 18.5551],
        [77.6484, 18.5551],
        [77.6483, 18.5532],
        [77.65073, 18.55249],
        [77.65239, 18.552],
        [77.6524, 18.552],
        [77.6516, 18.5486],
        [77.65, 18.5425],
        [77.6496, 18.5414],
        [77.64959, 18.54139],
        [77.64945, 18.54133],
        [77.64935, 18.54128],
        [77.64924, 18.54123],
        [77.64889, 18.54108],
        [77.6487, 18.541],
        [77.64859, 18.54097],
        [77.6474, 18.5406],
        [77.6468, 18.5402],
        [77.6466, 18.5397],
        [77.6464, 18.5391],
        [77.64662, 18.53902],
        [77.6472, 18.5388],
        [77.6483, 18.538],
        [77.64877, 18.53733],
        [77.649, 18.537],
        [77.6493, 18.5366],
        [77.6496, 18.536],
        [77.65001, 18.53509],
        [77.6506, 18.5338],
        [77.65071, 18.53369],
        [77.6508, 18.5336],
        [77.6522, 18.5321],
        [77.6529, 18.5317],
        [77.65387, 18.53125],
        [77.6542, 18.5311],
        [77.65505, 18.5311],
        [77.65547, 18.53109],
        [77.65572, 18.53113],
        [77.657, 18.5313],
        [77.6579, 18.53155],
        [77.6588, 18.5318],
        [77.6607, 18.5319],
        [77.66131, 18.53195],
        [77.6619, 18.532],
        [77.6625, 18.5323],
        [77.66275, 18.53258],
        [77.6632, 18.5331],
        [77.66372, 18.53427],
        [77.664, 18.5349],
        [77.6648, 18.5357],
        [77.6658, 18.5363],
        [77.6673, 18.537],
        [77.6689, 18.538],
        [77.67041, 18.53904],
        [77.67046, 18.53907],
        [77.67127, 18.53943],
        [77.6719, 18.5397],
        [77.67266, 18.54035],
        [77.67331, 18.5409],
        [77.67348, 18.54105],
        [77.6749, 18.5422],
        [77.67565, 18.54278],
        [77.6758, 18.5429],
        [77.6769, 18.5437],
        [77.6795, 18.5451],
        [77.6807, 18.54538],
        [77.6821, 18.5457],
        [77.6846, 18.5452],
        [77.6859, 18.5446],
        [77.687, 18.5447],
        [77.68751, 18.54476],
        [77.6878, 18.5448],
        [77.6885, 18.5451],
        [77.6895, 18.5458],
        [77.6909, 18.5471],
        [77.69186, 18.54782],
        [77.6929, 18.5486],
        [77.69397, 18.54936],
        [77.6946, 18.5498],
        [77.6959, 18.5512],
        [77.69661, 18.55191],
        [77.6973, 18.5526],
        [77.698, 18.55317],
        [77.69845, 18.55352],
        [77.69869, 18.55368],
        [77.6997, 18.5543],
        [77.7011, 18.555],
        [77.70204, 18.55538],
        [77.7021, 18.5554],
        [77.7031, 18.5556],
        [77.70376, 18.55565],
        [77.7044, 18.5557],
        [77.7058, 18.5558],
        [77.7081, 18.5563],
        [77.70929, 18.55641],
        [77.7102, 18.5565],
        [77.7115, 18.5565],
        [77.71174, 18.55645],
        [77.7124, 18.5563],
        [77.7133, 18.556],
        [77.71424, 18.55565],
        [77.7152, 18.5553],
        [77.71581, 18.55503],
        [77.7168, 18.5546],
        [77.71912, 18.55412],
        [77.71915, 18.55411],
        [77.71916, 18.55411],
        [77.7192, 18.5541],
        [77.7198, 18.554],
        [77.72002, 18.55397],
        [77.7212, 18.5538],
        [77.72243, 18.55364],
        [77.7227, 18.5536],
        [77.7242, 18.5535],
        [77.72484, 18.55371],
        [77.7254, 18.5539],
        [77.72574, 18.554],
        [77.7261, 18.5541],
        [77.7274, 18.5547],
        [77.7301, 18.5556],
        [77.7317, 18.556],
        [77.7351, 18.5565],
        [77.7378, 18.5569],
        [77.73802, 18.55694],
        [77.73829, 18.55696],
        [77.73863, 18.55698],
        [77.73865, 18.55698],
        [77.73896, 18.55708],
        [77.73926, 18.55718],
        [77.73953, 18.55726],
        [77.7414, 18.55787],
        [77.74639, 18.55884],
        [77.74712, 18.55688],
        [77.74793, 18.55616],
        [77.74883, 18.55538],
        [77.75104, 18.55395],
        [77.75318, 18.55131],
        [77.75668, 18.54317],
        [77.75832, 18.53703],
        [77.76124, 18.52872],
        [77.76295, 18.52469],
        [77.76324, 18.51921],
        [77.76319, 18.51843],
        [77.76271, 18.51071],
        [77.76164, 18.50482],
        [77.76134, 18.50259],
        [77.76161, 18.49811],
        [77.76163, 18.49781],
        [77.76015, 18.49113],
        [77.75974, 18.49003],
        [77.76015, 18.48639],
        [77.75953, 18.47877],
        [77.75929, 18.47588],
        [77.75814, 18.47138],
        [77.75988, 18.4695],
        [77.76071, 18.4686],
        [77.76515, 18.46019],
        [77.76904, 18.45463],
        [77.77178, 18.45128],
        [77.77319, 18.45066],
        [77.77602, 18.44833],
        [77.77684, 18.44724],
        [77.77886, 18.44456],
        [77.77938, 18.43986],
        [77.78192, 18.43397],
        [77.78563, 18.42826],
        [77.78728, 18.42533],
        [77.79027, 18.42076],
        [77.79144, 18.41697],
        [77.79206, 18.41498],
        [77.79527, 18.40948],
        [77.79613, 18.40792],
        [77.79727, 18.40584],
        [77.79773, 18.40557],
        [77.80348, 18.4022],
        [77.81133, 18.39692],
        [77.81304, 18.39647],
        [77.81797, 18.39313],
        [77.8205, 18.39175],
        [77.82097, 18.39149],
        [77.82364, 18.38918],
        [77.82711, 18.38571],
        [77.83077, 18.382],
        [77.8322, 18.38051],
        [77.83287, 18.37981],
        [77.83739, 18.37524],
        [77.8391, 18.37372],
        [77.8408, 18.37233],
        [77.84313, 18.37047],
        [77.84574, 18.36847],
        [77.84743, 18.36722],
        [77.84916, 18.36594],
        [77.85038, 18.36499],
        [77.85129, 18.36427],
        [77.85426, 18.36216],
        [77.85545, 18.36071],
        [77.85837, 18.35839],
        [77.86131, 18.35619],
        [77.86227, 18.35547],
        [77.86426, 18.35399],
        [77.86714, 18.3508],
        [77.86875, 18.3478],
        [77.86915, 18.34697],
        [77.8706, 18.34302],
        [77.8706, 18.34114],
        [77.87149, 18.33792],
        [77.87152, 18.33782],
        [77.8722, 18.33565],
        [77.87384, 18.33044],
        [77.87414, 18.32949],
        [77.8749, 18.32842],
        [77.87717, 18.3252],
        [77.87907, 18.32314],
        [77.88092, 18.32113],
        [77.88424, 18.32208],
        [77.88438, 18.32211],
        [77.88452, 18.32213],
        [77.88534, 18.32226],
        [77.88552, 18.32229],
        [77.88599, 18.32237],
        [77.88625, 18.32242],
        [77.88639, 18.32244],
        [77.88706, 18.32216],
        [77.88785, 18.32181],
        [77.8879, 18.32179],
        [77.88944, 18.32148],
        [77.8897, 18.32142],
        [77.89154, 18.32044],
        [77.89167, 18.3204],
        [77.8926, 18.32013],
        [77.89276, 18.32008],
        [77.89283, 18.32006],
        [77.89303, 18.32001],
        [77.89331, 18.31994],
        [77.89461, 18.31961],
        [77.89573, 18.31933],
        [77.8965, 18.31914],
        [77.89659, 18.31913],
        [77.89684, 18.31931],
        [77.89836, 18.31942],
        [77.89852, 18.31943],
        [77.89884, 18.31945],
        [77.89898, 18.3195],
        [77.89917, 18.31956],
        [77.89973, 18.31975],
        [77.90007, 18.31991],
        [77.90088, 18.32023],
        [77.9011, 18.32031],
        [77.90165, 18.32018],
        [77.9018, 18.32016],
        [77.90201, 18.32013],
        [77.90266, 18.31994],
        [77.90276, 18.31991],
        [77.90294, 18.31988],
        [77.90304, 18.31985],
        [77.90322, 18.31984],
        [77.9033, 18.31983],
        [77.90354, 18.31982],
        [77.90362, 18.31982],
        [77.90396, 18.31985],
        [77.90412, 18.31973],
        [77.90445, 18.31968],
        [77.90491, 18.31962],
        [77.90497, 18.31962],
        [77.90502, 18.31959],
        [77.90517, 18.31955],
        [77.9055, 18.31947],
        [77.90571, 18.31942],
        [77.90612, 18.31929],
        [77.90671, 18.31926],
        [77.90678, 18.31926],
        [77.90683, 18.31925],
        [77.90726, 18.31914],
        [77.90758, 18.31906],
        [77.90763, 18.31904],
        [77.90769, 18.31904],
        [77.90821, 18.31892],
        [77.90855, 18.31885],
        [77.90862, 18.31884],
        [77.90868, 18.31883],
        [77.90929, 18.3186],
        [77.90956, 18.31854],
        [77.90964, 18.3185],
        [77.91007, 18.31832],
        [77.91054, 18.31811],
        [77.91064, 18.31807],
        [77.91073, 18.31806],
        [77.91097, 18.31803],
        [77.91102, 18.31802],
        [77.91136, 18.31798],
        [77.91142, 18.31798],
        [77.91148, 18.31798],
        [77.91224, 18.31791],
        [77.91231, 18.31793],
        [77.91237, 18.3179],
        [77.91283, 18.31782],
        [77.91323, 18.31774],
        [77.91338, 18.31772],
        [77.91345, 18.3177],
        [77.91367, 18.31765],
        [77.91385, 18.3176],
        [77.91392, 18.31758],
        [77.91402, 18.31755],
        [77.91413, 18.31756],
        [77.91424, 18.3175],
        [77.91429, 18.31748],
        [77.91437, 18.31745],
        [77.91456, 18.31743],
        [77.91495, 18.31738],
        [77.91505, 18.31737],
        [77.91534, 18.31734],
        [77.91556, 18.31732],
        [77.91587, 18.3173],
        [77.91618, 18.31728],
        [77.91765, 18.31759],
        [77.91793, 18.31765],
        [77.91873, 18.31691],
        [77.9193, 18.31638],
        [77.91936, 18.31632],
        [77.91944, 18.31625],
        [77.91951, 18.31618],
        [77.91956, 18.31613],
        [77.91972, 18.31595],
        [77.91986, 18.31578],
        [77.92088, 18.3159],
        [77.92122, 18.31593],
        [77.9214, 18.31596],
        [77.92165, 18.31594],
        [77.92179, 18.31599],
        [77.92207, 18.316],
        [77.92221, 18.31601],
        [77.92244, 18.31603],
        [77.92316, 18.31612],
        [77.92339, 18.31689],
        [77.92366, 18.31792],
        [77.92394, 18.31924],
        [77.92426, 18.32074],
        [77.92442, 18.32147],
        [77.92468, 18.32203],
        [77.92507, 18.32288],
        [77.9252, 18.32346],
        [77.92555, 18.32476],
        [77.92558, 18.32484],
        [77.92576, 18.32558],
        [77.9256, 18.32664],
        [77.92543, 18.3279],
        [77.92553, 18.32819],
        [77.92604, 18.32945],
        [77.92653, 18.33074],
        [77.92698, 18.33196],
        [77.92754, 18.33325],
        [77.92804, 18.33439],
        [77.9285, 18.33547],
        [77.92895, 18.33679],
        [77.9294, 18.3381],
        [77.92979, 18.33921],
        [77.93002, 18.33975],
        [77.93091, 18.33999],
        [77.93107, 18.34005],
        [77.93128, 18.34011],
        [77.92804, 18.34182],
        [77.92732, 18.34223],
        [77.92647, 18.34253],
        [77.92681, 18.3428],
        [77.93013, 18.34554],
        [77.9367, 18.34331],
        [77.93715, 18.34279],
        [77.93786, 18.34242],
        [77.93856, 18.34225],
        [77.93931, 18.34214],
        [77.94048, 18.34194],
        [77.9412, 18.34186],
        [77.94281, 18.34215],
        [77.94415, 18.34198],
        [77.9451, 18.34231],
        [77.94775, 18.34237],
        [77.94989, 18.34592],
        [77.95156, 18.34514],
        [77.95258, 18.34445],
        [77.95273, 18.34365],
        [77.95339, 18.34339],
        [77.95316, 18.34289],
        [77.95713, 18.3406],
        [77.9604, 18.3388],
        [77.96061, 18.33864],
        [77.96107, 18.33848],
        [77.9614, 18.33883],
        [77.96174, 18.33912],
        [77.96271, 18.33983],
        [77.96299, 18.33991],
        [77.96363, 18.34009],
        [77.96453, 18.33988],
        [77.96515, 18.33985],
        [77.96563, 18.33983],
        [77.96715, 18.33949],
        [77.96801, 18.33931],
        [77.96909, 18.33893],
        [77.97006, 18.33848],
        [77.97087, 18.33942],
        [77.97213, 18.34157],
        [77.97324, 18.34311],
        [77.97373, 18.34309],
        [77.97383, 18.34309],
        [77.97423, 18.34306],
        [77.97445, 18.34303],
        [77.97462, 18.34302],
        [77.97498, 18.34304],
        [77.97537, 18.34296],
        [77.97606, 18.34301],
        [77.97631, 18.34308],
        [77.97729, 18.34311],
        [77.97779, 18.34288],
        [77.97795, 18.3428],
        [77.97896, 18.34308],
        [77.97909, 18.34309],
        [77.98827, 18.32041],
        [77.98913, 18.31828],
        [77.98642, 18.3168],
        [77.98523, 18.31615],
        [77.9838, 18.31578],
        [77.97928, 18.31457],
        [77.97768, 18.31414],
        [77.97736, 18.31271],
        [77.97682, 18.31022],
        [77.97643, 18.30846],
        [77.97586, 18.30585],
        [77.9756, 18.30463],
        [77.97543, 18.30383],
        [77.9736, 18.30168],
        [77.9733, 18.30136],
        [77.97251, 18.30054],
        [77.97151, 18.29878],
        [77.96941, 18.2964],
        [77.96889, 18.29573],
        [77.96865, 18.29516],
        [77.96674, 18.29277],
        [77.96489, 18.28916],
        [77.96445, 18.28839],
        [77.96591, 18.28778],
        [77.96723, 18.28724],
        [77.9702, 18.28598],
        [77.97122, 18.28555],
        [77.96894, 18.28298],
        [77.96826, 18.28224],
        [77.96798, 18.28194],
        [77.96944, 18.28063],
        [77.97112, 18.2807],
        [77.97203, 18.28073],
        [77.97208, 18.28071],
        [77.97249, 18.28062],
        [77.97458, 18.28007],
        [77.97648, 18.27985],
        [77.97902, 18.27952],
        [77.97788, 18.27654],
        [77.9775, 18.2755],
        [77.97924, 18.2741],
        [77.9794, 18.2737],
        [77.97977, 18.27339],
        [77.98088, 18.27311],
        [77.98193, 18.27288],
        [77.98216, 18.27253],
        [77.98223, 18.27246],
        [77.98346, 18.27172],
        [77.98348, 18.27126],
        [77.9842, 18.26886],
        [77.98488, 18.26766],
        [77.98508, 18.2673],
        [77.98513, 18.26716],
        [77.98518, 18.26697],
        [77.9858, 18.26587],
        [77.98697, 18.26548],
        [77.98781, 18.26521],
        [77.98828, 18.26502],
        [77.98922, 18.26473],
        [77.99, 18.26448],
        [77.99006, 18.26443],
        [77.99053, 18.26415],
        [77.99078, 18.26379],
        [77.99052, 18.26224],
        [77.99011, 18.2597],
        [77.98968, 18.25755],
        [77.98948, 18.25724],
        [77.9888, 18.25604],
        [77.98875, 18.25596],
        [77.98861, 18.25571],
        [77.98799, 18.25467],
        [77.98793, 18.25456],
        [77.98726, 18.25343],
        [77.98673, 18.25367],
        [77.98663, 18.25372],
        [77.9855, 18.25419],
        [77.98534, 18.25425],
        [77.98524, 18.2542],
        [77.98505, 18.2541],
        [77.98471, 18.25393],
        [77.9843, 18.25371],
        [77.98412, 18.25361],
        [77.98352, 18.25329],
        [77.98343, 18.2533],
        [77.98332, 18.25332],
        [77.9832, 18.25334],
        [77.98228, 18.25349],
        [77.98189, 18.25308],
        [77.98161, 18.25317],
        [77.98125, 18.25329],
        [77.98102, 18.25336],
        [77.98096, 18.25338],
        [77.9806, 18.25299],
        [77.9806, 18.25293],
        [77.98049, 18.25277],
        [77.98027, 18.25241],
        [77.98021, 18.25236],
        [77.98021, 18.2523],
        [77.98012, 18.25207],
        [77.98009, 18.25199],
        [77.98008, 18.25194],
        [77.98006, 18.25187],
        [77.97996, 18.25162],
        [77.9799, 18.25146],
        [77.97984, 18.25144],
        [77.97979, 18.25143],
        [77.97978, 18.25137],
        [77.97978, 18.25131],
        [77.97971, 18.25124],
        [77.9797, 18.25115],
        [77.9797, 18.25107],
        [77.97957, 18.25102],
        [77.97952, 18.251],
        [77.97944, 18.25099],
        [77.97939, 18.25092],
        [77.97915, 18.25095],
        [77.97895, 18.25081],
        [77.97876, 18.25079],
        [77.97872, 18.25074],
        [77.97869, 18.25067],
        [77.97856, 18.25065],
        [77.97844, 18.25068],
        [77.97837, 18.25069],
        [77.97832, 18.25071],
        [77.97822, 18.25076],
        [77.97802, 18.2509],
        [77.97783, 18.25095],
        [77.97778, 18.25106],
        [77.97775, 18.25118],
        [77.97769, 18.25121],
        [77.97763, 18.25124],
        [77.97752, 18.25121],
        [77.97739, 18.25124],
        [77.97723, 18.25125],
        [77.97711, 18.25132],
        [77.97704, 18.25136],
        [77.97695, 18.25137],
        [77.97685, 18.25128],
        [77.97647, 18.2515],
        [77.97642, 18.25158],
        [77.97638, 18.25171],
        [77.97633, 18.25188],
        [77.9761, 18.25201],
        [77.97612, 18.25208],
        [77.97602, 18.25211],
        [77.97595, 18.25211],
        [77.97591, 18.25206],
        [77.97555, 18.25151],
        [77.9755, 18.25144],
        [77.97542, 18.25132],
        [77.97538, 18.25127],
        [77.97535, 18.25121],
        [77.97517, 18.25117],
        [77.97508, 18.25114],
        [77.97501, 18.2511],
        [77.97496, 18.25108],
        [77.97469, 18.25089],
        [77.97469, 18.25083],
        [77.97469, 18.25078],
        [77.97456, 18.25064],
        [77.97446, 18.25061],
        [77.97424, 18.25055],
        [77.97417, 18.25053],
        [77.97407, 18.25043],
        [77.97385, 18.25003],
        [77.9736, 18.25007],
        [77.97351, 18.24978],
        [77.97343, 18.24978],
        [77.97331, 18.24978],
        [77.97323, 18.24979],
        [77.97315, 18.2498],
        [77.97307, 18.24968],
        [77.97293, 18.24966],
        [77.97291, 18.24961],
        [77.97283, 18.24939],
        [77.97276, 18.24921],
        [77.97251, 18.24917],
        [77.97237, 18.24904],
        [77.97233, 18.24889],
        [77.97229, 18.24878],
        [77.97215, 18.24864],
        [77.97211, 18.24849],
        [77.97193, 18.24851],
        [77.97188, 18.24868],
        [77.97178, 18.24866],
        [77.97172, 18.24866],
        [77.97168, 18.24875],
        [77.97161, 18.24875],
        [77.97142, 18.24866],
        [77.97131, 18.24869],
        [77.97123, 18.24849],
        [77.97093, 18.24857],
        [77.97092, 18.24847],
        [77.97094, 18.24838],
        [77.97114, 18.24833],
        [77.97111, 18.24821],
        [77.97088, 18.24826],
        [77.97082, 18.24825],
        [77.97066, 18.24824],
        [77.97055, 18.24833],
        [77.97048, 18.24833],
        [77.96988, 18.24824],
        [77.96982, 18.24823],
        [77.96975, 18.24824],
        [77.96969, 18.24826],
        [77.96954, 18.24829],
        [77.96946, 18.24828],
        [77.96925, 18.24826],
        [77.9692, 18.24821],
        [77.96912, 18.24814],
        [77.9691, 18.24808],
        [77.96908, 18.24802],
        [77.9689, 18.24801],
        [77.96872, 18.24806],
        [77.96845, 18.24802],
        [77.96824, 18.24792],
        [77.9681, 18.24785],
        [77.96802, 18.24781],
        [77.9679, 18.24798],
        [77.96768, 18.248],
        [77.96765, 18.24793],
        [77.96752, 18.24797],
        [77.96747, 18.24804],
        [77.96735, 18.24808],
        [77.96725, 18.2481],
        [77.96705, 18.24811],
        [77.96689, 18.24813],
        [77.96682, 18.24813],
        [77.96655, 18.24806],
        [77.9664, 18.24807],
        [77.96633, 18.24808],
        [77.96601, 18.24811],
        [77.96597, 18.24803],
        [77.96578, 18.24806],
        [77.96562, 18.2481],
        [77.96556, 18.24812],
        [77.96547, 18.24798],
        [77.96535, 18.24793],
        [77.96501, 18.24781],
        [77.96493, 18.24777],
        [77.96487, 18.24782],
        [77.96478, 18.24789],
        [77.96468, 18.24795],
        [77.96461, 18.24749],
        [77.96453, 18.24735],
        [77.96408, 18.24739],
        [77.96369, 18.24742],
        [77.96353, 18.24747],
        [77.96335, 18.24753],
        [77.96313, 18.24747],
        [77.96231, 18.24726],
        [77.96202, 18.24748],
        [77.96196, 18.24746],
        [77.96175, 18.24741],
        [77.96165, 18.24738],
        [77.96118, 18.24726],
        [77.9611, 18.24726],
        [77.96083, 18.24727],
        [77.96066, 18.24727],
        [77.96056, 18.24728],
        [77.96041, 18.2473],
        [77.96028, 18.2473],
        [77.96018, 18.24736],
        [77.96005, 18.24742],
        [77.95966, 18.24761],
        [77.95955, 18.24765],
        [77.95953, 18.24755],
        [77.95941, 18.24714],
        [77.95903, 18.2466],
        [77.95897, 18.24651],
        [77.95824, 18.24604],
        [77.95795, 18.24584],
        [77.95776, 18.24535],
        [77.9585, 18.24411],
        [77.95919, 18.24297],
        [77.95916, 18.24218],
        [77.95915, 18.24177],
        [77.95914, 18.24127],
        [77.95926, 18.23999],
        [77.95934, 18.23914],
        [77.95933, 18.23908],
        [77.95922, 18.23826],
        [77.95781, 18.23834],
        [77.95776, 18.23834],
        [77.95713, 18.23853],
        [77.95673, 18.23861],
        [77.9564, 18.23862],
        [77.95612, 18.23862],
        [77.95548, 18.23864],
        [77.95528, 18.23859],
        [77.95536, 18.23822],
        [77.95537, 18.23813],
        [77.95544, 18.23745],
        [77.95558, 18.23715],
        [77.9556, 18.23686],
        [77.95562, 18.23673],
        [77.95565, 18.23651],
        [77.95564, 18.23623],
        [77.95564, 18.23608],
        [77.95579, 18.23568],
        [77.95583, 18.23559],
        [77.95591, 18.23537],
        [77.95597, 18.23521],
        [77.95606, 18.23498],
        [77.95612, 18.23481],
        [77.95615, 18.23464],
        [77.95619, 18.23452],
        [77.9563, 18.23406],
        [77.95629, 18.23389],
        [77.95636, 18.23374],
        [77.95636, 18.23348],
        [77.95636, 18.2334],
        [77.95635, 18.23325],
        [77.95635, 18.23306],
        [77.95635, 18.233],
        [77.95638, 18.23295],
        [77.95654, 18.23286],
        [77.95652, 18.23252],
        [77.95656, 18.23243],
        [77.95649, 18.23215],
        [77.95645, 18.232],
        [77.95638, 18.23176],
        [77.95634, 18.23163],
        [77.95631, 18.23152],
        [77.95627, 18.23137],
        [77.95616, 18.23098],
        [77.9559, 18.23002],
        [77.95585, 18.22986],
        [77.95579, 18.22965],
        [77.95571, 18.22935],
        [77.9556, 18.22904],
        [77.95555, 18.22884],
        [77.95549, 18.22863],
        [77.95528, 18.22786],
        [77.95507, 18.22712],
        [77.95496, 18.22673],
        [77.95485, 18.22636],
        [77.95477, 18.22606],
        [77.95462, 18.22557],
        [77.95443, 18.22489],
        [77.95427, 18.22432],
        [77.9541, 18.22373],
        [77.95367, 18.22222],
        [77.95321, 18.22061],
        [77.95371, 18.22048],
        [77.95391, 18.22038],
        [77.95434, 18.22015],
        [77.95477, 18.21992],
        [77.95505, 18.21975],
        [77.95548, 18.2195],
        [77.95572, 18.21936],
        [77.95589, 18.21926],
        [77.95598, 18.21809],
        [77.95601, 18.21817],
        [77.95613, 18.21839],
        [77.95672, 18.21949],
        [77.9572, 18.22036],
        [77.9578, 18.22152],
        [77.95816, 18.2222],
        [77.95874, 18.22331],
        [77.9595, 18.22465],
        [77.95983, 18.22514],
        [77.96007, 18.22549],
        [77.9604, 18.22617],
        [77.96105, 18.22741],
        [77.96154, 18.22832],
        [77.96202, 18.22921],
        [77.96231, 18.22976],
        [77.96247, 18.23007],
        [77.96255, 18.23022],
        [77.96288, 18.23081],
        [77.96317, 18.23133],
        [77.964, 18.23265],
        [77.96405, 18.23273],
        [77.96426, 18.23311],
        [77.96461, 18.2337],
        [77.96476, 18.23395],
        [77.9648, 18.234],
        [77.9649, 18.23412],
        [77.96501, 18.23425],
        [77.96507, 18.23434],
        [77.96518, 18.23449],
        [77.96542, 18.23482],
        [77.96596, 18.23527],
        [77.96605, 18.23549],
        [77.96609, 18.23559],
        [77.96626, 18.23556],
        [77.96637, 18.23553],
        [77.96647, 18.23551],
        [77.96657, 18.23549],
        [77.96663, 18.23547],
        [77.96721, 18.23543],
        [77.96788, 18.23536],
        [77.9683, 18.23523],
        [77.9686, 18.23513],
        [77.96856, 18.2351],
        [77.96828, 18.2349],
        [77.96857, 18.23452],
        [77.96866, 18.23431],
        [77.96871, 18.23428],
        [77.96922, 18.23352],
        [77.96933, 18.23336],
        [77.9694, 18.23325],
        [77.96956, 18.23301],
        [77.9696, 18.23295],
        [77.96985, 18.23252],
        [77.96989, 18.23247],
        [77.96994, 18.23243],
        [77.97001, 18.23232],
        [77.97008, 18.2322],
        [77.97012, 18.23216],
        [77.97032, 18.23187],
        [77.97055, 18.23149],
        [77.97061, 18.23148],
        [77.97098, 18.23138],
        [77.97136, 18.23131],
        [77.9719, 18.23114],
        [77.97239, 18.23099],
        [77.97245, 18.23097],
        [77.97242, 18.23092],
        [77.97242, 18.23072],
        [77.97249, 18.23048],
        [77.97248, 18.23028],
        [77.97246, 18.23013],
        [77.97239, 18.23006],
        [77.97233, 18.23001],
        [77.97238, 18.22994],
        [77.97244, 18.22986],
        [77.97252, 18.22974],
        [77.97254, 18.22969],
        [77.97267, 18.22946],
        [77.97273, 18.22935],
        [77.97275, 18.22931],
        [77.97297, 18.22909],
        [77.97312, 18.22892],
        [77.9732, 18.22861],
        [77.97322, 18.22855],
        [77.97324, 18.2284],
        [77.97304, 18.22819],
        [77.97296, 18.2278],
        [77.97287, 18.2274],
        [77.97277, 18.22692],
        [77.97271, 18.22669],
        [77.97263, 18.22634],
        [77.97259, 18.22615],
        [77.97254, 18.22594],
        [77.97244, 18.2255],
        [77.97235, 18.22509],
        [77.9723, 18.22488],
        [77.97208, 18.22393],
        [77.97185, 18.22299],
        [77.97177, 18.22265],
        [77.9717, 18.2223],
        [77.97157, 18.22167],
        [77.97139, 18.22084],
        [77.97121, 18.22009],
        [77.97113, 18.2197],
        [77.97101, 18.2191],
        [77.97007, 18.219],
        [77.96959, 18.21884],
        [77.96916, 18.2187],
        [77.96893, 18.21857],
        [77.96835, 18.21825],
        [77.96781, 18.21797],
        [77.96772, 18.21795],
        [77.96768, 18.21791],
        [77.96762, 18.21789],
        [77.96755, 18.21789],
        [77.96716, 18.21767],
        [77.96725, 18.21746],
        [77.96734, 18.21729],
        [77.96865, 18.21485],
        [77.97027, 18.21235],
        [77.97104, 18.21118],
        [77.97228, 18.20931],
        [77.97584, 18.20408],
        [77.9785, 18.20007],
        [77.97944, 18.1986],
        [77.98039, 18.19701],
        [77.98069, 18.1965],
        [77.9808, 18.19636],
        [77.98089, 18.19623],
        [77.98143, 18.1953],
        [77.98147, 18.19525],
        [77.98228, 18.19402],
        [77.98239, 18.19386],
        [77.98238, 18.19373],
        [77.98283, 18.18977],
        [77.98319, 18.18667],
        [77.98387, 18.18183],
        [77.98411, 18.18211],
        [77.98461, 18.18271],
        [77.98455, 18.18405],
        [77.98476, 18.18448],
        [77.98514, 18.18508],
        [77.98524, 18.18518],
        [77.98589, 18.18569],
        [77.98596, 18.18579],
        [77.98608, 18.18588],
        [77.98625, 18.18603],
        [77.98651, 18.18648],
        [77.98657, 18.1866],
        [77.9866, 18.18666],
        [77.98666, 18.18676],
        [77.98693, 18.18715],
        [77.98703, 18.18731],
        [77.98725, 18.18752],
        [77.98742, 18.18757],
        [77.98757, 18.18759],
        [77.98787, 18.18763],
        [77.98902, 18.18779],
        [77.98908, 18.18766],
        [77.98917, 18.18732],
        [77.9892, 18.18721],
        [77.98934, 18.18625],
        [77.98933, 18.18547],
        [77.98933, 18.18525],
        [77.98985, 18.18456],
        [77.99023, 18.18406],
        [77.9904, 18.18403],
        [77.99054, 18.18398],
        [77.99071, 18.18391],
        [77.99102, 18.18386],
        [77.99107, 18.18362],
        [77.99077, 18.18336],
        [77.99035, 18.18312],
        [77.99006, 18.18299],
        [77.98998, 18.18296],
        [77.99003, 18.18286],
        [77.99022, 18.18256],
        [77.99048, 18.18219],
        [77.99071, 18.18181],
        [77.99086, 18.18152],
        [77.99147, 18.18126],
        [77.99198, 18.18158],
        [77.99235, 18.1818],
        [77.99225, 18.1821],
        [77.99235, 18.18217],
        [77.99237, 18.1824],
        [77.99337, 18.18196],
        [77.99357, 18.18158],
        [77.99332, 18.18149],
        [77.9934, 18.18123],
        [77.99296, 18.18049],
        [77.99279, 18.18021],
        [77.99287, 18.18001],
        [77.99281, 18.17999],
        [77.99284, 18.17988],
        [77.99302, 18.17978],
        [77.99279, 18.1793],
        [77.99311, 18.17931],
        [77.99341, 18.17925],
        [77.99359, 18.17921],
        [77.99369, 18.17914],
        [77.99406, 18.17901],
        [77.99387, 18.17892],
        [77.9942, 18.1786],
        [77.99406, 18.17834],
        [77.99462, 18.1783],
        [77.99488, 18.17826],
        [77.9951, 18.17848],
        [77.99525, 18.17841],
        [77.99551, 18.17829],
        [77.99575, 18.17812],
        [77.99618, 18.17788],
        [77.99636, 18.1778],
        [77.99671, 18.1776],
        [77.99684, 18.17765],
        [77.99724, 18.17782],
        [77.99774, 18.17771],
        [77.9982, 18.17765],
        [77.9987, 18.17749],
        [77.99924, 18.17766],
        [77.99947, 18.17783],
        [78.00111, 18.1782],
        [78.0007, 18.1773],
        [78.00029, 18.17723],
        [78.00027, 18.17627],
        [78.0006, 18.17598],
        [78.00063, 18.1755],
        [78.00042, 18.17544],
        [77.99988, 18.17589],
        [77.99944, 18.17569],
        [77.99943, 18.17552],
        [77.9989, 18.17491],
        [77.99946, 18.17514],
        [78.00018, 18.17502],
        [78.00027, 18.17485],
        [78.00098, 18.17493],
        [78.00205, 18.17465],
        [78.00175, 18.17381],
        [78.00152, 18.17293],
        [78.00138, 18.17224],
        [78.00135, 18.17207],
        [78.00123, 18.17129],
        [78.00104, 18.16705],
        [78.00102, 18.16672],
        [78.00104, 18.1662],
        [78.00018, 18.16605],
        [77.99937, 18.16653],
        [77.99859, 18.16703],
        [77.99691, 18.16676],
        [77.99649, 18.16669],
        [77.9954, 18.16596],
        [77.99336, 18.16478],
        [77.99243, 18.16424],
        [77.99193, 18.16351],
        [77.99174, 18.1631],
        [77.99152, 18.16248],
        [77.99155, 18.16194],
        [77.9924, 18.16056],
        [77.99373, 18.15984],
        [77.99438, 18.15977],
        [77.99521, 18.15979],
        [77.99569, 18.16001],
        [77.99654, 18.16056],
        [77.99757, 18.16125],
        [77.99809, 18.16163],
        [77.99897, 18.16253],
        [78.00052, 18.16301],
        [78.00132, 18.16267],
        [78.00182, 18.16144],
        [78.00337, 18.16084],
        [78.0043, 18.1607],
        [78.00499, 18.15994],
        [78.00423, 18.15761],
        [78.00406, 18.15656],
        [78.0037, 18.15563],
        [78.00344, 18.15468],
        [78.00366, 18.15366],
        [78.00385, 18.15327],
        [78.00411, 18.15301],
        [78.00542, 18.15235],
        [78.00694, 18.15185],
        [78.00818, 18.15168],
        [78.00909, 18.15054],
        [78.00874, 18.15002],
        [78.00857, 18.14975],
        [78.00782, 18.149],
        [78.007, 18.14825],
        [78.0055, 18.14736],
        [78.00447, 18.14669],
        [78.00389, 18.14632],
        [78.00289, 18.14454],
        [78.00261, 18.14336],
        [78.00343, 18.1419],
        [78.00414, 18.14072],
        [78.00439, 18.13961],
        [78.00403, 18.13872],
        [78.00399, 18.13803],
        [78.00437, 18.1371],
        [78.00487, 18.13641],
        [78.00554, 18.1355],
        [78.00683, 18.1347],
        [78.00793, 18.13419],
        [78.00946, 18.1336],
        [78.01093, 18.13332],
        [78.01187, 18.13297],
        [78.01285, 18.13289],
        [78.01376, 18.13291],
        [78.01463, 18.13314],
        [78.01528, 18.13322],
        [78.01593, 18.13329],
        [78.01663, 18.13331],
        [78.01745, 18.13337],
        [78.0178, 18.13328],
        [78.0173, 18.13301],
        [78.01722, 18.13297],
        [78.01688, 18.13277],
        [78.01682, 18.13272],
        [78.01626, 18.13237],
        [78.01615, 18.13232],
        [78.01607, 18.1323],
        [78.01469, 18.13182],
        [78.01335, 18.13155],
        [78.0122, 18.13127],
        [78.01175, 18.13121],
        [78.01161, 18.1312],
        [78.01057, 18.13116],
        [78.00893, 18.13106],
        [78.00753, 18.13098],
        [78.00708, 18.13096],
        [78.00665, 18.13091],
        [78.00655, 18.1309],
        [78.00646, 18.13088],
        [78.00544, 18.13075],
        [78.00534, 18.13077],
        [78.00496, 18.13083],
        [78.00416, 18.13096],
        [78.00409, 18.13097],
        [78.00332, 18.13091],
        [78.0024, 18.13117],
        [78.00207, 18.13124],
        [78.00196, 18.13126],
        [78.00182, 18.13129],
        [78.00142, 18.13137],
        [78.00102, 18.13136],
        [78.00079, 18.13147],
        [78.00004, 18.13181],
        [77.99997, 18.13181],
        [77.9987, 18.13185],
        [77.99804, 18.13185],
        [77.99797, 18.13186],
        [77.99698, 18.13174],
        [77.99694, 18.13171],
        [77.99687, 18.13176],
        [77.9967, 18.1318],
        [77.99665, 18.13179],
        [77.9966, 18.13181],
        [77.99648, 18.13185],
        [77.99626, 18.1319],
        [77.99619, 18.13192],
        [77.99584, 18.13206],
        [77.99579, 18.13209],
        [77.99574, 18.13211],
        [77.99549, 18.13221],
        [77.99544, 18.13223],
        [77.99537, 18.13227],
        [77.99502, 18.13241],
        [77.99492, 18.13249],
        [77.99485, 18.13252],
        [77.99418, 18.13286],
        [77.99413, 18.13289],
        [77.99409, 18.13286],
        [77.99349, 18.13251],
        [77.99345, 18.13248],
        [77.99339, 18.13246],
        [77.99299, 18.13221],
        [77.99259, 18.13197],
        [77.99135, 18.13121],
        [77.99126, 18.1312],
        [77.99131, 18.13125],
        [77.99146, 18.13143],
        [77.99162, 18.13162],
        [77.99166, 18.13167],
        [77.99109, 18.13237],
        [77.99104, 18.13244],
        [77.99043, 18.13309],
        [77.99039, 18.13314],
        [77.99034, 18.13311],
        [77.99005, 18.13307],
        [77.98913, 18.13293],
        [77.98905, 18.13369],
        [77.98888, 18.13359],
        [77.98884, 18.13345],
        [77.98889, 18.13319],
        [77.98892, 18.13314],
        [77.98887, 18.13312],
        [77.98834, 18.13275],
        [77.98806, 18.13248],
        [77.98799, 18.13246],
        [77.98763, 18.13243],
        [77.9873, 18.13237],
        [77.98725, 18.13236],
        [77.98717, 18.13234],
        [77.98703, 18.13234],
        [77.9869, 18.13244],
        [77.98635, 18.13286],
        [77.986, 18.13295],
        [77.98571, 18.13335],
        [77.98556, 18.13334],
        [77.98547, 18.13333],
        [77.98539, 18.13331],
        [77.98467, 18.13325],
        [77.98454, 18.13318],
        [77.9838, 18.13278],
        [77.9837, 18.13272],
        [77.98299, 18.13234],
        [77.98253, 18.13208],
        [77.98222, 18.13191],
        [77.98216, 18.13187],
        [77.98108, 18.13126],
        [77.98079, 18.1311],
        [77.9802, 18.13076],
        [77.97961, 18.13044],
        [77.97949, 18.13042],
        [77.97898, 18.13034],
        [77.9785, 18.13029],
        [77.97794, 18.12958],
        [77.97791, 18.12953],
        [77.97786, 18.1295],
        [77.97746, 18.12935],
        [77.97679, 18.1295],
        [77.97673, 18.12952],
        [77.97667, 18.12953],
        [77.97632, 18.12962],
        [77.97576, 18.12976],
        [77.97568, 18.12975],
        [77.97565, 18.1298],
        [77.97442, 18.13011],
        [77.97426, 18.13005],
        [77.9742, 18.13002],
        [77.97414, 18.13],
        [77.97371, 18.12983],
        [77.97363, 18.12981],
        [77.97314, 18.12968],
        [77.97261, 18.12976],
        [77.97247, 18.12984],
        [77.97235, 18.12993],
        [77.97219, 18.13003],
        [77.97179, 18.13015],
        [77.97172, 18.13018],
        [77.97058, 18.13064],
        [77.96968, 18.13092],
        [77.96903, 18.13109],
        [77.96859, 18.1312],
        [77.96804, 18.13133],
        [77.96671, 18.1315],
        [77.96634, 18.13157],
        [77.96532, 18.13149],
        [77.9648, 18.13149],
        [77.9633, 18.13136],
        [77.96271, 18.13133],
        [77.96221, 18.13142],
        [77.96104, 18.13161],
        [77.96032, 18.13148],
        [77.95857, 18.13121],
        [77.95821, 18.13101],
        [77.95711, 18.13076],
        [77.95544, 18.13052],
        [77.95496, 18.13041],
        [77.9543, 18.13092],
        [77.95319, 18.13027],
        [77.9527, 18.1302],
        [77.9512, 18.13038],
        [77.94939, 18.13055],
        [77.94769, 18.13035],
        [77.94729, 18.13025],
        [77.94586, 18.13053],
        [77.94546, 18.13031],
        [77.94317, 18.13054],
        [77.94077, 18.13054],
        [77.9408, 18.13003],
        [77.94089, 18.12843],
        [77.94151, 18.1262],
        [77.94164, 18.12565],
        [77.94204, 18.12389],
        [77.94202, 18.12355],
        [77.94195, 18.12357],
        [77.94118, 18.12394],
        [77.94093, 18.12401],
        [77.94052, 18.12409],
        [77.94021, 18.12412],
        [77.93991, 18.12402],
        [77.9401, 18.12372],
        [77.94018, 18.12055],
        [77.93985, 18.11892],
        [77.93923, 18.11606],
        [77.93892, 18.11481],
        [77.93809, 18.11218],
        [77.9378, 18.11125],
        [77.93761, 18.11103],
        [77.93726, 18.1106],
        [77.93703, 18.11054],
        [77.93654, 18.1104],
        [77.93582, 18.10935],
        [77.93516, 18.10773],
        [77.93468, 18.10723],
        [77.93388, 18.10701],
        [77.93272, 18.10592],
        [77.93262, 18.10526],
        [77.93254, 18.10479],
        [77.93239, 18.10386],
        [77.93085, 18.10098],
        [77.93025, 18.10082],
        [77.92878, 18.1012],
        [77.9267, 18.10122],
        [77.92582, 18.10116],
        [77.92566, 18.10119],
        [77.9235, 18.1014],
        [77.92313, 18.10065],
        [77.92305, 18.10035],
        [77.92267, 18.09973],
        [77.92225, 18.09958],
        [77.92166, 18.09937],
        [77.92133, 18.09968],
        [77.92013, 18.10077],
        [77.91901, 18.10126],
        [77.91815, 18.10047],
        [77.9157, 18.1002],
        [77.91568, 18.10059],
        [77.91509, 18.10078],
        [77.91472, 18.10066],
        [77.91437, 18.10054],
        [77.91386, 18.09991],
        [77.91299, 18.09885],
        [77.91111, 18.09801],
        [77.90959, 18.09794],
        [77.90823, 18.0981],
        [77.90812, 18.09811],
        [77.90793, 18.09814],
        [77.90771, 18.09819],
        [77.90679, 18.09844],
        [77.90539, 18.09834],
        [77.90425, 18.0984],
        [77.90412, 18.09825],
        [77.9039, 18.098],
        [77.90388, 18.09798],
        [77.90316, 18.09773],
        [77.90277, 18.09759],
        [77.90259, 18.09745],
        [77.90173, 18.09679],
        [77.90013, 18.09555],
        [77.89955, 18.09531],
        [77.89911, 18.09424],
        [77.89905, 18.09409],
        [77.8987, 18.09406],
        [77.8983, 18.09402],
        [77.89799, 18.09389],
        [77.89727, 18.09361],
        [77.89736, 18.09324],
        [77.89734, 18.09317],
        [77.89731, 18.09301],
        [77.89729, 18.09291],
        [77.89728, 18.09283],
        [77.89669, 18.09283],
        [77.8961, 18.09297],
        [77.89584, 18.09271],
        [77.89556, 18.092],
        [77.89524, 18.09187],
        [77.89511, 18.09236],
        [77.89509, 18.09243],
        [77.89505, 18.09255],
        [77.89481, 18.09339],
        [77.89503, 18.09407],
        [77.89527, 18.09445],
        [77.89558, 18.09455],
        [77.8962, 18.0946],
        [77.89629, 18.09465],
        [77.89702, 18.09458],
        [77.89711, 18.09456],
        [77.8972, 18.09456],
        [77.89757, 18.09444],
        [77.89767, 18.09444],
        [77.89776, 18.09447],
        [77.89808, 18.09461],
        [77.89856, 18.09489],
        [77.89892, 18.09535],
        [77.89919, 18.09577],
        [77.89925, 18.09585],
        [77.89927, 18.09598],
        [77.89941, 18.09651],
        [77.89964, 18.09679],
        [77.8999, 18.09709],
        [77.90055, 18.09842],
        [77.9006, 18.0985],
        [77.90055, 18.09861],
        [77.90052, 18.09878],
        [77.90051, 18.099],
        [77.90044, 18.0992],
        [77.90021, 18.09947],
        [77.90013, 18.09948],
        [77.8998, 18.09953],
        [77.89956, 18.0995],
        [77.89948, 18.09949],
        [77.89934, 18.09962],
        [77.89907, 18.09977],
        [77.8986, 18.10004],
        [77.89858, 18.1002],
        [77.89836, 18.10026],
        [77.89839, 18.10061],
        [77.89869, 18.10101],
        [77.89878, 18.1011],
        [77.89899, 18.10119],
        [77.89927, 18.10139],
        [77.89937, 18.10144],
        [77.90044, 18.1016],
        [77.90051, 18.10153],
        [77.90068, 18.10139],
        [77.90075, 18.10135],
        [77.90086, 18.10134],
        [77.90114, 18.10123],
        [77.90131, 18.10118],
        [77.90144, 18.10114],
        [77.90181, 18.10104],
        [77.90192, 18.101],
        [77.90204, 18.10091],
        [77.90338, 18.1008],
        [77.90345, 18.1008],
        [77.90352, 18.10088],
        [77.90455, 18.10166],
        [77.90492, 18.10193],
        [77.90558, 18.1027],
        [77.90519, 18.10348],
        [77.90493, 18.10396],
        [77.90486, 18.10426],
        [77.90483, 18.10445],
        [77.90478, 18.10454],
        [77.90477, 18.1046],
        [77.90444, 18.10541],
        [77.90438, 18.10554],
        [77.90448, 18.1056],
        [77.90494, 18.10597],
        [77.90497, 18.106],
        [77.90505, 18.10606],
        [77.90524, 18.10622],
        [77.90551, 18.10644],
        [77.90583, 18.1067],
        [77.90623, 18.10703],
        [77.90636, 18.10708],
        [77.90644, 18.10697],
        [77.90707, 18.10634],
        [77.90713, 18.10626],
        [77.90717, 18.10615],
        [77.90771, 18.10448],
        [77.90777, 18.1044],
        [77.90787, 18.10436],
        [77.90836, 18.10426],
        [77.90862, 18.10421],
        [77.90896, 18.10408],
        [77.90978, 18.10374],
        [77.90989, 18.10371],
        [77.90999, 18.10365],
        [77.91055, 18.10354],
        [77.91097, 18.10341],
        [77.91139, 18.10336],
        [77.9121, 18.10365],
        [77.91234, 18.10389],
        [77.9125, 18.10415],
        [77.91259, 18.10417],
        [77.91295, 18.10412],
        [77.91325, 18.10404],
        [77.91368, 18.10425],
        [77.91377, 18.1043],
        [77.91388, 18.10426],
        [77.9142, 18.10414],
        [77.91431, 18.1041],
        [77.91476, 18.10524],
        [77.91485, 18.10537],
        [77.91492, 18.10546],
        [77.91577, 18.10494],
        [77.91588, 18.1049],
        [77.91588, 18.10501],
        [77.91562, 18.107],
        [77.91561, 18.10709],
        [77.9156, 18.10722],
        [77.91557, 18.10835],
        [77.91553, 18.10975],
        [77.9155, 18.10989],
        [77.91554, 18.11006],
        [77.91556, 18.11045],
        [77.91541, 18.11082],
        [77.91539, 18.11094],
        [77.91546, 18.11099],
        [77.91561, 18.11133],
        [77.91485, 18.11199],
        [77.91476, 18.11207],
        [77.91482, 18.11217],
        [77.915, 18.11281],
        [77.91504, 18.11292],
        [77.91507, 18.11302],
        [77.91527, 18.11375],
        [77.91552, 18.1146],
        [77.9162, 18.11494],
        [77.91659, 18.1152],
        [77.91696, 18.11544],
        [77.91706, 18.11551],
        [77.91715, 18.11555],
        [77.91745, 18.1152],
        [77.91766, 18.11487],
        [77.91773, 18.11542],
        [77.91795, 18.11619],
        [77.91809, 18.11614],
        [77.91822, 18.11612],
        [77.9182, 18.11635],
        [77.91832, 18.11631],
        [77.91833, 18.11606],
        [77.9185, 18.11582],
        [77.91861, 18.11576],
        [77.91858, 18.1155],
        [77.91876, 18.11522],
        [77.91891, 18.11505],
        [77.91906, 18.11512],
        [77.91918, 18.11553],
        [77.91908, 18.11587],
        [77.91914, 18.11619],
        [77.91927, 18.11618],
        [77.9193, 18.11629],
        [77.91939, 18.11622],
        [77.91941, 18.11671],
        [77.91993, 18.11771],
        [77.92021, 18.11766],
        [77.92042, 18.1174],
        [77.92063, 18.11708],
        [77.92116, 18.11669],
        [77.92166, 18.11615],
        [77.92181, 18.11612],
        [77.92212, 18.11577],
        [77.92217, 18.11547],
        [77.92233, 18.11515],
        [77.92298, 18.11531],
        [77.92301, 18.11574],
        [77.92389, 18.11566],
        [77.92404, 18.1152],
        [77.92397, 18.1151],
        [77.92431, 18.11477],
        [77.92442, 18.11469],
        [77.92468, 18.11449],
        [77.92482, 18.1146],
        [77.92492, 18.11487],
        [77.92511, 18.11507],
        [77.92509, 18.11533],
        [77.92523, 18.11519],
        [77.92562, 18.11492],
        [77.9256, 18.11475],
        [77.92601, 18.11459],
        [77.92615, 18.11259],
        [77.92658, 18.11209],
        [77.92656, 18.11055],
        [77.93096, 18.11157],
        [77.92989, 18.11388],
        [77.93062, 18.11635],
        [77.93042, 18.11709],
        [77.93113, 18.12038],
        [77.93154, 18.12157],
        [77.93167, 18.12212],
        [77.93316, 18.12356],
        [77.9341, 18.12447],
        [77.93715, 18.12744],
        [77.93741, 18.12773],
        [77.94222, 18.13322],
        [77.9438, 18.13592],
        [77.94458, 18.13837],
        [77.94552, 18.14147],
        [77.94556, 18.14201],
        [77.94516, 18.1433],
        [77.94426, 18.14425],
        [77.9436, 18.14643],
        [77.94153, 18.1488],
        [77.9404, 18.1505],
        [77.93691, 18.1541],
        [77.93346, 18.1554],
        [77.93035, 18.15625],
        [77.93022, 18.15505],
        [77.92998, 18.15297],
        [77.93016, 18.15264],
        [77.93002, 18.15208],
        [77.92973, 18.15184],
        [77.92958, 18.15137],
        [77.92931, 18.15157],
        [77.92905, 18.15144],
        [77.9288, 18.15119],
        [77.92845, 18.15123],
        [77.92819, 18.15117],
        [77.92813, 18.15101],
        [77.92781, 18.15088],
        [77.92748, 18.15111],
        [77.92716, 18.1507],
        [77.92645, 18.15114],
        [77.92633, 18.15091],
        [77.92591, 18.15095],
        [77.92627, 18.15047],
        [77.92606, 18.15009],
        [77.92578, 18.14986],
        [77.92552, 18.14965],
        [77.92528, 18.14967],
        [77.92507, 18.1494],
        [77.92502, 18.14945],
        [77.92486, 18.14963],
        [77.92469, 18.14956],
        [77.92463, 18.14988],
        [77.92412, 18.14946],
        [77.92406, 18.14937],
        [77.9234, 18.14933],
        [77.92328, 18.14874],
        [77.92227, 18.14964],
        [77.92157, 18.15008],
        [77.92119, 18.14947],
        [77.92095, 18.14965],
        [77.92008, 18.15068],
        [77.9198, 18.15127],
        [77.91928, 18.15199],
        [77.91882, 18.15303],
        [77.91857, 18.15292],
        [77.91805, 18.15331],
        [77.91758, 18.15394],
        [77.91652, 18.15507],
        [77.91575, 18.15511],
        [77.91572, 18.15475],
        [77.91539, 18.15438],
        [77.91541, 18.15446],
        [77.91483, 18.15466],
        [77.91471, 18.15481],
        [77.91457, 18.15473],
        [77.91449, 18.15525],
        [77.91407, 18.15542],
        [77.91375, 18.1554],
        [77.91327, 18.15523],
        [77.91316, 18.15534],
        [77.91314, 18.15541],
        [77.91319, 18.15547],
        [77.91299, 18.15567],
        [77.91251, 18.15605],
        [77.91196, 18.15633],
        [77.91121, 18.15707],
        [77.91068, 18.15735],
        [77.91018, 18.15761],
        [77.90916, 18.1581],
        [77.9073, 18.15768],
        [77.905, 18.15876],
        [77.90429, 18.15922],
        [77.90404, 18.15927],
        [77.90306, 18.15982],
        [77.90274, 18.15986],
        [77.90247, 18.16009],
        [77.90208, 18.15998],
        [77.90188, 18.15982],
        [77.90038, 18.1596],
        [77.90001, 18.15971],
        [77.89936, 18.15968],
        [77.89956, 18.15924],
        [77.89964, 18.15904],
        [77.89969, 18.15885],
        [77.89946, 18.15907],
        [77.89938, 18.15916],
        [77.89875, 18.15976],
        [77.89871, 18.15991],
        [77.89827, 18.16013],
        [77.89771, 18.15986],
        [77.89767, 18.15978],
        [77.89752, 18.15971],
        [77.89716, 18.15968],
        [77.89697, 18.15974],
        [77.89636, 18.15951],
        [77.89627, 18.15949],
        [77.89618, 18.15944],
        [77.89569, 18.15918],
        [77.89544, 18.15928],
        [77.89513, 18.1594],
        [77.89506, 18.15943],
        [77.89519, 18.15967],
        [77.89535, 18.15995],
        [77.89568, 18.16075],
        [77.89572, 18.16092],
        [77.89569, 18.16109],
        [77.89564, 18.16155],
        [77.89563, 18.16156],
        [77.89562, 18.16173],
        [77.89573, 18.16185],
        [77.89576, 18.16188],
        [77.8961, 18.16218],
        [77.89628, 18.16233],
        [77.89639, 18.16243],
        [77.89658, 18.16258],
        [77.89693, 18.16284],
        [77.89716, 18.16287],
        [77.89717, 18.16287],
        [77.89762, 18.16327],
        [77.89779, 18.16338],
        [77.89768, 18.16351],
        [77.8972, 18.16416],
        [77.89693, 18.16445],
        [77.89678, 18.16462],
        [77.89635, 18.16508],
        [77.89623, 18.16517],
        [77.89613, 18.16528],
        [77.89596, 18.16546],
        [77.89582, 18.16555],
        [77.8957, 18.16567],
        [77.89543, 18.16589],
        [77.89528, 18.16604],
        [77.89539, 18.16641],
        [77.89542, 18.16649],
        [77.8956, 18.16646],
        [77.89646, 18.16623],
        [77.89659, 18.1662],
        [77.89687, 18.1661],
        [77.89784, 18.16585],
        [77.89916, 18.16586],
        [77.89983, 18.166],
        [77.90176, 18.16735],
        [77.90195, 18.1675],
        [77.90228, 18.16721],
        [77.90338, 18.16622],
        [77.90479, 18.1667],
        [77.90626, 18.16704],
        [77.90687, 18.16859],
        [77.90577, 18.16911],
        [77.90512, 18.16988],
        [77.90414, 18.17055],
        [77.90257, 18.17176],
        [77.90245, 18.17204],
        [77.9021, 18.17302],
        [77.90229, 18.17368],
        [77.90191, 18.17564],
        [77.90182, 18.17571],
        [77.90142, 18.17609],
        [77.90117, 18.17634],
        [77.90105, 18.17645],
        [77.90116, 18.17681],
        [77.90121, 18.17696],
        [77.90122, 18.177],
        [77.90126, 18.17714],
        [77.90127, 18.1772],
        [77.90128, 18.17724],
        [77.90129, 18.1774],
        [77.90132, 18.17743],
        [77.90134, 18.17746],
        [77.90136, 18.17749],
        [77.90138, 18.17758],
        [77.90138, 18.17762],
        [77.90152, 18.17843],
        [77.90153, 18.17848],
        [77.90163, 18.1791],
        [77.90172, 18.1791],
        [77.90178, 18.17936],
        [77.90167, 18.17937],
        [77.90163, 18.17938],
        [77.90142, 18.1794],
        [77.90102, 18.17946],
        [77.90101, 18.17971],
        [77.90108, 18.18026],
        [77.90111, 18.18054],
        [77.90112, 18.1807],
        [77.90107, 18.18098],
        [77.90106, 18.18108],
        [77.90097, 18.1817],
        [77.90092, 18.18202],
        [77.90078, 18.18296],
        [77.9007, 18.18314],
        [77.90062, 18.18332],
        [77.90052, 18.18354],
        [77.90058, 18.18363],
        [77.90065, 18.18375],
        [77.90067, 18.18378],
        [77.90068, 18.18379],
        [77.90069, 18.1838],
        [77.90069, 18.18381],
        [77.90072, 18.18386],
        [77.90073, 18.18389],
        [77.90073, 18.1839],
        [77.90083, 18.18423],
        [77.90092, 18.18451],
        [77.90135, 18.18525],
        [77.90135, 18.18537],
        [77.90136, 18.18557],
        [77.90136, 18.18562],
        [77.90136, 18.18566],
        [77.90136, 18.18585],
        [77.90137, 18.18602],
        [77.9013, 18.18629],
        [77.90121, 18.18676],
        [77.9012, 18.18683],
        [77.90119, 18.18703],
        [77.90118, 18.18767],
        [77.9012, 18.18837],
        [77.90146, 18.1889],
        [77.90155, 18.18903],
        [77.90167, 18.18923],
        [77.90185, 18.18945],
        [77.90247, 18.19024],
        [77.90266, 18.19055],
        [77.90277, 18.19074],
        [77.90283, 18.19086],
        [77.9029, 18.19101],
        [77.90303, 18.19127],
        [77.90318, 18.19157],
        [77.90319, 18.19179],
        [77.90297, 18.19207],
        [77.90291, 18.19214],
        [77.90286, 18.19217],
        [77.90281, 18.19215],
        [77.90251, 18.1922],
        [77.90246, 18.19247],
        [77.90245, 18.19251],
        [77.90243, 18.19265],
        [77.90231, 18.1927],
        [77.90218, 18.19267],
        [77.90217, 18.19261],
        [77.90215, 18.19251],
        [77.902, 18.19257],
        [77.90172, 18.19247],
        [77.90157, 18.19242],
        [77.90149, 18.19239],
        [77.90126, 18.19198],
        [77.90083, 18.19153],
        [77.90006, 18.19095],
        [77.89985, 18.19074],
        [77.8998, 18.19069],
        [77.8997, 18.19059],
        [77.89964, 18.19051],
        [77.89958, 18.19036],
        [77.89959, 18.1903],
        [77.89959, 18.19026],
        [77.89959, 18.19024],
        [77.89946, 18.18987],
        [77.89928, 18.18989],
        [77.89933, 18.18967],
        [77.8993, 18.18954],
        [77.89915, 18.18955],
        [77.8988, 18.1893],
        [77.89857, 18.18913],
        [77.89834, 18.1891],
        [77.8983, 18.18886],
        [77.89802, 18.18883],
        [77.89782, 18.18882],
        [77.89744, 18.18887],
        [77.89738, 18.1889],
        [77.89722, 18.18898],
        [77.8971, 18.18903],
        [77.89688, 18.1889],
        [77.89651, 18.1889],
        [77.89637, 18.1889],
        [77.89584, 18.1889],
        [77.89504, 18.18854],
        [77.89497, 18.18843],
        [77.89492, 18.18848],
        [77.89482, 18.18856],
        [77.89465, 18.18853],
        [77.89452, 18.18854],
        [77.89452, 18.18868],
        [77.89439, 18.18871],
        [77.89451, 18.18884],
        [77.89446, 18.18891],
        [77.89443, 18.18896],
        [77.89428, 18.189],
        [77.89417, 18.18897],
        [77.89404, 18.18893],
        [77.894, 18.18886],
        [77.89395, 18.18882],
        [77.89392, 18.18889],
        [77.89383, 18.18901],
        [77.89379, 18.18893],
        [77.89374, 18.18895],
        [77.89363, 18.18902],
        [77.89353, 18.18912],
        [77.89353, 18.18913],
        [77.89332, 18.18932],
        [77.89311, 18.18945],
        [77.89304, 18.18951],
        [77.89287, 18.18965],
        [77.89268, 18.1898],
        [77.89259, 18.18979],
        [77.8925, 18.18977],
        [77.89253, 18.18965],
        [77.89255, 18.1896],
        [77.8924, 18.18964],
        [77.89221, 18.18966],
        [77.89205, 18.18969],
        [77.89192, 18.18971],
        [77.89174, 18.18973],
        [77.89168, 18.18974],
        [77.89138, 18.18981],
        [77.8913, 18.18982],
        [77.89118, 18.18986],
        [77.89071, 18.18987],
        [77.89045, 18.18987],
        [77.89034, 18.18986],
        [77.88967, 18.18996],
        [77.88944, 18.19001],
        [77.88908, 18.1901],
        [77.88892, 18.19014],
        [77.88879, 18.19005],
        [77.88723, 18.18948],
        [77.88711, 18.18941],
        [77.88697, 18.18937],
        [77.88669, 18.18925],
        [77.88646, 18.18916],
        [77.88499, 18.18855],
        [77.88461, 18.18831],
        [77.8845, 18.18824],
        [77.88439, 18.1882],
        [77.88347, 18.1877],
        [77.88328, 18.18764],
        [77.88315, 18.18756],
        [77.88282, 18.18737],
        [77.88267, 18.18729],
        [77.88254, 18.18721],
        [77.88246, 18.1871],
        [77.88246, 18.18709],
        [77.88237, 18.18698],
        [77.88233, 18.18693],
        [77.88221, 18.18679],
        [77.88155, 18.18692],
        [77.88142, 18.18693],
        [77.88147, 18.18707],
        [77.8815, 18.18717],
        [77.88151, 18.18721],
        [77.88143, 18.18732],
        [77.88115, 18.18754],
        [77.88097, 18.18769],
        [77.88087, 18.18775],
        [77.88014, 18.18826],
        [77.88008, 18.1883],
        [77.8797, 18.18856],
        [77.87963, 18.18861],
        [77.87948, 18.18869],
        [77.8793, 18.18866],
        [77.87712, 18.1881],
        [77.87556, 18.18811],
        [77.87546, 18.18811],
        [77.87508, 18.18812],
        [77.87495, 18.18812],
        [77.87444, 18.18815],
        [77.87438, 18.18816],
        [77.87377, 18.18819],
        [77.87237, 18.18827],
        [77.8714, 18.18827],
        [77.87139, 18.18838],
        [77.87121, 18.18841],
        [77.87099, 18.18846],
        [77.87091, 18.18847],
        [77.87069, 18.18848],
        [77.87061, 18.18849],
        [77.87057, 18.1885],
        [77.87047, 18.18852],
        [77.87042, 18.18846],
        [77.87036, 18.1884],
        [77.87007, 18.18835],
        [77.87001, 18.1883],
        [77.86987, 18.18827],
        [77.86981, 18.18826],
        [77.86971, 18.18826],
        [77.86947, 18.18833],
        [77.86909, 18.18843],
        [77.86893, 18.18847],
        [77.86892, 18.18842],
        [77.8689, 18.18835],
        [77.86862, 18.18834],
        [77.8686, 18.18839],
        [77.86857, 18.18847],
        [77.86846, 18.18849],
        [77.86841, 18.1885],
        [77.86824, 18.18853],
        [77.86802, 18.18854],
        [77.86773, 18.18861],
        [77.86752, 18.18866],
        [77.86734, 18.18869],
        [77.86719, 18.18871],
        [77.86707, 18.18878],
        [77.86692, 18.18884],
        [77.86689, 18.18893],
        [77.86684, 18.18903],
        [77.86676, 18.18918],
        [77.86673, 18.18921],
        [77.86669, 18.18924],
        [77.86666, 18.18927],
        [77.8666, 18.18933],
        [77.86652, 18.18941],
        [77.86656, 18.18945],
        [77.86658, 18.18947],
        [77.86672, 18.18967],
        [77.86663, 18.18972],
        [77.86634, 18.19007],
        [77.86624, 18.19019],
        [77.86598, 18.19036],
        [77.86585, 18.19045],
        [77.86581, 18.19048],
        [77.86581, 18.19051],
        [77.86551, 18.19076],
        [77.86538, 18.19081],
        [77.8653, 18.1908],
        [77.86525, 18.19079],
        [77.86442, 18.19066],
        [77.86433, 18.19091],
        [77.86431, 18.19097],
        [77.86396, 18.19194],
        [77.86379, 18.19269],
        [77.86378, 18.19275],
        [77.86352, 18.19289],
        [77.86341, 18.19334],
        [77.8634, 18.19337],
        [77.86324, 18.19403],
        [77.86319, 18.19404],
        [77.86298, 18.1941],
        [77.86297, 18.19416],
        [77.86296, 18.19423],
        [77.86296, 18.19424],
        [77.86295, 18.19429],
        [77.86294, 18.19436],
        [77.86292, 18.19451],
        [77.86308, 18.19457],
        [77.86305, 18.19486],
        [77.86283, 18.19498],
        [77.86278, 18.19501],
        [77.86282, 18.1952],
        [77.86283, 18.19525],
        [77.86288, 18.19551],
        [77.8629, 18.19558],
        [77.8635, 18.19611],
        [77.86357, 18.19618],
        [77.86372, 18.19651],
        [77.86388, 18.19691],
        [77.86388, 18.19692],
        [77.86392, 18.19703],
        [77.86392, 18.19704],
        [77.86393, 18.19705],
        [77.86393, 18.19706],
        [77.86399, 18.19721],
        [77.86397, 18.19735],
        [77.86396, 18.19745],
        [77.86391, 18.19783],
        [77.86388, 18.19792],
        [77.86382, 18.1981],
        [77.86379, 18.1982],
        [77.86376, 18.19827],
        [77.86367, 18.1984],
        [77.86337, 18.19881],
        [77.86323, 18.19901],
        [77.86323, 18.19913],
        [77.86323, 18.19921],
        [77.86323, 18.19949],
        [77.86323, 18.19961],
        [77.86323, 18.19978],
        [77.86327, 18.20002],
        [77.8633, 18.20012],
        [77.86333, 18.20019],
        [77.8634, 18.20037],
        [77.86398, 18.20076],
        [77.86415, 18.20088],
        [77.8643, 18.20097],
        [77.86441, 18.20104],
        [77.86511, 18.20149],
        [77.86528, 18.2016],
        [77.86528, 18.20184],
        [77.86528, 18.20218],
        [77.86459, 18.20243],
        [77.86449, 18.20247],
        [77.86356, 18.20277],
        [77.86325, 18.20287],
        [77.86256, 18.20325],
        [77.86223, 18.20343],
        [77.86116, 18.20402],
        [77.86065, 18.2043],
        [77.8605, 18.20438],
        [77.8602, 18.20455],
        [77.85926, 18.20496],
        [77.85911, 18.20503],
        [77.85843, 18.20533],
        [77.85837, 18.20536],
        [77.85833, 18.20538],
        [77.85827, 18.20541],
        [77.85757, 18.20574],
        [77.8569, 18.20607],
        [77.85647, 18.20628],
        [77.8561, 18.20648],
        [77.85586, 18.20662],
        [77.85558, 18.20677],
        [77.85552, 18.20681],
        [77.8554, 18.20688],
        [77.85392, 18.20774],
        [77.8534, 18.2076],
        [77.85315, 18.20754],
        [77.85288, 18.20747],
        [77.85251, 18.20737],
        [77.85239, 18.20724],
        [77.85196, 18.20681],
        [77.85186, 18.20661],
        [77.8516, 18.2061],
        [77.85144, 18.2058],
        [77.85094, 18.20421],
        [77.85041, 18.20346],
        [77.85001, 18.2029],
        [77.84887, 18.2022],
        [77.84778, 18.20189],
        [77.84709, 18.20194],
        [77.84607, 18.20198],
        [77.84562, 18.20192],
        [77.84524, 18.20188],
        [77.84518, 18.20187],
        [77.84491, 18.20197],
        [77.84447, 18.20213],
        [77.84446, 18.20209],
        [77.84415, 18.20217],
        [77.8429, 18.20253],
        [77.841, 18.20364],
        [77.83986, 18.20403],
        [77.83914, 18.20429],
        [77.83869, 18.20446],
        [77.8381, 18.20437],
        [77.838, 18.20435],
        [77.83756, 18.20426],
        [77.83753, 18.20373],
        [77.83472, 18.20272],
        [77.83275, 18.20223],
        [77.83261, 18.20105],
        [77.83201, 18.20045],
        [77.83058, 18.20031],
        [77.82924, 18.20055],
        [77.82881, 18.20011],
        [77.8285, 18.19858],
        [77.82939, 18.19683],
        [77.82932, 18.19637],
        [77.82925, 18.19582],
        [77.8292, 18.19549],
        [77.82949, 18.19517],
        [77.82981, 18.19491],
        [77.82976, 18.19477],
        [77.83046, 18.19434],
        [77.83048, 18.1942],
        [77.83027, 18.1942],
        [77.82957, 18.19421],
        [77.82908, 18.19422],
        [77.82869, 18.19422],
        [77.82793, 18.1942],
        [77.82767, 18.19435],
        [77.82737, 18.19412],
        [77.82733, 18.19413],
        [77.82706, 18.1942],
        [77.82691, 18.19423],
        [77.82683, 18.19425],
        [77.82637, 18.19435],
        [77.82611, 18.19447],
        [77.82576, 18.19463],
        [77.82548, 18.19476],
        [77.82511, 18.19493],
        [77.82504, 18.19496],
        [77.82473, 18.19509],
        [77.82464, 18.19513],
        [77.82452, 18.19518],
        [77.82386, 18.19546],
        [77.82346, 18.19563],
        [77.82333, 18.19569],
        [77.82296, 18.19593],
        [77.82251, 18.19624],
        [77.82237, 18.19633],
        [77.82183, 18.19655],
        [77.82145, 18.1967],
        [77.82108, 18.19674],
        [77.82052, 18.1968],
        [77.82025, 18.19672],
        [77.81951, 18.19651],
        [77.81923, 18.19644],
        [77.81885, 18.19642],
        [77.81858, 18.19641],
        [77.8179, 18.19638],
        [77.817, 18.19634],
        [77.81641, 18.19631],
        [77.81612, 18.19629],
        [77.81605, 18.19629],
        [77.81517, 18.19625],
        [77.81487, 18.19624],
        [77.8138, 18.19622],
        [77.81279, 18.1962],
        [77.81146, 18.19628],
        [77.81109, 18.1965],
        [77.81072, 18.19672],
        [77.81053, 18.19692],
        [77.81045, 18.19701],
        [77.81022, 18.19726],
        [77.81, 18.19749],
        [77.8093, 18.19824],
        [77.80918, 18.19834],
        [77.809, 18.1985],
        [77.80873, 18.19874],
        [77.80819, 18.19922],
        [77.8079, 18.19951],
        [77.80789, 18.19951],
        [77.80784, 18.19956],
        [77.80781, 18.19959],
        [77.80724, 18.19994],
        [77.80716, 18.19999],
        [77.8071, 18.20002],
        [77.80633, 18.20048],
        [77.8062, 18.20053],
        [77.80601, 18.20061],
        [77.80596, 18.20063],
        [77.80572, 18.2008],
        [77.80569, 18.20082],
        [77.80551, 18.20081],
        [77.80492, 18.20118],
        [77.80476, 18.20115],
        [77.80437, 18.20149],
        [77.80427, 18.20157],
        [77.80325, 18.2023],
        [77.80306, 18.20244],
        [77.8029, 18.20251],
        [77.80246, 18.20272],
        [77.80234, 18.20278],
        [77.80229, 18.20276],
        [77.80194, 18.20265],
        [77.80153, 18.20275],
        [77.80133, 18.20293],
        [77.80097, 18.20297],
        [77.80085, 18.20309],
        [77.80081, 18.20313],
        [77.80078, 18.20316],
        [77.80052, 18.2032],
        [77.79968, 18.2036],
        [77.79899, 18.20378],
        [77.79847, 18.20418],
        [77.79852, 18.20422],
        [77.79857, 18.20426],
        [77.79812, 18.20449],
        [77.79723, 18.205],
        [77.79658, 18.2051],
        [77.79652, 18.20511],
        [77.79635, 18.20505],
        [77.79622, 18.205],
        [77.79541, 18.20472],
        [77.79486, 18.20409],
        [77.79453, 18.2038],
        [77.79442, 18.2037],
        [77.79325, 18.20373],
        [77.79222, 18.20302],
        [77.7915, 18.20209],
        [77.79126, 18.20162],
        [77.79119, 18.20147],
        [77.79106, 18.20121],
        [77.79047, 18.20069],
        [77.78983, 18.20048],
        [77.7887, 18.20039],
        [77.78784, 18.2001],
        [77.78743, 18.19986],
        [77.78719, 18.19968],
        [77.78687, 18.19944],
        [77.78674, 18.19934],
        [77.78672, 18.1991],
        [77.7867, 18.19853],
        [77.78669, 18.19833],
        [77.78647, 18.19799],
        [77.78638, 18.19784],
        [77.7855, 18.19795],
        [77.78291, 18.19886],
        [77.78284, 18.19889],
        [77.78265, 18.19896],
        [77.78212, 18.19934],
        [77.78204, 18.1994],
        [77.78048, 18.20056],
        [77.78015, 18.2008],
        [77.77989, 18.20062],
        [77.77902, 18.20001],
        [77.77879, 18.19991],
        [77.77852, 18.19979],
        [77.77794, 18.19954],
        [77.77751, 18.19821],
        [77.77722, 18.198],
        [77.7772, 18.19799],
        [77.77675, 18.19703],
        [77.77673, 18.19699],
        [77.77653, 18.19655],
        [77.7765, 18.19632],
        [77.77648, 18.19618],
        [77.7764, 18.19562],
        [77.77628, 18.19479],
        [77.77635, 18.19457],
        [77.77647, 18.19414],
        [77.77651, 18.19395],
        [77.77657, 18.19371],
        [77.77675, 18.1929],
        [77.77686, 18.19238],
        [77.77689, 18.19225],
        [77.7769, 18.19211],
        [77.77688, 18.19195],
        [77.77683, 18.19153],
        [77.7765, 18.19127],
        [77.7761, 18.191],
        [77.77562, 18.19078],
        [77.77546, 18.19073],
        [77.7753, 18.19071],
        [77.77489, 18.19068],
        [77.77478, 18.19068],
        [77.77468, 18.19067],
        [77.77448, 18.19066],
        [77.7743, 18.19061],
        [77.77413, 18.19061],
        [77.77352, 18.19055],
        [77.77248, 18.19041],
        [77.77198, 18.19034],
        [77.77177, 18.19031],
        [77.77167, 18.19034],
        [77.77144, 18.19032],
        [77.77134, 18.19032],
        [77.77112, 18.1903],
        [77.77074, 18.19028],
        [77.77016, 18.18996],
        [77.77007, 18.18991],
        [77.76998, 18.18976],
        [77.76986, 18.18955],
        [77.76984, 18.18948],
        [77.76939, 18.18936],
        [77.76935, 18.1894],
        [77.76906, 18.18968],
        [77.76902, 18.18974],
        [77.76911, 18.18989],
        [77.76874, 18.19009],
        [77.76851, 18.19023],
        [77.76844, 18.19026],
        [77.76809, 18.19046],
        [77.76754, 18.19135],
        [77.76741, 18.19157],
        [77.76734, 18.19169],
        [77.76658, 18.19251],
        [77.76654, 18.19255],
        [77.76643, 18.19272],
        [77.76404, 18.19535],
        [77.76379, 18.19562],
        [77.76371, 18.19571],
        [77.76358, 18.19589],
        [77.76339, 18.19595],
        [77.76324, 18.19613],
        [77.76315, 18.19625],
        [77.76304, 18.19638],
        [77.76303, 18.19639],
        [77.76297, 18.19645],
        [77.76283, 18.19659],
        [77.7628, 18.19662],
        [77.7619, 18.19756],
        [77.76142, 18.19806],
        [77.76124, 18.19825],
        [77.76108, 18.19839],
        [77.75867, 18.20097],
        [77.75721, 18.20254],
        [77.75757, 18.20268],
        [77.75765, 18.20272],
        [77.75908, 18.2033],
        [77.75883, 18.20387],
        [77.75878, 18.20397],
        [77.75851, 18.20457],
        [77.7575, 18.2047],
        [77.75669, 18.20481],
        [77.7561, 18.20488],
        [77.75539, 18.20496],
        [77.75467, 18.20505],
        [77.75457, 18.20506],
        [77.75445, 18.20507],
        [77.75421, 18.20509],
        [77.75376, 18.20515],
        [77.75346, 18.20519],
        [77.75309, 18.20523],
        [77.75224, 18.20533],
        [77.7517, 18.20539],
        [77.74972, 18.20578],
        [77.74943, 18.20583],
        [77.74893, 18.206],
        [77.74808, 18.20599],
        [77.74766, 18.20598],
        [77.74749, 18.20511],
        [77.74614, 18.20511],
        [77.74546, 18.20512],
        [77.74467, 18.2054],
        [77.74409, 18.20549],
        [77.7428, 18.20567],
        [77.7425, 18.20552],
        [77.74092, 18.20469],
        [77.74088, 18.20467],
        [77.74063, 18.20454],
        [77.74023, 18.20433],
        [77.73938, 18.20331],
        [77.73755, 18.20325],
        [77.7393, 18.20411],
        [77.73962, 18.20426],
        [77.73977, 18.20433],
        [77.74106, 18.20527],
        [77.74129, 18.20551],
        [77.74215, 18.20639],
        [77.74271, 18.20697],
        [77.74312, 18.20738],
        [77.7432, 18.20748],
        [77.7433, 18.20757],
        [77.74363, 18.20792],
        [77.74423, 18.20857],
        [77.74431, 18.20865],
        [77.74463, 18.21003],
        [77.74474, 18.21063],
        [77.74481, 18.211],
        [77.74498, 18.2119],
        [77.74524, 18.21329],
        [77.74527, 18.21348],
        [77.74512, 18.2139],
        [77.74498, 18.21427],
        [77.74488, 18.21455],
        [77.74453, 18.21534],
        [77.74447, 18.21551],
        [77.74428, 18.21604],
        [77.74425, 18.21621],
        [77.74424, 18.21628],
        [77.74427, 18.21673],
        [77.74428, 18.21703],
        [77.74431, 18.21719],
        [77.74438, 18.21752],
        [77.74445, 18.2178],
        [77.74459, 18.2184],
        [77.74471, 18.21906],
        [77.74487, 18.22004],
        [77.7449, 18.22022],
        [77.74499, 18.2212],
        [77.74498, 18.22161],
        [77.74497, 18.22214],
        [77.74497, 18.22221],
        [77.74497, 18.22229],
        [77.74495, 18.22241],
        [77.74494, 18.22274],
        [77.74493, 18.22294],
        [77.74494, 18.223],
        [77.74495, 18.22306],
        [77.74495, 18.22311],
        [77.74419, 18.22319],
        [77.74387, 18.22324],
        [77.74354, 18.22489],
        [77.74358, 18.22503],
        [77.74344, 18.22503],
        [77.74218, 18.22527],
        [77.7407, 18.22554],
        [77.7405, 18.22558],
        [77.74028, 18.22562],
        [77.7402, 18.22564],
        [77.73984, 18.2257],
        [77.73962, 18.2255],
        [77.73938, 18.22528],
        [77.73855, 18.22452],
        [77.73816, 18.22442],
        [77.73792, 18.22436],
        [77.73789, 18.22446],
        [77.73782, 18.22476],
        [77.73778, 18.22488],
        [77.73779, 18.22541],
        [77.73777, 18.22554],
        [77.73776, 18.22566],
        [77.73772, 18.22592],
        [77.7377, 18.22601],
        [77.73756, 18.22694],
        [77.73766, 18.22773],
        [77.73768, 18.22785],
        [77.73766, 18.228],
        [77.73738, 18.22979],
        [77.73733, 18.23006],
        [77.73712, 18.23137],
        [77.73669, 18.23399],
        [77.73664, 18.23411],
        [77.73653, 18.2341],
        [77.73613, 18.23399],
        [77.73593, 18.23393],
        [77.7326, 18.23299],
        [77.73022, 18.23233],
        [77.72953, 18.23275],
        [77.72944, 18.23281],
        [77.72933, 18.23289],
        [77.72934, 18.23305],
        [77.72956, 18.23597],
        [77.73007, 18.23681],
        [77.73034, 18.23803],
        [77.72991, 18.23916],
        [77.73005, 18.23993],
        [77.73011, 18.24009],
        [77.73015, 18.24024],
        [77.73026, 18.24052],
        [77.73034, 18.24069],
        [77.73027, 18.24082],
        [77.73017, 18.24134],
        [77.73003, 18.24206],
        [77.72995, 18.24245],
        [77.72989, 18.24278],
        [77.72979, 18.24327],
        [77.72975, 18.24342],
        [77.7298, 18.24364],
        [77.72983, 18.2438],
        [77.72996, 18.24465],
        [77.73007, 18.24546],
        [77.73008, 18.24553],
        [77.73037, 18.24623],
        [77.7305, 18.24656],
        [77.73045, 18.24668],
        [77.73031, 18.24686],
        [77.73015, 18.2471],
        [77.72942, 18.24841],
        [77.72889, 18.24942],
        [77.72865, 18.24988],
        [77.72852, 18.2504],
        [77.72823, 18.25148],
        [77.72792, 18.25166],
        [77.72778, 18.2518],
        [77.72727, 18.25236],
        [77.72714, 18.2525],
        [77.72691, 18.25275],
        [77.72685, 18.25282],
        [77.72628, 18.25348],
        [77.72615, 18.25362],
        [77.72589, 18.25394],
        [77.72532, 18.25461],
        [77.72498, 18.25503],
        [77.72477, 18.25529],
        [77.72215, 18.25637],
        [77.72161, 18.25659],
        [77.72074, 18.257],
        [77.71951, 18.25758],
        [77.71709, 18.25871],
        [77.71555, 18.25948],
        [77.71542, 18.25952],
        [77.71529, 18.25951],
        [77.71477, 18.2595],
        [77.71404, 18.25948],
        [77.71386, 18.25952],
        [77.71298, 18.25945],
        [77.71284, 18.25944],
        [77.7127, 18.25946],
        [77.7117, 18.2593],
        [77.71127, 18.25929],
        [77.70919, 18.2592],
        [77.70897, 18.25919],
        [77.70886, 18.25921],
        [77.70873, 18.25922],
        [77.70836, 18.25928],
        [77.7073, 18.25944],
        [77.70673, 18.25953],
        [77.70651, 18.25945],
        [77.70501, 18.25893],
        [77.70435, 18.25865],
        [77.70412, 18.25861],
        [77.70405, 18.25878],
        [77.70328, 18.26066],
        [77.70177, 18.26097],
        [77.70137, 18.2605],
        [77.70122, 18.26046],
        [77.70005, 18.26053],
        [77.69664, 18.2605],
        [77.69416, 18.26044],
        [77.69316, 18.26083],
        [77.69301, 18.26085],
        [77.69112, 18.26143],
        [77.6893, 18.26209],
        [77.68827, 18.26288],
        [77.6873, 18.26362],
        [77.68709, 18.26378],
        [77.68598, 18.26502],
        [77.68552, 18.26554],
        [77.68498, 18.26614],
        [77.68438, 18.26682],
        [77.68387, 18.26738],
        [77.68339, 18.26792],
        [77.68328, 18.26808],
        [77.68314, 18.26824],
        [77.68135, 18.27029],
        [77.68098, 18.27053],
        [77.68077, 18.27064],
        [77.68054, 18.27214],
        [77.68022, 18.27422],
        [77.68016, 18.2746],
        [77.68005, 18.27504],
        [77.67987, 18.27619],
        [77.67983, 18.27643],
        [77.67981, 18.27663],
        [77.67965, 18.27764],
        [77.67963, 18.27763],
        [77.67942, 18.27764],
        [77.67749, 18.27786],
        [77.67733, 18.27788],
        [77.67713, 18.27788],
        [77.67605, 18.27796],
        [77.67591, 18.27797],
        [77.67431, 18.27808],
        [77.67411, 18.27808],
        [77.67397, 18.27809],
        [77.67386, 18.2781],
        [77.67381, 18.27819],
        [77.67379, 18.27823],
        [77.67343, 18.27885],
        [77.67331, 18.27905],
        [77.67308, 18.2791],
        [77.67265, 18.27928],
        [77.67201, 18.27955],
        [77.67109, 18.27995],
        [77.67073, 18.28011],
        [77.67007, 18.2804],
        [77.66934, 18.28096],
        [77.66899, 18.28122],
        [77.66753, 18.28234],
        [77.66712, 18.28265],
        [77.66542, 18.28394],
        [77.66454, 18.28461],
        [77.66446, 18.28466],
        [77.66301, 18.28547],
        [77.66213, 18.28597],
        [77.66151, 18.28634],
        [77.66136, 18.28643],
        [77.66133, 18.28659],
        [77.6613, 18.28693],
        [77.66126, 18.28742],
        [77.66125, 18.28755],
        [77.66108, 18.28755],
        [77.6609, 18.28757],
        [77.66021, 18.28762],
        [77.66011, 18.28763],
        [77.66007, 18.28764],
        [77.65774, 18.28783],
        [77.65756, 18.28783],
        [77.65742, 18.28772],
        [77.65639, 18.28691],
        [77.65623, 18.28681],
        [77.65599, 18.28678],
        [77.65571, 18.28678],
        [77.65289, 18.28683],
        [77.65276, 18.28683],
        [77.65243, 18.28683],
        [77.65239, 18.28758],
        [77.65238, 18.28779],
        [77.65224, 18.28777],
        [77.64997, 18.2878],
        [77.64982, 18.2878],
        [77.64966, 18.2878],
        [77.64931, 18.28781],
        [77.64774, 18.28637],
        [77.64759, 18.28633],
        [77.64743, 18.2863],
        [77.64633, 18.28606],
        [77.64615, 18.28602],
        [77.64596, 18.28601],
        [77.64595, 18.28579],
        [77.64587, 18.28514],
        [77.64585, 18.28494],
        [77.64579, 18.28495],
        [77.6457, 18.28497],
        [77.64392, 18.28525],
        [77.64377, 18.28527],
        [77.64364, 18.28532],
        [77.6436, 18.28534],
        [77.64358, 18.28534],
        [77.64351, 18.28537],
        [77.64184, 18.28592],
        [77.64166, 18.28598],
        [77.64091, 18.2861],
        [77.64075, 18.28607],
        [77.64056, 18.28604],
        [77.64028, 18.28597],
        [77.64005, 18.28594],
        [77.63996, 18.28592],
        [77.63978, 18.2859],
        [77.63853, 18.28572],
        [77.63816, 18.28573],
        [77.63777, 18.28573],
        [77.63761, 18.28574],
        [77.63648, 18.28574],
        [77.63549, 18.28563],
        [77.63505, 18.28558],
        [77.63386, 18.28542],
        [77.63236, 18.28523],
        [77.63153, 18.28512],
        [77.63077, 18.28463],
        [77.63066, 18.28457],
        [77.63062, 18.28454],
        [77.63049, 18.28445],
        [77.63032, 18.28434],
        [77.63016, 18.2842],
        [77.62917, 18.28348],
        [77.62809, 18.2833],
        [77.62743, 18.28317],
        [77.62604, 18.28288],
        [77.62606, 18.28201],
        [77.62606, 18.28194],
        [77.62607, 18.28168],
        [77.6261, 18.28041],
        [77.62611, 18.28027],
        [77.62612, 18.28019],
        [77.62591, 18.28011],
        [77.6249, 18.27969],
        [77.62443, 18.2795],
        [77.62442, 18.27949],
        [77.62391, 18.27929],
        [77.62323, 18.279],
        [77.62303, 18.27892],
        [77.62065, 18.27792],
        [77.62054, 18.27787],
        [77.62028, 18.27776],
        [77.61797, 18.27732],
        [77.61666, 18.27708],
        [77.61532, 18.27684],
        [77.61284, 18.27679],
        [77.61215, 18.27678],
        [77.60911, 18.2767],
        [77.60825, 18.27667],
        [77.60691, 18.27663],
        [77.60675, 18.27663],
        [77.60658, 18.27724],
        [77.60465, 18.2773],
        [77.60439, 18.27729],
        [77.60436, 18.27713],
        [77.60422, 18.27618],
        [77.60368, 18.27579],
        [77.60358, 18.2758],
        [77.60243, 18.27591],
        [77.60208, 18.27594],
        [77.60201, 18.27595],
        [77.6015, 18.276],
        [77.60113, 18.27603],
        [77.60083, 18.27617],
        [77.60172, 18.27715],
        [77.60337, 18.27897],
        [77.60519, 18.28097],
        [77.60532, 18.28111],
        [77.6054, 18.2812],
        [77.60531, 18.28121],
        [77.60081, 18.28198],
        [77.5819, 18.2852],
        [77.5729, 18.2931],
        [77.57275, 18.29298],
        [77.57053, 18.29132],
        [77.5672, 18.28881],
        [77.56171, 18.28468],
        [77.5616, 18.2846],
        [77.56128, 18.28483],
        [77.55953, 18.28606],
        [77.55652, 18.28819],
        [77.55155, 18.29169],
        [77.5514, 18.2918],
        [77.55146, 18.29198],
        [77.5515, 18.2921],
        [77.5519, 18.29279],
        [77.5519, 18.2928],
        [77.55191, 18.29287],
        [77.552, 18.2936],
        [77.55232, 18.29512],
        [77.5524, 18.2955],
        [77.5529, 18.2975],
        [77.55305, 18.29773],
        [77.5531, 18.2978],
        [77.5536, 18.2984],
        [77.55558, 18.29948],
        [77.5558, 18.2996],
        [77.5575, 18.3008],
        [77.5621, 18.304],
        [77.5631, 18.3048],
        [77.5634, 18.305],
        [77.56499, 18.30629],
        [77.56518, 18.30636],
        [77.5665, 18.3068],
        [77.5693, 18.3078],
        [77.5707, 18.30841],
        [77.5709, 18.3085],
        [77.5715, 18.3089],
        [77.5717, 18.3093],
        [77.5717, 18.3099],
        [77.5716, 18.3109],
        [77.57155, 18.31135],
        [77.5714, 18.3126],
        [77.57113, 18.3137],
        [77.57102, 18.3142],
        [77.571, 18.31429],
        [77.571, 18.3145],
        [77.57084, 18.31586],
        [77.57081, 18.31623],
        [77.5708, 18.31639],
        [77.5708, 18.3167],
        [77.5708, 18.3176],
        [77.5705, 18.3182],
        [77.5701, 18.31843],
        [77.5698, 18.3186],
        [77.5674, 18.3199],
        [77.56659, 18.32049],
        [77.5656, 18.3212],
        [77.56483, 18.32166],
        [77.56458, 18.32183],
        [77.56399, 18.32241],
        [77.56391, 18.32249],
        [77.56386, 18.32254],
        [77.5638, 18.3226],
        [77.56358, 18.32299],
        [77.563, 18.324],
        [77.56295, 18.3241],
        [77.5629, 18.3242],
        [77.56211, 18.32532],
        [77.5617, 18.3259],
        [77.5609, 18.327],
        [77.55994, 18.32865],
        [77.5595, 18.3294],
        [77.5587, 18.3309],
        [77.558, 18.3315],
        [77.5567, 18.3318],
        [77.5557, 18.3321],
        [77.5539, 18.3326],
        [77.5519, 18.3332],
        [77.5509, 18.3335],
        [77.55004, 18.33367],
        [77.5494, 18.3338],
        [77.54833, 18.33413]
      ]
    ]
  }
}
