{
  "type": "Feature",
  "id": "TS-AC-24",
  "properties": {
    "stateName": "TELANGANA",
    "stateCode": "TS",
    "districtName": "KARIMNAGAR",
    "acNo": 24,
    "acName": "MANTHANI",
    "seatType": null,
    "pcNo": null,
    "pcName": null,
    "quality": "unverified",
    "sources": [
      "TBD"
    ]
  },
  "geometry": {
    "type": "Polygon",
    "coordinates": [
      [
        [79.9296, 18.8014],
        [79.9356, 18.7974],
        [79.9417, 18.7928],
        [79.946, 18.7905],
        [79.9461, 18.79043],
        [79.9477, 18.7894],
        [79.9503, 18.7876],
        [79.9515, 18.7868],
        [79.95152, 18.78677],
        [79.95161, 18.78667],
        [79.9524, 18.7857],
        [79.95501, 18.78203],
        [79.9551, 18.7819],
        [79.9583, 18.7782],
        [79.9586, 18.7779],
        [79.9593, 18.77715],
        [79.9611, 18.7752],
        [79.964, 18.7732],
        [79.9655, 18.7725],
        [79.9686, 18.7716],
        [79.9714, 18.7708],
        [79.9753, 18.7705],
        [79.9779, 18.7705],
        [79.9806, 18.7705],
        [79.9843, 18.7705],
        [79.988, 18.7701],
        [79.9893, 18.7699],
        [79.992, 18.7694],
        [79.9955, 18.7682],
        [79.99572, 18.76809],
        [79.9963, 18.7678],
        [79.998, 18.7671],
        [80.0076, 18.768],
        [80.0164, 18.7634],
        [80.0244, 18.7582],
        [80.02451, 18.75813],
        [80.0254, 18.7575],
        [80.02546, 18.75681],
        [80.0255, 18.7563],
        [80.0258, 18.7559],
        [80.0263, 18.7553],
        [80.0264, 18.7552],
        [80.027, 18.7546],
        [80.02722, 18.75433],
        [80.0275, 18.754],
        [80.0277, 18.7538],
        [80.02781, 18.7538],
        [80.0279, 18.7538],
        [80.0284, 18.7536],
        [80.0286, 18.7535],
        [80.02915, 18.75347],
        [80.0302, 18.7534],
        [80.03073, 18.75348],
        [80.03087, 18.75349],
        [80.03095, 18.7535],
        [80.0312, 18.7535],
        [80.0317, 18.7536],
        [80.0324, 18.7536],
        [80.0332, 18.7538],
        [80.0341, 18.754],
        [80.0363, 18.7535],
        [80.0375, 18.7529],
        [80.038, 18.7524],
        [80.0385, 18.7519],
        [80.0392, 18.7501],
        [80.04, 18.7473],
        [80.0405, 18.7429],
        [80.0422, 18.7397],
        [80.04256, 18.73918],
        [80.0442, 18.7368],
        [80.0464, 18.7341],
        [80.0473, 18.7329],
        [80.04781, 18.73174],
        [80.0481, 18.7311],
        [80.0496, 18.7279],
        [80.0519, 18.7253],
        [80.053, 18.7241],
        [80.0539, 18.7237],
        [80.0552, 18.7231],
        [80.0573, 18.7228],
        [80.0576, 18.7227],
        [80.05787, 18.7227],
        [80.0591, 18.7227],
        [80.05928, 18.7227],
        [80.0594, 18.7227],
        [80.0612, 18.7231],
        [80.06161, 18.72317],
        [80.0624, 18.7233],
        [80.06295, 18.72312],
        [80.063, 18.7231],
        [80.0639, 18.7229],
        [80.0658, 18.7217],
        [80.0685, 18.7196],
        [80.0698, 18.7177],
        [80.0706, 18.7157],
        [80.071, 18.7149],
        [80.0716, 18.713],
        [80.0729, 18.7112],
        [80.0735, 18.7106],
        [80.07383, 18.71032],
        [80.0742, 18.71],
        [80.07447, 18.71],
        [80.0745, 18.71],
        [80.0755, 18.7099],
        [80.0762, 18.7098],
        [80.0762, 18.70976],
        [80.0762, 18.7097],
        [80.0773, 18.7092],
        [80.0779, 18.7086],
        [80.0788, 18.7078],
        [80.0794, 18.70745],
        [80.08003, 18.70708],
        [80.0804, 18.70704],
        [80.0807, 18.707],
        [80.0817, 18.7069],
        [80.0827, 18.7069],
        [80.08274, 18.70691],
        [80.0847, 18.7074],
        [80.08585, 18.7075],
        [80.08591, 18.7075],
        [80.08597, 18.70749],
        [80.08599, 18.70749],
        [80.0868, 18.7074],
        [80.0869, 18.7073],
        [80.087, 18.7073],
        [80.087, 18.7073],
        [80.0882, 18.7064],
        [80.0899, 18.7044],
        [80.0927, 18.7013],
        [80.09337, 18.70045],
        [80.0949, 18.6985],
        [80.0971, 18.6953],
        [80.09781, 18.69459],
        [80.0982, 18.6942],
        [80.0992, 18.6932],
        [80.1012, 18.6925],
        [80.10137, 18.69247],
        [80.1017, 18.6924],
        [80.1028, 18.6916],
        [80.1031, 18.6914],
        [80.10323, 18.69133],
        [80.10334, 18.69126],
        [80.1034, 18.6912],
        [80.105, 18.6896],
        [80.1055, 18.6891],
        [80.1055, 18.68903],
        [80.1055, 18.689],
        [80.1056, 18.6889],
        [80.1067, 18.6875],
        [80.10749, 18.68662],
        [80.10756, 18.68654],
        [80.1081, 18.68589],
        [80.10844, 18.6855],
        [80.1086, 18.6853],
        [80.1097, 18.6842],
        [80.10979, 18.68413],
        [80.1101, 18.6839],
        [80.1108, 18.6832],
        [80.1113, 18.6827],
        [80.11146, 18.68259],
        [80.1116, 18.6825],
        [80.112, 18.6822],
        [80.1139, 18.6811],
        [80.11393, 18.68107],
        [80.114, 18.681],
        [80.1142, 18.6809],
        [80.1148, 18.6807],
        [80.11538, 18.68041],
        [80.1154, 18.6804],
        [80.1161, 18.6802],
        [80.117, 18.68],
        [80.1206, 18.68],
        [80.1226, 18.6802],
        [80.1238, 18.6808],
        [80.125, 18.6818],
        [80.1266, 18.6851],
        [80.1273, 18.6861],
        [80.1286, 18.6872],
        [80.1295, 18.6875],
        [80.1325, 18.6886],
        [80.1362, 18.6907],
        [80.1381, 18.6919],
        [80.1395, 18.6925],
        [80.13969, 18.6926],
        [80.1399, 18.6927],
        [80.1411, 18.693],
        [80.14139, 18.693],
        [80.1426, 18.693],
        [80.1441, 18.6925],
        [80.1458, 18.6923],
        [80.14717, 18.6924],
        [80.14722, 18.6924],
        [80.14755, 18.6925],
        [80.1492, 18.693],
        [80.1513, 18.6944],
        [80.1524, 18.6954],
        [80.1535, 18.6972],
        [80.154, 18.6983],
        [80.1546, 18.6993],
        [80.15491, 18.69966],
        [80.15491, 18.69966],
        [80.15532, 18.7001],
        [80.15558, 18.70018],
        [80.15634, 18.7004],
        [80.1574, 18.7004],
        [80.1592, 18.6998],
        [80.15991, 18.69975],
        [80.1605, 18.6997],
        [80.16112, 18.69974],
        [80.1621, 18.6998],
        [80.1638, 18.7004],
        [80.16414, 18.7004],
        [80.1646, 18.7004],
        [80.1664, 18.7],
        [80.1679, 18.6993],
        [80.1682, 18.6991],
        [80.16905, 18.69791],
        [80.1697, 18.697],
        [80.17036, 18.69554],
        [80.1715, 18.693],
        [80.1723, 18.6896],
        [80.1743, 18.6864],
        [80.1749, 18.6858],
        [80.1754, 18.6853],
        [80.1768, 18.6835],
        [80.1782, 18.6827],
        [80.1808, 18.6821],
        [80.18167, 18.68192],
        [80.1869, 18.6808],
        [80.19, 18.6801],
        [80.1937, 18.6799],
        [80.1945, 18.68001],
        [80.1952, 18.6801],
        [80.1963, 18.6806],
        [80.1974, 18.6812],
        [80.1985, 18.682],
        [80.1985, 18.68201],
        [80.1989, 18.68299],
        [80.1989, 18.683],
        [80.19893, 18.68321],
        [80.1991, 18.6844],
        [80.1987, 18.688],
        [80.1987, 18.6896],
        [80.1991, 18.6906],
        [80.19957, 18.69154],
        [80.1997, 18.6918],
        [80.2002, 18.6927],
        [80.2009, 18.6936],
        [80.20145, 18.69418],
        [80.2034, 18.6962],
        [80.2057, 18.6983],
        [80.20683, 18.69957],
        [80.2074, 18.7002],
        [80.2084, 18.7018],
        [80.2091, 18.7031],
        [80.2099, 18.704],
        [80.2115, 18.7049],
        [80.2136, 18.7057],
        [80.2157, 18.7067],
        [80.2176, 18.7074],
        [80.2189, 18.7075],
        [80.2197, 18.7072],
        [80.2209, 18.7065],
        [80.22142, 18.70604],
        [80.2217, 18.7058],
        [80.2235, 18.7055],
        [80.22499, 18.70531],
        [80.22508, 18.7053],
        [80.22531, 18.7052],
        [80.2259, 18.7049],
        [80.2266, 18.7043],
        [80.22674, 18.70416],
        [80.227, 18.7039],
        [80.2274, 18.7032],
        [80.2281, 18.7021],
        [80.22816, 18.70205],
        [80.2285, 18.7018],
        [80.2294, 18.7015],
        [80.2303, 18.7015],
        [80.2309, 18.70159],
        [80.2323, 18.7018],
        [80.2337, 18.7021],
        [80.2349, 18.7027],
        [80.2367, 18.7044],
        [80.23701, 18.70471],
        [80.2373, 18.705],
        [80.2384, 18.7056],
        [80.23913, 18.70542],
        [80.2396, 18.7053],
        [80.2405, 18.7052],
        [80.2418, 18.7054],
        [80.2436, 18.7057],
        [80.2444, 18.7059],
        [80.2451, 18.706],
        [80.2469, 18.7059],
        [80.2482, 18.7055],
        [80.2482, 18.7054],
        [80.2482, 18.70539],
        [80.2482, 18.7053],
        [80.24827, 18.7053],
        [80.24828, 18.70528],
        [80.24829, 18.70527],
        [80.2484, 18.70529],
        [80.24847, 18.7053],
        [80.2487, 18.7053],
        [80.2495, 18.7051],
        [80.2508, 18.7052],
        [80.2521, 18.7054],
        [80.25239, 18.70535],
        [80.2532, 18.7052],
        [80.2544, 18.7053],
        [80.2544, 18.70535],
        [80.2544, 18.7054],
        [80.2558, 18.706],
        [80.2561, 18.7065],
        [80.25627, 18.70667],
        [80.2563, 18.7067],
        [80.2572, 18.7074],
        [80.2579, 18.708],
        [80.2582, 18.7082],
        [80.2587, 18.7088],
        [80.25873, 18.70884],
        [80.2593, 18.7096],
        [80.2594, 18.7097],
        [80.25966, 18.70999],
        [80.2601, 18.7105],
        [80.26081, 18.711],
        [80.2611, 18.7112],
        [80.2618, 18.7119],
        [80.2621, 18.7122],
        [80.2625, 18.7126],
        [80.263, 18.7131],
        [80.2633, 18.7134],
        [80.2641, 18.7142],
        [80.2645, 18.7144],
        [80.2649, 18.7147],
        [80.2652, 18.71494],
        [80.2658, 18.7154],
        [80.2666, 18.7159],
        [80.2677, 18.7168],
        [80.2678, 18.7175],
        [80.2679, 18.7178],
        [80.2681, 18.7189],
        [80.269, 18.7196],
        [80.26962, 18.71981],
        [80.2699, 18.7199],
        [80.2702, 18.72],
        [80.2709, 18.7205],
        [80.2718, 18.7209],
        [80.27241, 18.72136],
        [80.2726, 18.7215],
        [80.273, 18.7217],
        [80.2738, 18.7221],
        [80.2745, 18.7223],
        [80.2747, 18.7224],
        [80.2757, 18.7219],
        [80.2766, 18.7212],
        [80.2766, 18.72113],
        [80.2766, 18.7211],
        [80.277, 18.7209],
        [80.2775, 18.7205],
        [80.2777, 18.7204],
        [80.27811, 18.72025],
        [80.2785, 18.7201],
        [80.2797, 18.7199],
        [80.2808, 18.7198],
        [80.28173, 18.71972],
        [80.28187, 18.7197],
        [80.2819, 18.7197],
        [80.2828, 18.7194],
        [80.2834, 18.719],
        [80.28355, 18.71894],
        [80.2839, 18.7188],
        [80.28439, 18.71815],
        [80.2845, 18.718],
        [80.28469, 18.71786],
        [80.2852, 18.7175],
        [80.2855, 18.7172],
        [80.28567, 18.71703],
        [80.286, 18.7167],
        [80.2863, 18.7165],
        [80.28666, 18.71587],
        [80.2867, 18.7158],
        [80.28673, 18.71574],
        [80.28678, 18.71561],
        [80.28691, 18.71528],
        [80.2872, 18.7144],
        [80.28736, 18.71415],
        [80.28736, 18.71415],
        [80.2874, 18.71408],
        [80.28745, 18.71396],
        [80.2876, 18.7136],
        [80.288, 18.71296],
        [80.2881, 18.71279],
        [80.2883, 18.7124],
        [80.2883, 18.7124],
        [80.2885, 18.712],
        [80.2887, 18.7116],
        [80.28871, 18.71159],
        [80.2888, 18.7115],
        [80.28908, 18.71082],
        [80.2893, 18.7103],
        [80.29, 18.7094],
        [80.2907, 18.7083],
        [80.2914, 18.7074],
        [80.29146, 18.70731],
        [80.2921, 18.7064],
        [80.29254, 18.70588],
        [80.2926, 18.70579],
        [80.29261, 18.70577],
        [80.2927, 18.7056],
        [80.293, 18.7052],
        [80.2935, 18.7045],
        [80.29357, 18.70443],
        [80.2936, 18.7044],
        [80.2941, 18.7037],
        [80.2947, 18.703],
        [80.2948, 18.7029],
        [80.2952, 18.7023],
        [80.2957, 18.7016],
        [80.2965, 18.7004],
        [80.29654, 18.7004],
        [80.2966, 18.7004],
        [80.297, 18.6998],
        [80.297, 18.69973],
        [80.297, 18.6997],
        [80.29726, 18.69933],
        [80.2977, 18.6987],
        [80.2983, 18.6978],
        [80.2995, 18.6965],
        [80.30003, 18.69574],
        [80.3002, 18.6955],
        [80.30028, 18.69542],
        [80.3003, 18.6954],
        [80.301, 18.6944],
        [80.3017, 18.6932],
        [80.3025, 18.6922],
        [80.3034, 18.691],
        [80.3043, 18.69],
        [80.3048, 18.6891],
        [80.3053, 18.6881],
        [80.3058, 18.6871],
        [80.3063, 18.6859],
        [80.3068, 18.6851],
        [80.3076, 18.6836],
        [80.30767, 18.68353],
        [80.3078, 18.6834],
        [80.308, 18.683],
        [80.30813, 18.68268],
        [80.3082, 18.6825],
        [80.3086, 18.6817],
        [80.3092, 18.6806],
        [80.3095, 18.6798],
        [80.3099, 18.6788],
        [80.31, 18.6774],
        [80.3101, 18.676],
        [80.3103, 18.6751],
        [80.3104, 18.6739],
        [80.3109, 18.6726],
        [80.3114, 18.6716],
        [80.3118, 18.6705],
        [80.312, 18.6699],
        [80.3123, 18.6691],
        [80.3126, 18.6684],
        [80.313, 18.6672],
        [80.3134, 18.6657],
        [80.3136, 18.665],
        [80.3142, 18.6635],
        [80.3145, 18.6626],
        [80.3149, 18.6618],
        [80.3154, 18.6609],
        [80.3158, 18.6601],
        [80.31591, 18.65988],
        [80.3162, 18.6593],
        [80.3166, 18.6585],
        [80.3191, 18.6551],
        [80.31913, 18.65501],
        [80.3213, 18.6483],
        [80.3238, 18.6418],
        [80.3266, 18.6366],
        [80.3274, 18.6343],
        [80.3289, 18.6303],
        [80.3299, 18.6273],
        [80.332, 18.6224],
        [80.3344, 18.6136],
        [80.3378, 18.6075],
        [80.3407, 18.6022],
        [80.34318, 18.59803],
        [80.3432, 18.598],
        [80.3446, 18.5968],
        [80.345, 18.5965],
        [80.34664, 18.59627],
        [80.34497, 18.59646],
        [80.3446, 18.59678],
        [80.3397, 18.59477],
        [80.3393, 18.5946],
        [80.33874, 18.59437],
        [80.33803, 18.59426],
        [80.33727, 18.59413],
        [80.3372, 18.59412],
        [80.33665, 18.59404],
        [80.33621, 18.59397],
        [80.33643, 18.59352],
        [80.33577, 18.59323],
        [80.33544, 18.59345],
        [80.33523, 18.59359],
        [80.33508, 18.5937],
        [80.3348, 18.59338],
        [80.33462, 18.59319],
        [80.33437, 18.59292],
        [80.33434, 18.59287],
        [80.3338, 18.59235],
        [80.33362, 18.5924],
        [80.33255, 18.59272],
        [80.33238, 18.59301],
        [80.33227, 18.59322],
        [80.33208, 18.59354],
        [80.33101, 18.59341],
        [80.33038, 18.59332],
        [80.33002, 18.59327],
        [80.32916, 18.59316],
        [80.32667, 18.5928],
        [80.32135, 18.59216],
        [80.31822, 18.59176],
        [80.31786, 18.59172],
        [80.3175, 18.59167],
        [80.30631, 18.59024],
        [80.28441, 18.58875],
        [80.27397, 18.58755],
        [80.27356, 18.5875],
        [80.27331, 18.58742],
        [80.27104, 18.58577],
        [80.26907, 18.5843],
        [80.26669, 18.58246],
        [80.26436, 18.58063],
        [80.26396, 18.5803],
        [80.26268, 18.57935],
        [80.26145, 18.57843],
        [80.25881, 18.57651],
        [80.25619, 18.57455],
        [80.25311, 18.57238],
        [80.25213, 18.57161],
        [80.25123, 18.57092],
        [80.24818, 18.56851],
        [80.24602, 18.56683],
        [80.24461, 18.5657],
        [80.244, 18.56521],
        [80.24193, 18.5635],
        [80.23926, 18.56133],
        [80.23788, 18.56023],
        [80.2351, 18.55795],
        [80.23414, 18.55721],
        [80.22952, 18.55247],
        [80.23051, 18.54619],
        [80.23434, 18.52189],
        [80.23861, 18.5125],
        [80.23935, 18.51089],
        [80.24213, 18.50484],
        [80.23805, 18.49776],
        [80.23265, 18.48755],
        [80.22983, 18.48238],
        [80.22335, 18.47129],
        [80.22607, 18.4535],
        [80.22607, 18.43897],
        [80.22607, 18.4385],
        [80.22546, 18.43786],
        [80.22603, 18.43802],
        [80.2257, 18.43185],
        [80.22495, 18.42694],
        [80.22414, 18.41959],
        [80.22268, 18.41612],
        [80.21994, 18.4098],
        [80.2178, 18.405],
        [80.21767, 18.39919],
        [80.21746, 18.39477],
        [80.21745, 18.39355],
        [80.21741, 18.38883],
        [80.21143, 18.38361],
        [80.204, 18.37692],
        [80.20356, 18.37652],
        [80.20196, 18.37502],
        [80.19981, 18.37335],
        [80.19786, 18.37166],
        [80.19618, 18.37022],
        [80.19563, 18.36975],
        [80.1904, 18.36531],
        [80.19022, 18.36514],
        [80.18948, 18.36443],
        [80.18776, 18.36298],
        [80.185, 18.36039],
        [80.18465, 18.36008],
        [80.18402, 18.35955],
        [80.18333, 18.35889],
        [80.18291, 18.35852],
        [80.18237, 18.35808],
        [80.18167, 18.35743],
        [80.1811, 18.35691],
        [80.18055, 18.35642],
        [80.18024, 18.35616],
        [80.17933, 18.35527],
        [80.17887, 18.35484],
        [80.17816, 18.35414],
        [80.178, 18.35401],
        [80.17752, 18.35352],
        [80.17729, 18.35335],
        [80.17662, 18.35277],
        [80.17451, 18.35085],
        [80.17274, 18.34917],
        [80.17234, 18.34885],
        [80.16526, 18.35201],
        [80.1641, 18.35067],
        [80.16334, 18.3517],
        [80.16027, 18.35343],
        [80.15959, 18.35521],
        [80.1623, 18.35994],
        [80.15972, 18.36092],
        [80.15888, 18.36267],
        [80.15555, 18.36049],
        [80.1535, 18.36208],
        [80.15157, 18.36357],
        [80.15156, 18.36493],
        [80.14905, 18.3653],
        [80.14773, 18.3632],
        [80.1457, 18.36414],
        [80.14748, 18.36669],
        [80.14753, 18.36793],
        [80.1475, 18.36873],
        [80.14556, 18.3702],
        [80.14194, 18.37281],
        [80.14108, 18.3738],
        [80.138, 18.37445],
        [80.13715, 18.37328],
        [80.13398, 18.37212],
        [80.13374, 18.37498],
        [80.13494, 18.37703],
        [80.13427, 18.37885],
        [80.13282, 18.38033],
        [80.13248, 18.38166],
        [80.12977, 18.38503],
        [80.13096, 18.38658],
        [80.13756, 18.39505],
        [80.13986, 18.39738],
        [80.14003, 18.39757],
        [80.14581, 18.40344],
        [80.14706, 18.4047],
        [80.1475, 18.40625],
        [80.14753, 18.4064],
        [80.14779, 18.40842],
        [80.14872, 18.40824],
        [80.14893, 18.40859],
        [80.14968, 18.40984],
        [80.14973, 18.40984],
        [80.1497, 18.41035],
        [80.14966, 18.41117],
        [80.14937, 18.41262],
        [80.15006, 18.41283],
        [80.15019, 18.41333],
        [80.15028, 18.41364],
        [80.15031, 18.41375],
        [80.15037, 18.41398],
        [80.15089, 18.41446],
        [80.15097, 18.41486],
        [80.15073, 18.41484],
        [80.1503, 18.41534],
        [80.15022, 18.41544],
        [80.15004, 18.41564],
        [80.15004, 18.41697],
        [80.15034, 18.41741],
        [80.15112, 18.41848],
        [80.15118, 18.41856],
        [80.15146, 18.41895],
        [80.15183, 18.41962],
        [80.15195, 18.41987],
        [80.15121, 18.42045],
        [80.15104, 18.42058],
        [80.15072, 18.42083],
        [80.15009, 18.42112],
        [80.14996, 18.42121],
        [80.14953, 18.4215],
        [80.14889, 18.42194],
        [80.14888, 18.42194],
        [80.14876, 18.42205],
        [80.14833, 18.42288],
        [80.14802, 18.42346],
        [80.14777, 18.42362],
        [80.14757, 18.42374],
        [80.14688, 18.42417],
        [80.14656, 18.42436],
        [80.14526, 18.42467],
        [80.14355, 18.42507],
        [80.1425, 18.42528],
        [80.14168, 18.42602],
        [80.14127, 18.42661],
        [80.14076, 18.42737],
        [80.13862, 18.42977],
        [80.13724, 18.4309],
        [80.13467, 18.43264],
        [80.13273, 18.4335],
        [80.13158, 18.43395],
        [80.12996, 18.43453],
        [80.12927, 18.43481],
        [80.12544, 18.43637],
        [80.12433, 18.43688],
        [80.12145, 18.43808],
        [80.11926, 18.439],
        [80.11793, 18.43956],
        [80.11736, 18.4394],
        [80.10804, 18.43008],
        [80.10084, 18.42967],
        [80.10039, 18.42964],
        [80.09154, 18.42842],
        [80.0912, 18.42813],
        [80.08337, 18.42143],
        [80.08298, 18.42109],
        [80.08099, 18.41352],
        [80.08091, 18.41322],
        [80.08049, 18.41162],
        [80.07993, 18.40949],
        [80.07987, 18.40892],
        [80.07978, 18.40815],
        [80.07939, 18.40464],
        [80.07925, 18.40339],
        [80.07901, 18.40124],
        [80.07871, 18.39513],
        [80.07657, 18.393],
        [80.06955, 18.39605],
        [80.06657, 18.39853],
        [80.06405, 18.40063],
        [80.06132, 18.40187],
        [80.06045, 18.40227],
        [80.05733, 18.40369],
        [80.04756, 18.40582],
        [80.03351, 18.40582],
        [80.02985, 18.40643],
        [80.0271, 18.40888],
        [80.02801, 18.41376],
        [80.02923, 18.41835],
        [80.02893, 18.42293],
        [80.02923, 18.42995],
        [80.03076, 18.43392],
        [80.03259, 18.43697],
        [80.03284, 18.43707],
        [80.03288, 18.43697],
        [80.03306, 18.43653],
        [80.03391, 18.43489],
        [80.03418, 18.43437],
        [80.03472, 18.43339],
        [80.0349, 18.43302],
        [80.03671, 18.43197],
        [80.0373, 18.43174],
        [80.03805, 18.43146],
        [80.03866, 18.43126],
        [80.04083, 18.43059],
        [80.04209, 18.43026],
        [80.04231, 18.43018],
        [80.04326, 18.42989],
        [80.04363, 18.42978],
        [80.04496, 18.4294],
        [80.04615, 18.42914],
        [80.04669, 18.42906],
        [80.04685, 18.42905],
        [80.04814, 18.4288],
        [80.04853, 18.42871],
        [80.0487, 18.42866],
        [80.04885, 18.42864],
        [80.05018, 18.42825],
        [80.05095, 18.42811],
        [80.05213, 18.4278],
        [80.05447, 18.42771],
        [80.0545, 18.42766],
        [80.05619, 18.42739],
        [80.05648, 18.42793],
        [80.05769, 18.42772],
        [80.05965, 18.42779],
        [80.06064, 18.42777],
        [80.06138, 18.42775],
        [80.06189, 18.42773],
        [80.06255, 18.42767],
        [80.06375, 18.42755],
        [80.06415, 18.42753],
        [80.06643, 18.42742],
        [80.06741, 18.42737],
        [80.06947, 18.42683],
        [80.07186, 18.42568],
        [80.07205, 18.42573],
        [80.07627, 18.4269],
        [80.0839, 18.43178],
        [80.08884, 18.43876],
        [80.08909, 18.43911],
        [80.09138, 18.44174],
        [80.0952, 18.44614],
        [80.10131, 18.45224],
        [80.10455, 18.45441],
        [80.10772, 18.45652],
        [80.11335, 18.45708],
        [80.11336, 18.45717],
        [80.11389, 18.45774],
        [80.11491, 18.46182],
        [80.11499, 18.46217],
        [80.11515, 18.46285],
        [80.1157, 18.46515],
        [80.11516, 18.46602],
        [80.115, 18.46604],
        [80.1078, 18.46679],
        [80.09998, 18.46765],
        [80.09851, 18.4678],
        [80.09729, 18.46792],
        [80.09452, 18.4682],
        [80.09322, 18.46821],
        [80.09197, 18.46823],
        [80.09039, 18.46807],
        [80.08983, 18.46826],
        [80.08977, 18.46846],
        [80.08925, 18.46859],
        [80.08924, 18.46878],
        [80.08889, 18.46897],
        [80.08821, 18.46917],
        [80.08809, 18.46919],
        [80.08818, 18.46987],
        [80.08769, 18.46995],
        [80.08711, 18.47005],
        [80.08613, 18.47],
        [80.08569, 18.47045],
        [80.08543, 18.4707],
        [80.08549, 18.47094],
        [80.08567, 18.47175],
        [80.08562, 18.47263],
        [80.08554, 18.47287],
        [80.08537, 18.47348],
        [80.08507, 18.47378],
        [80.08484, 18.47387],
        [80.08454, 18.47399],
        [80.08407, 18.47422],
        [80.08385, 18.47433],
        [80.08288, 18.47469],
        [80.08261, 18.47481],
        [80.08098, 18.47551],
        [80.08064, 18.47566],
        [80.0806, 18.47568],
        [80.07919, 18.47629],
        [80.07812, 18.47676],
        [80.077, 18.47723],
        [80.0766, 18.47723],
        [80.0764, 18.47723],
        [80.07558, 18.47724],
        [80.07534, 18.47724],
        [80.07493, 18.47723],
        [80.07392, 18.47725],
        [80.0737, 18.47725],
        [80.07179, 18.47789],
        [80.07165, 18.47793],
        [80.07025, 18.47839],
        [80.06983, 18.47853],
        [80.06939, 18.47867],
        [80.06905, 18.47879],
        [80.0684, 18.47901],
        [80.06828, 18.47905],
        [80.06749, 18.47931],
        [80.06632, 18.47968],
        [80.06564, 18.47989],
        [80.06509, 18.48007],
        [80.06504, 18.48009],
        [80.06434, 18.48032],
        [80.06401, 18.48043],
        [80.06357, 18.48057],
        [80.06333, 18.48065],
        [80.06273, 18.48083],
        [80.06233, 18.48096],
        [80.06223, 18.48099],
        [80.06198, 18.48107],
        [80.06194, 18.48108],
        [80.06184, 18.4811],
        [80.06139, 18.48119],
        [80.06081, 18.48129],
        [80.05954, 18.48151],
        [80.05938, 18.48154],
        [80.05933, 18.48155],
        [80.05878, 18.48169],
        [80.0585, 18.48175],
        [80.05816, 18.48182],
        [80.05793, 18.48187],
        [80.05712, 18.48206],
        [80.05685, 18.48213],
        [80.05652, 18.48222],
        [80.05624, 18.4823],
        [80.05572, 18.48244],
        [80.05565, 18.48246],
        [80.0555, 18.4825],
        [80.05529, 18.48256],
        [80.05516, 18.4826],
        [80.05513, 18.48261],
        [80.05489, 18.48267],
        [80.05469, 18.48273],
        [80.05454, 18.48276],
        [80.05444, 18.48279],
        [80.0543, 18.48279],
        [80.05405, 18.48278],
        [80.0538, 18.48277],
        [80.05355, 18.48276],
        [80.053, 18.48269],
        [80.05354, 18.48307],
        [80.0546, 18.48381],
        [80.0551, 18.48416],
        [80.05583, 18.48463],
        [80.05614, 18.48484],
        [80.0569, 18.48411],
        [80.05741, 18.48361],
        [80.05753, 18.4835],
        [80.0577, 18.48333],
        [80.05785, 18.48318],
        [80.05787, 18.48316],
        [80.0589, 18.48291],
        [80.05973, 18.4827],
        [80.06043, 18.48318],
        [80.06087, 18.48347],
        [80.06099, 18.48355],
        [80.06109, 18.48362],
        [80.06117, 18.48368],
        [80.062, 18.48425],
        [80.06215, 18.48435],
        [80.0628, 18.4848],
        [80.06368, 18.48541],
        [80.06431, 18.48533],
        [80.06455, 18.4853],
        [80.06539, 18.4852],
        [80.06556, 18.48518],
        [80.06602, 18.48512],
        [80.06681, 18.48579],
        [80.06731, 18.48622],
        [80.06747, 18.48654],
        [80.06773, 18.48705],
        [80.06791, 18.48741],
        [80.06795, 18.4875],
        [80.06781, 18.48795],
        [80.0672, 18.48996],
        [80.06689, 18.49126],
        [80.06685, 18.49141],
        [80.06669, 18.49202],
        [80.06655, 18.49256],
        [80.06698, 18.49333],
        [80.06784, 18.49487],
        [80.06821, 18.49485],
        [80.06933, 18.49492],
        [80.06999, 18.49496],
        [80.07055, 18.49517],
        [80.07015, 18.49629],
        [80.06997, 18.49683],
        [80.07031, 18.49777],
        [80.07045, 18.49803],
        [80.07122, 18.49841],
        [80.07075, 18.49861],
        [80.07032, 18.4988],
        [80.07013, 18.49888],
        [80.07056, 18.49945],
        [80.07087, 18.49987],
        [80.07179, 18.5006],
        [80.07214, 18.50093],
        [80.07281, 18.50141],
        [80.07321, 18.50177],
        [80.073, 18.50198],
        [80.07308, 18.50207],
        [80.07314, 18.50214],
        [80.07345, 18.5025],
        [80.07367, 18.50272],
        [80.07417, 18.50305],
        [80.07467, 18.50328],
        [80.07479, 18.50334],
        [80.0753, 18.50358],
        [80.07578, 18.50383],
        [80.07591, 18.50408],
        [80.07596, 18.50418],
        [80.07611, 18.50425],
        [80.07625, 18.50431],
        [80.07634, 18.50435],
        [80.07633, 18.50436],
        [80.07626, 18.50448],
        [80.07621, 18.50458],
        [80.07686, 18.50488],
        [80.07736, 18.50524],
        [80.07752, 18.50526],
        [80.07757, 18.50519],
        [80.07774, 18.50495],
        [80.07808, 18.50545],
        [80.07819, 18.50549],
        [80.07861, 18.50533],
        [80.07863, 18.50548],
        [80.07868, 18.50581],
        [80.07868, 18.50585],
        [80.07876, 18.50623],
        [80.07911, 18.50667],
        [80.07938, 18.50692],
        [80.08005, 18.50706],
        [80.08017, 18.50722],
        [80.08027, 18.50737],
        [80.08062, 18.50717],
        [80.08083, 18.50706],
        [80.08094, 18.507],
        [80.08104, 18.50722],
        [80.08131, 18.50782],
        [80.08146, 18.50815],
        [80.08195, 18.50809],
        [80.08224, 18.50878],
        [80.08267, 18.50882],
        [80.08287, 18.50907],
        [80.08392, 18.50985],
        [80.08399, 18.5099],
        [80.08465, 18.51039],
        [80.0858, 18.51125],
        [80.08572, 18.51153],
        [80.08567, 18.5117],
        [80.08563, 18.51184],
        [80.08542, 18.51253],
        [80.08518, 18.51332],
        [80.08494, 18.5141],
        [80.08473, 18.51481],
        [80.08471, 18.51485],
        [80.08447, 18.51556],
        [80.08444, 18.51564],
        [80.08436, 18.5159],
        [80.08424, 18.51628],
        [80.08472, 18.51677],
        [80.08507, 18.51712],
        [80.0852, 18.51725],
        [80.08588, 18.51794],
        [80.08659, 18.51867],
        [80.08602, 18.51867],
        [80.08507, 18.51868],
        [80.08445, 18.51866],
        [80.08351, 18.51862],
        [80.08285, 18.51859],
        [80.08237, 18.51857],
        [80.08164, 18.51854],
        [80.08153, 18.51853],
        [80.08097, 18.51851],
        [80.07933, 18.51843],
        [80.0788, 18.51844],
        [80.07818, 18.51844],
        [80.07728, 18.51844],
        [80.07614, 18.51844],
        [80.07198, 18.51827],
        [80.07115, 18.51826],
        [80.06828, 18.5181],
        [80.06796, 18.51779],
        [80.06741, 18.51775],
        [80.06615, 18.51784],
        [80.06397, 18.51789],
        [80.06372, 18.51789],
        [80.06295, 18.51788],
        [80.06164, 18.5178],
        [80.06048, 18.51778],
        [80.05933, 18.51774],
        [80.05834, 18.51774],
        [80.05746, 18.51765],
        [80.05402, 18.51773],
        [80.05141, 18.51761],
        [80.05137, 18.5176],
        [80.05113, 18.51758],
        [80.04963, 18.51746],
        [80.0486, 18.51737],
        [80.04846, 18.51736],
        [80.04758, 18.51733],
        [80.04685, 18.51729],
        [80.04634, 18.51728],
        [80.04447, 18.5171],
        [80.04332, 18.51702],
        [80.04097, 18.51684],
        [80.04025, 18.51679],
        [80.03994, 18.51676],
        [80.03851, 18.51663],
        [80.03836, 18.51662],
        [80.03871, 18.51437],
        [80.03891, 18.51315],
        [80.0393, 18.51155],
        [80.03927, 18.51158],
        [80.03899, 18.51106],
        [80.03896, 18.51099],
        [80.0388, 18.5107],
        [80.03788, 18.509],
        [80.0366, 18.50656],
        [80.0362, 18.50582],
        [80.03604, 18.5055],
        [80.03575, 18.50496],
        [80.03456, 18.50239],
        [80.03447, 18.5022],
        [80.0341, 18.50149],
        [80.0339, 18.50096],
        [80.03381, 18.50072],
        [80.03363, 18.50023],
        [80.03349, 18.49986],
        [80.03328, 18.49931],
        [80.03294, 18.4984],
        [80.03295, 18.49807],
        [80.03296, 18.49777],
        [80.03297, 18.49756],
        [80.03299, 18.49708],
        [80.0331, 18.4968],
        [80.03319, 18.49655],
        [80.03327, 18.49634],
        [80.03335, 18.49613],
        [80.03344, 18.49591],
        [80.03357, 18.49557],
        [80.0336, 18.49469],
        [80.0335, 18.49459],
        [80.03305, 18.49398],
        [80.03302, 18.49394],
        [80.03298, 18.4939],
        [80.03229, 18.49318],
        [80.03225, 18.49314],
        [80.03185, 18.49264],
        [80.0317, 18.49244],
        [80.03166, 18.4924],
        [80.03163, 18.49235],
        [80.03158, 18.4923],
        [80.0307, 18.49123],
        [80.03063, 18.49114],
        [80.03056, 18.49105],
        [80.03046, 18.49093],
        [80.03039, 18.49086],
        [80.02469, 18.49041],
        [80.02041, 18.49122],
        [80.02031, 18.49124],
        [80.01885, 18.49152],
        [80.0171, 18.49187],
        [80.01411, 18.49228],
        [80.01095, 18.49275],
        [80.00807, 18.49322],
        [80.00501, 18.49352],
        [80.00203, 18.49395],
        [79.993, 18.48695],
        [79.99168, 18.48593],
        [79.98703, 18.48232],
        [79.98658, 18.48193],
        [79.98581, 18.48125],
        [79.98383, 18.47968],
        [79.9817, 18.47852],
        [79.97965, 18.47804],
        [79.97801, 18.47797],
        [79.97638, 18.47809],
        [79.97489, 18.47877],
        [79.97325, 18.48032],
        [79.97196, 18.48255],
        [79.9711, 18.48403],
        [79.9707, 18.48509],
        [79.97014, 18.48659],
        [79.9699, 18.48744],
        [79.96974, 18.488],
        [79.96911, 18.48756],
        [79.96534, 18.48491],
        [79.96386, 18.48387],
        [79.96244, 18.48272],
        [79.96182, 18.4825],
        [79.96181, 18.48304],
        [79.96181, 18.48391],
        [79.9618, 18.48522],
        [79.9618, 18.48631],
        [79.96151, 18.48745],
        [79.96099, 18.48793],
        [79.95979, 18.48836],
        [79.95915, 18.4886],
        [79.9586, 18.48879],
        [79.95774, 18.48928],
        [79.95642, 18.4902],
        [79.95545, 18.49134],
        [79.95503, 18.49234],
        [79.9543, 18.4941],
        [79.95416, 18.49487],
        [79.95392, 18.49619],
        [79.95365, 18.49769],
        [79.95307, 18.50035],
        [79.95214, 18.50171],
        [79.95201, 18.5019],
        [79.95162, 18.50386],
        [79.95184, 18.50505],
        [79.94881, 18.50589],
        [79.94748, 18.50627],
        [79.94106, 18.50806],
        [79.93562, 18.50937],
        [79.93211, 18.5105],
        [79.92345, 18.51328],
        [79.91782, 18.51441],
        [79.91584, 18.5148],
        [79.91367, 18.51541],
        [79.91193, 18.51589],
        [79.90821, 18.51769],
        [79.90614, 18.51869],
        [79.90167, 18.51789],
        [79.89722, 18.51809],
        [79.89338, 18.51809],
        [79.88954, 18.51688],
        [79.88698, 18.5158],
        [79.88671, 18.51567],
        [79.88288, 18.51163],
        [79.88037, 18.50758],
        [79.87924, 18.50577],
        [79.87897, 18.50512],
        [79.87883, 18.50424],
        [79.87845, 18.50198],
        [79.87845, 18.49937],
        [79.87871, 18.4985],
        [79.8804, 18.49617],
        [79.88106, 18.49526],
        [79.88192, 18.49475],
        [79.88408, 18.49347],
        [79.8855, 18.49263],
        [79.88589, 18.49205],
        [79.88914, 18.48718],
        [79.88935, 18.48592],
        [79.8906, 18.48422],
        [79.89345, 18.48013],
        [79.89765, 18.47536],
        [79.89867, 18.47371],
        [79.89886, 18.47349],
        [79.89975, 18.47241],
        [79.90021, 18.47043],
        [79.90082, 18.47009],
        [79.90179, 18.46972],
        [79.90265, 18.46868],
        [79.90404, 18.46881],
        [79.9042, 18.46883],
        [79.9046, 18.46887],
        [79.906, 18.4671],
        [79.90759, 18.46789],
        [79.90783, 18.46648],
        [79.90722, 18.46526],
        [79.9082, 18.46471],
        [79.90942, 18.46349],
        [79.90942, 18.46303],
        [79.90942, 18.4627],
        [79.90956, 18.46222],
        [79.9096, 18.46209],
        [79.90984, 18.46148],
        [79.91001, 18.46142],
        [79.91039, 18.46129],
        [79.91039, 18.45995],
        [79.91036, 18.45997],
        [79.91039, 18.45989],
        [79.91118, 18.4591],
        [79.91222, 18.45928],
        [79.91241, 18.45952],
        [79.91283, 18.46007],
        [79.913, 18.46012],
        [79.91363, 18.46032],
        [79.91479, 18.45971],
        [79.91564, 18.45989],
        [79.91601, 18.45946],
        [79.91603, 18.45942],
        [79.91698, 18.45751],
        [79.91698, 18.45568],
        [79.91698, 18.45452],
        [79.91661, 18.45091],
        [79.91722, 18.4489],
        [79.91801, 18.44627],
        [79.91837, 18.44267],
        [79.91861, 18.44029],
        [79.91866, 18.43966],
        [79.91879, 18.43809],
        [79.91897, 18.4365],
        [79.91897, 18.43589],
        [79.91818, 18.43467],
        [79.91695, 18.43089],
        [79.91677, 18.42887],
        [79.91676, 18.42789],
        [79.91695, 18.42631],
        [79.91615, 18.42289],
        [79.9156, 18.42307],
        [79.91419, 18.42362],
        [79.91359, 18.42386],
        [79.912, 18.42466],
        [79.90956, 18.42569],
        [79.90596, 18.4271],
        [79.90376, 18.42826],
        [79.9026, 18.42887],
        [79.9012, 18.42948],
        [79.89998, 18.43009],
        [79.89796, 18.43107],
        [79.89595, 18.43186],
        [79.89436, 18.43247],
        [79.89235, 18.43326],
        [79.89137, 18.43326],
        [79.88997, 18.43528],
        [79.88857, 18.43809],
        [79.88828, 18.4386],
        [79.88835, 18.43863],
        [79.88909, 18.44474],
        [79.88871, 18.44784],
        [79.88815, 18.45209],
        [79.88745, 18.45624],
        [79.88699, 18.45961],
        [79.8867, 18.46179],
        [79.88647, 18.46337],
        [79.88616, 18.46553],
        [79.8856, 18.47062],
        [79.88498, 18.47502],
        [79.88452, 18.47876],
        [79.88415, 18.48121],
        [79.88359, 18.48478],
        [79.8825, 18.48421],
        [79.8794, 18.4827],
        [79.87523, 18.48068],
        [79.87169, 18.47889],
        [79.86775, 18.4768],
        [79.86514, 18.47569],
        [79.8607, 18.4738],
        [79.86044, 18.47369],
        [79.86026, 18.47362],
        [79.85929, 18.47321],
        [79.85828, 18.47279],
        [79.85803, 18.47269],
        [79.8567, 18.47213],
        [79.85248, 18.46997],
        [79.84892, 18.4683],
        [79.84721, 18.46822],
        [79.84571, 18.46846],
        [79.84424, 18.46936],
        [79.84305, 18.46909],
        [79.84179, 18.47032],
        [79.8402, 18.47133],
        [79.83908, 18.47212],
        [79.83869, 18.47233],
        [79.83822, 18.4725],
        [79.83774, 18.47267],
        [79.83734, 18.47282],
        [79.83666, 18.47306],
        [79.83508, 18.47278],
        [79.83369, 18.4728],
        [79.83271, 18.47294],
        [79.83208, 18.47292],
        [79.83154, 18.47277],
        [79.83034, 18.4722],
        [79.82935, 18.47215],
        [79.82895, 18.47217],
        [79.8282, 18.4723],
        [79.82769, 18.47244],
        [79.82678, 18.47253],
        [79.82587, 18.47263],
        [79.82533, 18.47235],
        [79.82478, 18.47206],
        [79.82432, 18.47145],
        [79.8227, 18.47097],
        [79.82025, 18.47124],
        [79.8191, 18.47133],
        [79.8185, 18.47055],
        [79.81705, 18.47095],
        [79.81596, 18.47132],
        [79.81332, 18.47223],
        [79.81208, 18.47261],
        [79.81136, 18.47272],
        [79.81001, 18.47286],
        [79.80923, 18.47249],
        [79.80946, 18.47071],
        [79.80855, 18.46998],
        [79.80687, 18.46929],
        [79.80656, 18.46919],
        [79.80562, 18.46891],
        [79.80475, 18.46775],
        [79.80329, 18.46615],
        [79.80285, 18.46502],
        [79.80281, 18.4645],
        [79.80374, 18.46403],
        [79.80427, 18.4637],
        [79.80477, 18.46301],
        [79.805, 18.4627],
        [79.80536, 18.46172],
        [79.80542, 18.46158],
        [79.80655, 18.4605],
        [79.80732, 18.45898],
        [79.80794, 18.45684],
        [79.80926, 18.455],
        [79.80998, 18.45396],
        [79.81058, 18.45286],
        [79.81106, 18.45131],
        [79.81174, 18.44945],
        [79.81187, 18.44862],
        [79.81246, 18.44771],
        [79.81284, 18.44703],
        [79.81309, 18.4464],
        [79.81325, 18.44601],
        [79.81377, 18.44531],
        [79.81398, 18.44482],
        [79.81417, 18.44437],
        [79.8142, 18.44425],
        [79.8143, 18.44386],
        [79.81442, 18.44343],
        [79.81452, 18.44305],
        [79.81454, 18.44297],
        [79.81454, 18.44294],
        [79.8146, 18.44269],
        [79.81475, 18.44204],
        [79.81521, 18.44123],
        [79.81524, 18.44119],
        [79.81562, 18.44063],
        [79.81622, 18.43973],
        [79.81642, 18.43889],
        [79.81643, 18.43776],
        [79.81665, 18.43746],
        [79.81673, 18.43735],
        [79.81679, 18.43726],
        [79.81701, 18.43697],
        [79.81719, 18.43673],
        [79.81729, 18.43639],
        [79.81727, 18.43638],
        [79.81731, 18.43614],
        [79.81755, 18.43532],
        [79.81776, 18.43458],
        [79.81782, 18.43434],
        [79.81788, 18.43417],
        [79.81792, 18.43404],
        [79.81806, 18.43361],
        [79.81816, 18.43325],
        [79.81818, 18.43291],
        [79.81826, 18.43258],
        [79.81836, 18.43244],
        [79.81849, 18.43207],
        [79.81858, 18.43184],
        [79.81865, 18.43164],
        [79.81898, 18.43117],
        [79.81912, 18.43097],
        [79.81921, 18.43085],
        [79.81941, 18.43054],
        [79.81951, 18.43039],
        [79.81954, 18.43035],
        [79.81957, 18.43031],
        [79.81981, 18.42998],
        [79.81994, 18.42984],
        [79.82024, 18.42962],
        [79.82036, 18.42954],
        [79.82088, 18.4291],
        [79.82092, 18.42907],
        [79.8213, 18.4288],
        [79.82141, 18.42871],
        [79.82176, 18.42843],
        [79.82204, 18.42836],
        [79.82209, 18.42835],
        [79.82257, 18.4283],
        [79.82254, 18.42821],
        [79.82247, 18.42802],
        [79.82222, 18.42726],
        [79.82211, 18.42687],
        [79.82193, 18.42612],
        [79.82191, 18.42605],
        [79.82184, 18.42574],
        [79.82172, 18.42527],
        [79.82213, 18.42497],
        [79.82218, 18.42493],
        [79.82217, 18.42485],
        [79.82212, 18.42455],
        [79.82209, 18.42435],
        [79.82204, 18.42436],
        [79.82151, 18.42445],
        [79.82148, 18.42445],
        [79.82134, 18.42397],
        [79.82127, 18.42373],
        [79.82099, 18.42279],
        [79.82095, 18.42263],
        [79.82066, 18.42156],
        [79.8206, 18.42131],
        [79.82055, 18.42111],
        [79.82033, 18.42036],
        [79.82019, 18.41984],
        [79.82005, 18.41935],
        [79.81976, 18.4182],
        [79.81973, 18.41811],
        [79.81957, 18.41754],
        [79.81951, 18.41732],
        [79.81934, 18.41668],
        [79.81927, 18.41645],
        [79.81914, 18.41599],
        [79.81904, 18.41512],
        [79.81891, 18.41398],
        [79.81888, 18.41361],
        [79.81887, 18.41348],
        [79.81881, 18.41327],
        [79.81873, 18.41293],
        [79.8187, 18.41279],
        [79.81869, 18.41274],
        [79.81863, 18.41246],
        [79.81862, 18.41241],
        [79.81855, 18.41195],
        [79.81853, 18.41186],
        [79.81866, 18.41179],
        [79.81875, 18.41173],
        [79.81875, 18.41164],
        [79.81875, 18.41142],
        [79.81867, 18.41059],
        [79.81865, 18.41042],
        [79.81856, 18.41038],
        [79.81847, 18.41038],
        [79.81829, 18.41039],
        [79.81798, 18.41043],
        [79.81734, 18.41053],
        [79.81724, 18.41053],
        [79.81721, 18.41054],
        [79.81706, 18.41057],
        [79.81662, 18.41064],
        [79.81638, 18.41068],
        [79.81604, 18.41074],
        [79.81601, 18.41074],
        [79.81572, 18.41077],
        [79.81558, 18.4108],
        [79.81517, 18.41091],
        [79.81482, 18.41101],
        [79.8142, 18.41118],
        [79.81418, 18.41119],
        [79.81302, 18.41147],
        [79.81268, 18.41157],
        [79.81258, 18.41127],
        [79.81252, 18.41113],
        [79.81242, 18.4112],
        [79.81239, 18.41122],
        [79.81177, 18.41176],
        [79.81117, 18.41233],
        [79.8111, 18.41244],
        [79.81094, 18.41249],
        [79.81036, 18.41306],
        [79.81029, 18.41319],
        [79.81014, 18.41339],
        [79.80997, 18.41388],
        [79.80998, 18.41411],
        [79.81001, 18.41518],
        [79.81002, 18.41565],
        [79.81003, 18.41603],
        [79.81004, 18.41615],
        [79.81005, 18.41625],
        [79.81009, 18.4166],
        [79.81012, 18.4168],
        [79.81014, 18.417],
        [79.81019, 18.41735],
        [79.81022, 18.41757],
        [79.81023, 18.41763],
        [79.81023, 18.41766],
        [79.81023, 18.41769],
        [79.81024, 18.41772],
        [79.81025, 18.41786],
        [79.81026, 18.41787],
        [79.81049, 18.41818],
        [79.81057, 18.41828],
        [79.81061, 18.41835],
        [79.81068, 18.41865],
        [79.81071, 18.41878],
        [79.81086, 18.41942],
        [79.81087, 18.41947],
        [79.81089, 18.41957],
        [79.81089, 18.41958],
        [79.8108, 18.42032],
        [79.81079, 18.42044],
        [79.81067, 18.42045],
        [79.8107, 18.42025],
        [79.8106, 18.42017],
        [79.81033, 18.41996],
        [79.81023, 18.41984],
        [79.81014, 18.41966],
        [79.81004, 18.41945],
        [79.80969, 18.41873],
        [79.80934, 18.41859],
        [79.80924, 18.41854],
        [79.80923, 18.41852],
        [79.80914, 18.41831],
        [79.80909, 18.41821],
        [79.80904, 18.41809],
        [79.80897, 18.41799],
        [79.80889, 18.41787],
        [79.80874, 18.4179],
        [79.8079, 18.41804],
        [79.80775, 18.4179],
        [79.80667, 18.41705],
        [79.80653, 18.41698],
        [79.80632, 18.41692],
        [79.80552, 18.41666],
        [79.80504, 18.41653],
        [79.80483, 18.41647],
        [79.80479, 18.4166],
        [79.80442, 18.41754],
        [79.80439, 18.41761],
        [79.80413, 18.41826],
        [79.80409, 18.41836],
        [79.80401, 18.41858],
        [79.80391, 18.4188],
        [79.80367, 18.4194],
        [79.80365, 18.41946],
        [79.80352, 18.41979],
        [79.80329, 18.42037],
        [79.80307, 18.42092],
        [79.80302, 18.42108],
        [79.80296, 18.42126],
        [79.80283, 18.42156],
        [79.80272, 18.42185],
        [79.80266, 18.42201],
        [79.80279, 18.42205],
        [79.80266, 18.42242],
        [79.80235, 18.42329],
        [79.80191, 18.42455],
        [79.80172, 18.42512],
        [79.80146, 18.42519],
        [79.80084, 18.42537],
        [79.8003, 18.42553],
        [79.79908, 18.42604],
        [79.79859, 18.42624],
        [79.79825, 18.42638],
        [79.79784, 18.42655],
        [79.79723, 18.4268],
        [79.79514, 18.42842],
        [79.79494, 18.42864],
        [79.79414, 18.42954],
        [79.79389, 18.42985],
        [79.79372, 18.43006],
        [79.79246, 18.43165],
        [79.79238, 18.43174],
        [79.79204, 18.43212],
        [79.79142, 18.43257],
        [79.79128, 18.43267],
        [79.79006, 18.43355],
        [79.78887, 18.43437],
        [79.78853, 18.43442],
        [79.78808, 18.43448],
        [79.78761, 18.43455],
        [79.78655, 18.43464],
        [79.78614, 18.43467],
        [79.78575, 18.43465],
        [79.78557, 18.43466],
        [79.78523, 18.43469],
        [79.78511, 18.43475],
        [79.785, 18.43475],
        [79.7848, 18.43479],
        [79.78347, 18.43505],
        [79.78232, 18.43528],
        [79.78088, 18.43534],
        [79.77978, 18.43538],
        [79.77932, 18.4354],
        [79.77881, 18.43531],
        [79.77833, 18.43522],
        [79.77791, 18.43514],
        [79.77786, 18.43513],
        [79.7769, 18.4349],
        [79.77601, 18.43473],
        [79.77509, 18.43455],
        [79.77422, 18.43438],
        [79.77343, 18.43423],
        [79.77334, 18.43424],
        [79.77126, 18.43755],
        [79.77068, 18.43821],
        [79.77045, 18.43855],
        [79.77004, 18.43915],
        [79.76934, 18.43985],
        [79.76899, 18.44048],
        [79.76879, 18.44085],
        [79.76863, 18.44114],
        [79.76815, 18.44201],
        [79.76731, 18.44354],
        [79.7669, 18.44491],
        [79.76463, 18.44934],
        [79.7646, 18.44941],
        [79.76328, 18.45231],
        [79.76217, 18.45473],
        [79.762, 18.4547],
        [79.76193, 18.45469],
        [79.76181, 18.45467],
        [79.76167, 18.45464],
        [79.76165, 18.45464],
        [79.76139, 18.45459],
        [79.75857, 18.45596],
        [79.75608, 18.45717],
        [79.74924, 18.46182],
        [79.74161, 18.46801],
        [79.73428, 18.47393],
        [79.72615, 18.48061],
        [79.71865, 18.48258],
        [79.71058, 18.48458],
        [79.70855, 18.48508],
        [79.70075, 18.48701],
        [79.69185, 18.48932],
        [79.68499, 18.49096],
        [79.68233, 18.49162],
        [79.68174, 18.49177],
        [79.67976, 18.49226],
        [79.6791, 18.49238],
        [79.67851, 18.49189],
        [79.67847, 18.49186],
        [79.67845, 18.49184],
        [79.67735, 18.49083],
        [79.67681, 18.49033],
        [79.67624, 18.48935],
        [79.67592, 18.48878],
        [79.67588, 18.4887],
        [79.67522, 18.48749],
        [79.675, 18.48709],
        [79.67465, 18.48651],
        [79.67441, 18.48619],
        [79.67425, 18.48598],
        [79.67325, 18.48467],
        [79.67218, 18.48327],
        [79.672, 18.48304],
        [79.67193, 18.48294],
        [79.67185, 18.48284],
        [79.6718, 18.48279],
        [79.67142, 18.48242],
        [79.67104, 18.48206],
        [79.67081, 18.48184],
        [79.66965, 18.48074],
        [79.66954, 18.48064],
        [79.66932, 18.48043],
        [79.6693, 18.48041],
        [79.66835, 18.47972],
        [79.66818, 18.47959],
        [79.66793, 18.47941],
        [79.66789, 18.47938],
        [79.66783, 18.47936],
        [79.6678, 18.47935],
        [79.66668, 18.47892],
        [79.66655, 18.47886],
        [79.66646, 18.47884],
        [79.66636, 18.47881],
        [79.66508, 18.47842],
        [79.66507, 18.47841],
        [79.6635, 18.47793],
        [79.6622, 18.47754],
        [79.66181, 18.47741],
        [79.65954, 18.47666],
        [79.65924, 18.47661],
        [79.65849, 18.47648],
        [79.65756, 18.47632],
        [79.65749, 18.47631],
        [79.65749, 18.4763],
        [79.65744, 18.4763],
        [79.65617, 18.47607],
        [79.65593, 18.47603],
        [79.6547, 18.47581],
        [79.65353, 18.47561],
        [79.65226, 18.47549],
        [79.64995, 18.47528],
        [79.6499, 18.47528],
        [79.64765, 18.47509],
        [79.64711, 18.47509],
        [79.64469, 18.47512],
        [79.64273, 18.47528],
        [79.64191, 18.47534],
        [79.64133, 18.47544],
        [79.63978, 18.47569],
        [79.63966, 18.47571],
        [79.63731, 18.47638],
        [79.63675, 18.47663],
        [79.63518, 18.47734],
        [79.63403, 18.47786],
        [79.63311, 18.47828],
        [79.63206, 18.47891],
        [79.63203, 18.47892],
        [79.62985, 18.48023],
        [79.62808, 18.48146],
        [79.6279, 18.48204],
        [79.62589, 18.47953],
        [79.62578, 18.47941],
        [79.6257, 18.47949],
        [79.62567, 18.47956],
        [79.62566, 18.47957],
        [79.62557, 18.4797],
        [79.62467, 18.48018],
        [79.62491, 18.47892],
        [79.62466, 18.4786],
        [79.62448, 18.47837],
        [79.6242, 18.47799],
        [79.62404, 18.47773],
        [79.624, 18.47768],
        [79.62367, 18.47719],
        [79.62362, 18.4771],
        [79.62347, 18.47689],
        [79.62332, 18.47666],
        [79.62314, 18.47642],
        [79.62311, 18.47639],
        [79.62242, 18.47553],
        [79.62214, 18.47517],
        [79.62189, 18.47487],
        [79.62185, 18.47482],
        [79.6218, 18.47475],
        [79.62144, 18.47427],
        [79.62135, 18.47415],
        [79.62097, 18.47364],
        [79.62077, 18.47338],
        [79.61992, 18.47331],
        [79.61934, 18.47326],
        [79.61479, 18.47285],
        [79.61091, 18.46993],
        [79.60947, 18.46852],
        [79.60794, 18.46671],
        [79.60773, 18.46697],
        [79.60658, 18.46841],
        [79.60271, 18.47161],
        [79.60157, 18.47261],
        [79.60026, 18.47319],
        [79.59872, 18.47342],
        [79.59688, 18.47335],
        [79.59667, 18.47189],
        [79.59664, 18.47172],
        [79.59654, 18.47167],
        [79.59645, 18.47165],
        [79.59585, 18.47147],
        [79.59552, 18.47153],
        [79.5952, 18.4716],
        [79.59464, 18.47152],
        [79.59453, 18.47164],
        [79.59444, 18.47167],
        [79.594, 18.47182],
        [79.59346, 18.47236],
        [79.59339, 18.47327],
        [79.59288, 18.47437],
        [79.59286, 18.47443],
        [79.59265, 18.47453],
        [79.59234, 18.47519],
        [79.59218, 18.47563],
        [79.59199, 18.47611],
        [79.5922, 18.47644],
        [79.59178, 18.4765],
        [79.59154, 18.47672],
        [79.59152, 18.47675],
        [79.59088, 18.47772],
        [79.59099, 18.47801],
        [79.58983, 18.47878],
        [79.58978, 18.47882],
        [79.5895, 18.47903],
        [79.58896, 18.47926],
        [79.58899, 18.47961],
        [79.58879, 18.47974],
        [79.58854, 18.47977],
        [79.58818, 18.48044],
        [79.58722, 18.4811],
        [79.58732, 18.48138],
        [79.58661, 18.48175],
        [79.58597, 18.48254],
        [79.58503, 18.48295],
        [79.5849, 18.48297],
        [79.58435, 18.48225],
        [79.58432, 18.48221],
        [79.58404, 18.48186],
        [79.58405, 18.48272],
        [79.58408, 18.48914],
        [79.57742, 18.48291],
        [79.5766, 18.483],
        [79.57632, 18.48312],
        [79.57608, 18.48322],
        [79.57593, 18.4829],
        [79.57586, 18.48291],
        [79.57562, 18.483],
        [79.57582, 18.48333],
        [79.57474, 18.48398],
        [79.57425, 18.48421],
        [79.57305, 18.48505],
        [79.5728, 18.48517],
        [79.57272, 18.4852],
        [79.5728, 18.48519],
        [79.57502, 18.48483],
        [79.57516, 18.48483],
        [79.57535, 18.48479],
        [79.5763, 18.48469],
        [79.57648, 18.48466],
        [79.57649, 18.48481],
        [79.57656, 18.48681],
        [79.57658, 18.48696],
        [79.57663, 18.4871],
        [79.57724, 18.48929],
        [79.57724, 18.4894],
        [79.57724, 18.48955],
        [79.57727, 18.49027],
        [79.57744, 18.49025],
        [79.57757, 18.49021],
        [79.57769, 18.49017],
        [79.57773, 18.49031],
        [79.57793, 18.49078],
        [79.57824, 18.49169],
        [79.57827, 18.4918],
        [79.5784, 18.49193],
        [79.5793, 18.49265],
        [79.57941, 18.49273],
        [79.5795, 18.49284],
        [79.57972, 18.49321],
        [79.5798, 18.4933],
        [79.57989, 18.49343],
        [79.58086, 18.49428],
        [79.58096, 18.49437],
        [79.58111, 18.49436],
        [79.58134, 18.49437],
        [79.5815, 18.49438],
        [79.58162, 18.49444],
        [79.58207, 18.49477],
        [79.58217, 18.49488],
        [79.58242, 18.49495],
        [79.58331, 18.49533],
        [79.58345, 18.49543],
        [79.58365, 18.49556],
        [79.5851, 18.49661],
        [79.58527, 18.49675],
        [79.58538, 18.49688],
        [79.58618, 18.49753],
        [79.58628, 18.49764],
        [79.58642, 18.49778],
        [79.58818, 18.49952],
        [79.5888, 18.50003],
        [79.58898, 18.50017],
        [79.58904, 18.50024],
        [79.58908, 18.50027],
        [79.58915, 18.50029],
        [79.58941, 18.50041],
        [79.58947, 18.50043],
        [79.58973, 18.50116],
        [79.58985, 18.50139],
        [79.5899, 18.5015],
        [79.58993, 18.5016],
        [79.59001, 18.5021],
        [79.59012, 18.5026],
        [79.59024, 18.50315],
        [79.59028, 18.50326],
        [79.59033, 18.5034],
        [79.59036, 18.50355],
        [79.59042, 18.50379],
        [79.59044, 18.50391],
        [79.59056, 18.50398],
        [79.59076, 18.50442],
        [79.59081, 18.50459],
        [79.59091, 18.50474],
        [79.5911, 18.50512],
        [79.59107, 18.50629],
        [79.59018, 18.5066],
        [79.58955, 18.50691],
        [79.58932, 18.50698],
        [79.58912, 18.50713],
        [79.58909, 18.50715],
        [79.58907, 18.50722],
        [79.58902, 18.50734],
        [79.58899, 18.50736],
        [79.58889, 18.50744],
        [79.58842, 18.50775],
        [79.5883, 18.50784],
        [79.58814, 18.50792],
        [79.58661, 18.5088],
        [79.58655, 18.50885],
        [79.5866, 18.50886],
        [79.5865, 18.50896],
        [79.58644, 18.50893],
        [79.58627, 18.50901],
        [79.58452, 18.50949],
        [79.58438, 18.50955],
        [79.58345, 18.51008],
        [79.58334, 18.51014],
        [79.58317, 18.51017],
        [79.58065, 18.51119],
        [79.58053, 18.51122],
        [79.58034, 18.51129],
        [79.57788, 18.51202],
        [79.57772, 18.51207],
        [79.57756, 18.5121],
        [79.5704, 18.51442],
        [79.57022, 18.5145],
        [79.57001, 18.51542],
        [79.56812, 18.51623],
        [79.56839, 18.51632],
        [79.57143, 18.51733],
        [79.57145, 18.51734],
        [79.57155, 18.51744],
        [79.57167, 18.51759],
        [79.57525, 18.52164],
        [79.5753, 18.52172],
        [79.57727, 18.5247],
        [79.57743, 18.52494],
        [79.5778, 18.5255],
        [79.57791, 18.52563],
        [79.57802, 18.5258],
        [79.57902, 18.52719],
        [79.57908, 18.52735],
        [79.57907, 18.52753],
        [79.57897, 18.52782],
        [79.57962, 18.52822],
        [79.5806, 18.52791],
        [79.58071, 18.52789],
        [79.5812, 18.52844],
        [79.58119, 18.52845],
        [79.58025, 18.52859],
        [79.58002, 18.52892],
        [79.57948, 18.52955],
        [79.57939, 18.52966],
        [79.5791, 18.53006],
        [79.57886, 18.53038],
        [79.57851, 18.53091],
        [79.5797, 18.53165],
        [79.57982, 18.53172],
        [79.58063, 18.53216],
        [79.58205, 18.53236],
        [79.58219, 18.53238],
        [79.58374, 18.53261],
        [79.58442, 18.53361],
        [79.58498, 18.53438],
        [79.58532, 18.53484],
        [79.58522, 18.53497],
        [79.5861, 18.53577],
        [79.58619, 18.53584],
        [79.58631, 18.53592],
        [79.58648, 18.53606],
        [79.58779, 18.53728],
        [79.58795, 18.53739],
        [79.5879, 18.5374],
        [79.58773, 18.53744],
        [79.58719, 18.53752],
        [79.58594, 18.53769],
        [79.58406, 18.538],
        [79.58104, 18.5385],
        [79.57679, 18.53923],
        [79.57203, 18.53994],
        [79.56995, 18.54024],
        [79.56804, 18.54128],
        [79.56688, 18.54196],
        [79.56675, 18.54204],
        [79.56661, 18.5421],
        [79.56636, 18.54212],
        [79.56345, 18.54236],
        [79.56332, 18.54237],
        [79.55446, 18.54316],
        [79.55424, 18.54316],
        [79.55408, 18.54317],
        [79.55385, 18.54334],
        [79.54782, 18.5493],
        [79.54771, 18.5494],
        [79.5476, 18.54955],
        [79.54184, 18.55504],
        [79.54172, 18.55514],
        [79.54161, 18.55524],
        [79.53855, 18.55709],
        [79.53527, 18.55888],
        [79.53511, 18.55894],
        [79.53043, 18.56144],
        [79.52228, 18.56532],
        [79.51697, 18.56945],
        [79.51519, 18.57139],
        [79.51716, 18.57286],
        [79.52125, 18.57593],
        [79.51634, 18.58175],
        [79.5156, 18.58261],
        [79.51373, 18.58479],
        [79.51365, 18.58488],
        [79.51352, 18.58503],
        [79.51175, 18.58707],
        [79.50661, 18.59301],
        [79.50205, 18.59795],
        [79.49806, 18.60287],
        [79.49657, 18.60467],
        [79.49656, 18.60467],
        [79.49644, 18.60481],
        [79.49547, 18.60598],
        [79.4935, 18.60173],
        [79.49316, 18.60187],
        [79.4917, 18.60245],
        [79.4917, 18.6024],
        [79.4774, 18.60402],
        [79.47637, 18.60724],
        [79.47315, 18.61733],
        [79.47192, 18.62109],
        [79.47179, 18.6215],
        [79.47172, 18.62151],
        [79.47163, 18.62186],
        [79.47153, 18.62215],
        [79.47183, 18.62337],
        [79.47186, 18.62352],
        [79.47195, 18.62388],
        [79.47201, 18.62405],
        [79.47206, 18.62418],
        [79.47212, 18.62439],
        [79.47217, 18.62452],
        [79.4722, 18.62462],
        [79.47222, 18.62468],
        [79.4725, 18.6255],
        [79.47254, 18.62564],
        [79.47277, 18.62561],
        [79.47278, 18.62575],
        [79.47282, 18.62622],
        [79.47288, 18.62687],
        [79.47289, 18.62707],
        [79.47294, 18.62764],
        [79.47314, 18.628],
        [79.47326, 18.62822],
        [79.47333, 18.62849],
        [79.47353, 18.62934],
        [79.47356, 18.62942],
        [79.4736, 18.62955],
        [79.47443, 18.63149],
        [79.47457, 18.63182],
        [79.47457, 18.63183],
        [79.4746, 18.63192],
        [79.47464, 18.63206],
        [79.47487, 18.63268],
        [79.47525, 18.63369],
        [79.47566, 18.63478],
        [79.47588, 18.63516],
        [79.47603, 18.63541],
        [79.47605, 18.63546],
        [79.47612, 18.63555],
        [79.47615, 18.63564],
        [79.47673, 18.63713],
        [79.47689, 18.63762],
        [79.47688, 18.63773],
        [79.47686, 18.63799],
        [79.47674, 18.63815],
        [79.47687, 18.63868],
        [79.47692, 18.63881],
        [79.47692, 18.63889],
        [79.47692, 18.63892],
        [79.47693, 18.63954],
        [79.47712, 18.63991],
        [79.47713, 18.63993],
        [79.47738, 18.64058],
        [79.47755, 18.64101],
        [79.4776, 18.6411],
        [79.47762, 18.64123],
        [79.47767, 18.6414],
        [79.47792, 18.64224],
        [79.47794, 18.64228],
        [79.47814, 18.64253],
        [79.47823, 18.64262],
        [79.47824, 18.64269],
        [79.47849, 18.64358],
        [79.47852, 18.6437],
        [79.47857, 18.64381],
        [79.47859, 18.64394],
        [79.4787, 18.64417],
        [79.47871, 18.64418],
        [79.47911, 18.64527],
        [79.47887, 18.64535],
        [79.47808, 18.64554],
        [79.47811, 18.64565],
        [79.47733, 18.64548],
        [79.47721, 18.64566],
        [79.47727, 18.64581],
        [79.47728, 18.64582],
        [79.47725, 18.64583],
        [79.47677, 18.64602],
        [79.47667, 18.64606],
        [79.47654, 18.64608],
        [79.47608, 18.64614],
        [79.47595, 18.64619],
        [79.4758, 18.64622],
        [79.47562, 18.64627],
        [79.47545, 18.64631],
        [79.47528, 18.64635],
        [79.47507, 18.6464],
        [79.47509, 18.64651],
        [79.47513, 18.64669],
        [79.47468, 18.64687],
        [79.47469, 18.647],
        [79.47458, 18.64703],
        [79.47406, 18.64717],
        [79.47383, 18.64723],
        [79.4738, 18.64723],
        [79.47355, 18.64729],
        [79.47315, 18.64739],
        [79.47233, 18.64758],
        [79.47188, 18.64764],
        [79.47163, 18.64767],
        [79.47055, 18.64782],
        [79.46984, 18.6479],
        [79.46971, 18.64787],
        [79.46918, 18.64796],
        [79.46907, 18.64797],
        [79.46902, 18.64784],
        [79.46872, 18.64791],
        [79.46806, 18.64805],
        [79.46758, 18.64803],
        [79.46727, 18.64801],
        [79.46646, 18.64793],
        [79.46589, 18.64785],
        [79.46567, 18.64782],
        [79.46568, 18.64788],
        [79.46571, 18.64804],
        [79.46554, 18.64807],
        [79.46487, 18.64823],
        [79.4644, 18.64833],
        [79.4634, 18.64852],
        [79.4631, 18.64856],
        [79.46293, 18.64858],
        [79.46272, 18.64863],
        [79.46251, 18.64868],
        [79.46249, 18.64861],
        [79.46248, 18.64854],
        [79.46231, 18.64856],
        [79.46214, 18.64858],
        [79.46208, 18.64848],
        [79.46208, 18.64847],
        [79.46204, 18.64837],
        [79.46194, 18.64839],
        [79.46104, 18.64858],
        [79.46095, 18.64859],
        [79.46091, 18.6486],
        [79.46078, 18.6486],
        [79.46017, 18.64873],
        [79.46001, 18.64877],
        [79.45981, 18.64887],
        [79.45965, 18.64893],
        [79.45953, 18.64895],
        [79.45838, 18.6493],
        [79.4583, 18.64933],
        [79.45816, 18.64936],
        [79.45818, 18.64944],
        [79.45825, 18.64969],
        [79.45828, 18.6498],
        [79.45827, 18.64998],
        [79.45827, 18.64999],
        [79.45826, 18.65014],
        [79.45828, 18.6502],
        [79.45841, 18.65078],
        [79.4584, 18.65158],
        [79.45838, 18.65168],
        [79.45832, 18.6517],
        [79.45817, 18.65176],
        [79.45798, 18.65183],
        [79.45794, 18.65196],
        [79.45791, 18.65245],
        [79.4579, 18.65258],
        [79.4579, 18.65268],
        [79.45789, 18.65271],
        [79.45789, 18.6528],
        [79.45789, 18.65315],
        [79.45787, 18.65329],
        [79.45785, 18.65342],
        [79.45784, 18.65366],
        [79.45783, 18.65384],
        [79.45782, 18.6544],
        [79.45763, 18.65443],
        [79.45761, 18.6547],
        [79.45759, 18.65486],
        [79.45759, 18.65497],
        [79.45744, 18.65541],
        [79.45737, 18.65562],
        [79.45716, 18.65624],
        [79.45714, 18.65654],
        [79.45716, 18.65667],
        [79.45702, 18.6567],
        [79.45652, 18.65679],
        [79.45639, 18.65681],
        [79.45639, 18.65684],
        [79.45641, 18.65692],
        [79.45648, 18.65735],
        [79.45643, 18.65759],
        [79.45638, 18.65779],
        [79.45624, 18.65876],
        [79.45626, 18.65904],
        [79.45629, 18.65917],
        [79.45627, 18.65928],
        [79.45627, 18.65939],
        [79.45627, 18.65999],
        [79.45616, 18.66003],
        [79.45613, 18.66025],
        [79.45613, 18.66039],
        [79.45611, 18.66052],
        [79.45605, 18.66104],
        [79.45602, 18.6613],
        [79.45598, 18.66156],
        [79.45595, 18.6617],
        [79.45596, 18.66183],
        [79.45597, 18.66216],
        [79.45598, 18.66245],
        [79.45619, 18.66285],
        [79.45625, 18.66293],
        [79.45635, 18.66311],
        [79.45639, 18.66316],
        [79.45656, 18.66347],
        [79.45662, 18.66388],
        [79.45666, 18.66414],
        [79.45665, 18.66426],
        [79.45665, 18.66428],
        [79.45673, 18.66453],
        [79.4564, 18.66462],
        [79.45647, 18.66483],
        [79.4565, 18.66489],
        [79.4565, 18.66491],
        [79.45657, 18.66504],
        [79.45642, 18.66509],
        [79.45558, 18.66519],
        [79.45496, 18.66512],
        [79.45484, 18.6651],
        [79.45467, 18.6651],
        [79.45382, 18.66527],
        [79.45356, 18.6654],
        [79.4528, 18.66577],
        [79.45246, 18.66601],
        [79.45238, 18.66612],
        [79.45242, 18.66623],
        [79.45246, 18.66631],
        [79.45245, 18.66633],
        [79.45234, 18.66647],
        [79.45237, 18.66659],
        [79.45263, 18.66725],
        [79.45181, 18.66728],
        [79.45154, 18.66729],
        [79.45137, 18.66728],
        [79.45117, 18.66771],
        [79.4511, 18.6679],
        [79.45104, 18.66806],
        [79.45086, 18.66851],
        [79.45058, 18.6688],
        [79.44876, 18.67068],
        [79.44478, 18.67343],
        [79.44182, 18.6754],
        [79.43913, 18.6771],
        [79.43917, 18.67748],
        [79.43927, 18.67853],
        [79.43922, 18.67853],
        [79.43776, 18.67847],
        [79.43524, 18.67837],
        [79.42753, 18.67811],
        [79.42073, 18.67793],
        [79.42069, 18.67779],
        [79.41977, 18.67838],
        [79.41962, 18.67845],
        [79.41951, 18.6785],
        [79.41846, 18.67885],
        [79.41804, 18.679],
        [79.41791, 18.67904],
        [79.41715, 18.67935],
        [79.41605, 18.6798],
        [79.41592, 18.67984],
        [79.41443, 18.68034],
        [79.4143, 18.68038],
        [79.41415, 18.68043],
        [79.41384, 18.68052],
        [79.4135, 18.68062],
        [79.4118, 18.6811],
        [79.41153, 18.68117],
        [79.41147, 18.68118],
        [79.40892, 18.68176],
        [79.40864, 18.68182],
        [79.40802, 18.68196],
        [79.4079, 18.6821],
        [79.40786, 18.68216],
        [79.40757, 18.68235],
        [79.40748, 18.68241],
        [79.40668, 18.68267],
        [79.40506, 18.68314],
        [79.40489, 18.68319],
        [79.40568, 18.6845],
        [79.40519, 18.685],
        [79.40316, 18.68677],
        [79.4033, 18.68719],
        [79.40333, 18.68731],
        [79.40083, 18.68905],
        [79.40187, 18.69043],
        [79.40138, 18.69084],
        [79.40136, 18.69086],
        [79.40187, 18.69171],
        [79.40193, 18.69181],
        [79.40196, 18.69184],
        [79.4021, 18.69203],
        [79.4023, 18.6923],
        [79.40238, 18.69242],
        [79.40249, 18.69259],
        [79.40363, 18.6944],
        [79.40442, 18.69577],
        [79.40495, 18.69679],
        [79.40501, 18.69689],
        [79.40549, 18.69952],
        [79.40594, 18.70164],
        [79.40596, 18.7019],
        [79.40597, 18.7019],
        [79.40722, 18.70179],
        [79.40773, 18.70265],
        [79.40849, 18.70396],
        [79.4091, 18.70502],
        [79.40954, 18.70572],
        [79.40955, 18.70573],
        [79.40905, 18.70615],
        [79.40896, 18.70659],
        [79.40792, 18.70706],
        [79.40792, 18.70721],
        [79.40894, 18.70799],
        [79.41106, 18.70961],
        [79.41782, 18.71496],
        [79.42002, 18.71677],
        [79.42029, 18.71684],
        [79.41982, 18.71802],
        [79.41936, 18.71919],
        [79.41913, 18.71977],
        [79.41948, 18.72027],
        [79.41959, 18.72114],
        [79.41935, 18.72138],
        [79.41892, 18.72181],
        [79.41849, 18.72271],
        [79.41811, 18.72353],
        [79.41709, 18.72388],
        [79.41686, 18.72478],
        [79.41634, 18.72539],
        [79.41601, 18.72609],
        [79.41599, 18.72618],
        [79.41795, 18.72699],
        [79.42053, 18.72775],
        [79.42076, 18.72781],
        [79.42048, 18.72843],
        [79.41991, 18.72916],
        [79.41936, 18.72985],
        [79.41878, 18.73054],
        [79.41822, 18.73131],
        [79.4179, 18.73207],
        [79.4177, 18.73294],
        [79.41751, 18.73359],
        [79.41744, 18.73383],
        [79.41726, 18.73472],
        [79.41719, 18.73498],
        [79.41702, 18.73565],
        [79.41692, 18.73639],
        [79.42081, 18.73403],
        [79.42379, 18.73216],
        [79.42524, 18.73132],
        [79.42562, 18.7311],
        [79.42666, 18.73049],
        [79.42844, 18.72949],
        [79.42865, 18.72931],
        [79.42968, 18.72842],
        [79.43209, 18.72633],
        [79.43367, 18.72498],
        [79.43375, 18.72491],
        [79.43421, 18.72452],
        [79.43431, 18.72443],
        [79.43456, 18.7242],
        [79.43892, 18.72014],
        [79.44345, 18.71586],
        [79.44418, 18.71517],
        [79.44581, 18.71432],
        [79.44636, 18.71405],
        [79.44663, 18.71392],
        [79.44757, 18.71362],
        [79.44891, 18.71319],
        [79.44909, 18.71316],
        [79.4491, 18.71315],
        [79.44926, 18.71314],
        [79.4511, 18.71281],
        [79.45125, 18.71279],
        [79.45275, 18.71266],
        [79.45293, 18.71264],
        [79.45304, 18.71264],
        [79.4535, 18.71268],
        [79.45511, 18.71279],
        [79.45625, 18.71287],
        [79.45636, 18.71287],
        [79.45637, 18.71287],
        [79.45649, 18.71288],
        [79.45742, 18.71302],
        [79.4575, 18.71304],
        [79.45759, 18.713],
        [79.45763, 18.71298],
        [79.45897, 18.71254],
        [79.45914, 18.71247],
        [79.45921, 18.71247],
        [79.45931, 18.71247],
        [79.46102, 18.71215],
        [79.46151, 18.71203],
        [79.4625, 18.71179],
        [79.46393, 18.71108],
        [79.46431, 18.71089],
        [79.46538, 18.71057],
        [79.46552, 18.71053],
        [79.46584, 18.71043],
        [79.4665, 18.71025],
        [79.46651, 18.71025],
        [79.46701, 18.70956],
        [79.46784, 18.7084],
        [79.46891, 18.70693],
        [79.46903, 18.70688],
        [79.46882, 18.70673],
        [79.46856, 18.7065],
        [79.46792, 18.70593],
        [79.46818, 18.70588],
        [79.4682, 18.70588],
        [79.46826, 18.70577],
        [79.46828, 18.70572],
        [79.46806, 18.70536],
        [79.46795, 18.70498],
        [79.46789, 18.70496],
        [79.46788, 18.70496],
        [79.46762, 18.70487],
        [79.46755, 18.70468],
        [79.46776, 18.7046],
        [79.46778, 18.7046],
        [79.46776, 18.70453],
        [79.46762, 18.704],
        [79.46758, 18.70386],
        [79.46754, 18.70383],
        [79.46729, 18.7037],
        [79.46721, 18.70362],
        [79.46722, 18.70356],
        [79.46727, 18.70333],
        [79.46731, 18.70312],
        [79.46715, 18.70279],
        [79.4671, 18.7027],
        [79.46709, 18.70268],
        [79.46697, 18.70241],
        [79.46681, 18.70205],
        [79.46657, 18.70152],
        [79.46608, 18.70045],
        [79.46606, 18.70039],
        [79.46557, 18.69891],
        [79.46542, 18.69826],
        [79.4654, 18.69818],
        [79.46529, 18.69774],
        [79.46444, 18.69789],
        [79.46435, 18.69791],
        [79.4643, 18.69792],
        [79.46405, 18.69716],
        [79.46391, 18.69676],
        [79.46358, 18.69579],
        [79.46357, 18.69576],
        [79.46354, 18.69568],
        [79.46348, 18.69552],
        [79.46398, 18.69524],
        [79.46416, 18.69514],
        [79.46532, 18.69449],
        [79.46538, 18.69446],
        [79.4654, 18.69444],
        [79.46558, 18.69427],
        [79.46567, 18.69418],
        [79.46576, 18.69408],
        [79.46596, 18.69387],
        [79.46618, 18.69364],
        [79.4662, 18.69363],
        [79.4676, 18.69319],
        [79.46768, 18.69317],
        [79.46769, 18.69318],
        [79.46773, 18.69326],
        [79.46791, 18.69359],
        [79.46833, 18.69346],
        [79.46863, 18.69337],
        [79.46866, 18.69336],
        [79.46878, 18.69329],
        [79.46874, 18.69323],
        [79.46872, 18.69319],
        [79.46846, 18.69263],
        [79.4684, 18.69249],
        [79.46847, 18.69245],
        [79.46881, 18.69224],
        [79.46864, 18.69181],
        [79.46862, 18.69176],
        [79.4686, 18.69172],
        [79.46892, 18.69158],
        [79.47128, 18.69054],
        [79.47145, 18.69048],
        [79.47165, 18.69047],
        [79.4717, 18.69046],
        [79.47267, 18.69039],
        [79.47331, 18.69017],
        [79.47353, 18.69012],
        [79.47355, 18.69011],
        [79.47365, 18.69031],
        [79.4738, 18.69024],
        [79.47574, 18.68945],
        [79.47582, 18.68944],
        [79.47591, 18.68943],
        [79.4759, 18.6894],
        [79.47582, 18.6892],
        [79.47591, 18.68923],
        [79.47739, 18.6899],
        [79.47754, 18.69],
        [79.47758, 18.69003],
        [79.47759, 18.69001],
        [79.47778, 18.6899],
        [79.47829, 18.68971],
        [79.47835, 18.68968],
        [79.4788, 18.69013],
        [79.47881, 18.69014],
        [79.47888, 18.69013],
        [79.47907, 18.69009],
        [79.47995, 18.68993],
        [79.48011, 18.68996],
        [79.48012, 18.68996],
        [79.48014, 18.68995],
        [79.4803, 18.6899],
        [79.48124, 18.68977],
        [79.48138, 18.68976],
        [79.48149, 18.68974],
        [79.4815, 18.68974],
        [79.4818, 18.68991],
        [79.48191, 18.68983],
        [79.48192, 18.68983],
        [79.48365, 18.68915],
        [79.48385, 18.68904],
        [79.48403, 18.68893],
        [79.48504, 18.68851],
        [79.48689, 18.68775],
        [79.48752, 18.68779],
        [79.48764, 18.68779],
        [79.4878, 18.6878],
        [79.48937, 18.68757],
        [79.48955, 18.68754],
        [79.48978, 18.6875],
        [79.48976, 18.68765],
        [79.48976, 18.68769],
        [79.48961, 18.6896],
        [79.4896, 18.6898],
        [79.48961, 18.68999],
        [79.48961, 18.69014],
        [79.4896, 18.69079],
        [79.48958, 18.69106],
        [79.48957, 18.69123],
        [79.48972, 18.69263],
        [79.48973, 18.69282],
        [79.48976, 18.69294],
        [79.4902, 18.69386],
        [79.49025, 18.69401],
        [79.49036, 18.6941],
        [79.49154, 18.69541],
        [79.49169, 18.69561],
        [79.49186, 18.69583],
        [79.49205, 18.69605],
        [79.49206, 18.69606],
        [79.4928, 18.69691],
        [79.49286, 18.697],
        [79.49297, 18.69714],
        [79.49299, 18.69707],
        [79.49336, 18.697],
        [79.4934, 18.69697],
        [79.49351, 18.69724],
        [79.49375, 18.69767],
        [79.49407, 18.69826],
        [79.49417, 18.69842],
        [79.49418, 18.69846],
        [79.4943, 18.69879],
        [79.49397, 18.69889],
        [79.49402, 18.69909],
        [79.49412, 18.69956],
        [79.49418, 18.69984],
        [79.49422, 18.69999],
        [79.49443, 18.7],
        [79.49557, 18.70009],
        [79.49565, 18.7001],
        [79.49602, 18.70037],
        [79.49613, 18.70055],
        [79.49609, 18.70061],
        [79.496, 18.70079],
        [79.49606, 18.70093],
        [79.4961, 18.70102],
        [79.49618, 18.70113],
        [79.49635, 18.70151],
        [79.49648, 18.70181],
        [79.49652, 18.70194],
        [79.49658, 18.70205],
        [79.49679, 18.70258],
        [79.4971, 18.70323],
        [79.4973, 18.70365],
        [79.49741, 18.70418],
        [79.49768, 18.70459],
        [79.49788, 18.70489],
        [79.49828, 18.70558],
        [79.49844, 18.70602],
        [79.49851, 18.70623],
        [79.49866, 18.70616],
        [79.4995, 18.70599],
        [79.49951, 18.70601],
        [79.4996, 18.70617],
        [79.49975, 18.70658],
        [79.49983, 18.70678],
        [79.49992, 18.70704],
        [79.49994, 18.70722],
        [79.49993, 18.70729],
        [79.49993, 18.70734],
        [79.49993, 18.70771],
        [79.49993, 18.70828],
        [79.49993, 18.70829],
        [79.49992, 18.70839],
        [79.49995, 18.70839],
        [79.5001, 18.7084],
        [79.50019, 18.70841],
        [79.50021, 18.70842],
        [79.5003, 18.70823],
        [79.50041, 18.70822],
        [79.50056, 18.7085],
        [79.50059, 18.7085],
        [79.5006, 18.70864],
        [79.50067, 18.70899],
        [79.50081, 18.70963],
        [79.5008, 18.70969],
        [79.5008, 18.70973],
        [79.5008, 18.70974],
        [79.50083, 18.70987],
        [79.50085, 18.70998],
        [79.50087, 18.71004],
        [79.50088, 18.71011],
        [79.50089, 18.71017],
        [79.50136, 18.71106],
        [79.50159, 18.71152],
        [79.50177, 18.71206],
        [79.50193, 18.71246],
        [79.5018, 18.71275],
        [79.50179, 18.71285],
        [79.50227, 18.71326],
        [79.50227, 18.71328],
        [79.50228, 18.71341],
        [79.50218, 18.71386],
        [79.50211, 18.71421],
        [79.50191, 18.71442],
        [79.5018, 18.7145],
        [79.50178, 18.71452],
        [79.5018, 18.71455],
        [79.5019, 18.7147],
        [79.50235, 18.71577],
        [79.5024, 18.71593],
        [79.5025, 18.71587],
        [79.5038, 18.71531],
        [79.50388, 18.71527],
        [79.50394, 18.71523],
        [79.50389, 18.71552],
        [79.50385, 18.71573],
        [79.50382, 18.71588],
        [79.50349, 18.71646],
        [79.50316, 18.71702],
        [79.50316, 18.71703],
        [79.50254, 18.7183],
        [79.50173, 18.71991],
        [79.50114, 18.72116],
        [79.50082, 18.72186],
        [79.50075, 18.72201],
        [79.50075, 18.72208],
        [79.50076, 18.72208],
        [79.5008, 18.72208],
        [79.50097, 18.72199],
        [79.50124, 18.72185],
        [79.50133, 18.72189],
        [79.50171, 18.72206],
        [79.50185, 18.72212],
        [79.50211, 18.72206],
        [79.50231, 18.72201],
        [79.5025, 18.72198],
        [79.50261, 18.72199],
        [79.50319, 18.72197],
        [79.50324, 18.72191],
        [79.50328, 18.72185],
        [79.50365, 18.72092],
        [79.50421, 18.71922],
        [79.50428, 18.71914],
        [79.50458, 18.71857],
        [79.50471, 18.7182],
        [79.5048, 18.71793],
        [79.50507, 18.71712],
        [79.50514, 18.71692],
        [79.50519, 18.71669],
        [79.50522, 18.71655],
        [79.5055, 18.71521],
        [79.50557, 18.71485],
        [79.5056, 18.71471],
        [79.50561, 18.71464],
        [79.50575, 18.71347],
        [79.50583, 18.71318],
        [79.50589, 18.71309],
        [79.50593, 18.71303],
        [79.50615, 18.71288],
        [79.50616, 18.71287],
        [79.50673, 18.71252],
        [79.50694, 18.71246],
        [79.50675, 18.71175],
        [79.50671, 18.71128],
        [79.50662, 18.71043],
        [79.50664, 18.7104],
        [79.50668, 18.71032],
        [79.50689, 18.71],
        [79.507, 18.70982],
        [79.50705, 18.70975],
        [79.50745, 18.70942],
        [79.50749, 18.7094],
        [79.50753, 18.70939],
        [79.50772, 18.70932],
        [79.50783, 18.70929],
        [79.50814, 18.70922],
        [79.50815, 18.70908],
        [79.50798, 18.70817],
        [79.50835, 18.70805],
        [79.5086, 18.70789],
        [79.50854, 18.70749],
        [79.50852, 18.70736],
        [79.50852, 18.70719],
        [79.5084, 18.70692],
        [79.50794, 18.70569],
        [79.50793, 18.70565],
        [79.50789, 18.70551],
        [79.50788, 18.70547],
        [79.50777, 18.7047],
        [79.50772, 18.70398],
        [79.50771, 18.70395],
        [79.50771, 18.70393],
        [79.50774, 18.70354],
        [79.50802, 18.70271],
        [79.50864, 18.70218],
        [79.50864, 18.70216],
        [79.50852, 18.7011],
        [79.50853, 18.70102],
        [79.5086, 18.70081],
        [79.5097, 18.69893],
        [79.50997, 18.69846],
        [79.51087, 18.69829],
        [79.51144, 18.69821],
        [79.51149, 18.6982],
        [79.51174, 18.69816],
        [79.51284, 18.69797],
        [79.51327, 18.69789],
        [79.51347, 18.69781],
        [79.51351, 18.69779],
        [79.51355, 18.69717],
        [79.51344, 18.69698],
        [79.51299, 18.69627],
        [79.51295, 18.69619],
        [79.51295, 18.69618],
        [79.51285, 18.69597],
        [79.51234, 18.69438],
        [79.51234, 18.69437],
        [79.51147, 18.69185],
        [79.51108, 18.69066],
        [79.51106, 18.69059],
        [79.51097, 18.69018],
        [79.51095, 18.69013],
        [79.51086, 18.68982],
        [79.51088, 18.6892],
        [79.51078, 18.68861],
        [79.51058, 18.68774],
        [79.51054, 18.68749],
        [79.51046, 18.68697],
        [79.51042, 18.68671],
        [79.51019, 18.68575],
        [79.51024, 18.68483],
        [79.51025, 18.6846],
        [79.50999, 18.68429],
        [79.51002, 18.68381],
        [79.51001, 18.68364],
        [79.5111, 18.6817],
        [79.5108, 18.68179],
        [79.50988, 18.68188],
        [79.50987, 18.68188],
        [79.50911, 18.68196],
        [79.50772, 18.6821],
        [79.50779, 18.68121],
        [79.5078, 18.68123],
        [79.50822, 18.6813],
        [79.50899, 18.68142],
        [79.50913, 18.68143],
        [79.50926, 18.68138],
        [79.50977, 18.68114],
        [79.50988, 18.68109],
        [79.51001, 18.68105],
        [79.51017, 18.68099],
        [79.51097, 18.68046],
        [79.51157, 18.68069],
        [79.51166, 18.68073],
        [79.51201, 18.68089],
        [79.5121, 18.68093],
        [79.51235, 18.68106],
        [79.5124, 18.68099],
        [79.5124, 18.68071],
        [79.5124, 18.68051],
        [79.5127, 18.68051],
        [79.51273, 18.68046],
        [79.51306, 18.67985],
        [79.51323, 18.67963],
        [79.5134, 18.6794],
        [79.51345, 18.67933],
        [79.51334, 18.67938],
        [79.51327, 18.67942],
        [79.51314, 18.67949],
        [79.51312, 18.6795],
        [79.51312, 18.67949],
        [79.51311, 18.67949],
        [79.51294, 18.6791],
        [79.51288, 18.67896],
        [79.51278, 18.67875],
        [79.51277, 18.67872],
        [79.51277, 18.67871],
        [79.51279, 18.67861],
        [79.51291, 18.67786],
        [79.51293, 18.67778],
        [79.51316, 18.67768],
        [79.51317, 18.67767],
        [79.51318, 18.67766],
        [79.51325, 18.67758],
        [79.5133, 18.67757],
        [79.51362, 18.67751],
        [79.51373, 18.67747],
        [79.51395, 18.67738],
        [79.51408, 18.67709],
        [79.51443, 18.67628],
        [79.51501, 18.67674],
        [79.51504, 18.67677],
        [79.51526, 18.67695],
        [79.5156, 18.67677],
        [79.51587, 18.67663],
        [79.51601, 18.67657],
        [79.51608, 18.67668],
        [79.51608, 18.67669],
        [79.51621, 18.67662],
        [79.51652, 18.67763],
        [79.51684, 18.67745],
        [79.51732, 18.67718],
        [79.51844, 18.67661],
        [79.51845, 18.6766],
        [79.51847, 18.6766],
        [79.51916, 18.67632],
        [79.51931, 18.67628],
        [79.51928, 18.67612],
        [79.51913, 18.67586],
        [79.51936, 18.67573],
        [79.51937, 18.67562],
        [79.51925, 18.67533],
        [79.51954, 18.67541],
        [79.5197, 18.67546],
        [79.52016, 18.67509],
        [79.52004, 18.67477],
        [79.52024, 18.67445],
        [79.52044, 18.67414],
        [79.52086, 18.67349],
        [79.52135, 18.67293],
        [79.52142, 18.67285],
        [79.52185, 18.67254],
        [79.52191, 18.67259],
        [79.52354, 18.67417],
        [79.52364, 18.67424],
        [79.52429, 18.67467],
        [79.52427, 18.67475],
        [79.52426, 18.6748],
        [79.52433, 18.6748],
        [79.52436, 18.67479],
        [79.52518, 18.67465],
        [79.52539, 18.67456],
        [79.52548, 18.67452],
        [79.52687, 18.67391],
        [79.52698, 18.67391],
        [79.52735, 18.6739],
        [79.52737, 18.6739],
        [79.52813, 18.67421],
        [79.52816, 18.67422],
        [79.52816, 18.67423],
        [79.52826, 18.67453],
        [79.5283, 18.67472],
        [79.5283, 18.67475],
        [79.5284, 18.67471],
        [79.52911, 18.67442],
        [79.52921, 18.67442],
        [79.52951, 18.67441],
        [79.53003, 18.67445],
        [79.53112, 18.67453],
        [79.53141, 18.67455],
        [79.53147, 18.67452],
        [79.53195, 18.67428],
        [79.53218, 18.67422],
        [79.5322, 18.67423],
        [79.5328, 18.67452],
        [79.53344, 18.67496],
        [79.53403, 18.67536],
        [79.53431, 18.67556],
        [79.53453, 18.67571],
        [79.53502, 18.6763],
        [79.53761, 18.67785],
        [79.53874, 18.67989],
        [79.53979, 18.68201],
        [79.53986, 18.68253],
        [79.53991, 18.68294],
        [79.5399, 18.68298],
        [79.53975, 18.68351],
        [79.53912, 18.68604],
        [79.53871, 18.68773],
        [79.53869, 18.68777],
        [79.53864, 18.68786],
        [79.53715, 18.68952],
        [79.53711, 18.68957],
        [79.53703, 18.68965],
        [79.53646, 18.6903],
        [79.5355, 18.6914],
        [79.53548, 18.69142],
        [79.53463, 18.69215],
        [79.53426, 18.69248],
        [79.53418, 18.69255],
        [79.53417, 18.69256],
        [79.534, 18.6927],
        [79.53298, 18.69385],
        [79.53293, 18.6938],
        [79.53289, 18.69384],
        [79.53222, 18.69425],
        [79.53218, 18.69427],
        [79.53217, 18.69429],
        [79.53212, 18.69432],
        [79.53058, 18.69548],
        [79.53102, 18.69617],
        [79.53104, 18.6962],
        [79.531, 18.6962],
        [79.53038, 18.69629],
        [79.52971, 18.69639],
        [79.52958, 18.69627],
        [79.52956, 18.69624],
        [79.52947, 18.69626],
        [79.52946, 18.69627],
        [79.52919, 18.69653],
        [79.52931, 18.69683],
        [79.52919, 18.69691],
        [79.52875, 18.69705],
        [79.52743, 18.69749],
        [79.52746, 18.69749],
        [79.52753, 18.69752],
        [79.52782, 18.69743],
        [79.52732, 18.69851],
        [79.52759, 18.69966],
        [79.52759, 18.69984],
        [79.52763, 18.69996],
        [79.52772, 18.70072],
        [79.52779, 18.70323],
        [79.52786, 18.70344],
        [79.5279, 18.70351],
        [79.52794, 18.70356],
        [79.52795, 18.70359],
        [79.52831, 18.70416],
        [79.52834, 18.70422],
        [79.52828, 18.70527],
        [79.52847, 18.70597],
        [79.5285, 18.70606],
        [79.52859, 18.70643],
        [79.52869, 18.70692],
        [79.5285, 18.70693],
        [79.52845, 18.70695],
        [79.52826, 18.70705],
        [79.5287, 18.70725],
        [79.52859, 18.70763],
        [79.52873, 18.70775],
        [79.52873, 18.70778],
        [79.5288, 18.70799],
        [79.52882, 18.70807],
        [79.5289, 18.7084],
        [79.52911, 18.70832],
        [79.52915, 18.70843],
        [79.5292, 18.70855],
        [79.52924, 18.70874],
        [79.52934, 18.70925],
        [79.52944, 18.7095],
        [79.5293, 18.70959],
        [79.52899, 18.70973],
        [79.52886, 18.70966],
        [79.52893, 18.70987],
        [79.52904, 18.71024],
        [79.52908, 18.71047],
        [79.52911, 18.71067],
        [79.52916, 18.71086],
        [79.52917, 18.71087],
        [79.52917, 18.71096],
        [79.52918, 18.71106],
        [79.52919, 18.71101],
        [79.52925, 18.71084],
        [79.52932, 18.71063],
        [79.52935, 18.71083],
        [79.52945, 18.71147],
        [79.52954, 18.7116],
        [79.52979, 18.71188],
        [79.52998, 18.71207],
        [79.52992, 18.71209],
        [79.52978, 18.71214],
        [79.52985, 18.71233],
        [79.52989, 18.71245],
        [79.52993, 18.71257],
        [79.52997, 18.71268],
        [79.53014, 18.71348],
        [79.53029, 18.71414],
        [79.53031, 18.71427],
        [79.5305, 18.71529],
        [79.53051, 18.71534],
        [79.53067, 18.71637],
        [79.53081, 18.71711],
        [79.5308, 18.71736],
        [79.5308, 18.71749],
        [79.5308, 18.71788],
        [79.5308, 18.71821],
        [79.53086, 18.71917],
        [79.53086, 18.7192],
        [79.53094, 18.72027],
        [79.53095, 18.72053],
        [79.53095, 18.72056],
        [79.53095, 18.72059],
        [79.53044, 18.72076],
        [79.52939, 18.72107],
        [79.52935, 18.72109],
        [79.52921, 18.72116],
        [79.52852, 18.72137],
        [79.5278, 18.72158],
        [79.5269, 18.72184],
        [79.5267, 18.72191],
        [79.52585, 18.72218],
        [79.52545, 18.72231],
        [79.5246, 18.72262],
        [79.52418, 18.72275],
        [79.52396, 18.72289],
        [79.5242, 18.72298],
        [79.52417, 18.7231],
        [79.52391, 18.72457],
        [79.52391, 18.72473],
        [79.52407, 18.7248],
        [79.524, 18.72557],
        [79.52386, 18.72692],
        [79.52387, 18.72707],
        [79.52388, 18.72726],
        [79.52389, 18.72796],
        [79.52389, 18.72802],
        [79.5239, 18.72944],
        [79.52392, 18.73039],
        [79.52384, 18.73175],
        [79.52373, 18.73356],
        [79.52372, 18.73374],
        [79.52371, 18.73388],
        [79.52368, 18.73413],
        [79.52367, 18.73535],
        [79.52366, 18.73656],
        [79.52366, 18.73681],
        [79.52379, 18.73674],
        [79.52543, 18.73638],
        [79.5256, 18.73638],
        [79.52577, 18.73636],
        [79.52736, 18.7363],
        [79.52771, 18.73629],
        [79.52791, 18.73655],
        [79.52813, 18.73654],
        [79.53043, 18.73636],
        [79.53116, 18.73621],
        [79.53137, 18.73617],
        [79.53247, 18.73595],
        [79.53342, 18.73611],
        [79.53349, 18.73638],
        [79.53417, 18.73919],
        [79.53458, 18.74089],
        [79.53493, 18.74292],
        [79.53506, 18.74343],
        [79.53526, 18.74426],
        [79.53588, 18.74677],
        [79.53631, 18.74792],
        [79.5365, 18.74858],
        [79.53703, 18.75036],
        [79.53706, 18.75047],
        [79.53743, 18.75178],
        [79.53745, 18.75186],
        [79.53795, 18.75327],
        [79.53818, 18.75396],
        [79.53827, 18.75424],
        [79.53848, 18.7548],
        [79.53929, 18.75724],
        [79.54014, 18.75941],
        [79.54032, 18.75987],
        [79.54036, 18.75998],
        [79.54044, 18.76029],
        [79.54054, 18.76073],
        [79.54061, 18.761],
        [79.54065, 18.76111],
        [79.54069, 18.76121],
        [79.54079, 18.76145],
        [79.54086, 18.76162],
        [79.54088, 18.76168],
        [79.54092, 18.76178],
        [79.54099, 18.76196],
        [79.54112, 18.76227],
        [79.54117, 18.76239],
        [79.5412, 18.76246],
        [79.54129, 18.76266],
        [79.54139, 18.76288],
        [79.5414, 18.76291],
        [79.54145, 18.76302],
        [79.54151, 18.76317],
        [79.54158, 18.76333],
        [79.54159, 18.76335],
        [79.54196, 18.76426],
        [79.54209, 18.76452],
        [79.54234, 18.765],
        [79.54273, 18.76576],
        [79.54313, 18.76654],
        [79.54319, 18.76666],
        [79.54332, 18.76691],
        [79.54413, 18.76905],
        [79.54416, 18.76914],
        [79.5444, 18.76977],
        [79.54447, 18.76994],
        [79.54482, 18.77088],
        [79.54487, 18.77098],
        [79.54488, 18.77101],
        [79.54513, 18.77162],
        [79.5455, 18.77251],
        [79.54579, 18.77321],
        [79.546, 18.7737],
        [79.54606, 18.77405],
        [79.54523, 18.77442],
        [79.54617, 18.77724],
        [79.54979, 18.77674],
        [79.55168, 18.77586],
        [79.55469, 18.77474],
        [79.55481, 18.77469],
        [79.55916, 18.77274],
        [79.56195, 18.7714],
        [79.56548, 18.76918],
        [79.56951, 18.76672],
        [79.57028, 18.766],
        [79.5703, 18.76598],
        [79.57064, 18.76566],
        [79.5709, 18.76541],
        [79.57189, 18.76448],
        [79.57246, 18.76381],
        [79.57366, 18.76239],
        [79.57457, 18.76125],
        [79.5763, 18.75951],
        [79.57952, 18.7568],
        [79.58266, 18.75399],
        [79.58528, 18.75114],
        [79.58654, 18.74968],
        [79.58725, 18.74886],
        [79.59077, 18.74615],
        [79.59459, 18.74329],
        [79.59702, 18.74153],
        [79.59871, 18.7404],
        [79.60016, 18.73943],
        [79.6026, 18.73835],
        [79.60445, 18.73779],
        [79.60632, 18.73723],
        [79.60867, 18.73673],
        [79.61235, 18.73582],
        [79.61505, 18.73474],
        [79.61615, 18.7343],
        [79.61902, 18.73274],
        [79.62159, 18.73147],
        [79.6243, 18.73041],
        [79.62555, 18.73],
        [79.62684, 18.72959],
        [79.62998, 18.72927],
        [79.63048, 18.72922],
        [79.63426, 18.72795],
        [79.63479, 18.72778],
        [79.63712, 18.72704],
        [79.63931, 18.7259],
        [79.64098, 18.72469],
        [79.64325, 18.72277],
        [79.64554, 18.71944],
        [79.64651, 18.71701],
        [79.64682, 18.71624],
        [79.64845, 18.71328],
        [79.64975, 18.71053],
        [79.65185, 18.70573],
        [79.65187, 18.70566],
        [79.65298, 18.70257],
        [79.6533, 18.70165],
        [79.65361, 18.70085],
        [79.65422, 18.69922],
        [79.65436, 18.69892],
        [79.65568, 18.69605],
        [79.65746, 18.69305],
        [79.65948, 18.6901],
        [79.66171, 18.68738],
        [79.66327, 18.68538],
        [79.66524, 18.68348],
        [79.66758, 18.68137],
        [79.66846, 18.68057],
        [79.67516, 18.67716],
        [79.68083, 18.6746],
        [79.68088, 18.67459],
        [79.68512, 18.6736],
        [79.68629, 18.67309],
        [79.68622, 18.67282],
        [79.68822, 18.67204],
        [79.69034, 18.67215],
        [79.6926, 18.67259],
        [79.69385, 18.67322],
        [79.69575, 18.67433],
        [79.6972, 18.67544],
        [79.69844, 18.67664],
        [79.69959, 18.67755],
        [79.70041, 18.67815],
        [79.7014, 18.67887],
        [79.70164, 18.67905],
        [79.70324, 18.68011],
        [79.70539, 18.68136],
        [79.70704, 18.68252],
        [79.70844, 18.68339],
        [79.71009, 18.68411],
        [79.71199, 18.68494],
        [79.71344, 18.68523],
        [79.71504, 18.68535],
        [79.71767, 18.68498],
        [79.718, 18.68494],
        [79.72158, 18.68424],
        [79.72522, 18.6836],
        [79.72817, 18.68338],
        [79.73218, 18.68304],
        [79.7362, 18.68276],
        [79.74078, 18.68297],
        [79.74529, 18.68341],
        [79.75055, 18.68427],
        [79.75412, 18.68489],
        [79.75745, 18.68603],
        [79.77061, 18.69038],
        [79.77075, 18.69044],
        [79.77343, 18.69152],
        [79.77599, 18.69256],
        [79.77836, 18.69352],
        [79.78217, 18.69531],
        [79.78947, 18.69874],
        [79.79698, 18.70208],
        [79.80313, 18.70498],
        [79.80706, 18.70714],
        [79.80839, 18.70788],
        [79.81259, 18.71048],
        [79.81585, 18.71344],
        [79.81829, 18.71536],
        [79.81969, 18.71737],
        [79.82098, 18.71967],
        [79.82207, 18.72245],
        [79.82245, 18.72599],
        [79.82257, 18.72846],
        [79.82263, 18.72972],
        [79.82161, 18.73373],
        [79.82048, 18.73826],
        [79.81976, 18.74232],
        [79.81904, 18.74652],
        [79.81882, 18.74987],
        [79.8191, 18.75283],
        [79.81958, 18.75461],
        [79.8196, 18.75465],
        [79.81996, 18.7556],
        [79.82059, 18.75724],
        [79.82178, 18.75982],
        [79.82397, 18.76318],
        [79.82402, 18.76325],
        [79.82439, 18.76376],
        [79.82636, 18.76644],
        [79.82965, 18.76981],
        [79.82984, 18.77001],
        [79.83459, 18.77519],
        [79.83597, 18.77587],
        [79.83819, 18.77697],
        [79.83867, 18.77721],
        [79.83911, 18.77743],
        [79.84098, 18.77837],
        [79.84283, 18.78023],
        [79.84368, 18.7814],
        [79.84413, 18.78203],
        [79.84544, 18.78371],
        [79.84588, 18.78455],
        [79.84673, 18.78715],
        [79.84723, 18.78919],
        [79.84775, 18.79135],
        [79.84809, 18.79317],
        [79.84808, 18.79523],
        [79.84767, 18.79685],
        [79.84671, 18.79847],
        [79.84585, 18.79962],
        [79.84338, 18.80265],
        [79.8403, 18.8067],
        [79.83702, 18.81133],
        [79.83669, 18.81185],
        [79.83447, 18.81534],
        [79.83151, 18.82044],
        [79.83134, 18.82082],
        [79.82948, 18.82496],
        [79.82906, 18.82645],
        [79.82733, 18.83255],
        [79.827, 18.83764],
        [79.82701, 18.83839],
        [79.82705, 18.84238],
        [79.82704, 18.84489],
        [79.82709, 18.84833],
        [79.82708, 18.85113],
        [79.82777, 18.85399],
        [79.82917, 18.85755],
        [79.83036, 18.86099],
        [79.83298, 18.86402],
        [79.83628, 18.86669],
        [79.83898, 18.86813],
        [79.84184, 18.86915],
        [79.84352, 18.86921],
        [79.84382, 18.86922],
        [79.84433, 18.86924],
        [79.84555, 18.869],
        [79.84604, 18.8689],
        [79.84775, 18.86857],
        [79.84862, 18.8684],
        [79.85232, 18.86676],
        [79.85312, 18.86599],
        [79.8545, 18.86465],
        [79.85497, 18.8642],
        [79.85733, 18.86077],
        [79.85907, 18.85791],
        [79.86037, 18.8554],
        [79.86121, 18.85225],
        [79.86128, 18.85184],
        [79.86199, 18.84781],
        [79.86307, 18.84322],
        [79.86463, 18.84015],
        [79.86644, 18.83669],
        [79.86842, 18.83383],
        [79.87031, 18.8314],
        [79.87281, 18.82962],
        [79.87492, 18.82856],
        [79.8796, 18.82679],
        [79.88051, 18.82662],
        [79.88461, 18.82595],
        [79.88988, 18.82598],
        [79.89334, 18.82614],
        [79.89369, 18.82618],
        [79.89762, 18.82662],
        [79.89897, 18.82683],
        [79.90064, 18.82709],
        [79.90309, 18.82711],
        [79.90225, 18.82638],
        [79.90741, 18.82597],
        [79.90961, 18.82623],
        [79.90979, 18.82605],
        [79.90982, 18.82602],
        [79.9101, 18.82592],
        [79.91012, 18.82591],
        [79.91117, 18.82549],
        [79.91169, 18.82529],
        [79.91181, 18.82524],
        [79.91235, 18.82503],
        [79.91241, 18.825],
        [79.91268, 18.8249],
        [79.91279, 18.82488],
        [79.91282, 18.82487],
        [79.91314, 18.82488],
        [79.91428, 18.82488],
        [79.91453, 18.82514],
        [79.91511, 18.82573],
        [79.91517, 18.8257],
        [79.9151, 18.8257],
        [79.9145, 18.8251],
        [79.9143, 18.8249],
        [79.9155, 18.8235],
        [79.9176, 18.8186],
        [79.9195, 18.815],
        [79.9211, 18.8119],
        [79.92373, 18.80885],
        [79.9254, 18.8069],
        [79.92877, 18.80249],
        [79.9296, 18.80141],
        [79.9296, 18.8014]
      ]
    ]
  }
}
