{
  "type": "Feature",
  "id": "TS-AC-3",
  "properties": {
    "stateName": "TELANGANA",
    "stateCode": "TS",
    "districtName": "ADILABAD",
    "acNo": 3,
    "acName": "BELLAMPALLI (SC)",
    "seatType": null,
    "pcNo": null,
    "pcName": null,
    "quality": "unverified",
    "sources": [
      "TBD"
    ]
  },
  "geometry": {
    "type": "Polygon",
    "coordinates": [
      [
        [79.8682, 19.04363],
        [79.8682, 19.0436],
        [79.8685, 19.0433],
        [79.8704, 19.0413],
        [79.8721, 19.0403],
        [79.874, 19.0394],
        [79.8743, 19.0393],
        [79.87435, 19.03928],
        [79.8746, 19.0392],
        [79.875, 19.0391],
        [79.8752, 19.0391],
        [79.8765, 19.0388],
        [79.8765, 19.03885],
        [79.8765, 19.0389],
        [79.8766, 19.0389],
        [79.8771, 19.0388],
        [79.8774, 19.0388],
        [79.8796, 19.0391],
        [79.88056, 19.03917],
        [79.881, 19.0392],
        [79.882, 19.0393],
        [79.8825, 19.0394],
        [79.88261, 19.03942],
        [79.883, 19.03948],
        [79.88157, 19.0339],
        [79.88096, 19.03354],
        [79.88153, 19.03284],
        [79.88155, 19.03281],
        [79.88013, 19.03044],
        [79.88003, 19.03027],
        [79.88, 19.03022],
        [79.87917, 19.02864],
        [79.87915, 19.0286],
        [79.87853, 19.02745],
        [79.87833, 19.02711],
        [79.87775, 19.02612],
        [79.87732, 19.02536],
        [79.87725, 19.02529],
        [79.87686, 19.02454],
        [79.8765, 19.02394],
        [79.8759, 19.02302],
        [79.87556, 19.02239],
        [79.8753, 19.02191],
        [79.87496, 19.0213],
        [79.87476, 19.02092],
        [79.8742, 19.01993],
        [79.87408, 19.01969],
        [79.87412, 19.01862],
        [79.87409, 19.01815],
        [79.87409, 19.01752],
        [79.87408, 19.01719],
        [79.87409, 19.01614],
        [79.87404, 19.01519],
        [79.87396, 19.01388],
        [79.87367, 19.01246],
        [79.87314, 19.01032],
        [79.87296, 19.00945],
        [79.87259, 19.00868],
        [79.87162, 19.00685],
        [79.87074, 19.00512],
        [79.86994, 19.00373],
        [79.87008, 19.0018],
        [79.87005, 18.99993],
        [79.8696, 18.99905],
        [79.86663, 18.99945],
        [79.86619, 18.99952],
        [79.86451, 18.9998],
        [79.86348, 18.99996],
        [79.86163, 19.00026],
        [79.86112, 19.00261],
        [79.86053, 19.00213],
        [79.85982, 19.00049],
        [79.85893, 18.99891],
        [79.85837, 18.99779],
        [79.85702, 18.99653],
        [79.85543, 18.99543],
        [79.85367, 18.99484],
        [79.85359, 18.99483],
        [79.85205, 18.99468],
        [79.84948, 18.99492],
        [79.84665, 18.99569],
        [79.84507, 18.99629],
        [79.84436, 18.99632],
        [79.84299, 18.9962],
        [79.84211, 18.99609],
        [79.8399, 18.99578],
        [79.83824, 18.99493],
        [79.83554, 18.99338],
        [79.8344, 18.99263],
        [79.83441, 18.99261],
        [79.83439, 18.99263],
        [79.83246, 18.99067],
        [79.83194, 18.9901],
        [79.83121, 18.98919],
        [79.83088, 18.98879],
        [79.83088, 18.98903],
        [79.83085, 18.99087],
        [79.83128, 18.99206],
        [79.83138, 18.99235],
        [79.83138, 18.99236],
        [79.83141, 18.99243],
        [79.83148, 18.99303],
        [79.82946, 18.99406],
        [79.829, 18.99424],
        [79.82815, 18.99523],
        [79.82689, 18.99822],
        [79.8263, 19.00002],
        [79.82587, 19.00194],
        [79.82487, 19.00586],
        [79.82426, 19.0085],
        [79.82355, 19.01074],
        [79.82388, 19.0116],
        [79.82359, 19.01191],
        [79.82324, 19.013],
        [79.82236, 19.015],
        [79.82212, 19.01551],
        [79.82194, 19.01588],
        [79.82081, 19.01642],
        [79.82054, 19.01661],
        [79.82013, 19.0169],
        [79.81991, 19.01734],
        [79.81971, 19.01776],
        [79.81922, 19.0181],
        [79.81863, 19.01851],
        [79.81758, 19.01756],
        [79.81745, 19.01744],
        [79.81382, 19.01654],
        [79.81049, 19.01564],
        [79.80739, 19.01478],
        [79.8055, 19.01427],
        [79.80547, 19.01426],
        [79.80459, 19.01401],
        [79.80233, 19.01332],
        [79.8014, 19.01304],
        [79.80069, 19.0133],
        [79.79905, 19.01438],
        [79.79826, 19.01534],
        [79.79685, 19.01729],
        [79.79653, 19.01771],
        [79.79561, 19.01826],
        [79.79299, 19.01984],
        [79.79214, 19.02033],
        [79.79062, 19.02109],
        [79.78714, 19.02261],
        [79.78674, 19.02302],
        [79.78676, 19.02364],
        [79.78692, 19.02462],
        [79.7866, 19.02484],
        [79.78654, 19.02489],
        [79.78617, 19.02565],
        [79.78659, 19.02637],
        [79.78665, 19.02647],
        [79.78692, 19.02793],
        [79.78658, 19.02812],
        [79.78646, 19.02819],
        [79.78658, 19.02836],
        [79.78675, 19.02861],
        [79.78761, 19.02982],
        [79.78762, 19.02995],
        [79.78766, 19.03135],
        [79.7873, 19.03206],
        [79.78729, 19.03257],
        [79.78734, 19.03314],
        [79.78654, 19.03375],
        [79.78622, 19.034],
        [79.78565, 19.03436],
        [79.78526, 19.03462],
        [79.78559, 19.03639],
        [79.78559, 19.03775],
        [79.78434, 19.0392],
        [79.78315, 19.0392],
        [79.7831, 19.03936],
        [79.78269, 19.04064],
        [79.78057, 19.04232],
        [79.78135, 19.0449],
        [79.78268, 19.04556],
        [79.7834, 19.04593],
        [79.78394, 19.04693],
        [79.78346, 19.04895],
        [79.78363, 19.04915],
        [79.78362, 19.04932],
        [79.78358, 19.05001],
        [79.78369, 19.05019],
        [79.78443, 19.05142],
        [79.78443, 19.05183],
        [79.78444, 19.05313],
        [79.78451, 19.05321],
        [79.7852, 19.05403],
        [79.78523, 19.05455],
        [79.78523, 19.05458],
        [79.78526, 19.05501],
        [79.78529, 19.05552],
        [79.78546, 19.05654],
        [79.78554, 19.05702],
        [79.78547, 19.05717],
        [79.78498, 19.05816],
        [79.78495, 19.05679],
        [79.78472, 19.05575],
        [79.78259, 19.05617],
        [79.78166, 19.05552],
        [79.77972, 19.05607],
        [79.77708, 19.0555],
        [79.77183, 19.05468],
        [79.76851, 19.05394],
        [79.76238, 19.05335],
        [79.76067, 19.05304],
        [79.75946, 19.05282],
        [79.75684, 19.05285],
        [79.75673, 19.05285],
        [79.75625, 19.0529],
        [79.75381, 19.05315],
        [79.7513, 19.05351],
        [79.75, 19.0537],
        [79.74848, 19.054],
        [79.74767, 19.05447],
        [79.74654, 19.05491],
        [79.74541, 19.05518],
        [79.74416, 19.05548],
        [79.74451, 19.05524],
        [79.74396, 19.05535],
        [79.74344, 19.05499],
        [79.74284, 19.05458],
        [79.74211, 19.0541],
        [79.74175, 19.05384],
        [79.74121, 19.05343],
        [79.7407, 19.05305],
        [79.74025, 19.05273],
        [79.74, 19.0526],
        [79.73862, 19.05164],
        [79.73856, 19.05159],
        [79.73743, 19.05075],
        [79.73741, 19.05073],
        [79.73628, 19.05093],
        [79.73619, 19.05095],
        [79.73583, 19.05103],
        [79.73514, 19.05119],
        [79.73508, 19.0512],
        [79.73509, 19.05068],
        [79.73511, 19.04922],
        [79.73512, 19.04892],
        [79.73512, 19.04886],
        [79.73512, 19.04883],
        [79.73508, 19.04715],
        [79.73508, 19.04668],
        [79.73476, 19.04602],
        [79.73469, 19.046],
        [79.73318, 19.04557],
        [79.73178, 19.04522],
        [79.73152, 19.04535],
        [79.72916, 19.04666],
        [79.72741, 19.04769],
        [79.72503, 19.04908],
        [79.72382, 19.04953],
        [79.72254, 19.0497],
        [79.71942, 19.05001],
        [79.71827, 19.04994],
        [79.7181, 19.05043],
        [79.71749, 19.05008],
        [79.71614, 19.04942],
        [79.71475, 19.04827],
        [79.71129, 19.0457],
        [79.70969, 19.04446],
        [79.70597, 19.04157],
        [79.70536, 19.0411],
        [79.70376, 19.03975],
        [79.70271, 19.03794],
        [79.70241, 19.03717],
        [79.70204, 19.03621],
        [79.70184, 19.03585],
        [79.70154, 19.03532],
        [79.70115, 19.03461],
        [79.70185, 19.03443],
        [79.70212, 19.03436],
        [79.70392, 19.03366],
        [79.70563, 19.0324],
        [79.70879, 19.03096],
        [79.71138, 19.02941],
        [79.71234, 19.02853],
        [79.71347, 19.02758],
        [79.71646, 19.02538],
        [79.71828, 19.02432],
        [79.71903, 19.02378],
        [79.7196, 19.02324],
        [79.72125, 19.02152],
        [79.72219, 19.01935],
        [79.72243, 19.0188],
        [79.72365, 19.01578],
        [79.72407, 19.01456],
        [79.72275, 19.01372],
        [79.72223, 19.01376],
        [79.72044, 19.01388],
        [79.71988, 19.01392],
        [79.71823, 19.014],
        [79.71668, 19.01408],
        [79.71384, 19.01451],
        [79.71249, 19.0144],
        [79.71105, 19.01375],
        [79.71085, 19.01366],
        [79.71047, 19.01338],
        [79.70999, 19.01241],
        [79.70896, 19.0103],
        [79.70855, 19.01072],
        [79.70769, 19.00962],
        [79.70716, 19.00893],
        [79.70651, 19.00872],
        [79.70565, 19.00856],
        [79.70458, 19.00833],
        [79.7039, 19.00801],
        [79.70305, 19.00711],
        [79.70179, 19.0053],
        [79.70112, 19.00432],
        [79.70079, 19.00391],
        [79.69936, 19.00158],
        [79.69859, 19.00025],
        [79.69809, 18.99938],
        [79.69754, 18.99847],
        [79.69706, 18.99773],
        [79.6955, 18.99617],
        [79.69521, 18.9959],
        [79.69436, 18.994],
        [79.6928, 18.99308],
        [79.69102, 18.99209],
        [79.69043, 18.99166],
        [79.69013, 18.99142],
        [79.68913, 18.99],
        [79.68879, 18.98947],
        [79.68852, 18.98899],
        [79.68878, 18.98854],
        [79.68903, 18.98816],
        [79.68934, 18.98757],
        [79.68968, 18.98687],
        [79.68987, 18.98494],
        [79.69063, 18.984],
        [79.69181, 18.98308],
        [79.69269, 18.98253],
        [79.69364, 18.98198],
        [79.69495, 18.98095],
        [79.69642, 18.97981],
        [79.69725, 18.97932],
        [79.69872, 18.97847],
        [79.69931, 18.97811],
        [79.70018, 18.9777],
        [79.70305, 18.97679],
        [79.70368, 18.97655],
        [79.70458, 18.97621],
        [79.70556, 18.97574],
        [79.7073, 18.97482],
        [79.70803, 18.9744],
        [79.70941, 18.97328],
        [79.70989, 18.9729],
        [79.7108, 18.97208],
        [79.71209, 18.97037],
        [79.71333, 18.96886],
        [79.71409, 18.96804],
        [79.71471, 18.96705],
        [79.71583, 18.9653],
        [79.71639, 18.96456],
        [79.71724, 18.96346],
        [79.71837, 18.96215],
        [79.71947, 18.96088],
        [79.72107, 18.95889],
        [79.72139, 18.95853],
        [79.72093, 18.95841],
        [79.71302, 18.9602],
        [79.70948, 18.96017],
        [79.70545, 18.95999],
        [79.70191, 18.95905],
        [79.69741, 18.95671],
        [79.69228, 18.95392],
        [79.68697, 18.95235],
        [79.68423, 18.95217],
        [79.68133, 18.952],
        [79.67651, 18.95043],
        [79.67313, 18.94964],
        [79.66906, 18.9486],
        [79.66414, 18.94465],
        [79.66408, 18.94462],
        [79.66403, 18.94459],
        [79.65949, 18.94204],
        [79.65803, 18.94259],
        [79.65584, 18.94376],
        [79.65448, 18.94409],
        [79.65236, 18.94364],
        [79.65116, 18.94337],
        [79.65058, 18.94324],
        [79.65032, 18.9433],
        [79.64945, 18.94322],
        [79.64875, 18.94314],
        [79.64805, 18.94301],
        [79.64791, 18.94298],
        [79.64749, 18.94287],
        [79.64723, 18.94298],
        [79.64652, 18.94294],
        [79.64571, 18.94301],
        [79.64567, 18.94314],
        [79.64476, 18.94271],
        [79.64474, 18.94259],
        [79.64471, 18.94247],
        [79.64454, 18.9421],
        [79.64456, 18.94196],
        [79.64439, 18.94187],
        [79.64366, 18.94211],
        [79.64356, 18.94263],
        [79.64331, 18.94255],
        [79.6423, 18.94307],
        [79.64224, 18.94312],
        [79.64223, 18.94313],
        [79.64222, 18.94315],
        [79.64214, 18.94323],
        [79.64217, 18.94325],
        [79.64211, 18.94338],
        [79.64227, 18.94353],
        [79.64198, 18.94369],
        [79.64179, 18.94363],
        [79.64155, 18.94346],
        [79.64136, 18.94354],
        [79.64101, 18.94382],
        [79.64077, 18.94419],
        [79.64056, 18.94422],
        [79.64023, 18.94426],
        [79.64022, 18.94428],
        [79.64019, 18.94428],
        [79.63998, 18.94475],
        [79.63994, 18.94492],
        [79.63981, 18.9451],
        [79.63925, 18.94468],
        [79.63897, 18.94469],
        [79.63871, 18.94465],
        [79.63833, 18.945],
        [79.63846, 18.94558],
        [79.63847, 18.94566],
        [79.63854, 18.94603],
        [79.63887, 18.94612],
        [79.63891, 18.94629],
        [79.63874, 18.94656],
        [79.63862, 18.94669],
        [79.63848, 18.94673],
        [79.63789, 18.94691],
        [79.63757, 18.94699],
        [79.63715, 18.94693],
        [79.63674, 18.94674],
        [79.63663, 18.94677],
        [79.63642, 18.94683],
        [79.63622, 18.94689],
        [79.6358, 18.94665],
        [79.63541, 18.94596],
        [79.63501, 18.94601],
        [79.63493, 18.9461],
        [79.63487, 18.94602],
        [79.63225, 18.94709],
        [79.63175, 18.94623],
        [79.63105, 18.94502],
        [79.63079, 18.94476],
        [79.63077, 18.94458],
        [79.63058, 18.94453],
        [79.63039, 18.94445],
        [79.63047, 18.94429],
        [79.63028, 18.94433],
        [79.63018, 18.94404],
        [79.62919, 18.94296],
        [79.62911, 18.94285],
        [79.6284, 18.94242],
        [79.62837, 18.94193],
        [79.62837, 18.94181],
        [79.62833, 18.94118],
        [79.62793, 18.94125],
        [79.62788, 18.94149],
        [79.62723, 18.94155],
        [79.62637, 18.94174],
        [79.62567, 18.94188],
        [79.62517, 18.94195],
        [79.62474, 18.94207],
        [79.61933, 18.94209],
        [79.61009, 18.9409],
        [79.60559, 18.9395],
        [79.60001, 18.93592],
        [79.59316, 18.93229],
        [79.58949, 18.9309],
        [79.58937, 18.9312],
        [79.58918, 18.93167],
        [79.58894, 18.93221],
        [79.58871, 18.93276],
        [79.58853, 18.93319],
        [79.58837, 18.93353],
        [79.58829, 18.9337],
        [79.5881, 18.93402],
        [79.58794, 18.93435],
        [79.58783, 18.93451],
        [79.58758, 18.93489],
        [79.58778, 18.93524],
        [79.58782, 18.93533],
        [79.58802, 18.93571],
        [79.58816, 18.93591],
        [79.5883, 18.9362],
        [79.58855, 18.9367],
        [79.58881, 18.93716],
        [79.58903, 18.93751],
        [79.58926, 18.93786],
        [79.5895, 18.93819],
        [79.58984, 18.93872],
        [79.59014, 18.93917],
        [79.59045, 18.93965],
        [79.59077, 18.94023],
        [79.59088, 18.94043],
        [79.58777, 18.94136],
        [79.58878, 18.9424],
        [79.58919, 18.94279],
        [79.58931, 18.9429],
        [79.59038, 18.94393],
        [79.59063, 18.94424],
        [79.5908, 18.94498],
        [79.59085, 18.94508],
        [79.59098, 18.94502],
        [79.59128, 18.94494],
        [79.59146, 18.94546],
        [79.59164, 18.94591],
        [79.59179, 18.94615],
        [79.59145, 18.9469],
        [79.5914, 18.94705],
        [79.59131, 18.94749],
        [79.59105, 18.94866],
        [79.59074, 18.949],
        [79.59029, 18.94954],
        [79.58998, 18.94998],
        [79.58931, 18.9509],
        [79.58836, 18.95178],
        [79.58828, 18.95185],
        [79.58837, 18.95201],
        [79.58741, 18.95259],
        [79.5872, 18.95315],
        [79.58721, 18.95395],
        [79.58657, 18.95399],
        [79.58653, 18.95401],
        [79.5865, 18.95453],
        [79.5865, 18.95487],
        [79.58644, 18.95516],
        [79.58649, 18.95553],
        [79.58677, 18.956],
        [79.58674, 18.95641],
        [79.58668, 18.95731],
        [79.58658, 18.95756],
        [79.58662, 18.95879],
        [79.58663, 18.9592],
        [79.58691, 18.95941],
        [79.58669, 18.96011],
        [79.587, 18.9611],
        [79.58703, 18.96123],
        [79.58741, 18.9625],
        [79.5873, 18.96315],
        [79.58728, 18.96328],
        [79.58686, 18.9643],
        [79.58678, 18.96452],
        [79.58658, 18.96505],
        [79.58657, 18.96509],
        [79.58654, 18.96517],
        [79.58644, 18.96504],
        [79.58586, 18.96426],
        [79.58529, 18.96375],
        [79.58449, 18.96307],
        [79.58389, 18.96256],
        [79.5838, 18.96248],
        [79.58282, 18.9619],
        [79.58217, 18.96148],
        [79.58215, 18.96146],
        [79.58103, 18.96066],
        [79.58006, 18.95998],
        [79.57906, 18.95967],
        [79.57892, 18.95964],
        [79.57836, 18.9595],
        [79.57777, 18.95931],
        [79.57775, 18.95927],
        [79.57779, 18.959],
        [79.57769, 18.95909],
        [79.57751, 18.9592],
        [79.57756, 18.95852],
        [79.57756, 18.95844],
        [79.5777, 18.95837],
        [79.57782, 18.95828],
        [79.57785, 18.95826],
        [79.57786, 18.95825],
        [79.57781, 18.95807],
        [79.57776, 18.95787],
        [79.57772, 18.95772],
        [79.57765, 18.9575],
        [79.57798, 18.95698],
        [79.57811, 18.95677],
        [79.57806, 18.95621],
        [79.57806, 18.95599],
        [79.57793, 18.95563],
        [79.57783, 18.95539],
        [79.57778, 18.9552],
        [79.57769, 18.95518],
        [79.57765, 18.95517],
        [79.57737, 18.95513],
        [79.57714, 18.95514],
        [79.57702, 18.95514],
        [79.57698, 18.95469],
        [79.57691, 18.95439],
        [79.57691, 18.95435],
        [79.57658, 18.95373],
        [79.57626, 18.95358],
        [79.57607, 18.9537],
        [79.57603, 18.95376],
        [79.57596, 18.95392],
        [79.57565, 18.95375],
        [79.57559, 18.95363],
        [79.57556, 18.95356],
        [79.5761, 18.95299],
        [79.57618, 18.95266],
        [79.5762, 18.95258],
        [79.57582, 18.95253],
        [79.57581, 18.95252],
        [79.57568, 18.9523],
        [79.57562, 18.95221],
        [79.5754, 18.9523],
        [79.5748, 18.95253],
        [79.57457, 18.95241],
        [79.57425, 18.95223],
        [79.57403, 18.9518],
        [79.57402, 18.95179],
        [79.57311, 18.95179],
        [79.57273, 18.95176],
        [79.57218, 18.95175],
        [79.57191, 18.95174],
        [79.57151, 18.95154],
        [79.57146, 18.95148],
        [79.57133, 18.95124],
        [79.57125, 18.95108],
        [79.57111, 18.95088],
        [79.57086, 18.9505],
        [79.57074, 18.95031],
        [79.57082, 18.95014],
        [79.5712, 18.94953],
        [79.57122, 18.94881],
        [79.57126, 18.94835],
        [79.57131, 18.94798],
        [79.57134, 18.94795],
        [79.57141, 18.94738],
        [79.57137, 18.94728],
        [79.57113, 18.947],
        [79.57064, 18.94632],
        [79.57053, 18.94618],
        [79.5703, 18.94624],
        [79.57023, 18.94626],
        [79.57018, 18.94623],
        [79.57009, 18.94617],
        [79.56965, 18.94587],
        [79.56935, 18.94583],
        [79.56808, 18.94614],
        [79.567, 18.94623],
        [79.56498, 18.9464],
        [79.56337, 18.94691],
        [79.56277, 18.9471],
        [79.56199, 18.94754],
        [79.561, 18.94814],
        [79.56048, 18.94871],
        [79.55969, 18.94958],
        [79.55899, 18.9504],
        [79.55873, 18.95102],
        [79.55861, 18.95133],
        [79.55803, 18.95278],
        [79.55797, 18.95281],
        [79.55707, 18.95325],
        [79.55635, 18.95368],
        [79.55533, 18.95431],
        [79.55428, 18.95498],
        [79.55422, 18.95501],
        [79.55419, 18.95503],
        [79.554, 18.95514],
        [79.55386, 18.95522],
        [79.55364, 18.9552],
        [79.5535, 18.95519],
        [79.55329, 18.95556],
        [79.55159, 18.95853],
        [79.55018, 18.96062],
        [79.54895, 18.96235],
        [79.54896, 18.96369],
        [79.54774, 18.96551],
        [79.54629, 18.96692],
        [79.5459, 18.9673],
        [79.54537, 18.96788],
        [79.5453, 18.96796],
        [79.54457, 18.96853],
        [79.54303, 18.96977],
        [79.54249, 18.9702],
        [79.54216, 18.9704],
        [79.54041, 18.97149],
        [79.53971, 18.97194],
        [79.53779, 18.97347],
        [79.53719, 18.97397],
        [79.53524, 18.97597],
        [79.53437, 18.9769],
        [79.53313, 18.97798],
        [79.53263, 18.9784],
        [79.5309, 18.97941],
        [79.5299, 18.98],
        [79.5281, 18.98067],
        [79.52724, 18.98098],
        [79.52673, 18.98116],
        [79.52665, 18.98124],
        [79.52652, 18.98112],
        [79.5264, 18.98102],
        [79.52637, 18.98099],
        [79.5256, 18.98047],
        [79.52514, 18.97996],
        [79.52475, 18.97961],
        [79.52415, 18.97945],
        [79.52358, 18.9793],
        [79.52273, 18.9785],
        [79.52228, 18.97844],
        [79.52136, 18.9786],
        [79.52045, 18.97907],
        [79.51978, 18.97964],
        [79.51926, 18.98072],
        [79.51878, 18.98093],
        [79.51865, 18.98094],
        [79.51947, 18.98226],
        [79.52105, 18.98567],
        [79.52242, 18.98825],
        [79.5229, 18.98914],
        [79.52026, 18.98947],
        [79.51735, 18.99031],
        [79.51686, 18.9906],
        [79.51678, 18.99067],
        [79.51538, 18.9914],
        [79.51528, 18.99146],
        [79.51529, 18.99147],
        [79.51518, 18.99156],
        [79.51353, 18.99262],
        [79.51227, 18.99383],
        [79.51213, 18.99406],
        [79.51198, 18.99416],
        [79.51187, 18.99425],
        [79.51123, 18.99488],
        [79.50998, 18.99601],
        [79.50935, 18.99656],
        [79.50661, 18.99895],
        [79.50656, 18.99899],
        [79.50649, 18.99905],
        [79.50585, 18.99967],
        [79.50567, 18.99984],
        [79.50533, 19.00017],
        [79.5051, 19.00039],
        [79.50455, 19.00088],
        [79.50339, 19.00191],
        [79.50271, 19.00263],
        [79.50087, 19.00442],
        [79.49932, 19.00605],
        [79.49923, 19.00614],
        [79.49913, 19.00623],
        [79.49707, 19.00809],
        [79.49573, 19.00941],
        [79.49437, 19.01076],
        [79.49128, 19.01378],
        [79.48962, 19.01534],
        [79.48958, 19.01539],
        [79.48966, 19.01553],
        [79.48961, 19.01572],
        [79.48916, 19.0159],
        [79.48847, 19.0162],
        [79.48816, 19.01633],
        [79.48799, 19.0162],
        [79.48785, 19.0162],
        [79.48664, 19.01625],
        [79.4846, 19.0163],
        [79.4832, 19.01633],
        [79.48159, 19.01632],
        [79.48131, 19.01635],
        [79.48094, 19.0164],
        [79.48059, 19.01646],
        [79.47726, 19.01651],
        [79.47593, 19.01633],
        [79.47388, 19.01606],
        [79.47238, 19.01585],
        [79.46978, 19.01556],
        [79.46939, 19.01553],
        [79.46907, 19.01524],
        [79.46825, 19.01414],
        [79.46465, 19.00999],
        [79.46463, 19.0097],
        [79.46482, 19.00945],
        [79.46545, 19.00888],
        [79.46566, 19.00848],
        [79.46572, 19.00775],
        [79.46544, 19.00668],
        [79.46501, 19.0055],
        [79.46448, 19.00432],
        [79.46401, 19.0034],
        [79.46305, 19.00165],
        [79.46141, 18.99965],
        [79.46007, 18.9979],
        [79.45959, 18.99793],
        [79.45904, 18.9981],
        [79.45862, 18.99822],
        [79.45825, 18.9983],
        [79.45786, 18.99836],
        [79.45748, 18.99835],
        [79.45725, 18.99829],
        [79.45692, 18.99807],
        [79.45678, 18.99801],
        [79.45665, 18.99783],
        [79.45646, 18.99726],
        [79.45627, 18.99673],
        [79.4561, 18.9962],
        [79.45585, 18.99564],
        [79.45484, 18.99434],
        [79.45468, 18.99419],
        [79.45437, 18.99388],
        [79.45401, 18.99363],
        [79.45368, 18.9934],
        [79.45336, 18.99306],
        [79.45314, 18.99274],
        [79.4529, 18.99235],
        [79.45267, 18.99194],
        [79.45251, 18.99159],
        [79.45236, 18.99112],
        [79.45226, 18.99078],
        [79.45215, 18.9903],
        [79.45209, 18.98973],
        [79.45201, 18.98844],
        [79.45198, 18.98766],
        [79.45192, 18.98701],
        [79.45176, 18.98653],
        [79.4515, 18.98608],
        [79.45119, 18.98572],
        [79.45092, 18.98534],
        [79.45063, 18.9849],
        [79.45038, 18.9845],
        [79.45019, 18.98409],
        [79.45007, 18.98374],
        [79.4501, 18.98263],
        [79.44913, 18.98407],
        [79.44904, 18.98423],
        [79.44897, 18.98433],
        [79.44886, 18.98449],
        [79.44882, 18.98458],
        [79.44868, 18.98476],
        [79.44629, 18.98879],
        [79.44434, 18.99201],
        [79.44412, 18.99243],
        [79.44231, 18.9954],
        [79.44173, 18.99574],
        [79.44017, 18.9966],
        [79.43922, 18.99675],
        [79.43898, 18.99676],
        [79.4379, 18.99728],
        [79.43774, 18.99733],
        [79.43764, 18.99739],
        [79.43701, 18.99773],
        [79.43581, 18.99831],
        [79.43251, 19.00005],
        [79.43022, 19.00117],
        [79.43019, 19.001],
        [79.43011, 19.00101],
        [79.42985, 19.00107],
        [79.42937, 19.00115],
        [79.42873, 19.00125],
        [79.42797, 19.00126],
        [79.42729, 19.0013],
        [79.42719, 19.00131],
        [79.42709, 19.00132],
        [79.42703, 19.00134],
        [79.42686, 19.00138],
        [79.42648, 19.00142],
        [79.42568, 19.00166],
        [79.4256, 19.00168],
        [79.4251, 19.00176],
        [79.42487, 19.00174],
        [79.42479, 19.00174],
        [79.42479, 19.00175],
        [79.42478, 19.00175],
        [79.42465, 19.00176],
        [79.42412, 19.0018],
        [79.42298, 19.00197],
        [79.42259, 19.00202],
        [79.42241, 19.00206],
        [79.42166, 19.00217],
        [79.42028, 19.00235],
        [79.42008, 19.00237],
        [79.42006, 19.00237],
        [79.41858, 19.00254],
        [79.41724, 19.00271],
        [79.41702, 19.00272],
        [79.41531, 19.00292],
        [79.41366, 19.00306],
        [79.41356, 19.00306],
        [79.41307, 19.00311],
        [79.41136, 19.00327],
        [79.41098, 19.0033],
        [79.41084, 19.00333],
        [79.41025, 19.00343],
        [79.40909, 19.00362],
        [79.40896, 19.00362],
        [79.4082, 19.00369],
        [79.40717, 19.00382],
        [79.40663, 19.00389],
        [79.40658, 19.00389],
        [79.40654, 19.00357],
        [79.40651, 19.00343],
        [79.40622, 19.00231],
        [79.40606, 19.00147],
        [79.4059, 19.0009],
        [79.40588, 19.00079],
        [79.40566, 18.99979],
        [79.40535, 18.99879],
        [79.40534, 18.99873],
        [79.40538, 18.99848],
        [79.40541, 18.99818],
        [79.4054, 18.9981],
        [79.4053, 18.99727],
        [79.40526, 18.99688],
        [79.40508, 18.99563],
        [79.40504, 18.99554],
        [79.40474, 18.99473],
        [79.40462, 18.99428],
        [79.40458, 18.99408],
        [79.40448, 18.99409],
        [79.40423, 18.99412],
        [79.404, 18.99417],
        [79.40386, 18.99417],
        [79.40346, 18.99418],
        [79.40228, 18.99432],
        [79.40144, 18.99443],
        [79.40064, 18.99452],
        [79.40049, 18.99451],
        [79.40005, 18.99455],
        [79.39924, 18.99464],
        [79.39836, 18.99461],
        [79.39798, 18.99463],
        [79.3979, 18.99463],
        [79.39781, 18.99451],
        [79.39776, 18.99447],
        [79.39737, 18.99446],
        [79.39623, 18.99448],
        [79.39523, 18.99453],
        [79.39477, 18.99456],
        [79.39463, 18.99456],
        [79.39445, 18.99457],
        [79.39438, 18.99458],
        [79.39385, 18.99509],
        [79.39319, 18.99566],
        [79.39292, 18.99595],
        [79.39208, 18.99658],
        [79.39193, 18.99669],
        [79.39127, 18.99722],
        [79.39115, 18.99733],
        [79.3908, 18.99785],
        [79.3907, 18.99791],
        [79.38966, 18.99815],
        [79.38897, 18.99831],
        [79.38884, 18.99841],
        [79.38847, 18.99879],
        [79.38793, 18.99934],
        [79.38737, 18.99984],
        [79.38725, 18.99989],
        [79.38697, 18.99973],
        [79.38557, 18.99892],
        [79.38384, 18.99795],
        [79.38276, 18.99735],
        [79.38261, 18.99727],
        [79.38181, 18.99691],
        [79.37997, 18.99615],
        [79.37931, 18.99586],
        [79.37925, 18.99597],
        [79.37887, 18.99686],
        [79.37886, 18.99694],
        [79.37882, 18.99703],
        [79.37852, 18.99759],
        [79.37813, 18.99826],
        [79.37761, 18.99921],
        [79.37757, 18.99929],
        [79.37742, 18.99952],
        [79.37657, 19.001],
        [79.3759, 19.00219],
        [79.37516, 19.00353],
        [79.37508, 19.00365],
        [79.37459, 19.00455],
        [79.37395, 19.00574],
        [79.37361, 19.00644],
        [79.37369, 19.0065],
        [79.37449, 19.00707],
        [79.37485, 19.00731],
        [79.37543, 19.00771],
        [79.37642, 19.00841],
        [79.37763, 19.00927],
        [79.37784, 19.00942],
        [79.37794, 19.00949],
        [79.37834, 19.00976],
        [79.37809, 19.01016],
        [79.37717, 19.01163],
        [79.37708, 19.01176],
        [79.3759, 19.01381],
        [79.37551, 19.01447],
        [79.375, 19.01534],
        [79.37399, 19.01714],
        [79.37386, 19.01732],
        [79.3732, 19.01839],
        [79.37288, 19.01895],
        [79.37267, 19.01927],
        [79.37235, 19.01982],
        [79.37193, 19.02055],
        [79.37178, 19.02074],
        [79.37124, 19.02154],
        [79.37114, 19.02172],
        [79.37087, 19.02213],
        [79.36785, 19.01987],
        [79.3678, 19.0194],
        [79.36768, 19.01847],
        [79.36758, 19.01795],
        [79.36759, 19.01787],
        [79.36763, 19.01772],
        [79.36764, 19.01769],
        [79.36795, 19.01698],
        [79.36822, 19.01634],
        [79.36832, 19.01598],
        [79.36864, 19.01506],
        [79.36882, 19.01459],
        [79.36886, 19.01449],
        [79.36895, 19.01425],
        [79.36915, 19.01367],
        [79.36921, 19.01351],
        [79.36933, 19.01318],
        [79.36937, 19.01313],
        [79.36971, 19.01294],
        [79.36988, 19.01285],
        [79.37015, 19.01272],
        [79.3702, 19.01267],
        [79.37041, 19.01179],
        [79.37062, 19.01093],
        [79.37076, 19.01021],
        [79.37097, 19.00936],
        [79.37111, 19.00877],
        [79.3711, 19.00863],
        [79.37095, 19.00751],
        [79.37085, 19.00683],
        [79.37087, 19.00644],
        [79.37085, 19.00636],
        [79.37091, 19.00594],
        [79.37102, 19.00521],
        [79.37103, 19.00513],
        [79.37117, 19.00476],
        [79.37126, 19.00432],
        [79.37161, 19.00309],
        [79.37172, 19.00277],
        [79.37168, 19.00074],
        [79.37167, 19.00038],
        [79.35497, 19.00005],
        [79.35299, 18.99428],
        [79.35052, 18.9871],
        [79.34976, 18.9876],
        [79.34577, 18.99026],
        [79.34559, 18.99042],
        [79.34365, 18.99189],
        [79.34332, 18.99207],
        [79.34043, 18.99518],
        [79.33968, 18.99578],
        [79.33757, 18.99766],
        [79.3364, 18.99845],
        [79.3359, 18.99898],
        [79.33552, 18.99978],
        [79.33517, 19.00047],
        [79.33207, 19.00271],
        [79.33091, 19.00328],
        [79.33006, 19.00383],
        [79.32943, 19.00406],
        [79.32791, 19.00455],
        [79.32567, 19.00529],
        [79.32331, 19.00619],
        [79.32017, 19.00712],
        [79.31798, 19.00771],
        [79.31698, 19.00789],
        [79.3153, 19.00831],
        [79.31516, 19.00635],
        [79.3122, 19.00442],
        [79.3119, 19.00426],
        [79.31101, 19.0037],
        [79.30982, 19.00285],
        [79.30928, 19.00285],
        [79.30734, 19.00279],
        [79.30682, 19.00283],
        [79.30606, 19.0029],
        [79.30444, 19.0031],
        [79.30311, 19.00326],
        [79.3021, 19.00338],
        [79.30082, 19.00355],
        [79.29913, 19.00373],
        [79.29705, 19.00396],
        [79.29589, 19.00392],
        [79.2951, 19.00388],
        [79.2946, 19.00389],
        [79.29371, 19.00447],
        [79.29349, 19.00446],
        [79.29244, 19.00454],
        [79.29136, 19.0044],
        [79.29033, 19.00422],
        [79.28969, 19.00423],
        [79.28846, 19.00427],
        [79.28807, 19.00417],
        [79.28654, 19.00376],
        [79.28599, 19.0037],
        [79.28575, 19.00367],
        [79.28545, 19.0037],
        [79.28489, 19.00369],
        [79.28418, 19.00376],
        [79.28382, 19.00378],
        [79.28244, 19.00385],
        [79.28189, 19.00399],
        [79.2812, 19.00424],
        [79.28112, 19.00438],
        [79.28058, 19.00484],
        [79.28038, 19.00506],
        [79.27914, 19.00593],
        [79.27857, 19.00586],
        [79.27801, 19.00578],
        [79.27759, 19.00551],
        [79.27642, 19.00464],
        [79.27593, 19.00423],
        [79.2745, 19.00289],
        [79.27374, 19.00234],
        [79.27347, 19.0021],
        [79.27233, 19.00107],
        [79.27159, 19.00044],
        [79.27072, 18.99968],
        [79.27029, 18.99931],
        [79.26946, 18.99855],
        [79.26916, 18.99832],
        [79.26829, 18.99782],
        [79.26811, 18.99778],
        [79.26778, 18.99752],
        [79.26738, 18.99727],
        [79.26604, 18.99655],
        [79.26582, 18.9964],
        [79.26495, 18.99598],
        [79.26419, 18.9956],
        [79.26339, 18.9952],
        [79.26304, 18.9951],
        [79.26232, 18.99489],
        [79.26199, 18.99486],
        [79.26101, 18.99471],
        [79.26008, 18.99458],
        [79.25943, 18.99447],
        [79.259, 18.99436],
        [79.25777, 18.99406],
        [79.25673, 18.99383],
        [79.25676, 18.99325],
        [79.25688, 18.99207],
        [79.25687, 18.99112],
        [79.25684, 18.99031],
        [79.25687, 18.98918],
        [79.25689, 18.988],
        [79.25693, 18.98729],
        [79.25701, 18.98619],
        [79.2569, 18.98544],
        [79.25684, 18.98447],
        [79.25694, 18.98401],
        [79.25719, 18.98294],
        [79.25729, 18.98243],
        [79.25748, 18.98152],
        [79.25775, 18.98015],
        [79.25771, 18.97964],
        [79.25766, 18.97916],
        [79.25751, 18.97881],
        [79.25724, 18.97792],
        [79.25568, 18.97912],
        [79.25416, 18.98028],
        [79.25315, 18.98259],
        [79.25295, 18.98322],
        [79.25206, 18.98356],
        [79.2513, 18.98394],
        [79.24947, 18.98514],
        [79.24802, 18.98823],
        [79.24776, 18.98861],
        [79.2455, 18.98971],
        [79.24263, 18.9903],
        [79.24027, 18.99057],
        [79.23886, 18.9908],
        [79.2376, 18.99155],
        [79.23543, 18.99339],
        [79.23243, 18.99431],
        [79.23189, 18.99407],
        [79.23111, 18.99344],
        [79.23039, 18.99284],
        [79.22952, 18.9919],
        [79.22927, 18.99154],
        [79.22876, 18.99076],
        [79.22772, 18.98959],
        [79.22569, 18.9875],
        [79.22438, 18.98662],
        [79.22427, 18.98674],
        [79.22418, 18.98851],
        [79.22225, 18.98912],
        [79.22168, 18.9898],
        [79.22141, 18.99019],
        [79.22099, 18.99097],
        [79.22038, 18.99191],
        [79.21996, 18.99265],
        [79.21965, 18.99326],
        [79.2194, 18.99383],
        [79.21921, 18.99443],
        [79.21892, 18.99484],
        [79.21853, 18.9956],
        [79.21835, 18.99588],
        [79.21791, 18.99635],
        [79.21776, 18.99648],
        [79.21696, 18.99683],
        [79.21693, 18.99678],
        [79.21688, 18.99701],
        [79.21642, 18.99879],
        [79.21585, 19.00028],
        [79.21567, 19.00096],
        [79.21534, 19.00236],
        [79.21516, 19.00305],
        [79.21484, 19.00432],
        [79.21465, 19.00483],
        [79.21422, 19.00592],
        [79.21358, 19.0076],
        [79.21334, 19.00824],
        [79.21319, 19.00914],
        [79.21275, 19.01085],
        [79.2151, 19.02248],
        [79.21418, 19.02249],
        [79.21265, 19.02575],
        [79.2116, 19.02772],
        [79.21365, 19.03263],
        [79.21394, 19.03338],
        [79.21392, 19.03377],
        [79.21447, 19.03372],
        [79.21481, 19.03393],
        [79.215, 19.03408],
        [79.21552, 19.0342],
        [79.21672, 19.03451],
        [79.21653, 19.03489],
        [79.21892, 19.03998],
        [79.21877, 19.04325],
        [79.21865, 19.04591],
        [79.21858, 19.04707],
        [79.21823, 19.04875],
        [79.21743, 19.05056],
        [79.22154, 19.05495],
        [79.22428, 19.06018],
        [79.22601, 19.05938],
        [79.22605, 19.06035],
        [79.22596, 19.06233],
        [79.22609, 19.06431],
        [79.22697, 19.06431],
        [79.22815, 19.06675],
        [79.23043, 19.06789],
        [79.23856, 19.07159],
        [79.24496, 19.07745],
        [79.25065, 19.07859],
        [79.25326, 19.07724],
        [79.25377, 19.07581],
        [79.25832, 19.07551],
        [79.25891, 19.09186],
        [79.25827, 19.10045],
        [79.25554, 19.11111],
        [79.25419, 19.11309],
        [79.25448, 19.11456],
        [79.25697, 19.11397],
        [79.26181, 19.12126],
        [79.25452, 19.12632],
        [79.25107, 19.12876],
        [79.25006, 19.13668],
        [79.24993, 19.13996],
        [79.2517, 19.13925],
        [79.25153, 19.14203],
        [79.25217, 19.14464],
        [79.2525, 19.1446],
        [79.25445, 19.14455],
        [79.25541, 19.14327],
        [79.25703, 19.14124],
        [79.25796, 19.13996],
        [79.25827, 19.13937],
        [79.25962, 19.13693],
        [79.26205, 19.13533],
        [79.26519, 19.13314],
        [79.26713, 19.13179],
        [79.26922, 19.13022],
        [79.27143, 19.12852],
        [79.27384, 19.12642],
        [79.27535, 19.1254],
        [79.27858, 19.12311],
        [79.2804, 19.12179],
        [79.28297, 19.11988],
        [79.2841, 19.11902],
        [79.28422, 19.11892],
        [79.28557, 19.11788],
        [79.28637, 19.1176],
        [79.28763, 19.11719],
        [79.28914, 19.11669],
        [79.29062, 19.11566],
        [79.29135, 19.11523],
        [79.29313, 19.11453],
        [79.29443, 19.1142],
        [79.29533, 19.11398],
        [79.29643, 19.11372],
        [79.2987, 19.11287],
        [79.30085, 19.11166],
        [79.30207, 19.11102],
        [79.3042, 19.10993],
        [79.30472, 19.10966],
        [79.30654, 19.10861],
        [79.3111, 19.10565],
        [79.31226, 19.10488],
        [79.3131, 19.10429],
        [79.31406, 19.1036],
        [79.31546, 19.10272],
        [79.31547, 19.10286],
        [79.31562, 19.1042],
        [79.31581, 19.10552],
        [79.31588, 19.10611],
        [79.31603, 19.10722],
        [79.31625, 19.1088],
        [79.31633, 19.10917],
        [79.31636, 19.10951],
        [79.31639, 19.10987],
        [79.31644, 19.11009],
        [79.31693, 19.11105],
        [79.31698, 19.1114],
        [79.31714, 19.11213],
        [79.31735, 19.11307],
        [79.31773, 19.11456],
        [79.31772, 19.11501],
        [79.31776, 19.11588],
        [79.31766, 19.11628],
        [79.31752, 19.11704],
        [79.31743, 19.1175],
        [79.31729, 19.11847],
        [79.31721, 19.11878],
        [79.31706, 19.11984],
        [79.31688, 19.12096],
        [79.31712, 19.12152],
        [79.31757, 19.12248],
        [79.31768, 19.12284],
        [79.3178, 19.12326],
        [79.3181, 19.12424],
        [79.31815, 19.12472],
        [79.31827, 19.12514],
        [79.31831, 19.12528],
        [79.31844, 19.12546],
        [79.31864, 19.12586],
        [79.31905, 19.12673],
        [79.31924, 19.12713],
        [79.31972, 19.12746],
        [79.31975, 19.12748],
        [79.32036, 19.12787],
        [79.3204, 19.12815],
        [79.32055, 19.12889],
        [79.32042, 19.12966],
        [79.32026, 19.13072],
        [79.32009, 19.13184],
        [79.32002, 19.13231],
        [79.3196, 19.13302],
        [79.31924, 19.1336],
        [79.31928, 19.13389],
        [79.31963, 19.13515],
        [79.31977, 19.13568],
        [79.32, 19.13646],
        [79.32028, 19.13746],
        [79.3206, 19.13836],
        [79.32077, 19.13881],
        [79.32111, 19.13878],
        [79.3225, 19.13857],
        [79.32265, 19.13927],
        [79.32273, 19.14],
        [79.32235, 19.14043],
        [79.32146, 19.14161],
        [79.32081, 19.14243],
        [79.32062, 19.14272],
        [79.32014, 19.14408],
        [79.31978, 19.14501],
        [79.3195, 19.14564],
        [79.31947, 19.14576],
        [79.31921, 19.14645],
        [79.31893, 19.14722],
        [79.31853, 19.14764],
        [79.31774, 19.14855],
        [79.31736, 19.14899],
        [79.3172, 19.14979],
        [79.31697, 19.15079],
        [79.31687, 19.15148],
        [79.3167, 19.15315],
        [79.31683, 19.15345],
        [79.31753, 19.1547],
        [79.31698, 19.15525],
        [79.31609, 19.15625],
        [79.31581, 19.15748],
        [79.31545, 19.15896],
        [79.31546, 19.15897],
        [79.31548, 19.15896],
        [79.31567, 19.1589],
        [79.31573, 19.15888],
        [79.31579, 19.15886],
        [79.31674, 19.15866],
        [79.31698, 19.15859],
        [79.31926, 19.15789],
        [79.31975, 19.1577],
        [79.32066, 19.15716],
        [79.32084, 19.15724],
        [79.32087, 19.15726],
        [79.3209, 19.15736],
        [79.32092, 19.15744],
        [79.32097, 19.15763],
        [79.32103, 19.15761],
        [79.32107, 19.1576],
        [79.32122, 19.15755],
        [79.32117, 19.15729],
        [79.32116, 19.15724],
        [79.32113, 19.15707],
        [79.32141, 19.15694],
        [79.32171, 19.1568],
        [79.32175, 19.15678],
        [79.32207, 19.15747],
        [79.32216, 19.15767],
        [79.32216, 19.15769],
        [79.32227, 19.15797],
        [79.32257, 19.15793],
        [79.3227, 19.15793],
        [79.32304, 19.15793],
        [79.3232, 19.15793],
        [79.32326, 19.15793],
        [79.32343, 19.15793],
        [79.32358, 19.15792],
        [79.32346, 19.15761],
        [79.32421, 19.15757],
        [79.32423, 19.15769],
        [79.32467, 19.15743],
        [79.32536, 19.15699],
        [79.32554, 19.1569],
        [79.32656, 19.15628],
        [79.32728, 19.15585],
        [79.32753, 19.15574],
        [79.32898, 19.15491],
        [79.32936, 19.15468],
        [79.33005, 19.15429],
        [79.33065, 19.15396],
        [79.33086, 19.15381],
        [79.33139, 19.15349],
        [79.332, 19.15323],
        [79.33267, 19.15311],
        [79.33381, 19.15288],
        [79.3342, 19.1528],
        [79.33471, 19.15268],
        [79.33526, 19.15252],
        [79.33547, 19.15249],
        [79.33572, 19.15247],
        [79.33685, 19.15232],
        [79.33716, 19.15238],
        [79.33792, 19.15236],
        [79.33835, 19.15236],
        [79.33877, 19.15235],
        [79.33957, 19.15232],
        [79.34071, 19.15235],
        [79.34193, 19.15229],
        [79.34279, 19.15226],
        [79.34372, 19.15222],
        [79.34506, 19.15217],
        [79.3467, 19.15122],
        [79.34809, 19.1504],
        [79.34877, 19.15002],
        [79.34878, 19.15006],
        [79.3488, 19.15012],
        [79.349, 19.15083],
        [79.34915, 19.15135],
        [79.34918, 19.15146],
        [79.35046, 19.15062],
        [79.3506, 19.15052],
        [79.35128, 19.15038],
        [79.3514, 19.15035],
        [79.3524, 19.15037],
        [79.3534, 19.15044],
        [79.35355, 19.15045],
        [79.35421, 19.15006],
        [79.35434, 19.14998],
        [79.35455, 19.15017],
        [79.35464, 19.15014],
        [79.35565, 19.14977],
        [79.35609, 19.14961],
        [79.35623, 19.14956],
        [79.35616, 19.14909],
        [79.3561, 19.14864],
        [79.35607, 19.14847],
        [79.35724, 19.14791],
        [79.35734, 19.14785],
        [79.35791, 19.14757],
        [79.35804, 19.1475],
        [79.3586, 19.14734],
        [79.35875, 19.14729],
        [79.35928, 19.1472],
        [79.35941, 19.14718],
        [79.3597, 19.14739],
        [79.35984, 19.1475],
        [79.36054, 19.14653],
        [79.36122, 19.14558],
        [79.36131, 19.14545],
        [79.36159, 19.14501],
        [79.36165, 19.14491],
        [79.36179, 19.1446],
        [79.36223, 19.14385],
        [79.36242, 19.14388],
        [79.36325, 19.14375],
        [79.36338, 19.14373],
        [79.36522, 19.14325],
        [79.3662, 19.14303],
        [79.36635, 19.143],
        [79.37038, 19.14249],
        [79.37055, 19.14247],
        [79.37078, 19.14241],
        [79.37092, 19.14237],
        [79.37148, 19.14173],
        [79.37157, 19.14163],
        [79.37221, 19.14093],
        [79.37233, 19.14081],
        [79.37265, 19.14051],
        [79.37278, 19.14038],
        [79.37309, 19.14015],
        [79.37322, 19.14005],
        [79.37371, 19.13947],
        [79.37381, 19.13935],
        [79.37381, 19.1388],
        [79.37381, 19.13869],
        [79.37453, 19.13812],
        [79.37464, 19.13802],
        [79.37573, 19.13715],
        [79.37587, 19.13704],
        [79.37673, 19.13643],
        [79.37686, 19.13633],
        [79.3777, 19.13623],
        [79.37788, 19.13621],
        [79.37837, 19.13619],
        [79.37852, 19.13619],
        [79.37884, 19.13616],
        [79.37978, 19.13601],
        [79.38054, 19.13597],
        [79.38072, 19.13596],
        [79.38116, 19.13597],
        [79.38136, 19.13596],
        [79.38158, 19.13593],
        [79.38172, 19.13592],
        [79.38233, 19.13594],
        [79.38237, 19.13594],
        [79.38248, 19.13594],
        [79.38342, 19.13594],
        [79.38356, 19.13594],
        [79.38439, 19.13595],
        [79.38454, 19.13595],
        [79.38516, 19.13593],
        [79.38528, 19.13592],
        [79.3864, 19.13541],
        [79.38657, 19.13534],
        [79.38696, 19.13528],
        [79.38707, 19.13526],
        [79.38842, 19.13498],
        [79.38853, 19.13496],
        [79.38883, 19.13491],
        [79.38895, 19.1349],
        [79.38932, 19.13469],
        [79.38942, 19.13463],
        [79.39024, 19.13416],
        [79.39246, 19.13916],
        [79.39341, 19.14129],
        [79.39423, 19.14221],
        [79.39465, 19.14267],
        [79.39561, 19.14458],
        [79.39472, 19.146],
        [79.39439, 19.14651],
        [79.39326, 19.1485],
        [79.39199, 19.15075],
        [79.3913, 19.15232],
        [79.39112, 19.15258],
        [79.39042, 19.15359],
        [79.38919, 19.15451],
        [79.3886, 19.15472],
        [79.3883, 19.15586],
        [79.38807, 19.15748],
        [79.3875, 19.15963],
        [79.38692, 19.16083],
        [79.38685, 19.1627],
        [79.38649, 19.16298],
        [79.38592, 19.1632],
        [79.38544, 19.16441],
        [79.38504, 19.16494],
        [79.38518, 19.16538],
        [79.38496, 19.16579],
        [79.38475, 19.16594],
        [79.38441, 19.16627],
        [79.38289, 19.16721],
        [79.38262, 19.16737],
        [79.38221, 19.16764],
        [79.38154, 19.16786],
        [79.38079, 19.16833],
        [79.3788, 19.16994],
        [79.37752, 19.17097],
        [79.37595, 19.1716],
        [79.37562, 19.17165],
        [79.37307, 19.17236],
        [79.37189, 19.17285],
        [79.3715, 19.17306],
        [79.371, 19.17322],
        [79.37009, 19.17399],
        [79.36958, 19.17466],
        [79.36874, 19.1754],
        [79.36812, 19.17573],
        [79.36641, 19.177],
        [79.36608, 19.17752],
        [79.36445, 19.17866],
        [79.3642, 19.17893],
        [79.36404, 19.17903],
        [79.3639, 19.1791],
        [79.36293, 19.17963],
        [79.36272, 19.1798],
        [79.36247, 19.17995],
        [79.36166, 19.18067],
        [79.36038, 19.18186],
        [79.35952, 19.18254],
        [79.3593, 19.18281],
        [79.35925, 19.18268],
        [79.35902, 19.18247],
        [79.35879, 19.18217],
        [79.35812, 19.18175],
        [79.35756, 19.18045],
        [79.35665, 19.178],
        [79.35606, 19.17688],
        [79.35497, 19.1768],
        [79.35252, 19.17682],
        [79.35096, 19.17668],
        [79.35044, 19.17688],
        [79.34904, 19.17768],
        [79.34819, 19.17831],
        [79.34732, 19.17791],
        [79.34553, 19.17776],
        [79.3448, 19.17773],
        [79.34304, 19.17754],
        [79.34218, 19.17721],
        [79.34155, 19.17757],
        [79.34138, 19.17766],
        [79.34059, 19.17811],
        [79.33975, 19.17914],
        [79.33946, 19.17984],
        [79.33872, 19.18046],
        [79.33895, 19.18131],
        [79.33948, 19.18213],
        [79.33966, 19.18242],
        [79.34141, 19.18352],
        [79.34168, 19.18416],
        [79.34163, 19.1843],
        [79.3413, 19.18521],
        [79.34081, 19.18608],
        [79.33999, 19.18743],
        [79.34006, 19.18805],
        [79.3405, 19.18846],
        [79.34077, 19.18919],
        [79.34058, 19.19008],
        [79.34028, 19.19111],
        [79.33966, 19.19272],
        [79.33976, 19.19396],
        [79.33978, 19.19419],
        [79.33965, 19.19449],
        [79.34112, 19.1957],
        [79.34211, 19.19652],
        [79.34216, 19.19656],
        [79.34227, 19.19678],
        [79.34368, 19.19951],
        [79.34352, 19.20004],
        [79.34274, 19.20209],
        [79.34361, 19.20388],
        [79.34377, 19.20448],
        [79.34381, 19.20461],
        [79.34383, 19.20475],
        [79.34407, 19.20599],
        [79.33597, 19.20833],
        [79.33006, 19.20699],
        [79.329, 19.20675],
        [79.32839, 19.20681],
        [79.32361, 19.20728],
        [79.32189, 19.20908],
        [79.32174, 19.21275],
        [79.32298, 19.21348],
        [79.32646, 19.21552],
        [79.32834, 19.21844],
        [79.32863, 19.21889],
        [79.32885, 19.22166],
        [79.3286, 19.22388],
        [79.32826, 19.22689],
        [79.32878, 19.22701],
        [79.32879, 19.22701],
        [79.32879, 19.22702],
        [79.32918, 19.22709],
        [79.32965, 19.22718],
        [79.32969, 19.22718],
        [79.32988, 19.22718],
        [79.33015, 19.22717],
        [79.33056, 19.22716],
        [79.33067, 19.22714],
        [79.33069, 19.22713],
        [79.33079, 19.22712],
        [79.33124, 19.22704],
        [79.33181, 19.22678],
        [79.33204, 19.22667],
        [79.33231, 19.22653],
        [79.33295, 19.22619],
        [79.3333, 19.22606],
        [79.33372, 19.22591],
        [79.33467, 19.22569],
        [79.33471, 19.22568],
        [79.33528, 19.22553],
        [79.33558, 19.22546],
        [79.33642, 19.22517],
        [79.33734, 19.22478],
        [79.33779, 19.22456],
        [79.33811, 19.22441],
        [79.33818, 19.22437],
        [79.33858, 19.22416],
        [79.33882, 19.22404],
        [79.33909, 19.22393],
        [79.33971, 19.22367],
        [79.34048, 19.22334],
        [79.3409, 19.22313],
        [79.34124, 19.22297],
        [79.3413, 19.22293],
        [79.34228, 19.22249],
        [79.34319, 19.22203],
        [79.34409, 19.22169],
        [79.34494, 19.2214],
        [79.34516, 19.22132],
        [79.3461, 19.22095],
        [79.34648, 19.22079],
        [79.347, 19.22057],
        [79.34811, 19.22012],
        [79.34864, 19.21994],
        [79.34908, 19.21978],
        [79.34945, 19.21965],
        [79.34986, 19.2195],
        [79.35054, 19.21954],
        [79.35055, 19.2194],
        [79.35056, 19.21931],
        [79.35108, 19.21864],
        [79.35134, 19.21832],
        [79.35136, 19.2183],
        [79.35175, 19.21782],
        [79.35231, 19.21723],
        [79.35281, 19.21849],
        [79.35434, 19.21758],
        [79.35531, 19.21654],
        [79.35622, 19.21563],
        [79.35705, 19.21483],
        [79.35883, 19.21325],
        [79.35963, 19.21238],
        [79.36136, 19.21187],
        [79.36311, 19.21121],
        [79.36361, 19.21099],
        [79.36435, 19.21022],
        [79.36467, 19.20967],
        [79.36496, 19.20916],
        [79.36666, 19.20918],
        [79.36825, 19.20936],
        [79.36937, 19.2093],
        [79.37075, 19.2095],
        [79.37163, 19.2097],
        [79.37248, 19.20991],
        [79.37356, 19.20907],
        [79.37555, 19.20892],
        [79.37619, 19.20968],
        [79.37696, 19.21059],
        [79.37799, 19.21131],
        [79.37806, 19.21129],
        [79.3802, 19.21056],
        [79.38181, 19.21017],
        [79.38266, 19.21003],
        [79.38764, 19.21007],
        [79.38949, 19.20925],
        [79.39099, 19.2085],
        [79.39185, 19.20799],
        [79.39217, 19.2078],
        [79.39465, 19.2063],
        [79.39545, 19.20675],
        [79.39699, 19.20801],
        [79.39719, 19.20817],
        [79.39772, 19.20843],
        [79.39785, 19.2085],
        [79.39801, 19.20858],
        [79.39802, 19.20857],
        [79.39832, 19.20837],
        [79.39939, 19.20801],
        [79.40015, 19.20773],
        [79.401, 19.20732],
        [79.40197, 19.20686],
        [79.40334, 19.20614],
        [79.4045, 19.20597],
        [79.40689, 19.2056],
        [79.40788, 19.20583],
        [79.41122, 19.20577],
        [79.41232, 19.20581],
        [79.41586, 19.20591],
        [79.41602, 19.20582],
        [79.42032, 19.20357],
        [79.42396, 19.20168],
        [79.42614, 19.20016],
        [79.4279, 19.19953],
        [79.42978, 19.19728],
        [79.43022, 19.19702],
        [79.4304, 19.19691],
        [79.43267, 19.19436],
        [79.43504, 19.19055],
        [79.43586, 19.18924],
        [79.44213, 19.1875],
        [79.44654, 19.18624],
        [79.45132, 19.18486],
        [79.45135, 19.18484],
        [79.46262, 19.17873],
        [79.46386, 19.17719],
        [79.46792, 19.18291],
        [79.46859, 19.18385],
        [79.46831, 19.18301],
        [79.46838, 19.18295],
        [79.47332, 19.17899],
        [79.47412, 19.17832],
        [79.47429, 19.17819],
        [79.47565, 19.1794],
        [79.47611, 19.17983],
        [79.47729, 19.18],
        [79.47771, 19.18102],
        [79.47852, 19.18222],
        [79.47859, 19.18234],
        [79.47891, 19.18288],
        [79.47899, 19.18304],
        [79.47918, 19.18341],
        [79.47954, 19.18406],
        [79.47999, 19.18489],
        [79.48002, 19.18499],
        [79.48034, 19.18562],
        [79.48037, 19.18568],
        [79.48043, 19.1858],
        [79.4805, 19.18594],
        [79.4805, 19.18595],
        [79.48053, 19.18601],
        [79.48076, 19.1865],
        [79.48118, 19.18754],
        [79.48237, 19.18767],
        [79.48248, 19.18768],
        [79.48249, 19.18768],
        [79.48277, 19.18772],
        [79.48351, 19.18771],
        [79.48362, 19.18771],
        [79.48382, 19.18843],
        [79.48294, 19.18901],
        [79.4826, 19.18922],
        [79.48259, 19.18923],
        [79.48247, 19.18923],
        [79.48195, 19.18926],
        [79.4818, 19.18925],
        [79.48175, 19.18924],
        [79.48119, 19.18932],
        [79.48102, 19.18935],
        [79.48083, 19.18937],
        [79.48051, 19.18945],
        [79.48032, 19.18953],
        [79.48023, 19.18956],
        [79.47902, 19.19004],
        [79.47895, 19.18988],
        [79.47891, 19.18979],
        [79.4785, 19.18988],
        [79.47814, 19.19003],
        [79.47793, 19.19015],
        [79.47817, 19.19038],
        [79.47826, 19.19047],
        [79.47841, 19.19061],
        [79.4784, 19.19062],
        [79.47812, 19.19078],
        [79.47794, 19.19089],
        [79.47778, 19.19097],
        [79.47763, 19.19105],
        [79.47682, 19.19147],
        [79.47645, 19.19173],
        [79.47599, 19.19205],
        [79.47595, 19.19208],
        [79.47535, 19.19208],
        [79.47471, 19.19207],
        [79.47499, 19.19249],
        [79.4755, 19.19308],
        [79.47565, 19.19335],
        [79.47595, 19.19399],
        [79.47602, 19.19413],
        [79.47602, 19.19414],
        [79.47636, 19.19484],
        [79.47644, 19.19502],
        [79.47658, 19.19523],
        [79.47718, 19.19619],
        [79.47754, 19.19618],
        [79.47778, 19.19615],
        [79.47821, 19.19574],
        [79.47813, 19.19564],
        [79.47773, 19.19516],
        [79.47846, 19.19476],
        [79.4789, 19.19461],
        [79.47944, 19.19446],
        [79.47948, 19.19453],
        [79.4795, 19.19457],
        [79.4796, 19.19473],
        [79.48, 19.19543],
        [79.47993, 19.19556],
        [79.47981, 19.19578],
        [79.48037, 19.19579],
        [79.48047, 19.19551],
        [79.48124, 19.19526],
        [79.48205, 19.1956],
        [79.48239, 19.19574],
        [79.48229, 19.19617],
        [79.48282, 19.19633],
        [79.48347, 19.19574],
        [79.48355, 19.19559],
        [79.48358, 19.19554],
        [79.48371, 19.19559],
        [79.48416, 19.19575],
        [79.4844, 19.19567],
        [79.48467, 19.19557],
        [79.4857, 19.19546],
        [79.4881, 19.19427],
        [79.48818, 19.19427],
        [79.48806, 19.19339],
        [79.48826, 19.19344],
        [79.48795, 19.19275],
        [79.48776, 19.1923],
        [79.48749, 19.19184],
        [79.48721, 19.19111],
        [79.48716, 19.19097],
        [79.48724, 19.19092],
        [79.48804, 19.19045],
        [79.4881, 19.19043],
        [79.48858, 19.19026],
        [79.48879, 19.19057],
        [79.48889, 19.19054],
        [79.48999, 19.19022],
        [79.49041, 19.19078],
        [79.49045, 19.19084],
        [79.49054, 19.19096],
        [79.49078, 19.19125],
        [79.49076, 19.19136],
        [79.49055, 19.19233],
        [79.49076, 19.19231],
        [79.49082, 19.19231],
        [79.49099, 19.19229],
        [79.49218, 19.19198],
        [79.49285, 19.19151],
        [79.49343, 19.19078],
        [79.49406, 19.18998],
        [79.49404, 19.18949],
        [79.49404, 19.18946],
        [79.49553, 19.18817],
        [79.49576, 19.18806],
        [79.49608, 19.1886],
        [79.49625, 19.1889],
        [79.49724, 19.18855],
        [79.49742, 19.18851],
        [79.49894, 19.18822],
        [79.49936, 19.18817],
        [79.49955, 19.18814],
        [79.49946, 19.18838],
        [79.49851, 19.19081],
        [79.49826, 19.19168],
        [79.49819, 19.19268],
        [79.49725, 19.19436],
        [79.49641, 19.19499],
        [79.49583, 19.19528],
        [79.49519, 19.19532],
        [79.49268, 19.19598],
        [79.49228, 19.19614],
        [79.49223, 19.19616],
        [79.49209, 19.19625],
        [79.49141, 19.19669],
        [79.49076, 19.19718],
        [79.49074, 19.199],
        [79.49081, 19.20126],
        [79.49233, 19.20094],
        [79.49237, 19.20093],
        [79.49312, 19.20198],
        [79.49316, 19.20204],
        [79.4944, 19.2014],
        [79.49512, 19.20123],
        [79.49515, 19.20122],
        [79.49582, 19.20267],
        [79.49583, 19.20271],
        [79.49637, 19.20248],
        [79.49699, 19.20231],
        [79.49703, 19.2023],
        [79.49704, 19.20229],
        [79.49705, 19.2023],
        [79.4972, 19.20224],
        [79.49876, 19.20165],
        [79.49894, 19.20158],
        [79.49895, 19.20158],
        [79.50004, 19.2012],
        [79.50008, 19.20118],
        [79.50017, 19.20153],
        [79.50032, 19.20189],
        [79.50093, 19.20301],
        [79.50097, 19.203],
        [79.50172, 19.20268],
        [79.50266, 19.20211],
        [79.50267, 19.2021],
        [79.5038, 19.2014],
        [79.50458, 19.20092],
        [79.50526, 19.2005],
        [79.50573, 19.20332],
        [79.50576, 19.20351],
        [79.50751, 19.20239],
        [79.50757, 19.20234],
        [79.50776, 19.20304],
        [79.50777, 19.20306],
        [79.50782, 19.20316],
        [79.5079, 19.20333],
        [79.50831, 19.20311],
        [79.50849, 19.20301],
        [79.5096, 19.2023],
        [79.50997, 19.20203],
        [79.51019, 19.20186],
        [79.51044, 19.20153],
        [79.51053, 19.20095],
        [79.51084, 19.20087],
        [79.51099, 19.20083],
        [79.51085, 19.20208],
        [79.51285, 19.20141],
        [79.5129, 19.20157],
        [79.51317, 19.20241],
        [79.5134, 19.20285],
        [79.51372, 19.20344],
        [79.51376, 19.20352],
        [79.51365, 19.20357],
        [79.51367, 19.20362],
        [79.51369, 19.20368],
        [79.51374, 19.2038],
        [79.51421, 19.20497],
        [79.51437, 19.20493],
        [79.51537, 19.20466],
        [79.51564, 19.20508],
        [79.5157, 19.2052],
        [79.51612, 19.20596],
        [79.51621, 19.20612],
        [79.51663, 19.20684],
        [79.51663, 19.20685],
        [79.51685, 19.20721],
        [79.5169, 19.20718],
        [79.51757, 19.20677],
        [79.51828, 19.20633],
        [79.51846, 19.20622],
        [79.51807, 19.20548],
        [79.51804, 19.20545],
        [79.51816, 19.20534],
        [79.51885, 19.20507],
        [79.51896, 19.20503],
        [79.51905, 19.20484],
        [79.51953, 19.20469],
        [79.51963, 19.20465],
        [79.51967, 19.20463],
        [79.51979, 19.20453],
        [79.52114, 19.20405],
        [79.52123, 19.20402],
        [79.52226, 19.20376],
        [79.52233, 19.20374],
        [79.52219, 19.20354],
        [79.52233, 19.20333],
        [79.52323, 19.2031],
        [79.52327, 19.20308],
        [79.52414, 19.20303],
        [79.52451, 19.203],
        [79.5247, 19.20298],
        [79.52508, 19.20295],
        [79.52587, 19.20244],
        [79.52653, 19.20249],
        [79.52671, 19.2025],
        [79.52672, 19.2025],
        [79.52671, 19.20247],
        [79.5267, 19.20238],
        [79.52674, 19.20235],
        [79.52734, 19.20191],
        [79.52859, 19.20105],
        [79.52867, 19.20097],
        [79.52869, 19.20095],
        [79.52884, 19.20142],
        [79.52886, 19.20147],
        [79.52887, 19.2015],
        [79.52993, 19.20155],
        [79.53054, 19.20142],
        [79.53082, 19.20136],
        [79.53108, 19.20138],
        [79.53122, 19.20138],
        [79.53158, 19.20142],
        [79.5321, 19.20147],
        [79.53209, 19.20143],
        [79.53206, 19.20136],
        [79.53061, 19.19908],
        [79.53142, 19.19871],
        [79.53177, 19.19851],
        [79.53181, 19.19856],
        [79.5319, 19.19865],
        [79.53227, 19.19888],
        [79.53274, 19.19924],
        [79.53281, 19.19929],
        [79.53366, 19.19892],
        [79.53464, 19.20031],
        [79.53471, 19.20041],
        [79.53514, 19.20019],
        [79.53516, 19.20018],
        [79.53517, 19.20017],
        [79.53537, 19.20006],
        [79.53656, 19.19934],
        [79.53674, 19.19923],
        [79.53678, 19.1992],
        [79.53679, 19.19918],
        [79.5371, 19.19891],
        [79.53716, 19.19886],
        [79.53729, 19.19873],
        [79.53764, 19.19838],
        [79.53768, 19.19835],
        [79.53745, 19.19777],
        [79.53743, 19.19771],
        [79.53765, 19.19763],
        [79.53794, 19.19754],
        [79.53872, 19.19729],
        [79.53926, 19.1969],
        [79.53947, 19.19677],
        [79.53965, 19.19666],
        [79.54208, 19.19684],
        [79.54209, 19.19687],
        [79.54214, 19.19698],
        [79.54221, 19.19716],
        [79.54254, 19.19793],
        [79.54264, 19.19818],
        [79.54273, 19.19836],
        [79.54305, 19.19897],
        [79.54352, 19.19988],
        [79.5439, 19.20063],
        [79.54468, 19.20025],
        [79.54516, 19.20001],
        [79.54565, 19.19975],
        [79.54753, 19.19876],
        [79.54779, 19.19862],
        [79.54809, 19.19919],
        [79.54823, 19.19945],
        [79.5483, 19.19971],
        [79.54926, 19.20051],
        [79.54954, 19.20074],
        [79.55028, 19.20134],
        [79.55057, 19.20157],
        [79.55054, 19.20169],
        [79.55046, 19.20169],
        [79.55024, 19.20174],
        [79.54996, 19.2018],
        [79.54949, 19.20191],
        [79.54881, 19.20222],
        [79.5487, 19.20228],
        [79.54849, 19.20237],
        [79.54817, 19.20254],
        [79.54812, 19.20257],
        [79.5479, 19.20283],
        [79.54772, 19.20305],
        [79.54767, 19.20311],
        [79.54773, 19.20335],
        [79.54775, 19.20356],
        [79.54778, 19.20394],
        [79.5478, 19.20424],
        [79.54781, 19.20435],
        [79.54783, 19.20456],
        [79.54801, 19.20556],
        [79.54802, 19.20562],
        [79.54818, 19.20649],
        [79.54809, 19.20651],
        [79.548, 19.20654],
        [79.54785, 19.20654],
        [79.54796, 19.20732],
        [79.54811, 19.20795],
        [79.54816, 19.20816],
        [79.54848, 19.20888],
        [79.54855, 19.20905],
        [79.54863, 19.20961],
        [79.54871, 19.21003],
        [79.54872, 19.21008],
        [79.54876, 19.21024],
        [79.54884, 19.21055],
        [79.54899, 19.21154],
        [79.54908, 19.21194],
        [79.5491, 19.21216],
        [79.54911, 19.21234],
        [79.54922, 19.2124],
        [79.54931, 19.21245],
        [79.54938, 19.21249],
        [79.54944, 19.21255],
        [79.54962, 19.21274],
        [79.54968, 19.21282],
        [79.5497, 19.21299],
        [79.54974, 19.21337],
        [79.54928, 19.21381],
        [79.54888, 19.2142],
        [79.54863, 19.21422],
        [79.54849, 19.21423],
        [79.54792, 19.21442],
        [79.54785, 19.21449],
        [79.54778, 19.21455],
        [79.54732, 19.215],
        [79.54722, 19.21498],
        [79.54709, 19.21495],
        [79.54692, 19.21492],
        [79.54685, 19.21491],
        [79.54671, 19.21489],
        [79.54662, 19.21487],
        [79.5465, 19.21483],
        [79.54626, 19.21475],
        [79.54593, 19.21475],
        [79.54583, 19.21485],
        [79.54564, 19.21502],
        [79.5457, 19.21586],
        [79.54561, 19.21639],
        [79.54569, 19.2167],
        [79.54577, 19.21703],
        [79.5458, 19.21793],
        [79.54569, 19.21827],
        [79.54563, 19.21846],
        [79.54537, 19.21867],
        [79.54501, 19.21895],
        [79.54477, 19.21913],
        [79.54448, 19.21937],
        [79.54416, 19.21951],
        [79.54433, 19.22039],
        [79.54432, 19.22058],
        [79.54431, 19.22091],
        [79.54385, 19.22161],
        [79.54364, 19.22177],
        [79.54363, 19.2219],
        [79.5437, 19.22199],
        [79.54365, 19.22205],
        [79.54361, 19.2221],
        [79.54347, 19.22227],
        [79.54335, 19.22241],
        [79.54332, 19.22246],
        [79.54283, 19.22282],
        [79.54263, 19.22282],
        [79.54218, 19.22282],
        [79.542, 19.22341],
        [79.54195, 19.2236],
        [79.54174, 19.22413],
        [79.54186, 19.22461],
        [79.54139, 19.22481],
        [79.54082, 19.22505],
        [79.54039, 19.22479],
        [79.54032, 19.22517],
        [79.5403, 19.22529],
        [79.54025, 19.22537],
        [79.54024, 19.22547],
        [79.54016, 19.2255],
        [79.54006, 19.22553],
        [79.53942, 19.22555],
        [79.5391, 19.22557],
        [79.53893, 19.22557],
        [79.5389, 19.22551],
        [79.53887, 19.22544],
        [79.53836, 19.22583],
        [79.53832, 19.22589],
        [79.53816, 19.2259],
        [79.53801, 19.22591],
        [79.53786, 19.22573],
        [79.53764, 19.2258],
        [79.53737, 19.22591],
        [79.53715, 19.226],
        [79.53667, 19.22594],
        [79.53631, 19.22596],
        [79.53576, 19.22598],
        [79.53517, 19.22598],
        [79.53485, 19.22597],
        [79.53444, 19.22598],
        [79.53434, 19.22643],
        [79.53432, 19.22651],
        [79.53425, 19.22687],
        [79.53422, 19.22698],
        [79.53423, 19.2271],
        [79.53427, 19.22753],
        [79.5344, 19.22777],
        [79.53438, 19.22796],
        [79.53427, 19.22815],
        [79.53457, 19.22857],
        [79.53448, 19.22894],
        [79.53443, 19.22915],
        [79.53431, 19.22941],
        [79.53408, 19.22987],
        [79.53362, 19.23005],
        [79.53323, 19.23017],
        [79.5322, 19.23044],
        [79.53172, 19.23049],
        [79.53208, 19.2315],
        [79.53197, 19.23155],
        [79.53168, 19.23164],
        [79.53144, 19.23171],
        [79.53137, 19.23194],
        [79.53139, 19.23209],
        [79.53148, 19.23232],
        [79.53152, 19.23243],
        [79.53132, 19.23258],
        [79.53127, 19.23261],
        [79.53097, 19.23281],
        [79.53073, 19.23298],
        [79.53055, 19.23299],
        [79.53084, 19.23334],
        [79.53094, 19.23346],
        [79.53064, 19.23365],
        [79.53046, 19.23377],
        [79.53043, 19.23393],
        [79.53039, 19.23416],
        [79.53027, 19.23432],
        [79.53016, 19.23447],
        [79.52994, 19.23476],
        [79.52982, 19.23465],
        [79.52977, 19.23458],
        [79.52965, 19.23466],
        [79.52971, 19.23475],
        [79.5298, 19.23488],
        [79.53003, 19.23519],
        [79.53009, 19.23528],
        [79.53032, 19.23564],
        [79.53059, 19.23602],
        [79.53092, 19.2365],
        [79.53098, 19.23659],
        [79.53122, 19.23705],
        [79.53128, 19.23719],
        [79.53135, 19.23738],
        [79.53118, 19.23775],
        [79.53078, 19.23797],
        [79.53032, 19.23822],
        [79.53009, 19.23834],
        [79.53015, 19.23859],
        [79.5303, 19.23917],
        [79.53028, 19.2395],
        [79.53026, 19.24001],
        [79.53029, 19.24014],
        [79.53039, 19.24058],
        [79.53043, 19.24077],
        [79.53048, 19.24089],
        [79.53075, 19.24117],
        [79.53094, 19.24156],
        [79.53099, 19.24166],
        [79.53096, 19.24195],
        [79.53094, 19.24215],
        [79.53111, 19.24298],
        [79.53098, 19.24356],
        [79.53094, 19.2437],
        [79.53074, 19.24443],
        [79.53082, 19.24474],
        [79.53089, 19.24504],
        [79.53092, 19.24542],
        [79.531, 19.24574],
        [79.53111, 19.24613],
        [79.53124, 19.24654],
        [79.53139, 19.2469],
        [79.53143, 19.24707],
        [79.53172, 19.24784],
        [79.53196, 19.24839],
        [79.53202, 19.24886],
        [79.53205, 19.24902],
        [79.53207, 19.24921],
        [79.53159, 19.24937],
        [79.53094, 19.24959],
        [79.53026, 19.24981],
        [79.53008, 19.24987],
        [79.52928, 19.25009],
        [79.52883, 19.25019],
        [79.52773, 19.25044],
        [79.52669, 19.2507],
        [79.52647, 19.25076],
        [79.5263, 19.25078],
        [79.52597, 19.25081],
        [79.52542, 19.25088],
        [79.52418, 19.25105],
        [79.52356, 19.25112],
        [79.52335, 19.25114],
        [79.52329, 19.25118],
        [79.52308, 19.25132],
        [79.52298, 19.25139],
        [79.52283, 19.25148],
        [79.52235, 19.2518],
        [79.52226, 19.25186],
        [79.52235, 19.25235],
        [79.52312, 19.25267],
        [79.52379, 19.253],
        [79.52415, 19.25365],
        [79.52428, 19.25389],
        [79.52456, 19.25441],
        [79.52481, 19.25618],
        [79.5249, 19.25688],
        [79.525, 19.25762],
        [79.52472, 19.25764],
        [79.52418, 19.25782],
        [79.52348, 19.25797],
        [79.52242, 19.25832],
        [79.52243, 19.25895],
        [79.52237, 19.25955],
        [79.52144, 19.25978],
        [79.5205, 19.26006],
        [79.51879, 19.26066],
        [79.51855, 19.2608],
        [79.51792, 19.26122],
        [79.51786, 19.26125],
        [79.51643, 19.26219],
        [79.51544, 19.26285],
        [79.51529, 19.26296],
        [79.51334, 19.26428],
        [79.51226, 19.26502],
        [79.51104, 19.26614],
        [79.50977, 19.26738],
        [79.50897, 19.26816],
        [79.50578, 19.26835],
        [79.50611, 19.26977],
        [79.50599, 19.27122],
        [79.5062, 19.27316],
        [79.50775, 19.27537],
        [79.50834, 19.27724],
        [79.50848, 19.27769],
        [79.5085, 19.27775],
        [79.50839, 19.27917],
        [79.5084, 19.27935],
        [79.50849, 19.2811],
        [79.50895, 19.28183],
        [79.50941, 19.28257],
        [79.50932, 19.28316],
        [79.50902, 19.28523],
        [79.50931, 19.28603],
        [79.50938, 19.28622],
        [79.50957, 19.28673],
        [79.50974, 19.2872],
        [79.51, 19.2879],
        [79.51006, 19.28807],
        [79.51072, 19.28796],
        [79.51122, 19.28786],
        [79.51228, 19.28759],
        [79.51293, 19.28744],
        [79.51386, 19.28723],
        [79.51452, 19.28707],
        [79.51458, 19.28734],
        [79.51463, 19.28772],
        [79.51468, 19.2881],
        [79.51474, 19.28838],
        [79.51493, 19.28925],
        [79.51532, 19.28922],
        [79.51576, 19.28914],
        [79.51618, 19.28897],
        [79.51649, 19.28885],
        [79.51646, 19.2883],
        [79.51665, 19.28805],
        [79.51735, 19.28717],
        [79.51734, 19.28691],
        [79.51772, 19.2867],
        [79.51807, 19.28656],
        [79.51821, 19.28675],
        [79.51877, 19.28662],
        [79.51906, 19.28652],
        [79.51929, 19.28645],
        [79.51979, 19.28657],
        [79.52018, 19.28639],
        [79.52069, 19.28615],
        [79.52205, 19.28602],
        [79.52217, 19.28601],
        [79.52253, 19.28623],
        [79.52259, 19.28625],
        [79.52305, 19.2865],
        [79.52328, 19.28646],
        [79.52335, 19.28645],
        [79.52354, 19.28642],
        [79.5237, 19.28643],
        [79.52407, 19.28647],
        [79.52417, 19.28661],
        [79.52432, 19.28682],
        [79.52451, 19.28688],
        [79.52472, 19.28694],
        [79.5259, 19.28677],
        [79.52603, 19.28675],
        [79.52672, 19.28679],
        [79.52745, 19.28683],
        [79.52764, 19.28683],
        [79.52776, 19.28679],
        [79.52783, 19.28677],
        [79.52799, 19.28682],
        [79.52854, 19.28681],
        [79.5296, 19.28675],
        [79.53125, 19.28664],
        [79.53136, 19.28665],
        [79.53134, 19.28653],
        [79.5324, 19.28624],
        [79.5324, 19.2863],
        [79.53241, 19.28644],
        [79.53382, 19.28625],
        [79.53574, 19.28597],
        [79.53674, 19.28577],
        [79.53751, 19.28561],
        [79.53761, 19.2856],
        [79.53798, 19.28556],
        [79.5381, 19.28525],
        [79.53832, 19.28518],
        [79.53838, 19.28516],
        [79.53881, 19.28503],
        [79.53887, 19.28501],
        [79.54003, 19.28501],
        [79.54105, 19.28507],
        [79.54103, 19.28565],
        [79.54106, 19.28576],
        [79.54121, 19.28622],
        [79.54136, 19.28667],
        [79.54146, 19.28697],
        [79.54163, 19.28748],
        [79.54159, 19.28764],
        [79.54156, 19.28778],
        [79.54156, 19.28784],
        [79.54151, 19.28822],
        [79.5418, 19.2886],
        [79.54233, 19.28832],
        [79.54327, 19.28817],
        [79.54392, 19.28788],
        [79.54436, 19.28788],
        [79.54444, 19.28827],
        [79.54457, 19.28891],
        [79.54461, 19.28907],
        [79.54589, 19.28925],
        [79.54589, 19.28898],
        [79.54589, 19.28849],
        [79.54595, 19.28767],
        [79.54599, 19.28717],
        [79.54601, 19.28692],
        [79.54603, 19.28687],
        [79.54621, 19.28654],
        [79.54626, 19.28646],
        [79.54644, 19.28616],
        [79.5466, 19.28598],
        [79.54672, 19.28582],
        [79.54677, 19.28574],
        [79.54696, 19.28541],
        [79.54698, 19.28537],
        [79.54711, 19.28512],
        [79.54721, 19.28495],
        [79.54782, 19.2848],
        [79.54802, 19.28455],
        [79.54847, 19.28481],
        [79.54928, 19.28445],
        [79.54918, 19.28424],
        [79.54934, 19.2843],
        [79.54978, 19.28412],
        [79.54958, 19.28393],
        [79.54973, 19.28383],
        [79.54995, 19.28368],
        [79.55044, 19.28355],
        [79.55091, 19.28356],
        [79.55138, 19.28331],
        [79.55127, 19.28311],
        [79.55117, 19.28292],
        [79.55108, 19.28276],
        [79.55083, 19.28236],
        [79.55087, 19.2821],
        [79.5509, 19.28194],
        [79.55091, 19.28189],
        [79.55148, 19.28148],
        [79.55111, 19.2812],
        [79.55143, 19.28099],
        [79.55155, 19.2809],
        [79.55118, 19.28043],
        [79.5511, 19.28064],
        [79.55103, 19.2806],
        [79.55073, 19.28056],
        [79.55036, 19.28051],
        [79.55008, 19.28033],
        [79.55017, 19.27982],
        [79.55019, 19.27868],
        [79.55019, 19.27833],
        [79.5502, 19.2778],
        [79.5502, 19.27767],
        [79.5502, 19.27723],
        [79.55028, 19.27655],
        [79.5503, 19.27643],
        [79.55032, 19.27629],
        [79.55037, 19.2753],
        [79.54989, 19.27375],
        [79.54979, 19.27348],
        [79.54968, 19.27319],
        [79.54951, 19.27296],
        [79.54942, 19.27285],
        [79.5494, 19.27238],
        [79.54916, 19.27207],
        [79.54916, 19.27152],
        [79.54917, 19.27059],
        [79.54918, 19.27028],
        [79.54918, 19.27019],
        [79.54908, 19.27002],
        [79.54896, 19.26981],
        [79.54836, 19.26884],
        [79.54823, 19.26829],
        [79.54816, 19.26773],
        [79.54815, 19.2676],
        [79.54815, 19.26748],
        [79.54812, 19.26661],
        [79.5483, 19.26614],
        [79.5482, 19.2656],
        [79.54814, 19.26525],
        [79.54803, 19.26461],
        [79.54823, 19.26458],
        [79.54844, 19.26442],
        [79.54861, 19.26437],
        [79.54884, 19.26431],
        [79.54939, 19.26415],
        [79.54962, 19.26409],
        [79.55053, 19.26384],
        [79.55062, 19.2638],
        [79.55077, 19.26375],
        [79.5508, 19.26357],
        [79.55084, 19.26326],
        [79.55086, 19.26313],
        [79.55138, 19.26315],
        [79.55168, 19.26315],
        [79.55275, 19.26316],
        [79.55277, 19.263],
        [79.55282, 19.26263],
        [79.55287, 19.2623],
        [79.55323, 19.2623],
        [79.55541, 19.26213],
        [79.55557, 19.26212],
        [79.55574, 19.2621],
        [79.55676, 19.26166],
        [79.55721, 19.2614],
        [79.55762, 19.26131],
        [79.55799, 19.26122],
        [79.5576, 19.26036],
        [79.55734, 19.25983],
        [79.56205, 19.25579],
        [79.562, 19.25456],
        [79.56189, 19.25214],
        [79.5619, 19.2499],
        [79.5619, 19.24923],
        [79.56204, 19.24551],
        [79.56392, 19.24493],
        [79.56443, 19.24421],
        [79.56455, 19.24404],
        [79.56562, 19.24386],
        [79.56583, 19.24331],
        [79.56658, 19.24256],
        [79.57157, 19.24214],
        [79.57462, 19.24203],
        [79.57688, 19.24194],
        [79.57965, 19.24174],
        [79.5814, 19.24161],
        [79.58182, 19.24158],
        [79.5818, 19.24122],
        [79.58352, 19.24196],
        [79.58524, 19.24269],
        [79.58753, 19.24367],
        [79.58862, 19.24413],
        [79.58969, 19.24459],
        [79.59106, 19.24506],
        [79.59301, 19.24553],
        [79.59642, 19.247],
        [79.59702, 19.24726],
        [79.59714, 19.24731],
        [79.59724, 19.24733],
        [79.59791, 19.24763],
        [79.59865, 19.24794],
        [79.60076, 19.24879],
        [79.60092, 19.24885],
        [79.60241, 19.24996],
        [79.60258, 19.25006],
        [79.60442, 19.25113],
        [79.60483, 19.2513],
        [79.6057, 19.25168],
        [79.60701, 19.2517],
        [79.60734, 19.2517],
        [79.60766, 19.25171],
        [79.60776, 19.25171],
        [79.60945, 19.25181],
        [79.61048, 19.25187],
        [79.61119, 19.25204],
        [79.61152, 19.25212],
        [79.61355, 19.2526],
        [79.61591, 19.25318],
        [79.61635, 19.25332],
        [79.61934, 19.25442],
        [79.62013, 19.25473],
        [79.62141, 19.25505],
        [79.62142, 19.25473],
        [79.62141, 19.25455],
        [79.62156, 19.25425],
        [79.62157, 19.25416],
        [79.62158, 19.25366],
        [79.62138, 19.25346],
        [79.62148, 19.25324],
        [79.62153, 19.25312],
        [79.62118, 19.25267],
        [79.62033, 19.25231],
        [79.61943, 19.25224],
        [79.6194, 19.25219],
        [79.61923, 19.25177],
        [79.61903, 19.25127],
        [79.61844, 19.25079],
        [79.61839, 19.25029],
        [79.6184, 19.24988],
        [79.6176, 19.25029],
        [79.6171, 19.24993],
        [79.61703, 19.24988],
        [79.61677, 19.24979],
        [79.61646, 19.24968],
        [79.61643, 19.2495],
        [79.61624, 19.24858],
        [79.61613, 19.24854],
        [79.61593, 19.24848],
        [79.61519, 19.24822],
        [79.61514, 19.24817],
        [79.6145, 19.2475],
        [79.61488, 19.24671],
        [79.61457, 19.24676],
        [79.61438, 19.2463],
        [79.61445, 19.24618],
        [79.6146, 19.24592],
        [79.61438, 19.24546],
        [79.61442, 19.24541],
        [79.61449, 19.2453],
        [79.61429, 19.24463],
        [79.61416, 19.24421],
        [79.61395, 19.24346],
        [79.61385, 19.24311],
        [79.61383, 19.24301],
        [79.6135, 19.24164],
        [79.61347, 19.24151],
        [79.61342, 19.24128],
        [79.61335, 19.24101],
        [79.6133, 19.24081],
        [79.61307, 19.23996],
        [79.61303, 19.23983],
        [79.61282, 19.23895],
        [79.61279, 19.23884],
        [79.6125, 19.23889],
        [79.61226, 19.23892],
        [79.6119, 19.23897],
        [79.61114, 19.23795],
        [79.61103, 19.23768],
        [79.61075, 19.23656],
        [79.61053, 19.23576],
        [79.61038, 19.23523],
        [79.61017, 19.23444],
        [79.61051, 19.23439],
        [79.61071, 19.23436],
        [79.61127, 19.23439],
        [79.6115, 19.2343],
        [79.61204, 19.23408],
        [79.61293, 19.23372],
        [79.61303, 19.23368],
        [79.61341, 19.2334],
        [79.61358, 19.23332],
        [79.61361, 19.23327],
        [79.61364, 19.23322],
        [79.6137, 19.23315],
        [79.61414, 19.2327],
        [79.61478, 19.23205],
        [79.61484, 19.23198],
        [79.61478, 19.23185],
        [79.61476, 19.23179],
        [79.61448, 19.23123],
        [79.61432, 19.23054],
        [79.61426, 19.2303],
        [79.61455, 19.23024],
        [79.6147, 19.23023],
        [79.61468, 19.22948],
        [79.61472, 19.22932],
        [79.61479, 19.22926],
        [79.61485, 19.22914],
        [79.61495, 19.22892],
        [79.61516, 19.22847],
        [79.61522, 19.22834],
        [79.61547, 19.22783],
        [79.61581, 19.22722],
        [79.61643, 19.22676],
        [79.6172, 19.22619],
        [79.61738, 19.22606],
        [79.61747, 19.22602],
        [79.61751, 19.2261],
        [79.6176, 19.22629],
        [79.6188, 19.22572],
        [79.61933, 19.22548],
        [79.61963, 19.22545],
        [79.61973, 19.22544],
        [79.62104, 19.22523],
        [79.62132, 19.22519],
        [79.62201, 19.22511],
        [79.62219, 19.22509],
        [79.62294, 19.22503],
        [79.62339, 19.225],
        [79.62426, 19.22492],
        [79.62464, 19.22491],
        [79.62499, 19.22488],
        [79.62591, 19.22481],
        [79.62704, 19.2247],
        [79.62717, 19.22468],
        [79.6277, 19.22461],
        [79.62788, 19.22456],
        [79.62814, 19.2245],
        [79.62877, 19.22452],
        [79.62904, 19.22449],
        [79.62971, 19.22443],
        [79.62983, 19.22494],
        [79.62992, 19.22536],
        [79.63, 19.226],
        [79.62985, 19.22629],
        [79.63, 19.22769],
        [79.63019, 19.22827],
        [79.63048, 19.22873],
        [79.63056, 19.22878],
        [79.63074, 19.22893],
        [79.6309, 19.22887],
        [79.63093, 19.22895],
        [79.63163, 19.22859],
        [79.63177, 19.22872],
        [79.63184, 19.2288],
        [79.63188, 19.2289],
        [79.63205, 19.22887],
        [79.63248, 19.22881],
        [79.63255, 19.2288],
        [79.63265, 19.22878],
        [79.63328, 19.2287],
        [79.63335, 19.22869],
        [79.63354, 19.22866],
        [79.63377, 19.2286],
        [79.63447, 19.22843],
        [79.63438, 19.22819],
        [79.6343, 19.22768],
        [79.63437, 19.22763],
        [79.63449, 19.22757],
        [79.63463, 19.22695],
        [79.6348, 19.22669],
        [79.63448, 19.2258],
        [79.63487, 19.2258],
        [79.63521, 19.22581],
        [79.63541, 19.22521],
        [79.63544, 19.22511],
        [79.63571, 19.22484],
        [79.63587, 19.22468],
        [79.63624, 19.22452],
        [79.63649, 19.22441],
        [79.6368, 19.22428],
        [79.63727, 19.22415],
        [79.63796, 19.22397],
        [79.63802, 19.22392],
        [79.63851, 19.22349],
        [79.63893, 19.22311],
        [79.63905, 19.223],
        [79.63967, 19.2224],
        [79.6404, 19.22184],
        [79.64055, 19.22173],
        [79.64074, 19.22183],
        [79.6408, 19.222],
        [79.64071, 19.22284],
        [79.64066, 19.2234],
        [79.64059, 19.22419],
        [79.64055, 19.22468],
        [79.64049, 19.22539],
        [79.64041, 19.2263],
        [79.64039, 19.22659],
        [79.64039, 19.22681],
        [79.64038, 19.22782],
        [79.64038, 19.22809],
        [79.64039, 19.22875],
        [79.64026, 19.22908],
        [79.64001, 19.22943],
        [79.63989, 19.22965],
        [79.63964, 19.23],
        [79.63905, 19.23082],
        [79.63856, 19.23151],
        [79.63863, 19.23252],
        [79.63854, 19.23281],
        [79.63833, 19.23349],
        [79.63807, 19.23424],
        [79.63811, 19.23475],
        [79.63815, 19.23524],
        [79.63818, 19.23564],
        [79.63827, 19.23596],
        [79.63844, 19.23658],
        [79.63858, 19.237],
        [79.63875, 19.23717],
        [79.63882, 19.23724],
        [79.6393, 19.23814],
        [79.63944, 19.2384],
        [79.63987, 19.23875],
        [79.64003, 19.23887],
        [79.64009, 19.23892],
        [79.64035, 19.23916],
        [79.64045, 19.23926],
        [79.64071, 19.23954],
        [79.64122, 19.24009],
        [79.64132, 19.24021],
        [79.64164, 19.2405],
        [79.64164, 19.24062],
        [79.64165, 19.24091],
        [79.64149, 19.24206],
        [79.6415, 19.2425],
        [79.64151, 19.24335],
        [79.64151, 19.24359],
        [79.6415, 19.24523],
        [79.64149, 19.24568],
        [79.6415, 19.24589],
        [79.64151, 19.24678],
        [79.64167, 19.24734],
        [79.64172, 19.24751],
        [79.64213, 19.24771],
        [79.64233, 19.248],
        [79.64262, 19.24843],
        [79.6441, 19.24789],
        [79.64592, 19.24688],
        [79.64666, 19.24648],
        [79.64701, 19.24608],
        [79.6474, 19.24563],
        [79.64779, 19.24519],
        [79.64815, 19.24478],
        [79.64865, 19.24421],
        [79.64913, 19.24367],
        [79.64949, 19.24325],
        [79.65005, 19.2429],
        [79.65064, 19.24253],
        [79.65201, 19.24168],
        [79.65249, 19.24137],
        [79.65299, 19.24106],
        [79.65325, 19.24089],
        [79.65353, 19.2407],
        [79.65539, 19.23947],
        [79.65664, 19.23817],
        [79.65659, 19.23791],
        [79.65652, 19.23758],
        [79.65636, 19.23677],
        [79.6557, 19.23496],
        [79.65542, 19.23422],
        [79.65536, 19.23408],
        [79.65533, 19.23401],
        [79.65443, 19.23184],
        [79.65423, 19.23078],
        [79.65411, 19.23021],
        [79.65378, 19.22892],
        [79.65298, 19.22704],
        [79.65274, 19.22645],
        [79.65213, 19.22558],
        [79.65245, 19.22485],
        [79.6527, 19.22428],
        [79.65278, 19.22402],
        [79.65292, 19.22359],
        [79.6531, 19.22302],
        [79.65302, 19.2227],
        [79.65163, 19.22133],
        [79.65121, 19.22072],
        [79.65075, 19.22015],
        [79.6493, 19.21934],
        [79.64913, 19.21902],
        [79.64842, 19.21747],
        [79.6484, 19.21731],
        [79.64823, 19.21628],
        [79.64817, 19.21592],
        [79.64792, 19.21479],
        [79.64775, 19.21391],
        [79.64759, 19.21299],
        [79.64749, 19.2124],
        [79.64745, 19.21228],
        [79.64753, 19.21135],
        [79.64754, 19.21088],
        [79.64753, 19.21038],
        [79.64747, 19.20912],
        [79.64739, 19.20734],
        [79.6475, 19.20721],
        [79.64809, 19.20673],
        [79.64798, 19.20632],
        [79.64782, 19.20564],
        [79.6477, 19.205],
        [79.64763, 19.20465],
        [79.64787, 19.20453],
        [79.64786, 19.20357],
        [79.64781, 19.2024],
        [79.64786, 19.2018],
        [79.64786, 19.20138],
        [79.64792, 19.20079],
        [79.64794, 19.20052],
        [79.64792, 19.19972],
        [79.6479, 19.19949],
        [79.64789, 19.19908],
        [79.64785, 19.1989],
        [79.64783, 19.19858],
        [79.64791, 19.19844],
        [79.64791, 19.19814],
        [79.64792, 19.19744],
        [79.64795, 19.19695],
        [79.64798, 19.1962],
        [79.64803, 19.19591],
        [79.64806, 19.19548],
        [79.64808, 19.1953],
        [79.64816, 19.19467],
        [79.64826, 19.19385],
        [79.64867, 19.19365],
        [79.64872, 19.19359],
        [79.64884, 19.19357],
        [79.6489, 19.19356],
        [79.64942, 19.19356],
        [79.64995, 19.19399],
        [79.65049, 19.19442],
        [79.65045, 19.1948],
        [79.65107, 19.19472],
        [79.65174, 19.19462],
        [79.65206, 19.19455],
        [79.6524, 19.19465],
        [79.65254, 19.19466],
        [79.65311, 19.19523],
        [79.654, 19.1959],
        [79.65413, 19.19603],
        [79.65431, 19.19654],
        [79.65463, 19.19732],
        [79.6549, 19.1979],
        [79.65615, 19.19811],
        [79.6567, 19.19831],
        [79.65734, 19.19853],
        [79.65765, 19.19838],
        [79.65751, 19.19781],
        [79.65745, 19.19754],
        [79.65741, 19.19741],
        [79.65761, 19.19738],
        [79.65775, 19.19736],
        [79.65812, 19.19731],
        [79.65833, 19.19715],
        [79.65875, 19.19684],
        [79.65923, 19.19661],
        [79.65957, 19.19649],
        [79.66014, 19.19661],
        [79.66089, 19.19674],
        [79.66165, 19.19725],
        [79.66184, 19.19746],
        [79.66234, 19.19801],
        [79.66264, 19.19863],
        [79.66271, 19.19886],
        [79.66285, 19.1993],
        [79.66347, 19.19969],
        [79.66381, 19.19988],
        [79.66415, 19.20007],
        [79.66448, 19.20003],
        [79.66538, 19.19978],
        [79.6655, 19.19978],
        [79.66581, 19.19977],
        [79.6663, 19.19968],
        [79.66712, 19.19935],
        [79.66734, 19.19924],
        [79.66741, 19.1992],
        [79.66779, 19.19874],
        [79.66787, 19.19867],
        [79.6683, 19.19831],
        [79.66856, 19.19808],
        [79.66959, 19.19752],
        [79.66964, 19.19749],
        [79.66955, 19.1973],
        [79.66935, 19.19693],
        [79.66915, 19.19665],
        [79.66902, 19.19644],
        [79.66866, 19.19585],
        [79.66852, 19.19564],
        [79.66821, 19.19516],
        [79.66807, 19.19484],
        [79.66786, 19.19433],
        [79.66768, 19.19393],
        [79.66721, 19.19277],
        [79.66708, 19.19244],
        [79.66705, 19.19203],
        [79.66701, 19.19087],
        [79.66699, 19.19005],
        [79.66696, 19.18955],
        [79.66685, 19.18945],
        [79.6666, 19.18921],
        [79.66654, 19.18914],
        [79.66612, 19.18876],
        [79.66516, 19.1879],
        [79.66478, 19.18756],
        [79.66488, 19.18756],
        [79.67224, 19.18781],
        [79.67371, 19.18851],
        [79.67403, 19.18866],
        [79.67422, 19.18875],
        [79.67441, 19.18892],
        [79.67479, 19.18881],
        [79.67519, 19.18952],
        [79.67545, 19.18942],
        [79.67554, 19.18938],
        [79.67571, 19.1893],
        [79.67694, 19.18869],
        [79.67693, 19.18854],
        [79.67687, 19.18808],
        [79.67686, 19.18802],
        [79.67677, 19.18766],
        [79.67739, 19.18747],
        [79.67788, 19.18708],
        [79.67796, 19.18702],
        [79.67807, 19.18693],
        [79.67824, 19.1867],
        [79.67844, 19.18643],
        [79.67868, 19.18602],
        [79.67885, 19.18585],
        [79.67895, 19.18575],
        [79.67901, 19.18568],
        [79.67838, 19.18574],
        [79.67801, 19.1856],
        [79.67719, 19.18507],
        [79.67673, 19.18511],
        [79.67665, 19.18518],
        [79.67636, 19.18549],
        [79.67625, 19.18557],
        [79.67579, 19.1852],
        [79.67579, 19.18483],
        [79.67584, 19.1848],
        [79.6761, 19.18468],
        [79.67634, 19.18456],
        [79.67626, 19.18396],
        [79.6762, 19.18364],
        [79.67608, 19.18296],
        [79.67605, 19.18284],
        [79.67587, 19.18219],
        [79.67576, 19.18183],
        [79.67604, 19.18112],
        [79.67616, 19.18081],
        [79.67612, 19.18073],
        [79.67599, 19.18043],
        [79.6758, 19.18003],
        [79.67533, 19.17957],
        [79.6752, 19.17944],
        [79.67516, 19.17936],
        [79.6749, 19.17878],
        [79.67487, 19.17872],
        [79.67479, 19.17864],
        [79.67445, 19.1783],
        [79.67441, 19.17817],
        [79.67425, 19.17773],
        [79.67607, 19.177],
        [79.67718, 19.17667],
        [79.67889, 19.17782],
        [79.67932, 19.17812],
        [79.68019, 19.1787],
        [79.68053, 19.17894],
        [79.6814, 19.17952],
        [79.68251, 19.17876],
        [79.6826, 19.17884],
        [79.6827, 19.17893],
        [79.68285, 19.17888],
        [79.6836, 19.17865],
        [79.68405, 19.17851],
        [79.6841, 19.1785],
        [79.68462, 19.17772],
        [79.6847, 19.17759],
        [79.68494, 19.17706],
        [79.68509, 19.17671],
        [79.68527, 19.17675],
        [79.68557, 19.17687],
        [79.68568, 19.17682],
        [79.68579, 19.17678],
        [79.68593, 19.17672],
        [79.68645, 19.17621],
        [79.68669, 19.17606],
        [79.6869, 19.17594],
        [79.68734, 19.17567],
        [79.68742, 19.17562],
        [79.68794, 19.17525],
        [79.68805, 19.17516],
        [79.68789, 19.17437],
        [79.68795, 19.17407],
        [79.68784, 19.17346],
        [79.68795, 19.17345],
        [79.68801, 19.17344],
        [79.68814, 19.17343],
        [79.68905, 19.17333],
        [79.68919, 19.17332],
        [79.68994, 19.17324],
        [79.69007, 19.17337],
        [79.69077, 19.17402],
        [79.69146, 19.17528],
        [79.69163, 19.17559],
        [79.69187, 19.17602],
        [79.69249, 19.17704],
        [79.6931, 19.17804],
        [79.69306, 19.17828],
        [79.69302, 19.1785],
        [79.69281, 19.17976],
        [79.69244, 19.1803],
        [79.69228, 19.18053],
        [79.69161, 19.18149],
        [79.69163, 19.18213],
        [79.69164, 19.18261],
        [79.69173, 19.18286],
        [79.69185, 19.18323],
        [79.69192, 19.18334],
        [79.69214, 19.18365],
        [79.69248, 19.18378],
        [79.69267, 19.18386],
        [79.69359, 19.18422],
        [79.69388, 19.18433],
        [79.69473, 19.18428],
        [79.6952, 19.18433],
        [79.69547, 19.18435],
        [79.69671, 19.18432],
        [79.69685, 19.18431],
        [79.6972, 19.18427],
        [79.6974, 19.18424],
        [79.69765, 19.18531],
        [79.69769, 19.18546],
        [79.69791, 19.18639],
        [79.69795, 19.18645],
        [79.69801, 19.18654],
        [79.69827, 19.18692],
        [79.69836, 19.18705],
        [79.69847, 19.18721],
        [79.69878, 19.18766],
        [79.70052, 19.1902],
        [79.70104, 19.19094],
        [79.7015, 19.19137],
        [79.70158, 19.19145],
        [79.70302, 19.19293],
        [79.70305, 19.19297],
        [79.7044, 19.19437],
        [79.70518, 19.19478],
        [79.70625, 19.19494],
        [79.70643, 19.19496],
        [79.70731, 19.19463],
        [79.70809, 19.19408],
        [79.70834, 19.19389],
        [79.70862, 19.19366],
        [79.70882, 19.19319],
        [79.70905, 19.19266],
        [79.70895, 19.1921],
        [79.70893, 19.19196],
        [79.7091, 19.19057],
        [79.70911, 19.19048],
        [79.71023, 19.19019],
        [79.71079, 19.19005],
        [79.71182, 19.18979],
        [79.7124, 19.19151],
        [79.71263, 19.1922],
        [79.71286, 19.19288],
        [79.71303, 19.19334],
        [79.7136, 19.19498],
        [79.71378, 19.19507],
        [79.71442, 19.19537],
        [79.71544, 19.19613],
        [79.71552, 19.19621],
        [79.71654, 19.19713],
        [79.71705, 19.19753],
        [79.71722, 19.19766],
        [79.71839, 19.19786],
        [79.71881, 19.19794],
        [79.71923, 19.19793],
        [79.71931, 19.19792],
        [79.72018, 19.1979],
        [79.72119, 19.19783],
        [79.72124, 19.19798],
        [79.72152, 19.19786],
        [79.72172, 19.19777],
        [79.72215, 19.19758],
        [79.72245, 19.19745],
        [79.72247, 19.19738],
        [79.72258, 19.19701],
        [79.72319, 19.19485],
        [79.72333, 19.19472],
        [79.72374, 19.19434],
        [79.72387, 19.19421],
        [79.72429, 19.19345],
        [79.72471, 19.19296],
        [79.72548, 19.19203],
        [79.726, 19.19258],
        [79.72648, 19.19207],
        [79.72672, 19.19183],
        [79.72705, 19.19154],
        [79.7272, 19.19136],
        [79.72733, 19.19123],
        [79.72739, 19.19118],
        [79.72769, 19.19106],
        [79.72793, 19.19097],
        [79.7281, 19.19085],
        [79.72825, 19.1907],
        [79.7283, 19.19065],
        [79.72842, 19.19053],
        [79.72864, 19.19037],
        [79.72892, 19.19026],
        [79.72915, 19.19013],
        [79.72929, 19.19],
        [79.72945, 19.18974],
        [79.72956, 19.18948],
        [79.72961, 19.18919],
        [79.72964, 19.18881],
        [79.72948, 19.18796],
        [79.72944, 19.18769],
        [79.72945, 19.18743],
        [79.72957, 19.18711],
        [79.7298, 19.1867],
        [79.7301, 19.18634],
        [79.73057, 19.18601],
        [79.7314, 19.1856],
        [79.73255, 19.18521],
        [79.73301, 19.18503],
        [79.73374, 19.18476],
        [79.73421, 19.18454],
        [79.73523, 19.18454],
        [79.73575, 19.18479],
        [79.73656, 19.18434],
        [79.73721, 19.18442],
        [79.73737, 19.18444],
        [79.73801, 19.18439],
        [79.73836, 19.18429],
        [79.73848, 19.18424],
        [79.73857, 19.18419],
        [79.73897, 19.18415],
        [79.73909, 19.18414],
        [79.73921, 19.18418],
        [79.73974, 19.18431],
        [79.73984, 19.18434],
        [79.73995, 19.18437],
        [79.74025, 19.18441],
        [79.74038, 19.18445],
        [79.74062, 19.18457],
        [79.74101, 19.18473],
        [79.7412, 19.18528],
        [79.74127, 19.18539],
        [79.74139, 19.18528],
        [79.74231, 19.18438],
        [79.74264, 19.18359],
        [79.74321, 19.18331],
        [79.743, 19.18264],
        [79.74264, 19.18202],
        [79.74254, 19.18135],
        [79.74313, 19.18056],
        [79.74321, 19.18087],
        [79.74322, 19.18091],
        [79.74333, 19.18129],
        [79.74358, 19.18146],
        [79.74382, 19.18141],
        [79.74453, 19.18127],
        [79.74453, 19.18126],
        [79.74448, 19.18073],
        [79.74448, 19.18072],
        [79.74455, 19.18066],
        [79.74473, 19.18057],
        [79.74539, 19.18056],
        [79.74629, 19.18059],
        [79.74701, 19.18057],
        [79.74724, 19.18157],
        [79.74729, 19.18179],
        [79.74811, 19.1816],
        [79.75284, 19.18049],
        [79.75295, 19.17938],
        [79.75401, 19.17916],
        [79.75566, 19.17943],
        [79.75637, 19.17954],
        [79.75641, 19.17955],
        [79.7566, 19.17949],
        [79.75687, 19.17941],
        [79.75685, 19.17932],
        [79.7568, 19.17896],
        [79.75702, 19.17897],
        [79.75711, 19.17898],
        [79.75726, 19.17898],
        [79.75732, 19.17898],
        [79.75886, 19.17902],
        [79.75893, 19.18052],
        [79.75952, 19.18063],
        [79.76049, 19.1808],
        [79.76092, 19.18098],
        [79.76055, 19.18112],
        [79.76125, 19.18248],
        [79.76125, 19.18249],
        [79.76131, 19.184],
        [79.76033, 19.18641],
        [79.76068, 19.18762],
        [79.76318, 19.18797],
        [79.76413, 19.18808],
        [79.76422, 19.18804],
        [79.76589, 19.18734],
        [79.76653, 19.18705],
        [79.76748, 19.18729],
        [79.76969, 19.18784],
        [79.77022, 19.18897],
        [79.77066, 19.18989],
        [79.77214, 19.19036],
        [79.77257, 19.19049],
        [79.77424, 19.18945],
        [79.77408, 19.18924],
        [79.77547, 19.18815],
        [79.77666, 19.18719],
        [79.77786, 19.1867],
        [79.77796, 19.18665],
        [79.7799, 19.18571],
        [79.78002, 19.18563],
        [79.78145, 19.18465],
        [79.78228, 19.18418],
        [79.784, 19.18311],
        [79.78401, 19.18311],
        [79.786, 19.18203],
        [79.78666, 19.18167],
        [79.78624, 19.1808],
        [79.78551, 19.17924],
        [79.78546, 19.17915],
        [79.78535, 19.17898],
        [79.78415, 19.17671],
        [79.78403, 19.17645],
        [79.78329, 19.17481],
        [79.78242, 19.17297],
        [79.7818, 19.17165],
        [79.78125, 19.17046],
        [79.78089, 19.16964],
        [79.78037, 19.1687],
        [79.78026, 19.16846],
        [79.78012, 19.16817],
        [79.78152, 19.16602],
        [79.78216, 19.16471],
        [79.78485, 19.162],
        [79.78721, 19.16185],
        [79.78878, 19.15983],
        [79.7911, 19.1581],
        [79.79252, 19.15704],
        [79.79409, 19.15601],
        [79.79873, 19.15228],
        [79.80516, 19.14702],
        [79.81813, 19.1567],
        [79.82106, 19.157],
        [79.82251, 19.15717],
        [79.82531, 19.15801],
        [79.82693, 19.15848],
        [79.8288, 19.15879],
        [79.83029, 19.15904],
        [79.83134, 19.1592],
        [79.83342, 19.15916],
        [79.83593, 19.15907],
        [79.83596, 19.15907],
        [79.83535, 19.16188],
        [79.83677, 19.16505],
        [79.83569, 19.16747],
        [79.83574, 19.16874],
        [79.83607, 19.16963],
        [79.84463, 19.16753],
        [79.84759, 19.16659],
        [79.85073, 19.16558],
        [79.85089, 19.16849],
        [79.85093, 19.17042],
        [79.85456, 19.17228],
        [79.85688, 19.17347],
        [79.8688, 19.17388],
        [79.86923, 19.1739],
        [79.86962, 19.17391],
        [79.87238, 19.174],
        [79.87263, 19.174],
        [79.8732, 19.17395],
        [79.87353, 19.17352],
        [79.87452, 19.17221],
        [79.87617, 19.17106],
        [79.87812, 19.16995],
        [79.88194, 19.16798],
        [79.88411, 19.16644],
        [79.88391, 19.16556],
        [79.88379, 19.165],
        [79.88377, 19.16497],
        [79.88404, 19.16496],
        [79.88461, 19.16495],
        [79.88626, 19.16488],
        [79.8878, 19.16462],
        [79.88873, 19.16446],
        [79.89018, 19.16416],
        [79.89197, 19.16377],
        [79.89352, 19.16229],
        [79.89377, 19.16198],
        [79.89379, 19.16195],
        [79.89398, 19.16171],
        [79.89403, 19.16165],
        [79.89512, 19.16217],
        [79.8957, 19.16244],
        [79.89674, 19.16276],
        [79.89722, 19.16291],
        [79.89878, 19.16276],
        [79.9003, 19.16237],
        [79.90243, 19.16297],
        [79.90544, 19.16222],
        [79.90837, 19.16154],
        [79.91425, 19.16226],
        [79.91456, 19.16234],
        [79.91499, 19.16244],
        [79.9164, 19.16325],
        [79.92019, 19.16466],
        [79.92156, 19.16487],
        [79.92258, 19.16502],
        [79.92389, 19.16435],
        [79.92491, 19.16384],
        [79.92707, 19.1622],
        [79.92835, 19.16007],
        [79.92861, 19.16006],
        [79.92888, 19.15944],
        [79.92898, 19.15922],
        [79.92945, 19.15886],
        [79.92965, 19.15859],
        [79.9297, 19.15853],
        [79.93091, 19.15612],
        [79.9299, 19.15534],
        [79.9281, 19.15404],
        [79.92524, 19.15223],
        [79.9231, 19.1509],
        [79.92119, 19.14965],
        [79.9202, 19.149],
        [79.9139, 19.1458],
        [79.907, 19.142],
        [79.9015, 19.1392],
        [79.8956, 19.136],
        [79.89474, 19.13557],
        [79.892, 19.1342],
        [79.888, 19.1324],
        [79.8851, 19.131],
        [79.8826, 19.1296],
        [79.879, 19.1273],
        [79.8743, 19.1251],
        [79.87357, 19.12463],
        [79.8732, 19.1244],
        [79.87243, 19.12363],
        [79.8723, 19.1235],
        [79.871, 19.1224],
        [79.8695, 19.1213],
        [79.86808, 19.11944],
        [79.86788, 19.11919],
        [79.86683, 19.11846],
        [79.86574, 19.1177],
        [79.86534, 19.11743],
        [79.86532, 19.11741],
        [79.8653, 19.1174],
        [79.86503, 19.11718],
        [79.863, 19.1155],
        [79.8613, 19.1131],
        [79.8599, 19.11048],
        [79.8591, 19.109],
        [79.8583, 19.1061],
        [79.8579, 19.0987],
        [79.8579, 19.0974],
        [79.8581, 19.0953],
        [79.8585, 19.0936],
        [79.86, 19.0882],
        [79.8618, 19.0824],
        [79.86184, 19.08226],
        [79.8626, 19.0798],
        [79.86273, 19.07863],
        [79.863, 19.0763],
        [79.863, 19.0753],
        [79.86282, 19.07346],
        [79.86282, 19.07346],
        [79.8628, 19.07333],
        [79.86279, 19.07318],
        [79.8627, 19.0718],
        [79.8632, 19.0674],
        [79.8638, 19.0646],
        [79.86392, 19.06395],
        [79.8643, 19.0618],
        [79.86563, 19.05592],
        [79.8662, 19.0534],
        [79.8663, 19.0528],
        [79.8678, 19.0462],
        [79.8681, 19.0444],
        [79.8682, 19.044],
        [79.8682, 19.04363]
      ]
    ]
  }
}
