{
  "type": "Feature",
  "id": "TS-AC-57",
  "properties": {
    "stateName": "TELANGANA",
    "stateCode": "TS",
    "districtName": "MAHABUBNAGAR",
    "acNo": 57,
    "acName": "KODANGAL",
    "seatType": null,
    "pcNo": null,
    "pcName": null,
    "quality": "unverified",
    "sources": [
      "TBD"
    ]
  },
  "geometry": {
    "type": "Polygon",
    "coordinates": [
      [
        [77.4796, 16.996],
        [77.5024, 17.0096],
        [77.5026, 17.0137],
        [77.50256, 17.01378],
        [77.49809, 17.02165],
        [77.49795, 17.02189],
        [77.49779, 17.02218],
        [77.49545, 17.02631],
        [77.495, 17.0271],
        [77.49501, 17.02719],
        [77.4967, 17.0427],
        [77.49647, 17.04282],
        [77.4882, 17.0472],
        [77.48808, 17.04751],
        [77.48764, 17.04868],
        [77.48749, 17.04906],
        [77.48385, 17.05865],
        [77.48379, 17.05881],
        [77.48208, 17.06332],
        [77.48122, 17.06559],
        [77.48068, 17.06701],
        [77.48, 17.0688],
        [77.48056, 17.07464],
        [77.48072, 17.07626],
        [77.48097, 17.07892],
        [77.481, 17.0792],
        [77.4808, 17.07931],
        [77.48017, 17.07963],
        [77.4695, 17.08516],
        [77.4673, 17.0863],
        [77.46675, 17.08727],
        [77.46617, 17.08831],
        [77.466, 17.0886],
        [77.46315, 17.09366],
        [77.4629, 17.0941],
        [77.4645, 17.1068],
        [77.46398, 17.10711],
        [77.46429, 17.10771],
        [77.4643, 17.1083],
        [77.46414, 17.10859],
        [77.46416, 17.10862],
        [77.46754, 17.11318],
        [77.46763, 17.11327],
        [77.46771, 17.11335],
        [77.47059, 17.11557],
        [77.47187, 17.11585],
        [77.47342, 17.11741],
        [77.4738, 17.11776],
        [77.47446, 17.11836],
        [77.47551, 17.11899],
        [77.4765, 17.11959],
        [77.47662, 17.11966],
        [77.47847, 17.12082],
        [77.47856, 17.12091],
        [77.47863, 17.12106],
        [77.47869, 17.12117],
        [77.47878, 17.12129],
        [77.47881, 17.12142],
        [77.47888, 17.12157],
        [77.47888, 17.12158],
        [77.47927, 17.12244],
        [77.47929, 17.12248],
        [77.47932, 17.12254],
        [77.47936, 17.12265],
        [77.47949, 17.12265],
        [77.48059, 17.12246],
        [77.48081, 17.12285],
        [77.48084, 17.12296],
        [77.48086, 17.12303],
        [77.48079, 17.12304],
        [77.48096, 17.12335],
        [77.48117, 17.12374],
        [77.48125, 17.12387],
        [77.48131, 17.12399],
        [77.48133, 17.12407],
        [77.4814, 17.12433],
        [77.48147, 17.12456],
        [77.48182, 17.1258],
        [77.48185, 17.12592],
        [77.48228, 17.12769],
        [77.48232, 17.12787],
        [77.48243, 17.12831],
        [77.48243, 17.12919],
        [77.48252, 17.13066],
        [77.48265, 17.13116],
        [77.48274, 17.13136],
        [77.48287, 17.13195],
        [77.48288, 17.13198],
        [77.48292, 17.1322],
        [77.48294, 17.13226],
        [77.48323, 17.1336],
        [77.48295, 17.13364],
        [77.48287, 17.13365],
        [77.48265, 17.13368],
        [77.48236, 17.13372],
        [77.48186, 17.1352],
        [77.48074, 17.13579],
        [77.47915, 17.13661],
        [77.47889, 17.13694],
        [77.47769, 17.1371],
        [77.47704, 17.13779],
        [77.47687, 17.13922],
        [77.47681, 17.13971],
        [77.47681, 17.13972],
        [77.47676, 17.13978],
        [77.47619, 17.14044],
        [77.47515, 17.14096],
        [77.47335, 17.1416],
        [77.47146, 17.14191],
        [77.47214, 17.14226],
        [77.47216, 17.14227],
        [77.47227, 17.14236],
        [77.47253, 17.14272],
        [77.47273, 17.143],
        [77.47355, 17.14413],
        [77.47361, 17.14423],
        [77.47367, 17.1443],
        [77.47434, 17.14519],
        [77.4744, 17.14527],
        [77.47475, 17.14549],
        [77.47489, 17.14557],
        [77.47494, 17.1456],
        [77.47523, 17.14578],
        [77.4757, 17.14607],
        [77.4758, 17.14613],
        [77.47587, 17.14622],
        [77.47609, 17.14639],
        [77.47649, 17.14671],
        [77.47677, 17.14694],
        [77.47711, 17.14721],
        [77.47714, 17.14724],
        [77.47798, 17.14815],
        [77.47808, 17.14828],
        [77.47809, 17.14829],
        [77.47813, 17.14838],
        [77.47835, 17.14873],
        [77.4784, 17.1488],
        [77.47863, 17.14915],
        [77.47901, 17.14973],
        [77.47922, 17.15005],
        [77.47928, 17.15015],
        [77.47929, 17.15027],
        [77.47942, 17.15084],
        [77.47954, 17.15141],
        [77.47956, 17.15149],
        [77.4796, 17.15202],
        [77.47963, 17.15259],
        [77.47966, 17.15273],
        [77.47965, 17.15282],
        [77.47962, 17.15317],
        [77.47962, 17.15318],
        [77.47978, 17.15384],
        [77.47979, 17.1539],
        [77.4798, 17.15403],
        [77.47983, 17.15474],
        [77.47984, 17.15496],
        [77.47994, 17.15554],
        [77.47996, 17.15566],
        [77.47996, 17.15578],
        [77.4799, 17.15694],
        [77.47991, 17.15704],
        [77.47991, 17.15714],
        [77.47985, 17.15774],
        [77.47972, 17.15887],
        [77.47971, 17.15898],
        [77.4797, 17.15907],
        [77.47969, 17.15915],
        [77.47969, 17.15926],
        [77.47968, 17.15929],
        [77.47968, 17.1593],
        [77.47955, 17.16022],
        [77.47955, 17.16023],
        [77.47927, 17.16098],
        [77.4792, 17.16118],
        [77.47916, 17.16127],
        [77.47917, 17.16134],
        [77.47916, 17.16193],
        [77.47915, 17.162],
        [77.47909, 17.16275],
        [77.47903, 17.16288],
        [77.47889, 17.16318],
        [77.47884, 17.16327],
        [77.47883, 17.16335],
        [77.47852, 17.16429],
        [77.47848, 17.16438],
        [77.47845, 17.16451],
        [77.47826, 17.16499],
        [77.4779, 17.16591],
        [77.47783, 17.16608],
        [77.47778, 17.16619],
        [77.47777, 17.16621],
        [77.47771, 17.16632],
        [77.47723, 17.16749],
        [77.47722, 17.1675],
        [77.47716, 17.16758],
        [77.47714, 17.16769],
        [77.47678, 17.16838],
        [77.47673, 17.16847],
        [77.47671, 17.16855],
        [77.47641, 17.17033],
        [77.47641, 17.17036],
        [77.4764, 17.17044],
        [77.47638, 17.17053],
        [77.47576, 17.17595],
        [77.47575, 17.17602],
        [77.47574, 17.17606],
        [77.47583, 17.17608],
        [77.47586, 17.17609],
        [77.47788, 17.17626],
        [77.47888, 17.17634],
        [77.48101, 17.17651],
        [77.48388, 17.17676],
        [77.48604, 17.17697],
        [77.48693, 17.17704],
        [77.48691, 17.17721],
        [77.48677, 17.17831],
        [77.48683, 17.17893],
        [77.48687, 17.1793],
        [77.4869, 17.18005],
        [77.48689, 17.1804],
        [77.48744, 17.18036],
        [77.49571, 17.17841],
        [77.49594, 17.17833],
        [77.49638, 17.17804],
        [77.49643, 17.17801],
        [77.49656, 17.17771],
        [77.49662, 17.17757],
        [77.49681, 17.17752],
        [77.49821, 17.17724],
        [77.49857, 17.17738],
        [77.49858, 17.17687],
        [77.49922, 17.17669],
        [77.49926, 17.1767],
        [77.49946, 17.17678],
        [77.50017, 17.17721],
        [77.50042, 17.17735],
        [77.50083, 17.17745],
        [77.501, 17.17745],
        [77.50121, 17.17747],
        [77.50119, 17.17612],
        [77.50173, 17.1745],
        [77.50194, 17.17359],
        [77.50193, 17.17294],
        [77.50276, 17.17309],
        [77.50291, 17.17312],
        [77.50306, 17.17322],
        [77.50315, 17.1733],
        [77.50424, 17.17402],
        [77.50432, 17.17407],
        [77.50513, 17.17532],
        [77.50536, 17.17566],
        [77.50543, 17.17575],
        [77.50555, 17.17578],
        [77.50576, 17.17583],
        [77.50715, 17.17618],
        [77.50868, 17.17644],
        [77.50881, 17.17644],
        [77.51113, 17.17535],
        [77.51127, 17.17528],
        [77.51145, 17.1752],
        [77.51194, 17.17528],
        [77.51401, 17.17566],
        [77.5142, 17.17569],
        [77.51621, 17.17432],
        [77.5167, 17.17417],
        [77.51821, 17.17372],
        [77.5184, 17.17374],
        [77.51846, 17.17347],
        [77.51843, 17.17344],
        [77.51847, 17.17335],
        [77.5184, 17.1725],
        [77.51836, 17.17202],
        [77.51831, 17.17133],
        [77.51863, 17.17177],
        [77.51886, 17.17172],
        [77.5191, 17.17168],
        [77.51917, 17.17162],
        [77.51927, 17.17153],
        [77.52032, 17.17055],
        [77.52037, 17.17049],
        [77.52043, 17.17041],
        [77.52221, 17.16847],
        [77.52229, 17.1684],
        [77.52242, 17.16841],
        [77.52376, 17.16858],
        [77.52389, 17.16859],
        [77.52401, 17.1686],
        [77.52587, 17.16874],
        [77.52597, 17.16874],
        [77.52634, 17.16866],
        [77.52647, 17.16862],
        [77.52668, 17.16857],
        [77.52852, 17.16814],
        [77.53146, 17.16741],
        [77.53319, 17.16699],
        [77.5361, 17.16628],
        [77.53633, 17.16596],
        [77.5375, 17.16435],
        [77.53837, 17.16306],
        [77.53984, 17.16237],
        [77.54022, 17.16219],
        [77.54037, 17.16213],
        [77.54278, 17.161],
        [77.5427, 17.1606],
        [77.54217, 17.15815],
        [77.5418, 17.15645],
        [77.54167, 17.15585],
        [77.54117, 17.15338],
        [77.54083, 17.1521],
        [77.54201, 17.15017],
        [77.54234, 17.14968],
        [77.54283, 17.14895],
        [77.54309, 17.14868],
        [77.54341, 17.14834],
        [77.54442, 17.14685],
        [77.54609, 17.14435],
        [77.54772, 17.1419],
        [77.54781, 17.14176],
        [77.54798, 17.14162],
        [77.54991, 17.14135],
        [77.55124, 17.13981],
        [77.55129, 17.13967],
        [77.55528, 17.13864],
        [77.55707, 17.13821],
        [77.55838, 17.13789],
        [77.55946, 17.13763],
        [77.55983, 17.13754],
        [77.56113, 17.13694],
        [77.5617, 17.13668],
        [77.56252, 17.1363],
        [77.56431, 17.13549],
        [77.56486, 17.13487],
        [77.56507, 17.13465],
        [77.56554, 17.13413],
        [77.5659, 17.13411],
        [77.56727, 17.13373],
        [77.57401, 17.13162],
        [77.57488, 17.13123],
        [77.5754, 17.13095],
        [77.57636, 17.13053],
        [77.57763, 17.13377],
        [77.5784, 17.13442],
        [77.57901, 17.13551],
        [77.57902, 17.13553],
        [77.5819, 17.14077],
        [77.58202, 17.14099],
        [77.58222, 17.14135],
        [77.58264, 17.14249],
        [77.58322, 17.14361],
        [77.58341, 17.14394],
        [77.58583, 17.14799],
        [77.58581, 17.14833],
        [77.58579, 17.14874],
        [77.58573, 17.14959],
        [77.58598, 17.15049],
        [77.5861, 17.151],
        [77.58622, 17.15151],
        [77.5864, 17.15151],
        [77.58627, 17.15186],
        [77.58706, 17.1519],
        [77.58778, 17.15191],
        [77.58813, 17.15191],
        [77.58849, 17.15195],
        [77.58865, 17.15176],
        [77.58902, 17.15178],
        [77.5892, 17.15168],
        [77.58942, 17.15165],
        [77.58966, 17.15161],
        [77.59003, 17.15164],
        [77.59079, 17.15145],
        [77.59146, 17.15142],
        [77.59167, 17.15141],
        [77.59183, 17.15143],
        [77.59249, 17.15153],
        [77.59263, 17.15164],
        [77.59353, 17.1517],
        [77.59372, 17.15171],
        [77.59442, 17.15166],
        [77.59491, 17.15167],
        [77.59507, 17.15263],
        [77.59559, 17.15358],
        [77.59661, 17.15274],
        [77.59667, 17.15269],
        [77.59697, 17.15245],
        [77.59766, 17.15192],
        [77.59764, 17.15177],
        [77.59751, 17.15099],
        [77.59867, 17.15068],
        [77.59886, 17.15062],
        [77.60006, 17.15111],
        [77.60029, 17.15118],
        [77.60168, 17.15114],
        [77.60297, 17.1514],
        [77.6037, 17.15105],
        [77.60409, 17.1508],
        [77.60635, 17.1511],
        [77.6065, 17.15113],
        [77.60927, 17.15137],
        [77.61027, 17.15145],
        [77.61057, 17.15153],
        [77.61073, 17.15157],
        [77.61179, 17.15183],
        [77.61171, 17.15196],
        [77.6117, 17.15198],
        [77.61118, 17.15319],
        [77.61111, 17.15335],
        [77.61097, 17.15367],
        [77.61091, 17.15379],
        [77.61184, 17.15422],
        [77.61201, 17.15424],
        [77.61315, 17.15452],
        [77.61371, 17.15466],
        [77.61387, 17.1547],
        [77.61485, 17.15495],
        [77.6157, 17.1551],
        [77.61659, 17.15519],
        [77.61676, 17.15516],
        [77.61696, 17.15514],
        [77.61701, 17.15513],
        [77.61707, 17.15513],
        [77.61708, 17.15513],
        [77.61707, 17.15504],
        [77.61707, 17.15478],
        [77.61707, 17.1546],
        [77.61704, 17.15447],
        [77.61693, 17.15387],
        [77.61848, 17.15363],
        [77.619, 17.15355],
        [77.62004, 17.15337],
        [77.62018, 17.15333],
        [77.62013, 17.15388],
        [77.62012, 17.15412],
        [77.62004, 17.15421],
        [77.61969, 17.1548],
        [77.61935, 17.15535],
        [77.61879, 17.15629],
        [77.61865, 17.15652],
        [77.61813, 17.15738],
        [77.61768, 17.15812],
        [77.61765, 17.15818],
        [77.61759, 17.15829],
        [77.61751, 17.15843],
        [77.61742, 17.15857],
        [77.61738, 17.15863],
        [77.61722, 17.15884],
        [77.61702, 17.15912],
        [77.61692, 17.15926],
        [77.61657, 17.15953],
        [77.61606, 17.15993],
        [77.61603, 17.15996],
        [77.6158, 17.16018],
        [77.61577, 17.16022],
        [77.61563, 17.16035],
        [77.61543, 17.16055],
        [77.61532, 17.16066],
        [77.61495, 17.16103],
        [77.61506, 17.16223],
        [77.61511, 17.1627],
        [77.61415, 17.16449],
        [77.61345, 17.16581],
        [77.61322, 17.16834],
        [77.61455, 17.16864],
        [77.61678, 17.16915],
        [77.61937, 17.16975],
        [77.62003, 17.1699],
        [77.6202, 17.16994],
        [77.62031, 17.16996],
        [77.62301, 17.17048],
        [77.62331, 17.17053],
        [77.6241, 17.17068],
        [77.62637, 17.17112],
        [77.62684, 17.17121],
        [77.62703, 17.1715],
        [77.62703, 17.17151],
        [77.62864, 17.17179],
        [77.62867, 17.1718],
        [77.63032, 17.17177],
        [77.63079, 17.17176],
        [77.6319, 17.17173],
        [77.63327, 17.17158],
        [77.6336, 17.17155],
        [77.63364, 17.17154],
        [77.63409, 17.17149],
        [77.63451, 17.17145],
        [77.63473, 17.17143],
        [77.63499, 17.17153],
        [77.63524, 17.17162],
        [77.63536, 17.17167],
        [77.63712, 17.1724],
        [77.63933, 17.17332],
        [77.63962, 17.17344],
        [77.63992, 17.17356],
        [77.64007, 17.17362],
        [77.64044, 17.17378],
        [77.64204, 17.17432],
        [77.64205, 17.17444],
        [77.64253, 17.17664],
        [77.64264, 17.17687],
        [77.64279, 17.17756],
        [77.64307, 17.17876],
        [77.64355, 17.17951],
        [77.64367, 17.17963],
        [77.64427, 17.18016],
        [77.64467, 17.18057],
        [77.64562, 17.18155],
        [77.64583, 17.18177],
        [77.6462, 17.18216],
        [77.64652, 17.18282],
        [77.6468, 17.18359],
        [77.64805, 17.18371],
        [77.64852, 17.18376],
        [77.64935, 17.1838],
        [77.64938, 17.1838],
        [77.6499, 17.18375],
        [77.65029, 17.18423],
        [77.65114, 17.18428],
        [77.65119, 17.18429],
        [77.65148, 17.18407],
        [77.6515, 17.18408],
        [77.65155, 17.18409],
        [77.6527, 17.18437],
        [77.65279, 17.18434],
        [77.65283, 17.18433],
        [77.6532, 17.18421],
        [77.65399, 17.18397],
        [77.65431, 17.18387],
        [77.6544, 17.18384],
        [77.6549, 17.18373],
        [77.65687, 17.18332],
        [77.65709, 17.18335],
        [77.6582, 17.18348],
        [77.65823, 17.18348],
        [77.65914, 17.18348],
        [77.65926, 17.18349],
        [77.66, 17.18354],
        [77.66063, 17.18353],
        [77.66079, 17.18353],
        [77.66084, 17.18341],
        [77.66086, 17.18335],
        [77.66098, 17.1834],
        [77.66099, 17.1834],
        [77.66101, 17.18341],
        [77.66133, 17.18355],
        [77.66138, 17.18358],
        [77.66148, 17.18362],
        [77.66267, 17.18332],
        [77.66333, 17.18315],
        [77.66346, 17.18312],
        [77.66393, 17.18299],
        [77.66425, 17.1829],
        [77.66464, 17.18284],
        [77.66476, 17.1828],
        [77.66551, 17.18254],
        [77.66568, 17.18242],
        [77.66665, 17.18173],
        [77.66793, 17.18279],
        [77.66866, 17.18262],
        [77.66883, 17.18257],
        [77.66885, 17.18257],
        [77.66908, 17.18252],
        [77.67125, 17.18209],
        [77.67163, 17.18201],
        [77.67196, 17.18194],
        [77.67204, 17.18193],
        [77.67231, 17.18191],
        [77.67265, 17.18189],
        [77.67294, 17.18187],
        [77.6731, 17.18182],
        [77.67348, 17.18169],
        [77.67364, 17.18163],
        [77.67507, 17.18112],
        [77.67536, 17.18101],
        [77.67616, 17.18081],
        [77.67631, 17.18053],
        [77.67704, 17.18014],
        [77.67768, 17.17962],
        [77.67775, 17.17956],
        [77.67791, 17.17963],
        [77.67803, 17.17969],
        [77.67835, 17.17951],
        [77.67969, 17.17907],
        [77.68052, 17.17879],
        [77.68079, 17.17881],
        [77.68081, 17.17829],
        [77.68087, 17.17803],
        [77.68096, 17.17762],
        [77.681, 17.17743],
        [77.68129, 17.177],
        [77.68145, 17.17706],
        [77.68154, 17.1771],
        [77.68167, 17.17685],
        [77.68171, 17.17678],
        [77.68173, 17.17674],
        [77.6819, 17.17642],
        [77.68201, 17.17642],
        [77.68349, 17.17638],
        [77.68417, 17.1765],
        [77.68483, 17.17662],
        [77.68502, 17.17666],
        [77.68569, 17.1768],
        [77.6865, 17.17684],
        [77.68734, 17.17675],
        [77.68847, 17.1773],
        [77.68941, 17.17762],
        [77.69104, 17.17788],
        [77.69205, 17.17831],
        [77.69324, 17.17855],
        [77.69327, 17.17854],
        [77.6934, 17.1785],
        [77.69351, 17.17846],
        [77.69378, 17.17837],
        [77.69409, 17.17814],
        [77.69424, 17.17801],
        [77.69431, 17.17797],
        [77.69444, 17.1779],
        [77.69639, 17.1769],
        [77.69653, 17.17683],
        [77.69809, 17.17595],
        [77.69817, 17.176],
        [77.69846, 17.17619],
        [77.69862, 17.17629],
        [77.69922, 17.17667],
        [77.69932, 17.17661],
        [77.70042, 17.17518],
        [77.70046, 17.17669],
        [77.7005, 17.17806],
        [77.70051, 17.17841],
        [77.70053, 17.17923],
        [77.70023, 17.17958],
        [77.69894, 17.17953],
        [77.6985, 17.18028],
        [77.69854, 17.18107],
        [77.69854, 17.18115],
        [77.69856, 17.18138],
        [77.69847, 17.18141],
        [77.69759, 17.18169],
        [77.69738, 17.18176],
        [77.69617, 17.18215],
        [77.69578, 17.18228],
        [77.69582, 17.18329],
        [77.69583, 17.18347],
        [77.69583, 17.18371],
        [77.69497, 17.18418],
        [77.69434, 17.18452],
        [77.69415, 17.18488],
        [77.69372, 17.18567],
        [77.69355, 17.18597],
        [77.69358, 17.18607],
        [77.69361, 17.18616],
        [77.69379, 17.18673],
        [77.69395, 17.18721],
        [77.69413, 17.1874],
        [77.69431, 17.18758],
        [77.69509, 17.18836],
        [77.69544, 17.18889],
        [77.69664, 17.19073],
        [77.69712, 17.19146],
        [77.69731, 17.19174],
        [77.69718, 17.19199],
        [77.69702, 17.19229],
        [77.69694, 17.19244],
        [77.69693, 17.19245],
        [77.69683, 17.19264],
        [77.69673, 17.19301],
        [77.69658, 17.1936],
        [77.69629, 17.19465],
        [77.69619, 17.19504],
        [77.69638, 17.19533],
        [77.69662, 17.19571],
        [77.69684, 17.19605],
        [77.69688, 17.1961],
        [77.69772, 17.19667],
        [77.69765, 17.19668],
        [77.69751, 17.19676],
        [77.69533, 17.19837],
        [77.69522, 17.19844],
        [77.69513, 17.19852],
        [77.69353, 17.19958],
        [77.69342, 17.19965],
        [77.69349, 17.19972],
        [77.69349, 17.19973],
        [77.69367, 17.19977],
        [77.69369, 17.19978],
        [77.69372, 17.19978],
        [77.69372, 17.19983],
        [77.69371, 17.20001],
        [77.6938, 17.20019],
        [77.69404, 17.20155],
        [77.6941, 17.20155],
        [77.69424, 17.20156],
        [77.69514, 17.20158],
        [77.69528, 17.20162],
        [77.69537, 17.20176],
        [77.69608, 17.2027],
        [77.69615, 17.2028],
        [77.69631, 17.20294],
        [77.69679, 17.20332],
        [77.69689, 17.20347],
        [77.69702, 17.20367],
        [77.69708, 17.20375],
        [77.69708, 17.20397],
        [77.69726, 17.20456],
        [77.69729, 17.2047],
        [77.69741, 17.20482],
        [77.698, 17.20572],
        [77.69806, 17.20585],
        [77.69815, 17.20599],
        [77.69823, 17.20613],
        [77.69833, 17.2063],
        [77.69845, 17.20652],
        [77.69885, 17.20722],
        [77.69895, 17.20736],
        [77.69929, 17.20772],
        [77.6993, 17.20773],
        [77.69955, 17.20794],
        [77.69963, 17.20805],
        [77.69971, 17.20789],
        [77.69992, 17.20766],
        [77.70002, 17.20766],
        [77.70015, 17.2077],
        [77.70061, 17.20811],
        [77.701, 17.2081],
        [77.70129, 17.20816],
        [77.70189, 17.20807],
        [77.70218, 17.2081],
        [77.7023, 17.20817],
        [77.70242, 17.20815],
        [77.70254, 17.20812],
        [77.70284, 17.20804],
        [77.70342, 17.20811],
        [77.70355, 17.20813],
        [77.70375, 17.2082],
        [77.70393, 17.20827],
        [77.70418, 17.20837],
        [77.70435, 17.20828],
        [77.7044, 17.20801],
        [77.70442, 17.20787],
        [77.70454, 17.20785],
        [77.70472, 17.20783],
        [77.70521, 17.20778],
        [77.70534, 17.20783],
        [77.7055, 17.20789],
        [77.70565, 17.20784],
        [77.70615, 17.20772],
        [77.70626, 17.2077],
        [77.70664, 17.20757],
        [77.70682, 17.20752],
        [77.70696, 17.20747],
        [77.70727, 17.2076],
        [77.7073, 17.20761],
        [77.70735, 17.20768],
        [77.70763, 17.20777],
        [77.70765, 17.20783],
        [77.708, 17.20788],
        [77.70894, 17.208],
        [77.70976, 17.20811],
        [77.70985, 17.20816],
        [77.71006, 17.20819],
        [77.7105, 17.20825],
        [77.71056, 17.20826],
        [77.71087, 17.2083],
        [77.7114, 17.20837],
        [77.71169, 17.20841],
        [77.71381, 17.20869],
        [77.7137, 17.20883],
        [77.71401, 17.20907],
        [77.71476, 17.20876],
        [77.71495, 17.20868],
        [77.71499, 17.20867],
        [77.71507, 17.20864],
        [77.71525, 17.2086],
        [77.71531, 17.2086],
        [77.71542, 17.20859],
        [77.71544, 17.20863],
        [77.7155, 17.20874],
        [77.71599, 17.20968],
        [77.71635, 17.20951],
        [77.71649, 17.20941],
        [77.71689, 17.20922],
        [77.71688, 17.20919],
        [77.71703, 17.20908],
        [77.71823, 17.20805],
        [77.71832, 17.20798],
        [77.71847, 17.20794],
        [77.71885, 17.2079],
        [77.71896, 17.20788],
        [77.71913, 17.20784],
        [77.72135, 17.20705],
        [77.72214, 17.20677],
        [77.72223, 17.20674],
        [77.72472, 17.20594],
        [77.72483, 17.20591],
        [77.72604, 17.20553],
        [77.72618, 17.20549],
        [77.72634, 17.20546],
        [77.72646, 17.20545],
        [77.72647, 17.20542],
        [77.72645, 17.20527],
        [77.7266, 17.20516],
        [77.72794, 17.20424],
        [77.72849, 17.20398],
        [77.72863, 17.20392],
        [77.72859, 17.20388],
        [77.72793, 17.20262],
        [77.72785, 17.20246],
        [77.72746, 17.19992],
        [77.72741, 17.19961],
        [77.72665, 17.19814],
        [77.72648, 17.1974],
        [77.72648, 17.19737],
        [77.72634, 17.19657],
        [77.72634, 17.1965],
        [77.72611, 17.19571],
        [77.7261, 17.19567],
        [77.72596, 17.1954],
        [77.7259, 17.19528],
        [77.72587, 17.19522],
        [77.72601, 17.19484],
        [77.72612, 17.19485],
        [77.72611, 17.19478],
        [77.7261, 17.19472],
        [77.72609, 17.19462],
        [77.72608, 17.19449],
        [77.72609, 17.19425],
        [77.7261, 17.19409],
        [77.72606, 17.19393],
        [77.72584, 17.19289],
        [77.72582, 17.19275],
        [77.72577, 17.19261],
        [77.72533, 17.19151],
        [77.72536, 17.19091],
        [77.72537, 17.19081],
        [77.72537, 17.19074],
        [77.72527, 17.19066],
        [77.72507, 17.19058],
        [77.72493, 17.19038],
        [77.72493, 17.19021],
        [77.72494, 17.19012],
        [77.7243, 17.19014],
        [77.7246, 17.1897],
        [77.72462, 17.18967],
        [77.72479, 17.18945],
        [77.72499, 17.1892],
        [77.72534, 17.18882],
        [77.72554, 17.18837],
        [77.72608, 17.18767],
        [77.7268, 17.18672],
        [77.72708, 17.18627],
        [77.72728, 17.18604],
        [77.72767, 17.18573],
        [77.72809, 17.18538],
        [77.72835, 17.18517],
        [77.72848, 17.18504],
        [77.72873, 17.18481],
        [77.72888, 17.18466],
        [77.7292, 17.18428],
        [77.7298, 17.18415],
        [77.73042, 17.18373],
        [77.73106, 17.18362],
        [77.73174, 17.18352],
        [77.7323, 17.18349],
        [77.73335, 17.18303],
        [77.73417, 17.18261],
        [77.73547, 17.1821],
        [77.73691, 17.182],
        [77.73739, 17.18172],
        [77.7384, 17.18135],
        [77.73842, 17.18144],
        [77.73831, 17.18148],
        [77.73833, 17.1817],
        [77.73845, 17.18288],
        [77.73837, 17.18312],
        [77.73826, 17.18344],
        [77.73811, 17.18391],
        [77.7381, 17.18401],
        [77.73802, 17.18459],
        [77.73799, 17.18481],
        [77.73803, 17.18555],
        [77.73803, 17.18558],
        [77.73804, 17.18575],
        [77.73799, 17.18589],
        [77.73831, 17.18743],
        [77.7383, 17.18746],
        [77.73818, 17.18852],
        [77.73815, 17.18972],
        [77.73814, 17.19025],
        [77.73811, 17.19137],
        [77.7381, 17.19144],
        [77.7381, 17.19145],
        [77.7381, 17.19155],
        [77.7381, 17.19161],
        [77.73805, 17.19162],
        [77.738, 17.19255],
        [77.73806, 17.19265],
        [77.73818, 17.19285],
        [77.73931, 17.19361],
        [77.73937, 17.19368],
        [77.74031, 17.19465],
        [77.73959, 17.19536],
        [77.73949, 17.19546],
        [77.73942, 17.19552],
        [77.7391, 17.19583],
        [77.73926, 17.196],
        [77.73939, 17.19613],
        [77.73922, 17.19642],
        [77.73891, 17.19659],
        [77.73808, 17.19656],
        [77.73715, 17.19696],
        [77.73673, 17.19714],
        [77.73665, 17.19718],
        [77.73667, 17.19746],
        [77.73671, 17.19754],
        [77.73682, 17.19777],
        [77.73687, 17.1979],
        [77.73687, 17.19893],
        [77.73684, 17.1991],
        [77.7368, 17.19943],
        [77.73673, 17.19989],
        [77.73677, 17.20025],
        [77.73663, 17.20108],
        [77.73646, 17.20134],
        [77.73628, 17.202],
        [77.73625, 17.20232],
        [77.73629, 17.20269],
        [77.73633, 17.20307],
        [77.73622, 17.20402],
        [77.7362, 17.20421],
        [77.73566, 17.20523],
        [77.73498, 17.20644],
        [77.73468, 17.20676],
        [77.73453, 17.20679],
        [77.73407, 17.20683],
        [77.73346, 17.20682],
        [77.73346, 17.20701],
        [77.73315, 17.20799],
        [77.73301, 17.20943],
        [77.73302, 17.20958],
        [77.73297, 17.20999],
        [77.73247, 17.21147],
        [77.73203, 17.21314],
        [77.73214, 17.21359],
        [77.73227, 17.21408],
        [77.73225, 17.21423],
        [77.73225, 17.2151],
        [77.73219, 17.21524],
        [77.73205, 17.2155],
        [77.73176, 17.21595],
        [77.7317, 17.21604],
        [77.73164, 17.21622],
        [77.73131, 17.21764],
        [77.7313, 17.21779],
        [77.73129, 17.218],
        [77.73135, 17.21958],
        [77.73136, 17.2199],
        [77.73138, 17.22111],
        [77.73141, 17.22169],
        [77.73147, 17.22181],
        [77.73205, 17.22282],
        [77.73231, 17.22328],
        [77.73487, 17.22777],
        [77.73501, 17.22786],
        [77.73533, 17.22816],
        [77.73523, 17.22944],
        [77.73525, 17.22955],
        [77.7355, 17.23048],
        [77.73553, 17.23063],
        [77.73574, 17.23098],
        [77.7364, 17.23083],
        [77.7366, 17.23086],
        [77.73678, 17.23079],
        [77.7386, 17.23046],
        [77.73891, 17.23037],
        [77.73978, 17.23009],
        [77.74015, 17.22965],
        [77.74048, 17.22963],
        [77.74065, 17.22963],
        [77.74078, 17.22963],
        [77.74127, 17.2296],
        [77.74297, 17.2297],
        [77.7437, 17.22981],
        [77.74396, 17.22992],
        [77.74438, 17.23049],
        [77.74493, 17.23053],
        [77.74527, 17.23078],
        [77.74577, 17.23095],
        [77.74645, 17.23082],
        [77.74696, 17.23061],
        [77.74777, 17.22948],
        [77.74808, 17.22919],
        [77.74852, 17.22883],
        [77.74889, 17.22867],
        [77.74958, 17.22878],
        [77.75027, 17.22871],
        [77.7506, 17.2288],
        [77.75062, 17.22873],
        [77.75238, 17.22848],
        [77.75228, 17.2281],
        [77.75258, 17.22767],
        [77.75346, 17.22769],
        [77.75395, 17.22667],
        [77.75435, 17.2261],
        [77.75524, 17.22529],
        [77.755, 17.22435],
        [77.75497, 17.22421],
        [77.7549, 17.22396],
        [77.75489, 17.22392],
        [77.75486, 17.22379],
        [77.75478, 17.22364],
        [77.75582, 17.22345],
        [77.75593, 17.22344],
        [77.75693, 17.22313],
        [77.75706, 17.22309],
        [77.75712, 17.22308],
        [77.75842, 17.22289],
        [77.759, 17.22293],
        [77.75942, 17.22295],
        [77.75953, 17.22295],
        [77.75954, 17.22296],
        [77.75976, 17.2231],
        [77.75977, 17.22322],
        [77.75979, 17.22399],
        [77.75995, 17.22454],
        [77.76002, 17.22481],
        [77.76014, 17.22492],
        [77.76069, 17.22545],
        [77.76081, 17.22556],
        [77.7609, 17.22568],
        [77.76125, 17.22615],
        [77.76185, 17.22692],
        [77.76274, 17.22712],
        [77.76288, 17.22715],
        [77.763, 17.22721],
        [77.76313, 17.22725],
        [77.76369, 17.22744],
        [77.76382, 17.22749],
        [77.76539, 17.22777],
        [77.76767, 17.22729],
        [77.7688, 17.22846],
        [77.76941, 17.22894],
        [77.76933, 17.22973],
        [77.76934, 17.22983],
        [77.76935, 17.22987],
        [77.76935, 17.23004],
        [77.76944, 17.23119],
        [77.76933, 17.23134],
        [77.76903, 17.23187],
        [77.76885, 17.23218],
        [77.76878, 17.23231],
        [77.76885, 17.23241],
        [77.76945, 17.23338],
        [77.77034, 17.23377],
        [77.77042, 17.23383],
        [77.77153, 17.23454],
        [77.77198, 17.23484],
        [77.77209, 17.23492],
        [77.77201, 17.23504],
        [77.7712, 17.23619],
        [77.77113, 17.23639],
        [77.77102, 17.23642],
        [77.77104, 17.23657],
        [77.77112, 17.23712],
        [77.77109, 17.23779],
        [77.77108, 17.23788],
        [77.77116, 17.23788],
        [77.77121, 17.23787],
        [77.77133, 17.23765],
        [77.77167, 17.2373],
        [77.77216, 17.23677],
        [77.7732, 17.23631],
        [77.77399, 17.23645],
        [77.77417, 17.23647],
        [77.77558, 17.23628],
        [77.77621, 17.2362],
        [77.77636, 17.23619],
        [77.77838, 17.23603],
        [77.7784, 17.23602],
        [77.77857, 17.23598],
        [77.77982, 17.23565],
        [77.78114, 17.23531],
        [77.78259, 17.23493],
        [77.78331, 17.23477],
        [77.78408, 17.2346],
        [77.78509, 17.23439],
        [77.78557, 17.23428],
        [77.78643, 17.23411],
        [77.78683, 17.23404],
        [77.78783, 17.23392],
        [77.78796, 17.23393],
        [77.78998, 17.23395],
        [77.79013, 17.23393],
        [77.79046, 17.23367],
        [77.79007, 17.23218],
        [77.78969, 17.23213],
        [77.78954, 17.23136],
        [77.78896, 17.22961],
        [77.78891, 17.22937],
        [77.78884, 17.22901],
        [77.78882, 17.22891],
        [77.78836, 17.22665],
        [77.78826, 17.22615],
        [77.78825, 17.22594],
        [77.78821, 17.22465],
        [77.78845, 17.22387],
        [77.78772, 17.22231],
        [77.78764, 17.22214],
        [77.78684, 17.22284],
        [77.78626, 17.22239],
        [77.78553, 17.22192],
        [77.78482, 17.2209],
        [77.7843, 17.22043],
        [77.78385, 17.21998],
        [77.78268, 17.21905],
        [77.78223, 17.21862],
        [77.78173, 17.2183],
        [77.78101, 17.2179],
        [77.78045, 17.21749],
        [77.78013, 17.21726],
        [77.77954, 17.21669],
        [77.77927, 17.21648],
        [77.77887, 17.21617],
        [77.77774, 17.21529],
        [77.77749, 17.21477],
        [77.77733, 17.21442],
        [77.77731, 17.21435],
        [77.77714, 17.21364],
        [77.77702, 17.213],
        [77.77659, 17.21212],
        [77.77583, 17.21153],
        [77.77581, 17.21152],
        [77.77574, 17.21115],
        [77.77551, 17.21104],
        [77.77494, 17.20974],
        [77.77512, 17.20943],
        [77.77495, 17.20934],
        [77.77347, 17.20902],
        [77.77243, 17.2089],
        [77.7723, 17.20888],
        [77.77192, 17.20883],
        [77.77185, 17.2093],
        [77.7717, 17.20929],
        [77.77031, 17.20912],
        [77.7691, 17.20897],
        [77.76875, 17.20888],
        [77.76796, 17.20866],
        [77.76784, 17.20862],
        [77.76777, 17.20857],
        [77.76677, 17.20724],
        [77.76621, 17.20587],
        [77.7661, 17.20531],
        [77.76593, 17.20473],
        [77.76543, 17.20381],
        [77.76502, 17.2031],
        [77.76468, 17.20251],
        [77.76459, 17.20244],
        [77.76453, 17.20228],
        [77.76405, 17.20067],
        [77.764, 17.20054],
        [77.7641, 17.1994],
        [77.76414, 17.19924],
        [77.76415, 17.19911],
        [77.76466, 17.19855],
        [77.76509, 17.19811],
        [77.76579, 17.19736],
        [77.76671, 17.19667],
        [77.76681, 17.19662],
        [77.76698, 17.19649],
        [77.76704, 17.19644],
        [77.76765, 17.19595],
        [77.76816, 17.19553],
        [77.76831, 17.19542],
        [77.7694, 17.19467],
        [77.76985, 17.19436],
        [77.77006, 17.19414],
        [77.77084, 17.1928],
        [77.77168, 17.19139],
        [77.77183, 17.19101],
        [77.77295, 17.18839],
        [77.77307, 17.18814],
        [77.77327, 17.18772],
        [77.77329, 17.18766],
        [77.7734, 17.18757],
        [77.77415, 17.18694],
        [77.77502, 17.18517],
        [77.77513, 17.18495],
        [77.7752, 17.18481],
        [77.7754, 17.18439],
        [77.77597, 17.18227],
        [77.77594, 17.18216],
        [77.7761, 17.18195],
        [77.77666, 17.18191],
        [77.77702, 17.18189],
        [77.77817, 17.18182],
        [77.77847, 17.1818],
        [77.77967, 17.18134],
        [77.77974, 17.18131],
        [77.78011, 17.18117],
        [77.78028, 17.18111],
        [77.78038, 17.18109],
        [77.78072, 17.18102],
        [77.78084, 17.18101],
        [77.78086, 17.18101],
        [77.78088, 17.18101],
        [77.781, 17.18097],
        [77.78136, 17.18087],
        [77.78149, 17.18083],
        [77.78165, 17.18078],
        [77.78219, 17.18062],
        [77.78221, 17.18062],
        [77.78235, 17.18058],
        [77.7826, 17.18026],
        [77.78268, 17.18047],
        [77.78304, 17.18032],
        [77.78324, 17.18009],
        [77.7841, 17.17904],
        [77.78448, 17.17853],
        [77.78494, 17.17782],
        [77.78596, 17.17713],
        [77.78599, 17.17675],
        [77.78622, 17.17509],
        [77.78624, 17.17493],
        [77.78631, 17.17461],
        [77.78658, 17.17349],
        [77.78659, 17.17341],
        [77.78686, 17.17136],
        [77.78689, 17.17111],
        [77.78693, 17.17085],
        [77.78693, 17.17083],
        [77.78703, 17.17049],
        [77.78674, 17.16993],
        [77.78659, 17.16964],
        [77.78643, 17.16934],
        [77.78597, 17.16851],
        [77.7859, 17.16839],
        [77.78491, 17.16632],
        [77.78489, 17.16628],
        [77.7848, 17.1662],
        [77.78459, 17.166],
        [77.78455, 17.16596],
        [77.78442, 17.16584],
        [77.78341, 17.16489],
        [77.78336, 17.16482],
        [77.78331, 17.16474],
        [77.7831, 17.16446],
        [77.78325, 17.16398],
        [77.78325, 17.16396],
        [77.78326, 17.16394],
        [77.78327, 17.16388],
        [77.78341, 17.16343],
        [77.78341, 17.1634],
        [77.78366, 17.16266],
        [77.78371, 17.16251],
        [77.78373, 17.16244],
        [77.78375, 17.16238],
        [77.78379, 17.16227],
        [77.78381, 17.16224],
        [77.78409, 17.16189],
        [77.7842, 17.16184],
        [77.78442, 17.16152],
        [77.78446, 17.1613],
        [77.78462, 17.1605],
        [77.78479, 17.15968],
        [77.78487, 17.15891],
        [77.78482, 17.15838],
        [77.7848, 17.15825],
        [77.78479, 17.15815],
        [77.78478, 17.15807],
        [77.78477, 17.15797],
        [77.78477, 17.15794],
        [77.78476, 17.15744],
        [77.78475, 17.15717],
        [77.78474, 17.15682],
        [77.78472, 17.156],
        [77.78433, 17.15464],
        [77.7835, 17.15307],
        [77.78237, 17.15111],
        [77.78236, 17.15109],
        [77.78232, 17.15101],
        [77.78225, 17.1509],
        [77.78223, 17.15092],
        [77.78213, 17.15078],
        [77.78204, 17.15068],
        [77.78202, 17.15065],
        [77.78195, 17.15056],
        [77.78181, 17.1504],
        [77.78134, 17.14997],
        [77.7811, 17.14974],
        [77.78098, 17.1496],
        [77.78092, 17.14949],
        [77.78086, 17.1494],
        [77.78029, 17.14849],
        [77.78028, 17.14848],
        [77.78012, 17.14828],
        [77.78001, 17.14812],
        [77.77938, 17.14739],
        [77.77921, 17.1472],
        [77.7791, 17.14702],
        [77.77841, 17.14612],
        [77.77829, 17.14599],
        [77.77824, 17.14587],
        [77.77805, 17.14555],
        [77.77765, 17.14507],
        [77.77744, 17.14491],
        [77.77735, 17.14484],
        [77.77716, 17.1447],
        [77.77705, 17.14458],
        [77.77596, 17.14528],
        [77.77574, 17.14519],
        [77.77483, 17.14403],
        [77.77431, 17.14337],
        [77.77303, 17.14174],
        [77.77245, 17.14084],
        [77.77035, 17.13736],
        [77.76969, 17.13626],
        [77.76885, 17.13485],
        [77.7689, 17.13427],
        [77.76898, 17.1333],
        [77.7689, 17.13301],
        [77.76892, 17.133],
        [77.76905, 17.13294],
        [77.7691, 17.13292],
        [77.76903, 17.1328],
        [77.76897, 17.13267],
        [77.76865, 17.13204],
        [77.76858, 17.13186],
        [77.76828, 17.13102],
        [77.76828, 17.13101],
        [77.76819, 17.13087],
        [77.76812, 17.13077],
        [77.76767, 17.13006],
        [77.76765, 17.12985],
        [77.76776, 17.12978],
        [77.76833, 17.1294],
        [77.7686, 17.12929],
        [77.76932, 17.12651],
        [77.77041, 17.12583],
        [77.77225, 17.12624],
        [77.77262, 17.12632],
        [77.77351, 17.12518],
        [77.77361, 17.12505],
        [77.7737, 17.12495],
        [77.77399, 17.12461],
        [77.77465, 17.12379],
        [77.77474, 17.1237],
        [77.77478, 17.12359],
        [77.77491, 17.12318],
        [77.77518, 17.12235],
        [77.77518, 17.12222],
        [77.77503, 17.12238],
        [77.7742, 17.12192],
        [77.77478, 17.11928],
        [77.7748, 17.11917],
        [77.7749, 17.1186],
        [77.77491, 17.11853],
        [77.77469, 17.11724],
        [77.77467, 17.11713],
        [77.77463, 17.11691],
        [77.77467, 17.11682],
        [77.77522, 17.11547],
        [77.77533, 17.11522],
        [77.77551, 17.11477],
        [77.77598, 17.11367],
        [77.77577, 17.11236],
        [77.77573, 17.11237],
        [77.77539, 17.11238],
        [77.77526, 17.11238],
        [77.77457, 17.1124],
        [77.77258, 17.11246],
        [77.77233, 17.11214],
        [77.77228, 17.11207],
        [77.77219, 17.11195],
        [77.77211, 17.11195],
        [77.77117, 17.11084],
        [77.7699, 17.11125],
        [77.76933, 17.11094],
        [77.76787, 17.11015],
        [77.76714, 17.10973],
        [77.76638, 17.10928],
        [77.7658, 17.10894],
        [77.76555, 17.10879],
        [77.76523, 17.10861],
        [77.76514, 17.10833],
        [77.76492, 17.10766],
        [77.76391, 17.1045],
        [77.76374, 17.10395],
        [77.76309, 17.10183],
        [77.76274, 17.10051],
        [77.76267, 17.0997],
        [77.7624, 17.09886],
        [77.76233, 17.09877],
        [77.76224, 17.09867],
        [77.76204, 17.09834],
        [77.76184, 17.098],
        [77.76053, 17.09578],
        [77.75999, 17.09496],
        [77.75989, 17.09481],
        [77.75962, 17.0944],
        [77.75968, 17.09368],
        [77.75973, 17.09305],
        [77.75984, 17.09152],
        [77.75986, 17.09123],
        [77.76, 17.08973],
        [77.76002, 17.08949],
        [77.76021, 17.08786],
        [77.76031, 17.08661],
        [77.76136, 17.08489],
        [77.76122, 17.08417],
        [77.76105, 17.08326],
        [77.76105, 17.08325],
        [77.76077, 17.08298],
        [77.76102, 17.08253],
        [77.76127, 17.08202],
        [77.76146, 17.08161],
        [77.76135, 17.08153],
        [77.76117, 17.08141],
        [77.76104, 17.08132],
        [77.76062, 17.08122],
        [77.76059, 17.08122],
        [77.76037, 17.08117],
        [77.76033, 17.08104],
        [77.76016, 17.0805],
        [77.75953, 17.07965],
        [77.75946, 17.07948],
        [77.75921, 17.07889],
        [77.75851, 17.07777],
        [77.75844, 17.07769],
        [77.75844, 17.07754],
        [77.75837, 17.07712],
        [77.75828, 17.07679],
        [77.75839, 17.07643],
        [77.75839, 17.07548],
        [77.75833, 17.07517],
        [77.75827, 17.07486],
        [77.75817, 17.07433],
        [77.75773, 17.07404],
        [77.75744, 17.07301],
        [77.75708, 17.07166],
        [77.75694, 17.071],
        [77.75682, 17.07038],
        [77.75674, 17.07007],
        [77.75631, 17.06912],
        [77.75606, 17.06857],
        [77.75595, 17.06832],
        [77.75593, 17.06828],
        [77.75566, 17.06769],
        [77.75543, 17.06776],
        [77.75531, 17.06765],
        [77.75507, 17.06741],
        [77.75431, 17.06637],
        [77.75374, 17.06566],
        [77.75358, 17.06547],
        [77.75315, 17.06496],
        [77.75242, 17.06459],
        [77.75224, 17.06435],
        [77.75217, 17.06426],
        [77.75122, 17.06274],
        [77.75149, 17.06275],
        [77.75194, 17.06278],
        [77.75317, 17.06285],
        [77.75323, 17.06263],
        [77.75328, 17.06247],
        [77.75339, 17.06205],
        [77.75345, 17.06184],
        [77.75351, 17.06163],
        [77.75388, 17.06031],
        [77.75388, 17.06032],
        [77.75398, 17.06027],
        [77.75416, 17.06015],
        [77.75562, 17.06049],
        [77.75568, 17.06049],
        [77.75678, 17.06052],
        [77.7569, 17.0605],
        [77.757, 17.06055],
        [77.75789, 17.06081],
        [77.75897, 17.06095],
        [77.75911, 17.06094],
        [77.75924, 17.06091],
        [77.75952, 17.0609],
        [77.76004, 17.06094],
        [77.76103, 17.06101],
        [77.76116, 17.06102],
        [77.7614, 17.06104],
        [77.76152, 17.06107],
        [77.76208, 17.0612],
        [77.76266, 17.06148],
        [77.76276, 17.06151],
        [77.76332, 17.06173],
        [77.76344, 17.06172],
        [77.7635, 17.06172],
        [77.76366, 17.06172],
        [77.76375, 17.06165],
        [77.76396, 17.06167],
        [77.76403, 17.06166],
        [77.7641, 17.06165],
        [77.76417, 17.06165],
        [77.7644, 17.06167],
        [77.76448, 17.06167],
        [77.76462, 17.0617],
        [77.76463, 17.0617],
        [77.7646, 17.06155],
        [77.76458, 17.06145],
        [77.76471, 17.06134],
        [77.7652, 17.06122],
        [77.76551, 17.06115],
        [77.76554, 17.06114],
        [77.76619, 17.06094],
        [77.76641, 17.06079],
        [77.76669, 17.06057],
        [77.76702, 17.06043],
        [77.76747, 17.06024],
        [77.76763, 17.06024],
        [77.76782, 17.06016],
        [77.76791, 17.06008],
        [77.76817, 17.05997],
        [77.76868, 17.05998],
        [77.76875, 17.05996],
        [77.76896, 17.0599],
        [77.76924, 17.05997],
        [77.76937, 17.06001],
        [77.76946, 17.06003],
        [77.7696, 17.06003],
        [77.76986, 17.06004],
        [77.77021, 17.05988],
        [77.77098, 17.05944],
        [77.77098, 17.05943],
        [77.77141, 17.05919],
        [77.77167, 17.05925],
        [77.77215, 17.05947],
        [77.77217, 17.05945],
        [77.77219, 17.05943],
        [77.77227, 17.05936],
        [77.77238, 17.05924],
        [77.77271, 17.05892],
        [77.77335, 17.05834],
        [77.77365, 17.05809],
        [77.77371, 17.05777],
        [77.77394, 17.0575],
        [77.77412, 17.05723],
        [77.77417, 17.05699],
        [77.77421, 17.05679],
        [77.77423, 17.05669],
        [77.77424, 17.0565],
        [77.77422, 17.05559],
        [77.77436, 17.05499],
        [77.77437, 17.05463],
        [77.77453, 17.05436],
        [77.77458, 17.0537],
        [77.77458, 17.05369],
        [77.77456, 17.05356],
        [77.77458, 17.05338],
        [77.7747, 17.05251],
        [77.77473, 17.05173],
        [77.77474, 17.05171],
        [77.77481, 17.05112],
        [77.77481, 17.05095],
        [77.77482, 17.0508],
        [77.77487, 17.05006],
        [77.775, 17.04992],
        [77.77503, 17.04987],
        [77.77506, 17.04982],
        [77.77518, 17.04976],
        [77.77526, 17.0497],
        [77.77534, 17.04965],
        [77.77548, 17.04952],
        [77.77552, 17.04944],
        [77.77556, 17.04939],
        [77.7756, 17.04936],
        [77.77566, 17.0493],
        [77.77586, 17.04914],
        [77.77591, 17.0491],
        [77.77597, 17.04899],
        [77.77603, 17.04887],
        [77.77621, 17.04853],
        [77.77635, 17.04848],
        [77.7765, 17.04835],
        [77.77659, 17.04827],
        [77.77671, 17.04817],
        [77.77676, 17.04817],
        [77.77681, 17.04818],
        [77.77697, 17.04818],
        [77.77721, 17.04807],
        [77.77728, 17.04803],
        [77.77735, 17.048],
        [77.77742, 17.04796],
        [77.77763, 17.04785],
        [77.778, 17.04756],
        [77.77805, 17.04756],
        [77.77822, 17.04758],
        [77.77824, 17.04755],
        [77.77839, 17.04736],
        [77.7795, 17.04724],
        [77.77954, 17.04716],
        [77.77962, 17.04701],
        [77.77969, 17.04689],
        [77.77975, 17.04679],
        [77.77983, 17.04682],
        [77.77985, 17.04683],
        [77.78009, 17.04687],
        [77.78022, 17.04682],
        [77.78045, 17.04672],
        [77.78076, 17.0465],
        [77.78085, 17.04643],
        [77.78098, 17.04642],
        [77.78127, 17.04625],
        [77.78142, 17.04616],
        [77.78143, 17.04615],
        [77.78172, 17.0458],
        [77.78189, 17.04589],
        [77.7822, 17.0457],
        [77.7826, 17.04547],
        [77.78286, 17.04532],
        [77.78295, 17.04524],
        [77.78301, 17.04522],
        [77.7831, 17.04519],
        [77.78326, 17.04503],
        [77.78389, 17.04452],
        [77.78406, 17.04447],
        [77.7838, 17.04428],
        [77.78362, 17.04414],
        [77.78358, 17.04399],
        [77.78351, 17.04335],
        [77.78346, 17.04296],
        [77.78348, 17.04251],
        [77.78345, 17.04175],
        [77.78347, 17.04161],
        [77.78343, 17.04104],
        [77.78263, 17.0391],
        [77.78247, 17.03872],
        [77.78219, 17.03804],
        [77.78223, 17.03788],
        [77.78228, 17.03771],
        [77.78153, 17.03629],
        [77.7814, 17.03612],
        [77.78116, 17.03579],
        [77.78076, 17.03431],
        [77.78073, 17.03422],
        [77.78043, 17.03294],
        [77.7805, 17.03277],
        [77.78051, 17.03275],
        [77.78035, 17.03235],
        [77.78024, 17.03172],
        [77.78017, 17.0311],
        [77.78016, 17.03099],
        [77.78, 17.03022],
        [77.77961, 17.02932],
        [77.77952, 17.02912],
        [77.77946, 17.02898],
        [77.77945, 17.0289],
        [77.77943, 17.02881],
        [77.77942, 17.02875],
        [77.77939, 17.02855],
        [77.77911, 17.02772],
        [77.7791, 17.02767],
        [77.77906, 17.02735],
        [77.77898, 17.02719],
        [77.77896, 17.02715],
        [77.77878, 17.02681],
        [77.77865, 17.02664],
        [77.77854, 17.02651],
        [77.77838, 17.02641],
        [77.7783, 17.02635],
        [77.77792, 17.02581],
        [77.77781, 17.02564],
        [77.77778, 17.02556],
        [77.77776, 17.02551],
        [77.7775, 17.02506],
        [77.77715, 17.02428],
        [77.77712, 17.02421],
        [77.77695, 17.02384],
        [77.77688, 17.0237],
        [77.77658, 17.02317],
        [77.77623, 17.02258],
        [77.77618, 17.02249],
        [77.77609, 17.02232],
        [77.77596, 17.02204],
        [77.77587, 17.02187],
        [77.77573, 17.02163],
        [77.7757, 17.02159],
        [77.77568, 17.02155],
        [77.77567, 17.02154],
        [77.77563, 17.02152],
        [77.77562, 17.02149],
        [77.77526, 17.02045],
        [77.77526, 17.02043],
        [77.77522, 17.02028],
        [77.77523, 17.0202],
        [77.7752, 17.0202],
        [77.77499, 17.02018],
        [77.77485, 17.02017],
        [77.7726, 17.02],
        [77.77222, 17.02018],
        [77.77199, 17.0203],
        [77.77181, 17.02039],
        [77.77183, 17.02042],
        [77.77185, 17.02047],
        [77.77198, 17.02074],
        [77.77179, 17.02074],
        [77.77104, 17.02071],
        [77.77092, 17.02068],
        [77.77081, 17.02065],
        [77.77055, 17.02044],
        [77.77003, 17.02002],
        [77.76982, 17.01988],
        [77.76835, 17.02035],
        [77.76832, 17.02036],
        [77.76819, 17.0204],
        [77.76809, 17.02043],
        [77.76798, 17.02047],
        [77.76797, 17.02047],
        [77.76669, 17.02081],
        [77.76669, 17.02082],
        [77.76667, 17.02082],
        [77.76666, 17.02082],
        [77.76661, 17.02083],
        [77.76656, 17.02085],
        [77.76653, 17.02085],
        [77.76634, 17.0209],
        [77.76611, 17.02095],
        [77.76606, 17.02096],
        [77.76599, 17.02098],
        [77.76559, 17.02107],
        [77.76544, 17.0211],
        [77.76525, 17.02114],
        [77.76513, 17.02117],
        [77.76508, 17.02118],
        [77.76505, 17.02118],
        [77.76491, 17.02121],
        [77.76489, 17.02122],
        [77.76446, 17.02131],
        [77.76445, 17.02123],
        [77.76441, 17.02102],
        [77.76437, 17.0208],
        [77.76434, 17.02064],
        [77.76398, 17.01865],
        [77.76375, 17.01821],
        [77.76326, 17.01725],
        [77.76322, 17.01695],
        [77.76304, 17.01546],
        [77.76306, 17.01543],
        [77.76303, 17.0152],
        [77.76256, 17.01472],
        [77.76221, 17.01439],
        [77.76163, 17.01383],
        [77.76092, 17.01315],
        [77.76085, 17.01308],
        [77.76088, 17.01287],
        [77.76108, 17.0119],
        [77.7613, 17.01081],
        [77.76136, 17.01066],
        [77.76137, 17.01045],
        [77.76139, 17.00968],
        [77.7614, 17.00938],
        [77.7614, 17.00937],
        [77.76139, 17.00921],
        [77.76141, 17.00914],
        [77.76144, 17.00907],
        [77.76145, 17.00892],
        [77.76161, 17.00792],
        [77.76169, 17.00742],
        [77.76174, 17.00727],
        [77.76178, 17.00716],
        [77.7618, 17.00708],
        [77.76186, 17.00689],
        [77.76187, 17.00686],
        [77.76191, 17.00674],
        [77.76195, 17.00664],
        [77.76239, 17.0054],
        [77.76239, 17.00526],
        [77.76239, 17.00523],
        [77.76241, 17.0052],
        [77.76244, 17.00513],
        [77.76244, 17.0049],
        [77.76247, 17.00442],
        [77.7625, 17.00402],
        [77.76252, 17.00371],
        [77.76259, 17.00264],
        [77.76334, 17.00116],
        [77.76343, 17.00098],
        [77.76351, 17.00097],
        [77.76356, 17.00083],
        [77.76362, 17.00068],
        [77.76365, 17.00058],
        [77.76368, 17.00049],
        [77.76372, 17.00039],
        [77.76373, 17.00035],
        [77.76373, 17.00025],
        [77.76372, 17.00011],
        [77.76368, 16.99961],
        [77.76367, 16.9995],
        [77.76364, 16.99912],
        [77.76364, 16.99908],
        [77.7628, 16.99914],
        [77.76248, 16.99916],
        [77.76238, 16.99915],
        [77.76238, 16.99913],
        [77.76241, 16.999],
        [77.76242, 16.99874],
        [77.76245, 16.99863],
        [77.76244, 16.9984],
        [77.7623, 16.99831],
        [77.76227, 16.99826],
        [77.76195, 16.99777],
        [77.76192, 16.99772],
        [77.76176, 16.99739],
        [77.76173, 16.99732],
        [77.76169, 16.99714],
        [77.76168, 16.99703],
        [77.76164, 16.99672],
        [77.76163, 16.99665],
        [77.76161, 16.9965],
        [77.7616, 16.99649],
        [77.76091, 16.99597],
        [77.76053, 16.99545],
        [77.76047, 16.99536],
        [77.76038, 16.99526],
        [77.76034, 16.99522],
        [77.76029, 16.99516],
        [77.76026, 16.99512],
        [77.76023, 16.99508],
        [77.76014, 16.99498],
        [77.75985, 16.99487],
        [77.75974, 16.99479],
        [77.75951, 16.99464],
        [77.75932, 16.99451],
        [77.7592, 16.99448],
        [77.75908, 16.99438],
        [77.75906, 16.99436],
        [77.75903, 16.9943],
        [77.75899, 16.99423],
        [77.75885, 16.99396],
        [77.75883, 16.99382],
        [77.7584, 16.99337],
        [77.7583, 16.99325],
        [77.75807, 16.99302],
        [77.75808, 16.99298],
        [77.75809, 16.99292],
        [77.75811, 16.9927],
        [77.75813, 16.99264],
        [77.75814, 16.99257],
        [77.75812, 16.99242],
        [77.75774, 16.99132],
        [77.75756, 16.99075],
        [77.75753, 16.99058],
        [77.75756, 16.99038],
        [77.75735, 16.99022],
        [77.75724, 16.99013],
        [77.75712, 16.98914],
        [77.75713, 16.98898],
        [77.75709, 16.98883],
        [77.75703, 16.98855],
        [77.7569, 16.98766],
        [77.75677, 16.98678],
        [77.75676, 16.98671],
        [77.75673, 16.98657],
        [77.7567, 16.98641],
        [77.75666, 16.98634],
        [77.75662, 16.98627],
        [77.7566, 16.98624],
        [77.75617, 16.98561],
        [77.7566, 16.98568],
        [77.75677, 16.98567],
        [77.75704, 16.98557],
        [77.75752, 16.9854],
        [77.75765, 16.98536],
        [77.75779, 16.98522],
        [77.75841, 16.98453],
        [77.75867, 16.984],
        [77.75885, 16.9837],
        [77.75893, 16.98356],
        [77.75895, 16.98351],
        [77.75901, 16.9832],
        [77.75903, 16.98309],
        [77.75905, 16.98296],
        [77.75907, 16.98266],
        [77.75908, 16.98242],
        [77.75942, 16.98188],
        [77.75958, 16.98148],
        [77.75965, 16.98137],
        [77.75972, 16.98129],
        [77.7599, 16.98098],
        [77.76011, 16.98062],
        [77.76013, 16.98059],
        [77.76015, 16.98052],
        [77.76027, 16.98004],
        [77.76028, 16.98003],
        [77.76031, 16.97991],
        [77.76038, 16.97975],
        [77.76052, 16.97932],
        [77.76062, 16.97891],
        [77.76065, 16.97879],
        [77.7607, 16.97863],
        [77.76072, 16.97852],
        [77.76068, 16.97837],
        [77.76061, 16.97806],
        [77.76072, 16.97736],
        [77.76048, 16.97735],
        [77.76037, 16.97673],
        [77.76034, 16.97613],
        [77.76042, 16.97526],
        [77.76041, 16.97512],
        [77.76044, 16.97496],
        [77.76049, 16.97404],
        [77.76051, 16.97373],
        [77.76051, 16.97357],
        [77.76038, 16.97348],
        [77.76028, 16.97345],
        [77.75968, 16.97323],
        [77.75965, 16.97311],
        [77.75957, 16.97296],
        [77.75955, 16.97293],
        [77.75952, 16.97287],
        [77.75951, 16.97286],
        [77.75943, 16.97272],
        [77.75942, 16.9727],
        [77.75939, 16.97259],
        [77.75938, 16.97257],
        [77.75934, 16.97246],
        [77.75928, 16.97232],
        [77.75906, 16.97218],
        [77.75901, 16.97203],
        [77.75893, 16.97173],
        [77.75901, 16.97168],
        [77.75905, 16.97165],
        [77.75907, 16.97161],
        [77.75912, 16.97153],
        [77.75898, 16.97151],
        [77.75897, 16.97151],
        [77.75891, 16.9715],
        [77.75883, 16.97148],
        [77.75877, 16.97143],
        [77.75864, 16.97134],
        [77.75855, 16.97127],
        [77.7585, 16.97124],
        [77.75837, 16.97117],
        [77.75831, 16.97114],
        [77.75814, 16.97106],
        [77.75804, 16.97094],
        [77.75782, 16.97068],
        [77.75776, 16.97056],
        [77.75761, 16.9705],
        [77.75753, 16.97047],
        [77.75734, 16.9704],
        [77.75691, 16.97014],
        [77.75642, 16.96986],
        [77.75633, 16.96981],
        [77.75618, 16.9697],
        [77.75608, 16.96962],
        [77.75585, 16.96939],
        [77.75574, 16.96913],
        [77.75573, 16.96911],
        [77.75534, 16.96818],
        [77.75528, 16.96805],
        [77.75527, 16.96803],
        [77.75519, 16.96793],
        [77.75516, 16.96789],
        [77.75513, 16.96784],
        [77.75501, 16.96769],
        [77.75494, 16.9675],
        [77.75491, 16.96739],
        [77.75482, 16.96714],
        [77.75459, 16.96664],
        [77.75453, 16.96652],
        [77.75452, 16.96651],
        [77.75446, 16.96639],
        [77.75434, 16.96613],
        [77.75415, 16.96572],
        [77.75414, 16.9657],
        [77.75379, 16.96493],
        [77.75376, 16.96487],
        [77.75374, 16.96483],
        [77.75364, 16.96464],
        [77.75372, 16.96455],
        [77.75383, 16.96428],
        [77.75388, 16.96417],
        [77.75384, 16.96404],
        [77.75378, 16.96395],
        [77.75362, 16.96366],
        [77.75361, 16.96363],
        [77.75358, 16.96358],
        [77.75346, 16.96347],
        [77.75331, 16.96338],
        [77.7532, 16.96332],
        [77.7531, 16.96324],
        [77.75285, 16.963],
        [77.75276, 16.9629],
        [77.75266, 16.96279],
        [77.75255, 16.96268],
        [77.75245, 16.96258],
        [77.75241, 16.96249],
        [77.75235, 16.96236],
        [77.75207, 16.9617],
        [77.75166, 16.96096],
        [77.75156, 16.96081],
        [77.75152, 16.96074],
        [77.75148, 16.96066],
        [77.75148, 16.96064],
        [77.75142, 16.96052],
        [77.75141, 16.96046],
        [77.75139, 16.9604],
        [77.75136, 16.96032],
        [77.75133, 16.96022],
        [77.75125, 16.96008],
        [77.75118, 16.95995],
        [77.75126, 16.95977],
        [77.75068, 16.95934],
        [77.75038, 16.95867],
        [77.75023, 16.95807],
        [77.75014, 16.95777],
        [77.74984, 16.95731],
        [77.7498, 16.95664],
        [77.7498, 16.95651],
        [77.74979, 16.95591],
        [77.74946, 16.95591],
        [77.7488, 16.95562],
        [77.74833, 16.95494],
        [77.7483, 16.9549],
        [77.74822, 16.95479],
        [77.74795, 16.95448],
        [77.74812, 16.95419],
        [77.74833, 16.95423],
        [77.74875, 16.9543],
        [77.749, 16.95457],
        [77.74923, 16.95501],
        [77.7496, 16.9551],
        [77.75012, 16.95487],
        [77.75027, 16.95481],
        [77.75033, 16.95478],
        [77.75041, 16.95474],
        [77.75053, 16.95469],
        [77.75056, 16.95469],
        [77.75058, 16.95474],
        [77.75152, 16.9546],
        [77.75235, 16.95424],
        [77.75275, 16.95405],
        [77.75301, 16.95364],
        [77.75283, 16.9535],
        [77.75258, 16.95345],
        [77.75236, 16.95341],
        [77.75219, 16.95338],
        [77.75227, 16.95321],
        [77.75234, 16.95306],
        [77.75237, 16.95301],
        [77.75239, 16.95296],
        [77.75252, 16.95268],
        [77.75275, 16.95271],
        [77.75316, 16.95275],
        [77.75414, 16.95282],
        [77.75423, 16.95257],
        [77.75413, 16.95201],
        [77.75418, 16.95181],
        [77.75446, 16.95171],
        [77.75447, 16.95139],
        [77.75464, 16.95121],
        [77.75445, 16.95092],
        [77.7539, 16.95027],
        [77.7536, 16.94992],
        [77.75349, 16.94978],
        [77.75335, 16.94953],
        [77.75333, 16.94948],
        [77.75335, 16.94941],
        [77.75336, 16.94939],
        [77.75337, 16.94936],
        [77.7535, 16.94899],
        [77.75361, 16.9488],
        [77.75377, 16.94851],
        [77.75378, 16.9485],
        [77.75356, 16.94799],
        [77.75346, 16.94775],
        [77.75348, 16.94766],
        [77.75352, 16.94754],
        [77.75339, 16.94747],
        [77.75273, 16.94708],
        [77.75172, 16.94734],
        [77.75097, 16.94751],
        [77.75033, 16.94761],
        [77.75021, 16.94763],
        [77.74991, 16.94768],
        [77.74989, 16.94768],
        [77.74925, 16.94771],
        [77.74908, 16.94789],
        [77.74897, 16.94802],
        [77.74886, 16.94813],
        [77.74842, 16.94822],
        [77.74828, 16.94824],
        [77.74818, 16.94829],
        [77.74815, 16.94831],
        [77.74807, 16.94834],
        [77.74791, 16.94842],
        [77.74792, 16.94839],
        [77.74653, 16.94868],
        [77.74596, 16.94879],
        [77.74587, 16.9488],
        [77.74454, 16.94909],
        [77.74446, 16.9491],
        [77.74403, 16.9492],
        [77.74362, 16.94928],
        [77.74357, 16.94919],
        [77.74342, 16.94917],
        [77.74258, 16.94905],
        [77.74087, 16.94879],
        [77.73983, 16.94764],
        [77.73904, 16.94679],
        [77.7387, 16.94645],
        [77.73802, 16.94569],
        [77.73699, 16.94457],
        [77.73692, 16.94394],
        [77.7357, 16.94377],
        [77.73438, 16.94366],
        [77.7338, 16.94397],
        [77.73345, 16.94396],
        [77.73324, 16.94391],
        [77.73296, 16.94361],
        [77.73219, 16.94386],
        [77.73142, 16.94445],
        [77.73129, 16.94456],
        [77.73094, 16.94483],
        [77.73024, 16.94464],
        [77.73028, 16.9445],
        [77.73031, 16.94337],
        [77.73031, 16.94322],
        [77.7303, 16.94311],
        [77.72996, 16.93933],
        [77.7316, 16.9391],
        [77.73169, 16.93906],
        [77.7319, 16.93903],
        [77.73233, 16.93891],
        [77.73301, 16.93884],
        [77.73308, 16.93883],
        [77.73331, 16.93882],
        [77.73366, 16.93879],
        [77.73375, 16.93888],
        [77.73385, 16.93897],
        [77.73476, 16.93875],
        [77.73505, 16.93872],
        [77.73599, 16.93862],
        [77.73662, 16.93863],
        [77.73676, 16.93865],
        [77.7369, 16.93863],
        [77.73693, 16.93862],
        [77.73798, 16.93861],
        [77.73816, 16.9386],
        [77.73831, 16.93862],
        [77.73873, 16.93864],
        [77.7392, 16.93865],
        [77.7399, 16.93867],
        [77.74006, 16.93868],
        [77.7402, 16.93866],
        [77.74031, 16.93861],
        [77.74046, 16.93858],
        [77.7406, 16.93856],
        [77.74089, 16.93854],
        [77.74093, 16.93853],
        [77.74109, 16.93849],
        [77.74104, 16.93835],
        [77.74103, 16.93833],
        [77.74101, 16.93827],
        [77.74055, 16.93646],
        [77.74049, 16.93626],
        [77.74034, 16.93612],
        [77.74019, 16.93587],
        [77.73955, 16.9345],
        [77.73954, 16.93434],
        [77.73962, 16.93389],
        [77.73966, 16.93372],
        [77.73984, 16.93364],
        [77.7399, 16.93362],
        [77.74001, 16.93357],
        [77.74003, 16.93346],
        [77.74007, 16.93329],
        [77.7402, 16.93321],
        [77.74031, 16.93313],
        [77.74062, 16.93303],
        [77.74078, 16.93298],
        [77.74116, 16.93286],
        [77.74131, 16.93282],
        [77.74127, 16.93273],
        [77.74126, 16.93271],
        [77.74124, 16.93268],
        [77.74133, 16.93263],
        [77.74125, 16.93226],
        [77.74121, 16.93209],
        [77.74058, 16.93115],
        [77.74068, 16.93106],
        [77.74087, 16.93078],
        [77.74089, 16.93074],
        [77.74092, 16.93069],
        [77.74101, 16.93055],
        [77.74104, 16.93052],
        [77.74105, 16.93049],
        [77.74106, 16.93049],
        [77.74105, 16.93047],
        [77.74105, 16.93045],
        [77.74103, 16.93032],
        [77.74099, 16.93004],
        [77.74099, 16.92999],
        [77.74098, 16.9299],
        [77.741, 16.92983],
        [77.74102, 16.92978],
        [77.74137, 16.92867],
        [77.74129, 16.92848],
        [77.74112, 16.92738],
        [77.741, 16.92661],
        [77.74081, 16.9254],
        [77.74068, 16.92438],
        [77.74047, 16.92317],
        [77.74045, 16.92304],
        [77.74044, 16.92289],
        [77.74031, 16.92137],
        [77.74031, 16.92136],
        [77.7403, 16.92131],
        [77.74027, 16.92088],
        [77.74022, 16.92029],
        [77.7402, 16.91977],
        [77.7402, 16.91972],
        [77.7402, 16.91958],
        [77.74035, 16.91713],
        [77.74039, 16.9166],
        [77.7404, 16.91653],
        [77.74167, 16.91578],
        [77.7418, 16.91573],
        [77.74191, 16.91567],
        [77.74199, 16.91563],
        [77.74203, 16.91561],
        [77.74372, 16.91484],
        [77.74412, 16.91461],
        [77.74422, 16.91455],
        [77.74511, 16.9141],
        [77.74484, 16.91285],
        [77.74481, 16.9127],
        [77.74459, 16.91167],
        [77.7446, 16.91165],
        [77.74452, 16.91125],
        [77.74445, 16.91099],
        [77.74442, 16.9109],
        [77.74446, 16.91078],
        [77.7446, 16.9105],
        [77.74466, 16.91043],
        [77.74469, 16.91034],
        [77.74479, 16.91022],
        [77.74463, 16.91012],
        [77.74447, 16.91002],
        [77.74424, 16.90988],
        [77.74417, 16.90983],
        [77.74411, 16.90978],
        [77.74399, 16.90971],
        [77.74384, 16.90961],
        [77.74376, 16.90954],
        [77.74369, 16.90943],
        [77.7435, 16.90913],
        [77.7434, 16.90894],
        [77.74331, 16.90883],
        [77.74332, 16.90872],
        [77.74335, 16.90851],
        [77.7434, 16.90825],
        [77.74342, 16.90819],
        [77.74345, 16.90802],
        [77.74274, 16.90718],
        [77.74249, 16.90688],
        [77.74239, 16.90682],
        [77.74242, 16.90668],
        [77.74269, 16.90539],
        [77.74268, 16.9053],
        [77.74263, 16.90509],
        [77.74259, 16.90494],
        [77.74254, 16.90469],
        [77.74213, 16.9044],
        [77.74207, 16.90435],
        [77.74201, 16.9043],
        [77.74173, 16.90356],
        [77.74168, 16.90347],
        [77.74159, 16.90327],
        [77.74135, 16.90276],
        [77.74066, 16.90132],
        [77.74057, 16.90114],
        [77.7405, 16.90098],
        [77.74042, 16.90084],
        [77.74043, 16.90077],
        [77.74079, 16.89896],
        [77.7408, 16.89884],
        [77.7409, 16.89875],
        [77.74102, 16.89861],
        [77.74168, 16.8956],
        [77.74202, 16.89441],
        [77.7419, 16.89429],
        [77.74163, 16.89403],
        [77.74155, 16.89393],
        [77.74155, 16.89392],
        [77.74147, 16.8938],
        [77.73965, 16.89138],
        [77.73955, 16.89126],
        [77.73948, 16.89115],
        [77.73918, 16.89083],
        [77.73909, 16.89074],
        [77.73898, 16.89062],
        [77.73868, 16.8903],
        [77.7386, 16.89021],
        [77.73933, 16.88934],
        [77.73938, 16.8891],
        [77.73951, 16.88838],
        [77.73975, 16.88714],
        [77.73984, 16.88659],
        [77.73995, 16.88648],
        [77.74, 16.88642],
        [77.73994, 16.88631],
        [77.7397, 16.88585],
        [77.7398, 16.8857],
        [77.73991, 16.88554],
        [77.73997, 16.88546],
        [77.73993, 16.8853],
        [77.7399, 16.88514],
        [77.73986, 16.88495],
        [77.73988, 16.88421],
        [77.73901, 16.88314],
        [77.73902, 16.88295],
        [77.73904, 16.88245],
        [77.73904, 16.88242],
        [77.73883, 16.88215],
        [77.73878, 16.88208],
        [77.73871, 16.88199],
        [77.73837, 16.88173],
        [77.73812, 16.88141],
        [77.73807, 16.88142],
        [77.73786, 16.88143],
        [77.73781, 16.88143],
        [77.73779, 16.88136],
        [77.73775, 16.88132],
        [77.73771, 16.88129],
        [77.73647, 16.88036],
        [77.73635, 16.88022],
        [77.73624, 16.88014],
        [77.73527, 16.87929],
        [77.73516, 16.87919],
        [77.73503, 16.87908],
        [77.73478, 16.87887],
        [77.73433, 16.87842],
        [77.73374, 16.87793],
        [77.73358, 16.87782],
        [77.73347, 16.87769],
        [77.73295, 16.87719],
        [77.73233, 16.87659],
        [77.73266, 16.87656],
        [77.73258, 16.87643],
        [77.73254, 16.87628],
        [77.73199, 16.87502],
        [77.73162, 16.8735],
        [77.7318, 16.87292],
        [77.73216, 16.87183],
        [77.73245, 16.87088],
        [77.73289, 16.87035],
        [77.73299, 16.87024],
        [77.73302, 16.87019],
        [77.73322, 16.86997],
        [77.73333, 16.86976],
        [77.73392, 16.86839],
        [77.73467, 16.86666],
        [77.73473, 16.86653],
        [77.73483, 16.86628],
        [77.7352, 16.86531],
        [77.73533, 16.86497],
        [77.73532, 16.8647],
        [77.73531, 16.8646],
        [77.73512, 16.86399],
        [77.73493, 16.86342],
        [77.73482, 16.86307],
        [77.7348, 16.863],
        [77.73456, 16.86204],
        [77.73445, 16.86207],
        [77.73435, 16.86209],
        [77.73429, 16.86186],
        [77.73424, 16.86169],
        [77.73416, 16.86162],
        [77.73393, 16.86127],
        [77.73379, 16.86101],
        [77.73377, 16.86089],
        [77.73393, 16.86077],
        [77.73402, 16.86067],
        [77.734, 16.86056],
        [77.73375, 16.86006],
        [77.73341, 16.85987],
        [77.73322, 16.8597],
        [77.73353, 16.85945],
        [77.73377, 16.85926],
        [77.73415, 16.85896],
        [77.73412, 16.85894],
        [77.73358, 16.85869],
        [77.73349, 16.85864],
        [77.73294, 16.85841],
        [77.73231, 16.85816],
        [77.73218, 16.85811],
        [77.73201, 16.85804],
        [77.73188, 16.858],
        [77.7317, 16.85791],
        [77.73154, 16.85783],
        [77.7313, 16.85766],
        [77.73116, 16.85757],
        [77.73076, 16.85733],
        [77.73069, 16.85723],
        [77.73045, 16.85681],
        [77.73023, 16.85646],
        [77.73023, 16.85645],
        [77.73002, 16.85616],
        [77.72984, 16.85589],
        [77.72926, 16.85505],
        [77.72884, 16.85443],
        [77.72881, 16.85439],
        [77.72843, 16.85385],
        [77.72833, 16.8537],
        [77.72824, 16.85345],
        [77.72822, 16.85337],
        [77.72819, 16.85316],
        [77.72799, 16.85272],
        [77.72787, 16.85238],
        [77.72786, 16.8523],
        [77.72782, 16.85198],
        [77.72782, 16.85192],
        [77.72778, 16.8514],
        [77.72777, 16.8512],
        [77.72775, 16.85101],
        [77.72776, 16.85096],
        [77.72787, 16.8507],
        [77.72799, 16.85019],
        [77.72812, 16.84962],
        [77.72819, 16.84952],
        [77.72821, 16.84949],
        [77.72863, 16.84903],
        [77.72887, 16.84877],
        [77.72951, 16.84836],
        [77.72954, 16.84834],
        [77.72999, 16.84799],
        [77.73005, 16.84794],
        [77.73006, 16.84793],
        [77.73035, 16.84763],
        [77.73096, 16.84716],
        [77.73162, 16.84641],
        [77.73219, 16.84577],
        [77.73286, 16.84487],
        [77.73272, 16.84456],
        [77.73299, 16.8441],
        [77.73306, 16.84398],
        [77.73324, 16.84368],
        [77.73326, 16.84365],
        [77.73328, 16.84363],
        [77.73344, 16.84336],
        [77.73286, 16.84293],
        [77.73315, 16.84268],
        [77.73364, 16.84225],
        [77.73499, 16.8414],
        [77.73579, 16.84097],
        [77.73635, 16.84056],
        [77.73661, 16.84036],
        [77.7372, 16.84002],
        [77.7376, 16.83979],
        [77.73789, 16.83962],
        [77.73804, 16.83973],
        [77.73858, 16.83886],
        [77.73875, 16.83866],
        [77.73959, 16.83812],
        [77.73945, 16.83802],
        [77.73956, 16.83792],
        [77.73953, 16.83773],
        [77.73963, 16.83761],
        [77.73963, 16.8376],
        [77.73971, 16.83752],
        [77.73961, 16.8374],
        [77.73964, 16.83732],
        [77.73972, 16.83728],
        [77.73972, 16.83727],
        [77.73984, 16.83733],
        [77.74055, 16.83685],
        [77.74065, 16.83697],
        [77.74071, 16.83702],
        [77.74087, 16.8368],
        [77.74103, 16.83657],
        [77.74113, 16.83588],
        [77.74124, 16.83556],
        [77.74108, 16.83551],
        [77.74099, 16.83567],
        [77.74068, 16.83557],
        [77.74117, 16.83489],
        [77.74136, 16.83503],
        [77.74144, 16.83476],
        [77.74125, 16.83467],
        [77.74116, 16.83452],
        [77.74144, 16.83425],
        [77.7415, 16.83402],
        [77.74133, 16.83397],
        [77.74156, 16.83374],
        [77.74219, 16.83331],
        [77.74247, 16.83295],
        [77.74276, 16.8326],
        [77.74317, 16.83166],
        [77.74348, 16.83103],
        [77.74362, 16.83117],
        [77.74375, 16.83103],
        [77.74363, 16.8309],
        [77.74365, 16.83078],
        [77.74356, 16.83071],
        [77.74371, 16.83055],
        [77.7439, 16.83035],
        [77.74433, 16.82945],
        [77.74489, 16.82829],
        [77.74489, 16.8275],
        [77.74468, 16.82723],
        [77.74406, 16.8256],
        [77.74314, 16.82586],
        [77.74311, 16.82555],
        [77.74354, 16.82544],
        [77.74318, 16.82333],
        [77.74166, 16.82107],
        [77.73909, 16.81887],
        [77.73822, 16.81825],
        [77.73627, 16.81518],
        [77.73475, 16.81429],
        [77.73322, 16.81298],
        [77.73045, 16.81099],
        [77.73033, 16.81064],
        [77.73125, 16.80938],
        [77.73289, 16.80804],
        [77.73388, 16.80735],
        [77.73569, 16.80469],
        [77.73624, 16.80419],
        [77.7369, 16.80309],
        [77.73754, 16.80201],
        [77.73856, 16.80035],
        [77.7387, 16.80012],
        [77.73892, 16.79976],
        [77.73902, 16.79969],
        [77.73923, 16.79954],
        [77.73931, 16.79939],
        [77.73944, 16.79913],
        [77.73967, 16.79869],
        [77.7401, 16.79786],
        [77.74149, 16.79531],
        [77.74173, 16.79478],
        [77.74063, 16.79296],
        [77.74047, 16.7927],
        [77.74016, 16.79234],
        [77.73956, 16.79207],
        [77.73907, 16.79156],
        [77.73874, 16.79107],
        [77.73619, 16.7877],
        [77.73403, 16.78764],
        [77.73244, 16.78763],
        [77.73205, 16.78762],
        [77.73149, 16.78761],
        [77.72971, 16.78766],
        [77.72941, 16.78767],
        [77.72939, 16.78762],
        [77.72894, 16.78765],
        [77.72856, 16.78768],
        [77.72824, 16.78769],
        [77.72813, 16.78769],
        [77.72758, 16.78771],
        [77.72714, 16.78773],
        [77.72701, 16.78773],
        [77.72586, 16.78778],
        [77.7256, 16.78779],
        [77.72448, 16.7878],
        [77.72393, 16.78781],
        [77.72227, 16.78784],
        [77.72105, 16.79028],
        [77.72059, 16.79057],
        [77.72008, 16.79102],
        [77.71985, 16.7914],
        [77.71972, 16.79169],
        [77.7199, 16.79201],
        [77.71994, 16.79208],
        [77.71999, 16.79217],
        [77.71957, 16.79233],
        [77.71881, 16.79229],
        [77.7186, 16.79234],
        [77.71779, 16.79266],
        [77.71618, 16.79277],
        [77.71594, 16.79271],
        [77.7157, 16.79265],
        [77.71551, 16.79272],
        [77.7152, 16.79293],
        [77.71516, 16.79295],
        [77.71471, 16.79316],
        [77.71395, 16.79336],
        [77.71319, 16.79356],
        [77.71299, 16.79339],
        [77.70875, 16.78973],
        [77.70796, 16.78905],
        [77.70777, 16.78889],
        [77.70538, 16.78683],
        [77.70526, 16.78669],
        [77.70512, 16.78658],
        [77.70478, 16.78631],
        [77.70402, 16.78672],
        [77.70319, 16.78717],
        [77.7027, 16.78745],
        [77.70198, 16.78776],
        [77.70127, 16.788],
        [77.70099, 16.78808],
        [77.70086, 16.78818],
        [77.70049, 16.78866],
        [77.70047, 16.78868],
        [77.70014, 16.78898],
        [77.7, 16.78952],
        [77.69987, 16.78981],
        [77.69976, 16.78982],
        [77.69898, 16.78989],
        [77.69884, 16.78991],
        [77.69844, 16.79001],
        [77.6983, 16.7901],
        [77.69825, 16.79012],
        [77.69819, 16.79016],
        [77.69786, 16.79042],
        [77.696, 16.79184],
        [77.69572, 16.79205],
        [77.69564, 16.79211],
        [77.69368, 16.79351],
        [77.69295, 16.79362],
        [77.69298, 16.79302],
        [77.69301, 16.79293],
        [77.69286, 16.79287],
        [77.69107, 16.7924],
        [77.69095, 16.79238],
        [77.69084, 16.79232],
        [77.69036, 16.7922],
        [77.69026, 16.79222],
        [77.69011, 16.79213],
        [77.68859, 16.79177],
        [77.68792, 16.79175],
        [77.68759, 16.79174],
        [77.68757, 16.79174],
        [77.68719, 16.79173],
        [77.68453, 16.79169],
        [77.68395, 16.79168],
        [77.68351, 16.79168],
        [77.68194, 16.79182],
        [77.68186, 16.79183],
        [77.6818, 16.79196],
        [77.68027, 16.79209],
        [77.67973, 16.79005],
        [77.6797, 16.78913],
        [77.67929, 16.78705],
        [77.67981, 16.78481],
        [77.67924, 16.78095],
        [77.67946, 16.77984],
        [77.67951, 16.77866],
        [77.67748, 16.77484],
        [77.67565, 16.7751],
        [77.67565, 16.7759],
        [77.67193, 16.7747],
        [77.66465, 16.77489],
        [77.66316, 16.77634],
        [77.66159, 16.77803],
        [77.65975, 16.77991],
        [77.65792, 16.78267],
        [77.65755, 16.78328],
        [77.65731, 16.78381],
        [77.65681, 16.78435],
        [77.65635, 16.78489],
        [77.65471, 16.78686],
        [77.65466, 16.78692],
        [77.65435, 16.78734],
        [77.65412, 16.78764],
        [77.65322, 16.78942],
        [77.65276, 16.79047],
        [77.65248, 16.79155],
        [77.65215, 16.7922],
        [77.65081, 16.79445],
        [77.6508, 16.79451],
        [77.65061, 16.79616],
        [77.65083, 16.79721],
        [77.65105, 16.79793],
        [77.65079, 16.79848],
        [77.65023, 16.79792],
        [77.65015, 16.79792],
        [77.64916, 16.79782],
        [77.64909, 16.79782],
        [77.6486, 16.79807],
        [77.64819, 16.79835],
        [77.64809, 16.79831],
        [77.64779, 16.79817],
        [77.64738, 16.79791],
        [77.64694, 16.79779],
        [77.64685, 16.79776],
        [77.64649, 16.79804],
        [77.64647, 16.7981],
        [77.64622, 16.79894],
        [77.64574, 16.79894],
        [77.64521, 16.79893],
        [77.64495, 16.79873],
        [77.64492, 16.79873],
        [77.64428, 16.79862],
        [77.64418, 16.79868],
        [77.64365, 16.79864],
        [77.64304, 16.79861],
        [77.64227, 16.79856],
        [77.64187, 16.79781],
        [77.64176, 16.79759],
        [77.64128, 16.79737],
        [77.6408, 16.7974],
        [77.64065, 16.79756],
        [77.64053, 16.79758],
        [77.64002, 16.79818],
        [77.63987, 16.79835],
        [77.63933, 16.79801],
        [77.63952, 16.79712],
        [77.63954, 16.79703],
        [77.63922, 16.79677],
        [77.63896, 16.79658],
        [77.63868, 16.7962],
        [77.63841, 16.79582],
        [77.63783, 16.79504],
        [77.63778, 16.79504],
        [77.63757, 16.79509],
        [77.63645, 16.79536],
        [77.63603, 16.79551],
        [77.63574, 16.79566],
        [77.63526, 16.79549],
        [77.63519, 16.79547],
        [77.6347, 16.7956],
        [77.63379, 16.79607],
        [77.63366, 16.79632],
        [77.63352, 16.79621],
        [77.63322, 16.79592],
        [77.63316, 16.79583],
        [77.63315, 16.79577],
        [77.63282, 16.79549],
        [77.63234, 16.79465],
        [77.63213, 16.79429],
        [77.63201, 16.79411],
        [77.63154, 16.79377],
        [77.63144, 16.7937],
        [77.63109, 16.79346],
        [77.63065, 16.79362],
        [77.62981, 16.79399],
        [77.62973, 16.79402],
        [77.62858, 16.79378],
        [77.62842, 16.79373],
        [77.6283, 16.79363],
        [77.62793, 16.79326],
        [77.62779, 16.79337],
        [77.62742, 16.79376],
        [77.62665, 16.79246],
        [77.62635, 16.79195],
        [77.62626, 16.7918],
        [77.62619, 16.79167],
        [77.6259, 16.79123],
        [77.62586, 16.79118],
        [77.6254, 16.79053],
        [77.62537, 16.79028],
        [77.62497, 16.79042],
        [77.62489, 16.79025],
        [77.62484, 16.79016],
        [77.62472, 16.7901],
        [77.62416, 16.78991],
        [77.6238, 16.78909],
        [77.62379, 16.78864],
        [77.62312, 16.7885],
        [77.62287, 16.78813],
        [77.62265, 16.78799],
        [77.62253, 16.78791],
        [77.62238, 16.78783],
        [77.62173, 16.78737],
        [77.62079, 16.78685],
        [77.62049, 16.78669],
        [77.61973, 16.78626],
        [77.61946, 16.78607],
        [77.61934, 16.786],
        [77.6192, 16.78594],
        [77.61814, 16.78517],
        [77.61791, 16.78513],
        [77.61765, 16.78508],
        [77.61743, 16.78479],
        [77.61734, 16.78467],
        [77.61729, 16.78445],
        [77.61723, 16.78413],
        [77.61638, 16.78302],
        [77.61629, 16.78259],
        [77.61621, 16.78226],
        [77.61603, 16.78227],
        [77.61548, 16.78231],
        [77.61422, 16.78234],
        [77.61289, 16.78236],
        [77.61261, 16.78236],
        [77.61229, 16.78217],
        [77.61207, 16.78227],
        [77.61185, 16.78203],
        [77.61117, 16.78197],
        [77.61053, 16.782],
        [77.60859, 16.78206],
        [77.60844, 16.78207],
        [77.60786, 16.78203],
        [77.60772, 16.78202],
        [77.60754, 16.782],
        [77.60594, 16.78206],
        [77.60521, 16.78246],
        [77.60497, 16.78261],
        [77.60437, 16.7835],
        [77.60429, 16.78383],
        [77.60419, 16.78471],
        [77.60414, 16.78519],
        [77.60412, 16.78534],
        [77.6041, 16.78542],
        [77.60408, 16.7855],
        [77.60408, 16.78564],
        [77.60402, 16.78578],
        [77.60408, 16.78587],
        [77.60416, 16.78603],
        [77.60416, 16.78635],
        [77.60416, 16.78667],
        [77.60417, 16.78671],
        [77.60417, 16.78692],
        [77.60427, 16.78725],
        [77.60418, 16.78777],
        [77.60401, 16.78896],
        [77.60347, 16.79022],
        [77.60329, 16.79061],
        [77.60324, 16.79065],
        [77.60301, 16.79083],
        [77.60257, 16.79191],
        [77.60243, 16.79217],
        [77.60225, 16.79257],
        [77.60206, 16.79334],
        [77.6019, 16.79365],
        [77.60159, 16.79424],
        [77.6013, 16.79479],
        [77.6009, 16.79503],
        [77.59984, 16.79501],
        [77.5998, 16.795],
        [77.59569, 16.7972],
        [77.59428, 16.79797],
        [77.58987, 16.80038],
        [77.58747, 16.80174],
        [77.58688, 16.80386],
        [77.58667, 16.80461],
        [77.5858, 16.8044],
        [77.58561, 16.80436],
        [77.5846, 16.80407],
        [77.58424, 16.80397],
        [77.58389, 16.80384],
        [77.58368, 16.80377],
        [77.583, 16.80352],
        [77.58284, 16.80347],
        [77.58046, 16.80261],
        [77.57868, 16.80198],
        [77.57776, 16.80165],
        [77.57723, 16.80137],
        [77.5772, 16.80142],
        [77.57627, 16.80323],
        [77.57588, 16.80401],
        [77.57567, 16.8044],
        [77.57558, 16.80458],
        [77.5755, 16.80475],
        [77.57541, 16.80497],
        [77.57527, 16.80528],
        [77.57522, 16.80542],
        [77.57515, 16.80555],
        [77.57349, 16.80862],
        [77.57342, 16.80872],
        [77.57343, 16.80894],
        [77.57341, 16.81199],
        [77.5734, 16.81308],
        [77.57338, 16.81318],
        [77.57337, 16.81332],
        [77.57331, 16.81413],
        [77.5733, 16.81421],
        [77.57325, 16.81486],
        [77.57323, 16.81497],
        [77.57321, 16.81509],
        [77.57321, 16.81512],
        [77.57306, 16.81679],
        [77.57304, 16.8169],
        [77.57303, 16.81693],
        [77.57297, 16.81703],
        [77.57295, 16.81707],
        [77.57188, 16.8188],
        [77.57177, 16.81892],
        [77.57173, 16.81906],
        [77.57167, 16.81917],
        [77.57141, 16.81973],
        [77.57085, 16.82096],
        [77.57078, 16.82109],
        [77.57065, 16.82104],
        [77.57049, 16.82099],
        [77.56936, 16.82063],
        [77.56905, 16.82053],
        [77.5689, 16.82047],
        [77.56868, 16.82072],
        [77.56796, 16.82141],
        [77.56771, 16.82162],
        [77.5667, 16.82246],
        [77.56636, 16.82274],
        [77.56561, 16.82336],
        [77.56549, 16.82345],
        [77.56548, 16.82359],
        [77.56547, 16.82415],
        [77.56544, 16.82494],
        [77.56543, 16.82518],
        [77.56539, 16.82533],
        [77.56538, 16.82539],
        [77.56539, 16.82541],
        [77.56544, 16.82551],
        [77.56545, 16.82555],
        [77.56548, 16.82562],
        [77.56568, 16.82673],
        [77.56578, 16.82726],
        [77.56583, 16.82756],
        [77.56654, 16.82898],
        [77.56671, 16.82931],
        [77.56686, 16.82961],
        [77.56699, 16.82987],
        [77.56716, 16.8302],
        [77.56788, 16.83108],
        [77.56847, 16.83187],
        [77.56861, 16.83208],
        [77.57013, 16.83423],
        [77.57021, 16.83431],
        [77.57067, 16.83482],
        [77.57156, 16.8358],
        [77.57205, 16.83663],
        [77.57284, 16.83669],
        [77.57406, 16.83648],
        [77.57425, 16.83645],
        [77.57461, 16.83616],
        [77.57489, 16.83608],
        [77.57529, 16.83599],
        [77.57542, 16.83596],
        [77.57581, 16.83585],
        [77.57608, 16.83563],
        [77.57604, 16.83503],
        [77.57628, 16.83476],
        [77.57824, 16.83604],
        [77.57799, 16.83719],
        [77.57852, 16.83902],
        [77.57914, 16.8391],
        [77.57987, 16.83904],
        [77.58009, 16.83855],
        [77.58045, 16.83769],
        [77.58128, 16.83779],
        [77.58169, 16.83785],
        [77.58259, 16.83779],
        [77.58284, 16.83769],
        [77.58304, 16.83786],
        [77.58331, 16.83773],
        [77.58366, 16.83769],
        [77.58394, 16.83781],
        [77.58422, 16.83788],
        [77.58475, 16.83802],
        [77.58478, 16.83917],
        [77.5848, 16.83993],
        [77.58527, 16.84025],
        [77.58603, 16.84082],
        [77.58635, 16.84103],
        [77.58637, 16.84104],
        [77.58738, 16.84207],
        [77.58805, 16.84289],
        [77.58954, 16.84469],
        [77.58997, 16.84522],
        [77.59206, 16.84772],
        [77.5922, 16.84789],
        [77.59224, 16.84794],
        [77.59222, 16.84794],
        [77.59141, 16.84814],
        [77.59055, 16.84835],
        [77.59006, 16.84847],
        [77.5897, 16.84894],
        [77.58935, 16.84938],
        [77.58911, 16.84968],
        [77.58897, 16.84987],
        [77.58873, 16.85017],
        [77.58865, 16.85026],
        [77.58842, 16.85052],
        [77.58804, 16.85094],
        [77.58775, 16.85127],
        [77.58718, 16.85191],
        [77.58666, 16.85237],
        [77.58663, 16.85239],
        [77.58594, 16.85301],
        [77.58298, 16.85531],
        [77.58127, 16.85671],
        [77.5812, 16.85677],
        [77.57984, 16.85624],
        [77.57883, 16.8559],
        [77.57873, 16.85588],
        [77.5777, 16.85561],
        [77.57624, 16.85522],
        [77.57619, 16.85521],
        [77.57354, 16.85474],
        [77.57249, 16.8549],
        [77.57213, 16.8566],
        [77.57213, 16.85666],
        [77.5718, 16.85811],
        [77.57167, 16.85835],
        [77.57062, 16.86026],
        [77.5703, 16.86121],
        [77.57002, 16.86148],
        [77.56996, 16.86259],
        [77.5699, 16.86308],
        [77.56933, 16.86459],
        [77.56904, 16.86588],
        [77.56887, 16.86671],
        [77.56859, 16.86787],
        [77.56758, 16.86977],
        [77.56747, 16.86999],
        [77.56709, 16.87073],
        [77.56699, 16.87091],
        [77.5668, 16.8712],
        [77.56641, 16.8718],
        [77.56655, 16.87203],
        [77.56677, 16.87243],
        [77.56681, 16.87247],
        [77.56707, 16.87292],
        [77.56708, 16.87294],
        [77.56727, 16.87327],
        [77.56707, 16.87321],
        [77.56701, 16.87337],
        [77.56682, 16.87388],
        [77.56684, 16.87395],
        [77.56693, 16.87427],
        [77.56732, 16.87461],
        [77.56743, 16.87471],
        [77.56785, 16.87508],
        [77.56804, 16.87525],
        [77.5671, 16.87586],
        [77.56686, 16.8777],
        [77.56683, 16.87795],
        [77.56656, 16.88013],
        [77.56647, 16.88015],
        [77.56642, 16.88016],
        [77.56632, 16.88017],
        [77.56594, 16.88022],
        [77.56541, 16.88023],
        [77.56509, 16.88024],
        [77.56581, 16.88224],
        [77.56606, 16.88274],
        [77.56607, 16.88278],
        [77.56595, 16.88306],
        [77.56611, 16.88347],
        [77.56632, 16.88406],
        [77.56636, 16.88416],
        [77.56637, 16.88452],
        [77.56639, 16.8849],
        [77.56617, 16.88489],
        [77.56527, 16.88486],
        [77.56482, 16.88497],
        [77.56473, 16.885],
        [77.56454, 16.88506],
        [77.56426, 16.88481],
        [77.56416, 16.88473],
        [77.56353, 16.88462],
        [77.56334, 16.88459],
        [77.56297, 16.88493],
        [77.56251, 16.88555],
        [77.56243, 16.88565],
        [77.56219, 16.88614],
        [77.56183, 16.88689],
        [77.56221, 16.88748],
        [77.56213, 16.88779],
        [77.56188, 16.88873],
        [77.56165, 16.88959],
        [77.56311, 16.89042],
        [77.56343, 16.89108],
        [77.56383, 16.89191],
        [77.56391, 16.89206],
        [77.56411, 16.89252],
        [77.5642, 16.89274],
        [77.56433, 16.89306],
        [77.56447, 16.8934],
        [77.56476, 16.89405],
        [77.56496, 16.89451],
        [77.56511, 16.89485],
        [77.56519, 16.89528],
        [77.56527, 16.89568],
        [77.56536, 16.89615],
        [77.56546, 16.89662],
        [77.56555, 16.89707],
        [77.56564, 16.89754],
        [77.56575, 16.8981],
        [77.56606, 16.89965],
        [77.56631, 16.90067],
        [77.56671, 16.90228],
        [77.56777, 16.90653],
        [77.56805, 16.90762],
        [77.56792, 16.90782],
        [77.56777, 16.90806],
        [77.56745, 16.90856],
        [77.56743, 16.9086],
        [77.5672, 16.90897],
        [77.56654, 16.91003],
        [77.56642, 16.91023],
        [77.56586, 16.91114],
        [77.56576, 16.9113],
        [77.56574, 16.91133],
        [77.56422, 16.90968],
        [77.56376, 16.90919],
        [77.5603, 16.90537],
        [77.56016, 16.90522],
        [77.55882, 16.90375],
        [77.55814, 16.903],
        [77.55798, 16.9027],
        [77.55772, 16.90219],
        [77.55748, 16.90172],
        [77.55749, 16.90156],
        [77.55709, 16.90172],
        [77.55406, 16.90296],
        [77.55387, 16.90304],
        [77.55379, 16.90309],
        [77.55297, 16.90368],
        [77.55238, 16.90494],
        [77.55221, 16.90506],
        [77.55161, 16.90545],
        [77.55157, 16.90546],
        [77.55135, 16.9055],
        [77.5511, 16.90554],
        [77.55105, 16.90555],
        [77.55011, 16.90625],
        [77.55007, 16.90628],
        [77.5496, 16.90661],
        [77.5494, 16.90665],
        [77.54879, 16.90677],
        [77.54824, 16.90683],
        [77.54802, 16.90702],
        [77.54801, 16.90716],
        [77.54798, 16.90759],
        [77.54756, 16.90829],
        [77.54738, 16.90858],
        [77.54736, 16.9087],
        [77.54721, 16.90936],
        [77.54719, 16.90946],
        [77.54718, 16.90952],
        [77.54684, 16.90978],
        [77.54681, 16.91006],
        [77.54675, 16.91049],
        [77.54674, 16.91053],
        [77.54668, 16.91066],
        [77.54665, 16.91084],
        [77.54661, 16.91112],
        [77.5466, 16.91115],
        [77.54624, 16.91144],
        [77.54621, 16.91147],
        [77.54612, 16.91159],
        [77.546, 16.91194],
        [77.54574, 16.91272],
        [77.54573, 16.91282],
        [77.54558, 16.91397],
        [77.54557, 16.91403],
        [77.54545, 16.91462],
        [77.54542, 16.91477],
        [77.54541, 16.9148],
        [77.54525, 16.91509],
        [77.54548, 16.9153],
        [77.54569, 16.91548],
        [77.54563, 16.91569],
        [77.54548, 16.91618],
        [77.54543, 16.91636],
        [77.54565, 16.91672],
        [77.54575, 16.91689],
        [77.54569, 16.9172],
        [77.54484, 16.91829],
        [77.5446, 16.91853],
        [77.54358, 16.91953],
        [77.54263, 16.92088],
        [77.54259, 16.92095],
        [77.54179, 16.92234],
        [77.54177, 16.92237],
        [77.54154, 16.92265],
        [77.54122, 16.92306],
        [77.54074, 16.92366],
        [77.54033, 16.92417],
        [77.5403, 16.92421],
        [77.53944, 16.92526],
        [77.53929, 16.92543],
        [77.53874, 16.92611],
        [77.53853, 16.92636],
        [77.53779, 16.92726],
        [77.53781, 16.92764],
        [77.53753, 16.92791],
        [77.5373, 16.9285],
        [77.53726, 16.92859],
        [77.537, 16.92913],
        [77.53661, 16.92993],
        [77.53691, 16.9303],
        [77.53706, 16.93048],
        [77.53703, 16.93056],
        [77.53697, 16.93072],
        [77.53695, 16.93078],
        [77.53691, 16.93089],
        [77.53624, 16.93094],
        [77.53618, 16.93093],
        [77.53609, 16.93091],
        [77.53557, 16.93081],
        [77.53542, 16.93077],
        [77.53517, 16.93083],
        [77.53482, 16.93091],
        [77.53431, 16.93102],
        [77.53381, 16.93113],
        [77.53337, 16.93166],
        [77.53334, 16.9317],
        [77.5333, 16.93175],
        [77.5332, 16.93186],
        [77.53254, 16.93165],
        [77.53221, 16.93155],
        [77.53217, 16.93153],
        [77.53186, 16.93143],
        [77.53163, 16.93128],
        [77.53158, 16.93124],
        [77.53137, 16.93109],
        [77.53079, 16.93065],
        [77.53069, 16.93058],
        [77.53067, 16.93056],
        [77.53057, 16.93048],
        [77.52932, 16.92947],
        [77.52857, 16.92886],
        [77.5285, 16.9288],
        [77.52829, 16.92862],
        [77.52702, 16.92764],
        [77.52632, 16.92708],
        [77.52497, 16.92601],
        [77.52486, 16.92611],
        [77.52474, 16.9262],
        [77.52352, 16.9271],
        [77.52343, 16.92716],
        [77.52331, 16.92724],
        [77.52194, 16.92847],
        [77.52183, 16.92854],
        [77.52175, 16.92861],
        [77.52089, 16.92927],
        [77.51975, 16.93017],
        [77.51964, 16.93023],
        [77.51958, 16.93035],
        [77.51956, 16.93038],
        [77.51938, 16.93058],
        [77.51928, 16.9307],
        [77.51915, 16.93086],
        [77.51901, 16.93102],
        [77.51882, 16.93123],
        [77.51866, 16.93142],
        [77.5185, 16.93159],
        [77.51835, 16.93177],
        [77.51816, 16.93198],
        [77.51786, 16.93232],
        [77.51756, 16.93265],
        [77.51749, 16.9329],
        [77.5168, 16.93441],
        [77.51672, 16.9346],
        [77.51672, 16.93477],
        [77.51666, 16.93496],
        [77.51657, 16.93578],
        [77.51654, 16.93607],
        [77.51655, 16.93623],
        [77.51662, 16.93643],
        [77.51679, 16.9367],
        [77.5188, 16.93996],
        [77.51888, 16.94011],
        [77.51899, 16.94031],
        [77.51906, 16.94046],
        [77.51921, 16.94077],
        [77.51934, 16.94111],
        [77.5195, 16.94148],
        [77.51959, 16.94161],
        [77.51965, 16.94176],
        [77.51979, 16.94211],
        [77.51993, 16.94245],
        [77.52004, 16.94273],
        [77.52018, 16.94309],
        [77.52032, 16.94343],
        [77.52046, 16.94379],
        [77.5206, 16.94415],
        [77.52066, 16.9443],
        [77.52073, 16.94443],
        [77.52084, 16.94452],
        [77.52206, 16.94551],
        [77.52338, 16.94658],
        [77.52354, 16.9467],
        [77.52362, 16.94686],
        [77.52372, 16.94708],
        [77.52383, 16.94732],
        [77.5239, 16.94747],
        [77.52394, 16.94763],
        [77.52456, 16.94868],
        [77.52465, 16.94885],
        [77.52459, 16.94886],
        [77.52444, 16.94887],
        [77.52326, 16.9488],
        [77.5228, 16.94878],
        [77.52262, 16.94876],
        [77.52242, 16.94877],
        [77.52126, 16.94872],
        [77.51888, 16.94861],
        [77.51747, 16.94875],
        [77.517, 16.9488],
        [77.51681, 16.94882],
        [77.51676, 16.94882],
        [77.51521, 16.94908],
        [77.51491, 16.94914],
        [77.51477, 16.94917],
        [77.51367, 16.94936],
        [77.51174, 16.94984],
        [77.51102, 16.95002],
        [77.51086, 16.95005],
        [77.51069, 16.95011],
        [77.51034, 16.95017],
        [77.50853, 16.95045],
        [77.50839, 16.95047],
        [77.50806, 16.95056],
        [77.5077, 16.95066],
        [77.50752, 16.95064],
        [77.50728, 16.95062],
        [77.50691, 16.95058],
        [77.50686, 16.95057],
        [77.50678, 16.95054],
        [77.50654, 16.95046],
        [77.50544, 16.95009],
        [77.50505, 16.9501],
        [77.50345, 16.95018],
        [77.5033, 16.95017],
        [77.50319, 16.95017],
        [77.50282, 16.95019],
        [77.50184, 16.95022],
        [77.50166, 16.95021],
        [77.50122, 16.95025],
        [77.49993, 16.95035],
        [77.49946, 16.95038],
        [77.49859, 16.95094],
        [77.49646, 16.95107],
        [77.49639, 16.95108],
        [77.49536, 16.95125],
        [77.49519, 16.95128],
        [77.49406, 16.952],
        [77.4935, 16.95206],
        [77.49197, 16.95225],
        [77.49186, 16.95226],
        [77.49182, 16.95227],
        [77.49177, 16.95227],
        [77.49162, 16.95227],
        [77.49154, 16.95226],
        [77.49132, 16.95225],
        [77.49079, 16.95223],
        [77.49006, 16.95219],
        [77.48956, 16.95222],
        [77.48744, 16.95236],
        [77.48729, 16.95237],
        [77.48722, 16.95237],
        [77.48706, 16.95239],
        [77.48668, 16.95243],
        [77.48589, 16.95237],
        [77.48489, 16.9523],
        [77.48413, 16.95243],
        [77.48236, 16.95273],
        [77.48229, 16.95274],
        [77.48059, 16.95311],
        [77.47962, 16.95344],
        [77.47834, 16.95387],
        [77.47727, 16.95444],
        [77.47436, 16.95598],
        [77.47394, 16.957],
        [77.47376, 16.95741],
        [77.47261, 16.95785],
        [77.4815, 16.9707],
        [77.48144, 16.97144],
        [77.47981, 16.99322],
        [77.4796, 16.996]
      ]
    ]
  }
}
