{
  "type": "Feature",
  "id": "TS-AC-68",
  "properties": {
    "stateName": "TELANGANA",
    "stateCode": "TS",
    "districtName": "MAHABUBNAGAR",
    "acNo": 68,
    "acName": "KALWAKURTHY",
    "seatType": null,
    "pcNo": null,
    "pcName": null,
    "quality": "unverified",
    "sources": [
      "TBD"
    ]
  },
  "geometry": {
    "type": "Polygon",
    "coordinates": [
      [
        [78.56107, 16.98156],
        [78.56221, 16.98007],
        [78.56399, 16.97764],
        [78.56916, 16.96729],
        [78.56922, 16.96718],
        [78.56935, 16.96691],
        [78.56942, 16.96641],
        [78.56952, 16.96566],
        [78.57035, 16.96476],
        [78.57047, 16.96456],
        [78.57115, 16.96344],
        [78.57266, 16.9603],
        [78.58855, 16.95212],
        [78.59256, 16.95428],
        [78.59292, 16.95448],
        [78.59879, 16.95764],
        [78.60314, 16.96004],
        [78.60843, 16.9631],
        [78.61153, 16.96484],
        [78.61303, 16.96442],
        [78.61328, 16.96438],
        [78.62013, 16.96335],
        [78.62803, 16.96226],
        [78.63419, 16.96142],
        [78.63852, 16.9616],
        [78.64157, 16.96056],
        [78.64512, 16.96045],
        [78.649, 16.96046],
        [78.65233, 16.96167],
        [78.65326, 16.962],
        [78.65397, 16.96223],
        [78.65418, 16.96194],
        [78.65361, 16.96072],
        [78.6536, 16.96058],
        [78.65358, 16.96011],
        [78.65348, 16.95979],
        [78.65327, 16.95926],
        [78.64886, 16.95651],
        [78.64911, 16.95631],
        [78.65254, 16.95344],
        [78.65799, 16.94889],
        [78.66023, 16.94724],
        [78.66112, 16.94658],
        [78.66172, 16.94646],
        [78.66355, 16.94603],
        [78.66592, 16.94539],
        [78.66727, 16.94449],
        [78.67172, 16.9415],
        [78.67272, 16.941],
        [78.67697, 16.93895],
        [78.67713, 16.93886],
        [78.67792, 16.93838],
        [78.67815, 16.93829],
        [78.67832, 16.93821],
        [78.68245, 16.93618],
        [78.68407, 16.93478],
        [78.68542, 16.93371],
        [78.68582, 16.9341],
        [78.68591, 16.9342],
        [78.68601, 16.93427],
        [78.68599, 16.93409],
        [78.68712, 16.93375],
        [78.68724, 16.93372],
        [78.68794, 16.93347],
        [78.68901, 16.93311],
        [78.68907, 16.93309],
        [78.69022, 16.93272],
        [78.69027, 16.9327],
        [78.69037, 16.93267],
        [78.69046, 16.93264],
        [78.69072, 16.93302],
        [78.69096, 16.93336],
        [78.69322, 16.93409],
        [78.69327, 16.93411],
        [78.69346, 16.93417],
        [78.69361, 16.93428],
        [78.69374, 16.93441],
        [78.69435, 16.93488],
        [78.69449, 16.93499],
        [78.69474, 16.93522],
        [78.69486, 16.93535],
        [78.69505, 16.93554],
        [78.69548, 16.93602],
        [78.69662, 16.93588],
        [78.69668, 16.93587],
        [78.69798, 16.93571],
        [78.69859, 16.93558],
        [78.69952, 16.93549],
        [78.70005, 16.93543],
        [78.70065, 16.93536],
        [78.70145, 16.93527],
        [78.70146, 16.93527],
        [78.7026, 16.93509],
        [78.70328, 16.93506],
        [78.70499, 16.93482],
        [78.70535, 16.93477],
        [78.7068, 16.93468],
        [78.70702, 16.93466],
        [78.70773, 16.93462],
        [78.70778, 16.93461],
        [78.70791, 16.93453],
        [78.70769, 16.93418],
        [78.70763, 16.93395],
        [78.70706, 16.93184],
        [78.70705, 16.93178],
        [78.707, 16.93161],
        [78.70697, 16.93149],
        [78.70681, 16.93089],
        [78.70669, 16.93044],
        [78.70646, 16.9296],
        [78.70634, 16.92915],
        [78.70619, 16.92857],
        [78.70618, 16.92852],
        [78.70614, 16.92841],
        [78.70603, 16.92797],
        [78.70616, 16.92801],
        [78.70648, 16.92812],
        [78.7066, 16.92816],
        [78.70671, 16.92821],
        [78.70771, 16.92861],
        [78.70779, 16.92864],
        [78.70799, 16.92872],
        [78.70807, 16.92875],
        [78.70817, 16.92879],
        [78.70826, 16.92879],
        [78.70966, 16.92838],
        [78.71152, 16.92784],
        [78.71162, 16.92782],
        [78.71175, 16.92777],
        [78.71203, 16.9277],
        [78.71283, 16.92752],
        [78.71294, 16.92749],
        [78.71309, 16.92745],
        [78.71324, 16.92742],
        [78.71336, 16.92743],
        [78.71362, 16.92745],
        [78.71374, 16.92746],
        [78.71379, 16.92746],
        [78.71385, 16.92747],
        [78.71415, 16.92749],
        [78.71431, 16.9275],
        [78.71442, 16.92771],
        [78.71444, 16.92775],
        [78.71454, 16.92779],
        [78.71462, 16.92778],
        [78.71463, 16.92778],
        [78.7151, 16.92778],
        [78.71527, 16.92778],
        [78.71566, 16.92778],
        [78.71632, 16.92778],
        [78.71644, 16.92778],
        [78.71646, 16.92778],
        [78.71647, 16.92778],
        [78.71662, 16.92778],
        [78.71676, 16.92779],
        [78.71903, 16.92772],
        [78.71956, 16.9277],
        [78.72191, 16.92674],
        [78.72252, 16.92643],
        [78.72453, 16.9254],
        [78.72467, 16.92535],
        [78.72477, 16.92529],
        [78.72485, 16.92524],
        [78.72499, 16.92516],
        [78.72506, 16.92511],
        [78.72518, 16.92506],
        [78.72534, 16.92511],
        [78.72543, 16.92507],
        [78.72572, 16.92493],
        [78.72744, 16.92412],
        [78.72768, 16.924],
        [78.72777, 16.92396],
        [78.72787, 16.92389],
        [78.72816, 16.92373],
        [78.72841, 16.92347],
        [78.72847, 16.92339],
        [78.72856, 16.92333],
        [78.72874, 16.9232],
        [78.72885, 16.92313],
        [78.72896, 16.92311],
        [78.72915, 16.92304],
        [78.72922, 16.92301],
        [78.72933, 16.92297],
        [78.72946, 16.92292],
        [78.72959, 16.92289],
        [78.72971, 16.92287],
        [78.72996, 16.92284],
        [78.73022, 16.92281],
        [78.73034, 16.92279],
        [78.7305, 16.92278],
        [78.73104, 16.92271],
        [78.73112, 16.92269],
        [78.73125, 16.92272],
        [78.73134, 16.92273],
        [78.73223, 16.9229],
        [78.73226, 16.92276],
        [78.73236, 16.92225],
        [78.73241, 16.92214],
        [78.73262, 16.92173],
        [78.73384, 16.9211],
        [78.73396, 16.92108],
        [78.73405, 16.92101],
        [78.73436, 16.92082],
        [78.73434, 16.92075],
        [78.73433, 16.92069],
        [78.7343, 16.92056],
        [78.73432, 16.92052],
        [78.73438, 16.92044],
        [78.73447, 16.92031],
        [78.73476, 16.91993],
        [78.73482, 16.91978],
        [78.73494, 16.91974],
        [78.73679, 16.91938],
        [78.73702, 16.91933],
        [78.73715, 16.91929],
        [78.7373, 16.91927],
        [78.73801, 16.91901],
        [78.73866, 16.9187],
        [78.73887, 16.91867],
        [78.73902, 16.91868],
        [78.73912, 16.91868],
        [78.73959, 16.91863],
        [78.74019, 16.91831],
        [78.74041, 16.9182],
        [78.74052, 16.91811],
        [78.7406, 16.91808],
        [78.74069, 16.91803],
        [78.7408, 16.91796],
        [78.74095, 16.91789],
        [78.741, 16.91787],
        [78.74294, 16.91685],
        [78.74306, 16.91674],
        [78.74299, 16.91663],
        [78.74292, 16.91641],
        [78.743, 16.91629],
        [78.7435, 16.91592],
        [78.74362, 16.91584],
        [78.74466, 16.91508],
        [78.74516, 16.91473],
        [78.74515, 16.91458],
        [78.74515, 16.91457],
        [78.74498, 16.91311],
        [78.74497, 16.91304],
        [78.74496, 16.91298],
        [78.74492, 16.91289],
        [78.74488, 16.91279],
        [78.74502, 16.91228],
        [78.74505, 16.91214],
        [78.74491, 16.91199],
        [78.74484, 16.91193],
        [78.74481, 16.91188],
        [78.74478, 16.91184],
        [78.74431, 16.91113],
        [78.7443, 16.91102],
        [78.74429, 16.91094],
        [78.74409, 16.91088],
        [78.74355, 16.91089],
        [78.74316, 16.9109],
        [78.74297, 16.9109],
        [78.74289, 16.9109],
        [78.74276, 16.91091],
        [78.74254, 16.91079],
        [78.74235, 16.91069],
        [78.74232, 16.91067],
        [78.7422, 16.91062],
        [78.74199, 16.91027],
        [78.74198, 16.91025],
        [78.74152, 16.90951],
        [78.74139, 16.9093],
        [78.74129, 16.90915],
        [78.74122, 16.90902],
        [78.74115, 16.90889],
        [78.74091, 16.90861],
        [78.74083, 16.90854],
        [78.74071, 16.90837],
        [78.74014, 16.90774],
        [78.7401, 16.9077],
        [78.74009, 16.90768],
        [78.74003, 16.90764],
        [78.73999, 16.90753],
        [78.73997, 16.9075],
        [78.73988, 16.90734],
        [78.73943, 16.90653],
        [78.73934, 16.90642],
        [78.73926, 16.90634],
        [78.73914, 16.90624],
        [78.73899, 16.90611],
        [78.73894, 16.90607],
        [78.73856, 16.90574],
        [78.73846, 16.90565],
        [78.73826, 16.90555],
        [78.738, 16.90535],
        [78.73747, 16.90434],
        [78.73746, 16.90431],
        [78.73743, 16.90424],
        [78.73741, 16.9042],
        [78.73736, 16.90411],
        [78.73636, 16.9031],
        [78.73576, 16.90248],
        [78.7357, 16.90242],
        [78.73564, 16.90237],
        [78.73542, 16.90214],
        [78.73436, 16.90182],
        [78.73431, 16.90181],
        [78.73419, 16.90177],
        [78.73415, 16.90176],
        [78.73398, 16.90173],
        [78.73385, 16.90143],
        [78.73382, 16.90137],
        [78.7334, 16.90123],
        [78.73295, 16.90118],
        [78.73261, 16.90114],
        [78.7324, 16.90105],
        [78.73214, 16.90094],
        [78.73166, 16.90075],
        [78.7316, 16.90072],
        [78.73151, 16.90061],
        [78.73134, 16.90035],
        [78.73126, 16.90023],
        [78.7312, 16.90013],
        [78.73117, 16.90002],
        [78.73099, 16.89963],
        [78.73082, 16.89923],
        [78.73077, 16.89911],
        [78.73061, 16.89876],
        [78.73051, 16.89854],
        [78.73034, 16.89833],
        [78.73006, 16.89799],
        [78.7299, 16.89781],
        [78.72851, 16.89618],
        [78.72854, 16.89594],
        [78.7285, 16.89545],
        [78.72848, 16.89535],
        [78.72837, 16.89494],
        [78.72817, 16.8942],
        [78.72778, 16.89361],
        [78.72777, 16.89359],
        [78.72771, 16.89344],
        [78.72766, 16.89325],
        [78.72736, 16.89163],
        [78.72733, 16.89148],
        [78.72729, 16.89135],
        [78.72733, 16.89115],
        [78.72746, 16.88959],
        [78.72756, 16.88835],
        [78.72763, 16.88811],
        [78.72766, 16.88787],
        [78.72766, 16.88782],
        [78.72773, 16.88556],
        [78.72778, 16.88408],
        [78.72778, 16.88383],
        [78.72778, 16.88369],
        [78.72806, 16.88188],
        [78.72811, 16.88153],
        [78.72815, 16.88134],
        [78.72819, 16.88089],
        [78.72819, 16.88071],
        [78.72814, 16.8805],
        [78.72801, 16.87943],
        [78.72799, 16.87925],
        [78.72799, 16.87907],
        [78.72794, 16.87887],
        [78.72789, 16.87871],
        [78.72736, 16.87703],
        [78.72728, 16.87687],
        [78.72727, 16.87666],
        [78.72718, 16.87617],
        [78.72716, 16.87602],
        [78.7271, 16.87578],
        [78.7271, 16.87555],
        [78.7271, 16.87498],
        [78.7271, 16.87469],
        [78.7271, 16.8742],
        [78.72707, 16.87404],
        [78.72705, 16.87378],
        [78.72701, 16.87368],
        [78.72673, 16.87276],
        [78.72633, 16.87141],
        [78.72615, 16.87081],
        [78.72609, 16.87063],
        [78.72616, 16.87048],
        [78.72621, 16.87025],
        [78.72627, 16.87002],
        [78.72632, 16.86984],
        [78.72644, 16.86958],
        [78.72662, 16.86929],
        [78.72922, 16.86499],
        [78.72971, 16.86464],
        [78.73104, 16.86368],
        [78.73206, 16.86294],
        [78.73223, 16.86281],
        [78.73242, 16.8632],
        [78.73254, 16.86312],
        [78.73455, 16.86177],
        [78.73466, 16.86173],
        [78.73479, 16.86168],
        [78.73835, 16.86051],
        [78.73902, 16.86029],
        [78.73973, 16.86006],
        [78.73986, 16.86003],
        [78.74278, 16.85912],
        [78.74477, 16.85783],
        [78.74527, 16.8575],
        [78.74793, 16.85429],
        [78.74897, 16.85324],
        [78.74898, 16.85324],
        [78.74902, 16.8533],
        [78.74905, 16.85335],
        [78.74921, 16.8536],
        [78.74926, 16.85367],
        [78.74951, 16.85406],
        [78.7499, 16.8547],
        [78.75008, 16.85495],
        [78.75014, 16.85504],
        [78.75018, 16.85508],
        [78.75021, 16.85512],
        [78.7503, 16.85526],
        [78.75041, 16.85545],
        [78.75062, 16.85604],
        [78.75067, 16.85614],
        [78.75072, 16.85627],
        [78.75079, 16.85643],
        [78.75092, 16.85679],
        [78.75093, 16.85689],
        [78.75099, 16.85705],
        [78.7511, 16.85736],
        [78.75119, 16.85761],
        [78.75124, 16.85772],
        [78.75128, 16.85786],
        [78.75142, 16.85837],
        [78.75144, 16.85867],
        [78.75145, 16.85884],
        [78.75148, 16.8594],
        [78.75148, 16.85952],
        [78.75148, 16.85956],
        [78.7515, 16.85964],
        [78.75151, 16.85967],
        [78.75232, 16.86256],
        [78.75235, 16.86266],
        [78.75243, 16.86296],
        [78.75257, 16.86346],
        [78.75266, 16.8636],
        [78.75324, 16.86412],
        [78.75333, 16.86419],
        [78.75334, 16.8642],
        [78.75337, 16.86423],
        [78.75341, 16.86427],
        [78.75345, 16.8643],
        [78.75428, 16.86504],
        [78.75439, 16.8652],
        [78.75442, 16.86524],
        [78.7549, 16.86598],
        [78.75497, 16.86607],
        [78.75501, 16.86611],
        [78.75513, 16.86621],
        [78.75559, 16.8666],
        [78.75572, 16.86671],
        [78.75617, 16.8671],
        [78.75665, 16.86752],
        [78.75677, 16.86762],
        [78.75671, 16.86765],
        [78.75682, 16.86773],
        [78.75755, 16.86835],
        [78.75764, 16.86847],
        [78.75772, 16.8686],
        [78.75784, 16.86877],
        [78.75872, 16.87006],
        [78.75899, 16.87045],
        [78.75901, 16.87048],
        [78.7593, 16.87087],
        [78.75943, 16.87099],
        [78.75978, 16.87131],
        [78.76088, 16.87234],
        [78.76097, 16.87246],
        [78.76112, 16.87255],
        [78.76187, 16.87303],
        [78.76206, 16.87315],
        [78.76215, 16.87321],
        [78.76227, 16.87319],
        [78.76393, 16.87436],
        [78.76408, 16.87443],
        [78.76419, 16.87451],
        [78.76438, 16.87461],
        [78.76449, 16.87465],
        [78.76503, 16.87472],
        [78.76509, 16.87477],
        [78.76513, 16.8748],
        [78.76541, 16.87508],
        [78.76542, 16.87509],
        [78.76735, 16.87655],
        [78.7674, 16.87665],
        [78.76755, 16.87691],
        [78.76763, 16.877],
        [78.76772, 16.87714],
        [78.76847, 16.8785],
        [78.76856, 16.87862],
        [78.76868, 16.87877],
        [78.76876, 16.87891],
        [78.76979, 16.88071],
        [78.76982, 16.88075],
        [78.7699, 16.8809],
        [78.76995, 16.88102],
        [78.77003, 16.88112],
        [78.77033, 16.88149],
        [78.77038, 16.88139],
        [78.77132, 16.87955],
        [78.77289, 16.87787],
        [78.77332, 16.87742],
        [78.77315, 16.87726],
        [78.7733, 16.87716],
        [78.77422, 16.87596],
        [78.77426, 16.87591],
        [78.77468, 16.87535],
        [78.77507, 16.87483],
        [78.77512, 16.87476],
        [78.77527, 16.87456],
        [78.77551, 16.87423],
        [78.77626, 16.87323],
        [78.77627, 16.87322],
        [78.77641, 16.87303],
        [78.77669, 16.87265],
        [78.77708, 16.87233],
        [78.77767, 16.87184],
        [78.77806, 16.87152],
        [78.77849, 16.87117],
        [78.77856, 16.87107],
        [78.77873, 16.87084],
        [78.77945, 16.86983],
        [78.7795, 16.8697],
        [78.77956, 16.86963],
        [78.77962, 16.86955],
        [78.78016, 16.8686],
        [78.78055, 16.86921],
        [78.78104, 16.86826],
        [78.78077, 16.86804],
        [78.78076, 16.8679],
        [78.78076, 16.86763],
        [78.78076, 16.86762],
        [78.78075, 16.86662],
        [78.78074, 16.8659],
        [78.78074, 16.86493],
        [78.78071, 16.86477],
        [78.78093, 16.86274],
        [78.78098, 16.86225],
        [78.78098, 16.86223],
        [78.78109, 16.86118],
        [78.78108, 16.86021],
        [78.78108, 16.86011],
        [78.78081, 16.8593],
        [78.78062, 16.85873],
        [78.78044, 16.8585],
        [78.78014, 16.8581],
        [78.78012, 16.85807],
        [78.77953, 16.8573],
        [78.7795, 16.85726],
        [78.77929, 16.85576],
        [78.7793, 16.85559],
        [78.77938, 16.85446],
        [78.77952, 16.8543],
        [78.7795, 16.85396],
        [78.77957, 16.85374],
        [78.77956, 16.85371],
        [78.7795, 16.85348],
        [78.77945, 16.85328],
        [78.77927, 16.8525],
        [78.7792, 16.85224],
        [78.77904, 16.85181],
        [78.77889, 16.85143],
        [78.77897, 16.85118],
        [78.77934, 16.84985],
        [78.77875, 16.84838],
        [78.77863, 16.84808],
        [78.77828, 16.8474],
        [78.7782, 16.84724],
        [78.77812, 16.84709],
        [78.77781, 16.84648],
        [78.77771, 16.84629],
        [78.77767, 16.84626],
        [78.77682, 16.84536],
        [78.77664, 16.84484],
        [78.77659, 16.84467],
        [78.77652, 16.84447],
        [78.77649, 16.84436],
        [78.7764, 16.84421],
        [78.77661, 16.84414],
        [78.77679, 16.8441],
        [78.77843, 16.84355],
        [78.77857, 16.8435],
        [78.77872, 16.84343],
        [78.78001, 16.84305],
        [78.78045, 16.84292],
        [78.78256, 16.84231],
        [78.78269, 16.84227],
        [78.78282, 16.84227],
        [78.78326, 16.84216],
        [78.78506, 16.84173],
        [78.7853, 16.84167],
        [78.78583, 16.84153],
        [78.78616, 16.84145],
        [78.78666, 16.84135],
        [78.78668, 16.84135],
        [78.78685, 16.84133],
        [78.78694, 16.84125],
        [78.78733, 16.841],
        [78.78747, 16.8409],
        [78.78766, 16.84077],
        [78.78843, 16.84025],
        [78.78899, 16.83989],
        [78.78935, 16.83964],
        [78.78977, 16.83937],
        [78.7899, 16.83924],
        [78.78989, 16.83917],
        [78.78987, 16.83903],
        [78.78947, 16.838],
        [78.78946, 16.83796],
        [78.78933, 16.83765],
        [78.78883, 16.83643],
        [78.78871, 16.83608],
        [78.78847, 16.83541],
        [78.78825, 16.83458],
        [78.78817, 16.8343],
        [78.78801, 16.83376],
        [78.78783, 16.83316],
        [78.78742, 16.83165],
        [78.78754, 16.83164],
        [78.7894, 16.83116],
        [78.78946, 16.83113],
        [78.79028, 16.83082],
        [78.79046, 16.83075],
        [78.7906, 16.8307],
        [78.79081, 16.83064],
        [78.79155, 16.83043],
        [78.79192, 16.83033],
        [78.79292, 16.82995],
        [78.79298, 16.82993],
        [78.79311, 16.82988],
        [78.79327, 16.82981],
        [78.79346, 16.82975],
        [78.79366, 16.82969],
        [78.79475, 16.82937],
        [78.79497, 16.82931],
        [78.79517, 16.82925],
        [78.79533, 16.82915],
        [78.79638, 16.82869],
        [78.79655, 16.82857],
        [78.79679, 16.82851],
        [78.79782, 16.82818],
        [78.79789, 16.82815],
        [78.79905, 16.82762],
        [78.79919, 16.82754],
        [78.79938, 16.82742],
        [78.80023, 16.82699],
        [78.80031, 16.82696],
        [78.80045, 16.82689],
        [78.8006, 16.8268],
        [78.80095, 16.82658],
        [78.8011, 16.8265],
        [78.80129, 16.8264],
        [78.80211, 16.82609],
        [78.8022, 16.82605],
        [78.80231, 16.82601],
        [78.80224, 16.82584],
        [78.8017, 16.82393],
        [78.80166, 16.8238],
        [78.80165, 16.82367],
        [78.80165, 16.82365],
        [78.80163, 16.82336],
        [78.80156, 16.82255],
        [78.80154, 16.82222],
        [78.80152, 16.82201],
        [78.80153, 16.8219],
        [78.80153, 16.82187],
        [78.80152, 16.82146],
        [78.80152, 16.82142],
        [78.80152, 16.82127],
        [78.80152, 16.82115],
        [78.80151, 16.82104],
        [78.8015, 16.82044],
        [78.8015, 16.82015],
        [78.80148, 16.81947],
        [78.80152, 16.81926],
        [78.80148, 16.81913],
        [78.80141, 16.81862],
        [78.80136, 16.81817],
        [78.80133, 16.818],
        [78.80133, 16.8178],
        [78.80106, 16.81566],
        [78.80105, 16.81565],
        [78.80103, 16.81559],
        [78.80098, 16.81543],
        [78.80098, 16.81527],
        [78.80091, 16.8151],
        [78.80085, 16.81495],
        [78.8006, 16.8143],
        [78.8006, 16.81429],
        [78.80035, 16.81366],
        [78.80028, 16.8135],
        [78.80023, 16.81337],
        [78.80013, 16.813],
        [78.80012, 16.81297],
        [78.79959, 16.81178],
        [78.79958, 16.81177],
        [78.79949, 16.81157],
        [78.79912, 16.81064],
        [78.79907, 16.81048],
        [78.79898, 16.81033],
        [78.79886, 16.81003],
        [78.7988, 16.8099],
        [78.79872, 16.80986],
        [78.79842, 16.80935],
        [78.79785, 16.8083],
        [78.79778, 16.80817],
        [78.79775, 16.8081],
        [78.79766, 16.80791],
        [78.79361, 16.80813],
        [78.79344, 16.80814],
        [78.79338, 16.80803],
        [78.7929, 16.80665],
        [78.79286, 16.80654],
        [78.79281, 16.80648],
        [78.79274, 16.80634],
        [78.79246, 16.80561],
        [78.79245, 16.80559],
        [78.79221, 16.80487],
        [78.79217, 16.80476],
        [78.79211, 16.80458],
        [78.79205, 16.80438],
        [78.7919, 16.8039],
        [78.79182, 16.80368],
        [78.79142, 16.80239],
        [78.79143, 16.80221],
        [78.79146, 16.80209],
        [78.79182, 16.8007],
        [78.79183, 16.80061],
        [78.79187, 16.80046],
        [78.79205, 16.79969],
        [78.79208, 16.79957],
        [78.7921, 16.79946],
        [78.79228, 16.79843],
        [78.79229, 16.79835],
        [78.79232, 16.79823],
        [78.79245, 16.79768],
        [78.79256, 16.79722],
        [78.79258, 16.79704],
        [78.79263, 16.79659],
        [78.79264, 16.79656],
        [78.79265, 16.79646],
        [78.79268, 16.7962],
        [78.79269, 16.79606],
        [78.79273, 16.79571],
        [78.79277, 16.79535],
        [78.79285, 16.79466],
        [78.79286, 16.79456],
        [78.79291, 16.79414],
        [78.79293, 16.79398],
        [78.79307, 16.79272],
        [78.79307, 16.7927],
        [78.79308, 16.79262],
        [78.7931, 16.79247],
        [78.79311, 16.79239],
        [78.79315, 16.79227],
        [78.79321, 16.79209],
        [78.79327, 16.79191],
        [78.79328, 16.79187],
        [78.79331, 16.79179],
        [78.7933, 16.7917],
        [78.79329, 16.79167],
        [78.79329, 16.79162],
        [78.79327, 16.79153],
        [78.79314, 16.79053],
        [78.79238, 16.79051],
        [78.79256, 16.78995],
        [78.79332, 16.78889],
        [78.7942, 16.78764],
        [78.79461, 16.78726],
        [78.79502, 16.78571],
        [78.79508, 16.7856],
        [78.79515, 16.78556],
        [78.7951, 16.78541],
        [78.79451, 16.78374],
        [78.79442, 16.78315],
        [78.79391, 16.77987],
        [78.7938, 16.77885],
        [78.7935, 16.77768],
        [78.79326, 16.77687],
        [78.79314, 16.77682],
        [78.79268, 16.77593],
        [78.79234, 16.7751],
        [78.79234, 16.77508],
        [78.79192, 16.7736],
        [78.79175, 16.77342],
        [78.79164, 16.77331],
        [78.79022, 16.7727],
        [78.78994, 16.77258],
        [78.78942, 16.77236],
        [78.78721, 16.77214],
        [78.78491, 16.77212],
        [78.78386, 16.77214],
        [78.78307, 16.77216],
        [78.78223, 16.7721],
        [78.78135, 16.77204],
        [78.7787, 16.77185],
        [78.77624, 16.77172],
        [78.776, 16.77171],
        [78.77273, 16.77146],
        [78.77031, 16.77116],
        [78.76772, 16.77175],
        [78.76513, 16.77274],
        [78.7639, 16.77342],
        [78.76149, 16.77477],
        [78.7591, 16.77656],
        [78.75743, 16.77781],
        [78.75602, 16.77903],
        [78.75546, 16.77952],
        [78.75361, 16.77993],
        [78.75327, 16.78],
        [78.75303, 16.78],
        [78.75238, 16.77997],
        [78.7523, 16.77964],
        [78.75228, 16.77954],
        [78.75217, 16.77931],
        [78.75193, 16.77872],
        [78.75181, 16.77785],
        [78.75179, 16.77772],
        [78.75167, 16.7768],
        [78.75092, 16.77488],
        [78.75083, 16.77463],
        [78.75061, 16.77481],
        [78.74856, 16.77669],
        [78.7484, 16.77682],
        [78.74816, 16.77702],
        [78.74758, 16.77773],
        [78.74661, 16.77746],
        [78.74654, 16.77641],
        [78.74653, 16.77554],
        [78.74654, 16.7754],
        [78.74645, 16.77423],
        [78.74628, 16.7729],
        [78.74627, 16.77273],
        [78.74625, 16.77254],
        [78.74624, 16.77238],
        [78.74625, 16.7722],
        [78.74618, 16.77126],
        [78.74616, 16.77108],
        [78.74587, 16.7695],
        [78.74551, 16.76763],
        [78.7454, 16.76705],
        [78.74532, 16.76667],
        [78.74521, 16.76612],
        [78.7451, 16.76571],
        [78.74478, 16.76428],
        [78.74406, 16.76427],
        [78.744, 16.76392],
        [78.74399, 16.76375],
        [78.74391, 16.76356],
        [78.74333, 16.76185],
        [78.74307, 16.76157],
        [78.74299, 16.76143],
        [78.7422, 16.76019],
        [78.74209, 16.76003],
        [78.74202, 16.7598],
        [78.74147, 16.75752],
        [78.74123, 16.75621],
        [78.74118, 16.75596],
        [78.74117, 16.75596],
        [78.74048, 16.75599],
        [78.74022, 16.75599],
        [78.73994, 16.75606],
        [78.73933, 16.7558],
        [78.73919, 16.75572],
        [78.73918, 16.75571],
        [78.73787, 16.75505],
        [78.73711, 16.7547],
        [78.73684, 16.75469],
        [78.73675, 16.75467],
        [78.73632, 16.75458],
        [78.73613, 16.75447],
        [78.73602, 16.75447],
        [78.73591, 16.75444],
        [78.73586, 16.75443],
        [78.73585, 16.75442],
        [78.73578, 16.75424],
        [78.73564, 16.75422],
        [78.73543, 16.75416],
        [78.73542, 16.75426],
        [78.73524, 16.75429],
        [78.73274, 16.75477],
        [78.73206, 16.75478],
        [78.73168, 16.75478],
        [78.73143, 16.75491],
        [78.73061, 16.75523],
        [78.73018, 16.7554],
        [78.72965, 16.7556],
        [78.72964, 16.75561],
        [78.72943, 16.75554],
        [78.72942, 16.75553],
        [78.72935, 16.75559],
        [78.72931, 16.75561],
        [78.72921, 16.75569],
        [78.72923, 16.75573],
        [78.72925, 16.75578],
        [78.72929, 16.75585],
        [78.72924, 16.75589],
        [78.72921, 16.75591],
        [78.72908, 16.756],
        [78.72878, 16.75621],
        [78.72862, 16.75633],
        [78.72839, 16.75649],
        [78.72832, 16.75638],
        [78.72829, 16.75633],
        [78.72804, 16.75652],
        [78.72794, 16.75659],
        [78.7277, 16.75677],
        [78.7275, 16.75692],
        [78.72747, 16.75693],
        [78.72739, 16.75698],
        [78.72738, 16.75696],
        [78.72702, 16.75657],
        [78.72691, 16.75646],
        [78.72625, 16.75584],
        [78.72566, 16.75529],
        [78.7255, 16.75513],
        [78.72539, 16.75503],
        [78.72518, 16.75492],
        [78.72501, 16.7548],
        [78.72497, 16.75477],
        [78.7247, 16.75454],
        [78.72459, 16.75441],
        [78.72448, 16.75433],
        [78.72413, 16.75398],
        [78.72405, 16.75388],
        [78.72396, 16.7538],
        [78.72386, 16.75372],
        [78.72375, 16.75363],
        [78.72367, 16.75351],
        [78.7236, 16.75343],
        [78.72353, 16.75335],
        [78.72342, 16.75325],
        [78.72343, 16.75318],
        [78.72344, 16.75312],
        [78.72342, 16.75307],
        [78.72341, 16.753],
        [78.72336, 16.7529],
        [78.72339, 16.75284],
        [78.72335, 16.75272],
        [78.72332, 16.75262],
        [78.72332, 16.7526],
        [78.7233, 16.75245],
        [78.72319, 16.75209],
        [78.72303, 16.75152],
        [78.72302, 16.75149],
        [78.72299, 16.75137],
        [78.72297, 16.75131],
        [78.72295, 16.75124],
        [78.72277, 16.75059],
        [78.72269, 16.75044],
        [78.72268, 16.75044],
        [78.72256, 16.75044],
        [78.72253, 16.75044],
        [78.72246, 16.75044],
        [78.72234, 16.75044],
        [78.72222, 16.75044],
        [78.72206, 16.75045],
        [78.72184, 16.75043],
        [78.72129, 16.75082],
        [78.7208, 16.75116],
        [78.72066, 16.75125],
        [78.72049, 16.75132],
        [78.72039, 16.75132],
        [78.72028, 16.75132],
        [78.71923, 16.75174],
        [78.71902, 16.75179],
        [78.71883, 16.75182],
        [78.71874, 16.75185],
        [78.71797, 16.75215],
        [78.7178, 16.75218],
        [78.7176, 16.75226],
        [78.71755, 16.75227],
        [78.71728, 16.75234],
        [78.71725, 16.75234],
        [78.71723, 16.75235],
        [78.71707, 16.75239],
        [78.71686, 16.75244],
        [78.71657, 16.75251],
        [78.71582, 16.75271],
        [78.71557, 16.75278],
        [78.71543, 16.75283],
        [78.71533, 16.75287],
        [78.71522, 16.75292],
        [78.71505, 16.75298],
        [78.71474, 16.7531],
        [78.71459, 16.75314],
        [78.71455, 16.75315],
        [78.71453, 16.75316],
        [78.71449, 16.75319],
        [78.71435, 16.7533],
        [78.71417, 16.75344],
        [78.71407, 16.75351],
        [78.7139, 16.75364],
        [78.71325, 16.75414],
        [78.71146, 16.7555],
        [78.71141, 16.75554],
        [78.71124, 16.75568],
        [78.71123, 16.75568],
        [78.71108, 16.75579],
        [78.71024, 16.7563],
        [78.70922, 16.75693],
        [78.70919, 16.75695],
        [78.70888, 16.75714],
        [78.70844, 16.75741],
        [78.70842, 16.75741],
        [78.7083, 16.75745],
        [78.70828, 16.75746],
        [78.70816, 16.75721],
        [78.70811, 16.75707],
        [78.70791, 16.75657],
        [78.70729, 16.75502],
        [78.70723, 16.75486],
        [78.70717, 16.75472],
        [78.70717, 16.7547],
        [78.70715, 16.75457],
        [78.7067, 16.7536],
        [78.70667, 16.75353],
        [78.70639, 16.75293],
        [78.70621, 16.75254],
        [78.70614, 16.75239],
        [78.70611, 16.75227],
        [78.706, 16.75195],
        [78.70586, 16.75156],
        [78.70502, 16.75061],
        [78.705, 16.7506],
        [78.7049, 16.75052],
        [78.7048, 16.7504],
        [78.70447, 16.75008],
        [78.70352, 16.74916],
        [78.70346, 16.7491],
        [78.70312, 16.74882],
        [78.70286, 16.74859],
        [78.70276, 16.74855],
        [78.70266, 16.74845],
        [78.70212, 16.74792],
        [78.70077, 16.7466],
        [78.70049, 16.74632],
        [78.7004, 16.7462],
        [78.70029, 16.74612],
        [78.7002, 16.74603],
        [78.69877, 16.74481],
        [78.6985, 16.74457],
        [78.69814, 16.74423],
        [78.69802, 16.74411],
        [78.6977, 16.74381],
        [78.69767, 16.74378],
        [78.69766, 16.74377],
        [78.69714, 16.74329],
        [78.69713, 16.74328],
        [78.69576, 16.74191],
        [78.69537, 16.74152],
        [78.69442, 16.74059],
        [78.69381, 16.74],
        [78.69264, 16.73886],
        [78.69262, 16.73884],
        [78.69214, 16.73837],
        [78.69112, 16.73742],
        [78.69174, 16.73442],
        [78.69187, 16.73371],
        [78.69199, 16.7331],
        [78.69201, 16.7304],
        [78.69192, 16.73018],
        [78.69055, 16.72615],
        [78.68978, 16.7239],
        [78.68922, 16.72389],
        [78.68877, 16.72379],
        [78.68834, 16.72385],
        [78.68684, 16.72384],
        [78.68566, 16.72251],
        [78.68494, 16.72162],
        [78.68304, 16.7193],
        [78.68248, 16.71852],
        [78.68157, 16.71697],
        [78.68126, 16.71629],
        [78.68106, 16.7158],
        [78.68088, 16.71549],
        [78.6807, 16.71453],
        [78.68063, 16.71392],
        [78.68066, 16.71348],
        [78.68067, 16.71302],
        [78.68048, 16.71253],
        [78.68026, 16.71114],
        [78.68018, 16.70977],
        [78.67984, 16.70862],
        [78.67898, 16.70691],
        [78.67915, 16.70583],
        [78.6792, 16.70546],
        [78.67766, 16.70453],
        [78.67648, 16.70388],
        [78.6757, 16.70325],
        [78.67565, 16.70321],
        [78.67511, 16.70257],
        [78.67498, 16.70236],
        [78.67547, 16.70178],
        [78.67425, 16.70149],
        [78.67423, 16.70149],
        [78.6737, 16.70146],
        [78.67254, 16.70148],
        [78.67145, 16.7012],
        [78.67127, 16.70116],
        [78.66744, 16.69974],
        [78.66691, 16.69954],
        [78.66644, 16.69944],
        [78.66462, 16.69896],
        [78.66325, 16.69834],
        [78.66223, 16.69732],
        [78.65972, 16.69481],
        [78.65959, 16.69461],
        [78.6436, 16.69321],
        [78.64343, 16.69316],
        [78.64078, 16.69225],
        [78.63587, 16.68902],
        [78.63055, 16.68485],
        [78.62752, 16.68242],
        [78.62614, 16.68199],
        [78.6256, 16.68182],
        [78.62345, 16.68108],
        [78.62317, 16.68086],
        [78.62115, 16.67931],
        [78.62075, 16.679],
        [78.62064, 16.6789],
        [78.6193, 16.67784],
        [78.61854, 16.67725],
        [78.61834, 16.67709],
        [78.61823, 16.67699],
        [78.61819, 16.67692],
        [78.61791, 16.67627],
        [78.61786, 16.67615],
        [78.61785, 16.67603],
        [78.61776, 16.67459],
        [78.61775, 16.67445],
        [78.61763, 16.67443],
        [78.61753, 16.67441],
        [78.61753, 16.67428],
        [78.61756, 16.6739],
        [78.61763, 16.67291],
        [78.61773, 16.67276],
        [78.61794, 16.67244],
        [78.61799, 16.67234],
        [78.61794, 16.67223],
        [78.61752, 16.67136],
        [78.61761, 16.67098],
        [78.61724, 16.67052],
        [78.61713, 16.67039],
        [78.61705, 16.67028],
        [78.61696, 16.67016],
        [78.61667, 16.66975],
        [78.61624, 16.66911],
        [78.61615, 16.66899],
        [78.61604, 16.66889],
        [78.6149, 16.66783],
        [78.61473, 16.66777],
        [78.61458, 16.66773],
        [78.61452, 16.6676],
        [78.61419, 16.66671],
        [78.61403, 16.66627],
        [78.61618, 16.66558],
        [78.61665, 16.66556],
        [78.61919, 16.66547],
        [78.61956, 16.66553],
        [78.62036, 16.66628],
        [78.62049, 16.66677],
        [78.62229, 16.66668],
        [78.62232, 16.66668],
        [78.62416, 16.66672],
        [78.6243, 16.66634],
        [78.62496, 16.66465],
        [78.62496, 16.66464],
        [78.62503, 16.66408],
        [78.62465, 16.66401],
        [78.62424, 16.66394],
        [78.62422, 16.66367],
        [78.62417, 16.66314],
        [78.62415, 16.66289],
        [78.62413, 16.66262],
        [78.62385, 16.66127],
        [78.62373, 16.6607],
        [78.62352, 16.66044],
        [78.62134, 16.65971],
        [78.61921, 16.659],
        [78.61756, 16.65956],
        [78.61586, 16.65937],
        [78.61512, 16.65928],
        [78.61258, 16.65897],
        [78.61242, 16.65873],
        [78.61222, 16.65843],
        [78.61219, 16.65827],
        [78.61207, 16.65781],
        [78.61198, 16.65749],
        [78.61191, 16.65723],
        [78.61184, 16.65699],
        [78.61166, 16.65631],
        [78.61162, 16.65622],
        [78.6116, 16.6561],
        [78.61158, 16.6558],
        [78.61157, 16.65566],
        [78.61142, 16.65568],
        [78.60999, 16.65572],
        [78.60964, 16.65573],
        [78.60946, 16.65574],
        [78.60944, 16.6556],
        [78.60935, 16.65502],
        [78.60927, 16.65453],
        [78.6092, 16.65408],
        [78.60918, 16.65395],
        [78.6093, 16.65391],
        [78.61041, 16.65348],
        [78.61054, 16.65344],
        [78.61069, 16.65339],
        [78.61103, 16.6533],
        [78.61241, 16.65294],
        [78.61255, 16.6529],
        [78.61267, 16.65287],
        [78.6134, 16.65257],
        [78.6142, 16.65223],
        [78.61459, 16.65221],
        [78.61498, 16.65218],
        [78.61525, 16.65217],
        [78.61535, 16.65217],
        [78.6154, 16.65217],
        [78.61533, 16.65201],
        [78.61522, 16.65172],
        [78.61523, 16.65172],
        [78.61527, 16.65171],
        [78.61542, 16.65168],
        [78.61574, 16.65162],
        [78.61577, 16.65161],
        [78.616, 16.65156],
        [78.61592, 16.65133],
        [78.61588, 16.65121],
        [78.61584, 16.65109],
        [78.61627, 16.6507],
        [78.6163, 16.65056],
        [78.61669, 16.6487],
        [78.61672, 16.64852],
        [78.61676, 16.64824],
        [78.61681, 16.64795],
        [78.61682, 16.64787],
        [78.61683, 16.64783],
        [78.61686, 16.64738],
        [78.61687, 16.64725],
        [78.6169, 16.64713],
        [78.61694, 16.64692],
        [78.61698, 16.6468],
        [78.617, 16.64672],
        [78.61697, 16.6466],
        [78.61691, 16.64651],
        [78.61685, 16.64637],
        [78.61666, 16.64589],
        [78.61682, 16.64569],
        [78.61691, 16.64559],
        [78.6169, 16.64545],
        [78.61699, 16.64489],
        [78.61702, 16.64473],
        [78.61706, 16.64447],
        [78.61713, 16.64399],
        [78.6172, 16.64356],
        [78.61726, 16.64319],
        [78.61731, 16.64287],
        [78.61732, 16.64271],
        [78.61734, 16.64258],
        [78.61752, 16.64142],
        [78.61754, 16.64129],
        [78.61758, 16.64104],
        [78.61797, 16.63855],
        [78.61799, 16.63843],
        [78.61787, 16.63834],
        [78.61756, 16.63815],
        [78.61729, 16.63806],
        [78.61713, 16.63801],
        [78.6163, 16.63771],
        [78.61617, 16.6377],
        [78.61602, 16.63769],
        [78.61568, 16.63772],
        [78.61532, 16.63775],
        [78.61527, 16.63775],
        [78.61526, 16.63775],
        [78.6136, 16.63789],
        [78.6131, 16.63793],
        [78.61214, 16.638],
        [78.61196, 16.63801],
        [78.61181, 16.63801],
        [78.61095, 16.63794],
        [78.61082, 16.63793],
        [78.61067, 16.63793],
        [78.61041, 16.63796],
        [78.61016, 16.63799],
        [78.61007, 16.63796],
        [78.60844, 16.63747],
        [78.60827, 16.63741],
        [78.6081, 16.63736],
        [78.60652, 16.63693],
        [78.60636, 16.63689],
        [78.60635, 16.63674],
        [78.60627, 16.63632],
        [78.60623, 16.6361],
        [78.60619, 16.63589],
        [78.60611, 16.63569],
        [78.60603, 16.63544],
        [78.60538, 16.63357],
        [78.60533, 16.63343],
        [78.60522, 16.63353],
        [78.60387, 16.63464],
        [78.60301, 16.63535],
        [78.60205, 16.63617],
        [78.60186, 16.63633],
        [78.60171, 16.63639],
        [78.60148, 16.63648],
        [78.60045, 16.63688],
        [78.59987, 16.63711],
        [78.5997, 16.6372],
        [78.59957, 16.63727],
        [78.5987, 16.6377],
        [78.59857, 16.63776],
        [78.59844, 16.63781],
        [78.59802, 16.63801],
        [78.59787, 16.6381],
        [78.5977, 16.63825],
        [78.59717, 16.63878],
        [78.59619, 16.63975],
        [78.59608, 16.63986],
        [78.59595, 16.63987],
        [78.59567, 16.63992],
        [78.59433, 16.64015],
        [78.59417, 16.64018],
        [78.59403, 16.64029],
        [78.59229, 16.64163],
        [78.59219, 16.64169],
        [78.59209, 16.64174],
        [78.59187, 16.64184],
        [78.59122, 16.64215],
        [78.59107, 16.64221],
        [78.59095, 16.64224],
        [78.59076, 16.64227],
        [78.58959, 16.64248],
        [78.58942, 16.64251],
        [78.58932, 16.64264],
        [78.58904, 16.64298],
        [78.58745, 16.64493],
        [78.58732, 16.6451],
        [78.58723, 16.64521],
        [78.58711, 16.64538],
        [78.58616, 16.64664],
        [78.58607, 16.64678],
        [78.5861, 16.64689],
        [78.58616, 16.64709],
        [78.58621, 16.64762],
        [78.58629, 16.64849],
        [78.58632, 16.64882],
        [78.58637, 16.64931],
        [78.58637, 16.64939],
        [78.58638, 16.64949],
        [78.58637, 16.64959],
        [78.58636, 16.64963],
        [78.58606, 16.65071],
        [78.58573, 16.65134],
        [78.58562, 16.65156],
        [78.5856, 16.6516],
        [78.58555, 16.65173],
        [78.58555, 16.65174],
        [78.58554, 16.65185],
        [78.58551, 16.65202],
        [78.58543, 16.65259],
        [78.58543, 16.65267],
        [78.58547, 16.65352],
        [78.5855, 16.65368],
        [78.58553, 16.65382],
        [78.58555, 16.65395],
        [78.58558, 16.65424],
        [78.5856, 16.65438],
        [78.58561, 16.65452],
        [78.58567, 16.65526],
        [78.58574, 16.65608],
        [78.58583, 16.65707],
        [78.58584, 16.65716],
        [78.58584, 16.65722],
        [78.58587, 16.65736],
        [78.5859, 16.65764],
        [78.58578, 16.65777],
        [78.58576, 16.65779],
        [78.58567, 16.6579],
        [78.58559, 16.658],
        [78.58547, 16.65818],
        [78.5849, 16.65894],
        [78.58418, 16.65992],
        [78.58402, 16.66014],
        [78.58397, 16.66021],
        [78.58377, 16.66047],
        [78.58368, 16.66061],
        [78.58358, 16.66069],
        [78.58352, 16.66073],
        [78.58292, 16.6612],
        [78.58274, 16.66135],
        [78.58246, 16.66156],
        [78.58226, 16.66172],
        [78.58197, 16.66188],
        [78.58073, 16.66258],
        [78.58063, 16.66263],
        [78.58056, 16.66267],
        [78.58048, 16.66271],
        [78.57903, 16.66336],
        [78.57856, 16.66356],
        [78.57842, 16.66363],
        [78.57834, 16.66366],
        [78.57827, 16.66369],
        [78.57745, 16.66412],
        [78.57624, 16.66474],
        [78.57615, 16.66479],
        [78.57611, 16.66468],
        [78.57602, 16.66454],
        [78.57592, 16.66437],
        [78.57579, 16.66416],
        [78.57502, 16.66291],
        [78.57483, 16.66259],
        [78.57447, 16.66213],
        [78.57443, 16.66208],
        [78.57431, 16.66192],
        [78.57425, 16.66192],
        [78.57423, 16.66192],
        [78.57404, 16.66187],
        [78.57388, 16.66182],
        [78.57359, 16.66146],
        [78.57342, 16.66125],
        [78.57335, 16.66115],
        [78.57329, 16.66107],
        [78.57326, 16.66102],
        [78.57303, 16.66072],
        [78.57287, 16.66051],
        [78.57261, 16.66016],
        [78.57253, 16.66004],
        [78.57246, 16.65994],
        [78.57243, 16.6599],
        [78.57226, 16.65963],
        [78.57218, 16.65952],
        [78.57215, 16.65947],
        [78.57207, 16.65937],
        [78.572, 16.65929],
        [78.57168, 16.65891],
        [78.57046, 16.65857],
        [78.5701, 16.65865],
        [78.56996, 16.65865],
        [78.56987, 16.65857],
        [78.5694, 16.65779],
        [78.56938, 16.65777],
        [78.56921, 16.65723],
        [78.56879, 16.65697],
        [78.56857, 16.65684],
        [78.56849, 16.65678],
        [78.56839, 16.65674],
        [78.56829, 16.65664],
        [78.56814, 16.6565],
        [78.56722, 16.65563],
        [78.56709, 16.65555],
        [78.56693, 16.65537],
        [78.56697, 16.65525],
        [78.56698, 16.65522],
        [78.56704, 16.65493],
        [78.56711, 16.65466],
        [78.56722, 16.65423],
        [78.56724, 16.65421],
        [78.56725, 16.65419],
        [78.56721, 16.65418],
        [78.56718, 16.65416],
        [78.56716, 16.65416],
        [78.56713, 16.65414],
        [78.56708, 16.65411],
        [78.5664, 16.65366],
        [78.56548, 16.65304],
        [78.56541, 16.65298],
        [78.56539, 16.65297],
        [78.56535, 16.65293],
        [78.56533, 16.65292],
        [78.56526, 16.65286],
        [78.5651, 16.65277],
        [78.56497, 16.65268],
        [78.56406, 16.65213],
        [78.56401, 16.6521],
        [78.56389, 16.65202],
        [78.5638, 16.65197],
        [78.56353, 16.6518],
        [78.5625, 16.65117],
        [78.56236, 16.65109],
        [78.56233, 16.65107],
        [78.56222, 16.65101],
        [78.56128, 16.65053],
        [78.56113, 16.65044],
        [78.56103, 16.65039],
        [78.56005, 16.64977],
        [78.56001, 16.64975],
        [78.55969, 16.64954],
        [78.55954, 16.64944],
        [78.55852, 16.64909],
        [78.55762, 16.64892],
        [78.55688, 16.64818],
        [78.55676, 16.64812],
        [78.55492, 16.64726],
        [78.55478, 16.6472],
        [78.55467, 16.64715],
        [78.55327, 16.64663],
        [78.55316, 16.64661],
        [78.55313, 16.6466],
        [78.55313, 16.64659],
        [78.5531, 16.64658],
        [78.55308, 16.64657],
        [78.55291, 16.6465],
        [78.55213, 16.64617],
        [78.55159, 16.64594],
        [78.55156, 16.64592],
        [78.55136, 16.64579],
        [78.55024, 16.64508],
        [78.55013, 16.64503],
        [78.55012, 16.64502],
        [78.54994, 16.64494],
        [78.54842, 16.64413],
        [78.54716, 16.64413],
        [78.54715, 16.64414],
        [78.54709, 16.64401],
        [78.54681, 16.64356],
        [78.54673, 16.64339],
        [78.54595, 16.64181],
        [78.54521, 16.64032],
        [78.54516, 16.64017],
        [78.54515, 16.64004],
        [78.54513, 16.63992],
        [78.54501, 16.63909],
        [78.545, 16.63898],
        [78.54499, 16.63886],
        [78.54497, 16.63878],
        [78.54497, 16.63875],
        [78.54483, 16.63836],
        [78.54434, 16.63704],
        [78.54403, 16.63655],
        [78.54404, 16.63627],
        [78.54405, 16.63602],
        [78.54408, 16.63532],
        [78.54406, 16.63515],
        [78.544, 16.63502],
        [78.54381, 16.63446],
        [78.54376, 16.63432],
        [78.54351, 16.63357],
        [78.54347, 16.63341],
        [78.54366, 16.6333],
        [78.54498, 16.63251],
        [78.54507, 16.63246],
        [78.5452, 16.63241],
        [78.54532, 16.63234],
        [78.54619, 16.63183],
        [78.54631, 16.63176],
        [78.54647, 16.63167],
        [78.54772, 16.63099],
        [78.54774, 16.63098],
        [78.54786, 16.6309],
        [78.54793, 16.6308],
        [78.54895, 16.62951],
        [78.54897, 16.62949],
        [78.549, 16.62944],
        [78.54908, 16.62935],
        [78.54916, 16.62924],
        [78.54926, 16.62914],
        [78.54952, 16.62881],
        [78.54965, 16.62863],
        [78.54987, 16.62838],
        [78.54997, 16.62819],
        [78.55012, 16.62798],
        [78.55021, 16.62785],
        [78.55087, 16.62699],
        [78.55106, 16.62686],
        [78.55136, 16.62665],
        [78.55294, 16.62558],
        [78.55417, 16.62448],
        [78.55437, 16.6243],
        [78.55458, 16.62408],
        [78.55496, 16.62383],
        [78.55575, 16.62303],
        [78.55587, 16.62294],
        [78.55597, 16.62281],
        [78.55598, 16.62279],
        [78.55691, 16.62092],
        [78.557, 16.62075],
        [78.5578, 16.61921],
        [78.5578, 16.6192],
        [78.55798, 16.61876],
        [78.55804, 16.61858],
        [78.55803, 16.61841],
        [78.55815, 16.61729],
        [78.55826, 16.61627],
        [78.55827, 16.6161],
        [78.55829, 16.61547],
        [78.55831, 16.61467],
        [78.55834, 16.61373],
        [78.55831, 16.61358],
        [78.55837, 16.6134],
        [78.55883, 16.61226],
        [78.5589, 16.61221],
        [78.55889, 16.61211],
        [78.55896, 16.61194],
        [78.55933, 16.61072],
        [78.5596, 16.60981],
        [78.55963, 16.60969],
        [78.55955, 16.6096],
        [78.5596, 16.60934],
        [78.56081, 16.60926],
        [78.56073, 16.60881],
        [78.56064, 16.60834],
        [78.56061, 16.60818],
        [78.56037, 16.60711],
        [78.56032, 16.60685],
        [78.56015, 16.60643],
        [78.56012, 16.60636],
        [78.56001, 16.60611],
        [78.55994, 16.60594],
        [78.55985, 16.60578],
        [78.5598, 16.60563],
        [78.55896, 16.60299],
        [78.55866, 16.60218],
        [78.55865, 16.60215],
        [78.5586, 16.60203],
        [78.55854, 16.60183],
        [78.55834, 16.6011],
        [78.55801, 16.60026],
        [78.55773, 16.59968],
        [78.55769, 16.59951],
        [78.55761, 16.59932],
        [78.55695, 16.5978],
        [78.55685, 16.59754],
        [78.55629, 16.59602],
        [78.55584, 16.59499],
        [78.55562, 16.59449],
        [78.55557, 16.59433],
        [78.5555, 16.59416],
        [78.55493, 16.59296],
        [78.55486, 16.59281],
        [78.55478, 16.59263],
        [78.55474, 16.5925],
        [78.5542, 16.59125],
        [78.55379, 16.59044],
        [78.55373, 16.59032],
        [78.55349, 16.58971],
        [78.55339, 16.58952],
        [78.55334, 16.58941],
        [78.55331, 16.58926],
        [78.55328, 16.58921],
        [78.55321, 16.5891],
        [78.55267, 16.58794],
        [78.55265, 16.5879],
        [78.55253, 16.58763],
        [78.55246, 16.58743],
        [78.552, 16.58601],
        [78.55168, 16.58503],
        [78.55128, 16.58411],
        [78.55118, 16.58385],
        [78.55106, 16.58358],
        [78.55093, 16.58297],
        [78.55086, 16.58269],
        [78.55083, 16.58252],
        [78.55074, 16.58235],
        [78.55071, 16.58227],
        [78.55069, 16.58224],
        [78.55065, 16.58211],
        [78.55053, 16.58195],
        [78.55012, 16.58088],
        [78.55006, 16.58073],
        [78.54999, 16.58059],
        [78.54985, 16.58035],
        [78.54978, 16.58023],
        [78.5497, 16.5801],
        [78.54967, 16.57993],
        [78.54949, 16.57864],
        [78.54948, 16.57849],
        [78.54945, 16.57822],
        [78.54924, 16.57721],
        [78.54921, 16.57706],
        [78.54916, 16.57685],
        [78.54911, 16.57657],
        [78.54906, 16.57646],
        [78.54905, 16.57645],
        [78.54883, 16.57646],
        [78.54869, 16.57648],
        [78.54735, 16.57653],
        [78.54672, 16.57655],
        [78.54662, 16.57657],
        [78.54643, 16.57659],
        [78.54553, 16.57666],
        [78.54359, 16.57655],
        [78.54343, 16.57653],
        [78.54329, 16.57647],
        [78.54117, 16.57547],
        [78.54102, 16.57547],
        [78.54088, 16.57552],
        [78.54042, 16.57554],
        [78.54032, 16.57552],
        [78.5398, 16.57542],
        [78.53936, 16.57545],
        [78.53893, 16.57543],
        [78.5388, 16.57541],
        [78.53868, 16.57542],
        [78.53737, 16.57554],
        [78.53724, 16.57553],
        [78.537, 16.57552],
        [78.53686, 16.57555],
        [78.53473, 16.57577],
        [78.53458, 16.57579],
        [78.53444, 16.57582],
        [78.53328, 16.57585],
        [78.53313, 16.57585],
        [78.53302, 16.57589],
        [78.53241, 16.57593],
        [78.53152, 16.57598],
        [78.53141, 16.57599],
        [78.53112, 16.57601],
        [78.53075, 16.57604],
        [78.52979, 16.57612],
        [78.52954, 16.57614],
        [78.52912, 16.57614],
        [78.52805, 16.57613],
        [78.52761, 16.57612],
        [78.52556, 16.5761],
        [78.5254, 16.5761],
        [78.5252, 16.57606],
        [78.52521, 16.57587],
        [78.52503, 16.5741],
        [78.52499, 16.57377],
        [78.52495, 16.57331],
        [78.52494, 16.57314],
        [78.52492, 16.573],
        [78.52451, 16.57199],
        [78.52446, 16.57183],
        [78.5244, 16.57172],
        [78.52414, 16.57107],
        [78.52408, 16.57093],
        [78.52406, 16.57089],
        [78.52384, 16.57039],
        [78.52381, 16.57032],
        [78.52366, 16.56998],
        [78.52344, 16.56947],
        [78.52344, 16.5694],
        [78.52336, 16.56912],
        [78.52341, 16.56892],
        [78.52344, 16.56887],
        [78.52344, 16.56885],
        [78.5234, 16.56876],
        [78.52335, 16.56863],
        [78.52305, 16.56827],
        [78.52274, 16.56729],
        [78.52264, 16.56701],
        [78.52246, 16.56653],
        [78.52236, 16.56645],
        [78.52205, 16.56657],
        [78.51907, 16.56541],
        [78.51848, 16.56518],
        [78.51828, 16.56519],
        [78.51638, 16.56511],
        [78.5152, 16.56507],
        [78.51471, 16.56505],
        [78.51456, 16.56508],
        [78.51448, 16.56492],
        [78.51431, 16.56447],
        [78.5144, 16.56383],
        [78.5144, 16.5638],
        [78.5144, 16.5637],
        [78.51451, 16.56366],
        [78.51496, 16.56344],
        [78.51525, 16.56341],
        [78.51732, 16.56321],
        [78.51884, 16.56306],
        [78.51908, 16.56304],
        [78.51923, 16.56306],
        [78.51938, 16.56307],
        [78.52066, 16.56297],
        [78.52193, 16.56287],
        [78.52212, 16.56286],
        [78.52203, 16.56266],
        [78.52178, 16.56223],
        [78.52154, 16.56185],
        [78.52106, 16.56108],
        [78.521, 16.56093],
        [78.52088, 16.56073],
        [78.52058, 16.56038],
        [78.52046, 16.56029],
        [78.52028, 16.56023],
        [78.52002, 16.5601],
        [78.51897, 16.55888],
        [78.51822, 16.55811],
        [78.51772, 16.55752],
        [78.51754, 16.55732],
        [78.51724, 16.55643],
        [78.51707, 16.55633],
        [78.51642, 16.5556],
        [78.51583, 16.55495],
        [78.51573, 16.55478],
        [78.5156, 16.55469],
        [78.51538, 16.5546],
        [78.51528, 16.55454],
        [78.51511, 16.55447],
        [78.51454, 16.55419],
        [78.51292, 16.55337],
        [78.51269, 16.55326],
        [78.51252, 16.55322],
        [78.51083, 16.55236],
        [78.51081, 16.55235],
        [78.51073, 16.55228],
        [78.51074, 16.55224],
        [78.51063, 16.55227],
        [78.50919, 16.5526],
        [78.50789, 16.5529],
        [78.50751, 16.55299],
        [78.50736, 16.55301],
        [78.50628, 16.55325],
        [78.50526, 16.55348],
        [78.50513, 16.5535],
        [78.50496, 16.55354],
        [78.5047, 16.5536],
        [78.50318, 16.55398],
        [78.50303, 16.55401],
        [78.503, 16.55402],
        [78.50282, 16.55404],
        [78.50263, 16.55403],
        [78.50246, 16.55411],
        [78.50234, 16.55417],
        [78.50216, 16.55427],
        [78.50202, 16.55435],
        [78.50109, 16.55486],
        [78.50049, 16.55519],
        [78.50024, 16.55532],
        [78.50007, 16.55541],
        [78.49895, 16.55614],
        [78.49878, 16.55624],
        [78.49877, 16.55626],
        [78.49864, 16.55635],
        [78.49766, 16.55699],
        [78.4975, 16.55711],
        [78.4971, 16.55737],
        [78.49686, 16.55752],
        [78.49674, 16.55755],
        [78.49556, 16.55819],
        [78.49525, 16.55835],
        [78.49512, 16.55849],
        [78.49393, 16.55923],
        [78.49374, 16.55935],
        [78.49364, 16.55943],
        [78.49354, 16.5595],
        [78.492, 16.56046],
        [78.49199, 16.56047],
        [78.49186, 16.56052],
        [78.49176, 16.5606],
        [78.4915, 16.56075],
        [78.49122, 16.56092],
        [78.48987, 16.56172],
        [78.4897, 16.56182],
        [78.48966, 16.56168],
        [78.48949, 16.56111],
        [78.48947, 16.56102],
        [78.48872, 16.55848],
        [78.48865, 16.55829],
        [78.48819, 16.55699],
        [78.48815, 16.55681],
        [78.48805, 16.55661],
        [78.4875, 16.5551],
        [78.4871, 16.55415],
        [78.48672, 16.55282],
        [78.48669, 16.55272],
        [78.48662, 16.55261],
        [78.48583, 16.55097],
        [78.48578, 16.55085],
        [78.48572, 16.55075],
        [78.48526, 16.54988],
        [78.48523, 16.54976],
        [78.48518, 16.5495],
        [78.48514, 16.54923],
        [78.48513, 16.54911],
        [78.48508, 16.54897],
        [78.48484, 16.54833],
        [78.48464, 16.54722],
        [78.48447, 16.54686],
        [78.48441, 16.54645],
        [78.48443, 16.54635],
        [78.48436, 16.5462],
        [78.48414, 16.54541],
        [78.48414, 16.54531],
        [78.48408, 16.54518],
        [78.48339, 16.54281],
        [78.48336, 16.5427],
        [78.48334, 16.5426],
        [78.48306, 16.54077],
        [78.48306, 16.54065],
        [78.48301, 16.54047],
        [78.48241, 16.53807],
        [78.48237, 16.5379],
        [78.48232, 16.53776],
        [78.48208, 16.5367],
        [78.48207, 16.53659],
        [78.48201, 16.53648],
        [78.48143, 16.53398],
        [78.48139, 16.53386],
        [78.48132, 16.53378],
        [78.48092, 16.53315],
        [78.48125, 16.53221],
        [78.4813, 16.53211],
        [78.4814, 16.53206],
        [78.48149, 16.53204],
        [78.48227, 16.53186],
        [78.48239, 16.53183],
        [78.48252, 16.5318],
        [78.48287, 16.53169],
        [78.48367, 16.53152],
        [78.4838, 16.53146],
        [78.48392, 16.53143],
        [78.48411, 16.53138],
        [78.48443, 16.5313],
        [78.48458, 16.53126],
        [78.48513, 16.53116],
        [78.48529, 16.53114],
        [78.48548, 16.53106],
        [78.48764, 16.53041],
        [78.48769, 16.53039],
        [78.48781, 16.53034],
        [78.48799, 16.53027],
        [78.48916, 16.52967],
        [78.48929, 16.52961],
        [78.48944, 16.52955],
        [78.48985, 16.52936],
        [78.49032, 16.52919],
        [78.49043, 16.52911],
        [78.49058, 16.52905],
        [78.49081, 16.52894],
        [78.49115, 16.52876],
        [78.49152, 16.52861],
        [78.49172, 16.52851],
        [78.49181, 16.52845],
        [78.49192, 16.52836],
        [78.49281, 16.52758],
        [78.49282, 16.52757],
        [78.49295, 16.52745],
        [78.49305, 16.52738],
        [78.49313, 16.52729],
        [78.49339, 16.52696],
        [78.49349, 16.52661],
        [78.49369, 16.52555],
        [78.49364, 16.5251],
        [78.49362, 16.525],
        [78.49358, 16.52492],
        [78.49314, 16.52422],
        [78.49313, 16.5242],
        [78.49296, 16.52322],
        [78.493, 16.52281],
        [78.49303, 16.52259],
        [78.49304, 16.52256],
        [78.49315, 16.52158],
        [78.49317, 16.5214],
        [78.49323, 16.52124],
        [78.49338, 16.52081],
        [78.4934, 16.52076],
        [78.49344, 16.52069],
        [78.49361, 16.52062],
        [78.49369, 16.5206],
        [78.49374, 16.52076],
        [78.49389, 16.5207],
        [78.49435, 16.52059],
        [78.49475, 16.52037],
        [78.49499, 16.52021],
        [78.49511, 16.52016],
        [78.49568, 16.51992],
        [78.49566, 16.51961],
        [78.49561, 16.51899],
        [78.49554, 16.51847],
        [78.49525, 16.51772],
        [78.4952, 16.51765],
        [78.4952, 16.51764],
        [78.49516, 16.51737],
        [78.49516, 16.51699],
        [78.49514, 16.51687],
        [78.49508, 16.51662],
        [78.495, 16.51645],
        [78.495, 16.51643],
        [78.49506, 16.5163],
        [78.49496, 16.51568],
        [78.49496, 16.51567],
        [78.49492, 16.51536],
        [78.49492, 16.51533],
        [78.4949, 16.51504],
        [78.49489, 16.51455],
        [78.49489, 16.51445],
        [78.49481, 16.5136],
        [78.4948, 16.51358],
        [78.49484, 16.51319],
        [78.4949, 16.51135],
        [78.4949, 16.51131],
        [78.49492, 16.51112],
        [78.49479, 16.51008],
        [78.49506, 16.51001],
        [78.4952, 16.50958],
        [78.49519, 16.50917],
        [78.49498, 16.50903],
        [78.49514, 16.50893],
        [78.49514, 16.50892],
        [78.49513, 16.5088],
        [78.49512, 16.50858],
        [78.49513, 16.50854],
        [78.4952, 16.50819],
        [78.49521, 16.50808],
        [78.4952, 16.50805],
        [78.49516, 16.5077],
        [78.49512, 16.50735],
        [78.49477, 16.50448],
        [78.49431, 16.50359],
        [78.49427, 16.50361],
        [78.49426, 16.50348],
        [78.49426, 16.5034],
        [78.49422, 16.50278],
        [78.49416, 16.50167],
        [78.49414, 16.50152],
        [78.49415, 16.50133],
        [78.49408, 16.49971],
        [78.49399, 16.4995],
        [78.49401, 16.49942],
        [78.49403, 16.49936],
        [78.49403, 16.498],
        [78.49401, 16.49789],
        [78.494, 16.49783],
        [78.49389, 16.4974],
        [78.49393, 16.49735],
        [78.4939, 16.49716],
        [78.49409, 16.49708],
        [78.49418, 16.49701],
        [78.49423, 16.49699],
        [78.4943, 16.4969],
        [78.49444, 16.49687],
        [78.49488, 16.49676],
        [78.49489, 16.49654],
        [78.49496, 16.49642],
        [78.49526, 16.49569],
        [78.49538, 16.49458],
        [78.49542, 16.4942],
        [78.49531, 16.49333],
        [78.49533, 16.49315],
        [78.49528, 16.49298],
        [78.49526, 16.49296],
        [78.49521, 16.49285],
        [78.49516, 16.49272],
        [78.49513, 16.49263],
        [78.49512, 16.49251],
        [78.49504, 16.4922],
        [78.49495, 16.49182],
        [78.49491, 16.49161],
        [78.49492, 16.49148],
        [78.4949, 16.49079],
        [78.4949, 16.49041],
        [78.49492, 16.49022],
        [78.49491, 16.49004],
        [78.49491, 16.48985],
        [78.49492, 16.48904],
        [78.49493, 16.48861],
        [78.49494, 16.48812],
        [78.49499, 16.48645],
        [78.49501, 16.48601],
        [78.49499, 16.48586],
        [78.49488, 16.48581],
        [78.49468, 16.48575],
        [78.49438, 16.48583],
        [78.49416, 16.48585],
        [78.49406, 16.48579],
        [78.49306, 16.48543],
        [78.49257, 16.48525],
        [78.49199, 16.48513],
        [78.49176, 16.48508],
        [78.49158, 16.48499],
        [78.4903, 16.48453],
        [78.49022, 16.48448],
        [78.4895, 16.48402],
        [78.48932, 16.48392],
        [78.48919, 16.4838],
        [78.48879, 16.4835],
        [78.48844, 16.48326],
        [78.48843, 16.48323],
        [78.48838, 16.48292],
        [78.48772, 16.48297],
        [78.48723, 16.48296],
        [78.48708, 16.48292],
        [78.48705, 16.48292],
        [78.48687, 16.48292],
        [78.48642, 16.48289],
        [78.48552, 16.48266],
        [78.48513, 16.4827],
        [78.48476, 16.48273],
        [78.48462, 16.48274],
        [78.48444, 16.48276],
        [78.48416, 16.48274],
        [78.48405, 16.48272],
        [78.48388, 16.48271],
        [78.48336, 16.4826],
        [78.48316, 16.48252],
        [78.48306, 16.48248],
        [78.48296, 16.48244],
        [78.4829, 16.48241],
        [78.48269, 16.48234],
        [78.48249, 16.48237],
        [78.48249, 16.48238],
        [78.4811, 16.48274],
        [78.48097, 16.48271],
        [78.47948, 16.48243],
        [78.47915, 16.48237],
        [78.4791, 16.48238],
        [78.47789, 16.48263],
        [78.47618, 16.48299],
        [78.47525, 16.48296],
        [78.47389, 16.4829],
        [78.47367, 16.4829],
        [78.47357, 16.48289],
        [78.47356, 16.48289],
        [78.47345, 16.48292],
        [78.47339, 16.48294],
        [78.47326, 16.48298],
        [78.47336, 16.4833],
        [78.47405, 16.485],
        [78.47424, 16.48547],
        [78.47447, 16.48607],
        [78.47452, 16.48617],
        [78.47452, 16.48618],
        [78.47387, 16.4878],
        [78.47375, 16.48814],
        [78.47369, 16.48833],
        [78.47372, 16.48847],
        [78.4738, 16.48883],
        [78.47387, 16.48911],
        [78.47389, 16.48932],
        [78.47401, 16.49036],
        [78.4745, 16.49348],
        [78.47473, 16.49557],
        [78.47493, 16.49737],
        [78.47526, 16.50053],
        [78.47537, 16.50131],
        [78.47546, 16.50187],
        [78.47547, 16.50193],
        [78.47552, 16.50228],
        [78.47555, 16.50273],
        [78.47559, 16.50317],
        [78.47561, 16.50349],
        [78.47685, 16.50641],
        [78.47512, 16.5076],
        [78.47322, 16.51001],
        [78.47028, 16.51242],
        [78.46703, 16.51513],
        [78.46456, 16.51691],
        [78.46233, 16.51837],
        [78.46081, 16.51958],
        [78.45876, 16.52175],
        [78.45711, 16.52386],
        [78.45671, 16.52518],
        [78.45625, 16.52693],
        [78.4555, 16.52972],
        [78.45464, 16.53432],
        [78.45371, 16.53635],
        [78.45243, 16.53846],
        [78.45064, 16.54057],
        [78.4495, 16.54353],
        [78.44824, 16.54615],
        [78.44786, 16.54695],
        [78.44586, 16.55202],
        [78.44521, 16.55381],
        [78.44397, 16.5572],
        [78.44322, 16.5602],
        [78.44176, 16.56255],
        [78.43994, 16.5643],
        [78.43737, 16.56612],
        [78.43729, 16.56615],
        [78.4353, 16.56698],
        [78.4323, 16.56891],
        [78.42894, 16.57026],
        [78.4263, 16.5709],
        [78.42455, 16.57155],
        [78.4223, 16.57169],
        [78.41899, 16.57172],
        [78.41535, 16.57137],
        [78.41421, 16.57121],
        [78.41365, 16.57163],
        [78.41342, 16.5718],
        [78.41324, 16.57194],
        [78.41312, 16.57203],
        [78.41312, 16.57204],
        [78.41312, 16.57205],
        [78.41288, 16.57269],
        [78.41288, 16.57305],
        [78.41289, 16.57319],
        [78.41289, 16.57333],
        [78.4129, 16.57366],
        [78.4129, 16.57384],
        [78.41292, 16.57423],
        [78.41293, 16.57435],
        [78.41294, 16.57473],
        [78.41294, 16.57489],
        [78.41295, 16.57503],
        [78.41298, 16.57513],
        [78.4131, 16.57583],
        [78.4131, 16.57596],
        [78.41312, 16.57609],
        [78.41316, 16.57632],
        [78.41317, 16.57645],
        [78.41315, 16.57645],
        [78.41293, 16.57651],
        [78.41282, 16.57654],
        [78.41235, 16.57668],
        [78.41224, 16.57671],
        [78.41095, 16.57711],
        [78.41069, 16.57719],
        [78.40996, 16.57715],
        [78.40983, 16.57715],
        [78.40973, 16.57715],
        [78.40957, 16.57715],
        [78.4092, 16.57716],
        [78.40896, 16.57717],
        [78.40883, 16.57718],
        [78.40869, 16.5772],
        [78.40841, 16.57727],
        [78.40836, 16.57728],
        [78.40825, 16.57731],
        [78.40812, 16.57734],
        [78.40748, 16.57749],
        [78.4073, 16.57751],
        [78.40716, 16.57758],
        [78.40627, 16.57804],
        [78.40609, 16.57814],
        [78.40606, 16.57837],
        [78.406, 16.57878],
        [78.405, 16.57879],
        [78.40475, 16.57988],
        [78.40429, 16.58313],
        [78.40372, 16.58753],
        [78.40201, 16.59136],
        [78.40052, 16.59415],
        [78.39933, 16.5965],
        [78.39904, 16.59707],
        [78.39756, 16.59939],
        [78.39692, 16.60038],
        [78.39586, 16.60176],
        [78.39475, 16.60318],
        [78.39264, 16.60518],
        [78.39102, 16.6064],
        [78.38984, 16.60729],
        [78.38796, 16.60893],
        [78.38609, 16.61044],
        [78.38427, 16.61193],
        [78.38258, 16.61404],
        [78.38118, 16.61672],
        [78.38005, 16.61886],
        [78.37978, 16.61936],
        [78.37856, 16.62163],
        [78.3766, 16.62499],
        [78.37503, 16.62686],
        [78.37265, 16.62922],
        [78.3714, 16.63082],
        [78.36923, 16.63242],
        [78.36649, 16.63407],
        [78.36449, 16.63521],
        [78.36375, 16.63544],
        [78.36419, 16.63851],
        [78.36423, 16.6386],
        [78.36458, 16.64039],
        [78.3646, 16.64053],
        [78.36467, 16.6407],
        [78.36471, 16.64082],
        [78.36512, 16.64254],
        [78.36516, 16.64268],
        [78.36528, 16.64312],
        [78.36574, 16.64446],
        [78.36576, 16.64458],
        [78.36584, 16.64477],
        [78.36598, 16.64526],
        [78.36595, 16.64537],
        [78.36639, 16.64521],
        [78.3665, 16.64552],
        [78.36739, 16.64751],
        [78.36744, 16.64763],
        [78.36786, 16.64875],
        [78.36809, 16.64928],
        [78.36861, 16.65052],
        [78.36916, 16.65189],
        [78.36961, 16.65302],
        [78.3719, 16.65569],
        [78.37227, 16.65618],
        [78.3727, 16.65676],
        [78.37311, 16.6573],
        [78.37436, 16.65882],
        [78.37513, 16.65975],
        [78.37695, 16.66192],
        [78.37881, 16.6622],
        [78.38006, 16.66239],
        [78.38047, 16.66243],
        [78.38179, 16.66255],
        [78.38187, 16.66255],
        [78.38304, 16.66268],
        [78.38316, 16.66269],
        [78.38454, 16.66284],
        [78.38472, 16.66286],
        [78.38488, 16.66288],
        [78.38597, 16.66301],
        [78.3862, 16.66306],
        [78.38714, 16.66327],
        [78.38808, 16.66319],
        [78.38921, 16.66327],
        [78.38932, 16.66328],
        [78.3894, 16.66328],
        [78.38985, 16.66331],
        [78.3904, 16.66264],
        [78.39116, 16.66237],
        [78.39145, 16.66225],
        [78.39213, 16.66196],
        [78.39259, 16.66165],
        [78.39271, 16.66157],
        [78.39374, 16.66096],
        [78.39464, 16.66043],
        [78.39492, 16.66026],
        [78.3954, 16.66002],
        [78.39691, 16.65868],
        [78.39734, 16.65861],
        [78.39776, 16.65856],
        [78.39808, 16.65803],
        [78.39809, 16.65796],
        [78.39816, 16.65771],
        [78.39823, 16.65742],
        [78.39829, 16.6572],
        [78.39878, 16.65716],
        [78.39925, 16.6571],
        [78.39943, 16.65702],
        [78.39985, 16.6568],
        [78.40085, 16.65626],
        [78.40088, 16.65628],
        [78.40089, 16.65627],
        [78.40089, 16.65628],
        [78.4009, 16.65628],
        [78.40105, 16.65629],
        [78.40107, 16.65629],
        [78.40107, 16.65631],
        [78.40104, 16.65658],
        [78.40099, 16.65704],
        [78.40098, 16.65715],
        [78.40097, 16.65716],
        [78.40094, 16.65723],
        [78.40095, 16.65755],
        [78.40078, 16.6579],
        [78.40073, 16.6583],
        [78.40072, 16.65842],
        [78.4009, 16.65869],
        [78.40111, 16.65903],
        [78.40131, 16.65937],
        [78.40086, 16.65938],
        [78.40085, 16.65961],
        [78.40084, 16.65984],
        [78.40082, 16.66009],
        [78.40109, 16.6601],
        [78.40127, 16.66011],
        [78.40132, 16.66011],
        [78.40142, 16.66088],
        [78.40143, 16.66093],
        [78.40154, 16.66099],
        [78.40169, 16.66106],
        [78.40171, 16.66108],
        [78.40187, 16.66116],
        [78.40195, 16.66118],
        [78.40205, 16.6612],
        [78.40268, 16.66133],
        [78.40337, 16.66148],
        [78.40362, 16.66154],
        [78.4038, 16.66163],
        [78.40383, 16.66174],
        [78.40381, 16.66185],
        [78.40379, 16.66201],
        [78.40369, 16.6625],
        [78.40361, 16.66291],
        [78.40354, 16.66324],
        [78.40344, 16.66376],
        [78.40334, 16.66423],
        [78.40331, 16.66434],
        [78.40331, 16.66443],
        [78.40332, 16.66455],
        [78.40334, 16.66468],
        [78.40336, 16.66481],
        [78.40338, 16.66547],
        [78.40348, 16.66567],
        [78.40343, 16.66617],
        [78.40343, 16.66625],
        [78.40343, 16.66634],
        [78.40343, 16.66644],
        [78.40341, 16.66663],
        [78.40338, 16.66702],
        [78.40331, 16.66779],
        [78.40337, 16.6678],
        [78.40333, 16.668],
        [78.40329, 16.66814],
        [78.40328, 16.66822],
        [78.40323, 16.66879],
        [78.40322, 16.66896],
        [78.40311, 16.67046],
        [78.40306, 16.6706],
        [78.40271, 16.67165],
        [78.40257, 16.67205],
        [78.40244, 16.67249],
        [78.40239, 16.67269],
        [78.4023, 16.67297],
        [78.40223, 16.67322],
        [78.40222, 16.67325],
        [78.40205, 16.67384],
        [78.40203, 16.67391],
        [78.40201, 16.67398],
        [78.40224, 16.67405],
        [78.40242, 16.6741],
        [78.40519, 16.67498],
        [78.4053, 16.67501],
        [78.40577, 16.67514],
        [78.40902, 16.676],
        [78.40904, 16.676],
        [78.4092, 16.67604],
        [78.4093, 16.6761],
        [78.41028, 16.6764],
        [78.41033, 16.67641],
        [78.41297, 16.67709],
        [78.41337, 16.67719],
        [78.41354, 16.67723],
        [78.41368, 16.67729],
        [78.41502, 16.67767],
        [78.417, 16.67823],
        [78.4178, 16.67846],
        [78.41799, 16.67851],
        [78.41812, 16.67858],
        [78.41877, 16.67875],
        [78.419, 16.67881],
        [78.41918, 16.67887],
        [78.41928, 16.67889],
        [78.42105, 16.67933],
        [78.42134, 16.6794],
        [78.42153, 16.67944],
        [78.4217, 16.67947],
        [78.42281, 16.67981],
        [78.42397, 16.68017],
        [78.42406, 16.68018],
        [78.42475, 16.68171],
        [78.42517, 16.68327],
        [78.42497, 16.68392],
        [78.42517, 16.68413],
        [78.42588, 16.68493],
        [78.42633, 16.68543],
        [78.4264, 16.68562],
        [78.42641, 16.68564],
        [78.42646, 16.68578],
        [78.42649, 16.68585],
        [78.42668, 16.68638],
        [78.42671, 16.68647],
        [78.42702, 16.68731],
        [78.42737, 16.68826],
        [78.42739, 16.68831],
        [78.4273, 16.68845],
        [78.42724, 16.68856],
        [78.4271, 16.6888],
        [78.4267, 16.68953],
        [78.42653, 16.68985],
        [78.42612, 16.69064],
        [78.42638, 16.69219],
        [78.42641, 16.69241],
        [78.42644, 16.6926],
        [78.42657, 16.69361],
        [78.42664, 16.69415],
        [78.42685, 16.69528],
        [78.42694, 16.69579],
        [78.42705, 16.69709],
        [78.42706, 16.69727],
        [78.42719, 16.69803],
        [78.42733, 16.69888],
        [78.42761, 16.70019],
        [78.42763, 16.70023],
        [78.42794, 16.70099],
        [78.428, 16.70114],
        [78.42818, 16.70157],
        [78.42844, 16.7022],
        [78.42867, 16.70268],
        [78.42899, 16.70334],
        [78.42909, 16.70357],
        [78.42923, 16.70386],
        [78.42932, 16.7041],
        [78.42945, 16.70458],
        [78.42958, 16.70511],
        [78.42966, 16.7054],
        [78.42974, 16.7057],
        [78.42976, 16.70586],
        [78.43006, 16.70579],
        [78.43079, 16.70595],
        [78.43098, 16.70545],
        [78.43287, 16.70602],
        [78.43308, 16.70604],
        [78.43358, 16.70609],
        [78.43507, 16.70683],
        [78.4351, 16.70685],
        [78.43693, 16.70649],
        [78.43723, 16.70643],
        [78.43913, 16.70665],
        [78.44027, 16.70675],
        [78.44127, 16.70678],
        [78.44071, 16.70729],
        [78.44092, 16.70752],
        [78.44116, 16.70773],
        [78.44138, 16.70792],
        [78.44171, 16.70822],
        [78.44286, 16.7093],
        [78.44308, 16.7094],
        [78.44418, 16.70986],
        [78.44439, 16.70986],
        [78.4445, 16.70984],
        [78.44484, 16.70979],
        [78.44498, 16.70977],
        [78.44525, 16.70972],
        [78.44528, 16.70987],
        [78.44531, 16.71],
        [78.44532, 16.71006],
        [78.44556, 16.71004],
        [78.44583, 16.71004],
        [78.44608, 16.71003],
        [78.44608, 16.71005],
        [78.44615, 16.71125],
        [78.44701, 16.71251],
        [78.44736, 16.71308],
        [78.44814, 16.71508],
        [78.44898, 16.71652],
        [78.44927, 16.71707],
        [78.44967, 16.71783],
        [78.45085, 16.71925],
        [78.4513, 16.71981],
        [78.45159, 16.71998],
        [78.45274, 16.72034],
        [78.45331, 16.72051],
        [78.45343, 16.72055],
        [78.45387, 16.72068],
        [78.45452, 16.72086],
        [78.45513, 16.72142],
        [78.45535, 16.72162],
        [78.45653, 16.7226],
        [78.45724, 16.72332],
        [78.45764, 16.72365],
        [78.4578, 16.72381],
        [78.45797, 16.72379],
        [78.45823, 16.72421],
        [78.45955, 16.72549],
        [78.45983, 16.72577],
        [78.46045, 16.72637],
        [78.46163, 16.72751],
        [78.46271, 16.72868],
        [78.46307, 16.72918],
        [78.46318, 16.72934],
        [78.46321, 16.72939],
        [78.46332, 16.72966],
        [78.46361, 16.72989],
        [78.46345, 16.72998],
        [78.46345, 16.72999],
        [78.46352, 16.73014],
        [78.46355, 16.7302],
        [78.46359, 16.73028],
        [78.46364, 16.73039],
        [78.4637, 16.73055],
        [78.46376, 16.73068],
        [78.46378, 16.73071],
        [78.46381, 16.73081],
        [78.46395, 16.73127],
        [78.46417, 16.73239],
        [78.46417, 16.73249],
        [78.46419, 16.73265],
        [78.46425, 16.73291],
        [78.46426, 16.73335],
        [78.46415, 16.73384],
        [78.46407, 16.73416],
        [78.46396, 16.73462],
        [78.46386, 16.73528],
        [78.46346, 16.73624],
        [78.46397, 16.73863],
        [78.46403, 16.7389],
        [78.46422, 16.73916],
        [78.46434, 16.73939],
        [78.4645, 16.73985],
        [78.4646, 16.7407],
        [78.46461, 16.74087],
        [78.464, 16.74066],
        [78.46412, 16.74153],
        [78.46413, 16.74165],
        [78.46418, 16.74215],
        [78.46412, 16.74235],
        [78.46431, 16.7425],
        [78.46432, 16.7425],
        [78.46453, 16.74264],
        [78.46465, 16.74272],
        [78.46472, 16.74276],
        [78.46492, 16.74288],
        [78.4647, 16.74311],
        [78.46441, 16.74325],
        [78.46428, 16.74333],
        [78.46428, 16.74335],
        [78.46419, 16.74345],
        [78.46409, 16.7435],
        [78.46413, 16.74357],
        [78.46419, 16.74366],
        [78.46432, 16.74385],
        [78.46437, 16.74393],
        [78.46441, 16.74399],
        [78.46433, 16.74419],
        [78.4644, 16.7456],
        [78.46449, 16.74604],
        [78.46466, 16.74694],
        [78.46472, 16.74745],
        [78.46468, 16.748],
        [78.46465, 16.74843],
        [78.46464, 16.74854],
        [78.46461, 16.74877],
        [78.46462, 16.749],
        [78.46462, 16.74904],
        [78.46465, 16.75006],
        [78.46467, 16.75051],
        [78.4647, 16.75068],
        [78.4647, 16.75084],
        [78.46471, 16.75094],
        [78.46479, 16.75173],
        [78.46479, 16.75177],
        [78.46482, 16.75187],
        [78.46485, 16.75197],
        [78.46489, 16.75214],
        [78.46491, 16.75223],
        [78.46497, 16.75249],
        [78.46523, 16.75248],
        [78.46552, 16.75245],
        [78.46741, 16.7522],
        [78.46778, 16.75215],
        [78.46939, 16.75193],
        [78.4699, 16.75184],
        [78.47025, 16.75179],
        [78.47081, 16.75169],
        [78.47123, 16.75164],
        [78.47148, 16.75161],
        [78.47175, 16.75157],
        [78.47193, 16.75157],
        [78.47211, 16.75157],
        [78.47325, 16.75157],
        [78.47361, 16.75157],
        [78.47567, 16.75145],
        [78.47758, 16.75138],
        [78.47772, 16.75138],
        [78.47771, 16.75134],
        [78.47894, 16.75133],
        [78.47987, 16.75133],
        [78.48181, 16.75142],
        [78.48198, 16.75147],
        [78.48218, 16.75148],
        [78.48223, 16.7516],
        [78.48308, 16.75161],
        [78.48377, 16.75162],
        [78.48484, 16.7517],
        [78.48532, 16.75174],
        [78.48547, 16.75177],
        [78.4856, 16.75177],
        [78.48632, 16.75174],
        [78.48743, 16.75172],
        [78.48766, 16.75172],
        [78.4878, 16.75172],
        [78.4879, 16.75176],
        [78.48799, 16.75174],
        [78.4884, 16.75171],
        [78.48853, 16.75172],
        [78.48861, 16.75187],
        [78.4888, 16.75222],
        [78.48883, 16.75227],
        [78.48927, 16.75309],
        [78.48937, 16.75327],
        [78.48958, 16.75367],
        [78.48967, 16.75384],
        [78.48999, 16.75447],
        [78.49004, 16.75459],
        [78.49007, 16.75465],
        [78.49131, 16.75428],
        [78.49134, 16.75437],
        [78.49136, 16.75441],
        [78.49154, 16.75486],
        [78.49155, 16.75489],
        [78.49159, 16.75498],
        [78.49164, 16.75515],
        [78.49164, 16.7553],
        [78.49199, 16.75629],
        [78.49225, 16.75704],
        [78.49235, 16.75724],
        [78.49238, 16.75735],
        [78.49266, 16.75812],
        [78.49316, 16.75945],
        [78.49321, 16.75961],
        [78.49325, 16.75978],
        [78.49338, 16.76032],
        [78.49348, 16.76078],
        [78.49355, 16.76124],
        [78.49359, 16.76138],
        [78.49352, 16.76139],
        [78.49335, 16.76156],
        [78.49235, 16.76242],
        [78.49237, 16.76256],
        [78.49244, 16.76295],
        [78.4925, 16.76327],
        [78.49255, 16.76348],
        [78.49248, 16.76362],
        [78.4924, 16.76398],
        [78.49235, 16.7641],
        [78.4922, 16.76409],
        [78.49197, 16.76404],
        [78.49198, 16.76417],
        [78.49197, 16.76431],
        [78.49199, 16.76448],
        [78.49203, 16.76478],
        [78.49204, 16.76484],
        [78.49186, 16.76489],
        [78.49167, 16.76495],
        [78.49159, 16.76496],
        [78.49145, 16.76499],
        [78.49123, 16.76515],
        [78.49091, 16.76547],
        [78.49088, 16.76552],
        [78.4908, 16.76563],
        [78.4907, 16.76573],
        [78.49059, 16.76583],
        [78.49057, 16.76584],
        [78.49006, 16.76615],
        [78.48934, 16.76658],
        [78.48861, 16.76701],
        [78.48835, 16.76717],
        [78.48799, 16.76739],
        [78.48768, 16.76757],
        [78.48765, 16.76759],
        [78.48759, 16.76763],
        [78.48756, 16.76766],
        [78.48737, 16.76778],
        [78.48707, 16.76797],
        [78.48655, 16.7683],
        [78.48583, 16.76875],
        [78.48556, 16.76893],
        [78.48534, 16.76908],
        [78.4853, 16.7691],
        [78.48525, 16.76913],
        [78.48516, 16.76919],
        [78.48407, 16.76981],
        [78.48386, 16.76993],
        [78.48371, 16.77006],
        [78.48351, 16.77018],
        [78.48279, 16.77071],
        [78.48134, 16.77164],
        [78.48116, 16.77178],
        [78.48112, 16.7718],
        [78.48093, 16.77191],
        [78.48003, 16.77234],
        [78.48001, 16.77235],
        [78.47985, 16.77241],
        [78.47972, 16.77245],
        [78.47975, 16.77256],
        [78.47976, 16.77265],
        [78.47947, 16.7729],
        [78.47933, 16.77301],
        [78.47834, 16.77382],
        [78.4778, 16.77426],
        [78.47766, 16.77438],
        [78.47707, 16.77484],
        [78.47692, 16.77493],
        [78.47686, 16.77494],
        [78.47667, 16.775],
        [78.47654, 16.77503],
        [78.4765, 16.77524],
        [78.47567, 16.77564],
        [78.47548, 16.77573],
        [78.47547, 16.77573],
        [78.47524, 16.77585],
        [78.47479, 16.77608],
        [78.47459, 16.77635],
        [78.47451, 16.77655],
        [78.47437, 16.77667],
        [78.47384, 16.77721],
        [78.47382, 16.77724],
        [78.47379, 16.77729],
        [78.47377, 16.7773],
        [78.47377, 16.77728],
        [78.47361, 16.77725],
        [78.47274, 16.77722],
        [78.47243, 16.77721],
        [78.47242, 16.77721],
        [78.47212, 16.77727],
        [78.47196, 16.77731],
        [78.47185, 16.77733],
        [78.47182, 16.77723],
        [78.47177, 16.7771],
        [78.47173, 16.77697],
        [78.4717, 16.7769],
        [78.47168, 16.77684],
        [78.47155, 16.77687],
        [78.47105, 16.77698],
        [78.47105, 16.77699],
        [78.47107, 16.77708],
        [78.47106, 16.77714],
        [78.47091, 16.77708],
        [78.47082, 16.77703],
        [78.47073, 16.77699],
        [78.47054, 16.77689],
        [78.47029, 16.77677],
        [78.46936, 16.77631],
        [78.46908, 16.77617],
        [78.46875, 16.77619],
        [78.46804, 16.77624],
        [78.46791, 16.77621],
        [78.46776, 16.7762],
        [78.46755, 16.77616],
        [78.46636, 16.77597],
        [78.46624, 16.77593],
        [78.46612, 16.77585],
        [78.4661, 16.77583],
        [78.4661, 16.77574],
        [78.46611, 16.77564],
        [78.46601, 16.77563],
        [78.46584, 16.77563],
        [78.46555, 16.77564],
        [78.4654, 16.77563],
        [78.4653, 16.7756],
        [78.46364, 16.77526],
        [78.46349, 16.77523],
        [78.46324, 16.77529],
        [78.46244, 16.7755],
        [78.46232, 16.77553],
        [78.46053, 16.77669],
        [78.46038, 16.77677],
        [78.46026, 16.77681],
        [78.45819, 16.7776],
        [78.45805, 16.77766],
        [78.45794, 16.77772],
        [78.45683, 16.77829],
        [78.45678, 16.77832],
        [78.45668, 16.77837],
        [78.45654, 16.77837],
        [78.45525, 16.77851],
        [78.4546, 16.7787],
        [78.45449, 16.77873],
        [78.45435, 16.77874],
        [78.45323, 16.77896],
        [78.45312, 16.77899],
        [78.4531, 16.77899],
        [78.453, 16.77902],
        [78.45288, 16.77902],
        [78.45111, 16.77913],
        [78.45098, 16.77913],
        [78.45086, 16.77911],
        [78.4505, 16.779],
        [78.44932, 16.77911],
        [78.44921, 16.77911],
        [78.44915, 16.77912],
        [78.44898, 16.77912],
        [78.44621, 16.77929],
        [78.44546, 16.77934],
        [78.44524, 16.77935],
        [78.4435, 16.77953],
        [78.44291, 16.7796],
        [78.44276, 16.77961],
        [78.44265, 16.77958],
        [78.44224, 16.77945],
        [78.44184, 16.77939],
        [78.44118, 16.77928],
        [78.4411, 16.77926],
        [78.44096, 16.77921],
        [78.44096, 16.77915],
        [78.44065, 16.7792],
        [78.44018, 16.77927],
        [78.44003, 16.77929],
        [78.43988, 16.7793],
        [78.43799, 16.77943],
        [78.43719, 16.77949],
        [78.43701, 16.77952],
        [78.43681, 16.77952],
        [78.43669, 16.77951],
        [78.43577, 16.77945],
        [78.43511, 16.77949],
        [78.43478, 16.77991],
        [78.43474, 16.77984],
        [78.43462, 16.77998],
        [78.43349, 16.78123],
        [78.4333, 16.78143],
        [78.43316, 16.78157],
        [78.43309, 16.78165],
        [78.43193, 16.78304],
        [78.43197, 16.78308],
        [78.43188, 16.78313],
        [78.43164, 16.78339],
        [78.43137, 16.78371],
        [78.42956, 16.78479],
        [78.42945, 16.78485],
        [78.4294, 16.78493],
        [78.42832, 16.78603],
        [78.42824, 16.78612],
        [78.42823, 16.78613],
        [78.42823, 16.78612],
        [78.42822, 16.78613],
        [78.42821, 16.78613],
        [78.42811, 16.78619],
        [78.42801, 16.78627],
        [78.42792, 16.78635],
        [78.42761, 16.78665],
        [78.42714, 16.78709],
        [78.42637, 16.78746],
        [78.42622, 16.78754],
        [78.42583, 16.78788],
        [78.42585, 16.78802],
        [78.42579, 16.78814],
        [78.42473, 16.78957],
        [78.42458, 16.78978],
        [78.4241, 16.79024],
        [78.42398, 16.79028],
        [78.42384, 16.79034],
        [78.42227, 16.79164],
        [78.42216, 16.79172],
        [78.42204, 16.79179],
        [78.42195, 16.79185],
        [78.42046, 16.7929],
        [78.42041, 16.79294],
        [78.42032, 16.79302],
        [78.42024, 16.7931],
        [78.42014, 16.79315],
        [78.42007, 16.79322],
        [78.4198, 16.79342],
        [78.41975, 16.79345],
        [78.41901, 16.79399],
        [78.41764, 16.79509],
        [78.41755, 16.79518],
        [78.41743, 16.79524],
        [78.41691, 16.79538],
        [78.41662, 16.79546],
        [78.41615, 16.7956],
        [78.41604, 16.79563],
        [78.41593, 16.79567],
        [78.41589, 16.7957],
        [78.41584, 16.79574],
        [78.41552, 16.79593],
        [78.41476, 16.7964],
        [78.41401, 16.79658],
        [78.41114, 16.79726],
        [78.41103, 16.79727],
        [78.41093, 16.79726],
        [78.40901, 16.79765],
        [78.4089, 16.79765],
        [78.40879, 16.79767],
        [78.40857, 16.79771],
        [78.40847, 16.79772],
        [78.40834, 16.7977],
        [78.40622, 16.79764],
        [78.40616, 16.79766],
        [78.40601, 16.79763],
        [78.40476, 16.79747],
        [78.40464, 16.79749],
        [78.40452, 16.7975],
        [78.4007, 16.79742],
        [78.4006, 16.79741],
        [78.40048, 16.79738],
        [78.39888, 16.79729],
        [78.39867, 16.7967],
        [78.39814, 16.79567],
        [78.39808, 16.79557],
        [78.39805, 16.79553],
        [78.39801, 16.79548],
        [78.39761, 16.79511],
        [78.39669, 16.79428],
        [78.3966, 16.79417],
        [78.39633, 16.79393],
        [78.3962, 16.79374],
        [78.39605, 16.79351],
        [78.39574, 16.79305],
        [78.39549, 16.79274],
        [78.39539, 16.79261],
        [78.39426, 16.79121],
        [78.3941, 16.791],
        [78.39406, 16.79072],
        [78.39379, 16.78993],
        [78.39302, 16.78746],
        [78.39278, 16.78669],
        [78.39272, 16.78638],
        [78.39247, 16.78604],
        [78.39226, 16.78574],
        [78.39193, 16.78512],
        [78.39139, 16.78419],
        [78.39081, 16.78318],
        [78.39009, 16.78193],
        [78.38995, 16.7817],
        [78.38986, 16.78185],
        [78.38956, 16.78231],
        [78.38913, 16.7829],
        [78.38911, 16.78296],
        [78.3891, 16.78305],
        [78.38906, 16.78306],
        [78.38883, 16.78312],
        [78.38761, 16.78345],
        [78.38697, 16.78361],
        [78.38695, 16.78362],
        [78.38678, 16.78364],
        [78.38514, 16.78385],
        [78.38502, 16.78382],
        [78.38392, 16.78366],
        [78.38378, 16.78364],
        [78.38203, 16.7838],
        [78.38184, 16.78383],
        [78.38142, 16.78388],
        [78.38109, 16.78406],
        [78.37988, 16.7847],
        [78.3795, 16.7848],
        [78.37862, 16.78555],
        [78.37837, 16.78576],
        [78.37799, 16.78651],
        [78.37748, 16.78748],
        [78.37727, 16.78789],
        [78.37672, 16.78888],
        [78.37665, 16.78987],
        [78.37665, 16.78991],
        [78.37664, 16.78994],
        [78.37642, 16.79025],
        [78.37562, 16.79137],
        [78.37492, 16.79181],
        [78.37434, 16.79217],
        [78.37223, 16.79297],
        [78.37039, 16.79381],
        [78.36899, 16.79367],
        [78.36788, 16.79421],
        [78.3671, 16.79427],
        [78.3662, 16.79434],
        [78.36506, 16.79442],
        [78.36328, 16.79525],
        [78.36261, 16.79544],
        [78.36133, 16.79581],
        [78.35979, 16.79595],
        [78.35724, 16.796],
        [78.35672, 16.79653],
        [78.35502, 16.79504],
        [78.35288, 16.79442],
        [78.35276, 16.79438],
        [78.3517, 16.79406],
        [78.35098, 16.79383],
        [78.35036, 16.79364],
        [78.34977, 16.79351],
        [78.34817, 16.79311],
        [78.34782, 16.79277],
        [78.34778, 16.79259],
        [78.34766, 16.79226],
        [78.34768, 16.79125],
        [78.34717, 16.79046],
        [78.34638, 16.78923],
        [78.34659, 16.78867],
        [78.34704, 16.78785],
        [78.34744, 16.78712],
        [78.34798, 16.78613],
        [78.34856, 16.78566],
        [78.34845, 16.78566],
        [78.34837, 16.78565],
        [78.34809, 16.78564],
        [78.34756, 16.78575],
        [78.34745, 16.78577],
        [78.34584, 16.78629],
        [78.34573, 16.78633],
        [78.34507, 16.7866],
        [78.34435, 16.78722],
        [78.34374, 16.78775],
        [78.34324, 16.78815],
        [78.34272, 16.78862],
        [78.34083, 16.79047],
        [78.33718, 16.7927],
        [78.33649, 16.79346],
        [78.33256, 16.79504],
        [78.33256, 16.7951],
        [78.33228, 16.79515],
        [78.33204, 16.79519],
        [78.33214, 16.79589],
        [78.3322, 16.79634],
        [78.33227, 16.79679],
        [78.33229, 16.79696],
        [78.33235, 16.79738],
        [78.33218, 16.79752],
        [78.33196, 16.7977],
        [78.33298, 16.79785],
        [78.33257, 16.79995],
        [78.33308, 16.80079],
        [78.33351, 16.80328],
        [78.33398, 16.80392],
        [78.33399, 16.80423],
        [78.33418, 16.80615],
        [78.33432, 16.80708],
        [78.33432, 16.80726],
        [78.33435, 16.80754],
        [78.3344, 16.80799],
        [78.33442, 16.80815],
        [78.33442, 16.80817],
        [78.33445, 16.80828],
        [78.33445, 16.8083],
        [78.33447, 16.80844],
        [78.33451, 16.80894],
        [78.33466, 16.80979],
        [78.33471, 16.81004],
        [78.33474, 16.81097],
        [78.33475, 16.81113],
        [78.33477, 16.81175],
        [78.33496, 16.81176],
        [78.33496, 16.8118],
        [78.33495, 16.81223],
        [78.33492, 16.81314],
        [78.33492, 16.81322],
        [78.33492, 16.81336],
        [78.33496, 16.81351],
        [78.33497, 16.81354],
        [78.33498, 16.81373],
        [78.33502, 16.81443],
        [78.33504, 16.81458],
        [78.3349, 16.81512],
        [78.33482, 16.81544],
        [78.33482, 16.81568],
        [78.33478, 16.81579],
        [78.33463, 16.81622],
        [78.3345, 16.81692],
        [78.33439, 16.8171],
        [78.3343, 16.81724],
        [78.33279, 16.81854],
        [78.33253, 16.81892],
        [78.33161, 16.82024],
        [78.33116, 16.82086],
        [78.33086, 16.82112],
        [78.32965, 16.82213],
        [78.32969, 16.82226],
        [78.32949, 16.82235],
        [78.32886, 16.82282],
        [78.32828, 16.82333],
        [78.32803, 16.82359],
        [78.32706, 16.8239],
        [78.32665, 16.82404],
        [78.32587, 16.82428],
        [78.32451, 16.82469],
        [78.32407, 16.82483],
        [78.32319, 16.82534],
        [78.32305, 16.82543],
        [78.32304, 16.82544],
        [78.32295, 16.82553],
        [78.32297, 16.82556],
        [78.32295, 16.82572],
        [78.32288, 16.82629],
        [78.32294, 16.82629],
        [78.32295, 16.8265],
        [78.32303, 16.82763],
        [78.32303, 16.82769],
        [78.32342, 16.82881],
        [78.32347, 16.82893],
        [78.32347, 16.82899],
        [78.32358, 16.8298],
        [78.32366, 16.83034],
        [78.32366, 16.83038],
        [78.32365, 16.8305],
        [78.32347, 16.83047],
        [78.32345, 16.83047],
        [78.32331, 16.8305],
        [78.32332, 16.83066],
        [78.32332, 16.83069],
        [78.32338, 16.83113],
        [78.32352, 16.83219],
        [78.32349, 16.83219],
        [78.32334, 16.83223],
        [78.32337, 16.83231],
        [78.32354, 16.83328],
        [78.32362, 16.83384],
        [78.32362, 16.83395],
        [78.3236, 16.83414],
        [78.32356, 16.83526],
        [78.32356, 16.83539],
        [78.32359, 16.83554],
        [78.32357, 16.83575],
        [78.32362, 16.83692],
        [78.32365, 16.83765],
        [78.32369, 16.83849],
        [78.3237, 16.83871],
        [78.3237, 16.83881],
        [78.32371, 16.8388],
        [78.32375, 16.8389],
        [78.32377, 16.83901],
        [78.32378, 16.83903],
        [78.32396, 16.83965],
        [78.32435, 16.84087],
        [78.32444, 16.84114],
        [78.32446, 16.84126],
        [78.32448, 16.84131],
        [78.32451, 16.84136],
        [78.32471, 16.84207],
        [78.32469, 16.84207],
        [78.32478, 16.84231],
        [78.32555, 16.84431],
        [78.32557, 16.84453],
        [78.32563, 16.84536],
        [78.32567, 16.84557],
        [78.32581, 16.84631],
        [78.326, 16.8473],
        [78.32604, 16.84779],
        [78.32608, 16.84833],
        [78.32617, 16.84825],
        [78.32627, 16.84833],
        [78.32667, 16.8487],
        [78.32685, 16.84885],
        [78.32817, 16.84997],
        [78.32837, 16.85021],
        [78.32896, 16.85091],
        [78.32976, 16.85148],
        [78.32982, 16.85152],
        [78.33035, 16.8519],
        [78.33046, 16.85201],
        [78.33051, 16.85218],
        [78.33078, 16.85211],
        [78.33093, 16.85207],
        [78.33105, 16.85208],
        [78.33316, 16.85248],
        [78.33364, 16.85257],
        [78.33381, 16.8526],
        [78.33393, 16.85257],
        [78.33582, 16.85237],
        [78.33598, 16.85237],
        [78.3361, 16.85233],
        [78.33646, 16.85227],
        [78.33846, 16.85188],
        [78.33889, 16.8518],
        [78.33901, 16.85178],
        [78.33916, 16.85177],
        [78.3389, 16.85306],
        [78.33857, 16.85471],
        [78.33853, 16.85494],
        [78.33816, 16.85685],
        [78.33802, 16.85735],
        [78.33782, 16.85809],
        [78.33804, 16.85829],
        [78.33802, 16.85843],
        [78.3378, 16.85965],
        [78.33773, 16.86114],
        [78.33771, 16.86162],
        [78.3376, 16.8621],
        [78.33743, 16.86254],
        [78.33734, 16.86277],
        [78.33701, 16.8636],
        [78.33701, 16.86556],
        [78.33763, 16.86712],
        [78.3377, 16.86726],
        [78.33792, 16.86744],
        [78.33804, 16.86754],
        [78.3386, 16.86867],
        [78.3387, 16.86887],
        [78.33871, 16.86889],
        [78.33885, 16.86923],
        [78.33949, 16.87049],
        [78.3398, 16.87111],
        [78.34081, 16.87336],
        [78.34109, 16.87392],
        [78.34141, 16.87447],
        [78.34144, 16.87458],
        [78.34191, 16.8761],
        [78.342, 16.87639],
        [78.3424, 16.87749],
        [78.34261, 16.87893],
        [78.34381, 16.87891],
        [78.3441, 16.87893],
        [78.34466, 16.87887],
        [78.34491, 16.87883],
        [78.34537, 16.87878],
        [78.34605, 16.87865],
        [78.34663, 16.87862],
        [78.34744, 16.87908],
        [78.34983, 16.87996],
        [78.35003, 16.88004],
        [78.35119, 16.88009],
        [78.35218, 16.8803],
        [78.35259, 16.88038],
        [78.35606, 16.88069],
        [78.35749, 16.88104],
        [78.3599, 16.88073],
        [78.36173, 16.87973],
        [78.36262, 16.87934],
        [78.36326, 16.87906],
        [78.36403, 16.87869],
        [78.36528, 16.87798],
        [78.36538, 16.87796],
        [78.3673, 16.87718],
        [78.36735, 16.87726],
        [78.36736, 16.87739],
        [78.36966, 16.87859],
        [78.37116, 16.87938],
        [78.37182, 16.87981],
        [78.37273, 16.88041],
        [78.37347, 16.88093],
        [78.37383, 16.88117],
        [78.37563, 16.88237],
        [78.37604, 16.88265],
        [78.37674, 16.88311],
        [78.37708, 16.88334],
        [78.37738, 16.88364],
        [78.37858, 16.88484],
        [78.37868, 16.88519],
        [78.3787, 16.88525],
        [78.37902, 16.88657],
        [78.37922, 16.88705],
        [78.37951, 16.88779],
        [78.38004, 16.88898],
        [78.38005, 16.88902],
        [78.38098, 16.89087],
        [78.38106, 16.89083],
        [78.38119, 16.89078],
        [78.38129, 16.89074],
        [78.38362, 16.88968],
        [78.38365, 16.88966],
        [78.38379, 16.88961],
        [78.38393, 16.88953],
        [78.38438, 16.88929],
        [78.38579, 16.88871],
        [78.38583, 16.8887],
        [78.38638, 16.88848],
        [78.38658, 16.88843],
        [78.38672, 16.88835],
        [78.38812, 16.8877],
        [78.38828, 16.8876],
        [78.38829, 16.88759],
        [78.38846, 16.88751],
        [78.38911, 16.88708],
        [78.38912, 16.88708],
        [78.38969, 16.88678],
        [78.38989, 16.88668],
        [78.38996, 16.88705],
        [78.39008, 16.88739],
        [78.39056, 16.889],
        [78.39074, 16.88922],
        [78.39087, 16.88939],
        [78.39095, 16.88951],
        [78.39137, 16.89063],
        [78.39138, 16.89078],
        [78.39141, 16.89085],
        [78.39148, 16.89102],
        [78.39202, 16.89234],
        [78.39206, 16.89243],
        [78.39282, 16.89434],
        [78.39291, 16.89457],
        [78.39305, 16.89492],
        [78.3936, 16.89619],
        [78.39379, 16.89663],
        [78.39423, 16.89765],
        [78.39467, 16.89889],
        [78.3948, 16.89924],
        [78.39503, 16.89985],
        [78.39514, 16.90002],
        [78.39533, 16.90046],
        [78.39551, 16.90095],
        [78.39563, 16.9013],
        [78.39582, 16.90183],
        [78.39587, 16.90194],
        [78.39603, 16.90238],
        [78.39626, 16.90298],
        [78.39636, 16.90324],
        [78.39643, 16.90341],
        [78.3965, 16.90361],
        [78.39682, 16.90479],
        [78.39698, 16.90537],
        [78.39701, 16.90545],
        [78.39762, 16.90651],
        [78.39799, 16.90705],
        [78.39797, 16.90704],
        [78.39788, 16.90701],
        [78.39591, 16.90749],
        [78.39577, 16.90752],
        [78.39469, 16.90785],
        [78.3929, 16.90841],
        [78.39216, 16.90864],
        [78.39207, 16.90867],
        [78.39184, 16.90874],
        [78.39136, 16.90889],
        [78.39118, 16.90896],
        [78.39033, 16.90923],
        [78.38947, 16.90951],
        [78.38939, 16.90953],
        [78.38883, 16.90971],
        [78.38833, 16.90987],
        [78.388, 16.90998],
        [78.38755, 16.91013],
        [78.38621, 16.91053],
        [78.38541, 16.91079],
        [78.38381, 16.9113],
        [78.38215, 16.91182],
        [78.38195, 16.91188],
        [78.38107, 16.91215],
        [78.3804, 16.91237],
        [78.38027, 16.91241],
        [78.37796, 16.9132],
        [78.37732, 16.91414],
        [78.37678, 16.91493],
        [78.37615, 16.91625],
        [78.37583, 16.91654],
        [78.3758, 16.91656],
        [78.37523, 16.91762],
        [78.37519, 16.91776],
        [78.37503, 16.91812],
        [78.37494, 16.91831],
        [78.37491, 16.91848],
        [78.3749, 16.91852],
        [78.37489, 16.91855],
        [78.37486, 16.91875],
        [78.37477, 16.91887],
        [78.37451, 16.9194],
        [78.37442, 16.91998],
        [78.37442, 16.92008],
        [78.3744, 16.92033],
        [78.37433, 16.92071],
        [78.3742, 16.9211],
        [78.37416, 16.92118],
        [78.37409, 16.92129],
        [78.37398, 16.92166],
        [78.37348, 16.92292],
        [78.37341, 16.92353],
        [78.37318, 16.92411],
        [78.37315, 16.9242],
        [78.3731, 16.92431],
        [78.37293, 16.92471],
        [78.37267, 16.92494],
        [78.37253, 16.92506],
        [78.37243, 16.92535],
        [78.3722, 16.92562],
        [78.37218, 16.92566],
        [78.37218, 16.92607],
        [78.37219, 16.92615],
        [78.37225, 16.92653],
        [78.37237, 16.92659],
        [78.37243, 16.92697],
        [78.37314, 16.9275],
        [78.37314, 16.92751],
        [78.37335, 16.92766],
        [78.37341, 16.92802],
        [78.3734, 16.92807],
        [78.37313, 16.92877],
        [78.37271, 16.92917],
        [78.37269, 16.92922],
        [78.37244, 16.92981],
        [78.37249, 16.92998],
        [78.37269, 16.93073],
        [78.37269, 16.93074],
        [78.37313, 16.93093],
        [78.37466, 16.93158],
        [78.37491, 16.93163],
        [78.37515, 16.93167],
        [78.37501, 16.93199],
        [78.37513, 16.93201],
        [78.37512, 16.9321],
        [78.37505, 16.93253],
        [78.37467, 16.933],
        [78.3748, 16.93473],
        [78.3748, 16.93482],
        [78.37476, 16.93534],
        [78.37473, 16.93603],
        [78.37473, 16.93637],
        [78.37475, 16.93749],
        [78.37485, 16.93794],
        [78.37484, 16.93848],
        [78.37473, 16.93927],
        [78.37473, 16.93931],
        [78.37474, 16.93939],
        [78.37474, 16.93946],
        [78.37481, 16.93959],
        [78.3751, 16.94046],
        [78.37588, 16.94286],
        [78.37591, 16.943],
        [78.37599, 16.94328],
        [78.37611, 16.94392],
        [78.37624, 16.94388],
        [78.37661, 16.94377],
        [78.37842, 16.94319],
        [78.37861, 16.94315],
        [78.37865, 16.94314],
        [78.37865, 16.94315],
        [78.37875, 16.94314],
        [78.37892, 16.94308],
        [78.37912, 16.94305],
        [78.37949, 16.94279],
        [78.37977, 16.94263],
        [78.37993, 16.94247],
        [78.38108, 16.94129],
        [78.38113, 16.94124],
        [78.38147, 16.94078],
        [78.38164, 16.94066],
        [78.3818, 16.9406],
        [78.38182, 16.94059],
        [78.38224, 16.94051],
        [78.38226, 16.94051],
        [78.38225, 16.94047],
        [78.38223, 16.94038],
        [78.38244, 16.94023],
        [78.38255, 16.93984],
        [78.38256, 16.93979],
        [78.38258, 16.93963],
        [78.3826, 16.93959],
        [78.38285, 16.93906],
        [78.38298, 16.93896],
        [78.38303, 16.93894],
        [78.38308, 16.93892],
        [78.38325, 16.93879],
        [78.38337, 16.9387],
        [78.38384, 16.93868],
        [78.38392, 16.93867],
        [78.38424, 16.93832],
        [78.38425, 16.93827],
        [78.38475, 16.93881],
        [78.38482, 16.93912],
        [78.38474, 16.93947],
        [78.38537, 16.94083],
        [78.38541, 16.94102],
        [78.38575, 16.9415],
        [78.38614, 16.94173],
        [78.38677, 16.94217],
        [78.38718, 16.94228],
        [78.38737, 16.94217],
        [78.38802, 16.94176],
        [78.38873, 16.94155],
        [78.38896, 16.94153],
        [78.38906, 16.94167],
        [78.38972, 16.94269],
        [78.38972, 16.94274],
        [78.38979, 16.94497],
        [78.39001, 16.94523],
        [78.39068, 16.94611],
        [78.39072, 16.94623],
        [78.39395, 16.94552],
        [78.39422, 16.94597],
        [78.39505, 16.94735],
        [78.39533, 16.94807],
        [78.39603, 16.9487],
        [78.39757, 16.94914],
        [78.39806, 16.94937],
        [78.39817, 16.94943],
        [78.39828, 16.94984],
        [78.39866, 16.95132],
        [78.39881, 16.95159],
        [78.40055, 16.95128],
        [78.40086, 16.95141],
        [78.40122, 16.95156],
        [78.40135, 16.95162],
        [78.40151, 16.95173],
        [78.40191, 16.95202],
        [78.40205, 16.95212],
        [78.40216, 16.95389],
        [78.4022, 16.95455],
        [78.4022, 16.95496],
        [78.40145, 16.95604],
        [78.4009, 16.95636],
        [78.40083, 16.95665],
        [78.40199, 16.95764],
        [78.40203, 16.95839],
        [78.40397, 16.9591],
        [78.404, 16.96105],
        [78.40402, 16.96175],
        [78.40336, 16.96253],
        [78.40349, 16.96328],
        [78.40489, 16.96483],
        [78.4053, 16.96635],
        [78.40556, 16.96729],
        [78.40493, 16.96735],
        [78.40481, 16.96737],
        [78.4038, 16.96743],
        [78.40352, 16.96745],
        [78.40346, 16.96745],
        [78.40335, 16.96745],
        [78.40317, 16.96751],
        [78.40276, 16.96752],
        [78.4007, 16.96754],
        [78.40056, 16.96754],
        [78.40047, 16.96755],
        [78.40046, 16.96755],
        [78.39981, 16.96754],
        [78.39964, 16.96757],
        [78.39943, 16.96988],
        [78.39938, 16.97033],
        [78.39957, 16.97176],
        [78.39962, 16.97215],
        [78.40019, 16.97438],
        [78.40025, 16.97461],
        [78.40086, 16.97592],
        [78.4009, 16.97601],
        [78.40107, 16.97805],
        [78.40135, 16.97964],
        [78.40138, 16.97971],
        [78.40199, 16.98109],
        [78.40206, 16.98125],
        [78.40241, 16.98195],
        [78.40317, 16.98347],
        [78.40322, 16.98363],
        [78.40342, 16.9842],
        [78.40344, 16.98427],
        [78.40382, 16.98542],
        [78.40397, 16.98587],
        [78.40405, 16.98769],
        [78.40436, 16.98836],
        [78.40483, 16.98916],
        [78.4056, 16.99058],
        [78.40563, 16.99064],
        [78.4059, 16.99114],
        [78.40668, 16.99298],
        [78.40682, 16.9933],
        [78.40694, 16.99358],
        [78.40759, 16.99501],
        [78.40785, 16.9956],
        [78.40867, 16.99677],
        [78.40898, 16.99781],
        [78.41014, 17.00044],
        [78.41106, 17.00208],
        [78.41115, 17.00223],
        [78.41123, 17.00234],
        [78.41193, 17.00347],
        [78.412, 17.00359],
        [78.41207, 17.00369],
        [78.41306, 17.00547],
        [78.41338, 17.00626],
        [78.41408, 17.00777],
        [78.41416, 17.0079],
        [78.41493, 17.00991],
        [78.41512, 17.01034],
        [78.41513, 17.01035],
        [78.41517, 17.01045],
        [78.41519, 17.01056],
        [78.41538, 17.01249],
        [78.41541, 17.01286],
        [78.41545, 17.01328],
        [78.41548, 17.01368],
        [78.41556, 17.01489],
        [78.41558, 17.0151],
        [78.41643, 17.01484],
        [78.41652, 17.01479],
        [78.41672, 17.01475],
        [78.41689, 17.01466],
        [78.41706, 17.01459],
        [78.41728, 17.01453],
        [78.41761, 17.01451],
        [78.41824, 17.01447],
        [78.41978, 17.01432],
        [78.42, 17.01426],
        [78.42066, 17.01399],
        [78.42086, 17.01391],
        [78.42151, 17.01358],
        [78.42171, 17.01351],
        [78.42183, 17.01342],
        [78.4223, 17.01314],
        [78.42295, 17.01273],
        [78.4235, 17.0125],
        [78.42403, 17.01228],
        [78.42526, 17.01176],
        [78.42647, 17.01113],
        [78.42684, 17.01093],
        [78.42709, 17.01079],
        [78.4274, 17.01062],
        [78.42751, 17.01055],
        [78.42769, 17.01044],
        [78.42807, 17.01022],
        [78.42822, 17.01014],
        [78.42884, 17.00979],
        [78.42914, 17.00962],
        [78.4292, 17.00959],
        [78.42926, 17.00955],
        [78.42939, 17.00949],
        [78.42966, 17.00938],
        [78.43024, 17.00913],
        [78.43026, 17.00913],
        [78.43107, 17.00884],
        [78.43182, 17.00858],
        [78.43312, 17.00816],
        [78.43419, 17.00782],
        [78.43475, 17.00764],
        [78.43589, 17.00708],
        [78.43587, 17.00705],
        [78.43653, 17.00644],
        [78.43702, 17.00601],
        [78.43727, 17.0058],
        [78.43761, 17.00552],
        [78.4391, 17.00447],
        [78.43913, 17.00462],
        [78.44005, 17.00397],
        [78.44107, 17.00337],
        [78.4414, 17.00314],
        [78.44166, 17.00295],
        [78.44189, 17.00289],
        [78.44367, 17.00323],
        [78.44406, 17.00311],
        [78.44449, 17.00298],
        [78.44469, 17.00291],
        [78.44542, 17.00269],
        [78.4457, 17.00256],
        [78.44576, 17.00253],
        [78.44744, 17.00174],
        [78.44755, 17.00169],
        [78.44765, 17.00165],
        [78.44777, 17.00159],
        [78.44796, 17.0015],
        [78.44816, 17.00141],
        [78.44849, 17.00125],
        [78.45066, 17.00024],
        [78.4508, 17.00017],
        [78.45101, 17.00007],
        [78.45144, 16.99996],
        [78.45259, 16.99968],
        [78.45285, 16.99961],
        [78.45308, 16.99955],
        [78.45346, 16.99946],
        [78.45402, 16.99932],
        [78.45446, 16.9992],
        [78.45473, 16.99914],
        [78.45482, 16.99911],
        [78.455, 16.99907],
        [78.45548, 16.99895],
        [78.45554, 16.99893],
        [78.45591, 16.99884],
        [78.45635, 16.99873],
        [78.45654, 16.99868],
        [78.45659, 16.99867],
        [78.45689, 16.99859],
        [78.45693, 16.99858],
        [78.45671, 16.99793],
        [78.45666, 16.99781],
        [78.45544, 16.99416],
        [78.45552, 16.99412],
        [78.4556, 16.99409],
        [78.45574, 16.99405],
        [78.45605, 16.99395],
        [78.45618, 16.99391],
        [78.45663, 16.99377],
        [78.45712, 16.99362],
        [78.45722, 16.99359],
        [78.45735, 16.99356],
        [78.45793, 16.9934],
        [78.45811, 16.99335],
        [78.45822, 16.99332],
        [78.45834, 16.99329],
        [78.45841, 16.99327],
        [78.45851, 16.99323],
        [78.45862, 16.9932],
        [78.45973, 16.99292],
        [78.46016, 16.99282],
        [78.46018, 16.99281],
        [78.46023, 16.99196],
        [78.46027, 16.99183],
        [78.46024, 16.99166],
        [78.46028, 16.99108],
        [78.4603, 16.99083],
        [78.46036, 16.9903],
        [78.46029, 16.99001],
        [78.46011, 16.98929],
        [78.46006, 16.9891],
        [78.46005, 16.98897],
        [78.46002, 16.98874],
        [78.45998, 16.9884],
        [78.45991, 16.98784],
        [78.45979, 16.98683],
        [78.45975, 16.98654],
        [78.45972, 16.98627],
        [78.45972, 16.98611],
        [78.45962, 16.98549],
        [78.45916, 16.98396],
        [78.46153, 16.98509],
        [78.46202, 16.98532],
        [78.46248, 16.98527],
        [78.46281, 16.98551],
        [78.46395, 16.98632],
        [78.46413, 16.98637],
        [78.46725, 16.98733],
        [78.46807, 16.98766],
        [78.46783, 16.98818],
        [78.46828, 16.98844],
        [78.4686, 16.98901],
        [78.46901, 16.98903],
        [78.46913, 16.98903],
        [78.46919, 16.98903],
        [78.46937, 16.98911],
        [78.47008, 16.98941],
        [78.47042, 16.98913],
        [78.47132, 16.98914],
        [78.47178, 16.98967],
        [78.47191, 16.98982],
        [78.47203, 16.98997],
        [78.47285, 16.99018],
        [78.47336, 16.9902],
        [78.47343, 16.99021],
        [78.47355, 16.99021],
        [78.47373, 16.99022],
        [78.47447, 16.99025],
        [78.47543, 16.99099],
        [78.4773, 16.99243],
        [78.47737, 16.99249],
        [78.47748, 16.99259],
        [78.4782, 16.99325],
        [78.47823, 16.99328],
        [78.47824, 16.99329],
        [78.4801, 16.99536],
        [78.48073, 16.99606],
        [78.48132, 16.99617],
        [78.48206, 16.99645],
        [78.48223, 16.99666],
        [78.48248, 16.99695],
        [78.48251, 16.99699],
        [78.48277, 16.99731],
        [78.4829, 16.99746],
        [78.48287, 16.99817],
        [78.48286, 16.99831],
        [78.48343, 16.99872],
        [78.48354, 16.9988],
        [78.48407, 16.99924],
        [78.48413, 16.99929],
        [78.48423, 16.99939],
        [78.48446, 16.99963],
        [78.48448, 16.99966],
        [78.4853, 17.00052],
        [78.48543, 17.00065],
        [78.48546, 17.00069],
        [78.4858, 17.00105],
        [78.48626, 17.00153],
        [78.48629, 17.00156],
        [78.48741, 17.0027],
        [78.4875, 17.00279],
        [78.48808, 17.00343],
        [78.4887, 17.00375],
        [78.48877, 17.00379],
        [78.48889, 17.00385],
        [78.48908, 17.00388],
        [78.48935, 17.00392],
        [78.48945, 17.00393],
        [78.48969, 17.00546],
        [78.48967, 17.00561],
        [78.48968, 17.00637],
        [78.48978, 17.00739],
        [78.48981, 17.00743],
        [78.49006, 17.00769],
        [78.49034, 17.00798],
        [78.49039, 17.00804],
        [78.49091, 17.00858],
        [78.49098, 17.00867],
        [78.49103, 17.00874],
        [78.49111, 17.00885],
        [78.49131, 17.00912],
        [78.49179, 17.00977],
        [78.49187, 17.00989],
        [78.49188, 17.01001],
        [78.49192, 17.01017],
        [78.49202, 17.01061],
        [78.49241, 17.01226],
        [78.4925, 17.01227],
        [78.49257, 17.01241],
        [78.49311, 17.01408],
        [78.49315, 17.01416],
        [78.49315, 17.01417],
        [78.49318, 17.01423],
        [78.49319, 17.01425],
        [78.49308, 17.01429],
        [78.49306, 17.01429],
        [78.49302, 17.0143],
        [78.493, 17.01431],
        [78.49289, 17.01435],
        [78.49289, 17.0144],
        [78.49313, 17.01598],
        [78.49319, 17.01608],
        [78.49437, 17.01786],
        [78.49447, 17.01803],
        [78.49448, 17.01779],
        [78.49451, 17.0172],
        [78.49473, 17.01749],
        [78.49507, 17.01404],
        [78.49774, 17.01264],
        [78.49788, 17.01255],
        [78.49799, 17.01247],
        [78.50023, 17.0113],
        [78.50091, 17.01095],
        [78.50095, 17.01089],
        [78.50099, 17.01084],
        [78.50113, 17.01074],
        [78.50144, 17.01051],
        [78.50156, 17.01042],
        [78.50218, 17.00967],
        [78.50284, 17.0087],
        [78.50299, 17.00849],
        [78.50331, 17.00859],
        [78.50347, 17.0086],
        [78.50432, 17.00866],
        [78.50433, 17.00865],
        [78.50461, 17.0085],
        [78.50536, 17.00818],
        [78.50563, 17.00806],
        [78.50632, 17.00777],
        [78.50756, 17.00749],
        [78.50769, 17.00746],
        [78.50801, 17.00711],
        [78.50909, 17.00594],
        [78.50926, 17.00583],
        [78.51008, 17.00542],
        [78.51087, 17.00503],
        [78.511, 17.00493],
        [78.51391, 17.00271],
        [78.51395, 17.00264],
        [78.51428, 17.00203],
        [78.51464, 17.00135],
        [78.51472, 17.0012],
        [78.51498, 17.00072],
        [78.51499, 17.00071],
        [78.51667, 17.00003],
        [78.51697, 16.9997],
        [78.51875, 16.99781],
        [78.51891, 16.99763],
        [78.51919, 16.99734],
        [78.52092, 16.99555],
        [78.52271, 16.99371],
        [78.52369, 16.99332],
        [78.52482, 16.99294],
        [78.52529, 16.99275],
        [78.52699, 16.9921],
        [78.52863, 16.99148],
        [78.52884, 16.9914],
        [78.52908, 16.99131],
        [78.52928, 16.99123],
        [78.52992, 16.99097],
        [78.53097, 16.99086],
        [78.53111, 16.99084],
        [78.5318, 16.99077],
        [78.53199, 16.99075],
        [78.53269, 16.99068],
        [78.53299, 16.99025],
        [78.53338, 16.98974],
        [78.5335, 16.98975],
        [78.53376, 16.9897],
        [78.53391, 16.98964],
        [78.53398, 16.98955],
        [78.53411, 16.98952],
        [78.53429, 16.98938],
        [78.53455, 16.9892],
        [78.53461, 16.98918],
        [78.53485, 16.98907],
        [78.53557, 16.98871],
        [78.53574, 16.98861],
        [78.53577, 16.98856],
        [78.53604, 16.98841],
        [78.53624, 16.98833],
        [78.53634, 16.98826],
        [78.53638, 16.98819],
        [78.53737, 16.9878],
        [78.53769, 16.98768],
        [78.53933, 16.98769],
        [78.53963, 16.98756],
        [78.54079, 16.98709],
        [78.54096, 16.98706],
        [78.54291, 16.98681],
        [78.54307, 16.98684],
        [78.54418, 16.98677],
        [78.54432, 16.98676],
        [78.5444, 16.98676],
        [78.54691, 16.98675],
        [78.54732, 16.98675],
        [78.54837, 16.98671],
        [78.55044, 16.98683],
        [78.55273, 16.98636],
        [78.55412, 16.98607],
        [78.55533, 16.98582],
        [78.55702, 16.98619],
        [78.55771, 16.98634],
        [78.55779, 16.98636],
        [78.55793, 16.98613],
        [78.55931, 16.98383],
        [78.55958, 16.98348],
        [78.56056, 16.98221],
        [78.56107, 16.98156]
      ]
    ]
  }
}
