{
  "type": "Feature",
  "id": "TS-AC-86",
  "properties": {
    "stateName": "TELANGANA",
    "stateCode": "TS",
    "districtName": "NALGONDA",
    "acNo": 86,
    "acName": "ALAIR",
    "seatType": null,
    "pcNo": null,
    "pcName": null,
    "quality": "unverified",
    "sources": [
      "TBD"
    ]
  },
  "geometry": {
    "type": "Polygon",
    "coordinates": [
      [
        [78.91912, 17.80378],
        [78.91947, 17.8036],
        [78.9196, 17.80353],
        [78.91968, 17.80348],
        [78.91998, 17.80331],
        [78.92016, 17.80322],
        [78.92115, 17.80268],
        [78.92127, 17.80261],
        [78.9214, 17.80255],
        [78.92151, 17.80257],
        [78.92207, 17.80247],
        [78.92221, 17.80244],
        [78.92295, 17.8023],
        [78.92511, 17.80172],
        [78.9251, 17.80169],
        [78.92596, 17.80143],
        [78.92693, 17.80109],
        [78.92803, 17.80083],
        [78.92918, 17.8005],
        [78.92998, 17.80026],
        [78.9306, 17.8001],
        [78.93075, 17.80006],
        [78.93162, 17.79994],
        [78.93244, 17.79961],
        [78.93337, 17.79929],
        [78.93495, 17.79895],
        [78.93556, 17.79883],
        [78.93619, 17.79842],
        [78.93635, 17.79829],
        [78.93809, 17.79788],
        [78.93923, 17.79617],
        [78.93961, 17.79563],
        [78.93985, 17.79528],
        [78.9404, 17.7948],
        [78.94133, 17.79407],
        [78.94206, 17.79355],
        [78.94228, 17.79338],
        [78.94245, 17.79326],
        [78.94283, 17.79287],
        [78.9433, 17.79246],
        [78.9436, 17.79219],
        [78.94368, 17.79213],
        [78.9439, 17.79195],
        [78.94402, 17.79183],
        [78.94398, 17.79178],
        [78.94394, 17.79171],
        [78.94404, 17.79162],
        [78.94414, 17.79145],
        [78.94412, 17.79127],
        [78.94436, 17.79122],
        [78.94472, 17.79064],
        [78.94494, 17.79063],
        [78.94513, 17.79047],
        [78.94522, 17.79035],
        [78.94539, 17.79007],
        [78.94613, 17.78935],
        [78.94733, 17.7886],
        [78.94738, 17.78857],
        [78.94784, 17.78847],
        [78.94793, 17.78845],
        [78.94816, 17.78839],
        [78.94865, 17.78833],
        [78.94908, 17.78827],
        [78.9494, 17.78827],
        [78.9495, 17.78827],
        [78.94966, 17.78826],
        [78.9499, 17.78825],
        [78.95153, 17.78818],
        [78.95187, 17.7882],
        [78.9526, 17.7884],
        [78.95275, 17.78838],
        [78.95278, 17.78838],
        [78.95285, 17.78837],
        [78.95312, 17.78833],
        [78.95331, 17.78823],
        [78.95361, 17.78829],
        [78.9538, 17.78833],
        [78.95392, 17.78836],
        [78.95428, 17.78847],
        [78.95489, 17.78847],
        [78.95507, 17.78847],
        [78.95515, 17.78847],
        [78.95542, 17.78854],
        [78.95559, 17.78857],
        [78.95566, 17.78859],
        [78.95603, 17.78871],
        [78.95654, 17.78875],
        [78.95679, 17.78879],
        [78.95725, 17.78892],
        [78.95774, 17.78861],
        [78.95783, 17.78874],
        [78.95807, 17.78903],
        [78.95855, 17.78972],
        [78.95875, 17.78993],
        [78.95937, 17.79048],
        [78.95978, 17.79098],
        [78.95998, 17.79126],
        [78.96019, 17.79148],
        [78.96034, 17.79137],
        [78.96038, 17.79138],
        [78.96128, 17.79159],
        [78.96206, 17.79181],
        [78.96262, 17.79196],
        [78.96394, 17.79233],
        [78.96402, 17.79235],
        [78.96465, 17.79253],
        [78.96475, 17.79263],
        [78.96485, 17.79264],
        [78.96577, 17.79289],
        [78.96582, 17.7929],
        [78.96599, 17.79295],
        [78.96725, 17.79329],
        [78.96729, 17.7933],
        [78.9674, 17.79333],
        [78.96761, 17.79338],
        [78.96886, 17.79372],
        [78.96891, 17.79372],
        [78.969, 17.79373],
        [78.9692, 17.79376],
        [78.97026, 17.79399],
        [78.9706, 17.79407],
        [78.97165, 17.7943],
        [78.97181, 17.79435],
        [78.97199, 17.7944],
        [78.97199, 17.79441],
        [78.97235, 17.79449],
        [78.97243, 17.79451],
        [78.97258, 17.79455],
        [78.97268, 17.79457],
        [78.97355, 17.79476],
        [78.97374, 17.79481],
        [78.97441, 17.79498],
        [78.9766, 17.79551],
        [78.97668, 17.79563],
        [78.97797, 17.79694],
        [78.97844, 17.79746],
        [78.97888, 17.79777],
        [78.9799, 17.79847],
        [78.98001, 17.79844],
        [78.98016, 17.7984],
        [78.98021, 17.79874],
        [78.98164, 17.79827],
        [78.9828, 17.79797],
        [78.98306, 17.79812],
        [78.98337, 17.79817],
        [78.98374, 17.79784],
        [78.98468, 17.7973],
        [78.98484, 17.7972],
        [78.985, 17.79711],
        [78.98649, 17.7968],
        [78.98786, 17.79572],
        [78.98799, 17.79588],
        [78.98817, 17.79577],
        [78.98847, 17.79553],
        [78.98872, 17.79533],
        [78.98905, 17.79506],
        [78.99062, 17.79434],
        [78.99119, 17.79409],
        [78.99122, 17.79396],
        [78.99176, 17.79192],
        [78.9927, 17.7911],
        [78.99301, 17.79092],
        [78.99351, 17.7906],
        [78.99389, 17.79037],
        [78.99424, 17.79016],
        [78.99421, 17.79003],
        [78.99417, 17.78981],
        [78.99408, 17.78967],
        [78.99292, 17.7878],
        [78.99286, 17.78772],
        [78.9928, 17.78762],
        [78.99209, 17.78618],
        [78.99203, 17.78604],
        [78.99213, 17.78594],
        [78.99265, 17.78486],
        [78.99385, 17.78358],
        [78.99395, 17.78345],
        [78.994, 17.78336],
        [78.99422, 17.78294],
        [78.99435, 17.78269],
        [78.99472, 17.78193],
        [78.99476, 17.78185],
        [78.99481, 17.78177],
        [78.99485, 17.78165],
        [78.99502, 17.78125],
        [78.99518, 17.78088],
        [78.99522, 17.78078],
        [78.9953, 17.78066],
        [78.99548, 17.7804],
        [78.99615, 17.77946],
        [78.99623, 17.77933],
        [78.99667, 17.77867],
        [78.99688, 17.77835],
        [78.99696, 17.77824],
        [78.99702, 17.77815],
        [78.99749, 17.77762],
        [78.99762, 17.77743],
        [78.99784, 17.77702],
        [78.99806, 17.7766],
        [78.99817, 17.77642],
        [78.99818, 17.77628],
        [78.99851, 17.77542],
        [78.99857, 17.77527],
        [78.99898, 17.77478],
        [78.99959, 17.77404],
        [78.99994, 17.77296],
        [78.99984, 17.77273],
        [79.00009, 17.77205],
        [79.00019, 17.77174],
        [79.00023, 17.77163],
        [79.0003, 17.77142],
        [79.00036, 17.77132],
        [79.00041, 17.77119],
        [79.00051, 17.77099],
        [79.00073, 17.77054],
        [79.00066, 17.77046],
        [79.00063, 17.77037],
        [79.00059, 17.77019],
        [79.00058, 17.77015],
        [79.00056, 17.76992],
        [79.00056, 17.76978],
        [79.00056, 17.76972],
        [79.00046, 17.76944],
        [79.00015, 17.76863],
        [79.00014, 17.7686],
        [79.00014, 17.76854],
        [79.00008, 17.76844],
        [79.00006, 17.76829],
        [78.99992, 17.76748],
        [78.99987, 17.76741],
        [78.99985, 17.76739],
        [78.99976, 17.7673],
        [78.99977, 17.76716],
        [78.99973, 17.76696],
        [78.99967, 17.76674],
        [78.99955, 17.76636],
        [78.99952, 17.76628],
        [78.99941, 17.766],
        [78.99924, 17.76562],
        [78.99922, 17.76556],
        [78.9992, 17.76549],
        [78.99889, 17.76501],
        [78.99888, 17.76498],
        [78.99825, 17.7633],
        [78.99821, 17.76317],
        [78.99816, 17.76305],
        [78.99791, 17.76249],
        [78.99739, 17.76135],
        [78.99738, 17.76122],
        [78.9974, 17.7611],
        [78.9974, 17.76105],
        [78.99742, 17.76001],
        [78.99744, 17.7594],
        [78.99745, 17.75925],
        [78.99744, 17.75916],
        [78.99723, 17.75816],
        [78.99722, 17.75814],
        [78.9972, 17.75805],
        [78.9972, 17.75804],
        [78.99719, 17.75797],
        [78.99718, 17.75795],
        [78.99695, 17.75684],
        [78.99691, 17.75662],
        [78.99676, 17.75591],
        [78.99593, 17.75478],
        [78.99592, 17.75474],
        [78.9959, 17.75464],
        [78.99563, 17.75382],
        [78.99557, 17.75366],
        [78.99558, 17.75352],
        [78.99595, 17.75223],
        [78.99597, 17.75217],
        [78.99601, 17.75209],
        [78.996, 17.75198],
        [78.99592, 17.75062],
        [78.99665, 17.74989],
        [78.99663, 17.74987],
        [78.99661, 17.74986],
        [78.99659, 17.74985],
        [78.99659, 17.74984],
        [78.99697, 17.74902],
        [78.99749, 17.7479],
        [78.99772, 17.74776],
        [78.99781, 17.7477],
        [78.99851, 17.74727],
        [78.99866, 17.74722],
        [78.99879, 17.74714],
        [79.00012, 17.7463],
        [79.00058, 17.74601],
        [79.00108, 17.74523],
        [79.00123, 17.74524],
        [79.00133, 17.74512],
        [79.00225, 17.7441],
        [79.00242, 17.74391],
        [79.00307, 17.74308],
        [79.00311, 17.74303],
        [79.00331, 17.74283],
        [79.00357, 17.74255],
        [79.00364, 17.74248],
        [79.00364, 17.74247],
        [79.0037, 17.74237],
        [79.0038, 17.74227],
        [79.00384, 17.74221],
        [79.00395, 17.74206],
        [79.00418, 17.74166],
        [79.0043, 17.74138],
        [79.00437, 17.74121],
        [79.00431, 17.7404],
        [79.00431, 17.74014],
        [79.00431, 17.73995],
        [79.00431, 17.7399],
        [79.00431, 17.73977],
        [79.0043, 17.73973],
        [79.00427, 17.73963],
        [79.00428, 17.73922],
        [79.00422, 17.73899],
        [79.00419, 17.73885],
        [79.00417, 17.7388],
        [79.004, 17.73812],
        [79.00396, 17.73796],
        [79.00389, 17.73769],
        [79.00388, 17.73767],
        [79.00384, 17.73753],
        [79.00393, 17.73739],
        [79.00444, 17.73689],
        [79.00455, 17.73677],
        [79.00449, 17.73655],
        [79.00434, 17.73621],
        [79.00439, 17.73619],
        [79.00549, 17.73533],
        [79.00579, 17.73509],
        [79.00645, 17.73379],
        [79.00768, 17.73278],
        [79.0087, 17.7319],
        [79.00984, 17.73079],
        [79.0099, 17.73074],
        [79.01008, 17.73056],
        [79.01033, 17.73035],
        [79.01182, 17.72914],
        [79.01187, 17.7291],
        [79.0121, 17.72892],
        [79.01223, 17.72883],
        [79.01289, 17.728],
        [79.01296, 17.72791],
        [79.01305, 17.7278],
        [79.014, 17.72718],
        [79.01471, 17.72671],
        [79.01474, 17.72669],
        [79.01598, 17.7258],
        [79.01603, 17.72576],
        [79.01682, 17.72494],
        [79.01696, 17.72476],
        [79.01704, 17.72467],
        [79.01713, 17.72455],
        [79.0173, 17.72471],
        [79.01736, 17.72463],
        [79.01786, 17.72396],
        [79.01822, 17.72357],
        [79.01833, 17.72345],
        [79.01852, 17.72313],
        [79.01855, 17.72307],
        [79.01907, 17.722],
        [79.01967, 17.72109],
        [79.01985, 17.721],
        [79.02008, 17.72079],
        [79.0203, 17.72048],
        [79.02047, 17.72026],
        [79.02078, 17.71982],
        [79.02236, 17.71836],
        [79.02238, 17.71831],
        [79.02256, 17.71782],
        [79.02287, 17.71699],
        [79.02335, 17.7172],
        [79.02358, 17.7173],
        [79.02365, 17.71734],
        [79.02462, 17.71645],
        [79.02476, 17.7162],
        [79.0248, 17.71614],
        [79.02483, 17.71608],
        [79.02483, 17.71605],
        [79.02486, 17.71603],
        [79.02488, 17.71601],
        [79.02487, 17.71601],
        [79.02484, 17.716],
        [79.02507, 17.71553],
        [79.02512, 17.71541],
        [79.02567, 17.71429],
        [79.026, 17.71379],
        [79.02604, 17.71373],
        [79.02676, 17.71263],
        [79.02677, 17.71262],
        [79.02679, 17.71259],
        [79.02687, 17.71247],
        [79.0271, 17.71212],
        [79.02719, 17.71202],
        [79.02785, 17.71129],
        [79.02797, 17.71117],
        [79.02811, 17.71109],
        [79.02823, 17.71102],
        [79.02987, 17.71031],
        [79.03, 17.71026],
        [79.03001, 17.71025],
        [79.03108, 17.70964],
        [79.03252, 17.70882],
        [79.03307, 17.70849],
        [79.03346, 17.70826],
        [79.03348, 17.70826],
        [79.03492, 17.70855],
        [79.03567, 17.7087],
        [79.03577, 17.70879],
        [79.03583, 17.70881],
        [79.03583, 17.7088],
        [79.03584, 17.7088],
        [79.03618, 17.70888],
        [79.03629, 17.7089],
        [79.03644, 17.70893],
        [79.03727, 17.70911],
        [79.03774, 17.70921],
        [79.03775, 17.70924],
        [79.0378, 17.70944],
        [79.03788, 17.70982],
        [79.03816, 17.71039],
        [79.0382, 17.71048],
        [79.03823, 17.71057],
        [79.03833, 17.71093],
        [79.03842, 17.71122],
        [79.03855, 17.71154],
        [79.03874, 17.71199],
        [79.03875, 17.71203],
        [79.03876, 17.71205],
        [79.03934, 17.71302],
        [79.03969, 17.71373],
        [79.03972, 17.71379],
        [79.03982, 17.71401],
        [79.03994, 17.7143],
        [79.04003, 17.71454],
        [79.04004, 17.71457],
        [79.04012, 17.71478],
        [79.04018, 17.71515],
        [79.04019, 17.71518],
        [79.04029, 17.71575],
        [79.0403, 17.71588],
        [79.04031, 17.71596],
        [79.0404, 17.7169],
        [79.04041, 17.71697],
        [79.04041, 17.71748],
        [79.04048, 17.71766],
        [79.04051, 17.71771],
        [79.04052, 17.71782],
        [79.04056, 17.71854],
        [79.04056, 17.71855],
        [79.04069, 17.71865],
        [79.04074, 17.71869],
        [79.04075, 17.71871],
        [79.04088, 17.71885],
        [79.04092, 17.71898],
        [79.04099, 17.71919],
        [79.04087, 17.71926],
        [79.04074, 17.7192],
        [79.04077, 17.71926],
        [79.04078, 17.71929],
        [79.04079, 17.71948],
        [79.0408, 17.71954],
        [79.0408, 17.71973],
        [79.04109, 17.71961],
        [79.04111, 17.71971],
        [79.04112, 17.71978],
        [79.04121, 17.72043],
        [79.04129, 17.72051],
        [79.04134, 17.72026],
        [79.04147, 17.72018],
        [79.04174, 17.72068],
        [79.04176, 17.72072],
        [79.04231, 17.72097],
        [79.0423, 17.72115],
        [79.0423, 17.72121],
        [79.0429, 17.72241],
        [79.04295, 17.72247],
        [79.04298, 17.72252],
        [79.04311, 17.72267],
        [79.04394, 17.72359],
        [79.04398, 17.72364],
        [79.04404, 17.72372],
        [79.04428, 17.72399],
        [79.04471, 17.72448],
        [79.0449, 17.7247],
        [79.04571, 17.72561],
        [79.04584, 17.72571],
        [79.04586, 17.72573],
        [79.04592, 17.72578],
        [79.04602, 17.72595],
        [79.0463, 17.72577],
        [79.04659, 17.72572],
        [79.04674, 17.72569],
        [79.0471, 17.7256],
        [79.04754, 17.72549],
        [79.0482, 17.72557],
        [79.04852, 17.72561],
        [79.04929, 17.7256],
        [79.0497, 17.7256],
        [79.05028, 17.72554],
        [79.05062, 17.7255],
        [79.05074, 17.72548],
        [79.0508, 17.72546],
        [79.05107, 17.72534],
        [79.05128, 17.72526],
        [79.05148, 17.72521],
        [79.05152, 17.7252],
        [79.0517, 17.72515],
        [79.05288, 17.7248],
        [79.05402, 17.72446],
        [79.05432, 17.72437],
        [79.05489, 17.72417],
        [79.05506, 17.72408],
        [79.05567, 17.72387],
        [79.0557, 17.72386],
        [79.05584, 17.72382],
        [79.05598, 17.72378],
        [79.05651, 17.72363],
        [79.05674, 17.72357],
        [79.05815, 17.72317],
        [79.05869, 17.72302],
        [79.05918, 17.72292],
        [79.05959, 17.72264],
        [79.05961, 17.72262],
        [79.05965, 17.72259],
        [79.06068, 17.72196],
        [79.06222, 17.72101],
        [79.06316, 17.72036],
        [79.06331, 17.72025],
        [79.06372, 17.71998],
        [79.06399, 17.71979],
        [79.0662, 17.7195],
        [79.06647, 17.71946],
        [79.06667, 17.71943],
        [79.06701, 17.71939],
        [79.06766, 17.71927],
        [79.06827, 17.71959],
        [79.06853, 17.71972],
        [79.06861, 17.72019],
        [79.06875, 17.721],
        [79.06908, 17.72092],
        [79.07029, 17.72063],
        [79.07196, 17.71944],
        [79.07296, 17.71801],
        [79.0733, 17.71751],
        [79.07354, 17.71718],
        [79.07456, 17.71572],
        [79.0753, 17.71516],
        [79.07542, 17.71507],
        [79.07657, 17.71418],
        [79.07755, 17.71333],
        [79.07777, 17.71321],
        [79.07863, 17.71271],
        [79.07882, 17.71238],
        [79.0789, 17.71226],
        [79.07962, 17.71209],
        [79.07998, 17.71185],
        [79.08039, 17.71148],
        [79.08066, 17.71128],
        [79.08098, 17.71105],
        [79.0818, 17.71056],
        [79.08224, 17.71053],
        [79.08269, 17.71067],
        [79.08274, 17.71069],
        [79.0828, 17.71052],
        [79.08284, 17.71046],
        [79.08304, 17.71014],
        [79.08294, 17.71002],
        [79.08283, 17.70988],
        [79.08281, 17.70986],
        [79.08275, 17.70979],
        [79.08266, 17.70969],
        [79.08269, 17.70941],
        [79.08277, 17.70868],
        [79.08286, 17.7084],
        [79.08311, 17.70775],
        [79.08291, 17.70682],
        [79.08276, 17.70607],
        [79.08423, 17.70544],
        [79.08492, 17.70508],
        [79.08583, 17.70448],
        [79.08765, 17.70365],
        [79.08825, 17.70253],
        [79.08841, 17.70237],
        [79.08896, 17.70188],
        [79.08903, 17.70182],
        [79.08917, 17.70154],
        [79.08927, 17.70136],
        [79.08952, 17.70111],
        [79.08979, 17.70035],
        [79.08994, 17.6997],
        [79.09001, 17.69928],
        [79.09003, 17.69918],
        [79.09005, 17.6991],
        [79.09006, 17.6991],
        [79.09014, 17.69913],
        [79.09009, 17.69895],
        [79.09008, 17.6989],
        [79.09006, 17.69885],
        [79.09005, 17.69882],
        [79.09001, 17.69869],
        [79.08986, 17.69805],
        [79.0898, 17.69783],
        [79.08977, 17.69775],
        [79.08955, 17.69723],
        [79.08949, 17.69707],
        [79.08955, 17.69708],
        [79.0895, 17.69695],
        [79.08903, 17.69603],
        [79.08903, 17.69602],
        [79.08904, 17.6959],
        [79.08915, 17.69475],
        [79.08916, 17.69459],
        [79.08921, 17.69444],
        [79.08927, 17.69424],
        [79.08941, 17.69382],
        [79.0895, 17.69351],
        [79.08973, 17.69274],
        [79.08977, 17.69258],
        [79.09018, 17.6911],
        [79.09035, 17.69058],
        [79.09043, 17.69033],
        [79.09048, 17.69021],
        [79.09054, 17.69008],
        [79.09165, 17.68864],
        [79.09177, 17.68851],
        [79.09184, 17.68839],
        [79.09191, 17.68827],
        [79.09209, 17.68808],
        [79.09231, 17.68784],
        [79.09238, 17.68775],
        [79.09248, 17.68763],
        [79.09351, 17.68639],
        [79.09377, 17.68606],
        [79.0941, 17.68566],
        [79.09419, 17.68555],
        [79.0943, 17.68546],
        [79.09434, 17.68544],
        [79.09443, 17.68538],
        [79.09514, 17.68511],
        [79.09604, 17.68483],
        [79.09619, 17.68475],
        [79.09621, 17.68473],
        [79.0963, 17.68465],
        [79.09672, 17.68425],
        [79.0968, 17.68417],
        [79.0969, 17.6842],
        [79.09695, 17.68421],
        [79.0976, 17.68437],
        [79.09777, 17.68443],
        [79.0978, 17.68426],
        [79.09791, 17.68414],
        [79.0982, 17.68377],
        [79.09779, 17.68259],
        [79.09777, 17.68254],
        [79.09776, 17.68249],
        [79.09763, 17.68153],
        [79.0976, 17.68139],
        [79.0975, 17.68118],
        [79.09748, 17.68112],
        [79.09736, 17.68086],
        [79.09735, 17.68082],
        [79.09733, 17.68078],
        [79.09727, 17.68066],
        [79.09727, 17.68065],
        [79.09725, 17.68061],
        [79.09738, 17.68021],
        [79.09771, 17.67942],
        [79.09777, 17.67931],
        [79.09782, 17.67921],
        [79.09789, 17.67908],
        [79.09791, 17.67902],
        [79.09794, 17.67895],
        [79.09795, 17.67891],
        [79.09807, 17.67897],
        [79.0981, 17.67899],
        [79.09811, 17.679],
        [79.09884, 17.67929],
        [79.09912, 17.6794],
        [79.09936, 17.67947],
        [79.09971, 17.6796],
        [79.09971, 17.6795],
        [79.09971, 17.67945],
        [79.0997, 17.67936],
        [79.09974, 17.67927],
        [79.09977, 17.6792],
        [79.09991, 17.67893],
        [79.09995, 17.67884],
        [79.09996, 17.67884],
        [79.09996, 17.67875],
        [79.09996, 17.67864],
        [79.10017, 17.67841],
        [79.09993, 17.67821],
        [79.09985, 17.67815],
        [79.09977, 17.67784],
        [79.09987, 17.67775],
        [79.10239, 17.67545],
        [79.10255, 17.67538],
        [79.10268, 17.67537],
        [79.10277, 17.67535],
        [79.1038, 17.67509],
        [79.10474, 17.67485],
        [79.10562, 17.6745],
        [79.10563, 17.6745],
        [79.10625, 17.67431],
        [79.10638, 17.67427],
        [79.10651, 17.6742],
        [79.10737, 17.67372],
        [79.10801, 17.67337],
        [79.10817, 17.67334],
        [79.10831, 17.67327],
        [79.10856, 17.67311],
        [79.10859, 17.6731],
        [79.11003, 17.67249],
        [79.11015, 17.67245],
        [79.11017, 17.67245],
        [79.11031, 17.67243],
        [79.11079, 17.67228],
        [79.11118, 17.67215],
        [79.11147, 17.67206],
        [79.11188, 17.67184],
        [79.11203, 17.67178],
        [79.11204, 17.67177],
        [79.11214, 17.67169],
        [79.11217, 17.67167],
        [79.11227, 17.6716],
        [79.11338, 17.67098],
        [79.11352, 17.67091],
        [79.11363, 17.67083],
        [79.11371, 17.6708],
        [79.11476, 17.67036],
        [79.11478, 17.67035],
        [79.11488, 17.6703],
        [79.115, 17.67023],
        [79.11516, 17.6702],
        [79.11536, 17.6701],
        [79.11545, 17.67006],
        [79.11557, 17.67003],
        [79.11624, 17.66981],
        [79.11652, 17.66972],
        [79.11667, 17.66969],
        [79.11684, 17.66965],
        [79.11757, 17.66946],
        [79.11761, 17.66945],
        [79.1192, 17.66912],
        [79.1193, 17.6691],
        [79.11972, 17.66901],
        [79.11985, 17.66897],
        [79.12001, 17.66896],
        [79.12088, 17.66878],
        [79.12119, 17.66871],
        [79.12228, 17.66855],
        [79.12239, 17.66854],
        [79.12249, 17.66852],
        [79.12258, 17.66851],
        [79.12322, 17.66856],
        [79.12333, 17.66858],
        [79.12343, 17.66865],
        [79.12356, 17.66892],
        [79.12362, 17.66906],
        [79.124, 17.66982],
        [79.12406, 17.66996],
        [79.1242, 17.67003],
        [79.12461, 17.67029],
        [79.1247, 17.67034],
        [79.12493, 17.67049],
        [79.12498, 17.67052],
        [79.12523, 17.6704],
        [79.12537, 17.67034],
        [79.12553, 17.67028],
        [79.12571, 17.67025],
        [79.12586, 17.67022],
        [79.12669, 17.66998],
        [79.12693, 17.6699],
        [79.12782, 17.66952],
        [79.12798, 17.66944],
        [79.12818, 17.66935],
        [79.12999, 17.66872],
        [79.1301, 17.66868],
        [79.13016, 17.66865],
        [79.13022, 17.66863],
        [79.1306, 17.66778],
        [79.1314, 17.666],
        [79.13126, 17.66549],
        [79.13067, 17.66338],
        [79.13019, 17.66166],
        [79.13016, 17.66154],
        [79.12997, 17.66088],
        [79.12986, 17.6605],
        [79.12977, 17.66018],
        [79.12918, 17.65841],
        [79.12949, 17.65824],
        [79.12955, 17.65821],
        [79.12932, 17.65746],
        [79.12942, 17.65698],
        [79.1299, 17.65453],
        [79.13005, 17.65376],
        [79.13007, 17.65343],
        [79.13009, 17.65307],
        [79.13012, 17.6526],
        [79.13015, 17.65216],
        [79.13018, 17.6517],
        [79.13022, 17.65122],
        [79.13024, 17.65087],
        [79.13026, 17.65082],
        [79.13029, 17.65072],
        [79.13075, 17.64947],
        [79.13096, 17.64888],
        [79.131, 17.64878],
        [79.13118, 17.64829],
        [79.13124, 17.64811],
        [79.13132, 17.64789],
        [79.13142, 17.64762],
        [79.13154, 17.64729],
        [79.13158, 17.64719],
        [79.13186, 17.64642],
        [79.13212, 17.64555],
        [79.13234, 17.64503],
        [79.13245, 17.64474],
        [79.13253, 17.64457],
        [79.13259, 17.64441],
        [79.13281, 17.64429],
        [79.13311, 17.64413],
        [79.13329, 17.64403],
        [79.13376, 17.64377],
        [79.13429, 17.64347],
        [79.13477, 17.6432],
        [79.13555, 17.64276],
        [79.13617, 17.64241],
        [79.1365, 17.64222],
        [79.13695, 17.64183],
        [79.13712, 17.64168],
        [79.13765, 17.64123],
        [79.13786, 17.64105],
        [79.13838, 17.64061],
        [79.13895, 17.64011],
        [79.13972, 17.63945],
        [79.13976, 17.63942],
        [79.14017, 17.63871],
        [79.14064, 17.63791],
        [79.14073, 17.63774],
        [79.1413, 17.63676],
        [79.14099, 17.63659],
        [79.14208, 17.63252],
        [79.14247, 17.63094],
        [79.14284, 17.62964],
        [79.14309, 17.62878],
        [79.14333, 17.62796],
        [79.1435, 17.62791],
        [79.14482, 17.62753],
        [79.14491, 17.6275],
        [79.14502, 17.62747],
        [79.14559, 17.6273],
        [79.14596, 17.62719],
        [79.14618, 17.62715],
        [79.14747, 17.62675],
        [79.14809, 17.62657],
        [79.14998, 17.62548],
        [79.15078, 17.62501],
        [79.15083, 17.62494],
        [79.1517, 17.62459],
        [79.15194, 17.6245],
        [79.15389, 17.62368],
        [79.15521, 17.62313],
        [79.15578, 17.62293],
        [79.15592, 17.6227],
        [79.15607, 17.62248],
        [79.1562, 17.62229],
        [79.15643, 17.62194],
        [79.15657, 17.62173],
        [79.15674, 17.62147],
        [79.15687, 17.62127],
        [79.157, 17.62108],
        [79.15717, 17.62083],
        [79.15728, 17.62065],
        [79.15734, 17.62042],
        [79.15718, 17.61892],
        [79.15717, 17.61879],
        [79.15708, 17.61865],
        [79.15703, 17.61855],
        [79.15667, 17.61795],
        [79.15629, 17.61757],
        [79.15619, 17.61717],
        [79.15618, 17.61715],
        [79.15616, 17.61705],
        [79.15623, 17.61697],
        [79.15613, 17.61685],
        [79.15603, 17.61672],
        [79.1558, 17.61642],
        [79.15513, 17.61556],
        [79.15507, 17.61541],
        [79.15512, 17.6154],
        [79.15518, 17.61539],
        [79.15442, 17.6141],
        [79.15396, 17.61302],
        [79.15377, 17.61233],
        [79.15376, 17.6123],
        [79.15359, 17.61171],
        [79.15357, 17.61123],
        [79.15357, 17.61117],
        [79.15356, 17.6109],
        [79.15354, 17.61027],
        [79.15357, 17.61001],
        [79.15362, 17.60957],
        [79.15366, 17.60916],
        [79.15368, 17.609],
        [79.15371, 17.60876],
        [79.15371, 17.60869],
        [79.15372, 17.60867],
        [79.15376, 17.6085],
        [79.15378, 17.60843],
        [79.15369, 17.60751],
        [79.15369, 17.60748],
        [79.15367, 17.60726],
        [79.15367, 17.60719],
        [79.15366, 17.60702],
        [79.15366, 17.60699],
        [79.15366, 17.60697],
        [79.15365, 17.60691],
        [79.15366, 17.60679],
        [79.15366, 17.60675],
        [79.15371, 17.60616],
        [79.15371, 17.60542],
        [79.1536, 17.60525],
        [79.15352, 17.60511],
        [79.15316, 17.60454],
        [79.15321, 17.60434],
        [79.15326, 17.60417],
        [79.15339, 17.60369],
        [79.1534, 17.60334],
        [79.15341, 17.60317],
        [79.15344, 17.60208],
        [79.15341, 17.60196],
        [79.15338, 17.60184],
        [79.1531, 17.60083],
        [79.15296, 17.60063],
        [79.15281, 17.60041],
        [79.15274, 17.60032],
        [79.15252, 17.59973],
        [79.15248, 17.59963],
        [79.15238, 17.59897],
        [79.15221, 17.59781],
        [79.15226, 17.59767],
        [79.15252, 17.59685],
        [79.15253, 17.59681],
        [79.1526, 17.59658],
        [79.15265, 17.59651],
        [79.15296, 17.59597],
        [79.15306, 17.59563],
        [79.15319, 17.59523],
        [79.1535, 17.59418],
        [79.15445, 17.59274],
        [79.15451, 17.59264],
        [79.15436, 17.59172],
        [79.15494, 17.59059],
        [79.15524, 17.58986],
        [79.15535, 17.58961],
        [79.15571, 17.58844],
        [79.15571, 17.58843],
        [79.15645, 17.58573],
        [79.15727, 17.58508],
        [79.15743, 17.58495],
        [79.15839, 17.58456],
        [79.15846, 17.58454],
        [79.15863, 17.58448],
        [79.15894, 17.58438],
        [79.16005, 17.58402],
        [79.16018, 17.58398],
        [79.16093, 17.58296],
        [79.16105, 17.58288],
        [79.16128, 17.58274],
        [79.16216, 17.58218],
        [79.16223, 17.58214],
        [79.16366, 17.58068],
        [79.16447, 17.57993],
        [79.16459, 17.57981],
        [79.16486, 17.57957],
        [79.1649, 17.57953],
        [79.16533, 17.57913],
        [79.16551, 17.57871],
        [79.16555, 17.57861],
        [79.16598, 17.57759],
        [79.16617, 17.57713],
        [79.16631, 17.5768],
        [79.16652, 17.5763],
        [79.16656, 17.57609],
        [79.16699, 17.57546],
        [79.16706, 17.57544],
        [79.16709, 17.57543],
        [79.16905, 17.5766],
        [79.16968, 17.57698],
        [79.16972, 17.577],
        [79.16991, 17.57711],
        [79.17007, 17.5772],
        [79.17108, 17.57778],
        [79.17143, 17.5782],
        [79.17179, 17.57847],
        [79.17191, 17.57857],
        [79.17194, 17.5786],
        [79.17332, 17.57969],
        [79.17339, 17.57974],
        [79.17419, 17.58016],
        [79.17451, 17.58069],
        [79.17497, 17.5811],
        [79.17583, 17.58168],
        [79.17586, 17.5817],
        [79.17719, 17.5826],
        [79.17725, 17.58264],
        [79.17853, 17.58378],
        [79.17883, 17.58428],
        [79.17891, 17.58442],
        [79.17885, 17.58488],
        [79.17884, 17.58493],
        [79.17883, 17.58499],
        [79.17875, 17.58559],
        [79.1789, 17.5858],
        [79.17895, 17.58586],
        [79.18007, 17.58739],
        [79.1802, 17.58757],
        [79.18098, 17.58886],
        [79.18099, 17.58888],
        [79.181, 17.5889],
        [79.18103, 17.58894],
        [79.1811, 17.58913],
        [79.18156, 17.59015],
        [79.18156, 17.59016],
        [79.18154, 17.59017],
        [79.18152, 17.5902],
        [79.18173, 17.59226],
        [79.18177, 17.59241],
        [79.18198, 17.5928],
        [79.18209, 17.59301],
        [79.18232, 17.59378],
        [79.18283, 17.59514],
        [79.18294, 17.59544],
        [79.18295, 17.59548],
        [79.1832, 17.59607],
        [79.18324, 17.59617],
        [79.1833, 17.59631],
        [79.18374, 17.59735],
        [79.18403, 17.59787],
        [79.1842, 17.59855],
        [79.18417, 17.59883],
        [79.18426, 17.59919],
        [79.18429, 17.5993],
        [79.18439, 17.59932],
        [79.18484, 17.5994],
        [79.18506, 17.59942],
        [79.18508, 17.59942],
        [79.18516, 17.59942],
        [79.18527, 17.59943],
        [79.18546, 17.59944],
        [79.18566, 17.59945],
        [79.18728, 17.59954],
        [79.18752, 17.59956],
        [79.18755, 17.59956],
        [79.18767, 17.59957],
        [79.18799, 17.59958],
        [79.18865, 17.59939],
        [79.1896, 17.59912],
        [79.18994, 17.59894],
        [79.19006, 17.59939],
        [79.19023, 17.59968],
        [79.19094, 17.60096],
        [79.19096, 17.60099],
        [79.19166, 17.60235],
        [79.19182, 17.60262],
        [79.1928, 17.60422],
        [79.19288, 17.60435],
        [79.19314, 17.60482],
        [79.19337, 17.60519],
        [79.194, 17.60625],
        [79.19422, 17.60668],
        [79.19433, 17.60687],
        [79.19436, 17.60693],
        [79.19455, 17.6074],
        [79.1947, 17.60765],
        [79.19476, 17.60775],
        [79.19475, 17.60776],
        [79.19525, 17.60862],
        [79.1953, 17.60869],
        [79.19548, 17.60887],
        [79.19569, 17.6091],
        [79.19572, 17.60915],
        [79.19573, 17.60917],
        [79.19565, 17.60919],
        [79.19651, 17.61051],
        [79.19666, 17.61073],
        [79.19669, 17.61078],
        [79.19672, 17.61083],
        [79.19723, 17.61177],
        [79.19737, 17.612],
        [79.19749, 17.6122],
        [79.19762, 17.61243],
        [79.19812, 17.61327],
        [79.19822, 17.61345],
        [79.19848, 17.61385],
        [79.19883, 17.61439],
        [79.19942, 17.61532],
        [79.19944, 17.61534],
        [79.20072, 17.61745],
        [79.20106, 17.61801],
        [79.20131, 17.61842],
        [79.20132, 17.61843],
        [79.20137, 17.61852],
        [79.20138, 17.61854],
        [79.20142, 17.61861],
        [79.20201, 17.61969],
        [79.20252, 17.62057],
        [79.20264, 17.62078],
        [79.20334, 17.62202],
        [79.2036, 17.62246],
        [79.20385, 17.62287],
        [79.20398, 17.62308],
        [79.20402, 17.62316],
        [79.20406, 17.62322],
        [79.20464, 17.62418],
        [79.20435, 17.62438],
        [79.2044, 17.6247],
        [79.20458, 17.62468],
        [79.20654, 17.62418],
        [79.20658, 17.62417],
        [79.20754, 17.62408],
        [79.20771, 17.62407],
        [79.20833, 17.62403],
        [79.20847, 17.62401],
        [79.20854, 17.62394],
        [79.20857, 17.62391],
        [79.20859, 17.62393],
        [79.2095, 17.623],
        [79.20951, 17.62298],
        [79.20955, 17.62295],
        [79.21016, 17.6223],
        [79.2102, 17.62226],
        [79.21028, 17.62218],
        [79.21037, 17.62205],
        [79.21048, 17.6219],
        [79.21061, 17.62176],
        [79.21149, 17.62078],
        [79.21156, 17.62073],
        [79.2116, 17.62069],
        [79.21172, 17.6206],
        [79.21178, 17.62055],
        [79.21291, 17.61968],
        [79.21301, 17.61956],
        [79.21314, 17.61943],
        [79.2139, 17.61883],
        [79.21405, 17.61875],
        [79.21423, 17.61858],
        [79.21559, 17.61747],
        [79.21584, 17.61719],
        [79.21591, 17.61711],
        [79.21658, 17.61621],
        [79.21679, 17.61592],
        [79.2169, 17.61575],
        [79.21702, 17.61562],
        [79.21734, 17.61488],
        [79.21749, 17.61455],
        [79.21765, 17.61429],
        [79.21828, 17.61329],
        [79.2184, 17.61316],
        [79.21844, 17.61303],
        [79.21845, 17.61293],
        [79.21875, 17.61213],
        [79.2188, 17.61198],
        [79.21911, 17.61112],
        [79.21919, 17.61096],
        [79.21925, 17.61082],
        [79.21943, 17.61021],
        [79.21968, 17.60915],
        [79.21972, 17.60899],
        [79.21973, 17.60879],
        [79.21971, 17.60865],
        [79.21968, 17.60836],
        [79.21964, 17.60794],
        [79.21959, 17.60745],
        [79.21959, 17.60737],
        [79.21958, 17.60732],
        [79.21972, 17.60724],
        [79.21974, 17.60723],
        [79.21963, 17.60697],
        [79.21957, 17.60685],
        [79.21951, 17.60672],
        [79.21949, 17.60666],
        [79.21947, 17.60662],
        [79.21947, 17.60661],
        [79.21956, 17.60631],
        [79.21946, 17.60596],
        [79.21945, 17.60593],
        [79.21943, 17.60585],
        [79.21919, 17.60519],
        [79.21908, 17.60504],
        [79.21903, 17.60499],
        [79.2189, 17.60488],
        [79.21642, 17.60267],
        [79.2162, 17.60226],
        [79.21597, 17.60183],
        [79.21574, 17.6014],
        [79.21557, 17.60106],
        [79.21534, 17.60064],
        [79.21511, 17.6002],
        [79.21462, 17.59927],
        [79.21455, 17.59913],
        [79.21408, 17.59832],
        [79.21361, 17.59755],
        [79.2135, 17.59738],
        [79.21359, 17.59616],
        [79.21343, 17.59581],
        [79.21339, 17.59572],
        [79.2129, 17.59468],
        [79.21287, 17.59458],
        [79.21281, 17.5944],
        [79.21279, 17.59433],
        [79.21277, 17.59426],
        [79.21288, 17.59415],
        [79.21293, 17.59409],
        [79.21447, 17.59242],
        [79.21451, 17.59238],
        [79.21452, 17.59236],
        [79.2149, 17.59195],
        [79.21511, 17.59173],
        [79.21572, 17.59101],
        [79.21595, 17.59075],
        [79.21684, 17.58959],
        [79.21717, 17.58908],
        [79.21721, 17.58902],
        [79.21733, 17.58883],
        [79.21749, 17.58858],
        [79.21767, 17.58831],
        [79.21787, 17.58798],
        [79.21798, 17.58781],
        [79.21807, 17.58766],
        [79.21891, 17.58635],
        [79.21899, 17.58621],
        [79.21903, 17.58615],
        [79.22099, 17.58531],
        [79.22113, 17.58525],
        [79.2212, 17.58521],
        [79.22127, 17.58517],
        [79.22176, 17.58488],
        [79.22241, 17.58442],
        [79.22383, 17.5834],
        [79.22397, 17.58324],
        [79.22475, 17.58235],
        [79.22529, 17.58174],
        [79.22596, 17.58083],
        [79.22621, 17.58062],
        [79.22624, 17.58058],
        [79.22688, 17.57993],
        [79.22705, 17.57975],
        [79.22707, 17.57973],
        [79.22714, 17.57966],
        [79.22743, 17.57936],
        [79.22744, 17.57912],
        [79.22744, 17.5791],
        [79.22745, 17.57886],
        [79.22746, 17.57868],
        [79.2274, 17.57836],
        [79.2274, 17.57834],
        [79.22739, 17.5783],
        [79.22737, 17.57828],
        [79.22745, 17.57815],
        [79.22781, 17.5777],
        [79.22787, 17.57761],
        [79.22817, 17.5767],
        [79.22831, 17.57629],
        [79.22852, 17.57566],
        [79.22856, 17.57552],
        [79.22864, 17.57528],
        [79.22899, 17.57432],
        [79.22928, 17.57314],
        [79.22934, 17.57276],
        [79.22957, 17.57146],
        [79.23047, 17.5696],
        [79.23085, 17.56742],
        [79.23087, 17.56727],
        [79.23088, 17.5672],
        [79.23113, 17.5654],
        [79.23114, 17.5653],
        [79.2313, 17.56399],
        [79.23146, 17.5631],
        [79.23147, 17.56305],
        [79.23148, 17.5629],
        [79.23188, 17.56269],
        [79.23194, 17.56282],
        [79.23244, 17.56288],
        [79.23283, 17.56297],
        [79.23385, 17.5629],
        [79.23387, 17.5629],
        [79.23399, 17.56288],
        [79.23412, 17.56289],
        [79.23413, 17.56289],
        [79.23415, 17.5629],
        [79.23416, 17.5629],
        [79.23425, 17.56292],
        [79.23463, 17.56299],
        [79.23465, 17.56298],
        [79.23485, 17.56296],
        [79.23512, 17.56292],
        [79.2357, 17.56278],
        [79.23623, 17.56272],
        [79.23653, 17.56275],
        [79.23746, 17.56276],
        [79.23751, 17.56276],
        [79.23753, 17.56276],
        [79.23786, 17.5628],
        [79.23816, 17.56283],
        [79.23896, 17.56283],
        [79.23977, 17.56283],
        [79.24068, 17.56276],
        [79.2407, 17.56276],
        [79.24093, 17.56275],
        [79.24109, 17.56274],
        [79.2413, 17.56273],
        [79.24189, 17.56267],
        [79.24253, 17.5626],
        [79.24305, 17.56255],
        [79.24343, 17.56252],
        [79.24409, 17.56246],
        [79.24466, 17.56241],
        [79.24559, 17.56233],
        [79.24563, 17.56232],
        [79.24569, 17.56231],
        [79.24595, 17.56225],
        [79.24625, 17.56218],
        [79.24649, 17.56213],
        [79.24694, 17.56204],
        [79.24708, 17.56201],
        [79.24721, 17.56198],
        [79.24905, 17.56149],
        [79.24999, 17.56117],
        [79.25074, 17.56095],
        [79.25136, 17.56076],
        [79.25173, 17.56066],
        [79.25233, 17.56047],
        [79.25305, 17.56021],
        [79.25381, 17.55995],
        [79.2542, 17.55982],
        [79.25461, 17.55964],
        [79.2553, 17.55937],
        [79.25533, 17.55936],
        [79.25539, 17.55934],
        [79.25555, 17.55929],
        [79.25559, 17.55927],
        [79.25592, 17.55908],
        [79.25899, 17.55968],
        [79.2596, 17.56031],
        [79.25996, 17.56106],
        [79.25999, 17.5611],
        [79.26092, 17.563],
        [79.26158, 17.56457],
        [79.26164, 17.56469],
        [79.26252, 17.56653],
        [79.26269, 17.56694],
        [79.2628, 17.56719],
        [79.26333, 17.56786],
        [79.26377, 17.56855],
        [79.26382, 17.56865],
        [79.26401, 17.56895],
        [79.2647, 17.56969],
        [79.26476, 17.56976],
        [79.26644, 17.57158],
        [79.26724, 17.57267],
        [79.26816, 17.57409],
        [79.26829, 17.57429],
        [79.26907, 17.57508],
        [79.26928, 17.5753],
        [79.26958, 17.57555],
        [79.2701, 17.57599],
        [79.27021, 17.57608],
        [79.27208, 17.57778],
        [79.27218, 17.57784],
        [79.27298, 17.57834],
        [79.2754, 17.57985],
        [79.27556, 17.57969],
        [79.27564, 17.57962],
        [79.27588, 17.57939],
        [79.27617, 17.5791],
        [79.27689, 17.57809],
        [79.27693, 17.57803],
        [79.27698, 17.57792],
        [79.27706, 17.57777],
        [79.27831, 17.57662],
        [79.27885, 17.57608],
        [79.27945, 17.57548],
        [79.28019, 17.57489],
        [79.2804, 17.57471],
        [79.28043, 17.57469],
        [79.28194, 17.57392],
        [79.28286, 17.57357],
        [79.28308, 17.57342],
        [79.28295, 17.57321],
        [79.28405, 17.57261],
        [79.28418, 17.57255],
        [79.28563, 17.57177],
        [79.28622, 17.57145],
        [79.28658, 17.57126],
        [79.28676, 17.57109],
        [79.28678, 17.57103],
        [79.28778, 17.57019],
        [79.28863, 17.56972],
        [79.28909, 17.56946],
        [79.28914, 17.56944],
        [79.28921, 17.56939],
        [79.28949, 17.56923],
        [79.2895, 17.56909],
        [79.28924, 17.56915],
        [79.2891, 17.56909],
        [79.28853, 17.56887],
        [79.28863, 17.56865],
        [79.28835, 17.56867],
        [79.28841, 17.56855],
        [79.2889, 17.56757],
        [79.28929, 17.56731],
        [79.28936, 17.56623],
        [79.28938, 17.56559],
        [79.28938, 17.56538],
        [79.28937, 17.56515],
        [79.28934, 17.56464],
        [79.28925, 17.56399],
        [79.28921, 17.56372],
        [79.28948, 17.56338],
        [79.28954, 17.56331],
        [79.28964, 17.56318],
        [79.28974, 17.56305],
        [79.28979, 17.563],
        [79.2901, 17.5627],
        [79.29036, 17.56244],
        [79.29021, 17.56234],
        [79.28995, 17.56217],
        [79.29039, 17.56169],
        [79.29051, 17.56156],
        [79.29076, 17.5613],
        [79.29147, 17.56087],
        [79.29281, 17.55938],
        [79.29293, 17.55904],
        [79.29313, 17.55876],
        [79.29329, 17.55852],
        [79.29337, 17.55838],
        [79.29346, 17.55824],
        [79.29355, 17.55811],
        [79.29426, 17.55706],
        [79.29444, 17.55676],
        [79.2949, 17.55653],
        [79.29507, 17.55644],
        [79.29666, 17.55563],
        [79.29764, 17.55563],
        [79.2988, 17.55541],
        [79.30002, 17.55518],
        [79.30082, 17.55494],
        [79.30158, 17.55549],
        [79.30278, 17.55598],
        [79.30307, 17.55616],
        [79.30309, 17.55617],
        [79.30321, 17.55625],
        [79.30328, 17.55629],
        [79.30334, 17.55627],
        [79.30487, 17.55568],
        [79.30633, 17.555],
        [79.30637, 17.55498],
        [79.30884, 17.55352],
        [79.30885, 17.55351],
        [79.31082, 17.55193],
        [79.31131, 17.55153],
        [79.31173, 17.55142],
        [79.31182, 17.5514],
        [79.31188, 17.55138],
        [79.31188, 17.55136],
        [79.31187, 17.5501],
        [79.31182, 17.54982],
        [79.31179, 17.54965],
        [79.31201, 17.54771],
        [79.31201, 17.5477],
        [79.312, 17.5477],
        [79.31175, 17.54712],
        [79.31157, 17.54616],
        [79.31058, 17.54468],
        [79.31074, 17.54462],
        [79.3123, 17.54409],
        [79.31305, 17.54377],
        [79.31318, 17.54367],
        [79.31438, 17.54269],
        [79.31508, 17.54245],
        [79.3162, 17.54208],
        [79.31637, 17.54203],
        [79.31851, 17.54092],
        [79.31989, 17.53998],
        [79.31995, 17.53994],
        [79.32025, 17.54021],
        [79.31969, 17.53912],
        [79.31953, 17.5388],
        [79.31931, 17.53838],
        [79.31977, 17.53672],
        [79.32022, 17.53514],
        [79.32029, 17.53501],
        [79.32112, 17.53343],
        [79.32173, 17.53226],
        [79.32224, 17.53238],
        [79.32226, 17.53228],
        [79.32243, 17.53148],
        [79.32247, 17.53128],
        [79.32256, 17.53112],
        [79.32258, 17.53094],
        [79.32259, 17.53015],
        [79.32259, 17.53001],
        [79.32259, 17.52965],
        [79.32261, 17.52776],
        [79.32264, 17.52762],
        [79.32301, 17.52748],
        [79.32304, 17.52746],
        [79.32321, 17.52738],
        [79.32338, 17.5273],
        [79.32414, 17.52693],
        [79.32429, 17.52686],
        [79.32433, 17.52681],
        [79.32478, 17.52658],
        [79.32525, 17.52633],
        [79.32614, 17.52592],
        [79.32637, 17.52582],
        [79.32642, 17.5258],
        [79.32649, 17.52577],
        [79.32823, 17.52477],
        [79.32832, 17.5247],
        [79.3284, 17.52464],
        [79.32845, 17.52457],
        [79.32975, 17.52437],
        [79.33036, 17.52433],
        [79.33134, 17.52435],
        [79.33145, 17.52434],
        [79.33204, 17.52429],
        [79.33281, 17.52429],
        [79.33316, 17.52426],
        [79.33369, 17.52422],
        [79.33385, 17.52421],
        [79.33408, 17.52417],
        [79.33415, 17.52416],
        [79.3359, 17.52387],
        [79.33655, 17.52371],
        [79.33672, 17.52367],
        [79.33815, 17.52334],
        [79.33854, 17.52335],
        [79.33986, 17.52338],
        [79.34002, 17.52338],
        [79.34043, 17.52323],
        [79.34013, 17.5231],
        [79.34019, 17.52292],
        [79.3405, 17.52274],
        [79.34074, 17.52289],
        [79.3408, 17.52257],
        [79.34228, 17.52218],
        [79.34242, 17.52214],
        [79.34281, 17.52204],
        [79.34287, 17.52233],
        [79.34288, 17.52241],
        [79.34306, 17.52235],
        [79.34429, 17.52192],
        [79.34512, 17.52179],
        [79.34618, 17.52162],
        [79.34622, 17.52162],
        [79.34682, 17.52162],
        [79.34838, 17.52128],
        [79.34872, 17.52142],
        [79.34967, 17.52181],
        [79.34999, 17.52198],
        [79.35012, 17.52194],
        [79.35106, 17.52168],
        [79.35123, 17.52163],
        [79.35262, 17.52149],
        [79.35396, 17.52127],
        [79.3542, 17.52138],
        [79.35435, 17.52145],
        [79.35464, 17.52159],
        [79.35474, 17.52151],
        [79.35479, 17.52147],
        [79.35497, 17.52147],
        [79.35505, 17.52149],
        [79.3551, 17.5215],
        [79.35507, 17.52125],
        [79.35602, 17.52149],
        [79.35614, 17.52151],
        [79.35626, 17.52152],
        [79.35634, 17.52153],
        [79.35665, 17.52158],
        [79.35688, 17.52164],
        [79.35742, 17.52167],
        [79.35751, 17.52167],
        [79.35786, 17.52168],
        [79.35874, 17.52158],
        [79.3593, 17.52151],
        [79.35941, 17.52143],
        [79.35948, 17.52137],
        [79.3599, 17.52104],
        [79.36038, 17.52088],
        [79.36108, 17.52072],
        [79.36245, 17.5199],
        [79.36256, 17.51983],
        [79.36292, 17.51965],
        [79.36313, 17.51954],
        [79.36379, 17.51907],
        [79.36473, 17.51831],
        [79.36509, 17.51801],
        [79.36522, 17.51793],
        [79.36613, 17.51741],
        [79.36638, 17.51727],
        [79.36718, 17.51683],
        [79.36739, 17.51671],
        [79.36754, 17.51663],
        [79.36783, 17.51648],
        [79.368, 17.51637],
        [79.3681, 17.51631],
        [79.36832, 17.51618],
        [79.36837, 17.51615],
        [79.36857, 17.51603],
        [79.36856, 17.51602],
        [79.36859, 17.51599],
        [79.36861, 17.51598],
        [79.36877, 17.51586],
        [79.36881, 17.51583],
        [79.36893, 17.51576],
        [79.36904, 17.5157],
        [79.36905, 17.51568],
        [79.36907, 17.51566],
        [79.36908, 17.51565],
        [79.36911, 17.51562],
        [79.36917, 17.51556],
        [79.36935, 17.51542],
        [79.36952, 17.51528],
        [79.36956, 17.51524],
        [79.36961, 17.51519],
        [79.3699, 17.51506],
        [79.36992, 17.51505],
        [79.36995, 17.51503],
        [79.3703, 17.51486],
        [79.37036, 17.51485],
        [79.37042, 17.51482],
        [79.37044, 17.51481],
        [79.37176, 17.5142],
        [79.37203, 17.51396],
        [79.37281, 17.51326],
        [79.37308, 17.51302],
        [79.37396, 17.51259],
        [79.37421, 17.51247],
        [79.37433, 17.51241],
        [79.37507, 17.51204],
        [79.37529, 17.51193],
        [79.37543, 17.51186],
        [79.37559, 17.51178],
        [79.37563, 17.51175],
        [79.37656, 17.51104],
        [79.37705, 17.51065],
        [79.37729, 17.51042],
        [79.3773, 17.51042],
        [79.37736, 17.51035],
        [79.37768, 17.51067],
        [79.37786, 17.51085],
        [79.37789, 17.51087],
        [79.37857, 17.51126],
        [79.3787, 17.51133],
        [79.37865, 17.51081],
        [79.37857, 17.51065],
        [79.37801, 17.50951],
        [79.37762, 17.50878],
        [79.37743, 17.5084],
        [79.37732, 17.50825],
        [79.37694, 17.50772],
        [79.37668, 17.50736],
        [79.37653, 17.50712],
        [79.37643, 17.50696],
        [79.37605, 17.50677],
        [79.37586, 17.5064],
        [79.37555, 17.50624],
        [79.37546, 17.50618],
        [79.37474, 17.50562],
        [79.37444, 17.50542],
        [79.37436, 17.50537],
        [79.37377, 17.50485],
        [79.37307, 17.50413],
        [79.37219, 17.50336],
        [79.37156, 17.50274],
        [79.37038, 17.50261],
        [79.36982, 17.50256],
        [79.36891, 17.50249],
        [79.3682, 17.50207],
        [79.3675, 17.50196],
        [79.36701, 17.50195],
        [79.36663, 17.50193],
        [79.36523, 17.50192],
        [79.36175, 17.50135],
        [79.36055, 17.50158],
        [79.36052, 17.50116],
        [79.36131, 17.50085],
        [79.3618, 17.50044],
        [79.36201, 17.50004],
        [79.36216, 17.49976],
        [79.36295, 17.49915],
        [79.36379, 17.49841],
        [79.36393, 17.49825],
        [79.36371, 17.49808],
        [79.36402, 17.49679],
        [79.36447, 17.49628],
        [79.36468, 17.4966],
        [79.36528, 17.49639],
        [79.36665, 17.49515],
        [79.36747, 17.49307],
        [79.36796, 17.4919],
        [79.36812, 17.49146],
        [79.36784, 17.49075],
        [79.36774, 17.4905],
        [79.36767, 17.49029],
        [79.36762, 17.49018],
        [79.36761, 17.4901],
        [79.3676, 17.48999],
        [79.36757, 17.48985],
        [79.36748, 17.48972],
        [79.36749, 17.48941],
        [79.36741, 17.48941],
        [79.36737, 17.48905],
        [79.36732, 17.48893],
        [79.36711, 17.48841],
        [79.36704, 17.48825],
        [79.36697, 17.48808],
        [79.36693, 17.48797],
        [79.36673, 17.48738],
        [79.36665, 17.48727],
        [79.36621, 17.48663],
        [79.36517, 17.48429],
        [79.365, 17.4844],
        [79.36304, 17.48511],
        [79.36158, 17.48433],
        [79.3604, 17.48383],
        [79.3594, 17.48297],
        [79.35819, 17.48115],
        [79.35722, 17.47983],
        [79.35673, 17.47865],
        [79.35626, 17.47748],
        [79.35539, 17.47645],
        [79.35483, 17.4758],
        [79.35376, 17.47469],
        [79.35219, 17.47373],
        [79.35008, 17.47269],
        [79.34841, 17.47169],
        [79.34709, 17.47062],
        [79.34519, 17.46905],
        [79.34405, 17.46762],
        [79.34385, 17.46718],
        [79.34327, 17.46584],
        [79.34305, 17.46477],
        [79.3427, 17.46248],
        [79.34216, 17.45991],
        [79.34172, 17.45882],
        [79.34152, 17.45831],
        [79.33984, 17.45652],
        [79.3381, 17.45505],
        [79.33795, 17.45492],
        [79.33545, 17.45338],
        [79.33535, 17.45335],
        [79.33287, 17.4525],
        [79.3316, 17.45206],
        [79.32931, 17.45124],
        [79.32767, 17.45113],
        [79.32618, 17.45136],
        [79.32535, 17.45149],
        [79.32242, 17.4521],
        [79.32017, 17.45288],
        [79.31988, 17.45298],
        [79.31699, 17.45399],
        [79.31613, 17.45428],
        [79.31594, 17.45434],
        [79.31422, 17.45502],
        [79.31367, 17.4553],
        [79.31276, 17.45577],
        [79.31089, 17.45672],
        [79.30952, 17.45761],
        [79.30853, 17.45831],
        [79.30809, 17.45862],
        [79.30678, 17.4596],
        [79.30521, 17.46076],
        [79.3039, 17.46163],
        [79.30377, 17.46169],
        [79.30319, 17.46198],
        [79.3022, 17.46246],
        [79.30132, 17.46281],
        [79.30095, 17.46297],
        [79.2982, 17.46417],
        [79.29762, 17.46442],
        [79.29528, 17.46548],
        [79.29361, 17.46624],
        [79.29269, 17.46646],
        [79.29017, 17.46709],
        [79.28941, 17.46728],
        [79.28887, 17.46745],
        [79.2873, 17.46793],
        [79.28666, 17.468],
        [79.28566, 17.46811],
        [79.28404, 17.46838],
        [79.28344, 17.46848],
        [79.28354, 17.46988],
        [79.28354, 17.46992],
        [79.28355, 17.47007],
        [79.28356, 17.47009],
        [79.28361, 17.47065],
        [79.28369, 17.47147],
        [79.28373, 17.47173],
        [79.28379, 17.472],
        [79.28385, 17.47224],
        [79.28398, 17.47279],
        [79.28442, 17.47439],
        [79.28459, 17.475],
        [79.2848, 17.47597],
        [79.28499, 17.47685],
        [79.28559, 17.47844],
        [79.28663, 17.47966],
        [79.28759, 17.48113],
        [79.28759, 17.48114],
        [79.2882, 17.48208],
        [79.28913, 17.48309],
        [79.2897, 17.48377],
        [79.2894, 17.48399],
        [79.28865, 17.48434],
        [79.28854, 17.48439],
        [79.28851, 17.48441],
        [79.28841, 17.48446],
        [79.28723, 17.48522],
        [79.28698, 17.48534],
        [79.28697, 17.48534],
        [79.28699, 17.48536],
        [79.28717, 17.48561],
        [79.28693, 17.48575],
        [79.28584, 17.48639],
        [79.28577, 17.48662],
        [79.28431, 17.48748],
        [79.28337, 17.48804],
        [79.28312, 17.48819],
        [79.28297, 17.48828],
        [79.28283, 17.48836],
        [79.28135, 17.48933],
        [79.28112, 17.48948],
        [79.27904, 17.49162],
        [79.27868, 17.49199],
        [79.27851, 17.49205],
        [79.27778, 17.49229],
        [79.27699, 17.49302],
        [79.2768, 17.49314],
        [79.27673, 17.49317],
        [79.27558, 17.49379],
        [79.27489, 17.49463],
        [79.27475, 17.49471],
        [79.27405, 17.49513],
        [79.27284, 17.49618],
        [79.27112, 17.4975],
        [79.2691, 17.49901],
        [79.26842, 17.49898],
        [79.26796, 17.49864],
        [79.26706, 17.49833],
        [79.26657, 17.49803],
        [79.2665, 17.49796],
        [79.26612, 17.49764],
        [79.26555, 17.49722],
        [79.26518, 17.49723],
        [79.2649, 17.49704],
        [79.26447, 17.49677],
        [79.26424, 17.49672],
        [79.26422, 17.49671],
        [79.26391, 17.49664],
        [79.2637, 17.4965],
        [79.26334, 17.49638],
        [79.2632, 17.49642],
        [79.26322, 17.49418],
        [79.26324, 17.49277],
        [79.26299, 17.4912],
        [79.26294, 17.49087],
        [79.26267, 17.48931],
        [79.26264, 17.48908],
        [79.26251, 17.48833],
        [79.2625, 17.48822],
        [79.26244, 17.48705],
        [79.26241, 17.48659],
        [79.26243, 17.48659],
        [79.26243, 17.48646],
        [79.26245, 17.48567],
        [79.26246, 17.48522],
        [79.26248, 17.48453],
        [79.26249, 17.48417],
        [79.2625, 17.48382],
        [79.26257, 17.48221],
        [79.26259, 17.48151],
        [79.2626, 17.48134],
        [79.26258, 17.48098],
        [79.26246, 17.48046],
        [79.26239, 17.4803],
        [79.26233, 17.48014],
        [79.26232, 17.48013],
        [79.26221, 17.47993],
        [79.26177, 17.47931],
        [79.26168, 17.47919],
        [79.26166, 17.47917],
        [79.26159, 17.47906],
        [79.26135, 17.47867],
        [79.2611, 17.47824],
        [79.26061, 17.47737],
        [79.25928, 17.47498],
        [79.25924, 17.47493],
        [79.25833, 17.47351],
        [79.25826, 17.4734],
        [79.25817, 17.47326],
        [79.25809, 17.47313],
        [79.25799, 17.47298],
        [79.25774, 17.47255],
        [79.25623, 17.47234],
        [79.25514, 17.4728],
        [79.25491, 17.47309],
        [79.25415, 17.47303],
        [79.25353, 17.47331],
        [79.252, 17.47381],
        [79.25027, 17.47457],
        [79.24827, 17.47593],
        [79.24732, 17.47677],
        [79.24594, 17.47755],
        [79.24457, 17.47797],
        [79.24415, 17.47809],
        [79.24348, 17.47776],
        [79.24031, 17.47829],
        [79.24006, 17.47829],
        [79.23904, 17.47788],
        [79.23824, 17.47689],
        [79.237, 17.4746],
        [79.23594, 17.47385],
        [79.23409, 17.47327],
        [79.23359, 17.47319],
        [79.23297, 17.47299],
        [79.23227, 17.47276],
        [79.23228, 17.4723],
        [79.23199, 17.47134],
        [79.23203, 17.47082],
        [79.23175, 17.47028],
        [79.23153, 17.46907],
        [79.23137, 17.46867],
        [79.23122, 17.4683],
        [79.23115, 17.46815],
        [79.23112, 17.4681],
        [79.23106, 17.46799],
        [79.23086, 17.46751],
        [79.23071, 17.46694],
        [79.23059, 17.46658],
        [79.23054, 17.46641],
        [79.23052, 17.46634],
        [79.23032, 17.46575],
        [79.23015, 17.46529],
        [79.2301, 17.46515],
        [79.23006, 17.46502],
        [79.22991, 17.46449],
        [79.22967, 17.46368],
        [79.22935, 17.46257],
        [79.22922, 17.46194],
        [79.22872, 17.46031],
        [79.22846, 17.45935],
        [79.2283, 17.45869],
        [79.22818, 17.4582],
        [79.22811, 17.45788],
        [79.22801, 17.45752],
        [79.22795, 17.45729],
        [79.22794, 17.45722],
        [79.22785, 17.45685],
        [79.22771, 17.456],
        [79.22758, 17.45521],
        [79.22745, 17.4544],
        [79.22734, 17.45377],
        [79.22736, 17.45322],
        [79.22741, 17.45089],
        [79.22744, 17.45062],
        [79.22774, 17.4482],
        [79.22779, 17.44777],
        [79.22624, 17.44791],
        [79.22488, 17.44804],
        [79.22365, 17.44822],
        [79.22285, 17.44834],
        [79.2224, 17.44816],
        [79.22156, 17.4482],
        [79.21984, 17.4482],
        [79.21976, 17.44822],
        [79.21739, 17.44867],
        [79.21725, 17.44876],
        [79.21713, 17.44879],
        [79.21695, 17.44824],
        [79.21691, 17.44806],
        [79.21685, 17.44791],
        [79.21683, 17.44769],
        [79.2168, 17.44751],
        [79.21672, 17.44729],
        [79.21658, 17.44668],
        [79.21648, 17.44628],
        [79.21608, 17.44507],
        [79.21567, 17.44386],
        [79.21561, 17.44368],
        [79.21557, 17.44343],
        [79.21556, 17.44338],
        [79.21541, 17.4423],
        [79.2154, 17.44212],
        [79.21534, 17.44192],
        [79.21533, 17.44191],
        [79.21474, 17.44049],
        [79.21467, 17.44029],
        [79.21435, 17.43954],
        [79.21429, 17.4394],
        [79.21419, 17.43921],
        [79.21391, 17.43851],
        [79.21345, 17.43756],
        [79.21342, 17.43749],
        [79.21335, 17.43735],
        [79.21328, 17.43722],
        [79.21251, 17.43547],
        [79.21246, 17.43535],
        [79.21243, 17.43529],
        [79.2124, 17.43517],
        [79.21177, 17.43353],
        [79.21162, 17.43311],
        [79.21152, 17.43297],
        [79.21147, 17.43284],
        [79.2114, 17.43267],
        [79.2113, 17.43243],
        [79.21097, 17.43159],
        [79.21091, 17.43145],
        [79.21091, 17.43144],
        [79.21088, 17.43135],
        [79.2103, 17.42998],
        [79.21028, 17.42995],
        [79.21011, 17.42957],
        [79.21001, 17.42935],
        [79.2091, 17.42775],
        [79.20888, 17.42736],
        [79.20868, 17.427],
        [79.20859, 17.42684],
        [79.20849, 17.4267],
        [79.20848, 17.42668],
        [79.20791, 17.42583],
        [79.2078, 17.42565],
        [79.20771, 17.42548],
        [79.20717, 17.42462],
        [79.20709, 17.42448],
        [79.20683, 17.424],
        [79.20674, 17.42384],
        [79.20641, 17.42329],
        [79.20632, 17.42309],
        [79.20618, 17.42297],
        [79.20516, 17.42042],
        [79.20494, 17.42004],
        [79.20488, 17.41994],
        [79.20394, 17.4188],
        [79.20384, 17.41869],
        [79.20304, 17.4178],
        [79.20277, 17.41745],
        [79.20276, 17.41743],
        [79.2027, 17.41735],
        [79.20183, 17.41611],
        [79.20177, 17.41603],
        [79.20164, 17.41587],
        [79.2016, 17.41573],
        [79.20159, 17.41567],
        [79.20148, 17.41514],
        [79.20125, 17.41467],
        [79.20117, 17.41455],
        [79.20106, 17.41439],
        [79.20105, 17.41436],
        [79.20101, 17.41425],
        [79.20072, 17.41357],
        [79.20066, 17.41344],
        [79.20039, 17.41282],
        [79.20005, 17.41203],
        [79.19921, 17.41012],
        [79.19916, 17.41004],
        [79.1992, 17.40997],
        [79.19925, 17.40982],
        [79.19942, 17.40943],
        [79.19891, 17.4085],
        [79.19888, 17.40848],
        [79.19878, 17.40843],
        [79.19804, 17.40805],
        [79.19793, 17.40798],
        [79.19792, 17.40798],
        [79.19772, 17.40784],
        [79.19742, 17.40768],
        [79.1973, 17.40762],
        [79.19719, 17.40753],
        [79.19711, 17.40746],
        [79.19709, 17.40743],
        [79.19704, 17.40739],
        [79.19658, 17.40706],
        [79.19654, 17.40706],
        [79.19619, 17.40703],
        [79.19612, 17.40691],
        [79.19602, 17.40686],
        [79.19596, 17.40683],
        [79.19537, 17.40644],
        [79.19527, 17.40637],
        [79.19475, 17.40602],
        [79.19469, 17.40587],
        [79.19469, 17.4057],
        [79.19464, 17.40556],
        [79.19443, 17.40561],
        [79.19398, 17.40568],
        [79.19395, 17.40568],
        [79.19387, 17.40564],
        [79.19388, 17.40566],
        [79.19389, 17.40568],
        [79.19391, 17.40575],
        [79.19386, 17.40574],
        [79.19382, 17.40573],
        [79.1936, 17.40568],
        [79.1932, 17.40559],
        [79.1928, 17.40543],
        [79.19273, 17.4054],
        [79.19267, 17.40539],
        [79.19234, 17.40532],
        [79.19224, 17.4053],
        [79.19218, 17.40529],
        [79.19209, 17.40528],
        [79.19195, 17.40526],
        [79.19177, 17.40523],
        [79.1917, 17.40523],
        [79.19084, 17.40514],
        [79.19033, 17.40526],
        [79.1902, 17.40528],
        [79.19006, 17.40526],
        [79.18891, 17.40525],
        [79.18814, 17.40481],
        [79.18773, 17.40477],
        [79.18743, 17.40473],
        [79.18729, 17.40473],
        [79.18713, 17.40475],
        [79.18674, 17.40463],
        [79.18611, 17.40442],
        [79.18598, 17.40441],
        [79.18584, 17.40431],
        [79.18577, 17.40421],
        [79.18565, 17.40405],
        [79.18545, 17.40376],
        [79.18536, 17.40364],
        [79.18528, 17.40355],
        [79.18481, 17.40319],
        [79.18455, 17.40262],
        [79.18447, 17.4025],
        [79.18441, 17.40239],
        [79.1842, 17.40204],
        [79.18403, 17.40177],
        [79.1827, 17.4004],
        [79.18255, 17.40029],
        [79.18249, 17.40022],
        [79.18152, 17.39917],
        [79.18078, 17.39848],
        [79.18067, 17.39837],
        [79.18065, 17.39835],
        [79.18057, 17.39821],
        [79.17962, 17.39731],
        [79.17951, 17.3972],
        [79.17897, 17.39685],
        [79.17887, 17.39675],
        [79.17891, 17.39667],
        [79.17894, 17.39662],
        [79.18034, 17.39422],
        [79.18175, 17.39361],
        [79.18189, 17.39357],
        [79.18195, 17.39353],
        [79.18207, 17.39347],
        [79.18269, 17.39317],
        [79.18423, 17.39242],
        [79.18444, 17.39234],
        [79.18463, 17.39226],
        [79.18886, 17.39029],
        [79.18906, 17.39021],
        [79.1892, 17.39014],
        [79.1898, 17.38983],
        [79.18997, 17.38974],
        [79.1901, 17.38969],
        [79.19213, 17.38883],
        [79.19252, 17.38869],
        [79.19268, 17.38861],
        [79.19281, 17.38856],
        [79.19295, 17.38852],
        [79.19305, 17.38845],
        [79.19324, 17.38836],
        [79.19406, 17.38804],
        [79.19426, 17.38798],
        [79.1944, 17.38788],
        [79.1946, 17.38775],
        [79.19473, 17.38767],
        [79.19486, 17.38758],
        [79.19778, 17.38615],
        [79.19894, 17.38571],
        [79.19908, 17.38563],
        [79.19922, 17.3856],
        [79.19938, 17.38554],
        [79.20084, 17.38492],
        [79.20101, 17.38486],
        [79.20113, 17.38478],
        [79.20185, 17.38434],
        [79.20209, 17.38421],
        [79.20226, 17.38414],
        [79.20257, 17.38405],
        [79.20269, 17.38404],
        [79.20267, 17.38403],
        [79.20264, 17.38394],
        [79.2026, 17.38373],
        [79.20255, 17.38341],
        [79.20254, 17.38336],
        [79.20256, 17.38268],
        [79.20276, 17.38223],
        [79.20413, 17.38131],
        [79.20431, 17.38119],
        [79.20448, 17.3811],
        [79.20512, 17.38078],
        [79.20597, 17.3807],
        [79.20616, 17.3807],
        [79.20632, 17.38066],
        [79.20713, 17.38029],
        [79.20727, 17.38024],
        [79.20742, 17.38022],
        [79.20975, 17.3795],
        [79.2099, 17.37949],
        [79.21007, 17.3795],
        [79.21181, 17.37955],
        [79.21201, 17.37959],
        [79.21214, 17.37963],
        [79.21267, 17.37971],
        [79.21285, 17.37974],
        [79.21298, 17.37958],
        [79.21399, 17.37817],
        [79.21411, 17.37741],
        [79.21411, 17.37726],
        [79.21428, 17.37724],
        [79.21515, 17.37703],
        [79.21532, 17.37698],
        [79.21537, 17.37686],
        [79.21544, 17.3766],
        [79.21545, 17.37644],
        [79.21543, 17.37631],
        [79.21532, 17.37608],
        [79.21516, 17.37592],
        [79.21507, 17.37579],
        [79.21518, 17.37569],
        [79.21691, 17.37385],
        [79.21699, 17.37373],
        [79.21709, 17.37357],
        [79.21757, 17.37285],
        [79.21766, 17.37268],
        [79.21772, 17.37254],
        [79.21839, 17.37121],
        [79.21846, 17.37107],
        [79.21858, 17.37098],
        [79.21979, 17.37036],
        [79.21999, 17.37026],
        [79.22099, 17.3694],
        [79.22035, 17.36896],
        [79.21897, 17.36813],
        [79.21838, 17.3677],
        [79.21452, 17.36629],
        [79.21077, 17.3649],
        [79.20602, 17.36262],
        [79.20135, 17.36033],
        [79.19792, 17.35826],
        [79.19656, 17.35712],
        [79.1956, 17.35562],
        [79.19357, 17.35427],
        [79.19125, 17.35291],
        [79.18947, 17.35224],
        [79.18798, 17.3522],
        [79.18662, 17.35227],
        [79.18389, 17.35229],
        [79.18175, 17.35224],
        [79.17941, 17.35198],
        [79.17822, 17.35143],
        [79.17675, 17.35072],
        [79.17539, 17.34955],
        [79.1732, 17.34815],
        [79.17042, 17.34577],
        [79.16956, 17.34515],
        [79.16926, 17.3458],
        [79.16918, 17.34594],
        [79.16879, 17.34676],
        [79.16873, 17.34693],
        [79.16865, 17.34706],
        [79.16852, 17.34743],
        [79.16843, 17.3476],
        [79.16841, 17.34772],
        [79.16816, 17.34889],
        [79.16936, 17.34923],
        [79.17014, 17.34968],
        [79.17052, 17.35041],
        [79.1701, 17.35134],
        [79.17048, 17.35346],
        [79.17031, 17.35374],
        [79.17008, 17.35379],
        [79.17014, 17.355],
        [79.16985, 17.35535],
        [79.16965, 17.35551],
        [79.16961, 17.35572],
        [79.16911, 17.35708],
        [79.16917, 17.35716],
        [79.16999, 17.35833],
        [79.17008, 17.35848],
        [79.17037, 17.35893],
        [79.17046, 17.35908],
        [79.17055, 17.35916],
        [79.17066, 17.35926],
        [79.17072, 17.35936],
        [79.17084, 17.35949],
        [79.171, 17.35972],
        [79.17122, 17.35993],
        [79.17125, 17.36],
        [79.17133, 17.36006],
        [79.17141, 17.36014],
        [79.17152, 17.36026],
        [79.17155, 17.36033],
        [79.17172, 17.3613],
        [79.1718, 17.36145],
        [79.17197, 17.36192],
        [79.17218, 17.36241],
        [79.17233, 17.36334],
        [79.17257, 17.36407],
        [79.17259, 17.36414],
        [79.17262, 17.36426],
        [79.17265, 17.36443],
        [79.17277, 17.36517],
        [79.17269, 17.36568],
        [79.17266, 17.36653],
        [79.17265, 17.3667],
        [79.17263, 17.36683],
        [79.17262, 17.36697],
        [79.17265, 17.36712],
        [79.1727, 17.36742],
        [79.17271, 17.36838],
        [79.17269, 17.36903],
        [79.17276, 17.36936],
        [79.17281, 17.36953],
        [79.17281, 17.36965],
        [79.17281, 17.36979],
        [79.17283, 17.36995],
        [79.17285, 17.37034],
        [79.17286, 17.3705],
        [79.17288, 17.3706],
        [79.173, 17.37196],
        [79.17306, 17.37243],
        [79.17307, 17.37258],
        [79.17307, 17.37271],
        [79.17304, 17.37349],
        [79.17302, 17.37363],
        [79.17302, 17.37372],
        [79.17302, 17.37384],
        [79.17302, 17.374],
        [79.17302, 17.37409],
        [79.17302, 17.3742],
        [79.173, 17.37454],
        [79.17296, 17.3747],
        [79.17297, 17.37484],
        [79.1729, 17.37526],
        [79.17281, 17.37546],
        [79.17277, 17.37566],
        [79.1727, 17.37579],
        [79.17255, 17.37619],
        [79.17265, 17.3765],
        [79.17267, 17.37671],
        [79.17273, 17.37684],
        [79.17289, 17.37729],
        [79.17312, 17.37858],
        [79.17316, 17.3787],
        [79.17314, 17.37884],
        [79.17309, 17.37933],
        [79.17276, 17.37969],
        [79.17273, 17.37997],
        [79.17258, 17.37995],
        [79.17247, 17.37997],
        [79.1725, 17.38008],
        [79.17262, 17.38046],
        [79.17269, 17.38071],
        [79.1727, 17.38087],
        [79.17269, 17.38097],
        [79.1726, 17.38096],
        [79.17252, 17.38098],
        [79.17244, 17.38098],
        [79.17241, 17.38107],
        [79.17237, 17.38115],
        [79.17156, 17.38376],
        [79.1715, 17.38389],
        [79.17147, 17.38402],
        [79.17106, 17.3855],
        [79.17098, 17.38564],
        [79.17089, 17.38575],
        [79.17008, 17.38549],
        [79.16967, 17.38518],
        [79.16868, 17.38416],
        [79.16855, 17.38402],
        [79.16854, 17.38401],
        [79.16846, 17.38392],
        [79.16836, 17.38382],
        [79.16801, 17.38344],
        [79.16778, 17.38335],
        [79.16776, 17.38334],
        [79.16765, 17.3833],
        [79.16764, 17.38325],
        [79.16755, 17.38274],
        [79.16745, 17.38276],
        [79.16536, 17.38288],
        [79.16521, 17.38286],
        [79.16509, 17.38289],
        [79.16363, 17.38268],
        [79.16362, 17.38268],
        [79.16357, 17.38268],
        [79.16356, 17.38268],
        [79.16344, 17.38267],
        [79.16341, 17.38267],
        [79.16324, 17.38266],
        [79.1615, 17.38264],
        [79.16138, 17.3826],
        [79.16123, 17.38262],
        [79.16022, 17.38265],
        [79.16016, 17.38265],
        [79.15806, 17.38278],
        [79.15791, 17.38274],
        [79.15779, 17.38275],
        [79.15708, 17.38286],
        [79.15692, 17.38286],
        [79.15689, 17.38286],
        [79.15678, 17.38289],
        [79.1563, 17.38299],
        [79.15621, 17.38301],
        [79.15567, 17.38319],
        [79.15344, 17.38381],
        [79.15345, 17.38379],
        [79.15331, 17.38385],
        [79.15329, 17.38386],
        [79.15321, 17.38389],
        [79.15197, 17.38443],
        [79.15178, 17.38442],
        [79.15175, 17.38442],
        [79.15081, 17.38429],
        [79.15071, 17.38428],
        [79.15065, 17.38428],
        [79.14928, 17.38424],
        [79.14874, 17.38436],
        [79.14872, 17.38446],
        [79.14867, 17.38451],
        [79.14863, 17.38461],
        [79.14806, 17.38624],
        [79.14762, 17.38738],
        [79.14756, 17.38749],
        [79.14751, 17.38756],
        [79.14763, 17.38761],
        [79.14828, 17.3878],
        [79.14835, 17.38782],
        [79.14838, 17.38783],
        [79.1484, 17.38794],
        [79.1484, 17.38875],
        [79.1484, 17.38881],
        [79.14843, 17.38909],
        [79.14841, 17.38936],
        [79.14839, 17.38947],
        [79.14831, 17.39002],
        [79.14829, 17.39013],
        [79.14831, 17.39018],
        [79.14849, 17.39056],
        [79.14851, 17.39064],
        [79.14858, 17.39075],
        [79.14897, 17.3914],
        [79.14906, 17.39155],
        [79.1492, 17.3918],
        [79.14923, 17.39188],
        [79.14939, 17.39238],
        [79.14942, 17.39247],
        [79.14941, 17.39312],
        [79.14935, 17.39369],
        [79.14929, 17.39428],
        [79.14927, 17.39455],
        [79.14914, 17.39536],
        [79.14833, 17.3954],
        [79.14759, 17.39599],
        [79.1475, 17.39606],
        [79.14613, 17.39714],
        [79.14608, 17.39716],
        [79.14608, 17.39717],
        [79.14606, 17.39718],
        [79.14596, 17.39725],
        [79.14527, 17.39776],
        [79.14474, 17.39901],
        [79.14377, 17.39934],
        [79.14331, 17.39951],
        [79.1426, 17.39973],
        [79.14237, 17.3998],
        [79.14226, 17.39984],
        [79.14151, 17.4002],
        [79.1403, 17.40071],
        [79.14029, 17.40072],
        [79.14018, 17.40077],
        [79.14005, 17.40088],
        [79.13993, 17.40093],
        [79.13856, 17.40151],
        [79.1384, 17.40157],
        [79.13795, 17.40169],
        [79.13794, 17.40169],
        [79.13777, 17.40173],
        [79.13722, 17.40189],
        [79.13647, 17.40223],
        [79.136, 17.40244],
        [79.13574, 17.40256],
        [79.13538, 17.40262],
        [79.13511, 17.40264],
        [79.13485, 17.40277],
        [79.13474, 17.40283],
        [79.13475, 17.40299],
        [79.1346, 17.40304],
        [79.13379, 17.40336],
        [79.13357, 17.40338],
        [79.13343, 17.40265],
        [79.13318, 17.40135],
        [79.13316, 17.4012],
        [79.13313, 17.40101],
        [79.1331, 17.40095],
        [79.13277, 17.40003],
        [79.1327, 17.3999],
        [79.13261, 17.39979],
        [79.13202, 17.39905],
        [79.13159, 17.39849],
        [79.13113, 17.39753],
        [79.13116, 17.39737],
        [79.13116, 17.39727],
        [79.13111, 17.3962],
        [79.13111, 17.39606],
        [79.13112, 17.39599],
        [79.13113, 17.3959],
        [79.13118, 17.39496],
        [79.13118, 17.39495],
        [79.13119, 17.39478],
        [79.1312, 17.39468],
        [79.13122, 17.39459],
        [79.13121, 17.39459],
        [79.13105, 17.39459],
        [79.13029, 17.39463],
        [79.12982, 17.39467],
        [79.12971, 17.39468],
        [79.12941, 17.39471],
        [79.12925, 17.39475],
        [79.12867, 17.3948],
        [79.12821, 17.39484],
        [79.12802, 17.39488],
        [79.12787, 17.39483],
        [79.12756, 17.39481],
        [79.12724, 17.39491],
        [79.12711, 17.39495],
        [79.12596, 17.39516],
        [79.12565, 17.39521],
        [79.12556, 17.39508],
        [79.12486, 17.39529],
        [79.12485, 17.39529],
        [79.12474, 17.39532],
        [79.1246, 17.39536],
        [79.12362, 17.39569],
        [79.12239, 17.39614],
        [79.12191, 17.39646],
        [79.12169, 17.39659],
        [79.12169, 17.3966],
        [79.12165, 17.39716],
        [79.12164, 17.39733],
        [79.12161, 17.39747],
        [79.12155, 17.39795],
        [79.12153, 17.39822],
        [79.12143, 17.39928],
        [79.12141, 17.40073],
        [79.12137, 17.40092],
        [79.12137, 17.40109],
        [79.12133, 17.40178],
        [79.12123, 17.40284],
        [79.12118, 17.40322],
        [79.12101, 17.40431],
        [79.12098, 17.4045],
        [79.12099, 17.40462],
        [79.12093, 17.40527],
        [79.1209, 17.40546],
        [79.12075, 17.40635],
        [79.12072, 17.40646],
        [79.12071, 17.40651],
        [79.12071, 17.40661],
        [79.12078, 17.40695],
        [79.12102, 17.408],
        [79.12107, 17.40835],
        [79.12119, 17.4092],
        [79.1212, 17.40939],
        [79.12137, 17.41002],
        [79.1216, 17.41055],
        [79.12169, 17.4108],
        [79.12159, 17.41099],
        [79.12164, 17.41119],
        [79.12188, 17.41166],
        [79.12233, 17.41244],
        [79.12239, 17.41256],
        [79.12247, 17.41264],
        [79.12253, 17.41274],
        [79.12242, 17.41304],
        [79.12237, 17.41372],
        [79.12238, 17.41384],
        [79.12238, 17.414],
        [79.12248, 17.41434],
        [79.12251, 17.41451],
        [79.12263, 17.41466],
        [79.12269, 17.41477],
        [79.12289, 17.41474],
        [79.12302, 17.41469],
        [79.12305, 17.41489],
        [79.12329, 17.41612],
        [79.12332, 17.41628],
        [79.12343, 17.41643],
        [79.12347, 17.41648],
        [79.12363, 17.41674],
        [79.12385, 17.41732],
        [79.12393, 17.41744],
        [79.12394, 17.41746],
        [79.12429, 17.41804],
        [79.12437, 17.41816],
        [79.12444, 17.41831],
        [79.12449, 17.41847],
        [79.12454, 17.41861],
        [79.12458, 17.41875],
        [79.12465, 17.4189],
        [79.12493, 17.41951],
        [79.12529, 17.42037],
        [79.12535, 17.42052],
        [79.12555, 17.42051],
        [79.12621, 17.42042],
        [79.12668, 17.42041],
        [79.12711, 17.42053],
        [79.12746, 17.42064],
        [79.12808, 17.42084],
        [79.12817, 17.42091],
        [79.12832, 17.42117],
        [79.12882, 17.42175],
        [79.12893, 17.42187],
        [79.12909, 17.42185],
        [79.1292, 17.42184],
        [79.12933, 17.42199],
        [79.12977, 17.42243],
        [79.12998, 17.42239],
        [79.13105, 17.42222],
        [79.13124, 17.42219],
        [79.13146, 17.42214],
        [79.13153, 17.42213],
        [79.13149, 17.42223],
        [79.13147, 17.42228],
        [79.1307, 17.42388],
        [79.13063, 17.42403],
        [79.13056, 17.42421],
        [79.13009, 17.42558],
        [79.13007, 17.42564],
        [79.13005, 17.42571],
        [79.13006, 17.42583],
        [79.13011, 17.42652],
        [79.1301, 17.42653],
        [79.12894, 17.42805],
        [79.12835, 17.42895],
        [79.12823, 17.42945],
        [79.12809, 17.43017],
        [79.12787, 17.43095],
        [79.12757, 17.43217],
        [79.12752, 17.43244],
        [79.12746, 17.4327],
        [79.12742, 17.43289],
        [79.12739, 17.43311],
        [79.12736, 17.43329],
        [79.12732, 17.43343],
        [79.12729, 17.43354],
        [79.12726, 17.43366],
        [79.12716, 17.4337],
        [79.12605, 17.4339],
        [79.12593, 17.43397],
        [79.12576, 17.43403],
        [79.12522, 17.43432],
        [79.12513, 17.43437],
        [79.12498, 17.43451],
        [79.12357, 17.4352],
        [79.12344, 17.43525],
        [79.12333, 17.4353],
        [79.12318, 17.43539],
        [79.12209, 17.43591],
        [79.12169, 17.43604],
        [79.1215, 17.43614],
        [79.12125, 17.4363],
        [79.1202, 17.43694],
        [79.12, 17.437],
        [79.11988, 17.43707],
        [79.11971, 17.43712],
        [79.11951, 17.43721],
        [79.11878, 17.43754],
        [79.11841, 17.4377],
        [79.1183, 17.43769],
        [79.11822, 17.43778],
        [79.1178, 17.43805],
        [79.11766, 17.43811],
        [79.11767, 17.43825],
        [79.11758, 17.44146],
        [79.11752, 17.4418],
        [79.11738, 17.44186],
        [79.1161, 17.44238],
        [79.11533, 17.44277],
        [79.11519, 17.44285],
        [79.11506, 17.44291],
        [79.1139, 17.44355],
        [79.11386, 17.44365],
        [79.11328, 17.44616],
        [79.11325, 17.44631],
        [79.11324, 17.44641],
        [79.11322, 17.44666],
        [79.11323, 17.44711],
        [79.11325, 17.44729],
        [79.11314, 17.44733],
        [79.11125, 17.44757],
        [79.11108, 17.4476],
        [79.11094, 17.44764],
        [79.11083, 17.44767],
        [79.11067, 17.44768],
        [79.10997, 17.44767],
        [79.10981, 17.44768],
        [79.10946, 17.44754],
        [79.10801, 17.44758],
        [79.10707, 17.44764],
        [79.10694, 17.44767],
        [79.1068, 17.44769],
        [79.10599, 17.44765],
        [79.10508, 17.4476],
        [79.10496, 17.44759],
        [79.10481, 17.44759],
        [79.1046, 17.44759],
        [79.10443, 17.44759],
        [79.10428, 17.44757],
        [79.10357, 17.44752],
        [79.10299, 17.44712],
        [79.10282, 17.44713],
        [79.10281, 17.44713],
        [79.1028, 17.44713],
        [79.10258, 17.44689],
        [79.10242, 17.44672],
        [79.10129, 17.44625],
        [79.10109, 17.4461],
        [79.10011, 17.44538],
        [79.0998, 17.44516],
        [79.09969, 17.44505],
        [79.09966, 17.44502],
        [79.09963, 17.44499],
        [79.09948, 17.445],
        [79.0965, 17.44478],
        [79.09561, 17.44471],
        [79.09545, 17.4447],
        [79.09531, 17.4447],
        [79.09327, 17.44455],
        [79.09323, 17.44455],
        [79.09317, 17.44456],
        [79.09232, 17.44475],
        [79.0919, 17.44497],
        [79.09151, 17.44542],
        [79.09087, 17.44571],
        [79.0908, 17.44578],
        [79.0903, 17.44606],
        [79.09021, 17.44606],
        [79.09014, 17.44605],
        [79.09002, 17.44604],
        [79.08987, 17.44607],
        [79.08817, 17.44606],
        [79.08803, 17.44602],
        [79.08787, 17.44606],
        [79.08742, 17.4461],
        [79.08727, 17.44611],
        [79.08714, 17.44609],
        [79.08699, 17.44617],
        [79.0863, 17.4469],
        [79.08459, 17.44726],
        [79.08441, 17.44728],
        [79.08424, 17.44727],
        [79.08394, 17.44723],
        [79.0831, 17.44737],
        [79.08304, 17.44738],
        [79.08294, 17.44741],
        [79.08291, 17.44741],
        [79.08278, 17.44741],
        [79.08176, 17.44754],
        [79.08098, 17.44766],
        [79.08085, 17.44767],
        [79.08084, 17.44767],
        [79.08084, 17.44768],
        [79.08083, 17.44771],
        [79.08073, 17.4477],
        [79.08052, 17.44768],
        [79.07762, 17.44798],
        [79.07748, 17.44803],
        [79.07744, 17.44801],
        [79.07734, 17.44798],
        [79.07688, 17.44782],
        [79.07656, 17.44801],
        [79.07618, 17.44812],
        [79.07495, 17.44829],
        [79.07479, 17.44831],
        [79.07466, 17.44833],
        [79.07451, 17.44836],
        [79.07197, 17.44863],
        [79.07055, 17.44886],
        [79.06986, 17.44897],
        [79.06958, 17.44903],
        [79.06936, 17.44919],
        [79.06924, 17.4495],
        [79.06891, 17.4495],
        [79.0686, 17.44993],
        [79.06804, 17.45035],
        [79.06752, 17.45071],
        [79.06697, 17.45077],
        [79.06544, 17.45122],
        [79.06528, 17.45128],
        [79.0652, 17.45132],
        [79.06476, 17.45147],
        [79.06454, 17.45162],
        [79.06444, 17.4517],
        [79.0643, 17.45175],
        [79.06368, 17.45207],
        [79.06348, 17.45235],
        [79.06262, 17.45249],
        [79.06243, 17.45252],
        [79.06226, 17.45256],
        [79.06051, 17.45294],
        [79.06035, 17.45301],
        [79.06015, 17.45305],
        [79.05895, 17.45328],
        [79.05877, 17.45336],
        [79.05859, 17.45336],
        [79.05698, 17.45373],
        [79.05631, 17.45409],
        [79.05614, 17.45414],
        [79.05505, 17.45462],
        [79.05493, 17.45476],
        [79.05479, 17.45482],
        [79.0527, 17.45595],
        [79.05258, 17.45604],
        [79.05158, 17.4579],
        [79.05115, 17.4585],
        [79.05106, 17.45857],
        [79.04963, 17.4607],
        [79.04954, 17.46078],
        [79.0495, 17.46088],
        [79.04869, 17.46212],
        [79.04863, 17.4622],
        [79.04855, 17.46228],
        [79.04707, 17.4644],
        [79.04698, 17.46448],
        [79.04691, 17.46457],
        [79.04645, 17.46538],
        [79.04616, 17.46611],
        [79.04611, 17.4662],
        [79.04605, 17.46631],
        [79.046, 17.46644],
        [79.04581, 17.46708],
        [79.04579, 17.46716],
        [79.04577, 17.46728],
        [79.04545, 17.46869],
        [79.04542, 17.46879],
        [79.0454, 17.4689],
        [79.04508, 17.46983],
        [79.04407, 17.47084],
        [79.04362, 17.47125],
        [79.04256, 17.47187],
        [79.04082, 17.47267],
        [79.03863, 17.47323],
        [79.03848, 17.47328],
        [79.03837, 17.47336],
        [79.03768, 17.4736],
        [79.0366, 17.47414],
        [79.03605, 17.47474],
        [79.03594, 17.47486],
        [79.03585, 17.47494],
        [79.03463, 17.47616],
        [79.03347, 17.47721],
        [79.03332, 17.47729],
        [79.03323, 17.47738],
        [79.03142, 17.47895],
        [79.03135, 17.47903],
        [79.03134, 17.47919],
        [79.0315, 17.48009],
        [79.03166, 17.48095],
        [79.0318, 17.48176],
        [79.03185, 17.48197],
        [79.0319, 17.4821],
        [79.03233, 17.48318],
        [79.03242, 17.48339],
        [79.03245, 17.48353],
        [79.03282, 17.48453],
        [79.03277, 17.48538],
        [79.03275, 17.4855],
        [79.03279, 17.48567],
        [79.03282, 17.48585],
        [79.03289, 17.48633],
        [79.03285, 17.48666],
        [79.03286, 17.48684],
        [79.03562, 17.4881],
        [79.03594, 17.48796],
        [79.03758, 17.4889],
        [79.03802, 17.48939],
        [79.03829, 17.48974],
        [79.03869, 17.49025],
        [79.03958, 17.49133],
        [79.03963, 17.4914],
        [79.0397, 17.49154],
        [79.04079, 17.49255],
        [79.04127, 17.49306],
        [79.04207, 17.49381],
        [79.04222, 17.49395],
        [79.04235, 17.49408],
        [79.04261, 17.49431],
        [79.04276, 17.49446],
        [79.04291, 17.49462],
        [79.04321, 17.4964],
        [79.04365, 17.49861],
        [79.04379, 17.49933],
        [79.0438, 17.49944],
        [79.04382, 17.49954],
        [79.0441, 17.50098],
        [79.04416, 17.50113],
        [79.0442, 17.50134],
        [79.04436, 17.50206],
        [79.0444, 17.50223],
        [79.04444, 17.50239],
        [79.04461, 17.50306],
        [79.04464, 17.50318],
        [79.04469, 17.50333],
        [79.04474, 17.50377],
        [79.04495, 17.50495],
        [79.04515, 17.50579],
        [79.0457, 17.50767],
        [79.04621, 17.50927],
        [79.04625, 17.50939],
        [79.04642, 17.50945],
        [79.04715, 17.50992],
        [79.04727, 17.51066],
        [79.04725, 17.51214],
        [79.04721, 17.51347],
        [79.04821, 17.51429],
        [79.04839, 17.51457],
        [79.04866, 17.51453],
        [79.04884, 17.5141],
        [79.04963, 17.51482],
        [79.04972, 17.51489],
        [79.04854, 17.51464],
        [79.04693, 17.51454],
        [79.04635, 17.5145],
        [79.04608, 17.51454],
        [79.04508, 17.51467],
        [79.04467, 17.51475],
        [79.04329, 17.51503],
        [79.04218, 17.51541],
        [79.04208, 17.5155],
        [79.04085, 17.51661],
        [79.03992, 17.51739],
        [79.03781, 17.51917],
        [79.03643, 17.52037],
        [79.03533, 17.52131],
        [79.0334, 17.52271],
        [79.03122, 17.52429],
        [79.03122, 17.5243],
        [79.03141, 17.5248],
        [79.0321, 17.52664],
        [79.03243, 17.5289],
        [79.03245, 17.52932],
        [79.03249, 17.5303],
        [79.03254, 17.53155],
        [79.03106, 17.53207],
        [79.02965, 17.53304],
        [79.02786, 17.53427],
        [79.02785, 17.53427],
        [79.02704, 17.53413],
        [79.02649, 17.53412],
        [79.02579, 17.53431],
        [79.02553, 17.53438],
        [79.02506, 17.53485],
        [79.02488, 17.53512],
        [79.02449, 17.53572],
        [79.02436, 17.53702],
        [79.02366, 17.53783],
        [79.0229, 17.53824],
        [79.02256, 17.53843],
        [79.02191, 17.53829],
        [79.02182, 17.53826],
        [79.02174, 17.53819],
        [79.02139, 17.53805],
        [79.02076, 17.5378],
        [79.01979, 17.53751],
        [79.01966, 17.53748],
        [79.01959, 17.53745],
        [79.01952, 17.53741],
        [79.01934, 17.53732],
        [79.01836, 17.5368],
        [79.01824, 17.53673],
        [79.0182, 17.53671],
        [79.01814, 17.53667],
        [79.01591, 17.53542],
        [79.01441, 17.53459],
        [79.01374, 17.53462],
        [79.01274, 17.53466],
        [79.01234, 17.53467],
        [79.01219, 17.53468],
        [79.01206, 17.53468],
        [79.01184, 17.53469],
        [79.01124, 17.5347],
        [79.01005, 17.53471],
        [79.00995, 17.53471],
        [79.00981, 17.53472],
        [79.00783, 17.53456],
        [79.00779, 17.53455],
        [79.00772, 17.53455],
        [79.00757, 17.53452],
        [79.00669, 17.53449],
        [79.00515, 17.53443],
        [79.00372, 17.53437],
        [79.00283, 17.53438],
        [79.0013, 17.53441],
        [79.00047, 17.53442],
        [78.99898, 17.53445],
        [78.99847, 17.53445],
        [78.99689, 17.53458],
        [78.99588, 17.53466],
        [78.99576, 17.53468],
        [78.99445, 17.5348],
        [78.99187, 17.53505],
        [78.99172, 17.53506],
        [78.99095, 17.53515],
        [78.99081, 17.53516],
        [78.99065, 17.53517],
        [78.99057, 17.53517],
        [78.99052, 17.53518],
        [78.98817, 17.53541],
        [78.98743, 17.53548],
        [78.98609, 17.53559],
        [78.98602, 17.53559],
        [78.98603, 17.53566],
        [78.98603, 17.53571],
        [78.98621, 17.53714],
        [78.98641, 17.53902],
        [78.98642, 17.53914],
        [78.98642, 17.53921],
        [78.98642, 17.53925],
        [78.98635, 17.54045],
        [78.98635, 17.54056],
        [78.98635, 17.54065],
        [78.98629, 17.5411],
        [78.98628, 17.54116],
        [78.9864, 17.54367],
        [78.98646, 17.54422],
        [78.98647, 17.54429],
        [78.98667, 17.54575],
        [78.98667, 17.54577],
        [78.98669, 17.54586],
        [78.98666, 17.54744],
        [78.98667, 17.54754],
        [78.98668, 17.54766],
        [78.98666, 17.54868],
        [78.98669, 17.54924],
        [78.98674, 17.54971],
        [78.98687, 17.55087],
        [78.98683, 17.55131],
        [78.98676, 17.55143],
        [78.98317, 17.55047],
        [78.98316, 17.55047],
        [78.98045, 17.54987],
        [78.98023, 17.54982],
        [78.97818, 17.54958],
        [78.97808, 17.5496],
        [78.97636, 17.54996],
        [78.97628, 17.54998],
        [78.97631, 17.55033],
        [78.97627, 17.55082],
        [78.97623, 17.55082],
        [78.97273, 17.5505],
        [78.97143, 17.55041],
        [78.96875, 17.55044],
        [78.96828, 17.55033],
        [78.96825, 17.54972],
        [78.96796, 17.54975],
        [78.96706, 17.55012],
        [78.96695, 17.54993],
        [78.96689, 17.54998],
        [78.96708, 17.55069],
        [78.96755, 17.55255],
        [78.96771, 17.55323],
        [78.96825, 17.55468],
        [78.96865, 17.55648],
        [78.96863, 17.55743],
        [78.96854, 17.55833],
        [78.96839, 17.56012],
        [78.96836, 17.56145],
        [78.96834, 17.56394],
        [78.96834, 17.56418],
        [78.96834, 17.56533],
        [78.9684, 17.56715],
        [78.96812, 17.56714],
        [78.965, 17.56648],
        [78.96489, 17.56669],
        [78.9625, 17.56648],
        [78.96176, 17.56739],
        [78.96133, 17.56792],
        [78.96086, 17.56848],
        [78.96055, 17.56884],
        [78.96016, 17.56928],
        [78.95977, 17.56952],
        [78.95904, 17.56987],
        [78.95879, 17.56996],
        [78.95777, 17.57034],
        [78.95686, 17.57068],
        [78.95593, 17.57121],
        [78.9557, 17.57131],
        [78.95502, 17.57119],
        [78.95386, 17.57122],
        [78.95189, 17.57135],
        [78.95158, 17.57133],
        [78.95084, 17.57128],
        [78.95069, 17.57121],
        [78.94988, 17.57115],
        [78.94907, 17.57109],
        [78.94836, 17.57103],
        [78.94752, 17.57088],
        [78.94731, 17.57068],
        [78.94683, 17.57029],
        [78.94635, 17.57018],
        [78.94566, 17.56999],
        [78.94561, 17.56998],
        [78.94484, 17.56972],
        [78.94415, 17.56948],
        [78.94409, 17.56947],
        [78.94393, 17.56949],
        [78.94376, 17.56951],
        [78.94375, 17.56951],
        [78.94366, 17.5695],
        [78.94363, 17.5695],
        [78.94269, 17.56952],
        [78.94185, 17.56954],
        [78.94181, 17.56954],
        [78.94177, 17.56957],
        [78.94065, 17.56986],
        [78.94003, 17.57007],
        [78.93973, 17.57029],
        [78.93899, 17.5708],
        [78.93862, 17.57105],
        [78.93846, 17.57111],
        [78.93812, 17.57117],
        [78.93767, 17.57121],
        [78.93746, 17.57122],
        [78.93659, 17.57068],
        [78.93629, 17.57045],
        [78.93622, 17.57046],
        [78.93483, 17.57007],
        [78.93426, 17.57017],
        [78.93419, 17.5702],
        [78.93335, 17.57052],
        [78.93316, 17.57061],
        [78.93316, 17.57062],
        [78.93335, 17.57188],
        [78.9334, 17.57208],
        [78.93364, 17.57316],
        [78.93366, 17.57325],
        [78.9338, 17.57392],
        [78.93372, 17.57411],
        [78.93334, 17.57533],
        [78.93309, 17.57615],
        [78.93295, 17.57655],
        [78.93221, 17.57666],
        [78.93135, 17.57677],
        [78.93054, 17.57709],
        [78.93004, 17.5773],
        [78.9295, 17.57755],
        [78.92941, 17.57759],
        [78.92913, 17.57772],
        [78.92846, 17.57798],
        [78.92777, 17.57824],
        [78.92741, 17.57835],
        [78.92732, 17.5783],
        [78.92688, 17.57823],
        [78.92522, 17.57799],
        [78.92336, 17.57799],
        [78.92169, 17.57769],
        [78.92152, 17.57772],
        [78.92134, 17.57771],
        [78.92064, 17.57769],
        [78.9201, 17.57769],
        [78.91999, 17.5777],
        [78.91985, 17.57774],
        [78.9172, 17.57924],
        [78.91706, 17.57932],
        [78.91695, 17.57936],
        [78.91544, 17.57935],
        [78.91525, 17.57934],
        [78.9147, 17.57932],
        [78.91451, 17.57933],
        [78.91437, 17.57933],
        [78.91375, 17.5793],
        [78.91296, 17.57926],
        [78.91178, 17.57931],
        [78.91165, 17.57933],
        [78.91144, 17.57933],
        [78.9102, 17.57932],
        [78.91006, 17.57933],
        [78.90994, 17.57933],
        [78.90842, 17.57935],
        [78.9083, 17.57936],
        [78.90821, 17.57939],
        [78.9062, 17.57974],
        [78.90424, 17.58053],
        [78.90225, 17.58254],
        [78.90186, 17.58273],
        [78.90124, 17.583],
        [78.9004, 17.58246],
        [78.89948, 17.58176],
        [78.89935, 17.58171],
        [78.89923, 17.58183],
        [78.89882, 17.58344],
        [78.89856, 17.58359],
        [78.89822, 17.58377],
        [78.89668, 17.58456],
        [78.8959, 17.58502],
        [78.89503, 17.58558],
        [78.89414, 17.58612],
        [78.89366, 17.58636],
        [78.89265, 17.58735],
        [78.89049, 17.58945],
        [78.88923, 17.59071],
        [78.8878, 17.59087],
        [78.88689, 17.59097],
        [78.88588, 17.59124],
        [78.88576, 17.59133],
        [78.88567, 17.591],
        [78.88567, 17.59091],
        [78.88563, 17.5906],
        [78.88449, 17.58905],
        [78.88437, 17.5889],
        [78.88391, 17.58801],
        [78.88342, 17.5871],
        [78.88291, 17.58618],
        [78.88219, 17.5849],
        [78.88083, 17.58237],
        [78.87993, 17.58084],
        [78.87987, 17.58074],
        [78.87956, 17.58081],
        [78.87711, 17.58176],
        [78.87699, 17.58183],
        [78.87657, 17.58195],
        [78.87643, 17.58199],
        [78.87397, 17.58268],
        [78.87348, 17.5829],
        [78.8734, 17.58294],
        [78.87171, 17.58371],
        [78.87104, 17.58401],
        [78.871, 17.58403],
        [78.87015, 17.58448],
        [78.86944, 17.5848],
        [78.8689, 17.58512],
        [78.86803, 17.58563],
        [78.86653, 17.58644],
        [78.86618, 17.58665],
        [78.86562, 17.58699],
        [78.86502, 17.58738],
        [78.86412, 17.58846],
        [78.86344, 17.59056],
        [78.8633, 17.59075],
        [78.86259, 17.59145],
        [78.86211, 17.59184],
        [78.85981, 17.59367],
        [78.85903, 17.59431],
        [78.858, 17.59505],
        [78.85763, 17.59532],
        [78.85702, 17.59559],
        [78.85669, 17.59574],
        [78.85608, 17.59594],
        [78.85604, 17.59595],
        [78.85602, 17.59583],
        [78.85586, 17.59554],
        [78.85524, 17.59428],
        [78.8516, 17.58694],
        [78.85155, 17.58682],
        [78.85038, 17.58482],
        [78.8498, 17.58383],
        [78.84966, 17.58364],
        [78.84964, 17.5835],
        [78.84959, 17.5834],
        [78.84998, 17.58133],
        [78.85049, 17.57901],
        [78.85057, 17.57834],
        [78.85059, 17.5782],
        [78.85067, 17.57823],
        [78.85072, 17.57825],
        [78.85075, 17.57826],
        [78.85077, 17.57826],
        [78.85118, 17.57822],
        [78.85121, 17.57802],
        [78.85088, 17.578],
        [78.851, 17.57767],
        [78.85112, 17.5773],
        [78.85126, 17.57709],
        [78.85103, 17.57675],
        [78.85101, 17.57673],
        [78.85072, 17.57655],
        [78.84985, 17.576],
        [78.84757, 17.57486],
        [78.84549, 17.57365],
        [78.84547, 17.57364],
        [78.84521, 17.57349],
        [78.84497, 17.57338],
        [78.84409, 17.57306],
        [78.84311, 17.57265],
        [78.84214, 17.57232],
        [78.84198, 17.57227],
        [78.84182, 17.57223],
        [78.8417, 17.5722],
        [78.84123, 17.57207],
        [78.8411, 17.57202],
        [78.84089, 17.57194],
        [78.84068, 17.5719],
        [78.84063, 17.5719],
        [78.84006, 17.57173],
        [78.83971, 17.57155],
        [78.83963, 17.57137],
        [78.8377, 17.57104],
        [78.83703, 17.57093],
        [78.83511, 17.57045],
        [78.83446, 17.57057],
        [78.83438, 17.57061],
        [78.83377, 17.57098],
        [78.83367, 17.57103],
        [78.83367, 17.57104],
        [78.83365, 17.57104],
        [78.8302, 17.57276],
        [78.83013, 17.5728],
        [78.82878, 17.57353],
        [78.8287, 17.57338],
        [78.8283, 17.57253],
        [78.82786, 17.57159],
        [78.82725, 17.57022],
        [78.82693, 17.56951],
        [78.82672, 17.56897],
        [78.82678, 17.5682],
        [78.8268, 17.56802],
        [78.8268, 17.56718],
        [78.82681, 17.56673],
        [78.82681, 17.56636],
        [78.82682, 17.56577],
        [78.82664, 17.56506],
        [78.82626, 17.56436],
        [78.82613, 17.5644],
        [78.82602, 17.56401],
        [78.82589, 17.56363],
        [78.82553, 17.56332],
        [78.82535, 17.56317],
        [78.82534, 17.56285],
        [78.82532, 17.56254],
        [78.82528, 17.56175],
        [78.82527, 17.56168],
        [78.82539, 17.56098],
        [78.82519, 17.5606],
        [78.82491, 17.56005],
        [78.82482, 17.55987],
        [78.82508, 17.55878],
        [78.82522, 17.55813],
        [78.82534, 17.5577],
        [78.82545, 17.55734],
        [78.82551, 17.55713],
        [78.82592, 17.5557],
        [78.82614, 17.55495],
        [78.82626, 17.55452],
        [78.82632, 17.55347],
        [78.82633, 17.55347],
        [78.82679, 17.55292],
        [78.82741, 17.55196],
        [78.82742, 17.55195],
        [78.82772, 17.55144],
        [78.82783, 17.55126],
        [78.82754, 17.55076],
        [78.82753, 17.55063],
        [78.82745, 17.54992],
        [78.8274, 17.54913],
        [78.82738, 17.54888],
        [78.82731, 17.54759],
        [78.82728, 17.547],
        [78.82708, 17.54601],
        [78.82679, 17.54481],
        [78.82665, 17.54437],
        [78.8267, 17.54436],
        [78.82762, 17.5441],
        [78.82807, 17.54397],
        [78.82823, 17.544],
        [78.82852, 17.54395],
        [78.82879, 17.54389],
        [78.82911, 17.54382],
        [78.82952, 17.54361],
        [78.8301, 17.54335],
        [78.8302, 17.5433],
        [78.83061, 17.54309],
        [78.83137, 17.54352],
        [78.83217, 17.54221],
        [78.83251, 17.54144],
        [78.83259, 17.54098],
        [78.83277, 17.54025],
        [78.83278, 17.53994],
        [78.8328, 17.53984],
        [78.83322, 17.53902],
        [78.83332, 17.53865],
        [78.83361, 17.53815],
        [78.83394, 17.53751],
        [78.83435, 17.53588],
        [78.83447, 17.53563],
        [78.83466, 17.53538],
        [78.83494, 17.53516],
        [78.8352, 17.5349],
        [78.83542, 17.53461],
        [78.83589, 17.53418],
        [78.83609, 17.53399],
        [78.83631, 17.53389],
        [78.83657, 17.53377],
        [78.83668, 17.53375],
        [78.83697, 17.53364],
        [78.83713, 17.53357],
        [78.83786, 17.53339],
        [78.83771, 17.53329],
        [78.83764, 17.53322],
        [78.83729, 17.53292],
        [78.83722, 17.53285],
        [78.83698, 17.53265],
        [78.8366, 17.53239],
        [78.83655, 17.53226],
        [78.83655, 17.53225],
        [78.83647, 17.53207],
        [78.83631, 17.53193],
        [78.83626, 17.53188],
        [78.83621, 17.53182],
        [78.83609, 17.53168],
        [78.83599, 17.53133],
        [78.83597, 17.53125],
        [78.83593, 17.53119],
        [78.83577, 17.53082],
        [78.83573, 17.53072],
        [78.83563, 17.53058],
        [78.83541, 17.53008],
        [78.83534, 17.52993],
        [78.83531, 17.52992],
        [78.83524, 17.53015],
        [78.83476, 17.52984],
        [78.8344, 17.52929],
        [78.83429, 17.52916],
        [78.8335, 17.52824],
        [78.83294, 17.52756],
        [78.83222, 17.52695],
        [78.83191, 17.52656],
        [78.83141, 17.52597],
        [78.8307, 17.52518],
        [78.82986, 17.52423],
        [78.82898, 17.52326],
        [78.82805, 17.52218],
        [78.82772, 17.5218],
        [78.82664, 17.52458],
        [78.8264, 17.52447],
        [78.82609, 17.52434],
        [78.82605, 17.52396],
        [78.82582, 17.52418],
        [78.82577, 17.52413],
        [78.82546, 17.52377],
        [78.82533, 17.52413],
        [78.82506, 17.52402],
        [78.82508, 17.52385],
        [78.82492, 17.5237],
        [78.82508, 17.52354],
        [78.82485, 17.52337],
        [78.82391, 17.52272],
        [78.82227, 17.52299],
        [78.81877, 17.52431],
        [78.81733, 17.52487],
        [78.81684, 17.52506],
        [78.81682, 17.52507],
        [78.81632, 17.52531],
        [78.81517, 17.52579],
        [78.81485, 17.52592],
        [78.81339, 17.52627],
        [78.81338, 17.52627],
        [78.81312, 17.52632],
        [78.81307, 17.52642],
        [78.81291, 17.52679],
        [78.81291, 17.5268],
        [78.81279, 17.52706],
        [78.81317, 17.52751],
        [78.81292, 17.52756],
        [78.81284, 17.52758],
        [78.81283, 17.52747],
        [78.81281, 17.52725],
        [78.81252, 17.52717],
        [78.81233, 17.52729],
        [78.81203, 17.52714],
        [78.81181, 17.52702],
        [78.81164, 17.5273],
        [78.81143, 17.52737],
        [78.81139, 17.52739],
        [78.81096, 17.52731],
        [78.81076, 17.52722],
        [78.81008, 17.52691],
        [78.80995, 17.52688],
        [78.80994, 17.52688],
        [78.80955, 17.52679],
        [78.80956, 17.52642],
        [78.80956, 17.52627],
        [78.80969, 17.52627],
        [78.80966, 17.52595],
        [78.80966, 17.52592],
        [78.80966, 17.52579],
        [78.80967, 17.52564],
        [78.80952, 17.52515],
        [78.80936, 17.52463],
        [78.80933, 17.52453],
        [78.80933, 17.52452],
        [78.80928, 17.52438],
        [78.80928, 17.52437],
        [78.80934, 17.52415],
        [78.80939, 17.52394],
        [78.80945, 17.52371],
        [78.80949, 17.52352],
        [78.80953, 17.52331],
        [78.80955, 17.52317],
        [78.80981, 17.52153],
        [78.80982, 17.52148],
        [78.80998, 17.52106],
        [78.80988, 17.52107],
        [78.80958, 17.52111],
        [78.80946, 17.52113],
        [78.80936, 17.52096],
        [78.80914, 17.52054],
        [78.80907, 17.52043],
        [78.80894, 17.52041],
        [78.80806, 17.52028],
        [78.8079, 17.52027],
        [78.8079, 17.5201],
        [78.80785, 17.51958],
        [78.80785, 17.51956],
        [78.8075, 17.51954],
        [78.80739, 17.51957],
        [78.8072, 17.51963],
        [78.80682, 17.51972],
        [78.80669, 17.51974],
        [78.80654, 17.51978],
        [78.80616, 17.5199],
        [78.80581, 17.52004],
        [78.80458, 17.52017],
        [78.80427, 17.5202],
        [78.80396, 17.52039],
        [78.80368, 17.52057],
        [78.80303, 17.52099],
        [78.80224, 17.52156],
        [78.80215, 17.5216],
        [78.80206, 17.52166],
        [78.80131, 17.52209],
        [78.80096, 17.52228],
        [78.80019, 17.52271],
        [78.80009, 17.52278],
        [78.8, 17.52283],
        [78.79973, 17.52301],
        [78.79966, 17.52306],
        [78.79958, 17.5231],
        [78.79916, 17.52338],
        [78.79885, 17.52357],
        [78.79827, 17.52395],
        [78.7982, 17.524],
        [78.79777, 17.5245],
        [78.79759, 17.52471],
        [78.79681, 17.52559],
        [78.79674, 17.52566],
        [78.79667, 17.52575],
        [78.79572, 17.5269],
        [78.79516, 17.52759],
        [78.79515, 17.5276],
        [78.79493, 17.52788],
        [78.79486, 17.52797],
        [78.79479, 17.52805],
        [78.79388, 17.52867],
        [78.79273, 17.52943],
        [78.79263, 17.52953],
        [78.79255, 17.52954],
        [78.79188, 17.52957],
        [78.79148, 17.52958],
        [78.79142, 17.52959],
        [78.79025, 17.52964],
        [78.79014, 17.52964],
        [78.79004, 17.52964],
        [78.78973, 17.52965],
        [78.78959, 17.52966],
        [78.78856, 17.52973],
        [78.78845, 17.52975],
        [78.78839, 17.52976],
        [78.78802, 17.52988],
        [78.78774, 17.52997],
        [78.78684, 17.53025],
        [78.78676, 17.53027],
        [78.78668, 17.53029],
        [78.78612, 17.53045],
        [78.78604, 17.53047],
        [78.78603, 17.53048],
        [78.78593, 17.53051],
        [78.78552, 17.53065],
        [78.78503, 17.53086],
        [78.78467, 17.53101],
        [78.78435, 17.53114],
        [78.78424, 17.53118],
        [78.78422, 17.5311],
        [78.78419, 17.53086],
        [78.78413, 17.53043],
        [78.78395, 17.5288],
        [78.78394, 17.52868],
        [78.78391, 17.52855],
        [78.7839, 17.52848],
        [78.78378, 17.528],
        [78.78366, 17.52739],
        [78.78366, 17.52731],
        [78.78362, 17.52721],
        [78.78362, 17.5272],
        [78.78351, 17.52661],
        [78.78351, 17.5266],
        [78.78338, 17.52602],
        [78.7831, 17.52462],
        [78.78305, 17.52447],
        [78.78258, 17.52333],
        [78.78221, 17.52253],
        [78.78194, 17.52192],
        [78.78193, 17.52188],
        [78.7819, 17.52178],
        [78.78186, 17.52166],
        [78.78161, 17.52063],
        [78.78137, 17.51954],
        [78.78135, 17.51945],
        [78.78133, 17.51932],
        [78.78127, 17.51923],
        [78.78116, 17.51907],
        [78.78107, 17.51897],
        [78.781, 17.51889],
        [78.78071, 17.51852],
        [78.78022, 17.51796],
        [78.77981, 17.51748],
        [78.77959, 17.51721],
        [78.77916, 17.51676],
        [78.77884, 17.51592],
        [78.77872, 17.51563],
        [78.77867, 17.51552],
        [78.7786, 17.51539],
        [78.77825, 17.51463],
        [78.77817, 17.51451],
        [78.77809, 17.5144],
        [78.77777, 17.51393],
        [78.77776, 17.51393],
        [78.77763, 17.51373],
        [78.77757, 17.51363],
        [78.77749, 17.51352],
        [78.77698, 17.51276],
        [78.77691, 17.51267],
        [78.77684, 17.51258],
        [78.77663, 17.51232],
        [78.77607, 17.51172],
        [78.77573, 17.51136],
        [78.77491, 17.51031],
        [78.77485, 17.51023],
        [78.77477, 17.51015],
        [78.77402, 17.50932],
        [78.77327, 17.50847],
        [78.77325, 17.50844],
        [78.77324, 17.50844],
        [78.77318, 17.50837],
        [78.7732, 17.50836],
        [78.77319, 17.50835],
        [78.77318, 17.50833],
        [78.77222, 17.507],
        [78.77217, 17.50691],
        [78.77215, 17.50692],
        [78.77088, 17.50766],
        [78.77071, 17.50779],
        [78.7706, 17.50787],
        [78.77015, 17.50809],
        [78.76885, 17.50872],
        [78.76872, 17.50878],
        [78.76861, 17.50883],
        [78.76758, 17.50947],
        [78.7675, 17.50952],
        [78.76736, 17.50957],
        [78.76726, 17.5096],
        [78.76722, 17.50964],
        [78.76612, 17.51058],
        [78.76561, 17.51093],
        [78.7655, 17.511],
        [78.7645, 17.51151],
        [78.76449, 17.51152],
        [78.76369, 17.51174],
        [78.76234, 17.51227],
        [78.76228, 17.5123],
        [78.76048, 17.51363],
        [78.76045, 17.51366],
        [78.75992, 17.51407],
        [78.75921, 17.51485],
        [78.75819, 17.51592],
        [78.75671, 17.51741],
        [78.75349, 17.51817],
        [78.75329, 17.5182],
        [78.75294, 17.51828],
        [78.75283, 17.5183],
        [78.75282, 17.5183],
        [78.75275, 17.51833],
        [78.75169, 17.51868],
        [78.75154, 17.51871],
        [78.75138, 17.51887],
        [78.75103, 17.51818],
        [78.74938, 17.5186],
        [78.74588, 17.51885],
        [78.74557, 17.51815],
        [78.74396, 17.51768],
        [78.74011, 17.51639],
        [78.73779, 17.51635],
        [78.73716, 17.51691],
        [78.73653, 17.51747],
        [78.73627, 17.51773],
        [78.7361, 17.51787],
        [78.73574, 17.51816],
        [78.73556, 17.51832],
        [78.73536, 17.51849],
        [78.73433, 17.51942],
        [78.73337, 17.52025],
        [78.7326, 17.52088],
        [78.73206, 17.52128],
        [78.73199, 17.52135],
        [78.73175, 17.52155],
        [78.73169, 17.52169],
        [78.73153, 17.52183],
        [78.7314, 17.52194],
        [78.73053, 17.52263],
        [78.7304, 17.52275],
        [78.72957, 17.52337],
        [78.72947, 17.52346],
        [78.7293, 17.52335],
        [78.72916, 17.52325],
        [78.72897, 17.52313],
        [78.72837, 17.52275],
        [78.72819, 17.52263],
        [78.72683, 17.52218],
        [78.72585, 17.52159],
        [78.72453, 17.52081],
        [78.72447, 17.52053],
        [78.72388, 17.52053],
        [78.72339, 17.52012],
        [78.7222, 17.51926],
        [78.72199, 17.51912],
        [78.72177, 17.51876],
        [78.72171, 17.5186],
        [78.72148, 17.51846],
        [78.71987, 17.5175],
        [78.71959, 17.51721],
        [78.71896, 17.51698],
        [78.71884, 17.51695],
        [78.71864, 17.51705],
        [78.71794, 17.51918],
        [78.71677, 17.52106],
        [78.71573, 17.5226],
        [78.71458, 17.52444],
        [78.7145, 17.52456],
        [78.71442, 17.52449],
        [78.71341, 17.52401],
        [78.71265, 17.52365],
        [78.71117, 17.52529],
        [78.71088, 17.52547],
        [78.71087, 17.52548],
        [78.71056, 17.52569],
        [78.70958, 17.52636],
        [78.70912, 17.52631],
        [78.70863, 17.52668],
        [78.70831, 17.52719],
        [78.70803, 17.52765],
        [78.70683, 17.52802],
        [78.70619, 17.52822],
        [78.70569, 17.52845],
        [78.70507, 17.52875],
        [78.70487, 17.52983],
        [78.70444, 17.53069],
        [78.70443, 17.53072],
        [78.70414, 17.53117],
        [78.70323, 17.53256],
        [78.70283, 17.53319],
        [78.70246, 17.53353],
        [78.70219, 17.53378],
        [78.70208, 17.5339],
        [78.70099, 17.53502],
        [78.70098, 17.53513],
        [78.70093, 17.5357],
        [78.70066, 17.53812],
        [78.70053, 17.5393],
        [78.70043, 17.54022],
        [78.70039, 17.5406],
        [78.70036, 17.54098],
        [78.69959, 17.54112],
        [78.69936, 17.54216],
        [78.6993, 17.54232],
        [78.69928, 17.54244],
        [78.69898, 17.54373],
        [78.69741, 17.54542],
        [78.69705, 17.5458],
        [78.69679, 17.54608],
        [78.6967, 17.54619],
        [78.69653, 17.54622],
        [78.69518, 17.54654],
        [78.695, 17.54658],
        [78.69497, 17.54671],
        [78.69505, 17.54798],
        [78.69506, 17.54809],
        [78.69508, 17.54823],
        [78.69507, 17.54842],
        [78.69522, 17.55071],
        [78.69522, 17.55083],
        [78.69525, 17.55098],
        [78.69538, 17.55107],
        [78.6959, 17.5515],
        [78.69606, 17.55157],
        [78.69807, 17.55265],
        [78.69842, 17.55286],
        [78.69869, 17.55302],
        [78.69949, 17.55349],
        [78.69994, 17.55428],
        [78.69999, 17.55441],
        [78.7, 17.55455],
        [78.69997, 17.55508],
        [78.69998, 17.5556],
        [78.69999, 17.55569],
        [78.70053, 17.55668],
        [78.70205, 17.55769],
        [78.70303, 17.55828],
        [78.7039, 17.55862],
        [78.70408, 17.5587],
        [78.70238, 17.56094],
        [78.70182, 17.56168],
        [78.70146, 17.56215],
        [78.69927, 17.56501],
        [78.69873, 17.56554],
        [78.69496, 17.56862],
        [78.69407, 17.56935],
        [78.69371, 17.56964],
        [78.69319, 17.57007],
        [78.68823, 17.57061],
        [78.68507, 17.57382],
        [78.68455, 17.57458],
        [78.68377, 17.57572],
        [78.68332, 17.57638],
        [78.68261, 17.57741],
        [78.6829, 17.57764],
        [78.68312, 17.5778],
        [78.68363, 17.5782],
        [78.68418, 17.57864],
        [78.68461, 17.57896],
        [78.68553, 17.57964],
        [78.6863, 17.58021],
        [78.68648, 17.58035],
        [78.68765, 17.58121],
        [78.6877, 17.58177],
        [78.6877, 17.58179],
        [78.68773, 17.58178],
        [78.68816, 17.58175],
        [78.68825, 17.58201],
        [78.68868, 17.58236],
        [78.68941, 17.58325],
        [78.6904, 17.58404],
        [78.69085, 17.58429],
        [78.69055, 17.58458],
        [78.69062, 17.58468],
        [78.69112, 17.58539],
        [78.6912, 17.58576],
        [78.69117, 17.58685],
        [78.69117, 17.58703],
        [78.69115, 17.58796],
        [78.69112, 17.58811],
        [78.69104, 17.58847],
        [78.69098, 17.589],
        [78.69115, 17.58923],
        [78.69122, 17.58932],
        [78.69128, 17.58963],
        [78.69136, 17.59001],
        [78.69141, 17.59022],
        [78.69145, 17.59122],
        [78.69139, 17.59174],
        [78.69135, 17.59206],
        [78.69134, 17.59213],
        [78.69131, 17.59242],
        [78.69115, 17.59241],
        [78.69114, 17.59241],
        [78.69101, 17.59261],
        [78.691, 17.59264],
        [78.69075, 17.59328],
        [78.69048, 17.59358],
        [78.68998, 17.59393],
        [78.68921, 17.59457],
        [78.68827, 17.59469],
        [78.68825, 17.59468],
        [78.68809, 17.59468],
        [78.68769, 17.59466],
        [78.68758, 17.59473],
        [78.68759, 17.59554],
        [78.68758, 17.59569],
        [78.68767, 17.5958],
        [78.68805, 17.59619],
        [78.68876, 17.59692],
        [78.69, 17.59833],
        [78.69009, 17.59842],
        [78.69018, 17.59853],
        [78.69058, 17.59898],
        [78.69076, 17.59918],
        [78.69113, 17.59958],
        [78.69139, 17.59987],
        [78.69146, 17.59995],
        [78.69156, 17.60004],
        [78.6929, 17.60134],
        [78.69348, 17.60202],
        [78.69396, 17.60259],
        [78.69397, 17.60259],
        [78.69402, 17.60266],
        [78.69441, 17.60309],
        [78.69494, 17.60366],
        [78.69553, 17.60432],
        [78.69585, 17.60456],
        [78.69613, 17.60476],
        [78.69624, 17.60485],
        [78.69631, 17.6049],
        [78.69617, 17.60496],
        [78.69665, 17.60621],
        [78.69674, 17.60645],
        [78.69698, 17.60716],
        [78.69718, 17.60774],
        [78.6972, 17.60779],
        [78.69753, 17.60834],
        [78.69752, 17.60844],
        [78.69809, 17.60815],
        [78.69815, 17.60813],
        [78.69829, 17.60808],
        [78.6987, 17.60794],
        [78.69915, 17.60779],
        [78.69934, 17.60801],
        [78.69935, 17.60802],
        [78.69936, 17.60804],
        [78.69953, 17.60824],
        [78.69957, 17.6085],
        [78.69967, 17.6088],
        [78.69964, 17.60908],
        [78.69979, 17.60932],
        [78.69979, 17.60933],
        [78.69977, 17.60938],
        [78.69976, 17.60941],
        [78.69965, 17.60975],
        [78.69966, 17.61005],
        [78.6999, 17.60999],
        [78.70013, 17.60994],
        [78.70056, 17.60991],
        [78.70063, 17.61003],
        [78.70101, 17.61002],
        [78.70111, 17.61001],
        [78.70126, 17.61023],
        [78.70131, 17.61034],
        [78.70142, 17.61062],
        [78.7014, 17.61097],
        [78.70158, 17.61138],
        [78.70108, 17.6116],
        [78.70059, 17.61117],
        [78.70056, 17.61117],
        [78.70053, 17.61114],
        [78.69877, 17.61177],
        [78.69875, 17.61178],
        [78.69859, 17.61191],
        [78.69804, 17.61234],
        [78.6976, 17.61268],
        [78.69758, 17.61271],
        [78.69755, 17.61273],
        [78.69735, 17.61301],
        [78.69729, 17.61309],
        [78.69725, 17.61314],
        [78.69687, 17.61364],
        [78.69658, 17.61401],
        [78.69655, 17.61405],
        [78.69627, 17.61441],
        [78.69625, 17.61444],
        [78.69589, 17.61489],
        [78.69567, 17.61514],
        [78.69535, 17.61552],
        [78.69445, 17.61659],
        [78.69386, 17.61708],
        [78.69384, 17.61709],
        [78.69333, 17.61732],
        [78.69333, 17.61747],
        [78.69336, 17.61749],
        [78.69346, 17.61756],
        [78.69349, 17.61762],
        [78.69302, 17.61802],
        [78.69294, 17.61808],
        [78.6917, 17.61914],
        [78.69107, 17.61937],
        [78.68934, 17.62002],
        [78.68886, 17.6202],
        [78.68867, 17.62027],
        [78.68815, 17.62024],
        [78.68736, 17.62013],
        [78.68679, 17.61985],
        [78.68621, 17.61961],
        [78.68595, 17.61952],
        [78.68547, 17.61951],
        [78.6855, 17.62005],
        [78.6855, 17.62007],
        [78.68551, 17.62027],
        [78.6855, 17.62042],
        [78.68545, 17.62101],
        [78.68547, 17.62108],
        [78.68546, 17.62114],
        [78.68544, 17.62143],
        [78.68542, 17.6215],
        [78.68545, 17.62155],
        [78.68549, 17.62203],
        [78.68552, 17.6221],
        [78.68612, 17.6225],
        [78.68617, 17.62254],
        [78.6862, 17.62256],
        [78.6863, 17.6226],
        [78.68758, 17.62334],
        [78.68887, 17.62411],
        [78.689, 17.62417],
        [78.68914, 17.62422],
        [78.69006, 17.62469],
        [78.69031, 17.62482],
        [78.69096, 17.62516],
        [78.69131, 17.62533],
        [78.69142, 17.62539],
        [78.69153, 17.62543],
        [78.69249, 17.6259],
        [78.69259, 17.62595],
        [78.69269, 17.62599],
        [78.6928, 17.62604],
        [78.69343, 17.62639],
        [78.6965, 17.62809],
        [78.69824, 17.62881],
        [78.69936, 17.62977],
        [78.70117, 17.63127],
        [78.70131, 17.63138],
        [78.70196, 17.63192],
        [78.70207, 17.632],
        [78.70198, 17.63212],
        [78.70023, 17.63407],
        [78.69879, 17.63567],
        [78.69866, 17.63581],
        [78.69825, 17.6363],
        [78.6981, 17.63646],
        [78.69801, 17.63657],
        [78.69903, 17.6371],
        [78.70041, 17.63715],
        [78.70057, 17.63715],
        [78.70133, 17.63744],
        [78.70145, 17.63749],
        [78.70167, 17.63757],
        [78.70174, 17.6376],
        [78.70229, 17.63759],
        [78.7024, 17.63759],
        [78.70243, 17.63759],
        [78.70317, 17.63758],
        [78.70485, 17.63808],
        [78.70484, 17.63809],
        [78.70492, 17.63811],
        [78.70496, 17.63811],
        [78.70503, 17.63811],
        [78.70517, 17.63815],
        [78.70527, 17.63817],
        [78.70559, 17.63825],
        [78.70564, 17.63826],
        [78.70715, 17.6386],
        [78.70732, 17.63864],
        [78.70749, 17.63865],
        [78.70817, 17.63881],
        [78.70828, 17.63883],
        [78.70918, 17.63887],
        [78.70943, 17.63888],
        [78.70982, 17.63896],
        [78.71024, 17.63904],
        [78.71106, 17.6392],
        [78.71117, 17.63924],
        [78.71121, 17.63925],
        [78.71134, 17.63923],
        [78.71146, 17.63922],
        [78.71144, 17.63937],
        [78.71124, 17.64097],
        [78.71121, 17.64117],
        [78.71056, 17.64401],
        [78.71049, 17.64423],
        [78.71044, 17.64442],
        [78.71, 17.64579],
        [78.71022, 17.64678],
        [78.71038, 17.6475],
        [78.7104, 17.64764],
        [78.71046, 17.64781],
        [78.71062, 17.64878],
        [78.71093, 17.65019],
        [78.71098, 17.65039],
        [78.711, 17.65056],
        [78.71121, 17.65073],
        [78.71181, 17.65137],
        [78.71255, 17.65217],
        [78.71268, 17.65232],
        [78.7128, 17.65246],
        [78.71394, 17.65382],
        [78.71543, 17.65461],
        [78.71558, 17.6547],
        [78.71575, 17.65478],
        [78.7173, 17.6557],
        [78.71746, 17.6558],
        [78.71755, 17.65591],
        [78.71778, 17.65625],
        [78.71788, 17.65639],
        [78.71882, 17.65774],
        [78.71894, 17.65791],
        [78.71904, 17.65808],
        [78.71998, 17.65953],
        [78.7201, 17.65977],
        [78.72358, 17.66468],
        [78.72367, 17.66482],
        [78.72372, 17.66494],
        [78.72406, 17.66614],
        [78.72415, 17.66629],
        [78.72423, 17.66642],
        [78.7246, 17.66763],
        [78.72462, 17.66779],
        [78.72485, 17.66783],
        [78.72563, 17.66792],
        [78.7258, 17.66783],
        [78.72591, 17.66773],
        [78.72606, 17.66764],
        [78.72639, 17.66761],
        [78.72652, 17.66763],
        [78.72667, 17.66758],
        [78.72701, 17.66749],
        [78.7273, 17.66748],
        [78.72777, 17.66761],
        [78.72796, 17.66767],
        [78.72816, 17.66765],
        [78.72927, 17.66759],
        [78.73001, 17.66749],
        [78.73016, 17.6675],
        [78.73027, 17.66742],
        [78.73037, 17.66735],
        [78.73046, 17.66731],
        [78.73051, 17.66727],
        [78.73227, 17.66886],
        [78.73377, 17.67025],
        [78.73403, 17.67048],
        [78.73446, 17.67084],
        [78.7346, 17.67096],
        [78.73524, 17.6715],
        [78.73647, 17.67245],
        [78.73661, 17.67255],
        [78.73862, 17.67438],
        [78.73976, 17.67609],
        [78.73994, 17.67636],
        [78.74021, 17.67678],
        [78.7419, 17.67938],
        [78.74462, 17.68356],
        [78.74469, 17.68358],
        [78.75045, 17.68491],
        [78.75354, 17.68557],
        [78.75387, 17.68564],
        [78.75409, 17.68568],
        [78.75458, 17.68532],
        [78.75453, 17.68518],
        [78.75467, 17.68521],
        [78.75489, 17.68521],
        [78.75489, 17.68523],
        [78.75489, 17.68538],
        [78.75489, 17.68547],
        [78.7549, 17.6855],
        [78.75491, 17.68556],
        [78.75493, 17.68566],
        [78.75487, 17.68571],
        [78.75482, 17.68575],
        [78.75473, 17.68582],
        [78.75483, 17.68584],
        [78.75512, 17.6859],
        [78.7554, 17.68596],
        [78.75551, 17.68567],
        [78.75554, 17.68559],
        [78.75564, 17.68535],
        [78.75715, 17.6852],
        [78.75749, 17.68517],
        [78.75791, 17.68513],
        [78.75933, 17.68489],
        [78.76117, 17.68469],
        [78.76392, 17.68419],
        [78.76638, 17.68385],
        [78.76688, 17.68389],
        [78.76723, 17.68397],
        [78.76982, 17.68459],
        [78.76994, 17.68462],
        [78.76974, 17.68507],
        [78.76968, 17.68522],
        [78.76926, 17.68618],
        [78.76937, 17.68628],
        [78.76964, 17.68642],
        [78.76977, 17.68649],
        [78.76988, 17.68662],
        [78.77003, 17.68666],
        [78.77007, 17.68668],
        [78.77073, 17.68712],
        [78.7721, 17.68805],
        [78.77229, 17.68811],
        [78.77248, 17.68819],
        [78.77348, 17.68849],
        [78.77377, 17.68857],
        [78.77398, 17.68865],
        [78.77416, 17.68877],
        [78.77428, 17.68886],
        [78.7744, 17.68894],
        [78.77462, 17.68907],
        [78.77475, 17.68914],
        [78.77518, 17.68936],
        [78.77555, 17.6895],
        [78.77572, 17.68961],
        [78.77582, 17.6897],
        [78.77694, 17.69026],
        [78.77709, 17.69036],
        [78.77716, 17.6905],
        [78.77744, 17.69107],
        [78.77748, 17.69113],
        [78.77756, 17.69125],
        [78.77761, 17.69136],
        [78.77859, 17.69263],
        [78.77875, 17.69278],
        [78.77887, 17.69289],
        [78.7791, 17.69318],
        [78.77953, 17.69372],
        [78.78037, 17.6943],
        [78.78051, 17.69439],
        [78.78059, 17.69453],
        [78.78091, 17.69541],
        [78.7812, 17.69618],
        [78.78123, 17.69633],
        [78.78132, 17.69646],
        [78.78141, 17.69658],
        [78.78151, 17.69672],
        [78.78184, 17.69716],
        [78.78191, 17.69725],
        [78.78205, 17.69751],
        [78.78241, 17.6982],
        [78.78244, 17.69835],
        [78.78247, 17.69857],
        [78.78251, 17.69936],
        [78.78278, 17.69954],
        [78.78297, 17.69967],
        [78.78307, 17.69973],
        [78.7848, 17.70125],
        [78.78508, 17.70125],
        [78.78556, 17.70124],
        [78.78614, 17.70111],
        [78.78754, 17.70093],
        [78.78769, 17.70097],
        [78.78776, 17.7009],
        [78.78862, 17.70085],
        [78.78938, 17.70042],
        [78.78951, 17.70035],
        [78.78969, 17.70026],
        [78.78983, 17.70025],
        [78.78989, 17.70027],
        [78.78979, 17.70041],
        [78.78925, 17.70101],
        [78.78866, 17.70162],
        [78.78741, 17.70301],
        [78.78724, 17.70319],
        [78.78622, 17.70427],
        [78.78618, 17.70432],
        [78.78608, 17.70442],
        [78.78585, 17.70467],
        [78.78576, 17.70481],
        [78.78538, 17.70544],
        [78.78535, 17.70548],
        [78.78507, 17.70596],
        [78.78502, 17.70606],
        [78.78502, 17.70608],
        [78.78501, 17.70609],
        [78.78502, 17.70624],
        [78.78501, 17.70625],
        [78.78479, 17.70636],
        [78.78484, 17.70647],
        [78.78479, 17.7068],
        [78.78478, 17.70684],
        [78.78478, 17.70685],
        [78.78445, 17.70711],
        [78.78433, 17.70718],
        [78.78424, 17.70723],
        [78.78389, 17.70743],
        [78.78377, 17.70749],
        [78.78376, 17.70751],
        [78.78368, 17.70763],
        [78.78368, 17.7078],
        [78.7835, 17.70847],
        [78.78348, 17.70853],
        [78.78328, 17.70922],
        [78.78323, 17.70941],
        [78.78308, 17.70988],
        [78.78298, 17.71016],
        [78.78294, 17.71024],
        [78.78275, 17.71057],
        [78.78272, 17.71061],
        [78.78253, 17.71085],
        [78.78242, 17.711],
        [78.78211, 17.71142],
        [78.782, 17.71156],
        [78.78215, 17.71154],
        [78.78305, 17.71146],
        [78.78372, 17.7114],
        [78.78387, 17.71139],
        [78.78401, 17.71139],
        [78.78437, 17.71139],
        [78.78467, 17.71139],
        [78.785, 17.71142],
        [78.78559, 17.71147],
        [78.78594, 17.71153],
        [78.78608, 17.71158],
        [78.78622, 17.71153],
        [78.7863, 17.71152],
        [78.78633, 17.71152],
        [78.78644, 17.71152],
        [78.78658, 17.71153],
        [78.78675, 17.71154],
        [78.78687, 17.71156],
        [78.78703, 17.71158],
        [78.78717, 17.71162],
        [78.7874, 17.71166],
        [78.78754, 17.71169],
        [78.7877, 17.71169],
        [78.78782, 17.71169],
        [78.78802, 17.71164],
        [78.78825, 17.71159],
        [78.78832, 17.7116],
        [78.78839, 17.7116],
        [78.78856, 17.71152],
        [78.78858, 17.71151],
        [78.7888, 17.71147],
        [78.78884, 17.71164],
        [78.78897, 17.71163],
        [78.78901, 17.71163],
        [78.78918, 17.71163],
        [78.78931, 17.71162],
        [78.78943, 17.71164],
        [78.78951, 17.71159],
        [78.78956, 17.71155],
        [78.78979, 17.71143],
        [78.78988, 17.71138],
        [78.79014, 17.71126],
        [78.79018, 17.71124],
        [78.79027, 17.7112],
        [78.79035, 17.71116],
        [78.79043, 17.71113],
        [78.79049, 17.7111],
        [78.79066, 17.71099],
        [78.79144, 17.71056],
        [78.79216, 17.71021],
        [78.79241, 17.7101],
        [78.79286, 17.70978],
        [78.79338, 17.70946],
        [78.79354, 17.70939],
        [78.79413, 17.70944],
        [78.79677, 17.70964],
        [78.80183, 17.70888],
        [78.80353, 17.70863],
        [78.80483, 17.70771],
        [78.805, 17.70759],
        [78.80598, 17.70604],
        [78.806, 17.70603],
        [78.80734, 17.70525],
        [78.80815, 17.70527],
        [78.81086, 17.70535],
        [78.8113, 17.70533],
        [78.81279, 17.70529],
        [78.81567, 17.70519],
        [78.81343, 17.70698],
        [78.81438, 17.70874],
        [78.81446, 17.70882],
        [78.81455, 17.70897],
        [78.81502, 17.70959],
        [78.81516, 17.70973],
        [78.8153, 17.70985],
        [78.81587, 17.71062],
        [78.81581, 17.71174],
        [78.81582, 17.71203],
        [78.81586, 17.71357],
        [78.81588, 17.7145],
        [78.81583, 17.7183],
        [78.81582, 17.71859],
        [78.81579, 17.72103],
        [78.81579, 17.72107],
        [78.81567, 17.72206],
        [78.8157, 17.72214],
        [78.81586, 17.72266],
        [78.81594, 17.72274],
        [78.8161, 17.7229],
        [78.81614, 17.72295],
        [78.81619, 17.7231],
        [78.81621, 17.72319],
        [78.81626, 17.72337],
        [78.81631, 17.72354],
        [78.81652, 17.72361],
        [78.81711, 17.72386],
        [78.81723, 17.72391],
        [78.81736, 17.72396],
        [78.81793, 17.7242],
        [78.81799, 17.72423],
        [78.81806, 17.72425],
        [78.81872, 17.72454],
        [78.81895, 17.72463],
        [78.81986, 17.72501],
        [78.82026, 17.72518],
        [78.82066, 17.72535],
        [78.82072, 17.72538],
        [78.8209, 17.72545],
        [78.8212, 17.72558],
        [78.82161, 17.72575],
        [78.82169, 17.72579],
        [78.82212, 17.72597],
        [78.82291, 17.72631],
        [78.82329, 17.72647],
        [78.82345, 17.72653],
        [78.82363, 17.72661],
        [78.82444, 17.72698],
        [78.82859, 17.72885],
        [78.82636, 17.72909],
        [78.82623, 17.7291],
        [78.8259, 17.72914],
        [78.82478, 17.72926],
        [78.8246, 17.72928],
        [78.82394, 17.72935],
        [78.8239, 17.72935],
        [78.82376, 17.72937],
        [78.82296, 17.72945],
        [78.82283, 17.72996],
        [78.82275, 17.73029],
        [78.82256, 17.73105],
        [78.82252, 17.73118],
        [78.8225, 17.73128],
        [78.82188, 17.73223],
        [78.8213, 17.73352],
        [78.82131, 17.73361],
        [78.82144, 17.73464],
        [78.82164, 17.73535],
        [78.82176, 17.7358],
        [78.82181, 17.73599],
        [78.82182, 17.73603],
        [78.82187, 17.73631],
        [78.822, 17.73789],
        [78.82207, 17.73861],
        [78.82227, 17.73949],
        [78.82228, 17.73953],
        [78.82229, 17.73956],
        [78.8223, 17.73964],
        [78.82231, 17.73966],
        [78.82233, 17.73972],
        [78.82236, 17.7398],
        [78.82237, 17.73983],
        [78.8224, 17.73976],
        [78.82424, 17.73907],
        [78.8249, 17.73922],
        [78.82527, 17.73961],
        [78.82529, 17.73963],
        [78.82537, 17.73969],
        [78.82558, 17.73985],
        [78.82664, 17.74],
        [78.82682, 17.74003],
        [78.82746, 17.73971],
        [78.82805, 17.73944],
        [78.82814, 17.73955],
        [78.82823, 17.73966],
        [78.82925, 17.74087],
        [78.82965, 17.74123],
        [78.82985, 17.74142],
        [78.83056, 17.74232],
        [78.83067, 17.74238],
        [78.83083, 17.7426],
        [78.83096, 17.74276],
        [78.8311, 17.74307],
        [78.83127, 17.74339],
        [78.83144, 17.7437],
        [78.8318, 17.74406],
        [78.8331, 17.74536],
        [78.83408, 17.74632],
        [78.83451, 17.74678],
        [78.83478, 17.74707],
        [78.83535, 17.74744],
        [78.83633, 17.74809],
        [78.83696, 17.74852],
        [78.83842, 17.74953],
        [78.83882, 17.7498],
        [78.83926, 17.75014],
        [78.83991, 17.75082],
        [78.84076, 17.75172],
        [78.84027, 17.75223],
        [78.84038, 17.75237],
        [78.84057, 17.75259],
        [78.84138, 17.75244],
        [78.84198, 17.75231],
        [78.84443, 17.75176],
        [78.84603, 17.75154],
        [78.84758, 17.75141],
        [78.84866, 17.75132],
        [78.84966, 17.75131],
        [78.85056, 17.75097],
        [78.85175, 17.75023],
        [78.85252, 17.75004],
        [78.85444, 17.74948],
        [78.85581, 17.74913],
        [78.85625, 17.74898],
        [78.85823, 17.74862],
        [78.85825, 17.7486],
        [78.8583, 17.74866],
        [78.85832, 17.74872],
        [78.85896, 17.75023],
        [78.85905, 17.75049],
        [78.85944, 17.75167],
        [78.85946, 17.75171],
        [78.86133, 17.75621],
        [78.86141, 17.75635],
        [78.86252, 17.75791],
        [78.86255, 17.75796],
        [78.86256, 17.75801],
        [78.8627, 17.7599],
        [78.86306, 17.76133],
        [78.86341, 17.76264],
        [78.86392, 17.76405],
        [78.86424, 17.76466],
        [78.86463, 17.76578],
        [78.86489, 17.76661],
        [78.86572, 17.76923],
        [78.86647, 17.77249],
        [78.86656, 17.77292],
        [78.86656, 17.77307],
        [78.86658, 17.7732],
        [78.86659, 17.77334],
        [78.86661, 17.77368],
        [78.86663, 17.77381],
        [78.86666, 17.77393],
        [78.86684, 17.77469],
        [78.86695, 17.77515],
        [78.86698, 17.77528],
        [78.86703, 17.77543],
        [78.86729, 17.77628],
        [78.86751, 17.77698],
        [78.86752, 17.77702],
        [78.86826, 17.77958],
        [78.86828, 17.77967],
        [78.8683, 17.77976],
        [78.86841, 17.78007],
        [78.86843, 17.78014],
        [78.86848, 17.78032],
        [78.86876, 17.78133],
        [78.8688, 17.78147],
        [78.86888, 17.78176],
        [78.86927, 17.78386],
        [78.86977, 17.78544],
        [78.86977, 17.78545],
        [78.86982, 17.78558],
        [78.86967, 17.78565],
        [78.86948, 17.78573],
        [78.8693, 17.78582],
        [78.86851, 17.78619],
        [78.86835, 17.78623],
        [78.86864, 17.78701],
        [78.86872, 17.78718],
        [78.86878, 17.78733],
        [78.86884, 17.78785],
        [78.86886, 17.78794],
        [78.86891, 17.78836],
        [78.86896, 17.78849],
        [78.86897, 17.78871],
        [78.86902, 17.79002],
        [78.869, 17.79021],
        [78.86898, 17.79035],
        [78.8691, 17.79208],
        [78.8691, 17.79223],
        [78.86911, 17.79239],
        [78.86916, 17.79324],
        [78.86918, 17.79344],
        [78.8692, 17.79361],
        [78.86921, 17.79436],
        [78.86922, 17.79456],
        [78.8692, 17.79475],
        [78.86892, 17.79643],
        [78.86874, 17.7971],
        [78.86873, 17.79713],
        [78.86842, 17.79831],
        [78.8683, 17.80032],
        [78.86829, 17.80055],
        [78.86769, 17.8028],
        [78.86759, 17.80312],
        [78.86748, 17.80351],
        [78.86724, 17.80431],
        [78.86709, 17.8048],
        [78.86659, 17.80644],
        [78.86641, 17.80705],
        [78.8667, 17.80821],
        [78.86684, 17.80876],
        [78.86699, 17.8088],
        [78.86719, 17.80881],
        [78.86761, 17.80886],
        [78.86769, 17.80885],
        [78.86787, 17.80882],
        [78.86804, 17.8088],
        [78.869, 17.80867],
        [78.86956, 17.80859],
        [78.87068, 17.80843],
        [78.8705, 17.80807],
        [78.87098, 17.80802],
        [78.87111, 17.80801],
        [78.87176, 17.80792],
        [78.8719, 17.8079],
        [78.87191, 17.80789],
        [78.87339, 17.80856],
        [78.87357, 17.80864],
        [78.87377, 17.80872],
        [78.87471, 17.80907],
        [78.8748, 17.80911],
        [78.87593, 17.80954],
        [78.87609, 17.80955],
        [78.8776, 17.80972],
        [78.87776, 17.80974],
        [78.87839, 17.80978],
        [78.88095, 17.80955],
        [78.88099, 17.80955],
        [78.88126, 17.80952],
        [78.88138, 17.80951],
        [78.88171, 17.80942],
        [78.88245, 17.8093],
        [78.88259, 17.80928],
        [78.8826, 17.80928],
        [78.88278, 17.80923],
        [78.88392, 17.80894],
        [78.88401, 17.80893],
        [78.88409, 17.80891],
        [78.88424, 17.8089],
        [78.88459, 17.80886],
        [78.88468, 17.80878],
        [78.88475, 17.80869],
        [78.88507, 17.80827],
        [78.88566, 17.80751],
        [78.88569, 17.80747],
        [78.88623, 17.80725],
        [78.88633, 17.80722],
        [78.8864, 17.80731],
        [78.88649, 17.80728],
        [78.8868, 17.80715],
        [78.88731, 17.80695],
        [78.88742, 17.80687],
        [78.88756, 17.80678],
        [78.88882, 17.80626],
        [78.889, 17.80619],
        [78.88971, 17.80588],
        [78.89026, 17.80565],
        [78.89038, 17.8056],
        [78.89068, 17.8055],
        [78.89098, 17.80539],
        [78.89166, 17.80517],
        [78.89167, 17.80517],
        [78.8918, 17.80509],
        [78.89187, 17.80505],
        [78.89211, 17.80492],
        [78.89222, 17.80488],
        [78.89225, 17.80487],
        [78.89343, 17.80478],
        [78.89437, 17.80472],
        [78.89447, 17.80545],
        [78.89491, 17.80538],
        [78.89502, 17.80536],
        [78.89516, 17.80535],
        [78.89548, 17.80535],
        [78.89562, 17.80533],
        [78.89681, 17.80518],
        [78.89617, 17.80442],
        [78.8963, 17.8044],
        [78.89812, 17.80409],
        [78.89813, 17.80409],
        [78.8983, 17.80407],
        [78.89982, 17.80385],
        [78.89992, 17.80412],
        [78.90109, 17.80702],
        [78.9011, 17.80704],
        [78.90115, 17.8072],
        [78.9013, 17.80763],
        [78.90131, 17.80768],
        [78.9014, 17.80792],
        [78.90161, 17.80855],
        [78.90683, 17.81267],
        [78.90769, 17.81201],
        [78.90801, 17.81176],
        [78.90816, 17.81164],
        [78.90886, 17.81111],
        [78.91292, 17.80821],
        [78.91536, 17.8065],
        [78.91708, 17.80526],
        [78.9172, 17.80518],
        [78.9175, 17.80497],
        [78.91784, 17.80469],
        [78.91795, 17.80461],
        [78.91795, 17.8046],
        [78.91813, 17.80448],
        [78.91836, 17.80427],
        [78.91859, 17.80409],
        [78.91884, 17.80393],
        [78.91912, 17.80378]
      ]
    ]
  }
}
