{
  "type": "Feature",
  "id": "TS-AC-98",
  "properties": {
    "stateName": "TELANGANA",
    "stateCode": "TS",
    "districtName": "NALGONDA",
    "acNo": 98,
    "acName": "THUNGATHURTHI (SC)",
    "seatType": null,
    "pcNo": null,
    "pcName": null,
    "quality": "unverified",
    "sources": [
      "TBD"
    ]
  },
  "geometry": {
    "type": "Polygon",
    "coordinates": [
      [
        [79.49083, 17.27685],
        [79.4911, 17.27568],
        [79.49433, 17.26721],
        [79.49724, 17.26198],
        [79.49946, 17.26015],
        [79.49951, 17.26011],
        [79.50049, 17.2592],
        [79.5008, 17.25892],
        [79.49911, 17.25684],
        [79.49594, 17.25575],
        [79.49566, 17.25559],
        [79.4954, 17.25545],
        [79.49528, 17.25539],
        [79.49494, 17.25522],
        [79.4948, 17.25515],
        [79.49469, 17.25512],
        [79.49461, 17.25512],
        [79.49446, 17.25507],
        [79.49382, 17.25486],
        [79.49357, 17.25502],
        [79.49311, 17.25531],
        [79.49298, 17.25543],
        [79.49283, 17.25546],
        [79.49259, 17.25553],
        [79.49258, 17.25553],
        [79.49243, 17.25559],
        [79.49232, 17.2556],
        [79.49182, 17.25576],
        [79.49164, 17.25585],
        [79.49149, 17.2559],
        [79.49134, 17.25596],
        [79.49122, 17.25602],
        [79.49107, 17.25607],
        [79.49079, 17.25621],
        [79.49067, 17.25631],
        [79.49053, 17.25637],
        [79.49037, 17.25645],
        [79.49025, 17.25654],
        [79.49015, 17.25656],
        [79.49005, 17.25659],
        [79.48995, 17.25665],
        [79.48982, 17.25675],
        [79.48975, 17.25679],
        [79.48888, 17.25735],
        [79.48876, 17.25744],
        [79.48863, 17.25754],
        [79.48754, 17.2582],
        [79.48709, 17.25823],
        [79.48691, 17.25829],
        [79.48696, 17.25843],
        [79.487, 17.25858],
        [79.48706, 17.25872],
        [79.48702, 17.25885],
        [79.48669, 17.25951],
        [79.48653, 17.25983],
        [79.48641, 17.25982],
        [79.48639, 17.25982],
        [79.48634, 17.25983],
        [79.48628, 17.25983],
        [79.48604, 17.25984],
        [79.48597, 17.25988],
        [79.48526, 17.26027],
        [79.48518, 17.26028],
        [79.48517, 17.26028],
        [79.48508, 17.2603],
        [79.48498, 17.26032],
        [79.48493, 17.26034],
        [79.48436, 17.26046],
        [79.48433, 17.26051],
        [79.48418, 17.26071],
        [79.4836, 17.26084],
        [79.48352, 17.26086],
        [79.48344, 17.26088],
        [79.48338, 17.26089],
        [79.48255, 17.26105],
        [79.48249, 17.26106],
        [79.48241, 17.26108],
        [79.48226, 17.26113],
        [79.48174, 17.26129],
        [79.48167, 17.26131],
        [79.48164, 17.26132],
        [79.48153, 17.26137],
        [79.48137, 17.26141],
        [79.48108, 17.26155],
        [79.48101, 17.26159],
        [79.48094, 17.26163],
        [79.4807, 17.26178],
        [79.4806, 17.26184],
        [79.48056, 17.26184],
        [79.48052, 17.26186],
        [79.47977, 17.26205],
        [79.47976, 17.26205],
        [79.47969, 17.26207],
        [79.47964, 17.26207],
        [79.47953, 17.26209],
        [79.47945, 17.26211],
        [79.47937, 17.26214],
        [79.47928, 17.26217],
        [79.479, 17.26225],
        [79.47889, 17.26228],
        [79.47882, 17.26231],
        [79.47876, 17.26234],
        [79.47825, 17.26256],
        [79.4782, 17.2626],
        [79.47817, 17.26262],
        [79.47802, 17.26271],
        [79.47795, 17.26276],
        [79.47789, 17.26278],
        [79.47785, 17.26279],
        [79.47715, 17.26303],
        [79.47709, 17.26305],
        [79.4768, 17.26318],
        [79.47666, 17.26324],
        [79.47661, 17.26328],
        [79.47657, 17.26329],
        [79.47654, 17.2633],
        [79.47634, 17.26337],
        [79.47618, 17.26342],
        [79.47582, 17.26354],
        [79.47576, 17.26356],
        [79.47558, 17.26366],
        [79.47546, 17.26373],
        [79.47538, 17.26377],
        [79.47528, 17.26378],
        [79.47494, 17.26387],
        [79.47485, 17.26391],
        [79.47477, 17.26395],
        [79.4744, 17.26419],
        [79.47436, 17.26421],
        [79.47429, 17.26426],
        [79.47425, 17.26428],
        [79.47416, 17.26433],
        [79.47395, 17.26445],
        [79.47337, 17.26477],
        [79.4733, 17.26481],
        [79.47314, 17.26494],
        [79.47275, 17.26529],
        [79.47265, 17.26537],
        [79.4725, 17.2655],
        [79.47222, 17.26573],
        [79.47216, 17.26577],
        [79.47216, 17.26586],
        [79.47212, 17.26612],
        [79.47211, 17.26624],
        [79.4721, 17.26629],
        [79.47209, 17.26631],
        [79.47206, 17.2663],
        [79.47201, 17.26629],
        [79.47199, 17.26628],
        [79.47198, 17.26628],
        [79.4719, 17.26626],
        [79.47183, 17.26625],
        [79.47181, 17.26624],
        [79.47179, 17.26624],
        [79.47177, 17.26623],
        [79.47174, 17.26623],
        [79.47174, 17.26622],
        [79.47172, 17.26622],
        [79.47171, 17.26622],
        [79.47166, 17.26621],
        [79.47163, 17.2662],
        [79.47162, 17.26613],
        [79.47161, 17.26606],
        [79.47159, 17.26586],
        [79.47157, 17.26577],
        [79.47148, 17.26575],
        [79.47147, 17.26574],
        [79.4714, 17.26574],
        [79.47132, 17.26572],
        [79.47121, 17.26571],
        [79.47109, 17.26569],
        [79.47094, 17.26556],
        [79.4709, 17.26552],
        [79.47087, 17.26549],
        [79.47084, 17.26547],
        [79.47079, 17.26542],
        [79.47069, 17.26533],
        [79.47068, 17.26533],
        [79.47065, 17.2653],
        [79.47068, 17.26522],
        [79.4707, 17.26513],
        [79.47072, 17.26509],
        [79.47073, 17.26504],
        [79.4707, 17.26503],
        [79.47063, 17.26502],
        [79.47062, 17.26502],
        [79.47045, 17.26501],
        [79.47041, 17.26501],
        [79.47036, 17.26499],
        [79.47038, 17.26492],
        [79.47033, 17.26461],
        [79.47033, 17.26453],
        [79.47033, 17.26446],
        [79.4703, 17.26427],
        [79.47025, 17.26424],
        [79.4701, 17.26415],
        [79.47006, 17.26413],
        [79.46988, 17.26403],
        [79.46981, 17.26398],
        [79.46976, 17.26393],
        [79.46971, 17.26388],
        [79.46969, 17.26387],
        [79.46954, 17.26372],
        [79.46949, 17.26366],
        [79.46943, 17.2636],
        [79.46915, 17.26314],
        [79.46867, 17.26238],
        [79.46863, 17.26233],
        [79.4686, 17.26227],
        [79.46859, 17.26225],
        [79.46859, 17.26224],
        [79.46842, 17.26191],
        [79.46801, 17.26139],
        [79.46771, 17.26101],
        [79.46768, 17.26097],
        [79.46767, 17.26096],
        [79.46765, 17.26092],
        [79.46759, 17.26086],
        [79.46758, 17.26079],
        [79.46757, 17.26057],
        [79.46756, 17.26053],
        [79.46755, 17.2605],
        [79.46748, 17.26046],
        [79.46708, 17.26014],
        [79.46702, 17.26008],
        [79.46698, 17.26001],
        [79.46697, 17.26],
        [79.46691, 17.25992],
        [79.46673, 17.25971],
        [79.46633, 17.25921],
        [79.46627, 17.25917],
        [79.46624, 17.25914],
        [79.46613, 17.25903],
        [79.4661, 17.259],
        [79.46605, 17.25894],
        [79.46606, 17.25893],
        [79.46605, 17.25893],
        [79.4658, 17.25865],
        [79.46579, 17.25864],
        [79.46553, 17.25884],
        [79.46551, 17.25885],
        [79.46516, 17.25913],
        [79.4645, 17.25805],
        [79.46395, 17.25791],
        [79.46392, 17.2579],
        [79.4638, 17.25781],
        [79.46367, 17.25786],
        [79.46306, 17.25799],
        [79.46206, 17.25819],
        [79.46196, 17.25822],
        [79.46189, 17.25822],
        [79.4618, 17.25823],
        [79.46176, 17.25823],
        [79.46165, 17.25823],
        [79.46136, 17.25826],
        [79.46135, 17.25826],
        [79.46114, 17.25829],
        [79.46069, 17.25836],
        [79.46037, 17.25841],
        [79.46026, 17.25843],
        [79.46024, 17.25843],
        [79.46016, 17.25844],
        [79.46011, 17.25845],
        [79.46009, 17.25845],
        [79.45993, 17.25846],
        [79.45915, 17.25862],
        [79.45905, 17.25864],
        [79.45875, 17.2587],
        [79.4581, 17.25871],
        [79.45785, 17.25871],
        [79.45784, 17.25871],
        [79.45767, 17.25868],
        [79.45642, 17.25854],
        [79.45621, 17.25851],
        [79.455, 17.25837],
        [79.45484, 17.25834],
        [79.45465, 17.2583],
        [79.45394, 17.25822],
        [79.4527, 17.25807],
        [79.45171, 17.25795],
        [79.45165, 17.25793],
        [79.4516, 17.25793],
        [79.45151, 17.25794],
        [79.45148, 17.25794],
        [79.45039, 17.25796],
        [79.45023, 17.25795],
        [79.45021, 17.2578],
        [79.45019, 17.2571],
        [79.45019, 17.25706],
        [79.45018, 17.25674],
        [79.45058, 17.25649],
        [79.45073, 17.25641],
        [79.45087, 17.25625],
        [79.4531, 17.25405],
        [79.45322, 17.25394],
        [79.45329, 17.25386],
        [79.45365, 17.2535],
        [79.45369, 17.25346],
        [79.45375, 17.25336],
        [79.45387, 17.25331],
        [79.45393, 17.25317],
        [79.45397, 17.25309],
        [79.45408, 17.25272],
        [79.45402, 17.25185],
        [79.45402, 17.25175],
        [79.45418, 17.2517],
        [79.45462, 17.25144],
        [79.45477, 17.25135],
        [79.45494, 17.25127],
        [79.45493, 17.25114],
        [79.45483, 17.25072],
        [79.45497, 17.24935],
        [79.45499, 17.24918],
        [79.45494, 17.24906],
        [79.45434, 17.24819],
        [79.45417, 17.24794],
        [79.4541, 17.24783],
        [79.45408, 17.24779],
        [79.45407, 17.24777],
        [79.45403, 17.24768],
        [79.45399, 17.24759],
        [79.45347, 17.24641],
        [79.45332, 17.24608],
        [79.45325, 17.24593],
        [79.45306, 17.24595],
        [79.45274, 17.24592],
        [79.45225, 17.24457],
        [79.45224, 17.24405],
        [79.45224, 17.24404],
        [79.45223, 17.24394],
        [79.45218, 17.24382],
        [79.45192, 17.24323],
        [79.45168, 17.24269],
        [79.4515, 17.24232],
        [79.45136, 17.24238],
        [79.45123, 17.24244],
        [79.45068, 17.24197],
        [79.45027, 17.24204],
        [79.44996, 17.24167],
        [79.44992, 17.24126],
        [79.44994, 17.24106],
        [79.44994, 17.24093],
        [79.45002, 17.24036],
        [79.44982, 17.23804],
        [79.4498, 17.2378],
        [79.4499, 17.23771],
        [79.45046, 17.23753],
        [79.45044, 17.23745],
        [79.45042, 17.23732],
        [79.45033, 17.23683],
        [79.45032, 17.23666],
        [79.45013, 17.23666],
        [79.4488, 17.2366],
        [79.44866, 17.23662],
        [79.44852, 17.23664],
        [79.44843, 17.23667],
        [79.44726, 17.23698],
        [79.4467, 17.23713],
        [79.44655, 17.23718],
        [79.44646, 17.23721],
        [79.4453, 17.23773],
        [79.44516, 17.23777],
        [79.44511, 17.23756],
        [79.44464, 17.23609],
        [79.44453, 17.2361],
        [79.44435, 17.23605],
        [79.444, 17.23574],
        [79.44394, 17.23562],
        [79.44377, 17.23569],
        [79.44293, 17.2359],
        [79.44225, 17.2361],
        [79.44131, 17.23636],
        [79.44079, 17.23651],
        [79.44068, 17.23652],
        [79.44062, 17.23641],
        [79.44057, 17.23615],
        [79.44056, 17.23607],
        [79.44054, 17.23594],
        [79.44044, 17.23591],
        [79.43947, 17.23531],
        [79.43946, 17.23531],
        [79.4393, 17.23521],
        [79.43931, 17.23512],
        [79.43932, 17.23508],
        [79.43926, 17.23419],
        [79.43925, 17.2341],
        [79.43922, 17.23392],
        [79.4392, 17.23377],
        [79.4392, 17.23361],
        [79.43919, 17.23339],
        [79.43918, 17.23323],
        [79.43916, 17.23298],
        [79.43915, 17.23282],
        [79.43915, 17.23277],
        [79.43909, 17.23226],
        [79.43908, 17.23217],
        [79.43902, 17.23157],
        [79.439, 17.23147],
        [79.43915, 17.23143],
        [79.43927, 17.23141],
        [79.43937, 17.23141],
        [79.43941, 17.23128],
        [79.4394, 17.23103],
        [79.43934, 17.23083],
        [79.43923, 17.23067],
        [79.43924, 17.23058],
        [79.43907, 17.23004],
        [79.43904, 17.22997],
        [79.43904, 17.22995],
        [79.43894, 17.22965],
        [79.43884, 17.22935],
        [79.43878, 17.22919],
        [79.4387, 17.22903],
        [79.43857, 17.22865],
        [79.43809, 17.22728],
        [79.43805, 17.22713],
        [79.43733, 17.22731],
        [79.43618, 17.22761],
        [79.43607, 17.22765],
        [79.43595, 17.22768],
        [79.43594, 17.22768],
        [79.43579, 17.22771],
        [79.43567, 17.22776],
        [79.43456, 17.22817],
        [79.43334, 17.22821],
        [79.43325, 17.22812],
        [79.43315, 17.22798],
        [79.43309, 17.22789],
        [79.43303, 17.22782],
        [79.43275, 17.22743],
        [79.43236, 17.22702],
        [79.43234, 17.22691],
        [79.43236, 17.22683],
        [79.4326, 17.22657],
        [79.43262, 17.22654],
        [79.43269, 17.22646],
        [79.43278, 17.22634],
        [79.43301, 17.22605],
        [79.43314, 17.22595],
        [79.43315, 17.22594],
        [79.4332, 17.22584],
        [79.43333, 17.22572],
        [79.43335, 17.22571],
        [79.43336, 17.2257],
        [79.43345, 17.22563],
        [79.43337, 17.22556],
        [79.43294, 17.22522],
        [79.43285, 17.22515],
        [79.43278, 17.22509],
        [79.43264, 17.22498],
        [79.43181, 17.22431],
        [79.43173, 17.22423],
        [79.43172, 17.22422],
        [79.43167, 17.22419],
        [79.43161, 17.22415],
        [79.43156, 17.22412],
        [79.43154, 17.22412],
        [79.43127, 17.22398],
        [79.4312, 17.22394],
        [79.43117, 17.2239],
        [79.431, 17.22381],
        [79.43093, 17.22379],
        [79.43089, 17.22377],
        [79.43087, 17.22376],
        [79.43079, 17.2237],
        [79.43056, 17.22353],
        [79.43054, 17.22352],
        [79.43053, 17.22352],
        [79.43033, 17.22358],
        [79.4303, 17.22359],
        [79.43028, 17.22367],
        [79.43026, 17.22382],
        [79.43021, 17.22407],
        [79.4302, 17.22414],
        [79.4302, 17.22415],
        [79.4301, 17.22412],
        [79.43004, 17.22409],
        [79.42991, 17.22404],
        [79.42968, 17.22394],
        [79.42936, 17.22381],
        [79.42925, 17.22375],
        [79.42925, 17.22374],
        [79.4292, 17.22373],
        [79.42914, 17.22366],
        [79.42881, 17.22319],
        [79.42872, 17.22312],
        [79.42855, 17.22303],
        [79.42853, 17.22304],
        [79.42845, 17.22296],
        [79.42841, 17.22293],
        [79.42831, 17.22281],
        [79.42791, 17.22231],
        [79.42769, 17.22203],
        [79.42762, 17.22195],
        [79.42761, 17.22195],
        [79.42751, 17.22197],
        [79.42744, 17.22197],
        [79.42729, 17.222],
        [79.42657, 17.22211],
        [79.4262, 17.22227],
        [79.42604, 17.22234],
        [79.42527, 17.22257],
        [79.42521, 17.22259],
        [79.42488, 17.22272],
        [79.42487, 17.22273],
        [79.42455, 17.22286],
        [79.42335, 17.22333],
        [79.42302, 17.22346],
        [79.42264, 17.22361],
        [79.42208, 17.22379],
        [79.42168, 17.22391],
        [79.4213, 17.22402],
        [79.42127, 17.22397],
        [79.42124, 17.22392],
        [79.42116, 17.22377],
        [79.42113, 17.22373],
        [79.42103, 17.22377],
        [79.42088, 17.22384],
        [79.42067, 17.22393],
        [79.42048, 17.22402],
        [79.41965, 17.22438],
        [79.41962, 17.2244],
        [79.41947, 17.22446],
        [79.41946, 17.22447],
        [79.41896, 17.22461],
        [79.41895, 17.22461],
        [79.4185, 17.22473],
        [79.41758, 17.22499],
        [79.41749, 17.22501],
        [79.41729, 17.22499],
        [79.41722, 17.22498],
        [79.41705, 17.22497],
        [79.4166, 17.22507],
        [79.41626, 17.22515],
        [79.41587, 17.22523],
        [79.4157, 17.22527],
        [79.41558, 17.22532],
        [79.41537, 17.22541],
        [79.41431, 17.22578],
        [79.41424, 17.2258],
        [79.41386, 17.22593],
        [79.41381, 17.22595],
        [79.41374, 17.22598],
        [79.41346, 17.22607],
        [79.41278, 17.22631],
        [79.41243, 17.2265],
        [79.4124, 17.22652],
        [79.41232, 17.22656],
        [79.41115, 17.22721],
        [79.41109, 17.22724],
        [79.41093, 17.22733],
        [79.41089, 17.22734],
        [79.4104, 17.22755],
        [79.40994, 17.22677],
        [79.40989, 17.22669],
        [79.40906, 17.22682],
        [79.40844, 17.22692],
        [79.40799, 17.22699],
        [79.40782, 17.22705],
        [79.40611, 17.22758],
        [79.4061, 17.22756],
        [79.40601, 17.22759],
        [79.40597, 17.22727],
        [79.40377, 17.22777],
        [79.40355, 17.22786],
        [79.40348, 17.22789],
        [79.40327, 17.22798],
        [79.40328, 17.22808],
        [79.40346, 17.22937],
        [79.40397, 17.2293],
        [79.40522, 17.22914],
        [79.40524, 17.22914],
        [79.40634, 17.22911],
        [79.40648, 17.22957],
        [79.40651, 17.22969],
        [79.40655, 17.22987],
        [79.40669, 17.23125],
        [79.40673, 17.23145],
        [79.4066, 17.23149],
        [79.40636, 17.23155],
        [79.40622, 17.23154],
        [79.40604, 17.23157],
        [79.40545, 17.23166],
        [79.40415, 17.2318],
        [79.40486, 17.23376],
        [79.40475, 17.23382],
        [79.40294, 17.23421],
        [79.40282, 17.23425],
        [79.40281, 17.23426],
        [79.40254, 17.23448],
        [79.40238, 17.23431],
        [79.40131, 17.233],
        [79.39983, 17.23109],
        [79.39937, 17.23054],
        [79.39926, 17.23038],
        [79.39904, 17.2301],
        [79.39887, 17.22996],
        [79.39837, 17.22936],
        [79.39768, 17.22853],
        [79.39753, 17.2284],
        [79.39745, 17.22824],
        [79.39617, 17.22625],
        [79.39607, 17.22612],
        [79.39595, 17.22599],
        [79.39539, 17.22539],
        [79.39485, 17.22482],
        [79.39475, 17.22472],
        [79.39461, 17.22458],
        [79.39447, 17.22444],
        [79.39352, 17.22353],
        [79.39339, 17.22344],
        [79.39324, 17.2233],
        [79.39255, 17.22263],
        [79.39242, 17.22248],
        [79.39229, 17.22236],
        [79.39136, 17.22154],
        [79.39121, 17.2214],
        [79.39108, 17.22129],
        [79.39093, 17.22116],
        [79.39049, 17.22068],
        [79.39039, 17.22056],
        [79.39018, 17.22038],
        [79.39002, 17.22028],
        [79.38947, 17.21977],
        [79.38916, 17.21948],
        [79.38898, 17.21931],
        [79.38836, 17.21835],
        [79.38788, 17.21759],
        [79.3878, 17.21749],
        [79.3877, 17.21738],
        [79.38767, 17.21691],
        [79.38726, 17.21695],
        [79.38677, 17.217],
        [79.38588, 17.21552],
        [79.38586, 17.21548],
        [79.38566, 17.21508],
        [79.38562, 17.21505],
        [79.38558, 17.21494],
        [79.38521, 17.21424],
        [79.38482, 17.21438],
        [79.3848, 17.21439],
        [79.38476, 17.21434],
        [79.38461, 17.21416],
        [79.38378, 17.21313],
        [79.38349, 17.21297],
        [79.38212, 17.21227],
        [79.38144, 17.21181],
        [79.38097, 17.21163],
        [79.38044, 17.21166],
        [79.38029, 17.21166],
        [79.3802, 17.21166],
        [79.38019, 17.21165],
        [79.38015, 17.21168],
        [79.37986, 17.21185],
        [79.37986, 17.21226],
        [79.37984, 17.21229],
        [79.37963, 17.21266],
        [79.37962, 17.21269],
        [79.37953, 17.21283],
        [79.3795, 17.21289],
        [79.37941, 17.21298],
        [79.37934, 17.21305],
        [79.37909, 17.2133],
        [79.37944, 17.2136],
        [79.37956, 17.21376],
        [79.3792, 17.21391],
        [79.3792, 17.21394],
        [79.37919, 17.21393],
        [79.37918, 17.21393],
        [79.3792, 17.21398],
        [79.37918, 17.21401],
        [79.37897, 17.21425],
        [79.37896, 17.21465],
        [79.37896, 17.21469],
        [79.37777, 17.215],
        [79.37759, 17.21505],
        [79.37794, 17.21616],
        [79.37793, 17.21627],
        [79.37788, 17.21641],
        [79.37744, 17.2174],
        [79.37736, 17.21759],
        [79.37722, 17.21797],
        [79.3771, 17.21831],
        [79.37692, 17.21881],
        [79.37661, 17.21961],
        [79.37651, 17.21973],
        [79.37648, 17.21984],
        [79.3764, 17.22003],
        [79.37637, 17.22011],
        [79.37634, 17.22018],
        [79.37629, 17.22029],
        [79.3759, 17.22114],
        [79.3758, 17.22136],
        [79.37571, 17.22145],
        [79.37569, 17.22148],
        [79.37561, 17.22158],
        [79.37547, 17.22178],
        [79.37502, 17.22247],
        [79.37496, 17.22256],
        [79.37487, 17.22263],
        [79.37484, 17.22266],
        [79.37477, 17.22274],
        [79.37462, 17.22288],
        [79.37421, 17.22326],
        [79.37345, 17.22396],
        [79.37338, 17.22403],
        [79.37324, 17.22408],
        [79.37259, 17.2243],
        [79.37211, 17.22446],
        [79.37197, 17.22448],
        [79.3719, 17.2245],
        [79.37181, 17.22452],
        [79.37165, 17.22461],
        [79.37142, 17.22485],
        [79.37129, 17.22492],
        [79.37119, 17.225],
        [79.36973, 17.22578],
        [79.36972, 17.22578],
        [79.36971, 17.22579],
        [79.3696, 17.22581],
        [79.36958, 17.22582],
        [79.36948, 17.22589],
        [79.36944, 17.22591],
        [79.36911, 17.22614],
        [79.36818, 17.22679],
        [79.36771, 17.22712],
        [79.367, 17.22763],
        [79.36687, 17.22768],
        [79.36675, 17.22778],
        [79.36555, 17.22869],
        [79.36569, 17.22889],
        [79.36575, 17.22897],
        [79.36564, 17.22914],
        [79.36527, 17.22975],
        [79.36442, 17.23102],
        [79.36433, 17.23115],
        [79.36419, 17.23129],
        [79.36413, 17.23135],
        [79.36388, 17.2316],
        [79.36369, 17.23175],
        [79.36239, 17.23279],
        [79.36221, 17.23291],
        [79.36138, 17.23311],
        [79.36121, 17.23312],
        [79.36105, 17.23318],
        [79.36013, 17.23354],
        [79.35966, 17.23373],
        [79.35957, 17.23377],
        [79.35953, 17.23378],
        [79.35946, 17.23378],
        [79.35932, 17.23378],
        [79.35922, 17.23378],
        [79.35919, 17.23378],
        [79.35922, 17.2339],
        [79.35923, 17.23392],
        [79.35926, 17.23409],
        [79.35923, 17.23411],
        [79.35922, 17.23412],
        [79.35916, 17.23418],
        [79.35871, 17.23454],
        [79.35793, 17.23516],
        [79.35786, 17.23521],
        [79.35782, 17.23522],
        [79.35772, 17.23525],
        [79.35758, 17.23529],
        [79.35632, 17.23566],
        [79.35615, 17.23568],
        [79.356, 17.23576],
        [79.35546, 17.23602],
        [79.35536, 17.23607],
        [79.35499, 17.23625],
        [79.35504, 17.23641],
        [79.35491, 17.23647],
        [79.35488, 17.23649],
        [79.3542, 17.23682],
        [79.35422, 17.23696],
        [79.35423, 17.23699],
        [79.35423, 17.2371],
        [79.3541, 17.23716],
        [79.35409, 17.23716],
        [79.35373, 17.23726],
        [79.35354, 17.23734],
        [79.35352, 17.23748],
        [79.35348, 17.23765],
        [79.35336, 17.23815],
        [79.35313, 17.23912],
        [79.35311, 17.23935],
        [79.35322, 17.2395],
        [79.35336, 17.23964],
        [79.35343, 17.23971],
        [79.35437, 17.24066],
        [79.35444, 17.24136],
        [79.35453, 17.24148],
        [79.35536, 17.24259],
        [79.35544, 17.24335],
        [79.35547, 17.24358],
        [79.3556, 17.24472],
        [79.35561, 17.24481],
        [79.35579, 17.24634],
        [79.35586, 17.24657],
        [79.35573, 17.24669],
        [79.35575, 17.24674],
        [79.35628, 17.24792],
        [79.35635, 17.24808],
        [79.35669, 17.24884],
        [79.3569, 17.24948],
        [79.35704, 17.24989],
        [79.3571, 17.25007],
        [79.35717, 17.25026],
        [79.3572, 17.25037],
        [79.35704, 17.25041],
        [79.35681, 17.25049],
        [79.35667, 17.25057],
        [79.35652, 17.25056],
        [79.3561, 17.25063],
        [79.35617, 17.25076],
        [79.35619, 17.25081],
        [79.3563, 17.25104],
        [79.35639, 17.25116],
        [79.35625, 17.25121],
        [79.35584, 17.25138],
        [79.35569, 17.25144],
        [79.35478, 17.25182],
        [79.35451, 17.25192],
        [79.35383, 17.25219],
        [79.35349, 17.25231],
        [79.353, 17.25249],
        [79.35284, 17.25257],
        [79.3527, 17.25262],
        [79.35251, 17.25269],
        [79.35237, 17.25274],
        [79.35146, 17.25309],
        [79.35143, 17.2531],
        [79.35077, 17.25335],
        [79.35038, 17.25351],
        [79.35026, 17.25356],
        [79.35021, 17.25359],
        [79.35008, 17.25364],
        [79.34956, 17.25385],
        [79.3494, 17.25391],
        [79.34871, 17.25419],
        [79.34853, 17.25426],
        [79.34832, 17.25434],
        [79.34819, 17.25441],
        [79.34803, 17.25449],
        [79.34763, 17.25463],
        [79.34761, 17.25464],
        [79.34681, 17.25497],
        [79.34637, 17.25514],
        [79.34621, 17.25519],
        [79.34371, 17.25642],
        [79.34353, 17.2565],
        [79.34301, 17.25674],
        [79.3429, 17.25679],
        [79.34164, 17.25733],
        [79.34141, 17.25743],
        [79.34077, 17.2577],
        [79.34073, 17.25772],
        [79.3407, 17.25774],
        [79.34061, 17.25778],
        [79.34038, 17.2579],
        [79.34012, 17.25805],
        [79.33996, 17.25811],
        [79.33983, 17.2582],
        [79.33928, 17.25843],
        [79.33891, 17.2586],
        [79.33887, 17.25861],
        [79.33859, 17.25874],
        [79.33836, 17.25884],
        [79.3381, 17.25899],
        [79.33797, 17.25904],
        [79.33783, 17.25913],
        [79.33721, 17.25937],
        [79.33688, 17.25958],
        [79.33686, 17.25959],
        [79.3368, 17.25963],
        [79.33679, 17.25963],
        [79.33656, 17.25976],
        [79.33636, 17.25987],
        [79.33624, 17.25996],
        [79.33623, 17.25995],
        [79.33615, 17.26004],
        [79.33572, 17.26034],
        [79.33481, 17.26097],
        [79.3339, 17.26158],
        [79.33349, 17.26184],
        [79.33337, 17.26191],
        [79.33336, 17.26192],
        [79.33339, 17.26204],
        [79.33336, 17.26261],
        [79.33272, 17.2629],
        [79.33251, 17.26338],
        [79.33227, 17.26351],
        [79.33214, 17.26357],
        [79.33202, 17.26364],
        [79.33191, 17.26368],
        [79.33044, 17.26435],
        [79.3302, 17.26446],
        [79.32983, 17.26466],
        [79.32991, 17.26476],
        [79.33, 17.26492],
        [79.32986, 17.26498],
        [79.32926, 17.26533],
        [79.32909, 17.26543],
        [79.32896, 17.2655],
        [79.32891, 17.26553],
        [79.32881, 17.26559],
        [79.3288, 17.26563],
        [79.32864, 17.26573],
        [79.32787, 17.26618],
        [79.32748, 17.26643],
        [79.32734, 17.26651],
        [79.32722, 17.26659],
        [79.32682, 17.26687],
        [79.32681, 17.26688],
        [79.32595, 17.26747],
        [79.32593, 17.26748],
        [79.32577, 17.26756],
        [79.32647, 17.26839],
        [79.32656, 17.2685],
        [79.32612, 17.27111],
        [79.3261, 17.27124],
        [79.32607, 17.27138],
        [79.32606, 17.27151],
        [79.32607, 17.2716],
        [79.32611, 17.27193],
        [79.3247, 17.27261],
        [79.32452, 17.2727],
        [79.32377, 17.27301],
        [79.32378, 17.27268],
        [79.32375, 17.27251],
        [79.32366, 17.27258],
        [79.32329, 17.27285],
        [79.3232, 17.27291],
        [79.32315, 17.27293],
        [79.32301, 17.27297],
        [79.32283, 17.27303],
        [79.32267, 17.27309],
        [79.32249, 17.27315],
        [79.32183, 17.27335],
        [79.32165, 17.27339],
        [79.32159, 17.27356],
        [79.32097, 17.27448],
        [79.32088, 17.27452],
        [79.31978, 17.27505],
        [79.31977, 17.27505],
        [79.31963, 17.27513],
        [79.31952, 17.27517],
        [79.31945, 17.27521],
        [79.31943, 17.27522],
        [79.31813, 17.27602],
        [79.31765, 17.27658],
        [79.31756, 17.27668],
        [79.31738, 17.27679],
        [79.31721, 17.27686],
        [79.3172, 17.27686],
        [79.31673, 17.27708],
        [79.31672, 17.27709],
        [79.31667, 17.27711],
        [79.31651, 17.27718],
        [79.31574, 17.27767],
        [79.3156, 17.27777],
        [79.31546, 17.27787],
        [79.31528, 17.27799],
        [79.31522, 17.27803],
        [79.31504, 17.27815],
        [79.31475, 17.27835],
        [79.31469, 17.27839],
        [79.3146, 17.27846],
        [79.31448, 17.27857],
        [79.31393, 17.27898],
        [79.31374, 17.27912],
        [79.31349, 17.2793],
        [79.31349, 17.27941],
        [79.31348, 17.27955],
        [79.31343, 17.27952],
        [79.31318, 17.27941],
        [79.31198, 17.28034],
        [79.31141, 17.28078],
        [79.31124, 17.28087],
        [79.3111, 17.28097],
        [79.31033, 17.28143],
        [79.30972, 17.2818],
        [79.30906, 17.28187],
        [79.30889, 17.28187],
        [79.30875, 17.28195],
        [79.30784, 17.28247],
        [79.30783, 17.28247],
        [79.30769, 17.28254],
        [79.30754, 17.2826],
        [79.30709, 17.28279],
        [79.30559, 17.28341],
        [79.30543, 17.28348],
        [79.30546, 17.2836],
        [79.30598, 17.28472],
        [79.30592, 17.28474],
        [79.30576, 17.28486],
        [79.30496, 17.28556],
        [79.30488, 17.28564],
        [79.30495, 17.28575],
        [79.30496, 17.28576],
        [79.30514, 17.28594],
        [79.30525, 17.28605],
        [79.30513, 17.28619],
        [79.30431, 17.28689],
        [79.30427, 17.28693],
        [79.30423, 17.28696],
        [79.30416, 17.28702],
        [79.30423, 17.28714],
        [79.30425, 17.28717],
        [79.30456, 17.28771],
        [79.3046, 17.28778],
        [79.30442, 17.28873],
        [79.30439, 17.28886],
        [79.30346, 17.28912],
        [79.30344, 17.28913],
        [79.30334, 17.28917],
        [79.30316, 17.28927],
        [79.30266, 17.28949],
        [79.30182, 17.28984],
        [79.30144, 17.29],
        [79.30116, 17.29015],
        [79.30082, 17.2903],
        [79.30065, 17.29038],
        [79.29996, 17.29059],
        [79.29939, 17.29073],
        [79.29928, 17.29076],
        [79.2984, 17.29104],
        [79.29814, 17.29114],
        [79.29761, 17.29137],
        [79.2972, 17.2915],
        [79.29711, 17.29156],
        [79.29701, 17.29159],
        [79.297, 17.2916],
        [79.29696, 17.29163],
        [79.29654, 17.29202],
        [79.29646, 17.29206],
        [79.29634, 17.2921],
        [79.29607, 17.2923],
        [79.29552, 17.29288],
        [79.29537, 17.29302],
        [79.29481, 17.29343],
        [79.29472, 17.29349],
        [79.29462, 17.29357],
        [79.29459, 17.29375],
        [79.29457, 17.29402],
        [79.29457, 17.29419],
        [79.2946, 17.29434],
        [79.29478, 17.295],
        [79.29483, 17.29543],
        [79.29486, 17.29569],
        [79.29489, 17.29586],
        [79.29499, 17.29654],
        [79.29495, 17.29654],
        [79.29482, 17.29655],
        [79.29358, 17.29706],
        [79.29344, 17.29714],
        [79.2933, 17.29723],
        [79.29311, 17.29731],
        [79.2903, 17.29849],
        [79.28985, 17.29867],
        [79.28932, 17.29889],
        [79.28916, 17.29897],
        [79.28917, 17.29898],
        [79.28922, 17.29912],
        [79.28939, 17.29978],
        [79.28944, 17.29996],
        [79.28944, 17.29997],
        [79.28945, 17.3001],
        [79.28941, 17.30026],
        [79.28933, 17.30039],
        [79.28926, 17.30054],
        [79.28923, 17.30058],
        [79.28922, 17.3006],
        [79.28915, 17.3007],
        [79.28904, 17.30092],
        [79.28899, 17.30102],
        [79.28854, 17.30186],
        [79.28833, 17.30226],
        [79.28829, 17.30235],
        [79.28833, 17.30236],
        [79.28789, 17.30331],
        [79.28779, 17.30348],
        [79.28774, 17.30363],
        [79.28731, 17.30468],
        [79.28725, 17.30487],
        [79.2872, 17.30499],
        [79.28723, 17.30515],
        [79.28789, 17.30684],
        [79.28794, 17.30697],
        [79.28797, 17.30705],
        [79.2881, 17.30734],
        [79.28814, 17.30742],
        [79.28815, 17.30744],
        [79.28823, 17.30761],
        [79.28865, 17.30848],
        [79.28866, 17.30851],
        [79.2887, 17.30863],
        [79.2888, 17.30872],
        [79.28886, 17.30895],
        [79.28884, 17.30898],
        [79.28895, 17.30959],
        [79.29101, 17.31108],
        [79.29188, 17.31252],
        [79.29218, 17.3126],
        [79.29222, 17.31271],
        [79.29257, 17.31376],
        [79.29264, 17.31399],
        [79.29267, 17.31416],
        [79.29275, 17.31458],
        [79.29282, 17.31471],
        [79.29289, 17.31484],
        [79.29301, 17.31513],
        [79.29307, 17.31528],
        [79.29333, 17.31612],
        [79.29341, 17.31628],
        [79.29345, 17.31638],
        [79.29355, 17.31656],
        [79.29444, 17.31823],
        [79.29448, 17.31831],
        [79.29452, 17.31839],
        [79.29454, 17.31843],
        [79.29472, 17.31869],
        [79.29545, 17.31966],
        [79.29556, 17.31998],
        [79.29561, 17.32012],
        [79.29582, 17.32039],
        [79.29589, 17.32048],
        [79.29594, 17.32059],
        [79.29607, 17.3208],
        [79.29618, 17.32092],
        [79.29626, 17.32102],
        [79.2965, 17.32129],
        [79.29651, 17.32131],
        [79.29665, 17.32167],
        [79.29671, 17.32179],
        [79.29675, 17.32188],
        [79.29703, 17.32272],
        [79.29718, 17.32292],
        [79.29743, 17.32333],
        [79.29747, 17.32338],
        [79.29754, 17.3235],
        [79.29754, 17.32352],
        [79.29756, 17.32355],
        [79.29774, 17.32393],
        [79.29793, 17.32425],
        [79.29795, 17.32431],
        [79.29799, 17.32441],
        [79.29795, 17.3245],
        [79.29793, 17.32455],
        [79.29769, 17.32509],
        [79.29777, 17.32536],
        [79.29784, 17.32544],
        [79.29794, 17.32557],
        [79.29792, 17.32575],
        [79.29793, 17.32598],
        [79.29851, 17.32654],
        [79.29854, 17.32658],
        [79.29864, 17.3267],
        [79.29872, 17.32684],
        [79.29924, 17.32755],
        [79.29931, 17.32766],
        [79.29927, 17.32768],
        [79.29924, 17.32768],
        [79.29861, 17.32788],
        [79.29847, 17.32792],
        [79.29867, 17.32886],
        [79.29894, 17.33009],
        [79.2989, 17.3303],
        [79.29889, 17.33033],
        [79.29846, 17.33175],
        [79.29846, 17.33222],
        [79.29845, 17.33237],
        [79.29838, 17.3332],
        [79.29843, 17.33331],
        [79.29852, 17.33343],
        [79.2985, 17.33358],
        [79.2984, 17.33538],
        [79.29863, 17.33561],
        [79.29916, 17.33615],
        [79.2992, 17.3365],
        [79.2996, 17.33732],
        [79.30023, 17.33847],
        [79.30047, 17.33889],
        [79.30062, 17.33917],
        [79.3019, 17.34122],
        [79.30213, 17.3417],
        [79.30227, 17.34196],
        [79.3024, 17.34219],
        [79.30271, 17.34271],
        [79.30281, 17.34352],
        [79.30288, 17.34417],
        [79.30295, 17.34469],
        [79.30299, 17.34497],
        [79.30293, 17.34587],
        [79.30291, 17.34611],
        [79.30284, 17.34714],
        [79.30279, 17.34754],
        [79.30279, 17.34779],
        [79.3028, 17.34832],
        [79.30278, 17.34865],
        [79.30274, 17.34908],
        [79.30274, 17.34919],
        [79.30286, 17.35096],
        [79.30287, 17.35118],
        [79.30286, 17.35128],
        [79.30286, 17.35129],
        [79.30287, 17.35137],
        [79.3029, 17.35209],
        [79.30298, 17.35263],
        [79.30303, 17.35334],
        [79.30304, 17.35347],
        [79.30305, 17.35363],
        [79.30314, 17.35437],
        [79.30315, 17.35441],
        [79.30318, 17.35469],
        [79.30319, 17.3548],
        [79.3033, 17.35499],
        [79.30414, 17.35636],
        [79.30415, 17.35645],
        [79.3039, 17.35822],
        [79.30376, 17.35818],
        [79.30185, 17.35789],
        [79.29971, 17.35717],
        [79.2962, 17.35675],
        [79.29341, 17.35664],
        [79.29008, 17.35735],
        [79.28746, 17.35783],
        [79.28484, 17.35842],
        [79.28216, 17.35854],
        [79.27907, 17.35913],
        [79.27657, 17.35955],
        [79.2733, 17.35997],
        [79.26967, 17.35997],
        [79.26616, 17.36021],
        [79.26259, 17.35991],
        [79.25932, 17.35949],
        [79.25783, 17.35896],
        [79.25607, 17.35878],
        [79.25458, 17.35843],
        [79.25229, 17.35752],
        [79.25006, 17.35695],
        [79.24777, 17.35676],
        [79.24501, 17.35672],
        [79.24154, 17.35795],
        [79.24088, 17.35841],
        [79.23868, 17.35995],
        [79.23807, 17.36072],
        [79.23607, 17.36323],
        [79.23498, 17.3659],
        [79.23343, 17.36891],
        [79.23248, 17.37013],
        [79.23208, 17.3707],
        [79.23163, 17.37127],
        [79.23072, 17.37167],
        [79.2297, 17.37217],
        [79.22875, 17.37241],
        [79.22669, 17.37227],
        [79.22665, 17.37227],
        [79.22558, 17.37186],
        [79.22344, 17.37089],
        [79.22204, 17.37013],
        [79.22099, 17.3694],
        [79.21999, 17.37026],
        [79.21979, 17.37036],
        [79.21858, 17.37098],
        [79.21846, 17.37107],
        [79.21839, 17.37121],
        [79.21772, 17.37254],
        [79.21766, 17.37268],
        [79.21757, 17.37285],
        [79.21709, 17.37357],
        [79.21699, 17.37373],
        [79.21691, 17.37385],
        [79.21518, 17.37569],
        [79.21507, 17.37579],
        [79.21516, 17.37592],
        [79.21532, 17.37608],
        [79.21543, 17.37631],
        [79.21545, 17.37644],
        [79.21544, 17.3766],
        [79.21537, 17.37686],
        [79.21532, 17.37698],
        [79.21515, 17.37703],
        [79.21428, 17.37724],
        [79.21411, 17.37726],
        [79.21411, 17.37741],
        [79.21399, 17.37817],
        [79.21298, 17.37958],
        [79.21285, 17.37974],
        [79.21267, 17.37971],
        [79.21214, 17.37963],
        [79.21201, 17.37959],
        [79.21181, 17.37955],
        [79.21007, 17.3795],
        [79.2099, 17.37949],
        [79.20975, 17.3795],
        [79.20742, 17.38022],
        [79.20727, 17.38024],
        [79.20713, 17.38029],
        [79.20632, 17.38066],
        [79.20616, 17.3807],
        [79.20597, 17.3807],
        [79.20512, 17.38078],
        [79.20448, 17.3811],
        [79.20431, 17.38119],
        [79.20413, 17.38131],
        [79.20276, 17.38223],
        [79.20256, 17.38268],
        [79.20254, 17.38336],
        [79.20255, 17.38341],
        [79.2026, 17.38373],
        [79.20264, 17.38394],
        [79.20267, 17.38403],
        [79.20269, 17.38404],
        [79.20257, 17.38405],
        [79.20226, 17.38414],
        [79.20209, 17.38421],
        [79.20185, 17.38434],
        [79.20113, 17.38478],
        [79.20101, 17.38486],
        [79.20084, 17.38492],
        [79.19938, 17.38554],
        [79.19922, 17.3856],
        [79.19908, 17.38563],
        [79.19894, 17.38571],
        [79.19778, 17.38615],
        [79.19486, 17.38758],
        [79.19473, 17.38767],
        [79.1946, 17.38775],
        [79.1944, 17.38788],
        [79.19426, 17.38798],
        [79.19406, 17.38804],
        [79.19324, 17.38836],
        [79.19305, 17.38845],
        [79.19295, 17.38852],
        [79.19281, 17.38856],
        [79.19268, 17.38861],
        [79.19252, 17.38869],
        [79.19213, 17.38883],
        [79.1901, 17.38969],
        [79.18997, 17.38974],
        [79.1898, 17.38983],
        [79.1892, 17.39014],
        [79.18906, 17.39021],
        [79.18886, 17.39029],
        [79.18463, 17.39226],
        [79.18444, 17.39234],
        [79.18423, 17.39242],
        [79.18269, 17.39317],
        [79.18207, 17.39347],
        [79.18195, 17.39353],
        [79.18189, 17.39357],
        [79.18175, 17.39361],
        [79.18034, 17.39422],
        [79.17894, 17.39662],
        [79.17891, 17.39667],
        [79.17887, 17.39675],
        [79.17897, 17.39685],
        [79.17951, 17.3972],
        [79.17962, 17.39731],
        [79.18057, 17.39821],
        [79.18065, 17.39835],
        [79.18067, 17.39837],
        [79.18078, 17.39848],
        [79.18152, 17.39917],
        [79.18249, 17.40022],
        [79.18255, 17.40029],
        [79.1827, 17.4004],
        [79.18403, 17.40177],
        [79.1842, 17.40204],
        [79.18441, 17.40239],
        [79.18447, 17.4025],
        [79.18455, 17.40262],
        [79.18481, 17.40319],
        [79.18528, 17.40355],
        [79.18536, 17.40364],
        [79.18545, 17.40376],
        [79.18565, 17.40405],
        [79.18577, 17.40421],
        [79.18584, 17.40431],
        [79.18598, 17.40441],
        [79.18611, 17.40442],
        [79.18674, 17.40463],
        [79.18713, 17.40475],
        [79.18729, 17.40473],
        [79.18743, 17.40473],
        [79.18773, 17.40477],
        [79.18814, 17.40481],
        [79.18891, 17.40525],
        [79.19006, 17.40526],
        [79.1902, 17.40528],
        [79.19033, 17.40526],
        [79.19084, 17.40514],
        [79.1917, 17.40523],
        [79.19177, 17.40523],
        [79.19195, 17.40526],
        [79.19209, 17.40528],
        [79.19218, 17.40529],
        [79.19224, 17.4053],
        [79.19234, 17.40532],
        [79.19267, 17.40539],
        [79.19273, 17.4054],
        [79.1928, 17.40543],
        [79.1932, 17.40559],
        [79.1936, 17.40568],
        [79.19382, 17.40573],
        [79.19386, 17.40574],
        [79.19391, 17.40575],
        [79.19389, 17.40568],
        [79.19388, 17.40566],
        [79.19387, 17.40564],
        [79.19395, 17.40568],
        [79.19398, 17.40568],
        [79.19443, 17.40561],
        [79.19464, 17.40556],
        [79.19469, 17.4057],
        [79.19469, 17.40587],
        [79.19475, 17.40602],
        [79.19527, 17.40637],
        [79.19537, 17.40644],
        [79.19596, 17.40683],
        [79.19602, 17.40686],
        [79.19612, 17.40691],
        [79.19619, 17.40703],
        [79.19654, 17.40706],
        [79.19658, 17.40706],
        [79.19704, 17.40739],
        [79.19709, 17.40743],
        [79.19711, 17.40746],
        [79.19719, 17.40753],
        [79.1973, 17.40762],
        [79.19742, 17.40768],
        [79.19772, 17.40784],
        [79.19792, 17.40798],
        [79.19793, 17.40798],
        [79.19804, 17.40805],
        [79.19878, 17.40843],
        [79.19888, 17.40848],
        [79.19891, 17.4085],
        [79.19942, 17.40943],
        [79.19925, 17.40982],
        [79.1992, 17.40997],
        [79.19916, 17.41004],
        [79.19921, 17.41012],
        [79.20005, 17.41203],
        [79.20039, 17.41282],
        [79.20066, 17.41344],
        [79.20072, 17.41357],
        [79.20101, 17.41425],
        [79.20105, 17.41436],
        [79.20106, 17.41439],
        [79.20117, 17.41455],
        [79.20125, 17.41467],
        [79.20148, 17.41514],
        [79.20159, 17.41567],
        [79.2016, 17.41573],
        [79.20164, 17.41587],
        [79.20177, 17.41603],
        [79.20183, 17.41611],
        [79.2027, 17.41735],
        [79.20276, 17.41743],
        [79.20277, 17.41745],
        [79.20304, 17.4178],
        [79.20384, 17.41869],
        [79.20394, 17.4188],
        [79.20488, 17.41994],
        [79.20494, 17.42004],
        [79.20516, 17.42042],
        [79.20618, 17.42297],
        [79.20632, 17.42309],
        [79.20641, 17.42329],
        [79.20674, 17.42384],
        [79.20683, 17.424],
        [79.20709, 17.42448],
        [79.20717, 17.42462],
        [79.20771, 17.42548],
        [79.2078, 17.42565],
        [79.20791, 17.42583],
        [79.20848, 17.42668],
        [79.20849, 17.4267],
        [79.20859, 17.42684],
        [79.20868, 17.427],
        [79.20888, 17.42736],
        [79.2091, 17.42775],
        [79.21001, 17.42935],
        [79.21011, 17.42957],
        [79.21028, 17.42995],
        [79.2103, 17.42998],
        [79.21088, 17.43135],
        [79.21091, 17.43144],
        [79.21091, 17.43145],
        [79.21097, 17.43159],
        [79.2113, 17.43243],
        [79.2114, 17.43267],
        [79.21147, 17.43284],
        [79.21152, 17.43297],
        [79.21162, 17.43311],
        [79.21177, 17.43353],
        [79.2124, 17.43517],
        [79.21243, 17.43529],
        [79.21246, 17.43535],
        [79.21251, 17.43547],
        [79.21328, 17.43722],
        [79.21335, 17.43735],
        [79.21342, 17.43749],
        [79.21345, 17.43756],
        [79.21391, 17.43851],
        [79.21419, 17.43921],
        [79.21429, 17.4394],
        [79.21435, 17.43954],
        [79.21467, 17.44029],
        [79.21474, 17.44049],
        [79.21533, 17.44191],
        [79.21534, 17.44192],
        [79.2154, 17.44212],
        [79.21541, 17.4423],
        [79.21556, 17.44338],
        [79.21557, 17.44343],
        [79.21561, 17.44368],
        [79.21567, 17.44386],
        [79.21608, 17.44507],
        [79.21648, 17.44628],
        [79.21658, 17.44668],
        [79.21672, 17.44729],
        [79.2168, 17.44751],
        [79.21683, 17.44769],
        [79.21685, 17.44791],
        [79.21691, 17.44806],
        [79.21695, 17.44824],
        [79.21713, 17.44879],
        [79.21725, 17.44876],
        [79.21739, 17.44867],
        [79.21976, 17.44822],
        [79.21984, 17.4482],
        [79.22156, 17.4482],
        [79.2224, 17.44816],
        [79.22285, 17.44834],
        [79.22365, 17.44822],
        [79.22488, 17.44804],
        [79.22624, 17.44791],
        [79.22779, 17.44777],
        [79.22774, 17.4482],
        [79.22744, 17.45062],
        [79.22741, 17.45089],
        [79.22736, 17.45322],
        [79.22734, 17.45377],
        [79.22745, 17.4544],
        [79.22758, 17.45521],
        [79.22771, 17.456],
        [79.22785, 17.45685],
        [79.22794, 17.45722],
        [79.22795, 17.45729],
        [79.22801, 17.45752],
        [79.22811, 17.45788],
        [79.22818, 17.4582],
        [79.2283, 17.45869],
        [79.22846, 17.45935],
        [79.22872, 17.46031],
        [79.22922, 17.46194],
        [79.22935, 17.46257],
        [79.22967, 17.46368],
        [79.22991, 17.46449],
        [79.23006, 17.46502],
        [79.2301, 17.46515],
        [79.23015, 17.46529],
        [79.23032, 17.46575],
        [79.23052, 17.46634],
        [79.23054, 17.46641],
        [79.23059, 17.46658],
        [79.23071, 17.46694],
        [79.23086, 17.46751],
        [79.23106, 17.46799],
        [79.23112, 17.4681],
        [79.23115, 17.46815],
        [79.23122, 17.4683],
        [79.23137, 17.46867],
        [79.23153, 17.46907],
        [79.23175, 17.47028],
        [79.23203, 17.47082],
        [79.23199, 17.47134],
        [79.23228, 17.4723],
        [79.23227, 17.47276],
        [79.23297, 17.47299],
        [79.23359, 17.47319],
        [79.23409, 17.47327],
        [79.23594, 17.47385],
        [79.237, 17.4746],
        [79.23824, 17.47689],
        [79.23904, 17.47788],
        [79.24006, 17.47829],
        [79.24031, 17.47829],
        [79.24348, 17.47776],
        [79.24415, 17.47809],
        [79.24457, 17.47797],
        [79.24594, 17.47755],
        [79.24732, 17.47677],
        [79.24827, 17.47593],
        [79.25027, 17.47457],
        [79.252, 17.47381],
        [79.25353, 17.47331],
        [79.25415, 17.47303],
        [79.25491, 17.47309],
        [79.25514, 17.4728],
        [79.25623, 17.47234],
        [79.25774, 17.47255],
        [79.25799, 17.47298],
        [79.25809, 17.47313],
        [79.25817, 17.47326],
        [79.25826, 17.4734],
        [79.25833, 17.47351],
        [79.25924, 17.47493],
        [79.25928, 17.47498],
        [79.26061, 17.47737],
        [79.2611, 17.47824],
        [79.26135, 17.47867],
        [79.26159, 17.47906],
        [79.26166, 17.47917],
        [79.26168, 17.47919],
        [79.26177, 17.47931],
        [79.26221, 17.47993],
        [79.26232, 17.48013],
        [79.26233, 17.48014],
        [79.26239, 17.4803],
        [79.26246, 17.48046],
        [79.26258, 17.48098],
        [79.2626, 17.48134],
        [79.26259, 17.48151],
        [79.26257, 17.48221],
        [79.2625, 17.48382],
        [79.26249, 17.48417],
        [79.26248, 17.48453],
        [79.26246, 17.48522],
        [79.26245, 17.48567],
        [79.26243, 17.48646],
        [79.26243, 17.48659],
        [79.26241, 17.48659],
        [79.26244, 17.48705],
        [79.2625, 17.48822],
        [79.26251, 17.48833],
        [79.26264, 17.48908],
        [79.26267, 17.48931],
        [79.26294, 17.49087],
        [79.26299, 17.4912],
        [79.26324, 17.49277],
        [79.26322, 17.49418],
        [79.2632, 17.49642],
        [79.26334, 17.49638],
        [79.2637, 17.4965],
        [79.26391, 17.49664],
        [79.26422, 17.49671],
        [79.26424, 17.49672],
        [79.26447, 17.49677],
        [79.2649, 17.49704],
        [79.26518, 17.49723],
        [79.26555, 17.49722],
        [79.26612, 17.49764],
        [79.2665, 17.49796],
        [79.26657, 17.49803],
        [79.26706, 17.49833],
        [79.26796, 17.49864],
        [79.26842, 17.49898],
        [79.2691, 17.49901],
        [79.27112, 17.4975],
        [79.27284, 17.49618],
        [79.27405, 17.49513],
        [79.27475, 17.49471],
        [79.27489, 17.49463],
        [79.27558, 17.49379],
        [79.27673, 17.49317],
        [79.2768, 17.49314],
        [79.27699, 17.49302],
        [79.27778, 17.49229],
        [79.27851, 17.49205],
        [79.27868, 17.49199],
        [79.27904, 17.49162],
        [79.28112, 17.48948],
        [79.28135, 17.48933],
        [79.28283, 17.48836],
        [79.28297, 17.48828],
        [79.28312, 17.48819],
        [79.28337, 17.48804],
        [79.28431, 17.48748],
        [79.28577, 17.48662],
        [79.28584, 17.48639],
        [79.28693, 17.48575],
        [79.28717, 17.48561],
        [79.28699, 17.48536],
        [79.28697, 17.48534],
        [79.28698, 17.48534],
        [79.28723, 17.48522],
        [79.28841, 17.48446],
        [79.28851, 17.48441],
        [79.28854, 17.48439],
        [79.28865, 17.48434],
        [79.2894, 17.48399],
        [79.2897, 17.48377],
        [79.28913, 17.48309],
        [79.2882, 17.48208],
        [79.28759, 17.48114],
        [79.28759, 17.48113],
        [79.28663, 17.47966],
        [79.28559, 17.47844],
        [79.28499, 17.47685],
        [79.2848, 17.47597],
        [79.28459, 17.475],
        [79.28442, 17.47439],
        [79.28398, 17.47279],
        [79.28385, 17.47224],
        [79.28379, 17.472],
        [79.28373, 17.47173],
        [79.28369, 17.47147],
        [79.28361, 17.47065],
        [79.28356, 17.47009],
        [79.28355, 17.47007],
        [79.28354, 17.46992],
        [79.28354, 17.46988],
        [79.28344, 17.46848],
        [79.28404, 17.46838],
        [79.28566, 17.46811],
        [79.28666, 17.468],
        [79.2873, 17.46793],
        [79.28887, 17.46745],
        [79.28941, 17.46728],
        [79.29017, 17.46709],
        [79.29269, 17.46646],
        [79.29361, 17.46624],
        [79.29528, 17.46548],
        [79.29762, 17.46442],
        [79.2982, 17.46417],
        [79.30095, 17.46297],
        [79.30132, 17.46281],
        [79.3022, 17.46246],
        [79.30319, 17.46198],
        [79.30377, 17.46169],
        [79.3039, 17.46163],
        [79.30521, 17.46076],
        [79.30678, 17.4596],
        [79.30809, 17.45862],
        [79.30853, 17.45831],
        [79.30952, 17.45761],
        [79.31089, 17.45672],
        [79.31276, 17.45577],
        [79.31367, 17.4553],
        [79.31422, 17.45502],
        [79.31594, 17.45434],
        [79.31613, 17.45428],
        [79.31699, 17.45399],
        [79.31988, 17.45298],
        [79.32017, 17.45288],
        [79.32242, 17.4521],
        [79.32535, 17.45149],
        [79.32618, 17.45136],
        [79.32767, 17.45113],
        [79.32931, 17.45124],
        [79.3316, 17.45206],
        [79.33287, 17.4525],
        [79.33535, 17.45335],
        [79.33545, 17.45338],
        [79.33795, 17.45492],
        [79.3381, 17.45505],
        [79.33984, 17.45652],
        [79.34152, 17.45831],
        [79.34172, 17.45882],
        [79.34216, 17.45991],
        [79.3427, 17.46248],
        [79.34305, 17.46477],
        [79.34327, 17.46584],
        [79.34385, 17.46718],
        [79.34405, 17.46762],
        [79.34519, 17.46905],
        [79.34709, 17.47062],
        [79.34841, 17.47169],
        [79.35008, 17.47269],
        [79.35219, 17.47373],
        [79.35376, 17.47469],
        [79.35483, 17.4758],
        [79.35539, 17.47645],
        [79.35626, 17.47748],
        [79.35673, 17.47865],
        [79.35722, 17.47983],
        [79.35819, 17.48115],
        [79.3594, 17.48297],
        [79.3604, 17.48383],
        [79.36158, 17.48433],
        [79.36304, 17.48511],
        [79.365, 17.4844],
        [79.36517, 17.48429],
        [79.36621, 17.48663],
        [79.36665, 17.48727],
        [79.36673, 17.48738],
        [79.36693, 17.48797],
        [79.36697, 17.48808],
        [79.36704, 17.48825],
        [79.36711, 17.48841],
        [79.36732, 17.48893],
        [79.36737, 17.48905],
        [79.36741, 17.48941],
        [79.36749, 17.48941],
        [79.36748, 17.48972],
        [79.36757, 17.48985],
        [79.3676, 17.48999],
        [79.36761, 17.4901],
        [79.36762, 17.49018],
        [79.36767, 17.49029],
        [79.36774, 17.4905],
        [79.36784, 17.49075],
        [79.36812, 17.49146],
        [79.36796, 17.4919],
        [79.36747, 17.49307],
        [79.36665, 17.49515],
        [79.36528, 17.49639],
        [79.36468, 17.4966],
        [79.36447, 17.49628],
        [79.36402, 17.49679],
        [79.36371, 17.49808],
        [79.36393, 17.49825],
        [79.36379, 17.49841],
        [79.36295, 17.49915],
        [79.36216, 17.49976],
        [79.36201, 17.50004],
        [79.3618, 17.50044],
        [79.36131, 17.50085],
        [79.36052, 17.50116],
        [79.36055, 17.50158],
        [79.36175, 17.50135],
        [79.36523, 17.50192],
        [79.36663, 17.50193],
        [79.36701, 17.50195],
        [79.3675, 17.50196],
        [79.3682, 17.50207],
        [79.36891, 17.50249],
        [79.36982, 17.50256],
        [79.37038, 17.50261],
        [79.37156, 17.50274],
        [79.37219, 17.50336],
        [79.37307, 17.50413],
        [79.37377, 17.50485],
        [79.37436, 17.50537],
        [79.37444, 17.50542],
        [79.37474, 17.50562],
        [79.37546, 17.50618],
        [79.37555, 17.50624],
        [79.37586, 17.5064],
        [79.37605, 17.50677],
        [79.37643, 17.50696],
        [79.37653, 17.50712],
        [79.37668, 17.50736],
        [79.37694, 17.50772],
        [79.37732, 17.50825],
        [79.37743, 17.5084],
        [79.37762, 17.50878],
        [79.37801, 17.50951],
        [79.37857, 17.51065],
        [79.37865, 17.51081],
        [79.3787, 17.51133],
        [79.37871, 17.51135],
        [79.37882, 17.51152],
        [79.37892, 17.51149],
        [79.38012, 17.51157],
        [79.38019, 17.51157],
        [79.38097, 17.51167],
        [79.38302, 17.51211],
        [79.38371, 17.51222],
        [79.38374, 17.51222],
        [79.38514, 17.51129],
        [79.38542, 17.51107],
        [79.38597, 17.51067],
        [79.38712, 17.51003],
        [79.38934, 17.50896],
        [79.39041, 17.50834],
        [79.39059, 17.50823],
        [79.39102, 17.50806],
        [79.39229, 17.50753],
        [79.39261, 17.50734],
        [79.39364, 17.50671],
        [79.3943, 17.50638],
        [79.39464, 17.50623],
        [79.39488, 17.50611],
        [79.39497, 17.50606],
        [79.39508, 17.50601],
        [79.39638, 17.50543],
        [79.39646, 17.50551],
        [79.3964, 17.50557],
        [79.39663, 17.50564],
        [79.39676, 17.50557],
        [79.39684, 17.50553],
        [79.39753, 17.5052],
        [79.39762, 17.50515],
        [79.39774, 17.50507],
        [79.39782, 17.50504],
        [79.39792, 17.50496],
        [79.39796, 17.50493],
        [79.39841, 17.50461],
        [79.39953, 17.50415],
        [79.40062, 17.50381],
        [79.40057, 17.50363],
        [79.40139, 17.50329],
        [79.40155, 17.50322],
        [79.40221, 17.50287],
        [79.40369, 17.50252],
        [79.40452, 17.50233],
        [79.40587, 17.50199],
        [79.4061, 17.50179],
        [79.4062, 17.50176],
        [79.40801, 17.50106],
        [79.40811, 17.50102],
        [79.40986, 17.50042],
        [79.41008, 17.50034],
        [79.41005, 17.49998],
        [79.41004, 17.4999],
        [79.41004, 17.49983],
        [79.41003, 17.49968],
        [79.41079, 17.49945],
        [79.41103, 17.49938],
        [79.41139, 17.49928],
        [79.41152, 17.49924],
        [79.41168, 17.49919],
        [79.41284, 17.49879],
        [79.41302, 17.49871],
        [79.41328, 17.49861],
        [79.41328, 17.4986],
        [79.4133, 17.4986],
        [79.41338, 17.49856],
        [79.41358, 17.49849],
        [79.41359, 17.49848],
        [79.41372, 17.49843],
        [79.41379, 17.49842],
        [79.41381, 17.49842],
        [79.41397, 17.49839],
        [79.41407, 17.49837],
        [79.41482, 17.49823],
        [79.41516, 17.49859],
        [79.41532, 17.49877],
        [79.41548, 17.49893],
        [79.41574, 17.49929],
        [79.41588, 17.4996],
        [79.41684, 17.50019],
        [79.41793, 17.5005],
        [79.41827, 17.50054],
        [79.41935, 17.50068],
        [79.42147, 17.5013],
        [79.42215, 17.50143],
        [79.42236, 17.50147],
        [79.42338, 17.50241],
        [79.42501, 17.50349],
        [79.42643, 17.50551],
        [79.42745, 17.50721],
        [79.4278, 17.50796],
        [79.42796, 17.5083],
        [79.42814, 17.50867],
        [79.42939, 17.51264],
        [79.42969, 17.51423],
        [79.43, 17.51636],
        [79.43018, 17.51702],
        [79.43091, 17.51691],
        [79.43304, 17.51653],
        [79.43558, 17.51627],
        [79.43632, 17.5161],
        [79.43776, 17.51583],
        [79.43909, 17.51553],
        [79.44498, 17.51438],
        [79.4451, 17.51436],
        [79.44568, 17.51426],
        [79.4466, 17.51409],
        [79.44709, 17.51397],
        [79.44883, 17.51357],
        [79.4505, 17.5132],
        [79.45143, 17.51302],
        [79.45236, 17.51255],
        [79.45321, 17.51242],
        [79.45504, 17.5124],
        [79.45541, 17.51275],
        [79.45638, 17.5131],
        [79.45642, 17.51303],
        [79.45658, 17.51274],
        [79.45722, 17.5131],
        [79.45788, 17.51306],
        [79.45821, 17.51304],
        [79.45835, 17.51299],
        [79.45857, 17.51299],
        [79.45911, 17.51297],
        [79.45968, 17.51408],
        [79.46082, 17.51386],
        [79.46164, 17.5137],
        [79.46182, 17.51374],
        [79.46198, 17.51377],
        [79.4621, 17.5138],
        [79.46332, 17.51403],
        [79.46361, 17.51409],
        [79.46382, 17.51413],
        [79.46389, 17.51413],
        [79.46402, 17.51415],
        [79.46477, 17.51423],
        [79.4652, 17.51441],
        [79.46546, 17.51446],
        [79.46568, 17.5145],
        [79.46569, 17.5145],
        [79.46597, 17.51446],
        [79.46616, 17.51443],
        [79.46626, 17.51441],
        [79.4674, 17.51458],
        [79.46758, 17.51459],
        [79.46899, 17.51489],
        [79.4694, 17.51469],
        [79.46972, 17.51477],
        [79.47067, 17.51478],
        [79.4715, 17.51478],
        [79.47166, 17.51479],
        [79.472, 17.5148],
        [79.47215, 17.51475],
        [79.47249, 17.51466],
        [79.47328, 17.51444],
        [79.47366, 17.51434],
        [79.47442, 17.51413],
        [79.47474, 17.51405],
        [79.47504, 17.51396],
        [79.47589, 17.51373],
        [79.47598, 17.5137],
        [79.47618, 17.51361],
        [79.47879, 17.5125],
        [79.47902, 17.51243],
        [79.47928, 17.51234],
        [79.47971, 17.51221],
        [79.4808, 17.51181],
        [79.48206, 17.51155],
        [79.4834, 17.51114],
        [79.48409, 17.51093],
        [79.4845, 17.51081],
        [79.48483, 17.51071],
        [79.48558, 17.51046],
        [79.48724, 17.5099],
        [79.48771, 17.50973],
        [79.48772, 17.50974],
        [79.48815, 17.50925],
        [79.48848, 17.50893],
        [79.48846, 17.5089],
        [79.48887, 17.5083],
        [79.49004, 17.50661],
        [79.49023, 17.50642],
        [79.4914, 17.50474],
        [79.49208, 17.50369],
        [79.4928, 17.50289],
        [79.49325, 17.50218],
        [79.49347, 17.50183],
        [79.49412, 17.50081],
        [79.4946, 17.50007],
        [79.49593, 17.49808],
        [79.49635, 17.49745],
        [79.49662, 17.49689],
        [79.49665, 17.49669],
        [79.49699, 17.49624],
        [79.49732, 17.49611],
        [79.498, 17.49603],
        [79.49801, 17.49605],
        [79.49835, 17.49602],
        [79.49874, 17.49605],
        [79.49889, 17.49596],
        [79.49889, 17.49598],
        [79.49883, 17.49638],
        [79.49908, 17.49683],
        [79.49916, 17.49756],
        [79.49977, 17.4974],
        [79.50005, 17.49734],
        [79.50023, 17.49731],
        [79.50058, 17.49724],
        [79.50078, 17.4972],
        [79.5008, 17.49717],
        [79.50121, 17.49657],
        [79.50424, 17.49693],
        [79.50457, 17.49697],
        [79.5058, 17.49602],
        [79.50687, 17.49609],
        [79.50701, 17.49605],
        [79.50747, 17.4959],
        [79.50884, 17.49545],
        [79.51031, 17.49479],
        [79.51032, 17.49478],
        [79.51191, 17.49397],
        [79.51276, 17.49365],
        [79.51412, 17.49314],
        [79.5147, 17.49292],
        [79.51715, 17.49306],
        [79.51759, 17.49308],
        [79.51819, 17.49262],
        [79.51913, 17.49189],
        [79.51934, 17.49173],
        [79.51941, 17.49193],
        [79.5205, 17.495],
        [79.52103, 17.4965],
        [79.5215, 17.4978],
        [79.52163, 17.49795],
        [79.52177, 17.49813],
        [79.52338, 17.50009],
        [79.52329, 17.50032],
        [79.52324, 17.50046],
        [79.52292, 17.50131],
        [79.52493, 17.50003],
        [79.52519, 17.50102],
        [79.52523, 17.50118],
        [79.52526, 17.50134],
        [79.52536, 17.50207],
        [79.52454, 17.50317],
        [79.52449, 17.50325],
        [79.52442, 17.50338],
        [79.52396, 17.50411],
        [79.5239, 17.50426],
        [79.5239, 17.50438],
        [79.52393, 17.505],
        [79.52399, 17.50518],
        [79.52397, 17.50531],
        [79.52399, 17.50551],
        [79.52405, 17.50621],
        [79.52419, 17.50716],
        [79.5242, 17.50727],
        [79.52424, 17.5074],
        [79.52439, 17.50794],
        [79.52448, 17.50827],
        [79.52453, 17.50844],
        [79.52461, 17.5087],
        [79.52466, 17.50909],
        [79.5247, 17.50938],
        [79.52496, 17.50981],
        [79.52516, 17.51019],
        [79.52524, 17.51029],
        [79.52534, 17.51039],
        [79.52556, 17.51067],
        [79.52562, 17.51074],
        [79.52571, 17.51083],
        [79.52592, 17.51113],
        [79.52595, 17.51117],
        [79.526, 17.51126],
        [79.52672, 17.5123],
        [79.52682, 17.51236],
        [79.527, 17.51262],
        [79.52703, 17.51266],
        [79.5271, 17.51275],
        [79.52746, 17.51326],
        [79.52755, 17.51337],
        [79.52867, 17.51477],
        [79.52876, 17.51489],
        [79.52887, 17.51499],
        [79.52912, 17.5153],
        [79.52982, 17.51616],
        [79.52995, 17.51627],
        [79.53008, 17.51641],
        [79.53033, 17.51676],
        [79.53057, 17.51709],
        [79.5307, 17.51728],
        [79.53123, 17.51789],
        [79.53135, 17.51802],
        [79.53144, 17.51812],
        [79.53145, 17.51813],
        [79.53146, 17.51815],
        [79.53147, 17.51815],
        [79.53149, 17.51816],
        [79.5317, 17.51827],
        [79.53172, 17.51829],
        [79.53193, 17.5184],
        [79.53218, 17.51859],
        [79.53253, 17.51874],
        [79.53292, 17.51899],
        [79.53297, 17.51902],
        [79.53341, 17.51931],
        [79.53342, 17.51932],
        [79.53349, 17.51936],
        [79.53351, 17.51937],
        [79.53356, 17.5194],
        [79.53358, 17.51941],
        [79.53366, 17.51947],
        [79.53375, 17.51954],
        [79.53472, 17.52029],
        [79.53482, 17.52037],
        [79.53487, 17.52041],
        [79.53516, 17.52063],
        [79.53619, 17.52143],
        [79.5368, 17.5219],
        [79.53687, 17.52195],
        [79.53799, 17.52268],
        [79.53815, 17.52279],
        [79.53962, 17.52376],
        [79.5403, 17.5242],
        [79.54036, 17.52425],
        [79.54048, 17.52423],
        [79.54057, 17.52422],
        [79.54105, 17.52416],
        [79.5411, 17.52435],
        [79.54126, 17.52505],
        [79.54127, 17.5251],
        [79.5413, 17.52521],
        [79.54163, 17.52658],
        [79.54167, 17.52671],
        [79.54173, 17.52671],
        [79.54177, 17.52671],
        [79.54178, 17.52671],
        [79.54185, 17.5267],
        [79.54192, 17.5267],
        [79.5419, 17.52684],
        [79.54187, 17.52697],
        [79.54234, 17.52676],
        [79.54262, 17.52642],
        [79.54286, 17.52622],
        [79.54291, 17.52617],
        [79.543, 17.52609],
        [79.54316, 17.52592],
        [79.54322, 17.52587],
        [79.54328, 17.52582],
        [79.54341, 17.52571],
        [79.54342, 17.5257],
        [79.54357, 17.52554],
        [79.54365, 17.52546],
        [79.54394, 17.52499],
        [79.54401, 17.52492],
        [79.54455, 17.52435],
        [79.54474, 17.52416],
        [79.54505, 17.52379],
        [79.54517, 17.52367],
        [79.54535, 17.52348],
        [79.54589, 17.52312],
        [79.54614, 17.52294],
        [79.54632, 17.52289],
        [79.54699, 17.52271],
        [79.54746, 17.5218],
        [79.54791, 17.52105],
        [79.548, 17.52089],
        [79.54822, 17.52052],
        [79.5483, 17.52038],
        [79.54798, 17.52002],
        [79.54811, 17.51988],
        [79.55007, 17.51766],
        [79.55023, 17.51747],
        [79.55072, 17.51692],
        [79.55089, 17.51672],
        [79.55113, 17.51645],
        [79.55115, 17.51643],
        [79.55124, 17.51633],
        [79.55192, 17.51544],
        [79.5525, 17.51468],
        [79.5524, 17.51446],
        [79.55238, 17.51443],
        [79.55237, 17.51439],
        [79.55234, 17.5144],
        [79.55228, 17.51427],
        [79.55226, 17.51422],
        [79.55212, 17.51396],
        [79.55205, 17.51381],
        [79.55195, 17.51363],
        [79.55189, 17.51349],
        [79.55182, 17.51337],
        [79.5518, 17.51332],
        [79.55178, 17.51329],
        [79.55189, 17.51317],
        [79.55194, 17.51314],
        [79.55213, 17.513],
        [79.55262, 17.51263],
        [79.55278, 17.51284],
        [79.55363, 17.51279],
        [79.55367, 17.51245],
        [79.55369, 17.5123],
        [79.55369, 17.51229],
        [79.55369, 17.51225],
        [79.55368, 17.51225],
        [79.55313, 17.51211],
        [79.55304, 17.51189],
        [79.55302, 17.51187],
        [79.55323, 17.51158],
        [79.55325, 17.51155],
        [79.55332, 17.51146],
        [79.55342, 17.51127],
        [79.55337, 17.51119],
        [79.55317, 17.51085],
        [79.55306, 17.51067],
        [79.55303, 17.51062],
        [79.55297, 17.51051],
        [79.5529, 17.51041],
        [79.55298, 17.51032],
        [79.55307, 17.51026],
        [79.55344, 17.51005],
        [79.55384, 17.50994],
        [79.5539, 17.50993],
        [79.55403, 17.5099],
        [79.55415, 17.50986],
        [79.55402, 17.50959],
        [79.554, 17.50955],
        [79.55406, 17.5095],
        [79.55411, 17.50946],
        [79.55417, 17.50941],
        [79.55412, 17.5092],
        [79.55411, 17.50915],
        [79.55409, 17.50907],
        [79.55418, 17.50909],
        [79.55423, 17.50908],
        [79.55434, 17.50905],
        [79.55445, 17.50902],
        [79.5545, 17.50897],
        [79.55484, 17.50859],
        [79.55534, 17.5081],
        [79.5557, 17.50759],
        [79.55577, 17.50754],
        [79.55646, 17.50715],
        [79.55693, 17.50685],
        [79.55696, 17.50684],
        [79.55699, 17.50682],
        [79.55716, 17.50672],
        [79.55777, 17.5064],
        [79.55784, 17.50636],
        [79.55787, 17.50635],
        [79.55844, 17.50606],
        [79.55822, 17.50575],
        [79.55814, 17.50563],
        [79.55807, 17.50555],
        [79.55777, 17.50511],
        [79.55768, 17.50506],
        [79.55778, 17.50497],
        [79.5583, 17.50466],
        [79.55835, 17.50465],
        [79.55844, 17.50464],
        [79.55849, 17.50463],
        [79.55848, 17.50461],
        [79.55838, 17.5044],
        [79.55825, 17.50428],
        [79.5582, 17.50385],
        [79.55827, 17.50386],
        [79.5585, 17.50391],
        [79.55859, 17.50374],
        [79.55889, 17.50323],
        [79.559, 17.50322],
        [79.55907, 17.50322],
        [79.55938, 17.50319],
        [79.55959, 17.50302],
        [79.55964, 17.50298],
        [79.55958, 17.5025],
        [79.55953, 17.50237],
        [79.55966, 17.50236],
        [79.55964, 17.50223],
        [79.5607, 17.50203],
        [79.56067, 17.50148],
        [79.56064, 17.50114],
        [79.56049, 17.50078],
        [79.56043, 17.49983],
        [79.56042, 17.49978],
        [79.56042, 17.49972],
        [79.56041, 17.49969],
        [79.56023, 17.4991],
        [79.56021, 17.49904],
        [79.56141, 17.49924],
        [79.56167, 17.4992],
        [79.56181, 17.49892],
        [79.56246, 17.49878],
        [79.56251, 17.49901],
        [79.56264, 17.49897],
        [79.56331, 17.49876],
        [79.56405, 17.49842],
        [79.56478, 17.49806],
        [79.56489, 17.49801],
        [79.5649, 17.498],
        [79.56492, 17.49799],
        [79.56493, 17.49799],
        [79.56515, 17.49809],
        [79.5652, 17.49812],
        [79.56584, 17.49841],
        [79.56587, 17.49842],
        [79.56613, 17.49854],
        [79.5662, 17.49857],
        [79.56696, 17.49888],
        [79.56695, 17.49895],
        [79.56735, 17.4994],
        [79.56742, 17.49941],
        [79.56754, 17.49943],
        [79.56856, 17.49959],
        [79.56875, 17.49965],
        [79.56893, 17.49971],
        [79.56894, 17.49975],
        [79.56895, 17.49979],
        [79.56897, 17.49982],
        [79.56908, 17.50021],
        [79.56928, 17.50088],
        [79.56937, 17.50118],
        [79.56942, 17.50129],
        [79.56943, 17.50132],
        [79.56944, 17.50133],
        [79.56954, 17.50155],
        [79.56955, 17.50159],
        [79.56983, 17.5022],
        [79.57002, 17.50232],
        [79.57014, 17.50239],
        [79.57021, 17.50243],
        [79.57082, 17.50281],
        [79.57085, 17.50281],
        [79.57109, 17.50281],
        [79.57133, 17.50282],
        [79.57196, 17.50303],
        [79.57283, 17.50338],
        [79.57296, 17.50341],
        [79.57313, 17.50344],
        [79.57351, 17.50351],
        [79.57371, 17.50354],
        [79.57408, 17.50359],
        [79.57421, 17.50375],
        [79.57423, 17.50377],
        [79.57425, 17.50379],
        [79.57445, 17.50405],
        [79.57492, 17.50418],
        [79.57593, 17.50446],
        [79.57625, 17.50465],
        [79.57633, 17.5047],
        [79.57648, 17.50479],
        [79.57779, 17.50549],
        [79.57815, 17.50528],
        [79.57823, 17.50524],
        [79.57954, 17.50448],
        [79.57964, 17.50442],
        [79.57981, 17.50432],
        [79.58083, 17.50374],
        [79.58087, 17.50369],
        [79.58177, 17.50338],
        [79.58187, 17.5036],
        [79.58196, 17.50379],
        [79.58252, 17.50364],
        [79.58315, 17.50346],
        [79.58343, 17.50379],
        [79.58394, 17.50365],
        [79.58444, 17.50352],
        [79.58529, 17.50334],
        [79.5854, 17.50331],
        [79.58592, 17.50321],
        [79.58616, 17.50315],
        [79.5864, 17.50304],
        [79.5867, 17.5029],
        [79.58717, 17.50267],
        [79.58723, 17.50265],
        [79.58768, 17.50243],
        [79.58784, 17.50236],
        [79.58812, 17.50223],
        [79.58838, 17.50211],
        [79.58841, 17.5021],
        [79.58855, 17.50203],
        [79.58881, 17.50192],
        [79.5889, 17.50187],
        [79.589, 17.50182],
        [79.58954, 17.50157],
        [79.58957, 17.50155],
        [79.58977, 17.50145],
        [79.5898, 17.50144],
        [79.5901, 17.5013],
        [79.59013, 17.50128],
        [79.5906, 17.50106],
        [79.59079, 17.50097],
        [79.5908, 17.50096],
        [79.59088, 17.50093],
        [79.59114, 17.5008],
        [79.59119, 17.50078],
        [79.59127, 17.50074],
        [79.59146, 17.50064],
        [79.59147, 17.50064],
        [79.5915, 17.50062],
        [79.59195, 17.5004],
        [79.59213, 17.50031],
        [79.5924, 17.50018],
        [79.59314, 17.49981],
        [79.59445, 17.49915],
        [79.59452, 17.49912],
        [79.59461, 17.49907],
        [79.59477, 17.49899],
        [79.59505, 17.49886],
        [79.59515, 17.4988],
        [79.59576, 17.4985],
        [79.59579, 17.49849],
        [79.59583, 17.49847],
        [79.59609, 17.49834],
        [79.59646, 17.49825],
        [79.59569, 17.50023],
        [79.59546, 17.50063],
        [79.59512, 17.50122],
        [79.59501, 17.50235],
        [79.59499, 17.50248],
        [79.59492, 17.50308],
        [79.59481, 17.50391],
        [79.59478, 17.50415],
        [79.59473, 17.50458],
        [79.59462, 17.50476],
        [79.59454, 17.5049],
        [79.59454, 17.50491],
        [79.59425, 17.50722],
        [79.59422, 17.50747],
        [79.5942, 17.50768],
        [79.59408, 17.50865],
        [79.594, 17.50968],
        [79.59396, 17.51018],
        [79.59392, 17.51074],
        [79.59356, 17.51126],
        [79.59345, 17.5115],
        [79.59321, 17.51193],
        [79.59273, 17.51282],
        [79.59246, 17.51332],
        [79.59184, 17.51495],
        [79.5913, 17.51599],
        [79.5911, 17.51638],
        [79.59105, 17.51649],
        [79.59106, 17.51668],
        [79.59107, 17.5169],
        [79.59108, 17.51703],
        [79.59111, 17.51711],
        [79.59164, 17.51901],
        [79.59145, 17.51919],
        [79.59091, 17.51954],
        [79.59038, 17.51975],
        [79.58955, 17.52007],
        [79.59009, 17.52106],
        [79.59034, 17.52151],
        [79.59064, 17.52141],
        [79.59069, 17.52191],
        [79.59076, 17.52256],
        [79.59139, 17.523],
        [79.59055, 17.52378],
        [79.59048, 17.52384],
        [79.59024, 17.52407],
        [79.59025, 17.52411],
        [79.59025, 17.52412],
        [79.59022, 17.52412],
        [79.59034, 17.52653],
        [79.59039, 17.52839],
        [79.5904, 17.52841],
        [79.59065, 17.52924],
        [79.59072, 17.52945],
        [79.59091, 17.52946],
        [79.59108, 17.52946],
        [79.59158, 17.52947],
        [79.5919, 17.52912],
        [79.59254, 17.52919],
        [79.59261, 17.52887],
        [79.5927, 17.52848],
        [79.59289, 17.52767],
        [79.59313, 17.52693],
        [79.59355, 17.52697],
        [79.5937, 17.52711],
        [79.59385, 17.52725],
        [79.59423, 17.52681],
        [79.5945, 17.52665],
        [79.59522, 17.52607],
        [79.59479, 17.52583],
        [79.59432, 17.52552],
        [79.59462, 17.52506],
        [79.59492, 17.52486],
        [79.59519, 17.52468],
        [79.59592, 17.52419],
        [79.596, 17.52414],
        [79.59607, 17.52409],
        [79.59611, 17.524],
        [79.59657, 17.52304],
        [79.59677, 17.52264],
        [79.59681, 17.52256],
        [79.59685, 17.52248],
        [79.59712, 17.52192],
        [79.59713, 17.52192],
        [79.59774, 17.52067],
        [79.5978, 17.52054],
        [79.59787, 17.52039],
        [79.59838, 17.51936],
        [79.59886, 17.5185],
        [79.59894, 17.51836],
        [79.59925, 17.5178],
        [79.59961, 17.51716],
        [79.5996, 17.51625],
        [79.59959, 17.51562],
        [79.59959, 17.51552],
        [79.59971, 17.51447],
        [79.59976, 17.51407],
        [79.59978, 17.51393],
        [79.59979, 17.51382],
        [79.59981, 17.51368],
        [79.59966, 17.51355],
        [79.59953, 17.51343],
        [79.59915, 17.51223],
        [79.59904, 17.51189],
        [79.59914, 17.51183],
        [79.59913, 17.51178],
        [79.59911, 17.51171],
        [79.59907, 17.51156],
        [79.59962, 17.51103],
        [79.59989, 17.51077],
        [79.60082, 17.50987],
        [79.60109, 17.50961],
        [79.60108, 17.50954],
        [79.60158, 17.50836],
        [79.60159, 17.50835],
        [79.60177, 17.50807],
        [79.60184, 17.50797],
        [79.6029, 17.50637],
        [79.60318, 17.50532],
        [79.60325, 17.50506],
        [79.60332, 17.50481],
        [79.60328, 17.50474],
        [79.60321, 17.50458],
        [79.6032, 17.50451],
        [79.60311, 17.50398],
        [79.60308, 17.50382],
        [79.60314, 17.50346],
        [79.60317, 17.50328],
        [79.60332, 17.50234],
        [79.60328, 17.50219],
        [79.60328, 17.50218],
        [79.60302, 17.50108],
        [79.60277, 17.50028],
        [79.60275, 17.50023],
        [79.60269, 17.50004],
        [79.60265, 17.49992],
        [79.60247, 17.49934],
        [79.60244, 17.49924],
        [79.60251, 17.49923],
        [79.60235, 17.49851],
        [79.60231, 17.49831],
        [79.60202, 17.49761],
        [79.60213, 17.49744],
        [79.60216, 17.49738],
        [79.60235, 17.4974],
        [79.60242, 17.49741],
        [79.60296, 17.49745],
        [79.60327, 17.49741],
        [79.60338, 17.49739],
        [79.60349, 17.49746],
        [79.60424, 17.49797],
        [79.60448, 17.49817],
        [79.60511, 17.49808],
        [79.60546, 17.49793],
        [79.60567, 17.49784],
        [79.60599, 17.4977],
        [79.60702, 17.49742],
        [79.60733, 17.49724],
        [79.60776, 17.49698],
        [79.60782, 17.49695],
        [79.60801, 17.49683],
        [79.60819, 17.49677],
        [79.60853, 17.49666],
        [79.60922, 17.49652],
        [79.60966, 17.49626],
        [79.61018, 17.49617],
        [79.6105, 17.49629],
        [79.61082, 17.49618],
        [79.61116, 17.49608],
        [79.6116, 17.4958],
        [79.61206, 17.49608],
        [79.61238, 17.49644],
        [79.6124, 17.49646],
        [79.61291, 17.49659],
        [79.61296, 17.4966],
        [79.61301, 17.49661],
        [79.61344, 17.49668],
        [79.61348, 17.49669],
        [79.61352, 17.49669],
        [79.61375, 17.49673],
        [79.61426, 17.49681],
        [79.61431, 17.49682],
        [79.61436, 17.4969],
        [79.61444, 17.49702],
        [79.61445, 17.49703],
        [79.61449, 17.4971],
        [79.6145, 17.49711],
        [79.61451, 17.4971],
        [79.61465, 17.49716],
        [79.6147, 17.49718],
        [79.61519, 17.49739],
        [79.61541, 17.49745],
        [79.61548, 17.49747],
        [79.6155, 17.49747],
        [79.61638, 17.4977],
        [79.61684, 17.49782],
        [79.61704, 17.4979],
        [79.61714, 17.49794],
        [79.61733, 17.49802],
        [79.61732, 17.49811],
        [79.618, 17.49845],
        [79.61819, 17.49855],
        [79.61874, 17.49882],
        [79.62017, 17.49908],
        [79.62037, 17.4991],
        [79.62077, 17.49912],
        [79.62139, 17.49916],
        [79.62311, 17.49882],
        [79.62317, 17.49872],
        [79.62335, 17.49857],
        [79.62369, 17.49828],
        [79.62393, 17.49787],
        [79.62498, 17.49723],
        [79.62538, 17.49689],
        [79.62706, 17.49533],
        [79.62755, 17.49374],
        [79.6277, 17.49307],
        [79.62785, 17.49215],
        [79.62796, 17.49205],
        [79.62828, 17.49177],
        [79.62838, 17.49169],
        [79.62872, 17.49139],
        [79.62931, 17.49069],
        [79.62982, 17.49046],
        [79.6302, 17.49029],
        [79.63029, 17.49025],
        [79.63042, 17.49022],
        [79.63136, 17.4899],
        [79.63177, 17.48977],
        [79.63332, 17.48892],
        [79.63397, 17.48857],
        [79.6342, 17.48844],
        [79.63642, 17.48723],
        [79.63724, 17.48682],
        [79.63753, 17.48663],
        [79.63766, 17.4865],
        [79.63891, 17.48584],
        [79.63988, 17.48567],
        [79.64049, 17.48601],
        [79.64077, 17.48615],
        [79.64177, 17.48664],
        [79.6428, 17.48715],
        [79.64289, 17.48722],
        [79.64433, 17.48819],
        [79.64459, 17.48838],
        [79.64507, 17.48872],
        [79.64517, 17.48879],
        [79.64557, 17.48907],
        [79.64613, 17.48942],
        [79.64645, 17.48973],
        [79.64647, 17.48975],
        [79.64699, 17.49031],
        [79.64745, 17.49064],
        [79.64758, 17.49068],
        [79.64777, 17.49075],
        [79.64816, 17.49087],
        [79.64848, 17.49104],
        [79.64859, 17.49119],
        [79.64883, 17.49155],
        [79.64922, 17.49223],
        [79.6496, 17.49249],
        [79.64989, 17.4927],
        [79.65048, 17.49312],
        [79.65108, 17.49317],
        [79.65113, 17.49318],
        [79.65166, 17.49323],
        [79.6519, 17.4932],
        [79.65216, 17.49318],
        [79.65225, 17.49314],
        [79.65226, 17.49314],
        [79.6527, 17.49309],
        [79.65279, 17.49307],
        [79.6539, 17.49297],
        [79.65459, 17.49306],
        [79.6546, 17.49307],
        [79.65561, 17.49414],
        [79.65563, 17.49416],
        [79.65573, 17.49421],
        [79.65588, 17.4943],
        [79.65599, 17.49437],
        [79.65614, 17.49447],
        [79.65635, 17.49377],
        [79.65636, 17.49373],
        [79.65642, 17.49354],
        [79.65648, 17.49333],
        [79.65649, 17.49323],
        [79.6566, 17.49312],
        [79.65669, 17.49302],
        [79.65681, 17.49282],
        [79.65811, 17.49075],
        [79.65818, 17.49064],
        [79.65811, 17.49052],
        [79.65791, 17.49011],
        [79.65787, 17.49003],
        [79.65792, 17.48999],
        [79.65751, 17.48997],
        [79.65778, 17.48936],
        [79.65783, 17.48917],
        [79.65797, 17.4885],
        [79.6582, 17.4882],
        [79.65835, 17.48814],
        [79.65839, 17.48813],
        [79.65848, 17.48809],
        [79.65849, 17.48809],
        [79.65872, 17.48791],
        [79.65872, 17.48781],
        [79.65868, 17.48656],
        [79.65867, 17.48652],
        [79.65867, 17.48629],
        [79.65866, 17.48629],
        [79.6586, 17.48619],
        [79.65862, 17.48599],
        [79.65865, 17.48574],
        [79.65868, 17.4855],
        [79.65864, 17.4855],
        [79.65869, 17.4853],
        [79.65876, 17.48498],
        [79.65869, 17.485],
        [79.65875, 17.48471],
        [79.65877, 17.48463],
        [79.65866, 17.48411],
        [79.65862, 17.48368],
        [79.6586, 17.48357],
        [79.65859, 17.48349],
        [79.65851, 17.48309],
        [79.65828, 17.48178],
        [79.65827, 17.48167],
        [79.65802, 17.48166],
        [79.65796, 17.48165],
        [79.65799, 17.48153],
        [79.65798, 17.4815],
        [79.65793, 17.48126],
        [79.65789, 17.48104],
        [79.65775, 17.48035],
        [79.65759, 17.47959],
        [79.65757, 17.4795],
        [79.65752, 17.47924],
        [79.65744, 17.47885],
        [79.65743, 17.47877],
        [79.65743, 17.47867],
        [79.65737, 17.47801],
        [79.65735, 17.47768],
        [79.65733, 17.47741],
        [79.6573, 17.47721],
        [79.65725, 17.47688],
        [79.65716, 17.47645],
        [79.65696, 17.47592],
        [79.65688, 17.47562],
        [79.65683, 17.47511],
        [79.65682, 17.47503],
        [79.6568, 17.4749],
        [79.65664, 17.47355],
        [79.65668, 17.47344],
        [79.65698, 17.4728],
        [79.65704, 17.47265],
        [79.65703, 17.47253],
        [79.65697, 17.47121],
        [79.65698, 17.47097],
        [79.65698, 17.47094],
        [79.65736, 17.47087],
        [79.65838, 17.47069],
        [79.65859, 17.47066],
        [79.66007, 17.47039],
        [79.66005, 17.47025],
        [79.66035, 17.47005],
        [79.66099, 17.46957],
        [79.66157, 17.46914],
        [79.66168, 17.46906],
        [79.6621, 17.46866],
        [79.66248, 17.46829],
        [79.66392, 17.46714],
        [79.66418, 17.46714],
        [79.66433, 17.46714],
        [79.66644, 17.4671],
        [79.66665, 17.46703],
        [79.66759, 17.46672],
        [79.66854, 17.46637],
        [79.66893, 17.46623],
        [79.66898, 17.46622],
        [79.66899, 17.46621],
        [79.66909, 17.46617],
        [79.66925, 17.46611],
        [79.66939, 17.46606],
        [79.66953, 17.466],
        [79.66981, 17.4659],
        [79.67007, 17.4658],
        [79.67015, 17.46577],
        [79.67033, 17.4657],
        [79.67054, 17.46562],
        [79.6707, 17.46554],
        [79.67079, 17.4655],
        [79.67106, 17.46538],
        [79.67173, 17.46507],
        [79.67257, 17.46467],
        [79.67265, 17.46464],
        [79.67343, 17.46404],
        [79.67396, 17.46377],
        [79.67425, 17.46347],
        [79.67434, 17.46338],
        [79.67436, 17.46335],
        [79.67439, 17.46327],
        [79.6744, 17.46324],
        [79.6744, 17.46305],
        [79.67508, 17.46276],
        [79.67548, 17.46259],
        [79.67585, 17.46241],
        [79.67602, 17.46199],
        [79.67603, 17.46199],
        [79.67665, 17.46151],
        [79.67671, 17.46146],
        [79.67683, 17.46136],
        [79.67698, 17.46128],
        [79.67713, 17.4612],
        [79.67762, 17.46092],
        [79.67766, 17.4609],
        [79.6779, 17.46078],
        [79.67878, 17.46033],
        [79.67885, 17.4603],
        [79.67961, 17.45982],
        [79.6798, 17.4597],
        [79.68055, 17.45924],
        [79.68066, 17.45918],
        [79.68078, 17.45911],
        [79.68117, 17.4589],
        [79.68122, 17.45893],
        [79.68138, 17.45905],
        [79.68147, 17.45899],
        [79.68188, 17.45871],
        [79.68198, 17.45864],
        [79.682, 17.45863],
        [79.68327, 17.45806],
        [79.68329, 17.45804],
        [79.68357, 17.4579],
        [79.68375, 17.4578],
        [79.68591, 17.45667],
        [79.68592, 17.45667],
        [79.68803, 17.45551],
        [79.68836, 17.45539],
        [79.6886, 17.4553],
        [79.69002, 17.45493],
        [79.69033, 17.45496],
        [79.69094, 17.4548],
        [79.69159, 17.455],
        [79.69209, 17.45539],
        [79.69188, 17.45581],
        [79.69282, 17.45577],
        [79.69344, 17.45574],
        [79.6939, 17.45562],
        [79.69431, 17.45551],
        [79.69441, 17.45548],
        [79.69444, 17.45547],
        [79.69451, 17.45545],
        [79.69577, 17.45558],
        [79.69702, 17.4557],
        [79.69716, 17.45567],
        [79.6974, 17.4556],
        [79.69768, 17.45592],
        [79.69844, 17.45592],
        [79.69878, 17.45589],
        [79.69889, 17.45588],
        [79.69897, 17.45591],
        [79.69939, 17.45603],
        [79.69955, 17.45607],
        [79.69969, 17.45611],
        [79.69983, 17.45581],
        [79.70017, 17.45563],
        [79.70015, 17.45541],
        [79.70013, 17.4552],
        [79.70004, 17.45425],
        [79.69995, 17.45336],
        [79.69984, 17.45261],
        [79.6998, 17.45239],
        [79.69973, 17.45191],
        [79.69967, 17.45152],
        [79.69949, 17.45085],
        [79.69943, 17.45062],
        [79.69958, 17.45043],
        [79.70008, 17.44982],
        [79.70002, 17.44946],
        [79.69988, 17.44953],
        [79.69963, 17.44811],
        [79.70046, 17.4478],
        [79.70124, 17.44758],
        [79.7016, 17.44748],
        [79.70161, 17.44748],
        [79.7017, 17.44731],
        [79.70189, 17.44696],
        [79.702, 17.44692],
        [79.70259, 17.44665],
        [79.70273, 17.44658],
        [79.70308, 17.44634],
        [79.70368, 17.44558],
        [79.70379, 17.44543],
        [79.70474, 17.4449],
        [79.70513, 17.44508],
        [79.70528, 17.44515],
        [79.70549, 17.44524],
        [79.70597, 17.44559],
        [79.70658, 17.44658],
        [79.70664, 17.44668],
        [79.7069, 17.44708],
        [79.70695, 17.44716],
        [79.70814, 17.44603],
        [79.70828, 17.44595],
        [79.71113, 17.44435],
        [79.71124, 17.44424],
        [79.71142, 17.44408],
        [79.71162, 17.4439],
        [79.71164, 17.44389],
        [79.71228, 17.44334],
        [79.71243, 17.44322],
        [79.71249, 17.44308],
        [79.7137, 17.44025],
        [79.7138, 17.44016],
        [79.71586, 17.43844],
        [79.71666, 17.43745],
        [79.71667, 17.43744],
        [79.71676, 17.43733],
        [79.71685, 17.43722],
        [79.71686, 17.43721],
        [79.71688, 17.43718],
        [79.71689, 17.43717],
        [79.71826, 17.43494],
        [79.71832, 17.43473],
        [79.71977, 17.4333],
        [79.72061, 17.43251],
        [79.72095, 17.43219],
        [79.72137, 17.43178],
        [79.72163, 17.43154],
        [79.7218, 17.43138],
        [79.72253, 17.43069],
        [79.72258, 17.43067],
        [79.72259, 17.43067],
        [79.72261, 17.43066],
        [79.72296, 17.43051],
        [79.72378, 17.43017],
        [79.72523, 17.42968],
        [79.72529, 17.42966],
        [79.72572, 17.42952],
        [79.72585, 17.42948],
        [79.72613, 17.42935],
        [79.72762, 17.42862],
        [79.72847, 17.42846],
        [79.72897, 17.42823],
        [79.72918, 17.42816],
        [79.72969, 17.42816],
        [79.73022, 17.42816],
        [79.73071, 17.42816],
        [79.73129, 17.42817],
        [79.73171, 17.42878],
        [79.73219, 17.4288],
        [79.73342, 17.42883],
        [79.73487, 17.42939],
        [79.73534, 17.42957],
        [79.73586, 17.42963],
        [79.73596, 17.42964],
        [79.7369, 17.42973],
        [79.73705, 17.42974],
        [79.73756, 17.42974],
        [79.73779, 17.42975],
        [79.73801, 17.42975],
        [79.73831, 17.4292],
        [79.73967, 17.42913],
        [79.73971, 17.42913],
        [79.74011, 17.4291],
        [79.74031, 17.42909],
        [79.74046, 17.42908],
        [79.74055, 17.42907],
        [79.74072, 17.42906],
        [79.7425, 17.42895],
        [79.74301, 17.42891],
        [79.74372, 17.42887],
        [79.74385, 17.42884],
        [79.74393, 17.42893],
        [79.74464, 17.42969],
        [79.7451, 17.43018],
        [79.74541, 17.43052],
        [79.74548, 17.43062],
        [79.74558, 17.43069],
        [79.74633, 17.43145],
        [79.74712, 17.43256],
        [79.74716, 17.43268],
        [79.74725, 17.43278],
        [79.74757, 17.43322],
        [79.74793, 17.43372],
        [79.74825, 17.43415],
        [79.74835, 17.43429],
        [79.74843, 17.43444],
        [79.7485, 17.43453],
        [79.74935, 17.43598],
        [79.74939, 17.43604],
        [79.74941, 17.43606],
        [79.74942, 17.43607],
        [79.74996, 17.4366],
        [79.75006, 17.43667],
        [79.7501, 17.43674],
        [79.75017, 17.43683],
        [79.75026, 17.43697],
        [79.75039, 17.43715],
        [79.75075, 17.43766],
        [79.75086, 17.43779],
        [79.75088, 17.43783],
        [79.75096, 17.43778],
        [79.75164, 17.439],
        [79.75202, 17.43929],
        [79.75205, 17.43932],
        [79.75214, 17.43939],
        [79.75208, 17.43951],
        [79.75206, 17.43956],
        [79.75209, 17.43958],
        [79.75244, 17.43935],
        [79.75313, 17.4387],
        [79.75333, 17.43851],
        [79.75424, 17.43765],
        [79.75488, 17.43703],
        [79.75501, 17.43691],
        [79.7551, 17.43683],
        [79.75511, 17.43682],
        [79.75543, 17.43651],
        [79.75548, 17.43655],
        [79.75681, 17.43511],
        [79.75707, 17.43484],
        [79.75765, 17.43412],
        [79.75805, 17.43363],
        [79.75851, 17.43306],
        [79.75852, 17.43304],
        [79.75915, 17.43207],
        [79.76021, 17.43169],
        [79.76064, 17.43139],
        [79.7608, 17.43128],
        [79.76105, 17.43105],
        [79.76118, 17.43091],
        [79.76131, 17.43077],
        [79.76147, 17.43061],
        [79.76148, 17.43062],
        [79.76171, 17.43034],
        [79.76182, 17.43022],
        [79.7618, 17.43007],
        [79.7613, 17.42855],
        [79.76123, 17.42846],
        [79.76073, 17.42732],
        [79.7607, 17.42705],
        [79.76059, 17.42664],
        [79.76056, 17.42654],
        [79.7606, 17.42638],
        [79.76106, 17.42458],
        [79.76111, 17.42438],
        [79.76123, 17.42392],
        [79.76147, 17.42299],
        [79.76154, 17.42285],
        [79.76158, 17.42272],
        [79.76173, 17.42146],
        [79.76173, 17.42131],
        [79.76173, 17.42118],
        [79.76184, 17.42023],
        [79.76206, 17.41981],
        [79.76212, 17.41967],
        [79.76216, 17.41955],
        [79.76291, 17.41672],
        [79.76292, 17.41658],
        [79.76299, 17.41643],
        [79.76325, 17.41549],
        [79.76326, 17.41532],
        [79.76333, 17.41514],
        [79.76336, 17.41502],
        [79.76318, 17.41469],
        [79.76184, 17.41205],
        [79.76176, 17.41191],
        [79.7618, 17.41175],
        [79.76219, 17.40999],
        [79.76256, 17.40765],
        [79.76302, 17.40748],
        [79.76479, 17.40717],
        [79.76666, 17.4067],
        [79.76769, 17.40621],
        [79.76809, 17.40595],
        [79.76814, 17.40546],
        [79.76836, 17.40531],
        [79.76857, 17.40493],
        [79.7687, 17.4047],
        [79.76924, 17.40375],
        [79.76988, 17.40236],
        [79.77053, 17.40176],
        [79.771, 17.40159],
        [79.77056, 17.40112],
        [79.77067, 17.40075],
        [79.77047, 17.40047],
        [79.77068, 17.40039],
        [79.77102, 17.39999],
        [79.77185, 17.39949],
        [79.77221, 17.39923],
        [79.77244, 17.39957],
        [79.77323, 17.40075],
        [79.77497, 17.40346],
        [79.77554, 17.40297],
        [79.77616, 17.40296],
        [79.77721, 17.40234],
        [79.77815, 17.40233],
        [79.7794, 17.40194],
        [79.78121, 17.40164],
        [79.78153, 17.40145],
        [79.78243, 17.40123],
        [79.78351, 17.40143],
        [79.78402, 17.40153],
        [79.78465, 17.40165],
        [79.78554, 17.40133],
        [79.78725, 17.40119],
        [79.78874, 17.39989],
        [79.78912, 17.39838],
        [79.78962, 17.39802],
        [79.79014, 17.39772],
        [79.79056, 17.39798],
        [79.79119, 17.39782],
        [79.79092, 17.39733],
        [79.79142, 17.39708],
        [79.79161, 17.39659],
        [79.79184, 17.39649],
        [79.79293, 17.39622],
        [79.79396, 17.39536],
        [79.79442, 17.39503],
        [79.79501, 17.39453],
        [79.79595, 17.39379],
        [79.79652, 17.39328],
        [79.79641, 17.39299],
        [79.79644, 17.39226],
        [79.79645, 17.39222],
        [79.79648, 17.39146],
        [79.79627, 17.39141],
        [79.79608, 17.39137],
        [79.79622, 17.3911],
        [79.7963, 17.39094],
        [79.79714, 17.39044],
        [79.79768, 17.39054],
        [79.79773, 17.38981],
        [79.79768, 17.38985],
        [79.79703, 17.3897],
        [79.79689, 17.38967],
        [79.79672, 17.38963],
        [79.79537, 17.38832],
        [79.79519, 17.38819],
        [79.79467, 17.38784],
        [79.79381, 17.38725],
        [79.79323, 17.38686],
        [79.79322, 17.38682],
        [79.79311, 17.38628],
        [79.79293, 17.38545],
        [79.79267, 17.38518],
        [79.79166, 17.38413],
        [79.79161, 17.38408],
        [79.79097, 17.38341],
        [79.79082, 17.38348],
        [79.78941, 17.38414],
        [79.78939, 17.38415],
        [79.78935, 17.38406],
        [79.78929, 17.3839],
        [79.78923, 17.38391],
        [79.78797, 17.3842],
        [79.78796, 17.3842],
        [79.78793, 17.38421],
        [79.78789, 17.38416],
        [79.78782, 17.38407],
        [79.7873, 17.38439],
        [79.78725, 17.38431],
        [79.78718, 17.3842],
        [79.78691, 17.38364],
        [79.78687, 17.38354],
        [79.78683, 17.38345],
        [79.78554, 17.38321],
        [79.78553, 17.38327],
        [79.78551, 17.38342],
        [79.78548, 17.38359],
        [79.78505, 17.38275],
        [79.78494, 17.38254],
        [79.78489, 17.38244],
        [79.78465, 17.38197],
        [79.78451, 17.38196],
        [79.78435, 17.38195],
        [79.78345, 17.38186],
        [79.78344, 17.38186],
        [79.7828, 17.38155],
        [79.78279, 17.38154],
        [79.78261, 17.3814],
        [79.7825, 17.38124],
        [79.78233, 17.38099],
        [79.78193, 17.38093],
        [79.78178, 17.38091],
        [79.78163, 17.38089],
        [79.78033, 17.38082],
        [79.78014, 17.38084],
        [79.78019, 17.38066],
        [79.7801, 17.38065],
        [79.78019, 17.38047],
        [79.78037, 17.38006],
        [79.78018, 17.37969],
        [79.78007, 17.37947],
        [79.77996, 17.37926],
        [79.77973, 17.37902],
        [79.77911, 17.37741],
        [79.77891, 17.37613],
        [79.77871, 17.37545],
        [79.77858, 17.3746],
        [79.77857, 17.37447],
        [79.77856, 17.37437],
        [79.77851, 17.37359],
        [79.7785, 17.37334],
        [79.77841, 17.37316],
        [79.77817, 17.37262],
        [79.77808, 17.37243],
        [79.7779, 17.37203],
        [79.77769, 17.37155],
        [79.77732, 17.37046],
        [79.77716, 17.36999],
        [79.77683, 17.3701],
        [79.77681, 17.37007],
        [79.77643, 17.36961],
        [79.77632, 17.36953],
        [79.77816, 17.36826],
        [79.7783, 17.36813],
        [79.77864, 17.36784],
        [79.77996, 17.36697],
        [79.78015, 17.36669],
        [79.78057, 17.36631],
        [79.78115, 17.3658],
        [79.78123, 17.36573],
        [79.78125, 17.36566],
        [79.78126, 17.36561],
        [79.7813, 17.36548],
        [79.78164, 17.36493],
        [79.78172, 17.3648],
        [79.78203, 17.3643],
        [79.78452, 17.3625],
        [79.78583, 17.36155],
        [79.78613, 17.36134],
        [79.78653, 17.36104],
        [79.78847, 17.35928],
        [79.78883, 17.35895],
        [79.79009, 17.3578],
        [79.79104, 17.35694],
        [79.79143, 17.35658],
        [79.79199, 17.35625],
        [79.79228, 17.35608],
        [79.79229, 17.35608],
        [79.79249, 17.35596],
        [79.79339, 17.35573],
        [79.79351, 17.3557],
        [79.79405, 17.35556],
        [79.7942, 17.35552],
        [79.79444, 17.35544],
        [79.795, 17.35527],
        [79.79571, 17.35506],
        [79.79578, 17.35504],
        [79.79599, 17.35495],
        [79.79589, 17.35457],
        [79.79555, 17.35379],
        [79.79534, 17.35326],
        [79.79529, 17.35313],
        [79.7945, 17.35109],
        [79.79475, 17.35102],
        [79.7946, 17.35022],
        [79.79453, 17.34993],
        [79.79451, 17.34884],
        [79.79453, 17.34844],
        [79.79455, 17.34797],
        [79.79455, 17.34788],
        [79.7946, 17.34672],
        [79.7945, 17.34669],
        [79.79438, 17.34666],
        [79.7945, 17.34645],
        [79.79462, 17.34623],
        [79.79464, 17.34599],
        [79.79458, 17.34563],
        [79.79453, 17.34527],
        [79.79448, 17.34413],
        [79.79428, 17.34274],
        [79.79421, 17.3425],
        [79.79397, 17.34157],
        [79.79389, 17.34128],
        [79.79381, 17.341],
        [79.79368, 17.34081],
        [79.79364, 17.34074],
        [79.79281, 17.33909],
        [79.79227, 17.33798],
        [79.79212, 17.33815],
        [79.79215, 17.33795],
        [79.79217, 17.33775],
        [79.79219, 17.33762],
        [79.79243, 17.33554],
        [79.79257, 17.33516],
        [79.79264, 17.33449],
        [79.79264, 17.33441],
        [79.79264, 17.33404],
        [79.79269, 17.33396],
        [79.79278, 17.33382],
        [79.79357, 17.33266],
        [79.79361, 17.33259],
        [79.79375, 17.33207],
        [79.7938, 17.33191],
        [79.79401, 17.33113],
        [79.79406, 17.33095],
        [79.79367, 17.32883],
        [79.7929, 17.32692],
        [79.79275, 17.32657],
        [79.793, 17.32642],
        [79.79249, 17.32625],
        [79.79256, 17.32615],
        [79.79248, 17.32594],
        [79.79247, 17.32583],
        [79.79251, 17.32583],
        [79.79249, 17.32547],
        [79.79254, 17.32529],
        [79.79283, 17.32524],
        [79.79286, 17.32523],
        [79.79384, 17.32503],
        [79.79388, 17.325],
        [79.79429, 17.32473],
        [79.79496, 17.32429],
        [79.79533, 17.32429],
        [79.79536, 17.3244],
        [79.79537, 17.32442],
        [79.79538, 17.32447],
        [79.79541, 17.32454],
        [79.79544, 17.32464],
        [79.79657, 17.32464],
        [79.79672, 17.32456],
        [79.79736, 17.32421],
        [79.79761, 17.32407],
        [79.79935, 17.32361],
        [79.79994, 17.32349],
        [79.80006, 17.32346],
        [79.80047, 17.32337],
        [79.80143, 17.32316],
        [79.80183, 17.32312],
        [79.80354, 17.32304],
        [79.80374, 17.32303],
        [79.80352, 17.32243],
        [79.80339, 17.32209],
        [79.80334, 17.32195],
        [79.80367, 17.32184],
        [79.80401, 17.32173],
        [79.80396, 17.32162],
        [79.80326, 17.32023],
        [79.80326, 17.32022],
        [79.80256, 17.3185],
        [79.8025, 17.31837],
        [79.80244, 17.31824],
        [79.8024, 17.31756],
        [79.80245, 17.31668],
        [79.80228, 17.3162],
        [79.80207, 17.31557],
        [79.80184, 17.31501],
        [79.80197, 17.3147],
        [79.80142, 17.3147],
        [79.8014, 17.31439],
        [79.80132, 17.31305],
        [79.80125, 17.31195],
        [79.80143, 17.31155],
        [79.80207, 17.31005],
        [79.80212, 17.30991],
        [79.80247, 17.30952],
        [79.80384, 17.30794],
        [79.80421, 17.30749],
        [79.80421, 17.30748],
        [79.8055, 17.30589],
        [79.80553, 17.30586],
        [79.80684, 17.30488],
        [79.80727, 17.30361],
        [79.80735, 17.30365],
        [79.80793, 17.30381],
        [79.80848, 17.3014],
        [79.80849, 17.30137],
        [79.80853, 17.30119],
        [79.8086, 17.30086],
        [79.80801, 17.30031],
        [79.80618, 17.30097],
        [79.80465, 17.30089],
        [79.8037, 17.30083],
        [79.80211, 17.3014],
        [79.80081, 17.3025],
        [79.80021, 17.30301],
        [79.79978, 17.3025],
        [79.79887, 17.30314],
        [79.79853, 17.30333],
        [79.79824, 17.30201],
        [79.79817, 17.30202],
        [79.79816, 17.30202],
        [79.79747, 17.30215],
        [79.79637, 17.30236],
        [79.79593, 17.30211],
        [79.79584, 17.30206],
        [79.79529, 17.30197],
        [79.79516, 17.30229],
        [79.79453, 17.30223],
        [79.79426, 17.30224],
        [79.79392, 17.30225],
        [79.79204, 17.3024],
        [79.79137, 17.30375],
        [79.79149, 17.30441],
        [79.79091, 17.3046],
        [79.79097, 17.30496],
        [79.79098, 17.30531],
        [79.79073, 17.30644],
        [79.79003, 17.30689],
        [79.7897, 17.30694],
        [79.78959, 17.30656],
        [79.78865, 17.30684],
        [79.78802, 17.30859],
        [79.78709, 17.30906],
        [79.78677, 17.30968],
        [79.78657, 17.31005],
        [79.78539, 17.31066],
        [79.78511, 17.31131],
        [79.785, 17.31157],
        [79.78489, 17.31183],
        [79.78202, 17.31326],
        [79.78183, 17.31333],
        [79.78163, 17.3134],
        [79.78138, 17.31349],
        [79.77894, 17.31492],
        [79.77894, 17.31493],
        [79.77867, 17.31509],
        [79.77835, 17.31547],
        [79.77836, 17.31555],
        [79.77843, 17.31566],
        [79.77842, 17.31572],
        [79.77713, 17.31482],
        [79.77667, 17.31422],
        [79.77634, 17.31348],
        [79.77658, 17.31329],
        [79.77657, 17.31327],
        [79.77571, 17.31121],
        [79.77571, 17.31119],
        [79.77571, 17.31101],
        [79.77528, 17.31036],
        [79.77527, 17.31034],
        [79.77532, 17.31032],
        [79.77541, 17.31027],
        [79.7754, 17.31025],
        [79.7747, 17.30869],
        [79.77467, 17.30861],
        [79.7734, 17.309],
        [79.7728, 17.30809],
        [79.77285, 17.30768],
        [79.77247, 17.30681],
        [79.77148, 17.307],
        [79.77144, 17.30684],
        [79.77139, 17.30665],
        [79.77136, 17.30654],
        [79.77125, 17.30642],
        [79.77124, 17.30641],
        [79.77097, 17.30608],
        [79.77087, 17.30567],
        [79.77059, 17.30479],
        [79.77128, 17.30454],
        [79.77041, 17.30196],
        [79.77026, 17.3013],
        [79.76954, 17.3016],
        [79.76939, 17.30128],
        [79.77103, 17.29971],
        [79.77204, 17.2995],
        [79.77175, 17.29868],
        [79.77121, 17.29733],
        [79.77094, 17.29738],
        [79.77077, 17.29742],
        [79.77001, 17.29759],
        [79.76918, 17.29791],
        [79.76893, 17.29844],
        [79.76711, 17.2989],
        [79.7671, 17.29904],
        [79.76642, 17.29937],
        [79.76576, 17.2998],
        [79.76491, 17.30048],
        [79.7641, 17.30068],
        [79.76409, 17.30068],
        [79.76378, 17.30082],
        [79.76359, 17.30098],
        [79.76357, 17.30099],
        [79.76338, 17.30107],
        [79.76319, 17.30114],
        [79.76312, 17.30117],
        [79.76254, 17.3014],
        [79.76241, 17.30146],
        [79.76213, 17.30157],
        [79.76194, 17.30163],
        [79.7619, 17.30164],
        [79.76043, 17.30231],
        [79.75985, 17.30257],
        [79.75976, 17.30261],
        [79.75962, 17.30266],
        [79.75939, 17.30233],
        [79.75915, 17.302],
        [79.75895, 17.30169],
        [79.75875, 17.30137],
        [79.75857, 17.30111],
        [79.75842, 17.30088],
        [79.7583, 17.30065],
        [79.75822, 17.30038],
        [79.75816, 17.30009],
        [79.75811, 17.29989],
        [79.758, 17.29945],
        [79.7579, 17.2991],
        [79.75784, 17.29879],
        [79.75775, 17.2984],
        [79.75769, 17.29805],
        [79.75516, 17.29826],
        [79.75414, 17.29866],
        [79.7534, 17.29917],
        [79.75195, 17.29992],
        [79.75069, 17.3002],
        [79.74976, 17.30014],
        [79.74721, 17.29947],
        [79.74583, 17.29904],
        [79.74423, 17.29888],
        [79.74283, 17.2991],
        [79.74125, 17.29951],
        [79.74063, 17.29994],
        [79.74059, 17.29995],
        [79.73811, 17.29989],
        [79.73795, 17.3004],
        [79.73789, 17.30041],
        [79.73754, 17.30036],
        [79.73612, 17.30015],
        [79.73477, 17.30052],
        [79.73383, 17.30099],
        [79.73269, 17.30144],
        [79.73063, 17.30179],
        [79.72959, 17.30185],
        [79.7257, 17.30262],
        [79.72436, 17.30299],
        [79.72259, 17.30303],
        [79.72107, 17.30375],
        [79.71577, 17.30351],
        [79.71465, 17.3039],
        [79.71455, 17.30406],
        [79.7142, 17.30433],
        [79.71213, 17.3048],
        [79.71213, 17.30481],
        [79.71102, 17.30506],
        [79.70961, 17.30537],
        [79.70807, 17.30574],
        [79.70664, 17.30568],
        [79.70601, 17.3055],
        [79.7057, 17.30513],
        [79.70537, 17.30525],
        [79.70391, 17.30496],
        [79.70378, 17.30504],
        [79.70339, 17.30485],
        [79.70153, 17.30575],
        [79.70039, 17.30557],
        [79.7001, 17.30591],
        [79.69901, 17.30645],
        [79.69902, 17.30676],
        [79.69881, 17.30743],
        [79.69829, 17.30761],
        [79.69801, 17.30777],
        [79.69773, 17.30765],
        [79.69787, 17.30809],
        [79.6974, 17.30815],
        [79.69684, 17.30795],
        [79.69617, 17.3082],
        [79.69576, 17.30816],
        [79.69416, 17.30872],
        [79.69178, 17.30862],
        [79.69184, 17.30839],
        [79.68981, 17.30853],
        [79.68855, 17.30959],
        [79.6871, 17.31005],
        [79.68616, 17.3104],
        [79.68569, 17.3103],
        [79.68432, 17.30815],
        [79.68371, 17.30752],
        [79.68299, 17.30736],
        [79.68166, 17.30785],
        [79.67963, 17.30781],
        [79.67955, 17.30731],
        [79.67896, 17.30657],
        [79.67785, 17.30637],
        [79.67692, 17.30669],
        [79.67618, 17.30654],
        [79.67568, 17.30644],
        [79.67392, 17.30694],
        [79.67253, 17.30671],
        [79.6703, 17.30784],
        [79.66857, 17.30828],
        [79.66789, 17.30799],
        [79.66501, 17.3076],
        [79.66356, 17.30643],
        [79.6634, 17.3067],
        [79.66281, 17.30625],
        [79.66021, 17.30519],
        [79.6602, 17.30518],
        [79.65985, 17.30462],
        [79.65977, 17.30406],
        [79.65973, 17.3037],
        [79.65954, 17.30332],
        [79.65966, 17.30297],
        [79.65935, 17.30285],
        [79.65924, 17.30276],
        [79.65906, 17.30172],
        [79.65904, 17.30164],
        [79.65873, 17.3015],
        [79.65832, 17.30095],
        [79.65791, 17.30052],
        [79.6579, 17.30051],
        [79.65786, 17.30047],
        [79.65716, 17.29908],
        [79.6569, 17.29846],
        [79.65684, 17.29831],
        [79.65681, 17.29797],
        [79.65652, 17.29766],
        [79.6563, 17.29746],
        [79.6563, 17.29732],
        [79.65631, 17.29699],
        [79.65569, 17.29558],
        [79.65557, 17.29544],
        [79.65561, 17.29519],
        [79.6551, 17.29445],
        [79.65492, 17.29418],
        [79.65469, 17.2939],
        [79.6544, 17.29307],
        [79.65424, 17.2923],
        [79.65413, 17.29158],
        [79.65392, 17.29124],
        [79.65365, 17.29061],
        [79.65326, 17.28978],
        [79.65318, 17.28919],
        [79.65309, 17.28865],
        [79.65277, 17.28817],
        [79.65258, 17.28759],
        [79.6525, 17.28736],
        [79.65225, 17.28674],
        [79.65224, 17.2867],
        [79.65205, 17.28595],
        [79.65202, 17.28536],
        [79.65201, 17.28521],
        [79.65192, 17.28433],
        [79.65187, 17.28423],
        [79.6517, 17.28392],
        [79.65134, 17.28343],
        [79.65109, 17.28211],
        [79.65059, 17.28117],
        [79.65045, 17.28101],
        [79.6504, 17.28106],
        [79.6491, 17.28122],
        [79.64819, 17.28134],
        [79.64553, 17.28209],
        [79.64539, 17.28214],
        [79.6449, 17.28232],
        [79.64434, 17.28247],
        [79.64344, 17.28294],
        [79.64315, 17.28316],
        [79.64256, 17.28362],
        [79.64094, 17.28452],
        [79.63911, 17.28492],
        [79.63905, 17.28507],
        [79.63897, 17.28524],
        [79.63891, 17.28523],
        [79.63861, 17.2854],
        [79.63838, 17.28562],
        [79.63835, 17.28565],
        [79.638, 17.28588],
        [79.63764, 17.28604],
        [79.63712, 17.28628],
        [79.63688, 17.28639],
        [79.63654, 17.2869],
        [79.63562, 17.28756],
        [79.63557, 17.28759],
        [79.63488, 17.28847],
        [79.63404, 17.2891],
        [79.63403, 17.2891],
        [79.6338, 17.28948],
        [79.6327, 17.29002],
        [79.63234, 17.29054],
        [79.63269, 17.29078],
        [79.63271, 17.29112],
        [79.63271, 17.29139],
        [79.63258, 17.29161],
        [79.63239, 17.29156],
        [79.63206, 17.29148],
        [79.63179, 17.29161],
        [79.6314, 17.29208],
        [79.63106, 17.29215],
        [79.63102, 17.29216],
        [79.63073, 17.29235],
        [79.63054, 17.29269],
        [79.63003, 17.29307],
        [79.62955, 17.29323],
        [79.6292, 17.29353],
        [79.62889, 17.29363],
        [79.62861, 17.29373],
        [79.62841, 17.29383],
        [79.62821, 17.29393],
        [79.62772, 17.29422],
        [79.62825, 17.29502],
        [79.62895, 17.29612],
        [79.62844, 17.29624],
        [79.62813, 17.29758],
        [79.62804, 17.29763],
        [79.62767, 17.29736],
        [79.62771, 17.29769],
        [79.62781, 17.30007],
        [79.62688, 17.30013],
        [79.62642, 17.30013],
        [79.62643, 17.30107],
        [79.62615, 17.3008],
        [79.6257, 17.30112],
        [79.62568, 17.30113],
        [79.62366, 17.30239],
        [79.62361, 17.30236],
        [79.62295, 17.30205],
        [79.62285, 17.30201],
        [79.62164, 17.30249],
        [79.62179, 17.30272],
        [79.62187, 17.3029],
        [79.62118, 17.30296],
        [79.62068, 17.30259],
        [79.62065, 17.30259],
        [79.62035, 17.30254],
        [79.61991, 17.30197],
        [79.61967, 17.30191],
        [79.61935, 17.30226],
        [79.61911, 17.30231],
        [79.61828, 17.30179],
        [79.61802, 17.30147],
        [79.61728, 17.3011],
        [79.61731, 17.30082],
        [79.61679, 17.30063],
        [79.6168, 17.3004],
        [79.61665, 17.30041],
        [79.61647, 17.30043],
        [79.6164, 17.30061],
        [79.61629, 17.30085],
        [79.61565, 17.30076],
        [79.61505, 17.30083],
        [79.61451, 17.30102],
        [79.61374, 17.30173],
        [79.61245, 17.30196],
        [79.61209, 17.30238],
        [79.61183, 17.30195],
        [79.61149, 17.30228],
        [79.61168, 17.30249],
        [79.61178, 17.30261],
        [79.61156, 17.30278],
        [79.61138, 17.30274],
        [79.61076, 17.30314],
        [79.61009, 17.30352],
        [79.61024, 17.30376],
        [79.60991, 17.30406],
        [79.60982, 17.3048],
        [79.61021, 17.30525],
        [79.61011, 17.30548],
        [79.61037, 17.3056],
        [79.6104, 17.30599],
        [79.6099, 17.30617],
        [79.60911, 17.30702],
        [79.60925, 17.30767],
        [79.60891, 17.30775],
        [79.60867, 17.30797],
        [79.60862, 17.30823],
        [79.6086, 17.30854],
        [79.60856, 17.30873],
        [79.6085, 17.30895],
        [79.60846, 17.30903],
        [79.60833, 17.30915],
        [79.6082, 17.30927],
        [79.60809, 17.30935],
        [79.60796, 17.3094],
        [79.60782, 17.30946],
        [79.60772, 17.30955],
        [79.60769, 17.30962],
        [79.60769, 17.30991],
        [79.60759, 17.31012],
        [79.60719, 17.31024],
        [79.60706, 17.31021],
        [79.60689, 17.31015],
        [79.60664, 17.30996],
        [79.6064, 17.30977],
        [79.60621, 17.30983],
        [79.6062, 17.30983],
        [79.60594, 17.30999],
        [79.60589, 17.31002],
        [79.60563, 17.31025],
        [79.60539, 17.31063],
        [79.60514, 17.31067],
        [79.60507, 17.31068],
        [79.60513, 17.31066],
        [79.60521, 17.31065],
        [79.60502, 17.31],
        [79.60482, 17.30964],
        [79.60336, 17.30781],
        [79.60313, 17.3072],
        [79.60303, 17.30683],
        [79.60297, 17.30653],
        [79.60259, 17.30574],
        [79.60258, 17.30573],
        [79.60249, 17.30558],
        [79.60223, 17.30514],
        [79.60204, 17.30486],
        [79.6009, 17.30315],
        [79.60076, 17.30299],
        [79.59977, 17.30185],
        [79.59877, 17.301],
        [79.59826, 17.30034],
        [79.59749, 17.29964],
        [79.59732, 17.29946],
        [79.5969, 17.29908],
        [79.59659, 17.29881],
        [79.59635, 17.29855],
        [79.5955, 17.29764],
        [79.5951, 17.29711],
        [79.59484, 17.29662],
        [79.59453, 17.29604],
        [79.59444, 17.29543],
        [79.59417, 17.29506],
        [79.59331, 17.29525],
        [79.5928, 17.29415],
        [79.59277, 17.29408],
        [79.59247, 17.29346],
        [79.59219, 17.29285],
        [79.59215, 17.29263],
        [79.59197, 17.29155],
        [79.59198, 17.29116],
        [79.592, 17.29084],
        [79.592, 17.2908],
        [79.59209, 17.2883],
        [79.59234, 17.2861],
        [79.59243, 17.2859],
        [79.59248, 17.28562],
        [79.59251, 17.28546],
        [79.59265, 17.28511],
        [79.5927, 17.2847],
        [79.59269, 17.2844],
        [79.59268, 17.28406],
        [79.59267, 17.2837],
        [79.59256, 17.28291],
        [79.59255, 17.28279],
        [79.59247, 17.28222],
        [79.59268, 17.28158],
        [79.59234, 17.28023],
        [79.5921, 17.27893],
        [79.59251, 17.27885],
        [79.59249, 17.27878],
        [79.59223, 17.27786],
        [79.59189, 17.27638],
        [79.59184, 17.27612],
        [79.59196, 17.27571],
        [79.59198, 17.2757],
        [79.59204, 17.27543],
        [79.59204, 17.2754],
        [79.59205, 17.27538],
        [79.59256, 17.27307],
        [79.59268, 17.27254],
        [79.59275, 17.27106],
        [79.59208, 17.26942],
        [79.59207, 17.26939],
        [79.59152, 17.26714],
        [79.59146, 17.26688],
        [79.59128, 17.26677],
        [79.59108, 17.26668],
        [79.59101, 17.26666],
        [79.59079, 17.26658],
        [79.5906, 17.26663],
        [79.58975, 17.26682],
        [79.5897, 17.26625],
        [79.58818, 17.26668],
        [79.58706, 17.26617],
        [79.58595, 17.26451],
        [79.58514, 17.26462],
        [79.58498, 17.26464],
        [79.58479, 17.26439],
        [79.58491, 17.264],
        [79.58471, 17.26382],
        [79.58443, 17.2639],
        [79.58349, 17.26389],
        [79.58332, 17.26413],
        [79.58306, 17.26452],
        [79.58293, 17.26498],
        [79.58298, 17.26506],
        [79.583, 17.2651],
        [79.58354, 17.26599],
        [79.58385, 17.26746],
        [79.58308, 17.26759],
        [79.58273, 17.26763],
        [79.58271, 17.26764],
        [79.5816, 17.26778],
        [79.58081, 17.26756],
        [79.57937, 17.26772],
        [79.57887, 17.2678],
        [79.57831, 17.26797],
        [79.57777, 17.26797],
        [79.57725, 17.2682],
        [79.57575, 17.26946],
        [79.57552, 17.26933],
        [79.5754, 17.26869],
        [79.57516, 17.26836],
        [79.5749, 17.26837],
        [79.57426, 17.26729],
        [79.57571, 17.26595],
        [79.57577, 17.26547],
        [79.57562, 17.26435],
        [79.57499, 17.26367],
        [79.57447, 17.26321],
        [79.57435, 17.26307],
        [79.57388, 17.26261],
        [79.57338, 17.26108],
        [79.57309, 17.26026],
        [79.57281, 17.26039],
        [79.57242, 17.26041],
        [79.57241, 17.2604],
        [79.57199, 17.25961],
        [79.57173, 17.25913],
        [79.57101, 17.2593],
        [79.57061, 17.2594],
        [79.56804, 17.26073],
        [79.56778, 17.26073],
        [79.56756, 17.26078],
        [79.56756, 17.26079],
        [79.56637, 17.26109],
        [79.56617, 17.2605],
        [79.56508, 17.26111],
        [79.56508, 17.2611],
        [79.56475, 17.26084],
        [79.5643, 17.2611],
        [79.56394, 17.26192],
        [79.56389, 17.26249],
        [79.56361, 17.26251],
        [79.56339, 17.26302],
        [79.56151, 17.26232],
        [79.56027, 17.26242],
        [79.55979, 17.26245],
        [79.55915, 17.2625],
        [79.55895, 17.26217],
        [79.55872, 17.26193],
        [79.55606, 17.25995],
        [79.55606, 17.25996],
        [79.55243, 17.25836],
        [79.55182, 17.25809],
        [79.55145, 17.2581],
        [79.55125, 17.25816],
        [79.55085, 17.25858],
        [79.5508, 17.25887],
        [79.55057, 17.25856],
        [79.55036, 17.25831],
        [79.55004, 17.25816],
        [79.5496, 17.25815],
        [79.54944, 17.25786],
        [79.5493, 17.25785],
        [79.54834, 17.25855],
        [79.54798, 17.25873],
        [79.54723, 17.2595],
        [79.5461, 17.26072],
        [79.54431, 17.26256],
        [79.54279, 17.26391],
        [79.54255, 17.26408],
        [79.54221, 17.2644],
        [79.54061, 17.26477],
        [79.5398, 17.26564],
        [79.53975, 17.26569],
        [79.5397, 17.26577],
        [79.53984, 17.26605],
        [79.53947, 17.26623],
        [79.53886, 17.2668],
        [79.53852, 17.26705],
        [79.5388, 17.26784],
        [79.53894, 17.26824],
        [79.53926, 17.2692],
        [79.53928, 17.26925],
        [79.53907, 17.26942],
        [79.53793, 17.27049],
        [79.53729, 17.27126],
        [79.53676, 17.27183],
        [79.53588, 17.27277],
        [79.53525, 17.27365],
        [79.535, 17.27405],
        [79.53459, 17.27457],
        [79.53395, 17.27538],
        [79.53346, 17.27601],
        [79.5333, 17.27618],
        [79.5334, 17.27649],
        [79.53314, 17.27772],
        [79.53246, 17.27888],
        [79.53217, 17.27931],
        [79.53197, 17.27929],
        [79.53116, 17.2787],
        [79.53088, 17.27861],
        [79.52769, 17.27906],
        [79.52495, 17.27947],
        [79.52479, 17.27945],
        [79.52478, 17.27943],
        [79.52461, 17.27912],
        [79.52456, 17.27909],
        [79.5241, 17.27885],
        [79.52386, 17.27874],
        [79.52365, 17.27861],
        [79.52359, 17.27857],
        [79.52336, 17.27835],
        [79.52304, 17.27813],
        [79.52262, 17.27782],
        [79.5224, 17.27765],
        [79.52165, 17.27705],
        [79.52102, 17.27661],
        [79.5207, 17.27639],
        [79.51964, 17.27567],
        [79.51823, 17.27459],
        [79.51798, 17.27524],
        [79.51706, 17.27759],
        [79.51614, 17.27892],
        [79.51612, 17.27895],
        [79.5148, 17.28053],
        [79.51395, 17.28156],
        [79.51338, 17.28228],
        [79.51326, 17.28237],
        [79.51179, 17.2832],
        [79.51138, 17.28341],
        [79.51105, 17.28354],
        [79.51084, 17.28365],
        [79.51082, 17.28366],
        [79.51041, 17.28383],
        [79.50983, 17.28423],
        [79.5098, 17.28425],
        [79.50964, 17.28433],
        [79.50927, 17.28453],
        [79.50915, 17.28459],
        [79.509, 17.28466],
        [79.5087, 17.2848],
        [79.50846, 17.28486],
        [79.50845, 17.28487],
        [79.50844, 17.28487],
        [79.50843, 17.28485],
        [79.50718, 17.28388],
        [79.50704, 17.28377],
        [79.50659, 17.28344],
        [79.50552, 17.28259],
        [79.50528, 17.2824],
        [79.50483, 17.28204],
        [79.50477, 17.28199],
        [79.50458, 17.28178],
        [79.50381, 17.28117],
        [79.50378, 17.28114],
        [79.50327, 17.28074],
        [79.50311, 17.28062],
        [79.50296, 17.28049],
        [79.50286, 17.28041],
        [79.5024, 17.28003],
        [79.50233, 17.27996],
        [79.50232, 17.27996],
        [79.5022, 17.27983],
        [79.50213, 17.27976],
        [79.50181, 17.27949],
        [79.50165, 17.27943],
        [79.50059, 17.27961],
        [79.49982, 17.27974],
        [79.49892, 17.27982],
        [79.49848, 17.27988],
        [79.49832, 17.27977],
        [79.49791, 17.2797],
        [79.49784, 17.27969],
        [79.49737, 17.27973],
        [79.49698, 17.27977],
        [79.49668, 17.27964],
        [79.49667, 17.27964],
        [79.49654, 17.27973],
        [79.49522, 17.27986],
        [79.49497, 17.27989],
        [79.49493, 17.27991],
        [79.49467, 17.27967],
        [79.49467, 17.27966],
        [79.49416, 17.27918],
        [79.49394, 17.2791],
        [79.4937, 17.27901],
        [79.49349, 17.27885],
        [79.49048, 17.27833],
        [79.49083, 17.27685]
      ]
    ]
  }
}
