{
  "type": "Feature",
  "id": "UP-AC-167",
  "properties": {
    "stateName": "UTTAR PRADESH",
    "stateCode": "UP",
    "districtName": "UNNAO",
    "acNo": 167,
    "acName": "BACHHRAWAN (SC)",
    "seatType": null,
    "pcNo": null,
    "pcName": null,
    "quality": "unverified",
    "sources": [
      "TBD"
    ]
  },
  "geometry": {
    "type": "Polygon",
    "coordinates": [
      [
        [80.84764, 26.65254],
        [80.84772, 26.65229],
        [80.84777, 26.65203],
        [80.8478, 26.65177],
        [80.84781, 26.65151],
        [80.84797, 26.65122],
        [80.84821, 26.651],
        [80.84851, 26.65085],
        [80.84883, 26.65079],
        [80.84927, 26.6508],
        [80.84954, 26.6508],
        [80.84981, 26.6508],
        [80.85009, 26.6508],
        [80.85036, 26.65081],
        [80.85064, 26.65082],
        [80.85091, 26.65082],
        [80.85118, 26.65083],
        [80.85146, 26.65085],
        [80.85183, 26.65066],
        [80.8522, 26.65048],
        [80.85257, 26.65029],
        [80.85293, 26.65011],
        [80.8533, 26.64992],
        [80.85367, 26.64973],
        [80.85404, 26.64954],
        [80.85441, 26.64935],
        [80.85477, 26.64917],
        [80.85506, 26.64903],
        [80.85535, 26.64889],
        [80.85563, 26.64873],
        [80.8559, 26.64857],
        [80.85617, 26.6484],
        [80.85644, 26.64822],
        [80.85669, 26.64803],
        [80.85694, 26.64783],
        [80.85719, 26.64763],
        [80.85746, 26.64745],
        [80.85775, 26.64729],
        [80.85806, 26.64716],
        [80.85837, 26.64707],
        [80.85869, 26.64699],
        [80.85902, 26.64695],
        [80.85934, 26.64694],
        [80.85967, 26.64696],
        [80.86, 26.647],
        [80.86054, 26.647],
        [80.86109, 26.64698],
        [80.86164, 26.64696],
        [80.86219, 26.64693],
        [80.86274, 26.6469],
        [80.86328, 26.64686],
        [80.86383, 26.64681],
        [80.86438, 26.64676],
        [80.86499, 26.6467],
        [80.86521, 26.6466],
        [80.86528, 26.64636],
        [80.86558, 26.64617],
        [80.86576, 26.64609],
        [80.86603, 26.64595],
        [80.8662, 26.64584],
        [80.86633, 26.64567],
        [80.86627, 26.64545],
        [80.86621, 26.64525],
        [80.86637, 26.64509],
        [80.86669, 26.64497],
        [80.8669, 26.64484],
        [80.8671, 26.64471],
        [80.86731, 26.64457],
        [80.8675, 26.64443],
        [80.8677, 26.64429],
        [80.86789, 26.64414],
        [80.86808, 26.64399],
        [80.86826, 26.64383],
        [80.8685, 26.64373],
        [80.86874, 26.64362],
        [80.86898, 26.64351],
        [80.86922, 26.64341],
        [80.86946, 26.6433],
        [80.8697, 26.6432],
        [80.86994, 26.64309],
        [80.87018, 26.64299],
        [80.87042, 26.64288],
        [80.87073, 26.64276],
        [80.87099, 26.64254],
        [80.87101, 26.6425],
        [80.87117, 26.64225],
        [80.87126, 26.64193],
        [80.8714, 26.64141],
        [80.87153, 26.64106],
        [80.87167, 26.64071],
        [80.87181, 26.64037],
        [80.87196, 26.64003],
        [80.87212, 26.63969],
        [80.87228, 26.63935],
        [80.87245, 26.63901],
        [80.87262, 26.63868],
        [80.87278, 26.63847],
        [80.8729, 26.63823],
        [80.87296, 26.63797],
        [80.87297, 26.6377],
        [80.87299, 26.63746],
        [80.87307, 26.63725],
        [80.87317, 26.63704],
        [80.87328, 26.63684],
        [80.8734, 26.63665],
        [80.87356, 26.63638],
        [80.87371, 26.63611],
        [80.87388, 26.63585],
        [80.87404, 26.63559],
        [80.87421, 26.63533],
        [80.87439, 26.63508],
        [80.87457, 26.63482],
        [80.87475, 26.63458],
        [80.87494, 26.63433],
        [80.87513, 26.63415],
        [80.87532, 26.63398],
        [80.87552, 26.6338],
        [80.87571, 26.63363],
        [80.87591, 26.63347],
        [80.87612, 26.6333],
        [80.87632, 26.63315],
        [80.87653, 26.63299],
        [80.87674, 26.63284],
        [80.8769, 26.6327],
        [80.87707, 26.63257],
        [80.87724, 26.63245],
        [80.87741, 26.63234],
        [80.87759, 26.63223],
        [80.87778, 26.63213],
        [80.87796, 26.63204],
        [80.87816, 26.63195],
        [80.87835, 26.63187],
        [80.87871, 26.63174],
        [80.87905, 26.63154],
        [80.87935, 26.63129],
        [80.87948, 26.63115],
        [80.8796, 26.631],
        [80.8797, 26.63083],
        [80.87986, 26.63056],
        [80.87995, 26.63027],
        [80.87995, 26.62995],
        [80.87988, 26.62965],
        [80.87971, 26.62915],
        [80.87958, 26.6288],
        [80.87945, 26.62846],
        [80.8793, 26.62811],
        [80.87915, 26.62778],
        [80.87898, 26.62744],
        [80.8788, 26.62712],
        [80.87862, 26.62679],
        [80.87842, 26.62648],
        [80.87829, 26.62622],
        [80.87813, 26.62599],
        [80.87794, 26.62578],
        [80.87772, 26.62559],
        [80.87748, 26.62544],
        [80.87722, 26.62532],
        [80.87695, 26.62524],
        [80.87667, 26.62519],
        [80.87639, 26.62518],
        [80.87608, 26.62512],
        [80.87578, 26.62508],
        [80.87547, 26.62505],
        [80.87517, 26.62504],
        [80.87486, 26.62504],
        [80.87455, 26.62505],
        [80.87425, 26.62507],
        [80.87394, 26.6251],
        [80.87364, 26.62515],
        [80.87335, 26.62533],
        [80.87301, 26.62539],
        [80.87268, 26.62533],
        [80.87238, 26.62516],
        [80.87206, 26.62495],
        [80.87187, 26.62486],
        [80.87167, 26.62476],
        [80.87148, 26.62466],
        [80.87128, 26.62456],
        [80.87109, 26.62445],
        [80.87091, 26.62434],
        [80.87072, 26.62423],
        [80.87054, 26.62411],
        [80.87022, 26.62398],
        [80.87, 26.62371],
        [80.86993, 26.62338],
        [80.87001, 26.62305],
        [80.87015, 26.62277],
        [80.87019, 26.62249],
        [80.87015, 26.62221],
        [80.87006, 26.62194],
        [80.8699, 26.6217],
        [80.86988, 26.6215],
        [80.86988, 26.62129],
        [80.8699, 26.62108],
        [80.86996, 26.62088],
        [80.87012, 26.62072],
        [80.87035, 26.62057],
        [80.87056, 26.62039],
        [80.87075, 26.6202],
        [80.87092, 26.61998],
        [80.87103, 26.61978],
        [80.87114, 26.61959],
        [80.87126, 26.6194],
        [80.8714, 26.61922],
        [80.87153, 26.61904],
        [80.87168, 26.61887],
        [80.87183, 26.6187],
        [80.87199, 26.61854],
        [80.87215, 26.61839],
        [80.87239, 26.61818],
        [80.87265, 26.61799],
        [80.87292, 26.61783],
        [80.87321, 26.61769],
        [80.87349, 26.61756],
        [80.87374, 26.61739],
        [80.87396, 26.61717],
        [80.87413, 26.61692],
        [80.87426, 26.61664],
        [80.87438, 26.6164],
        [80.87473, 26.61629],
        [80.87508, 26.61641],
        [80.87545, 26.61652],
        [80.87582, 26.61662],
        [80.87619, 26.61673],
        [80.87656, 26.61683],
        [80.87686, 26.61693],
        [80.87717, 26.61706],
        [80.87746, 26.61719],
        [80.87775, 26.61735],
        [80.87802, 26.61751],
        [80.87829, 26.6177],
        [80.87855, 26.61789],
        [80.8788, 26.61811],
        [80.87916, 26.61844],
        [80.8794, 26.61869],
        [80.87957, 26.61898],
        [80.87969, 26.6193],
        [80.87974, 26.61963],
        [80.87975, 26.61984],
        [80.87974, 26.62004],
        [80.87972, 26.62025],
        [80.87969, 26.62045],
        [80.87965, 26.62065],
        [80.8796, 26.62084],
        [80.87953, 26.62104],
        [80.87945, 26.62123],
        [80.87936, 26.62141],
        [80.87924, 26.62175],
        [80.87929, 26.62201],
        [80.87946, 26.62225],
        [80.87961, 26.62243],
        [80.87975, 26.62261],
        [80.87989, 26.62279],
        [80.88003, 26.62297],
        [80.88018, 26.62313],
        [80.88034, 26.62329],
        [80.8805, 26.62346],
        [80.88065, 26.62362],
        [80.88081, 26.62378],
        [80.88097, 26.62394],
        [80.88113, 26.6241],
        [80.88129, 26.62425],
        [80.88152, 26.62448],
        [80.88172, 26.62454],
        [80.88195, 26.62447],
        [80.88215, 26.62419],
        [80.88214, 26.62385],
        [80.88225, 26.62359],
        [80.88241, 26.62336],
        [80.88263, 26.62317],
        [80.88288, 26.62304],
        [80.88313, 26.62286],
        [80.88333, 26.62256],
        [80.88346, 26.62222],
        [80.88351, 26.62186],
        [80.88348, 26.6215],
        [80.88376, 26.6213],
        [80.88408, 26.62117],
        [80.88459, 26.62113],
        [80.88493, 26.6212],
        [80.88545, 26.62124],
        [80.88576, 26.62138],
        [80.88602, 26.62161],
        [80.88621, 26.62191],
        [80.88633, 26.62211],
        [80.88651, 26.62228],
        [80.88673, 26.62238],
        [80.88696, 26.62241],
        [80.88726, 26.62242],
        [80.8876, 26.62244],
        [80.88794, 26.62247],
        [80.88828, 26.6225],
        [80.88862, 26.62252],
        [80.88882, 26.62258],
        [80.88903, 26.62262],
        [80.88923, 26.62264],
        [80.88944, 26.62263],
        [80.88965, 26.62261],
        [80.88985, 26.62257],
        [80.89005, 26.62251],
        [80.89024, 26.62243],
        [80.89042, 26.62233],
        [80.89061, 26.62221],
        [80.89082, 26.62215],
        [80.89115, 26.62217],
        [80.89135, 26.62226],
        [80.89175, 26.62212],
        [80.89201, 26.62196],
        [80.89218, 26.62171],
        [80.89223, 26.62141],
        [80.89216, 26.62111],
        [80.89204, 26.62083],
        [80.89203, 26.62053],
        [80.89211, 26.62024],
        [80.89227, 26.61998],
        [80.89251, 26.61978],
        [80.89253, 26.61953],
        [80.89249, 26.61928],
        [80.8924, 26.61905],
        [80.89226, 26.61884],
        [80.89208, 26.61847],
        [80.89199, 26.6182],
        [80.8919, 26.61792],
        [80.89181, 26.61764],
        [80.89172, 26.61737],
        [80.89164, 26.61709],
        [80.89155, 26.61682],
        [80.89147, 26.61654],
        [80.8914, 26.61626],
        [80.89122, 26.61596],
        [80.89091, 26.61581],
        [80.89069, 26.61576],
        [80.89041, 26.61564],
        [80.89014, 26.61552],
        [80.88988, 26.61538],
        [80.88962, 26.61524],
        [80.88941, 26.61507],
        [80.88921, 26.61489],
        [80.88901, 26.6147],
        [80.88882, 26.61451],
        [80.88864, 26.61431],
        [80.88846, 26.6141],
        [80.8883, 26.61389],
        [80.88814, 26.61367],
        [80.88798, 26.61344],
        [80.8879, 26.61326],
        [80.88791, 26.61305],
        [80.88801, 26.61288],
        [80.88817, 26.61276],
        [80.88841, 26.61267],
        [80.88866, 26.6125],
        [80.88887, 26.61229],
        [80.88904, 26.61205],
        [80.88917, 26.61177],
        [80.88939, 26.61165],
        [80.8896, 26.61152],
        [80.88981, 26.61139],
        [80.89001, 26.61125],
        [80.89021, 26.6111],
        [80.8904, 26.61094],
        [80.89059, 26.61077],
        [80.89077, 26.6106],
        [80.89095, 26.61042],
        [80.89109, 26.61022],
        [80.8912, 26.61],
        [80.8913, 26.60977],
        [80.89137, 26.60954],
        [80.89142, 26.60929],
        [80.89144, 26.60905],
        [80.89143, 26.6088],
        [80.8914, 26.60856],
        [80.89135, 26.60831],
        [80.89132, 26.60811],
        [80.89127, 26.60791],
        [80.89121, 26.60771],
        [80.89113, 26.60752],
        [80.89104, 26.60734],
        [80.89093, 26.60716],
        [80.89082, 26.60699],
        [80.89069, 26.60683],
        [80.89054, 26.60668],
        [80.89026, 26.6065],
        [80.89002, 26.60626],
        [80.88983, 26.60598],
        [80.88971, 26.60566],
        [80.88958, 26.60532],
        [80.88951, 26.60514],
        [80.88944, 26.60495],
        [80.88938, 26.60477],
        [80.88933, 26.60458],
        [80.88929, 26.60438],
        [80.88926, 26.60419],
        [80.88923, 26.60399],
        [80.88922, 26.6038],
        [80.88918, 26.60346],
        [80.88923, 26.60312],
        [80.88935, 26.6028],
        [80.88955, 26.60253],
        [80.88981, 26.60232],
        [80.89002, 26.60208],
        [80.89013, 26.60178],
        [80.89013, 26.60146],
        [80.89003, 26.60116],
        [80.88996, 26.60098],
        [80.88989, 26.60081],
        [80.88973, 26.60047],
        [80.88954, 26.60015],
        [80.88933, 26.59984],
        [80.88909, 26.59955],
        [80.88894, 26.59931],
        [80.88887, 26.59914],
        [80.88882, 26.59895],
        [80.88905, 26.59886],
        [80.88927, 26.59896],
        [80.88945, 26.59924],
        [80.88969, 26.59945],
        [80.88991, 26.59947],
        [80.89013, 26.59945],
        [80.89034, 26.59939],
        [80.89053, 26.59928],
        [80.89069, 26.59913],
        [80.8908, 26.59893],
        [80.89088, 26.59872],
        [80.89091, 26.59849],
        [80.8909, 26.59827],
        [80.89091, 26.59807],
        [80.89097, 26.59789],
        [80.89106, 26.59772],
        [80.89126, 26.59751],
        [80.89145, 26.59734],
        [80.89164, 26.59718],
        [80.89184, 26.59701],
        [80.89204, 26.59686],
        [80.89224, 26.5967],
        [80.89245, 26.59655],
        [80.89266, 26.5964],
        [80.89287, 26.59626],
        [80.89308, 26.59612],
        [80.89333, 26.59598],
        [80.89367, 26.59592],
        [80.89387, 26.59604],
        [80.89407, 26.59615],
        [80.89428, 26.59624],
        [80.89449, 26.59631],
        [80.89471, 26.59637],
        [80.89494, 26.59641],
        [80.89516, 26.59644],
        [80.89539, 26.59645],
        [80.89562, 26.59645],
        [80.89585, 26.59645],
        [80.89608, 26.59646],
        [80.89632, 26.59646],
        [80.89655, 26.59645],
        [80.89679, 26.59644],
        [80.89702, 26.59643],
        [80.89726, 26.59642],
        [80.89749, 26.5964],
        [80.89772, 26.59638],
        [80.89793, 26.59625],
        [80.89812, 26.59611],
        [80.8983, 26.59595],
        [80.89846, 26.59578],
        [80.89861, 26.59559],
        [80.89874, 26.59539],
        [80.89885, 26.59518],
        [80.89894, 26.59497],
        [80.89902, 26.59474],
        [80.89917, 26.59444],
        [80.89936, 26.59417],
        [80.89959, 26.59393],
        [80.89985, 26.59373],
        [80.90014, 26.59356],
        [80.90045, 26.59344],
        [80.90077, 26.59337],
        [80.9011, 26.59334],
        [80.90143, 26.59337],
        [80.90181, 26.59337],
        [80.90217, 26.59343],
        [80.90253, 26.59352],
        [80.90288, 26.59366],
        [80.9032, 26.59384],
        [80.90351, 26.59406],
        [80.90378, 26.59431],
        [80.90402, 26.59459],
        [80.90423, 26.59491],
        [80.90438, 26.59512],
        [80.90452, 26.59535],
        [80.90465, 26.59559],
        [80.90477, 26.59583],
        [80.90487, 26.59607],
        [80.90496, 26.59633],
        [80.90503, 26.59658],
        [80.90508, 26.59684],
        [80.90513, 26.59711],
        [80.90515, 26.59731],
        [80.90517, 26.59751],
        [80.90521, 26.59771],
        [80.90526, 26.59791],
        [80.90532, 26.5981],
        [80.9054, 26.59829],
        [80.90548, 26.59848],
        [80.90557, 26.59866],
        [80.90567, 26.59883],
        [80.90578, 26.599],
        [80.90589, 26.59917],
        [80.90601, 26.59933],
        [80.90613, 26.59948],
        [80.90627, 26.59963],
        [80.90641, 26.59977],
        [80.90656, 26.5999],
        [80.90672, 26.60002],
        [80.907, 26.60027],
        [80.9073, 26.60047],
        [80.90764, 26.60056],
        [80.908, 26.60053],
        [80.90833, 26.60037],
        [80.9085, 26.60013],
        [80.90857, 26.59983],
        [80.90852, 26.59953],
        [80.90835, 26.59928],
        [80.90809, 26.59907],
        [80.90781, 26.59882],
        [80.90754, 26.59855],
        [80.90728, 26.59827],
        [80.90705, 26.59798],
        [80.90694, 26.59766],
        [80.90697, 26.59733],
        [80.90711, 26.59702],
        [80.90735, 26.59679],
        [80.9077, 26.59653],
        [80.9079, 26.59633],
        [80.90808, 26.59612],
        [80.90825, 26.5959],
        [80.90842, 26.59568],
        [80.90857, 26.59545],
        [80.90872, 26.59522],
        [80.90885, 26.59498],
        [80.90897, 26.59473],
        [80.9091, 26.59459],
        [80.90924, 26.59445],
        [80.90953, 26.59419],
        [80.90983, 26.59395],
        [80.91015, 26.59374],
        [80.91039, 26.59351],
        [80.91031, 26.59325],
        [80.90997, 26.5932],
        [80.9097, 26.59318],
        [80.90944, 26.59311],
        [80.90919, 26.59299],
        [80.90897, 26.59283],
        [80.90879, 26.5927],
        [80.90866, 26.59251],
        [80.90859, 26.5923],
        [80.90859, 26.59207],
        [80.90871, 26.5918],
        [80.90901, 26.59162],
        [80.90928, 26.59163],
        [80.90981, 26.59161],
        [80.91016, 26.59167],
        [80.9105, 26.59178],
        [80.91082, 26.59194],
        [80.91106, 26.59197],
        [80.9113, 26.59193],
        [80.91152, 26.59183],
        [80.91171, 26.59168],
        [80.91182, 26.59149],
        [80.91186, 26.59129],
        [80.91185, 26.59108],
        [80.91181, 26.59089],
        [80.91172, 26.59071],
        [80.91152, 26.59059],
        [80.91129, 26.59054],
        [80.91105, 26.59056],
        [80.91084, 26.59066],
        [80.9106, 26.59077],
        [80.9103, 26.59083],
        [80.91, 26.59086],
        [80.9097, 26.59087],
        [80.9094, 26.59085],
        [80.90913, 26.59076],
        [80.90888, 26.59063],
        [80.90865, 26.59046],
        [80.90846, 26.59025],
        [80.90833, 26.58998],
        [80.9083, 26.58965],
        [80.90835, 26.58932],
        [80.90848, 26.58902],
        [80.90869, 26.58876],
        [80.90889, 26.58864],
        [80.9091, 26.58854],
        [80.90932, 26.58845],
        [80.90955, 26.58837],
        [80.90978, 26.58832],
        [80.91001, 26.58828],
        [80.91025, 26.58825],
        [80.91049, 26.58825],
        [80.91072, 26.58827],
        [80.91102, 26.58829],
        [80.9113, 26.58837],
        [80.91156, 26.58851],
        [80.91179, 26.58871],
        [80.91196, 26.58894],
        [80.91208, 26.58921],
        [80.91214, 26.5895],
        [80.91214, 26.5898],
        [80.91212, 26.59026],
        [80.91242, 26.59044],
        [80.91298, 26.59038],
        [80.91329, 26.59036],
        [80.9136, 26.59028],
        [80.91388, 26.59015],
        [80.91418, 26.58998],
        [80.91455, 26.58986],
        [80.91492, 26.58983],
        [80.9153, 26.58989],
        [80.91565, 26.59004],
        [80.91603, 26.59014],
        [80.91642, 26.59021],
        [80.91681, 26.59025],
        [80.91721, 26.59026],
        [80.91797, 26.59016],
        [80.91843, 26.59011],
        [80.9187, 26.59027],
        [80.91887, 26.59053],
        [80.91889, 26.59084],
        [80.91895, 26.59102],
        [80.91905, 26.59118],
        [80.91933, 26.59143],
        [80.91969, 26.59153],
        [80.92006, 26.59147],
        [80.92048, 26.59133],
        [80.92073, 26.59128],
        [80.92098, 26.59123],
        [80.92123, 26.59118],
        [80.92148, 26.59114],
        [80.92173, 26.59109],
        [80.92198, 26.59105],
        [80.92224, 26.59101],
        [80.92249, 26.59097],
        [80.92273, 26.59095],
        [80.92295, 26.59106],
        [80.92307, 26.59128],
        [80.92305, 26.59153],
        [80.92295, 26.59179],
        [80.92287, 26.59212],
        [80.92281, 26.59245],
        [80.92277, 26.59278],
        [80.92274, 26.59312],
        [80.92279, 26.5933],
        [80.92287, 26.59347],
        [80.9231, 26.59377],
        [80.92343, 26.59397],
        [80.9238, 26.59404],
        [80.92415, 26.59403],
        [80.92445, 26.59393],
        [80.9247, 26.59373],
        [80.92485, 26.59346],
        [80.92489, 26.59314],
        [80.92498, 26.59285],
        [80.92505, 26.59254],
        [80.92512, 26.59224],
        [80.92518, 26.59194],
        [80.92523, 26.59163],
        [80.92527, 26.59133],
        [80.9253, 26.59102],
        [80.92532, 26.59071],
        [80.92533, 26.5904],
        [80.92532, 26.59015],
        [80.92531, 26.58989],
        [80.9253, 26.58964],
        [80.9253, 26.58939],
        [80.92529, 26.58914],
        [80.92528, 26.58888],
        [80.92527, 26.58863],
        [80.92526, 26.58838],
        [80.92526, 26.58813],
        [80.92531, 26.58786],
        [80.92546, 26.58763],
        [80.92567, 26.58747],
        [80.92593, 26.58739],
        [80.92634, 26.58737],
        [80.9266, 26.58739],
        [80.92686, 26.58745],
        [80.92711, 26.58755],
        [80.92735, 26.58768],
        [80.92756, 26.58785],
        [80.92774, 26.58805],
        [80.9279, 26.58827],
        [80.92802, 26.5885],
        [80.92813, 26.58867],
        [80.92828, 26.58881],
        [80.92844, 26.58893],
        [80.92863, 26.589],
        [80.92903, 26.58905],
        [80.92942, 26.58894],
        [80.92959, 26.58883],
        [80.92982, 26.58872],
        [80.93003, 26.58856],
        [80.93019, 26.58836],
        [80.93031, 26.58812],
        [80.93034, 26.58789],
        [80.93042, 26.58769],
        [80.93069, 26.58742],
        [80.93084, 26.58724],
        [80.93099, 26.58706],
        [80.93112, 26.58686],
        [80.93125, 26.58667],
        [80.93136, 26.58646],
        [80.93146, 26.58625],
        [80.93155, 26.58604],
        [80.93163, 26.58582],
        [80.93169, 26.58559],
        [80.93165, 26.58535],
        [80.93153, 26.58515],
        [80.93133, 26.58501],
        [80.93106, 26.58493],
        [80.93075, 26.58489],
        [80.93043, 26.58494],
        [80.93014, 26.58506],
        [80.92988, 26.58524],
        [80.92964, 26.5853],
        [80.92939, 26.58535],
        [80.92914, 26.5854],
        [80.92889, 26.58544],
        [80.92864, 26.58547],
        [80.92839, 26.58549],
        [80.92814, 26.5855],
        [80.92789, 26.58551],
        [80.92764, 26.58551],
        [80.92743, 26.58554],
        [80.92722, 26.58553],
        [80.92702, 26.58548],
        [80.92682, 26.58541],
        [80.92664, 26.5853],
        [80.92648, 26.58516],
        [80.92634, 26.585],
        [80.92624, 26.58482],
        [80.92616, 26.58463],
        [80.92613, 26.5843],
        [80.92618, 26.58398],
        [80.92632, 26.58369],
        [80.92653, 26.58344],
        [80.92691, 26.5832],
        [80.92713, 26.58303],
        [80.92733, 26.58283],
        [80.9275, 26.58261],
        [80.92765, 26.58237],
        [80.92777, 26.58212],
        [80.92785, 26.58185],
        [80.92791, 26.58157],
        [80.92793, 26.58129],
        [80.92795, 26.58109],
        [80.92799, 26.5809],
        [80.92807, 26.58072],
        [80.92817, 26.58055],
        [80.92829, 26.5804],
        [80.92844, 26.58027],
        [80.92861, 26.58016],
        [80.92898, 26.58003],
        [80.92913, 26.5799],
        [80.9293, 26.57979],
        [80.92956, 26.57965],
        [80.92989, 26.57939],
        [80.92999, 26.57919],
        [80.93006, 26.57897],
        [80.93008, 26.57874],
        [80.93007, 26.57851],
        [80.93001, 26.57829],
        [80.92991, 26.57808],
        [80.92978, 26.57789],
        [80.92961, 26.57773],
        [80.92945, 26.57749],
        [80.92936, 26.57722],
        [80.92936, 26.57693],
        [80.92945, 26.57666],
        [80.92963, 26.5763],
        [80.92975, 26.57607],
        [80.92987, 26.57584],
        [80.93, 26.57561],
        [80.93013, 26.57538],
        [80.93026, 26.57516],
        [80.9304, 26.57494],
        [80.93054, 26.57472],
        [80.93069, 26.5745],
        [80.93088, 26.57427],
        [80.93113, 26.57411],
        [80.93142, 26.57402],
        [80.93186, 26.57403],
        [80.93215, 26.574],
        [80.93243, 26.57396],
        [80.93272, 26.5739],
        [80.93299, 26.57381],
        [80.93326, 26.57369],
        [80.93351, 26.57354],
        [80.93375, 26.57338],
        [80.93399, 26.57321],
        [80.93423, 26.57303],
        [80.93459, 26.57283],
        [80.93497, 26.57267],
        [80.93536, 26.57252],
        [80.93576, 26.5724],
        [80.93616, 26.57231],
        [80.93657, 26.57225],
        [80.93699, 26.57222],
        [80.9374, 26.57221],
        [80.93782, 26.57224],
        [80.93813, 26.57225],
        [80.93844, 26.57224],
        [80.93876, 26.57223],
        [80.93907, 26.57221],
        [80.93938, 26.57218],
        [80.93969, 26.57214],
        [80.94, 26.57209],
        [80.94031, 26.57203],
        [80.94061, 26.57195],
        [80.94092, 26.57181],
        [80.94115, 26.57156],
        [80.94128, 26.57125],
        [80.94128, 26.57091],
        [80.94117, 26.57062],
        [80.94104, 26.57038],
        [80.94089, 26.57015],
        [80.94073, 26.56992],
        [80.94056, 26.56971],
        [80.94035, 26.56954],
        [80.94013, 26.56939],
        [80.9399, 26.56926],
        [80.93966, 26.56914],
        [80.93942, 26.56904],
        [80.93917, 26.56896],
        [80.93891, 26.56889],
        [80.93865, 26.56885],
        [80.93838, 26.56882],
        [80.93818, 26.56871],
        [80.93803, 26.56853],
        [80.93796, 26.56831],
        [80.93797, 26.56808],
        [80.93814, 26.56781],
        [80.93829, 26.56766],
        [80.93843, 26.5675],
        [80.93858, 26.56736],
        [80.93874, 26.56721],
        [80.93889, 26.56707],
        [80.93905, 26.56693],
        [80.93922, 26.5668],
        [80.93939, 26.56667],
        [80.93974, 26.56648],
        [80.94012, 26.56631],
        [80.9405, 26.56617],
        [80.94089, 26.56607],
        [80.94129, 26.56599],
        [80.94169, 26.56594],
        [80.94209, 26.56592],
        [80.9425, 26.56593],
        [80.9429, 26.56597],
        [80.94314, 26.56599],
        [80.94337, 26.56602],
        [80.9436, 26.56604],
        [80.94383, 26.56607],
        [80.94406, 26.56609],
        [80.9443, 26.56612],
        [80.94453, 26.56614],
        [80.94476, 26.56617],
        [80.94499, 26.5662],
        [80.94536, 26.5662],
        [80.94572, 26.56621],
        [80.94609, 26.56623],
        [80.94646, 26.56626],
        [80.94682, 26.56631],
        [80.94718, 26.56637],
        [80.94754, 26.56643],
        [80.9479, 26.56651],
        [80.94826, 26.5666],
        [80.94851, 26.56674],
        [80.94876, 26.56691],
        [80.94899, 26.5671],
        [80.94921, 26.5673],
        [80.94941, 26.56751],
        [80.94959, 26.56774],
        [80.94976, 26.56799],
        [80.94991, 26.56824],
        [80.95016, 26.56864],
        [80.95045, 26.56886],
        [80.95078, 26.56899],
        [80.95114, 26.56902],
        [80.9515, 26.56896],
        [80.95173, 26.5688],
        [80.95195, 26.56862],
        [80.95216, 26.56842],
        [80.95236, 26.56821],
        [80.95254, 26.56799],
        [80.9527, 26.56775],
        [80.95285, 26.56751],
        [80.95297, 26.56725],
        [80.95308, 26.56699],
        [80.95316, 26.5667],
        [80.95319, 26.5664],
        [80.95317, 26.5661],
        [80.95311, 26.5658],
        [80.95299, 26.56552],
        [80.95284, 26.56526],
        [80.95264, 26.56503],
        [80.95241, 26.56484],
        [80.95215, 26.56468],
        [80.95195, 26.56454],
        [80.95177, 26.56438],
        [80.95162, 26.56419],
        [80.95149, 26.56398],
        [80.9514, 26.56376],
        [80.95134, 26.56352],
        [80.95131, 26.56328],
        [80.95133, 26.56303],
        [80.95137, 26.5628],
        [80.95148, 26.56258],
        [80.95163, 26.56239],
        [80.95181, 26.56223],
        [80.95202, 26.56211],
        [80.95224, 26.56204],
        [80.95248, 26.56201],
        [80.95272, 26.56202],
        [80.95296, 26.56208],
        [80.95317, 26.56219],
        [80.95328, 26.56236],
        [80.95343, 26.5625],
        [80.95379, 26.56264],
        [80.95419, 26.56258],
        [80.95436, 26.56248],
        [80.9545, 26.56234],
        [80.9546, 26.56217],
        [80.95475, 26.56193],
        [80.95491, 26.56171],
        [80.9551, 26.56151],
        [80.95531, 26.56132],
        [80.95553, 26.56116],
        [80.95578, 26.56102],
        [80.95603, 26.56091],
        [80.95629, 26.56082],
        [80.95656, 26.56076],
        [80.95694, 26.56076],
        [80.95732, 26.5608],
        [80.95768, 26.56087],
        [80.95804, 26.56099],
        [80.95839, 26.56115],
        [80.95872, 26.56133],
        [80.95902, 26.56156],
        [80.9593, 26.56181],
        [80.95963, 26.56222],
        [80.95984, 26.56244],
        [80.96011, 26.56257],
        [80.96041, 26.56261],
        [80.96071, 26.56255],
        [80.96099, 26.56242],
        [80.96125, 26.56226],
        [80.9615, 26.56207],
        [80.96171, 26.56186],
        [80.96206, 26.56162],
        [80.96231, 26.5615],
        [80.96256, 26.56139],
        [80.96281, 26.56129],
        [80.96307, 26.56119],
        [80.96333, 26.56111],
        [80.96359, 26.56102],
        [80.96386, 26.56095],
        [80.96413, 26.56089],
        [80.96432, 26.5608],
        [80.96449, 26.56069],
        [80.96465, 26.56055],
        [80.96479, 26.56039],
        [80.9649, 26.56021],
        [80.96499, 26.56002],
        [80.96505, 26.55982],
        [80.96508, 26.55962],
        [80.96508, 26.55941],
        [80.96506, 26.55914],
        [80.96504, 26.55887],
        [80.96502, 26.5586],
        [80.965, 26.55833],
        [80.96498, 26.55806],
        [80.96495, 26.55779],
        [80.96492, 26.55752],
        [80.96489, 26.55725],
        [80.96486, 26.55698],
        [80.96486, 26.55677],
        [80.9649, 26.55656],
        [80.96498, 26.55636],
        [80.9651, 26.55619],
        [80.96526, 26.55604],
        [80.96544, 26.55592],
        [80.96564, 26.55585],
        [80.96585, 26.55582],
        [80.96607, 26.55583],
        [80.96632, 26.55579],
        [80.96658, 26.5558],
        [80.96683, 26.55585],
        [80.96707, 26.55594],
        [80.9673, 26.55607],
        [80.96749, 26.55624],
        [80.96766, 26.55644],
        [80.96779, 26.55667],
        [80.96787, 26.55691],
        [80.968, 26.55725],
        [80.96824, 26.55752],
        [80.96856, 26.5577],
        [80.96892, 26.55774],
        [80.96928, 26.55772],
        [80.96963, 26.55774],
        [80.96997, 26.55777],
        [80.97032, 26.55782],
        [80.97066, 26.55789],
        [80.97098, 26.55794],
        [80.97131, 26.55796],
        [80.97163, 26.55793],
        [80.97195, 26.55786],
        [80.97226, 26.55775],
        [80.97255, 26.5576],
        [80.97282, 26.55742],
        [80.97306, 26.5572],
        [80.97327, 26.55696],
        [80.97341, 26.5567],
        [80.97348, 26.55643],
        [80.9735, 26.55614],
        [80.97346, 26.55585],
        [80.97336, 26.55559],
        [80.97322, 26.55534],
        [80.97302, 26.55513],
        [80.97278, 26.55497],
        [80.97252, 26.55485],
        [80.97228, 26.55468],
        [80.97203, 26.55454],
        [80.97176, 26.55443],
        [80.97148, 26.55433],
        [80.9712, 26.55427],
        [80.97091, 26.55423],
        [80.97062, 26.55422],
        [80.97032, 26.55423],
        [80.96986, 26.55428],
        [80.96951, 26.55424],
        [80.96918, 26.55411],
        [80.96889, 26.55391],
        [80.96865, 26.55364],
        [80.96843, 26.55355],
        [80.96819, 26.55347],
        [80.96796, 26.5534],
        [80.96771, 26.55336],
        [80.96747, 26.55333],
        [80.96722, 26.55332],
        [80.96698, 26.55333],
        [80.96673, 26.55335],
        [80.96649, 26.55339],
        [80.96626, 26.55342],
        [80.96602, 26.5534],
        [80.9658, 26.55334],
        [80.96558, 26.55323],
        [80.96543, 26.55306],
        [80.96539, 26.55282],
        [80.96542, 26.55258],
        [80.96552, 26.55236],
        [80.96569, 26.55219],
        [80.96587, 26.55186],
        [80.96596, 26.55169],
        [80.96613, 26.55136],
        [80.96621, 26.55119],
        [80.96629, 26.55102],
        [80.96644, 26.55068],
        [80.96655, 26.55047],
        [80.96669, 26.55026],
        [80.96685, 26.55008],
        [80.96702, 26.54991],
        [80.96722, 26.54977],
        [80.96743, 26.54964],
        [80.96765, 26.54954],
        [80.96789, 26.54947],
        [80.96813, 26.54943],
        [80.96865, 26.54952],
        [80.96892, 26.54976],
        [80.96906, 26.55009],
        [80.96903, 26.55046],
        [80.96902, 26.55064],
        [80.96902, 26.55083],
        [80.96906, 26.55119],
        [80.9691, 26.55137],
        [80.96921, 26.55173],
        [80.96936, 26.55206],
        [80.96956, 26.55224],
        [80.96977, 26.55239],
        [80.96999, 26.55254],
        [80.97022, 26.55267],
        [80.97046, 26.55279],
        [80.9707, 26.55289],
        [80.97095, 26.55297],
        [80.97121, 26.55304],
        [80.97147, 26.55309],
        [80.97169, 26.55322],
        [80.97193, 26.55333],
        [80.97218, 26.55342],
        [80.97244, 26.55348],
        [80.9727, 26.55352],
        [80.97296, 26.55353],
        [80.97322, 26.55352],
        [80.97349, 26.55348],
        [80.97374, 26.55342],
        [80.97415, 26.55339],
        [80.97456, 26.55337],
        [80.97496, 26.55335],
        [80.97537, 26.55334],
        [80.97578, 26.55334],
        [80.97619, 26.55334],
        [80.9766, 26.55335],
        [80.977, 26.55337],
        [80.97741, 26.55339],
        [80.97777, 26.5533],
        [80.97812, 26.5532],
        [80.97847, 26.55308],
        [80.97881, 26.55295],
        [80.97915, 26.5528],
        [80.97949, 26.55265],
        [80.97981, 26.55248],
        [80.98014, 26.5523],
        [80.98045, 26.55211],
        [80.98072, 26.55195],
        [80.98097, 26.55174],
        [80.98119, 26.55151],
        [80.98137, 26.55125],
        [80.98151, 26.55096],
        [80.98161, 26.55066],
        [80.98166, 26.55035],
        [80.98167, 26.55003],
        [80.98163, 26.54971],
        [80.98159, 26.54945],
        [80.98154, 26.54919],
        [80.98147, 26.54893],
        [80.98139, 26.54868],
        [80.98129, 26.54843],
        [80.98118, 26.54819],
        [80.98106, 26.54795],
        [80.98093, 26.54772],
        [80.98078, 26.5475],
        [80.98064, 26.54733],
        [80.98049, 26.54715],
        [80.98034, 26.54698],
        [80.98019, 26.54681],
        [80.98003, 26.54665],
        [80.97987, 26.54649],
        [80.97971, 26.54633],
        [80.97954, 26.54617],
        [80.97937, 26.54602],
        [80.97924, 26.54571],
        [80.97921, 26.54537],
        [80.9793, 26.54504],
        [80.97948, 26.54476],
        [80.97976, 26.5446],
        [80.98009, 26.54456],
        [80.98042, 26.54459],
        [80.98073, 26.54467],
        [80.98103, 26.54482],
        [80.98126, 26.54496],
        [80.98149, 26.54513],
        [80.9817, 26.5453],
        [80.9819, 26.54548],
        [80.9821, 26.54568],
        [80.98228, 26.54588],
        [80.98245, 26.5461],
        [80.98262, 26.54632],
        [80.98277, 26.54655],
        [80.98294, 26.5468],
        [80.98313, 26.54704],
        [80.98334, 26.54727],
        [80.98357, 26.54747],
        [80.98381, 26.54766],
        [80.98407, 26.54784],
        [80.98434, 26.54799],
        [80.98461, 26.54812],
        [80.9849, 26.54823],
        [80.98521, 26.54831],
        [80.98553, 26.54835],
        [80.98586, 26.54834],
        [80.98617, 26.54829],
        [80.98648, 26.54819],
        [80.98677, 26.54804],
        [80.98703, 26.54785],
        [80.98726, 26.54763],
        [80.98746, 26.54738],
        [80.98758, 26.54706],
        [80.98766, 26.54673],
        [80.98771, 26.5464],
        [80.98773, 26.54606],
        [80.98771, 26.54572],
        [80.98767, 26.54538],
        [80.98759, 26.54505],
        [80.98748, 26.54474],
        [80.98734, 26.54443],
        [80.98724, 26.54419],
        [80.98713, 26.54396],
        [80.98701, 26.54374],
        [80.98687, 26.54353],
        [80.98672, 26.54332],
        [80.98655, 26.54313],
        [80.98637, 26.54295],
        [80.98618, 26.54278],
        [80.98598, 26.54262],
        [80.98562, 26.54249],
        [80.98529, 26.5423],
        [80.985, 26.54205],
        [80.98475, 26.54175],
        [80.98465, 26.54159],
        [80.98462, 26.54135],
        [80.98461, 26.54111],
        [80.98461, 26.54086],
        [80.98463, 26.54062],
        [80.98466, 26.54038],
        [80.98472, 26.54014],
        [80.98479, 26.53991],
        [80.98487, 26.53968],
        [80.98498, 26.53946],
        [80.98517, 26.53919],
        [80.98538, 26.53895],
        [80.9856, 26.53871],
        [80.98583, 26.53848],
        [80.98608, 26.53827],
        [80.98634, 26.53808],
        [80.98661, 26.5379],
        [80.9869, 26.53774],
        [80.98719, 26.5376],
        [80.98747, 26.53741],
        [80.98775, 26.53721],
        [80.98802, 26.53701],
        [80.98829, 26.5368],
        [80.98856, 26.53658],
        [80.98882, 26.53637],
        [80.98908, 26.53614],
        [80.98933, 26.53591],
        [80.98958, 26.53568],
        [80.98981, 26.53551],
        [80.99006, 26.53538],
        [80.99032, 26.53528],
        [80.99059, 26.53521],
        [80.99087, 26.53518],
        [80.99116, 26.53518],
        [80.99144, 26.53522],
        [80.99171, 26.53529],
        [80.99197, 26.5354],
        [80.9922, 26.53548],
        [80.99243, 26.53558],
        [80.99264, 26.5357],
        [80.99285, 26.53584],
        [80.99304, 26.536],
        [80.99321, 26.53617],
        [80.99337, 26.53636],
        [80.99351, 26.53657],
        [80.99363, 26.53678],
        [80.99378, 26.53711],
        [80.99406, 26.53734],
        [80.99441, 26.53742],
        [80.99476, 26.53733],
        [80.99505, 26.53713],
        [80.99532, 26.53688],
        [80.99554, 26.53659],
        [80.9957, 26.53627],
        [80.99581, 26.53593],
        [80.99584, 26.5357],
        [80.99588, 26.53548],
        [80.99593, 26.53526],
        [80.99599, 26.53504],
        [80.99606, 26.53482],
        [80.99614, 26.53461],
        [80.99623, 26.5344],
        [80.99633, 26.5342],
        [80.99644, 26.534],
        [80.99668, 26.53385],
        [80.99695, 26.53376],
        [80.99738, 26.53376],
        [80.99765, 26.53384],
        [80.99834, 26.53423],
        [80.99965, 26.53343],
        [81.00091, 26.53275],
        [81.0018, 26.53154],
        [81.00206, 26.52951],
        [81.00233, 26.52883],
        [81.00371, 26.52805],
        [81.00458, 26.52726],
        [81.00454, 26.52717],
        [81.00422, 26.52658],
        [81.00322, 26.52601],
        [81.00183, 26.52477],
        [81.00172, 26.52353],
        [81.00239, 26.52105],
        [81.00415, 26.51823],
        [81.00415, 26.51755],
        [81.00378, 26.51688],
        [81.00177, 26.51597],
        [81.00015, 26.51537],
        [80.99792, 26.51435],
        [80.99692, 26.51367],
        [80.99693, 26.51243],
        [80.99775, 26.51169],
        [80.99824, 26.51207],
        [80.99994, 26.51206],
        [81.00157, 26.51149],
        [81.00271, 26.51067],
        [81.00395, 26.5101],
        [81.00526, 26.51014],
        [81.00661, 26.51031],
        [81.00753, 26.5101],
        [81.00785, 26.50933],
        [81.00786, 26.50854],
        [81.00699, 26.50697],
        [81.0065, 26.50591],
        [81.00683, 26.50506],
        [81.00722, 26.50423],
        [81.00723, 26.50372],
        [81.00684, 26.50327],
        [81.00585, 26.5033],
        [81.00446, 26.50367],
        [81.00336, 26.50405],
        [81.00205, 26.5041],
        [81.00138, 26.50439],
        [81.00063, 26.50514],
        [81.00002, 26.50635],
        [80.99909, 26.50749],
        [80.99852, 26.50803],
        [80.9972, 26.50824],
        [80.99579, 26.50811],
        [80.9942, 26.50724],
        [80.99382, 26.50622],
        [80.99354, 26.50529],
        [80.99309, 26.50443],
        [80.99196, 26.50353],
        [80.99134, 26.50193],
        [80.99142, 26.50056],
        [80.99225, 26.49929],
        [80.99352, 26.49892],
        [80.99515, 26.49893],
        [80.9965, 26.49833],
        [80.99733, 26.49668],
        [80.99773, 26.49506],
        [80.99809, 26.49429],
        [81.00086, 26.49371],
        [81.00199, 26.49352],
        [81.00313, 26.49334],
        [81.0036, 26.49235],
        [81.003, 26.49124],
        [81.0022, 26.49021],
        [81.00196, 26.48884],
        [81.00198, 26.48654],
        [81.00147, 26.4839],
        [81.00115, 26.48342],
        [81.00031, 26.48188],
        [80.99934, 26.47962],
        [80.99893, 26.47741],
        [80.99754, 26.4749],
        [80.99632, 26.47336],
        [80.99552, 26.47297],
        [80.99458, 26.47297],
        [80.9927, 26.47219],
        [80.99147, 26.47171],
        [80.99029, 26.47145],
        [80.99033, 26.47324],
        [80.99136, 26.47388],
        [80.99277, 26.47538],
        [80.99293, 26.4781],
        [80.99202, 26.4797],
        [80.9915, 26.48047],
        [80.99022, 26.48046],
        [80.98937, 26.48054],
        [80.98838, 26.48112],
        [80.98818, 26.4818],
        [80.98832, 26.48236],
        [80.98921, 26.48338],
        [80.99033, 26.48449],
        [80.99061, 26.4853],
        [80.99032, 26.48551],
        [80.98961, 26.48581],
        [80.98853, 26.48525],
        [80.98745, 26.4846],
        [80.98689, 26.48447],
        [80.98613, 26.48493],
        [80.98509, 26.48493],
        [80.98448, 26.48446],
        [80.98453, 26.48365],
        [80.98548, 26.48264],
        [80.98753, 26.48048],
        [80.98806, 26.47959],
        [80.98793, 26.47853],
        [80.98712, 26.47831],
        [80.98608, 26.47848],
        [80.98509, 26.47877],
        [80.98429, 26.4783],
        [80.98411, 26.47698],
        [80.98238, 26.47484],
        [80.98164, 26.47365],
        [80.98183, 26.4728],
        [80.98245, 26.47255],
        [80.98292, 26.47255],
        [80.98368, 26.47243],
        [80.98425, 26.47154],
        [80.98431, 26.47014],
        [80.98474, 26.46904],
        [80.98583, 26.46841],
        [80.98872, 26.46808],
        [80.99018, 26.4675],
        [80.99109, 26.46644],
        [80.99134, 26.46466],
        [80.99099, 26.46117],
        [80.99095, 26.46015],
        [80.99176, 26.4591],
        [80.99314, 26.45775],
        [80.99453, 26.4558],
        [80.99321, 26.45567],
        [80.99179, 26.45595],
        [80.99103, 26.45603],
        [80.98995, 26.45569],
        [80.98934, 26.45509],
        [80.98982, 26.45411],
        [80.99044, 26.45361],
        [80.99185, 26.45362],
        [80.99322, 26.45397],
        [80.9943, 26.4541],
        [80.99496, 26.45432],
        [80.99526, 26.45304],
        [80.99512, 26.45185],
        [80.99419, 26.4507],
        [80.9942, 26.44981],
        [80.99557, 26.44897],
        [80.99699, 26.44804],
        [80.99875, 26.44682],
        [81.00009, 26.445],
        [81.00123, 26.44297],
        [81.00248, 26.44124],
        [81.00385, 26.44035],
        [81.00447, 26.43955],
        [81.00589, 26.43862],
        [81.00641, 26.43863],
        [81.00807, 26.43809],
        [81.00964, 26.43691],
        [81.0112, 26.43641],
        [81.01309, 26.43553],
        [81.0139, 26.4346],
        [81.01462, 26.43354],
        [81.01453, 26.43286],
        [81.01368, 26.43209],
        [81.01139, 26.42999],
        [81.01064, 26.42871],
        [81.01047, 26.42722],
        [81.0109, 26.42599],
        [81.0111, 26.42493],
        [81.01144, 26.42383],
        [81.01153, 26.42354],
        [81.0129, 26.42346],
        [81.01361, 26.42389],
        [81.0146, 26.42385],
        [81.01545, 26.42377],
        [81.0163, 26.42289],
        [81.01636, 26.42127],
        [81.01647, 26.42017],
        [81.01723, 26.41928],
        [81.01808, 26.41937],
        [81.01873, 26.41984],
        [81.01925, 26.42069],
        [81.01971, 26.4221],
        [81.01989, 26.42333],
        [81.0204, 26.42372],
        [81.02121, 26.42364],
        [81.02178, 26.42275],
        [81.02388, 26.42009],
        [81.02469, 26.4186],
        [81.02592, 26.41768],
        [81.02612, 26.41687],
        [81.02543, 26.41487],
        [81.02553, 26.41317],
        [81.02596, 26.41279],
        [81.02667, 26.4133],
        [81.0277, 26.4137],
        [81.03029, 26.41439],
        [81.03133, 26.41457],
        [81.0319, 26.4141],
        [81.03186, 26.41313],
        [81.03073, 26.41235],
        [81.03064, 26.41137],
        [81.03038, 26.40929],
        [81.02967, 26.40861],
        [81.02835, 26.40873],
        [81.02708, 26.40893],
        [81.02613, 26.40863],
        [81.0251, 26.40756],
        [81.02488, 26.4062],
        [81.02545, 26.40514],
        [81.02617, 26.40459],
        [81.02627, 26.40387],
        [81.02557, 26.40251],
        [81.02576, 26.40191],
        [81.02741, 26.40196],
        [81.02845, 26.40176],
        [81.02851, 26.40061],
        [81.02862, 26.39891],
        [81.02881, 26.39811],
        [81.02912, 26.39767],
        [81.03, 26.39642],
        [81.03057, 26.39557],
        [81.03109, 26.39566],
        [81.03156, 26.39689],
        [81.03221, 26.39749],
        [81.03311, 26.3969],
        [81.0336, 26.39542],
        [81.03314, 26.39299],
        [81.03293, 26.38981],
        [81.03389, 26.38756],
        [81.03395, 26.38637],
        [81.03306, 26.38526],
        [81.031, 26.38325],
        [81.03049, 26.38214],
        [81.0305, 26.38091],
        [81.03131, 26.37981],
        [81.03235, 26.37969],
        [81.03333, 26.38016],
        [81.03323, 26.38131],
        [81.03323, 26.38212],
        [81.03412, 26.38276],
        [81.03534, 26.38307],
        [81.03629, 26.38277],
        [81.03728, 26.38248],
        [81.03766, 26.38176],
        [81.03771, 26.38108],
        [81.0366, 26.37933],
        [81.0367, 26.37827],
        [81.03736, 26.37751],
        [81.03854, 26.37765],
        [81.04014, 26.37791],
        [81.04194, 26.3775],
        [81.04416, 26.37734],
        [81.04562, 26.37735],
        [81.04585, 26.37778],
        [81.04618, 26.37867],
        [81.04632, 26.3788],
        [81.04722, 26.37859],
        [81.04849, 26.37813],
        [81.0492, 26.37754],
        [81.05072, 26.37645],
        [81.05129, 26.3756],
        [81.0505, 26.37491],
        [81.04833, 26.37397],
        [81.04731, 26.37281],
        [81.04651, 26.37166],
        [81.04463, 26.37089],
        [81.04265, 26.37032],
        [81.04133, 26.37065],
        [81.03979, 26.36886],
        [81.03932, 26.36839],
        [81.03824, 26.36825],
        [81.03772, 26.36753],
        [81.03773, 26.36668],
        [81.03783, 26.36613],
        [81.03685, 26.36404],
        [81.03644, 26.36272],
        [81.03592, 26.36225],
        [81.03432, 26.3619],
        [81.03324, 26.36181],
        [81.03201, 26.36227],
        [81.03106, 26.3623],
        [81.0306, 26.36154],
        [81.02672, 26.36245],
        [81.02469, 26.36294],
        [81.02375, 26.36336],
        [81.02276, 26.3634],
        [81.02133, 26.36322],
        [81.01997, 26.36227],
        [81.0194, 26.36039],
        [81.01792, 26.35886],
        [81.01708, 26.35792],
        [81.01507, 26.35708],
        [81.01351, 26.35713],
        [81.01286, 26.3566],
        [81.01267, 26.35607],
        [81.01189, 26.35648],
        [81.01163, 26.35624],
        [81.01078, 26.35665],
        [81.01001, 26.35582],
        [81.00975, 26.35611],
        [81.00929, 26.35576],
        [81.00845, 26.35605],
        [81.00522, 26.35228],
        [81.00341, 26.35139],
        [81.00225, 26.35074],
        [81.00114, 26.35049],
        [81.00049, 26.35096],
        [80.99939, 26.35042],
        [80.99861, 26.3496],
        [80.99843, 26.34813],
        [80.99844, 26.34667],
        [80.9978, 26.34561],
        [80.99683, 26.34472],
        [80.99697, 26.34408],
        [80.99671, 26.34326],
        [80.99691, 26.34279],
        [80.99685, 26.3425],
        [80.99626, 26.34261],
        [80.996, 26.34249],
        [80.99633, 26.34214],
        [80.99659, 26.34185],
        [80.99673, 26.34133],
        [80.99699, 26.34162],
        [80.99744, 26.34162],
        [80.99725, 26.34074],
        [80.99764, 26.34063],
        [80.9983, 26.34034],
        [80.99658, 26.33593],
        [80.99854, 26.33442],
        [81.00128, 26.33339],
        [81.00258, 26.33263],
        [81.00292, 26.33176],
        [81.00068, 26.32612],
        [80.99896, 26.32166],
        [80.99858, 26.32031],
        [81.00093, 26.31909],
        [80.99931, 26.31642],
        [80.99731, 26.31226],
        [80.99591, 26.31108],
        [80.99572, 26.31094],
        [80.99549, 26.31087],
        [80.99514, 26.3109],
        [80.99493, 26.311],
        [80.99474, 26.31111],
        [80.99453, 26.31119],
        [80.99432, 26.31124],
        [80.9941, 26.31126],
        [80.9938, 26.31132],
        [80.99365, 26.31155],
        [80.99345, 26.31185],
        [80.99325, 26.31214],
        [80.99305, 26.31244],
        [80.99285, 26.31273],
        [80.99267, 26.3129],
        [80.99248, 26.31307],
        [80.9923, 26.31324],
        [80.99212, 26.31341],
        [80.99194, 26.31358],
        [80.99177, 26.31376],
        [80.99159, 26.31394],
        [80.99142, 26.31411],
        [80.99113, 26.31446],
        [80.99088, 26.31456],
        [80.99055, 26.31449],
        [80.99016, 26.3144],
        [80.98978, 26.31431],
        [80.98939, 26.31424],
        [80.98899, 26.31418],
        [80.98873, 26.31409],
        [80.98846, 26.31401],
        [80.98818, 26.31395],
        [80.9879, 26.3139],
        [80.98762, 26.31386],
        [80.98734, 26.31384],
        [80.98706, 26.31384],
        [80.98677, 26.31385],
        [80.9863, 26.3139],
        [80.98593, 26.3138],
        [80.98572, 26.31361],
        [80.98548, 26.31342],
        [80.98524, 26.31323],
        [80.985, 26.31305],
        [80.98477, 26.31287],
        [80.98453, 26.31268],
        [80.98429, 26.3125],
        [80.98405, 26.31231],
        [80.98381, 26.31213],
        [80.98357, 26.31195],
        [80.98332, 26.31178],
        [80.98307, 26.3116],
        [80.98282, 26.31141],
        [80.98259, 26.31122],
        [80.98236, 26.31102],
        [80.98214, 26.3108],
        [80.98193, 26.31058],
        [80.98172, 26.31036],
        [80.98152, 26.31012],
        [80.98125, 26.30994],
        [80.98095, 26.3098],
        [80.98064, 26.30968],
        [80.98032, 26.3096],
        [80.98, 26.30957],
        [80.97967, 26.30956],
        [80.97934, 26.3096],
        [80.97902, 26.30967],
        [80.9787, 26.30978],
        [80.97839, 26.30984],
        [80.97807, 26.30991],
        [80.97776, 26.30999],
        [80.97745, 26.31008],
        [80.97714, 26.31019],
        [80.97684, 26.3103],
        [80.97654, 26.31042],
        [80.97625, 26.31056],
        [80.97581, 26.31085],
        [80.97555, 26.31094],
        [80.97523, 26.31093],
        [80.97487, 26.31092],
        [80.97451, 26.31092],
        [80.97415, 26.31091],
        [80.97379, 26.3109],
        [80.97351, 26.31084],
        [80.97324, 26.31075],
        [80.97298, 26.31063],
        [80.97273, 26.31046],
        [80.97255, 26.31028],
        [80.97237, 26.31012],
        [80.97217, 26.31001],
        [80.97182, 26.30999],
        [80.97153, 26.3101],
        [80.97123, 26.31017],
        [80.97106, 26.31002],
        [80.97108, 26.30981],
        [80.97107, 26.30961],
        [80.97106, 26.30942],
        [80.97104, 26.30923],
        [80.97101, 26.30904],
        [80.97081, 26.30875],
        [80.97038, 26.30867],
        [80.97015, 26.30865],
        [80.96992, 26.30862],
        [80.96969, 26.30857],
        [80.96946, 26.3085],
        [80.96924, 26.30842],
        [80.96903, 26.30829],
        [80.96885, 26.30812],
        [80.96871, 26.30792],
        [80.96861, 26.3077],
        [80.96848, 26.30736],
        [80.96836, 26.30702],
        [80.9683, 26.30678],
        [80.96814, 26.30666],
        [80.96778, 26.30669],
        [80.96753, 26.30674],
        [80.96728, 26.3068],
        [80.96703, 26.30686],
        [80.96671, 26.30691],
        [80.96644, 26.30686],
        [80.96621, 26.30667],
        [80.96589, 26.30662],
        [80.96563, 26.30681],
        [80.96535, 26.30691],
        [80.96505, 26.30694],
        [80.96483, 26.30683],
        [80.96458, 26.30695],
        [80.96436, 26.30709],
        [80.9642, 26.3072],
        [80.96394, 26.30734],
        [80.96357, 26.30748],
        [80.96322, 26.30756],
        [80.96285, 26.30757],
        [80.96249, 26.3075],
        [80.96221, 26.30757],
        [80.96199, 26.30769],
        [80.96177, 26.30778],
        [80.96153, 26.30785],
        [80.96129, 26.30789],
        [80.96103, 26.30791],
        [80.96077, 26.30796],
        [80.96051, 26.30803],
        [80.96026, 26.30813],
        [80.96002, 26.30825],
        [80.95982, 26.3083],
        [80.95962, 26.30836],
        [80.95942, 26.30842],
        [80.95923, 26.3085],
        [80.95904, 26.30859],
        [80.95885, 26.30868],
        [80.95867, 26.30879],
        [80.9585, 26.3089],
        [80.95818, 26.30904],
        [80.95793, 26.30899],
        [80.95778, 26.30882],
        [80.95764, 26.30861],
        [80.95744, 26.30842],
        [80.95713, 26.30858],
        [80.95694, 26.30834],
        [80.95673, 26.30828],
        [80.95648, 26.30836],
        [80.95624, 26.30846],
        [80.956, 26.30855],
        [80.95577, 26.30865],
        [80.95556, 26.30875],
        [80.95536, 26.30884],
        [80.95514, 26.30891],
        [80.95492, 26.30867],
        [80.95486, 26.30841],
        [80.95479, 26.30815],
        [80.9546, 26.30803],
        [80.95428, 26.30819],
        [80.95399, 26.30834],
        [80.95371, 26.3085],
        [80.95342, 26.30866],
        [80.9531, 26.3088],
        [80.95276, 26.30892],
        [80.95245, 26.30903],
        [80.95226, 26.30882],
        [80.95207, 26.3085],
        [80.95192, 26.30817],
        [80.95165, 26.30809],
        [80.95144, 26.30816],
        [80.95124, 26.30823],
        [80.95104, 26.3083],
        [80.95084, 26.30837],
        [80.95063, 26.30844],
        [80.95043, 26.30852],
        [80.95023, 26.30859],
        [80.95003, 26.30867],
        [80.94983, 26.30874],
        [80.9496, 26.30883],
        [80.94938, 26.30893],
        [80.94915, 26.30903],
        [80.94892, 26.30912],
        [80.9487, 26.30922],
        [80.94848, 26.30933],
        [80.94825, 26.30943],
        [80.94803, 26.30953],
        [80.94771, 26.30968],
        [80.94736, 26.30982],
        [80.94736, 26.31002],
        [80.94748, 26.31017],
        [80.9476, 26.31033],
        [80.94772, 26.31048],
        [80.94785, 26.31063],
        [80.94799, 26.31077],
        [80.94813, 26.31091],
        [80.94827, 26.31105],
        [80.94841, 26.31118],
        [80.9487, 26.31145],
        [80.94881, 26.3116],
        [80.94889, 26.31177],
        [80.94896, 26.31195],
        [80.94899, 26.31214],
        [80.949, 26.31233],
        [80.94898, 26.31252],
        [80.94894, 26.31271],
        [80.94887, 26.31289],
        [80.94877, 26.31306],
        [80.94867, 26.31323],
        [80.94857, 26.3134],
        [80.94847, 26.31357],
        [80.94836, 26.31374],
        [80.94825, 26.31391],
        [80.94813, 26.31407],
        [80.94802, 26.31423],
        [80.94784, 26.31445],
        [80.94761, 26.31466],
        [80.94736, 26.31486],
        [80.94712, 26.31513],
        [80.94684, 26.31538],
        [80.94654, 26.3156],
        [80.94622, 26.31578],
        [80.94599, 26.31587],
        [80.94574, 26.31594],
        [80.94551, 26.31607],
        [80.9453, 26.31617],
        [80.94509, 26.31628],
        [80.94489, 26.3164],
        [80.94469, 26.31653],
        [80.94451, 26.31668],
        [80.94434, 26.31684],
        [80.94417, 26.31701],
        [80.94402, 26.31719],
        [80.94388, 26.31738],
        [80.94366, 26.31758],
        [80.94343, 26.31778],
        [80.94321, 26.31798],
        [80.94299, 26.31819],
        [80.94276, 26.31839],
        [80.94254, 26.31859],
        [80.94232, 26.31879],
        [80.94209, 26.31899],
        [80.94178, 26.31926],
        [80.94163, 26.31942],
        [80.94154, 26.31962],
        [80.94153, 26.31984],
        [80.94158, 26.32005],
        [80.94167, 26.3204],
        [80.94169, 26.32077],
        [80.94165, 26.32113],
        [80.94154, 26.32147],
        [80.94141, 26.32173],
        [80.94134, 26.32194],
        [80.94131, 26.32215],
        [80.94132, 26.32237],
        [80.94138, 26.32258],
        [80.94151, 26.32282],
        [80.94164, 26.32305],
        [80.94178, 26.32329],
        [80.94192, 26.32352],
        [80.94206, 26.32375],
        [80.9422, 26.32398],
        [80.94235, 26.32421],
        [80.9425, 26.32443],
        [80.94266, 26.32466],
        [80.94282, 26.32486],
        [80.943, 26.32503],
        [80.94319, 26.32519],
        [80.94341, 26.32533],
        [80.9436, 26.32547],
        [80.94378, 26.3256],
        [80.94396, 26.32574],
        [80.94414, 26.32586],
        [80.94433, 26.32599],
        [80.94458, 26.32618],
        [80.94472, 26.32646],
        [80.94483, 26.32677],
        [80.94495, 26.32708],
        [80.94505, 26.32733],
        [80.94516, 26.3275],
        [80.94531, 26.32765],
        [80.94548, 26.32776],
        [80.94576, 26.32788],
        [80.94607, 26.32808],
        [80.94634, 26.32835],
        [80.94649, 26.32852],
        [80.94663, 26.32871],
        [80.94677, 26.32889],
        [80.94691, 26.32907],
        [80.94704, 26.32926],
        [80.94717, 26.32945],
        [80.9473, 26.32964],
        [80.94742, 26.32984],
        [80.94754, 26.33004],
        [80.9477, 26.33024],
        [80.94785, 26.33044],
        [80.948, 26.33065],
        [80.94814, 26.33086],
        [80.94828, 26.33108],
        [80.94842, 26.33129],
        [80.94855, 26.33151],
        [80.94868, 26.33173],
        [80.94886, 26.33213],
        [80.94875, 26.33233],
        [80.94855, 26.33253],
        [80.94836, 26.33273],
        [80.94816, 26.33293],
        [80.94796, 26.33313],
        [80.94782, 26.33326],
        [80.94774, 26.33346],
        [80.94786, 26.33367],
        [80.94781, 26.33393],
        [80.94766, 26.33407],
        [80.94752, 26.33423],
        [80.94748, 26.33448],
        [80.94764, 26.33466],
        [80.94775, 26.33486],
        [80.94768, 26.33505],
        [80.94755, 26.33523],
        [80.94742, 26.33542],
        [80.94729, 26.33561],
        [80.94717, 26.3358],
        [80.94706, 26.33601],
        [80.94698, 26.33623],
        [80.94692, 26.33647],
        [80.94688, 26.33671],
        [80.94686, 26.33695],
        [80.94684, 26.33713],
        [80.94681, 26.33732],
        [80.94678, 26.3375],
        [80.94675, 26.33768],
        [80.94671, 26.33786],
        [80.94666, 26.33805],
        [80.94662, 26.33822],
        [80.94656, 26.3384],
        [80.94651, 26.33858],
        [80.94642, 26.33892],
        [80.94639, 26.33926],
        [80.94641, 26.33956],
        [80.94657, 26.33978],
        [80.94683, 26.33997],
        [80.94708, 26.34022],
        [80.9473, 26.34051],
        [80.94749, 26.34082],
        [80.94763, 26.34115],
        [80.94773, 26.34143],
        [80.94781, 26.34172],
        [80.94788, 26.342],
        [80.94793, 26.34229],
        [80.94798, 26.34259],
        [80.94801, 26.34288],
        [80.94803, 26.34318],
        [80.94803, 26.34347],
        [80.94802, 26.34377],
        [80.94801, 26.34428],
        [80.94799, 26.34479],
        [80.94795, 26.34529],
        [80.94791, 26.3458],
        [80.94785, 26.34631],
        [80.94778, 26.34681],
        [80.9477, 26.34731],
        [80.94761, 26.34781],
        [80.94751, 26.34831],
        [80.94739, 26.34866],
        [80.94726, 26.349],
        [80.94711, 26.34934],
        [80.94695, 26.34967],
        [80.94682, 26.34992],
        [80.94671, 26.35008],
        [80.94657, 26.35023],
        [80.94641, 26.35035],
        [80.94623, 26.35044],
        [80.94595, 26.35059],
        [80.94567, 26.35074],
        [80.94539, 26.35089],
        [80.94512, 26.35105],
        [80.94484, 26.35121],
        [80.94457, 26.35138],
        [80.9443, 26.35155],
        [80.94403, 26.35172],
        [80.94364, 26.35197],
        [80.94338, 26.35213],
        [80.94312, 26.35229],
        [80.94287, 26.35246],
        [80.94262, 26.35263],
        [80.94243, 26.35278],
        [80.94227, 26.35296],
        [80.94213, 26.35315],
        [80.94202, 26.35337],
        [80.94199, 26.35361],
        [80.94195, 26.35386],
        [80.94182, 26.35409],
        [80.94163, 26.35426],
        [80.9414, 26.35436],
        [80.94118, 26.35446],
        [80.94095, 26.35457],
        [80.94074, 26.35469],
        [80.94052, 26.3548],
        [80.9403, 26.35493],
        [80.94009, 26.35505],
        [80.93988, 26.35518],
        [80.93967, 26.35532],
        [80.93932, 26.35557],
        [80.93901, 26.3558],
        [80.9387, 26.35603],
        [80.93838, 26.35626],
        [80.93807, 26.35649],
        [80.93783, 26.35668],
        [80.9376, 26.35689],
        [80.93737, 26.35709],
        [80.93715, 26.35731],
        [80.93694, 26.35753],
        [80.93673, 26.35775],
        [80.93652, 26.35798],
        [80.93633, 26.35822],
        [80.93607, 26.35862],
        [80.93597, 26.35882],
        [80.93581, 26.359],
        [80.93569, 26.35869],
        [80.93566, 26.35846],
        [80.93562, 26.35823],
        [80.93558, 26.358],
        [80.93554, 26.35777],
        [80.9355, 26.35754],
        [80.93546, 26.35731],
        [80.93541, 26.35708],
        [80.93537, 26.35685],
        [80.93528, 26.35629],
        [80.93519, 26.35574],
        [80.9351, 26.35519],
        [80.935, 26.35463],
        [80.93491, 26.35408],
        [80.9348, 26.35353],
        [80.9347, 26.35297],
        [80.9346, 26.35242],
        [80.93449, 26.35187],
        [80.93448, 26.35167],
        [80.93447, 26.35146],
        [80.93445, 26.35126],
        [80.93442, 26.35105],
        [80.93433, 26.35065],
        [80.93421, 26.35036],
        [80.93405, 26.35009],
        [80.93386, 26.34985],
        [80.93364, 26.34963],
        [80.93339, 26.34944],
        [80.93312, 26.34929],
        [80.93283, 26.34918],
        [80.93252, 26.3491],
        [80.93219, 26.34904],
        [80.93185, 26.34899],
        [80.93152, 26.34895],
        [80.93118, 26.34891],
        [80.93084, 26.34888],
        [80.9305, 26.34886],
        [80.93016, 26.34885],
        [80.92982, 26.34885],
        [80.92948, 26.34885],
        [80.92927, 26.34888],
        [80.92906, 26.34885],
        [80.92887, 26.34877],
        [80.92871, 26.34863],
        [80.92857, 26.34847],
        [80.92842, 26.34832],
        [80.92827, 26.34818],
        [80.92811, 26.34804],
        [80.92795, 26.34791],
        [80.92792, 26.34762],
        [80.92812, 26.34747],
        [80.92832, 26.34728],
        [80.92849, 26.34707],
        [80.92835, 26.34688],
        [80.92814, 26.34665],
        [80.9279, 26.34643],
        [80.92764, 26.34645],
        [80.92741, 26.34657],
        [80.92718, 26.34669],
        [80.92696, 26.34683],
        [80.92674, 26.34697],
        [80.92652, 26.34709],
        [80.92628, 26.34717],
        [80.92599, 26.34725],
        [80.92581, 26.3469],
        [80.92578, 26.34671],
        [80.92576, 26.34652],
        [80.92574, 26.34633],
        [80.92572, 26.34614],
        [80.9257, 26.34595],
        [80.92568, 26.34575],
        [80.92567, 26.34556],
        [80.92566, 26.34537],
        [80.9256, 26.34501],
        [80.92555, 26.34466],
        [80.92549, 26.3443],
        [80.92544, 26.34394],
        [80.92539, 26.34358],
        [80.92534, 26.34322],
        [80.92529, 26.34286],
        [80.92525, 26.34251],
        [80.9252, 26.34215],
        [80.92518, 26.34194],
        [80.92517, 26.34173],
        [80.92505, 26.34158],
        [80.92479, 26.34168],
        [80.92453, 26.34177],
        [80.92427, 26.34186],
        [80.92401, 26.34195],
        [80.92379, 26.34202],
        [80.92342, 26.34215],
        [80.92304, 26.34226],
        [80.92268, 26.34235],
        [80.92233, 26.34244],
        [80.92197, 26.34253],
        [80.92162, 26.34263],
        [80.92134, 26.34271],
        [80.92114, 26.34278],
        [80.92097, 26.34292],
        [80.92115, 26.34309],
        [80.92141, 26.34324],
        [80.92163, 26.34338],
        [80.92172, 26.34362],
        [80.92174, 26.34385],
        [80.92176, 26.34407],
        [80.92178, 26.3443],
        [80.9218, 26.34453],
        [80.92182, 26.34475],
        [80.92183, 26.34498],
        [80.92184, 26.3452],
        [80.92185, 26.34543],
        [80.92186, 26.34566],
        [80.92191, 26.34601],
        [80.92195, 26.34635],
        [80.92198, 26.3467],
        [80.922, 26.34705],
        [80.92202, 26.34729],
        [80.92181, 26.34737],
        [80.92158, 26.34735],
        [80.92136, 26.34736],
        [80.92131, 26.34755],
        [80.9213, 26.34775],
        [80.92126, 26.34795],
        [80.9212, 26.34815],
        [80.92112, 26.34833],
        [80.92092, 26.34852],
        [80.9207, 26.34868],
        [80.92046, 26.34881],
        [80.9202, 26.3489],
        [80.91998, 26.34896],
        [80.91966, 26.34906],
        [80.91963, 26.34925],
        [80.91977, 26.34948],
        [80.91989, 26.34972],
        [80.92001, 26.34996],
        [80.92011, 26.3502],
        [80.92014, 26.35051],
        [80.91991, 26.35066],
        [80.91965, 26.35075],
        [80.91943, 26.35087],
        [80.91933, 26.35106],
        [80.91935, 26.35128],
        [80.91936, 26.3515],
        [80.91936, 26.35172],
        [80.91923, 26.3519],
        [80.91894, 26.3518],
        [80.91875, 26.35173],
        [80.91856, 26.35167],
        [80.91837, 26.35161],
        [80.91817, 26.35155],
        [80.91798, 26.35149],
        [80.91779, 26.35143],
        [80.9174, 26.35132],
        [80.91709, 26.35125],
        [80.91677, 26.35124],
        [80.91646, 26.3513],
        [80.91616, 26.35143],
        [80.91594, 26.3516],
        [80.91579, 26.35179],
        [80.9157, 26.35201],
        [80.91567, 26.35225],
        [80.9157, 26.35249],
        [80.9157, 26.35272],
        [80.9157, 26.35294],
        [80.91569, 26.35316],
        [80.91568, 26.35339],
        [80.91552, 26.3537],
        [80.91522, 26.35361],
        [80.91501, 26.35355],
        [80.91479, 26.35348],
        [80.91457, 26.35341],
        [80.91436, 26.35335],
        [80.91414, 26.35328],
        [80.91392, 26.35322],
        [80.91371, 26.35316],
        [80.91349, 26.3531],
        [80.91323, 26.35298],
        [80.91296, 26.35287],
        [80.9127, 26.35275],
        [80.91244, 26.35264],
        [80.91208, 26.35253],
        [80.91182, 26.35271],
        [80.91165, 26.35286],
        [80.91147, 26.35301],
        [80.9113, 26.35317],
        [80.91113, 26.35334],
        [80.91092, 26.35346],
        [80.9107, 26.35356],
        [80.91047, 26.35363],
        [80.91023, 26.35366],
        [80.90998, 26.35367],
        [80.90974, 26.35364],
        [80.9095, 26.35359],
        [80.90928, 26.3535],
        [80.90906, 26.35338],
        [80.9081, 26.35283],
        [80.90774, 26.35271],
        [80.90717, 26.35268],
        [80.9068, 26.35278],
        [80.90647, 26.35296],
        [80.90623, 26.35304],
        [80.90598, 26.35309],
        [80.90573, 26.3531],
        [80.90548, 26.35308],
        [80.90522, 26.35307],
        [80.90496, 26.35309],
        [80.90469, 26.35311],
        [80.90443, 26.35314],
        [80.90417, 26.35317],
        [80.90381, 26.35313],
        [80.9035, 26.35298],
        [80.90325, 26.35272],
        [80.90311, 26.3524],
        [80.90302, 26.35214],
        [80.90256, 26.35212],
        [80.90231, 26.35225],
        [80.90214, 26.35244],
        [80.90192, 26.35258],
        [80.90167, 26.35265],
        [80.90141, 26.35267],
        [80.90111, 26.35262],
        [80.90077, 26.35258],
        [80.90042, 26.35255],
        [80.90007, 26.35253],
        [80.89972, 26.35254],
        [80.89949, 26.35253],
        [80.89926, 26.35252],
        [80.89904, 26.35253],
        [80.89881, 26.35254],
        [80.89853, 26.35259],
        [80.89828, 26.35237],
        [80.89839, 26.35202],
        [80.89848, 26.35182],
        [80.89859, 26.35163],
        [80.89873, 26.35146],
        [80.8989, 26.35132],
        [80.89916, 26.35107],
        [80.89933, 26.35085],
        [80.89935, 26.35054],
        [80.89919, 26.35029],
        [80.899, 26.35007],
        [80.89885, 26.34985],
        [80.89883, 26.34963],
        [80.89888, 26.34941],
        [80.89906, 26.3492],
        [80.89906, 26.34891],
        [80.89894, 26.34875],
        [80.89854, 26.3488],
        [80.89835, 26.34896],
        [80.89819, 26.34913],
        [80.89795, 26.34925],
        [80.89767, 26.34905],
        [80.89741, 26.34878],
        [80.89709, 26.34846],
        [80.89682, 26.34826],
        [80.89654, 26.34807],
        [80.89627, 26.34787],
        [80.89599, 26.34768],
        [80.8958, 26.34754],
        [80.89561, 26.34739],
        [80.89542, 26.34724],
        [80.89524, 26.34708],
        [80.89506, 26.34691],
        [80.89489, 26.34675],
        [80.89472, 26.34657],
        [80.89456, 26.3464],
        [80.8944, 26.34622],
        [80.89422, 26.34605],
        [80.89404, 26.34588],
        [80.89386, 26.34572],
        [80.89367, 26.34555],
        [80.89349, 26.34539],
        [80.8933, 26.34524],
        [80.89311, 26.34508],
        [80.89292, 26.34493],
        [80.89273, 26.34478],
        [80.89249, 26.3446],
        [80.89224, 26.34443],
        [80.89198, 26.34428],
        [80.89172, 26.34415],
        [80.89149, 26.34403],
        [80.89127, 26.34398],
        [80.89105, 26.34402],
        [80.89087, 26.34415],
        [80.89075, 26.34434],
        [80.89074, 26.34459],
        [80.89078, 26.34483],
        [80.89085, 26.34507],
        [80.89097, 26.34528],
        [80.89115, 26.34552],
        [80.8913, 26.34581],
        [80.89137, 26.34614],
        [80.89137, 26.34647],
        [80.89128, 26.3468],
        [80.89111, 26.34713],
        [80.89105, 26.3473],
        [80.89101, 26.34749],
        [80.891, 26.34767],
        [80.89101, 26.34786],
        [80.89104, 26.34804],
        [80.89109, 26.34822],
        [80.89117, 26.3484],
        [80.8913, 26.34874],
        [80.89137, 26.3491],
        [80.8914, 26.34942],
        [80.8915, 26.34972],
        [80.89164, 26.34997],
        [80.89173, 26.35021],
        [80.89178, 26.35046],
        [80.8918, 26.35071],
        [80.89178, 26.35097],
        [80.89158, 26.35115],
        [80.89147, 26.3514],
        [80.89146, 26.35166],
        [80.89155, 26.35192],
        [80.89176, 26.35217],
        [80.89187, 26.35232],
        [80.89197, 26.35249],
        [80.89204, 26.35266],
        [80.89208, 26.35285],
        [80.89211, 26.35304],
        [80.89211, 26.35323],
        [80.89208, 26.35342],
        [80.89203, 26.35371],
        [80.89205, 26.35392],
        [80.89213, 26.35412],
        [80.89226, 26.35429],
        [80.89244, 26.35452],
        [80.89246, 26.3547],
        [80.89247, 26.35489],
        [80.89246, 26.35507],
        [80.89245, 26.35525],
        [80.89235, 26.35543],
        [80.89231, 26.35563],
        [80.89234, 26.35583],
        [80.89243, 26.35601],
        [80.89255, 26.35615],
        [80.89262, 26.35633],
        [80.8926, 26.35652],
        [80.8924, 26.35671],
        [80.89216, 26.35676],
        [80.89198, 26.35686],
        [80.89178, 26.35706],
        [80.8915, 26.35728],
        [80.8912, 26.35749],
        [80.8909, 26.35769],
        [80.89059, 26.35788],
        [80.89035, 26.35804],
        [80.89011, 26.35819],
        [80.88986, 26.35834],
        [80.88961, 26.35848],
        [80.88936, 26.3586],
        [80.8891, 26.35872],
        [80.88883, 26.35883],
        [80.88856, 26.35893],
        [80.88814, 26.35904],
        [80.88785, 26.35909],
        [80.88756, 26.35914],
        [80.88727, 26.3592],
        [80.88698, 26.35925],
        [80.88674, 26.35929],
        [80.8865, 26.35934],
        [80.88627, 26.35942],
        [80.88605, 26.3595],
        [80.8858, 26.35963],
        [80.88555, 26.35943],
        [80.88536, 26.35914],
        [80.88497, 26.35921],
        [80.88467, 26.35936],
        [80.88438, 26.35952],
        [80.88408, 26.3597],
        [80.88378, 26.35986],
        [80.88352, 26.35994],
        [80.88327, 26.36],
        [80.88301, 26.36004],
        [80.88275, 26.36006],
        [80.88248, 26.36006],
        [80.88222, 26.36004],
        [80.88196, 26.35999],
        [80.88171, 26.35993],
        [80.88146, 26.35984],
        [80.88114, 26.35974],
        [80.88083, 26.35961],
        [80.88068, 26.3594],
        [80.88088, 26.35923],
        [80.88107, 26.35914],
        [80.88138, 26.35905],
        [80.88133, 26.35885],
        [80.88107, 26.35858],
        [80.88072, 26.35844],
        [80.8805, 26.35842],
        [80.88029, 26.35835],
        [80.88009, 26.35825],
        [80.87991, 26.35812],
        [80.87975, 26.35795],
        [80.87955, 26.3578],
        [80.87932, 26.35772],
        [80.87908, 26.35772],
        [80.87884, 26.35778],
        [80.87865, 26.35786],
        [80.87845, 26.35792],
        [80.87824, 26.35794],
        [80.87803, 26.35794],
        [80.87783, 26.35791],
        [80.87762, 26.35786],
        [80.87743, 26.35778],
        [80.87725, 26.35767],
        [80.87708, 26.35754],
        [80.87689, 26.35746],
        [80.87643, 26.35744],
        [80.87606, 26.35748],
        [80.87581, 26.35743],
        [80.8756, 26.35729],
        [80.8755, 26.35707],
        [80.87529, 26.35675],
        [80.875, 26.35653],
        [80.87465, 26.3564],
        [80.87428, 26.3564],
        [80.87408, 26.35642],
        [80.87388, 26.35645],
        [80.87347, 26.35648],
        [80.87327, 26.35649],
        [80.87306, 26.35649],
        [80.87266, 26.35648],
        [80.87245, 26.35646],
        [80.87213, 26.35641],
        [80.8718, 26.35637],
        [80.87148, 26.35634],
        [80.87115, 26.35632],
        [80.87083, 26.35631],
        [80.8705, 26.35631],
        [80.87017, 26.35632],
        [80.86985, 26.35635],
        [80.86952, 26.35638],
        [80.86927, 26.35641],
        [80.86901, 26.35643],
        [80.86876, 26.35645],
        [80.8685, 26.35646],
        [80.86824, 26.35647],
        [80.86799, 26.35647],
        [80.86773, 26.35646],
        [80.86748, 26.35645],
        [80.86722, 26.35643],
        [80.86699, 26.3564],
        [80.86676, 26.35638],
        [80.86652, 26.35639],
        [80.86629, 26.35642],
        [80.86606, 26.35647],
        [80.86584, 26.35653],
        [80.86562, 26.35662],
        [80.86542, 26.35673],
        [80.86508, 26.35696],
        [80.86481, 26.35718],
        [80.86455, 26.3574],
        [80.86429, 26.35764],
        [80.86405, 26.35789],
        [80.86392, 26.35821],
        [80.86385, 26.35854],
        [80.86383, 26.35889],
        [80.86389, 26.35923],
        [80.86403, 26.35952],
        [80.86422, 26.35976],
        [80.8644, 26.36002],
        [80.86455, 26.36029],
        [80.8647, 26.36056],
        [80.86477, 26.36089],
        [80.86481, 26.36121],
        [80.86483, 26.36154],
        [80.86483, 26.36187],
        [80.8648, 26.36216],
        [80.86484, 26.3624],
        [80.86493, 26.36263],
        [80.86508, 26.36282],
        [80.86527, 26.36297],
        [80.86553, 26.36309],
        [80.86578, 26.36321],
        [80.86602, 26.36334],
        [80.86627, 26.36347],
        [80.86646, 26.36359],
        [80.86672, 26.3638],
        [80.86693, 26.36407],
        [80.86705, 26.36436],
        [80.86714, 26.36467],
        [80.86726, 26.36493],
        [80.8674, 26.3652],
        [80.86718, 26.36533],
        [80.86684, 26.36525],
        [80.86665, 26.36545],
        [80.86637, 26.36561],
        [80.86608, 26.36557],
        [80.86586, 26.36561],
        [80.86561, 26.36574],
        [80.86532, 26.36591],
        [80.86506, 26.36607],
        [80.86487, 26.36622],
        [80.86472, 26.36641],
        [80.86464, 26.3666],
        [80.86456, 26.36679],
        [80.86446, 26.36697],
        [80.86429, 26.3671],
        [80.86407, 26.36715],
        [80.86389, 26.36727],
        [80.86381, 26.36751],
        [80.86383, 26.36782],
        [80.86399, 26.36808],
        [80.86421, 26.36823],
        [80.86432, 26.36847],
        [80.8643, 26.36873],
        [80.86415, 26.36895],
        [80.86397, 26.36908],
        [80.86373, 26.36926],
        [80.86339, 26.36945],
        [80.86316, 26.3695],
        [80.86283, 26.36933],
        [80.86267, 26.36915],
        [80.8625, 26.36899],
        [80.86231, 26.36884],
        [80.86211, 26.36871],
        [80.86196, 26.36856],
        [80.86181, 26.3684],
        [80.86165, 26.36825],
        [80.8615, 26.36809],
        [80.86135, 26.36793],
        [80.86121, 26.36777],
        [80.86106, 26.36761],
        [80.86091, 26.36745],
        [80.86077, 26.36729],
        [80.86054, 26.36704],
        [80.86032, 26.36678],
        [80.86011, 26.36652],
        [80.85991, 26.36625],
        [80.85977, 26.36602],
        [80.85947, 26.36592],
        [80.85915, 26.36602],
        [80.85881, 26.36613],
        [80.85853, 26.36628],
        [80.85832, 26.36648],
        [80.85811, 26.36667],
        [80.85791, 26.36687],
        [80.85771, 26.36707],
        [80.85757, 26.36722],
        [80.85743, 26.36737],
        [80.85729, 26.36752],
        [80.85716, 26.36768],
        [80.85703, 26.36784],
        [80.8569, 26.368],
        [80.85678, 26.36816],
        [80.85666, 26.36833],
        [80.85643, 26.36859],
        [80.8562, 26.36878],
        [80.85596, 26.36898],
        [80.8558, 26.36882],
        [80.85559, 26.36869],
        [80.85516, 26.36874],
        [80.85493, 26.36885],
        [80.85467, 26.36895],
        [80.85441, 26.36905],
        [80.85415, 26.36916],
        [80.8539, 26.36927],
        [80.85364, 26.36938],
        [80.85338, 26.36949],
        [80.85313, 26.3696],
        [80.85287, 26.36971],
        [80.85262, 26.36982],
        [80.85234, 26.36997],
        [80.85205, 26.37011],
        [80.85178, 26.37026],
        [80.8515, 26.37042],
        [80.85122, 26.37057],
        [80.85095, 26.37073],
        [80.85068, 26.3709],
        [80.85041, 26.37106],
        [80.85014, 26.37123],
        [80.84988, 26.37137],
        [80.84961, 26.37148],
        [80.84933, 26.37157],
        [80.84905, 26.37163],
        [80.84876, 26.37168],
        [80.84847, 26.37169],
        [80.84817, 26.37169],
        [80.84788, 26.37166],
        [80.8476, 26.3716],
        [80.84729, 26.37158],
        [80.84699, 26.37156],
        [80.84668, 26.37153],
        [80.84638, 26.3715],
        [80.84607, 26.37147],
        [80.84577, 26.37143],
        [80.84547, 26.3714],
        [80.84516, 26.37136],
        [80.84486, 26.37131],
        [80.84458, 26.37127],
        [80.84288, 26.37378],
        [80.84148, 26.37559],
        [80.83937, 26.37769],
        [80.83681, 26.38069],
        [80.8342, 26.38329],
        [80.8329, 26.38414],
        [80.83276, 26.38424],
        [80.83251, 26.38442],
        [80.83143, 26.3847],
        [80.83013, 26.38491],
        [80.82878, 26.38475],
        [80.82735, 26.38465],
        [80.82646, 26.38441],
        [80.82607, 26.38463],
        [80.82574, 26.38524],
        [80.82563, 26.38623],
        [80.82554, 26.38791],
        [80.82561, 26.38933],
        [80.82535, 26.39062],
        [80.82511, 26.39085],
        [80.82487, 26.39109],
        [80.82435, 26.39143],
        [80.82382, 26.39177],
        [80.82285, 26.39197],
        [80.82204, 26.39187],
        [80.82104, 26.39182],
        [80.82019, 26.39191],
        [80.81959, 26.39237],
        [80.81918, 26.3931],
        [80.81849, 26.39368],
        [80.81774, 26.3939],
        [80.81697, 26.39387],
        [80.81644, 26.39342],
        [80.81597, 26.39297],
        [80.81551, 26.39246],
        [80.81512, 26.39145],
        [80.81438, 26.39044],
        [80.81377, 26.39005],
        [80.81315, 26.38978],
        [80.8124, 26.38951],
        [80.81082, 26.3894],
        [80.80923, 26.38936],
        [80.80816, 26.38959],
        [80.80751, 26.38976],
        [80.80728, 26.39012],
        [80.80711, 26.39086],
        [80.80707, 26.39233],
        [80.80676, 26.39362],
        [80.80608, 26.39495],
        [80.80532, 26.39592],
        [80.80431, 26.39657],
        [80.80307, 26.39703],
        [80.80222, 26.39738],
        [80.80177, 26.39792],
        [80.80157, 26.39853],
        [80.80167, 26.39914],
        [80.80189, 26.40061],
        [80.80253, 26.40311],
        [80.80359, 26.40654],
        [80.80452, 26.40959],
        [80.8055, 26.41137],
        [80.80755, 26.41395],
        [80.80875, 26.41529],
        [80.80907, 26.4156],
        [80.80958, 26.41627],
        [80.80968, 26.41693],
        [80.80942, 26.41758],
        [80.80899, 26.41853],
        [80.80636, 26.42152],
        [80.80497, 26.42308],
        [80.80437, 26.42351],
        [80.80327, 26.42428],
        [80.8017, 26.42495],
        [80.80012, 26.42561],
        [80.79926, 26.42624],
        [80.79854, 26.42675],
        [80.79537, 26.42946],
        [80.7933, 26.43166],
        [80.79174, 26.43311],
        [80.79022, 26.43425],
        [80.78944, 26.4347],
        [80.78851, 26.43486],
        [80.78797, 26.43484],
        [80.7874, 26.43441],
        [80.78661, 26.43381],
        [80.78575, 26.43325],
        [80.78445, 26.43281],
        [80.78348, 26.43273],
        [80.7828, 26.43277],
        [80.782, 26.43288],
        [80.78085, 26.43326],
        [80.78014, 26.43301],
        [80.77976, 26.43259],
        [80.77988, 26.43195],
        [80.77961, 26.431],
        [80.77941, 26.43005],
        [80.77871, 26.42845],
        [80.77762, 26.42713],
        [80.77571, 26.42528],
        [80.77504, 26.42456],
        [80.77423, 26.42343],
        [80.77296, 26.42248],
        [80.7719, 26.42188],
        [80.77017, 26.42111],
        [80.76938, 26.42029],
        [80.76914, 26.41964],
        [80.76921, 26.41899],
        [80.76925, 26.418],
        [80.7688, 26.41694],
        [80.76826, 26.41665],
        [80.76746, 26.41647],
        [80.76668, 26.41618],
        [80.76593, 26.41554],
        [80.76557, 26.41472],
        [80.76545, 26.41408],
        [80.765, 26.41356],
        [80.76457, 26.41344],
        [80.76406, 26.4135],
        [80.7638, 26.4135],
        [80.76265, 26.41401],
        [80.7616, 26.41437],
        [80.76014, 26.41502],
        [80.75834, 26.41596],
        [80.75671, 26.41708],
        [80.75525, 26.41779],
        [80.75488, 26.41796],
        [80.75451, 26.41814],
        [80.75362, 26.41821],
        [80.75275, 26.41798],
        [80.75199, 26.41735],
        [80.75129, 26.41661],
        [80.75104, 26.41586],
        [80.75093, 26.415],
        [80.75102, 26.41407],
        [80.75096, 26.41326],
        [80.75041, 26.41229],
        [80.7496, 26.41133],
        [80.7489, 26.41059],
        [80.74832, 26.40991],
        [80.7479, 26.40957],
        [80.74739, 26.40953],
        [80.74666, 26.40971],
        [80.74579, 26.41008],
        [80.74458, 26.41079],
        [80.7436, 26.41161],
        [80.74285, 26.41214],
        [80.74246, 26.41221],
        [80.74224, 26.41215],
        [80.74202, 26.4121],
        [80.74173, 26.41165],
        [80.74129, 26.4108],
        [80.7406, 26.40973],
        [80.73688, 26.40498],
        [80.73467, 26.40323],
        [80.7338, 26.40252],
        [80.73226, 26.40212],
        [80.73101, 26.40227],
        [80.72901, 26.4029],
        [80.72778, 26.40361],
        [80.72702, 26.40426],
        [80.72672, 26.40494],
        [80.72646, 26.40591],
        [80.72588, 26.40677],
        [80.72492, 26.40747],
        [80.72455, 26.40822],
        [80.7245, 26.40906],
        [80.72485, 26.40973],
        [80.72512, 26.41062],
        [80.725, 26.41136],
        [80.72478, 26.41176],
        [80.7243, 26.41216],
        [80.7233, 26.41275],
        [80.72208, 26.41255],
        [80.72153, 26.412],
        [80.72068, 26.41096],
        [80.71903, 26.40893],
        [80.71725, 26.40816],
        [80.71666, 26.40811],
        [80.71589, 26.40804],
        [80.71433, 26.40816],
        [80.71327, 26.40843],
        [80.71129, 26.40879],
        [80.70997, 26.40883],
        [80.70983, 26.40883],
        [80.707, 26.40887],
        [80.70572, 26.40899],
        [80.7048, 26.40921],
        [80.70395, 26.40985],
        [80.70335, 26.41099],
        [80.70244, 26.41214],
        [80.7015, 26.4129],
        [80.70057, 26.41342],
        [80.69905, 26.41381],
        [80.69654, 26.41437],
        [80.69552, 26.4147],
        [80.69248, 26.4162],
        [80.69123, 26.41699],
        [80.68998, 26.41795],
        [80.68903, 26.41923],
        [80.68863, 26.42043],
        [80.68838, 26.42147],
        [80.68795, 26.42228],
        [80.68728, 26.42302],
        [80.68598, 26.42462],
        [80.68473, 26.42605],
        [80.68369, 26.42727],
        [80.68174, 26.429],
        [80.67964, 26.43053],
        [80.67832, 26.43136],
        [80.67599, 26.4322],
        [80.67095, 26.43319],
        [80.66878, 26.43382],
        [80.66818, 26.43723],
        [80.66807, 26.43988],
        [80.66821, 26.4407],
        [80.66645, 26.44121],
        [80.66629, 26.44167],
        [80.66613, 26.44209],
        [80.6659, 26.44222],
        [80.66543, 26.44251],
        [80.66489, 26.44278],
        [80.66386, 26.44343],
        [80.66282, 26.44428],
        [80.66201, 26.44487],
        [80.66178, 26.44519],
        [80.66162, 26.44548],
        [80.66158, 26.44571],
        [80.66154, 26.44591],
        [80.6615, 26.44603],
        [80.66142, 26.44616],
        [80.6613, 26.44639],
        [80.66092, 26.44662],
        [80.6595, 26.44724],
        [80.65889, 26.44734],
        [80.65859, 26.44725],
        [80.65828, 26.44725],
        [80.6579, 26.44725],
        [80.65756, 26.44757],
        [80.65751, 26.44799],
        [80.6575, 26.44906],
        [80.65735, 26.44964],
        [80.65734, 26.45006],
        [80.65704, 26.45032],
        [80.65688, 26.45045],
        [80.65654, 26.45048],
        [80.65627, 26.45048],
        [80.65586, 26.45026],
        [80.65567, 26.45016],
        [80.65536, 26.45004],
        [80.65502, 26.45001],
        [80.65468, 26.4501],
        [80.65453, 26.45014],
        [80.6543, 26.45027],
        [80.65399, 26.4503],
        [80.65361, 26.45027],
        [80.65319, 26.45043],
        [80.65289, 26.45063],
        [80.65239, 26.45089],
        [80.65033, 26.45144],
        [80.64987, 26.45151],
        [80.64915, 26.45132],
        [80.64797, 26.45097],
        [80.64672, 26.45056],
        [80.6463, 26.45059],
        [80.64614, 26.45072],
        [80.64591, 26.45091],
        [80.64556, 26.45179],
        [80.64524, 26.45125],
        [80.64434, 26.45029],
        [80.64321, 26.44947],
        [80.6419, 26.44859],
        [80.64117, 26.44784],
        [80.6407, 26.44697],
        [80.64036, 26.44726],
        [80.63967, 26.44745],
        [80.63664, 26.44785],
        [80.63419, 26.4482],
        [80.63208, 26.44845],
        [80.62945, 26.4487],
        [80.62865, 26.4489],
        [80.62768, 26.44947],
        [80.62729, 26.4499],
        [80.62706, 26.45014],
        [80.62655, 26.45053],
        [80.62609, 26.45067],
        [80.62575, 26.45067],
        [80.62552, 26.45063],
        [80.62495, 26.45053],
        [80.62398, 26.45054],
        [80.62227, 26.45097],
        [80.62141, 26.4514],
        [80.6203, 26.45212],
        [80.61946, 26.45312],
        [80.61864, 26.45186],
        [80.61803, 26.45153],
        [80.61727, 26.45132],
        [80.616, 26.45095],
        [80.61428, 26.45028],
        [80.61174, 26.4492],
        [80.61123, 26.44883],
        [80.61066, 26.44837],
        [80.61031, 26.44833],
        [80.61001, 26.44837],
        [80.6097, 26.44838],
        [80.60925, 26.44846],
        [80.60874, 26.44855],
        [80.60792, 26.44863],
        [80.60786, 26.44923],
        [80.6076, 26.45],
        [80.60715, 26.45099],
        [80.6069, 26.45176],
        [80.60625, 26.45231],
        [80.60526, 26.4528],
        [80.60448, 26.45346],
        [80.60349, 26.45401],
        [80.60217, 26.45368],
        [80.60137, 26.45363],
        [80.60045, 26.45391],
        [80.59921, 26.45467],
        [80.59797, 26.45571],
        [80.59712, 26.45615],
        [80.5968, 26.45642],
        [80.5966, 26.45648],
        [80.59594, 26.45653],
        [80.59536, 26.45714],
        [80.59503, 26.4573],
        [80.59437, 26.45747],
        [80.59398, 26.45768],
        [80.59366, 26.45812],
        [80.59327, 26.45883],
        [80.59269, 26.45932],
        [80.59191, 26.45971],
        [80.59034, 26.46052],
        [80.58897, 26.46118],
        [80.58812, 26.4615],
        [80.58733, 26.46172],
        [80.58688, 26.46199],
        [80.58662, 26.46249],
        [80.58663, 26.46332],
        [80.58576, 26.46303],
        [80.58501, 26.4625],
        [80.58425, 26.46207],
        [80.58345, 26.46183],
        [80.58293, 26.46159],
        [80.58252, 26.46145],
        [80.58183, 26.46149],
        [80.58161, 26.46168],
        [80.58074, 26.462],
        [80.58048, 26.46309],
        [80.57993, 26.46426],
        [80.57911, 26.4653],
        [80.5781, 26.46605],
        [80.57659, 26.46675],
        [80.57562, 26.46675],
        [80.57528, 26.4667],
        [80.57465, 26.4665],
        [80.5738, 26.46655],
        [80.5721, 26.46663],
        [80.57071, 26.46658],
        [80.56923, 26.46619],
        [80.56757, 26.46533],
        [80.56642, 26.46471],
        [80.56551, 26.46457],
        [80.56494, 26.46475],
        [80.56473, 26.46512],
        [80.56446, 26.46569],
        [80.56436, 26.46625],
        [80.56428, 26.46748],
        [80.56354, 26.46959],
        [80.563, 26.47048],
        [80.56235, 26.47128],
        [80.56168, 26.47189],
        [80.56067, 26.47221],
        [80.55956, 26.47262],
        [80.55839, 26.47318],
        [80.55783, 26.47365],
        [80.55705, 26.47407],
        [80.55649, 26.47429],
        [80.55646, 26.47413],
        [80.55644, 26.47352],
        [80.55653, 26.47291],
        [80.55703, 26.47213],
        [80.55743, 26.47174],
        [80.55766, 26.47144],
        [80.55769, 26.47083],
        [80.55746, 26.46991],
        [80.556, 26.46807],
        [80.55283, 26.46526],
        [80.55175, 26.46412],
        [80.55098, 26.46298],
        [80.55048, 26.46202],
        [80.55009, 26.46115],
        [80.54991, 26.4605],
        [80.54965, 26.45963],
        [80.54977, 26.45829],
        [80.54964, 26.45763],
        [80.54967, 26.45672],
        [80.54839, 26.4569],
        [80.54757, 26.45719],
        [80.54704, 26.45755],
        [80.54652, 26.45817],
        [80.5461, 26.4584],
        [80.5456, 26.45861],
        [80.54499, 26.45854],
        [80.54426, 26.45806],
        [80.5437, 26.45755],
        [80.54311, 26.45709],
        [80.54239, 26.45688],
        [80.54134, 26.45669],
        [80.54019, 26.45656],
        [80.53875, 26.45652],
        [80.5381, 26.4563],
        [80.53754, 26.45564],
        [80.53644, 26.45694],
        [80.53615, 26.45703],
        [80.53563, 26.45732],
        [80.53549, 26.45758],
        [80.53539, 26.45782],
        [80.53526, 26.45812],
        [80.53502, 26.45827],
        [80.5347, 26.45847],
        [80.53454, 26.45888],
        [80.53451, 26.45918],
        [80.53456, 26.45945],
        [80.53467, 26.45963],
        [80.53475, 26.45984],
        [80.53498, 26.46032],
        [80.53506, 26.46059],
        [80.53521, 26.46092],
        [80.53556, 26.46149],
        [80.53607, 26.46203],
        [80.53693, 26.46284],
        [80.53823, 26.46382],
        [80.53816, 26.46485],
        [80.53806, 26.46546],
        [80.53787, 26.4664],
        [80.53733, 26.46696],
        [80.53621, 26.46718],
        [80.5353, 26.46712],
        [80.5344, 26.46688],
        [80.5336, 26.46654],
        [80.53323, 26.46771],
        [80.53296, 26.46855],
        [80.53297, 26.4688],
        [80.53289, 26.4693],
        [80.53281, 26.46997],
        [80.53264, 26.4708],
        [80.53256, 26.47155],
        [80.5326, 26.47256],
        [80.53254, 26.47365],
        [80.53256, 26.4744],
        [80.53228, 26.47507],
        [80.53221, 26.47591],
        [80.53186, 26.47733],
        [80.5318, 26.47842],
        [80.53212, 26.47901],
        [80.53253, 26.47944],
        [80.53264, 26.47977],
        [80.53255, 26.48002],
        [80.53226, 26.48027],
        [80.53147, 26.4806],
        [80.52969, 26.48091],
        [80.52771, 26.48148],
        [80.52682, 26.48147],
        [80.52422, 26.4811],
        [80.5219, 26.48023],
        [80.51879, 26.47935],
        [80.5175, 26.4795],
        [80.51691, 26.47957],
        [80.51612, 26.4799],
        [80.51533, 26.47989],
        [80.51581, 26.48091],
        [80.51591, 26.48151],
        [80.51584, 26.48189],
        [80.5156, 26.4822],
        [80.51521, 26.48289],
        [80.51489, 26.48317],
        [80.51463, 26.48393],
        [80.51456, 26.48459],
        [80.51478, 26.48481],
        [80.51507, 26.48491],
        [80.5154, 26.48481],
        [80.51561, 26.48475],
        [80.5159, 26.48479],
        [80.51619, 26.485],
        [80.51628, 26.48524],
        [80.51638, 26.48573],
        [80.51632, 26.48622],
        [80.51612, 26.48671],
        [80.51568, 26.48712],
        [80.51516, 26.48767],
        [80.5139, 26.48858],
        [80.51441, 26.48877],
        [80.51469, 26.48905],
        [80.5147, 26.48947],
        [80.51457, 26.49053],
        [80.51406, 26.49182],
        [80.51392, 26.49242],
        [80.51393, 26.49284],
        [80.51405, 26.49312],
        [80.5145, 26.49331],
        [80.51516, 26.49346],
        [80.51647, 26.4932],
        [80.51722, 26.49261],
        [80.51781, 26.49211],
        [80.51819, 26.49193],
        [80.51863, 26.49193],
        [80.51913, 26.49203],
        [80.51996, 26.49228],
        [80.52074, 26.49252],
        [80.52108, 26.4929],
        [80.52127, 26.49345],
        [80.52128, 26.49396],
        [80.5214, 26.49434],
        [80.52152, 26.49452],
        [80.52169, 26.4948],
        [80.52209, 26.49518],
        [80.5222, 26.49523],
        [80.52238, 26.49546],
        [80.52244, 26.49569],
        [80.52256, 26.49602],
        [80.52268, 26.4963],
        [80.52296, 26.49667],
        [80.52363, 26.49701],
        [80.52437, 26.49723],
        [80.52481, 26.49729],
        [80.5252, 26.49743],
        [80.52527, 26.4978],
        [80.52528, 26.49817],
        [80.52507, 26.49849],
        [80.52475, 26.49881],
        [80.52471, 26.49927],
        [80.52462, 26.49983],
        [80.52497, 26.50053],
        [80.52531, 26.50072],
        [80.52603, 26.50119],
        [80.52654, 26.50162],
        [80.52711, 26.50227],
        [80.52742, 26.5033],
        [80.52774, 26.50469],
        [80.52794, 26.5059],
        [80.52802, 26.50683],
        [80.52826, 26.50744],
        [80.52839, 26.50809],
        [80.52846, 26.50865],
        [80.52847, 26.50916],
        [80.5287, 26.50963],
        [80.52894, 26.51019],
        [80.52868, 26.51055],
        [80.52868, 26.51093],
        [80.52892, 26.5113],
        [80.52904, 26.51186],
        [80.52916, 26.51228],
        [80.52935, 26.51307],
        [80.52993, 26.51415],
        [80.53033, 26.5149],
        [80.53122, 26.51593],
        [80.53223, 26.51688],
        [80.53358, 26.51769],
        [80.53621, 26.51903],
        [80.5375, 26.51988],
        [80.53834, 26.52031],
        [80.53902, 26.52102],
        [80.53931, 26.52153],
        [80.53948, 26.52187],
        [80.54069, 26.52184],
        [80.54178, 26.52157],
        [80.54289, 26.52114],
        [80.5436, 26.52093],
        [80.54397, 26.52078],
        [80.54453, 26.52063],
        [80.54476, 26.52063],
        [80.54506, 26.52076],
        [80.54526, 26.52095],
        [80.54545, 26.52108],
        [80.54568, 26.52123],
        [80.54609, 26.52128],
        [80.54643, 26.52119],
        [80.54669, 26.5211],
        [80.54703, 26.52111],
        [80.54734, 26.52127],
        [80.54749, 26.52143],
        [80.54768, 26.52153],
        [80.54847, 26.52163],
        [80.549, 26.52154],
        [80.5499, 26.52143],
        [80.55024, 26.52143],
        [80.5505, 26.52147],
        [80.55073, 26.5216],
        [80.55096, 26.52176],
        [80.55134, 26.52199],
        [80.55157, 26.52206],
        [80.55236, 26.52207],
        [80.55451, 26.52226],
        [80.55609, 26.52237],
        [80.55789, 26.52237],
        [80.55924, 26.52226],
        [80.55988, 26.52211],
        [80.5604, 26.52196],
        [80.56077, 26.5218],
        [80.56107, 26.52168],
        [80.56163, 26.52166],
        [80.56182, 26.52182],
        [80.56191, 26.52204],
        [80.56165, 26.52248],
        [80.56151, 26.52277],
        [80.56156, 26.52305],
        [80.56172, 26.5234],
        [80.56215, 26.52392],
        [80.56245, 26.52421],
        [80.56291, 26.5244],
        [80.56351, 26.52451],
        [80.56411, 26.52433],
        [80.56449, 26.52433],
        [80.56483, 26.5244],
        [80.56506, 26.52456],
        [80.56548, 26.52485],
        [80.56594, 26.52517],
        [80.56632, 26.52902],
        [80.56701, 26.53044],
        [80.56778, 26.53163],
        [80.56929, 26.53251],
        [80.57097, 26.53293],
        [80.57275, 26.5335],
        [80.57453, 26.53408],
        [80.57538, 26.53496],
        [80.57559, 26.53574],
        [80.57569, 26.53614],
        [80.57571, 26.53669],
        [80.57563, 26.53715],
        [80.57555, 26.53786],
        [80.57529, 26.5384],
        [80.57522, 26.53934],
        [80.57533, 26.54029],
        [80.57542, 26.54084],
        [80.57566, 26.54129],
        [80.57619, 26.54161],
        [80.57733, 26.54182],
        [80.57975, 26.5423],
        [80.58126, 26.54271],
        [80.58203, 26.54316],
        [80.58271, 26.54362],
        [80.58326, 26.54427],
        [80.58342, 26.54478],
        [80.58343, 26.54529],
        [80.58322, 26.54579],
        [80.58309, 26.54668],
        [80.58321, 26.54852],
        [80.5834, 26.54986],
        [80.58351, 26.55145],
        [80.58387, 26.55375],
        [80.58425, 26.55693],
        [80.58444, 26.55846],
        [80.58454, 26.5596],
        [80.58486, 26.56037],
        [80.58534, 26.56121],
        [80.58572, 26.56172],
        [80.58641, 26.56211],
        [80.5871, 26.56251],
        [80.58778, 26.56271],
        [80.58824, 26.56291],
        [80.5887, 26.56342],
        [80.58865, 26.5645],
        [80.58875, 26.56552],
        [80.58859, 26.56624],
        [80.58816, 26.56613],
        [80.58798, 26.56618],
        [80.58736, 26.56622],
        [80.58646, 26.56667],
        [80.58555, 26.56702],
        [80.5841, 26.56783],
        [80.58306, 26.56823],
        [80.58388, 26.56907],
        [80.58434, 26.57006],
        [80.58448, 26.57094],
        [80.58465, 26.57281],
        [80.58488, 26.57447],
        [80.58502, 26.57535],
        [80.58499, 26.57644],
        [80.58495, 26.57737],
        [80.58509, 26.57815],
        [80.58517, 26.57877],
        [80.58543, 26.5795],
        [80.58548, 26.58082],
        [80.58655, 26.58112],
        [80.58763, 26.58164],
        [80.58846, 26.58223],
        [80.58906, 26.58253],
        [80.58974, 26.58257],
        [80.5909, 26.58255],
        [80.59137, 26.58263],
        [80.59188, 26.58289],
        [80.59237, 26.58369],
        [80.59291, 26.58449],
        [80.59338, 26.5851],
        [80.5958, 26.5843],
        [80.59806, 26.58406],
        [80.60038, 26.58404],
        [80.60088, 26.58404],
        [80.60278, 26.58433],
        [80.60542, 26.58473],
        [80.60726, 26.58525],
        [80.60796, 26.58545],
        [80.60828, 26.58554],
        [80.61026, 26.58579],
        [80.61233, 26.58583],
        [80.61414, 26.58586],
        [80.61554, 26.5861],
        [80.61812, 26.58684],
        [80.61861, 26.58708],
        [80.62012, 26.58779],
        [80.62197, 26.58848],
        [80.62328, 26.58897],
        [80.62612, 26.59049],
        [80.62643, 26.59058],
        [80.62985, 26.59162],
        [80.63034, 26.5917],
        [80.63224, 26.59202],
        [80.63326, 26.59205],
        [80.63437, 26.59207],
        [80.63788, 26.59182],
        [80.64049, 26.59147],
        [80.64277, 26.59111],
        [80.64472, 26.59096],
        [80.64578, 26.59092],
        [80.64652, 26.59115],
        [80.6476, 26.59187],
        [80.64813, 26.593],
        [80.64874, 26.59426],
        [80.64919, 26.59559],
        [80.6498, 26.59672],
        [80.65082, 26.59785],
        [80.65166, 26.5985],
        [80.65256, 26.59867],
        [80.65379, 26.59891],
        [80.65623, 26.59913],
        [80.65765, 26.59911],
        [80.65906, 26.59894],
        [80.6604, 26.59802],
        [80.66195, 26.59648],
        [80.66262, 26.59492],
        [80.66257, 26.59367],
        [80.66238, 26.59333],
        [80.66188, 26.59247],
        [80.66097, 26.59174],
        [80.65678, 26.58973],
        [80.65529, 26.58892],
        [80.65471, 26.58848],
        [80.65453, 26.58792],
        [80.65443, 26.58736],
        [80.65512, 26.58641],
        [80.65606, 26.58547],
        [80.65682, 26.58411],
        [80.65675, 26.58209],
        [80.65592, 26.57839],
        [80.65519, 26.57761],
        [80.6547, 26.57713],
        [80.6544, 26.57682],
        [80.65427, 26.57641],
        [80.65454, 26.57582],
        [80.65512, 26.57558],
        [80.65558, 26.57519],
        [80.65613, 26.5742],
        [80.65653, 26.57376],
        [80.65769, 26.57359],
        [80.65939, 26.57364],
        [80.66279, 26.57391],
        [80.66512, 26.57436],
        [80.66948, 26.5752],
        [80.67364, 26.57641],
        [80.67517, 26.57712],
        [80.67569, 26.57754],
        [80.67642, 26.57813],
        [80.67727, 26.57928],
        [80.67873, 26.58146],
        [80.67988, 26.58293],
        [80.68067, 26.58392],
        [80.68127, 26.58462],
        [80.68139, 26.58476],
        [80.68232, 26.58509],
        [80.68388, 26.5852],
        [80.6855, 26.58495],
        [80.68623, 26.58484],
        [80.68702, 26.58461],
        [80.6878, 26.58393],
        [80.68835, 26.58309],
        [80.68848, 26.58172],
        [80.68832, 26.5805],
        [80.6874, 26.57843],
        [80.68708, 26.57771],
        [80.68647, 26.57635],
        [80.684, 26.57266],
        [80.68144, 26.56953],
        [80.68125, 26.56897],
        [80.68096, 26.56826],
        [80.68102, 26.56725],
        [80.6817, 26.56602],
        [80.6828, 26.56395],
        [80.68534, 26.55926],
        [80.68688, 26.5568],
        [80.68792, 26.55819],
        [80.68831, 26.55938],
        [80.68891, 26.56005],
        [80.68944, 26.56059],
        [80.69026, 26.56147],
        [80.69087, 26.56273],
        [80.6913, 26.56548],
        [80.69156, 26.56699],
        [80.69301, 26.56958],
        [80.69348, 26.57083],
        [80.69394, 26.57176],
        [80.69432, 26.57242],
        [80.69484, 26.57296],
        [80.69557, 26.57319],
        [80.69709, 26.57299],
        [80.69817, 26.5727],
        [80.69832, 26.57266],
        [80.69968, 26.57207],
        [80.70012, 26.57172],
        [80.70035, 26.57153],
        [80.70054, 26.57139],
        [80.70088, 26.57056],
        [80.70076, 26.56854],
        [80.70044, 26.5667],
        [80.70068, 26.56423],
        [80.70072, 26.5628],
        [80.70121, 26.56197],
        [80.70156, 26.56081],
        [80.70175, 26.55932],
        [80.70217, 26.55816],
        [80.70345, 26.55677],
        [80.70454, 26.55649],
        [80.70501, 26.55664],
        [80.70549, 26.5568],
        [80.7071, 26.55791],
        [80.7082, 26.55895],
        [80.7091, 26.56001],
        [80.71137, 26.56269],
        [80.71239, 26.56372],
        [80.71282, 26.56504],
        [80.713, 26.56558],
        [80.71323, 26.56625],
        [80.71311, 26.56781],
        [80.71248, 26.56882],
        [80.71191, 26.56944],
        [80.71085, 26.5705],
        [80.71058, 26.57153],
        [80.71074, 26.57232],
        [80.71119, 26.57286],
        [80.71186, 26.57302],
        [80.7122, 26.57311],
        [80.71327, 26.5729],
        [80.71463, 26.57258],
        [80.71571, 26.57257],
        [80.71657, 26.57294],
        [80.71737, 26.57364],
        [80.71847, 26.57493],
        [80.71898, 26.57581],
        [80.71957, 26.57643],
        [80.72051, 26.57739],
        [80.72174, 26.57811],
        [80.72287, 26.57818],
        [80.72401, 26.57825],
        [80.7248, 26.57888],
        [80.72517, 26.57955],
        [80.72512, 26.58079],
        [80.72471, 26.58154],
        [80.72346, 26.5827],
        [80.72263, 26.58353],
        [80.72007, 26.58611],
        [80.71833, 26.58769],
        [80.71604, 26.58969],
        [80.71474, 26.59175],
        [80.71444, 26.59363],
        [80.71432, 26.59436],
        [80.71416, 26.5959],
        [80.71436, 26.59783],
        [80.71487, 26.60076],
        [80.71499, 26.6014],
        [80.7162, 26.60358],
        [80.71774, 26.60533],
        [80.72025, 26.60843],
        [80.72418, 26.61372],
        [80.72446, 26.61409],
        [80.72526, 26.61523],
        [80.72598, 26.61585],
        [80.72682, 26.61616],
        [80.72806, 26.61619],
        [80.72915, 26.61608],
        [80.73018, 26.61597],
        [80.73134, 26.61594],
        [80.73278, 26.61612],
        [80.73368, 26.61664],
        [80.7348, 26.6175],
        [80.73536, 26.61815],
        [80.73592, 26.6188],
        [80.73712, 26.62044],
        [80.73858, 26.6221],
        [80.73988, 26.62336],
        [80.74165, 26.62494],
        [80.74488, 26.62757],
        [80.74659, 26.62933],
        [80.74829, 26.6311],
        [80.75025, 26.63269],
        [80.75161, 26.63453],
        [80.75263, 26.63615],
        [80.75318, 26.63771],
        [80.75342, 26.63922],
        [80.75328, 26.64066],
        [80.75309, 26.64117],
        [80.7529, 26.64167],
        [80.7529, 26.642],
        [80.75289, 26.64243],
        [80.75313, 26.64317],
        [80.75439, 26.64408],
        [80.75627, 26.64473],
        [80.75704, 26.6448],
        [80.75815, 26.64504],
        [80.75844, 26.64511],
        [80.75945, 26.6457],
        [80.76036, 26.64593],
        [80.7622, 26.64706],
        [80.76284, 26.64785],
        [80.76374, 26.64823],
        [80.76609, 26.64963],
        [80.76748, 26.64984],
        [80.76881, 26.64922],
        [80.77047, 26.64827],
        [80.77205, 26.64639],
        [80.77423, 26.64374],
        [80.77617, 26.64088],
        [80.77698, 26.63863],
        [80.77713, 26.63701],
        [80.77733, 26.63478],
        [80.77711, 26.63386],
        [80.77696, 26.63329],
        [80.77657, 26.63184],
        [80.77483, 26.62718],
        [80.77432, 26.62521],
        [80.77418, 26.62403],
        [80.77429, 26.62271],
        [80.77522, 26.62168],
        [80.77715, 26.62127],
        [80.77873, 26.62082],
        [80.77926, 26.62078],
        [80.78028, 26.6207],
        [80.7804, 26.62069],
        [80.7816, 26.6205],
        [80.78263, 26.61999],
        [80.78382, 26.6198],
        [80.78565, 26.62009],
        [80.78703, 26.61981],
        [80.78714, 26.61979],
        [80.78834, 26.61919],
        [80.79024, 26.61853],
        [80.79082, 26.61845],
        [80.79183, 26.61832],
        [80.79259, 26.61821],
        [80.79553, 26.61867],
        [80.79697, 26.61877],
        [80.79848, 26.61839],
        [80.79955, 26.61773],
        [80.80009, 26.61721],
        [80.80073, 26.61684],
        [80.80222, 26.6169],
        [80.80307, 26.61709],
        [80.80337, 26.61717],
        [80.80436, 26.61743],
        [80.80534, 26.61733],
        [80.80654, 26.61702],
        [80.80762, 26.61701],
        [80.80901, 26.61745],
        [80.81016, 26.61828],
        [80.81096, 26.61923],
        [80.81198, 26.62292],
        [80.81253, 26.62439],
        [80.81243, 26.62589],
        [80.81234, 26.62739],
        [80.81194, 26.62956],
        [80.81159, 26.63141],
        [80.81093, 26.6336],
        [80.80975, 26.63567],
        [80.8093, 26.63673],
        [80.80819, 26.63786],
        [80.80712, 26.63888],
        [80.80668, 26.63949],
        [80.80681, 26.64041],
        [80.80726, 26.6411],
        [80.80808, 26.64184],
        [80.80867, 26.64283],
        [80.80895, 26.64327],
        [80.80924, 26.64377],
        [80.80958, 26.64508],
        [80.80939, 26.64576],
        [80.80858, 26.64615],
        [80.80763, 26.64606],
        [80.80632, 26.64557],
        [80.8048, 26.6451],
        [80.80448, 26.64499],
        [80.80324, 26.64485],
        [80.80236, 26.64548],
        [80.80182, 26.64611],
        [80.80145, 26.64695],
        [80.79941, 26.6482],
        [80.79964, 26.64835],
        [80.79988, 26.64851],
        [80.80012, 26.64866],
        [80.80041, 26.64887],
        [80.80071, 26.64908],
        [80.80101, 26.64929],
        [80.8013, 26.64949],
        [80.8016, 26.64969],
        [80.8019, 26.6499],
        [80.8022, 26.6501],
        [80.8025, 26.6503],
        [80.80292, 26.65054],
        [80.80311, 26.65069],
        [80.80321, 26.65091],
        [80.8032, 26.65115],
        [80.80308, 26.65136],
        [80.80298, 26.65155],
        [80.80286, 26.65173],
        [80.80273, 26.65191],
        [80.8026, 26.65207],
        [80.80251, 26.65227],
        [80.8026, 26.65249],
        [80.8028, 26.65263],
        [80.80305, 26.65281],
        [80.80325, 26.65304],
        [80.80342, 26.65319],
        [80.80354, 26.65338],
        [80.80357, 26.65359],
        [80.80368, 26.65375],
        [80.80386, 26.65384],
        [80.80405, 26.65391],
        [80.80423, 26.65401],
        [80.8044, 26.65412],
        [80.80456, 26.65426],
        [80.80477, 26.65439],
        [80.80498, 26.6545],
        [80.8052, 26.65461],
        [80.80543, 26.65471],
        [80.80566, 26.65479],
        [80.8059, 26.65487],
        [80.80614, 26.65492],
        [80.80638, 26.65497],
        [80.80663, 26.65501],
        [80.80687, 26.65504],
        [80.80712, 26.65508],
        [80.80736, 26.65513],
        [80.8076, 26.65519],
        [80.80784, 26.65525],
        [80.80808, 26.65533],
        [80.80831, 26.65541],
        [80.80854, 26.65549],
        [80.80877, 26.65559],
        [80.80907, 26.65566],
        [80.80936, 26.65574],
        [80.80966, 26.65582],
        [80.80995, 26.65591],
        [80.81024, 26.656],
        [80.81053, 26.6561],
        [80.81082, 26.65619],
        [80.8111, 26.6563],
        [80.81139, 26.65641],
        [80.81165, 26.65653],
        [80.81191, 26.65666],
        [80.81218, 26.65678],
        [80.81244, 26.65689],
        [80.81263, 26.65698],
        [80.81287, 26.65706],
        [80.81312, 26.65701],
        [80.81345, 26.65686],
        [80.81376, 26.65669],
        [80.81399, 26.65654],
        [80.81429, 26.65634],
        [80.81459, 26.65614],
        [80.81489, 26.65593],
        [80.81519, 26.65573],
        [80.81533, 26.6555],
        [80.81528, 26.65525],
        [80.81514, 26.65508],
        [80.81499, 26.65495],
        [80.81474, 26.6548],
        [80.81463, 26.65455],
        [80.81478, 26.6543],
        [80.81506, 26.65406],
        [80.81535, 26.65384],
        [80.81579, 26.65375],
        [80.81608, 26.65395],
        [80.81625, 26.65419],
        [80.81624, 26.65449],
        [80.8163, 26.65471],
        [80.81638, 26.65491],
        [80.81647, 26.65512],
        [80.81659, 26.65531],
        [80.81672, 26.65549],
        [80.81686, 26.65565],
        [80.81703, 26.6558],
        [80.8172, 26.65594],
        [80.81739, 26.65606],
        [80.81742, 26.6563],
        [80.81728, 26.65649],
        [80.81715, 26.65669],
        [80.81718, 26.65693],
        [80.81735, 26.65714],
        [80.81755, 26.65732],
        [80.81777, 26.65748],
        [80.81801, 26.65763],
        [80.81826, 26.65775],
        [80.81848, 26.65778],
        [80.8187, 26.65783],
        [80.81891, 26.65788],
        [80.81912, 26.65795],
        [80.81933, 26.65802],
        [80.81954, 26.65811],
        [80.81974, 26.6582],
        [80.81994, 26.65831],
        [80.82013, 26.65842],
        [80.82031, 26.65857],
        [80.82047, 26.65874],
        [80.8206, 26.65894],
        [80.8207, 26.65915],
        [80.8208, 26.65936],
        [80.82074, 26.65957],
        [80.82045, 26.65963],
        [80.82022, 26.65971],
        [80.81995, 26.65986],
        [80.82006, 26.6601],
        [80.8203, 26.66024],
        [80.8205, 26.66045],
        [80.82067, 26.66056],
        [80.82084, 26.66067],
        [80.82118, 26.66087],
        [80.82152, 26.66107],
        [80.82187, 26.66127],
        [80.8222, 26.66146],
        [80.82245, 26.66151],
        [80.82274, 26.6615],
        [80.82305, 26.66148],
        [80.82334, 26.66145],
        [80.82356, 26.66153],
        [80.82368, 26.66174],
        [80.8238, 26.66197],
        [80.82391, 26.66221],
        [80.82402, 26.66245],
        [80.82413, 26.6627],
        [80.82423, 26.66294],
        [80.82432, 26.66319],
        [80.82441, 26.66344],
        [80.82449, 26.6637],
        [80.82467, 26.66416],
        [80.82495, 26.66428],
        [80.82528, 26.6642],
        [80.82563, 26.66409],
        [80.82619, 26.66395],
        [80.82647, 26.66388],
        [80.82675, 26.66381],
        [80.82703, 26.66373],
        [80.82731, 26.66365],
        [80.82759, 26.66355],
        [80.82787, 26.66345],
        [80.82814, 26.66334],
        [80.82846, 26.66324],
        [80.82866, 26.66315],
        [80.82869, 26.66293],
        [80.82883, 26.66265],
        [80.82918, 26.66258],
        [80.82948, 26.66253],
        [80.82994, 26.66252],
        [80.83024, 26.66256],
        [80.83058, 26.66259],
        [80.8308, 26.66267],
        [80.831, 26.66278],
        [80.83117, 26.66293],
        [80.83136, 26.66311],
        [80.83154, 26.6633],
        [80.83172, 26.66348],
        [80.8319, 26.66366],
        [80.83208, 26.66385],
        [80.83226, 26.66404],
        [80.83244, 26.66423],
        [80.83261, 26.66442],
        [80.8328, 26.66465],
        [80.83307, 26.66485],
        [80.83338, 26.66495],
        [80.83352, 26.66512],
        [80.83377, 26.66516],
        [80.83403, 26.66513],
        [80.83434, 26.66494],
        [80.83469, 26.66482],
        [80.83503, 26.66475],
        [80.83502, 26.66496],
        [80.83504, 26.66517],
        [80.83511, 26.66537],
        [80.8353, 26.66546],
        [80.83551, 26.66539],
        [80.83581, 26.66529],
        [80.83608, 26.66525],
        [80.83635, 26.66523],
        [80.83662, 26.66523],
        [80.83684, 26.66524],
        [80.83712, 26.6654],
        [80.83723, 26.66571],
        [80.83747, 26.66577],
        [80.83772, 26.66582],
        [80.83797, 26.66586],
        [80.83822, 26.66589],
        [80.83847, 26.6659],
        [80.83872, 26.6659],
        [80.83898, 26.66588],
        [80.83923, 26.66585],
        [80.83948, 26.6658],
        [80.8398, 26.6658],
        [80.84012, 26.66577],
        [80.84044, 26.66571],
        [80.84075, 26.66561],
        [80.84105, 26.6655],
        [80.84134, 26.66535],
        [80.84162, 26.66518],
        [80.84188, 26.66498],
        [80.84212, 26.66477],
        [80.84225, 26.66461],
        [80.84239, 26.66445],
        [80.84252, 26.6643],
        [80.84266, 26.66414],
        [80.84279, 26.66397],
        [80.84291, 26.66381],
        [80.84304, 26.66364],
        [80.84316, 26.66348],
        [80.84328, 26.66331],
        [80.84338, 26.66315],
        [80.84349, 26.66299],
        [80.84359, 26.66283],
        [80.8437, 26.66267],
        [80.8438, 26.66251],
        [80.8439, 26.66235],
        [80.844, 26.66219],
        [80.84411, 26.66203],
        [80.8445, 26.66142],
        [80.84465, 26.66117],
        [80.84478, 26.66091],
        [80.84488, 26.66065],
        [80.84496, 26.66037],
        [80.84501, 26.66009],
        [80.84504, 26.65981],
        [80.84505, 26.65952],
        [80.84503, 26.65924],
        [80.84498, 26.65896],
        [80.84493, 26.65864],
        [80.84497, 26.65832],
        [80.84508, 26.65802],
        [80.84527, 26.65776],
        [80.84551, 26.65741],
        [80.84562, 26.65715],
        [80.84572, 26.6569],
        [80.84581, 26.65664],
        [80.84589, 26.65637],
        [80.84596, 26.6561],
        [80.84602, 26.65583],
        [80.84606, 26.65556],
        [80.84609, 26.65529],
        [80.8461, 26.65507],
        [80.84612, 26.65486],
        [80.84618, 26.65465],
        [80.84626, 26.65444],
        [80.84636, 26.65425],
        [80.84648, 26.65408],
        [80.84663, 26.65392],
        [80.84679, 26.65377],
        [80.84697, 26.65365],
        [80.84714, 26.65345],
        [80.8473, 26.65324],
        [80.84743, 26.65302],
        [80.84755, 26.65278],
        [80.84764, 26.65254]
      ]
    ]
  }
}
