{
  "type": "Feature",
  "id": "UP-AC-219",
  "properties": {
    "stateName": "UTTAR PRADESH",
    "stateCode": "UP",
    "districtName": "JALAUN",
    "acNo": 219,
    "acName": "TINDWARI",
    "seatType": null,
    "pcNo": null,
    "pcName": null,
    "quality": "unverified",
    "sources": [
      "TBD"
    ]
  },
  "geometry": {
    "type": "Polygon",
    "coordinates": [
      [
        [78.9342, 25.9524],
        [78.934, 25.9525],
        [78.93382, 25.95256],
        [78.93374, 25.9526],
        [78.93359, 25.95271],
        [78.9335, 25.9528],
        [78.93331, 25.95299],
        [78.9333, 25.95301],
        [78.9332, 25.9532],
        [78.93295, 25.95362],
        [78.9326, 25.9542],
        [78.93267, 25.95435],
        [78.9327, 25.9544],
        [78.9328, 25.9546],
        [78.93283, 25.95466],
        [78.9329, 25.9548],
        [78.9331, 25.9549],
        [78.9333, 25.955],
        [78.9335, 25.9551],
        [78.93369, 25.95529],
        [78.9337, 25.9553],
        [78.9338, 25.9555],
        [78.9338, 25.9558],
        [78.93365, 25.95595],
        [78.93362, 25.956],
        [78.93351, 25.95618],
        [78.9335, 25.9562],
        [78.9334, 25.9565],
        [78.93333, 25.95664],
        [78.93331, 25.95673],
        [78.9333, 25.95682],
        [78.9333, 25.957],
        [78.93326, 25.95717],
        [78.9332, 25.9574],
        [78.9331, 25.9575],
        [78.9328, 25.9576],
        [78.9326, 25.9576],
        [78.9323, 25.9577],
        [78.932, 25.9578],
        [78.93187, 25.95789],
        [78.9317, 25.958],
        [78.9314, 25.9582],
        [78.93122, 25.95849],
        [78.9312, 25.9585],
        [78.9312, 25.9585],
        [78.931, 25.9586],
        [78.9302, 25.9586],
        [78.93009, 25.9586],
        [78.92995, 25.95862],
        [78.92978, 25.95872],
        [78.9296, 25.9589],
        [78.9295, 25.9593],
        [78.92946, 25.95947],
        [78.92944, 25.95972],
        [78.9296, 25.9598],
        [78.93041, 25.95965],
        [78.9307, 25.9596],
        [78.9312, 25.9596],
        [78.93148, 25.95969],
        [78.9315, 25.9597],
        [78.9317, 25.9598],
        [78.93174, 25.95986],
        [78.9319, 25.9601],
        [78.93223, 25.96038],
        [78.9326, 25.9607],
        [78.9332, 25.9613],
        [78.9334, 25.9614],
        [78.93353, 25.96144],
        [78.9337, 25.9615],
        [78.934, 25.9616],
        [78.93407, 25.96167],
        [78.9341, 25.9617],
        [78.9341, 25.96171],
        [78.9341, 25.9619],
        [78.9341, 25.9621],
        [78.93415, 25.96219],
        [78.9342, 25.9623],
        [78.9342, 25.9625],
        [78.9342, 25.96253],
        [78.93423, 25.96264],
        [78.93425, 25.9627],
        [78.9343, 25.9628],
        [78.9344, 25.963],
        [78.9346, 25.9633],
        [78.93468, 25.96346],
        [78.93483, 25.96354],
        [78.935, 25.9636],
        [78.93514, 25.96369],
        [78.9353, 25.9638],
        [78.9357, 25.9639],
        [78.93601, 25.9639],
        [78.9361, 25.9639],
        [78.93629, 25.96392],
        [78.937, 25.964],
        [78.9372, 25.9641],
        [78.93724, 25.96418],
        [78.9373, 25.9643],
        [78.93738, 25.96626],
        [78.9374, 25.9668],
        [78.9375, 25.9706],
        [78.9375, 25.97196],
        [78.9375, 25.9723],
        [78.93742, 25.97277],
        [78.93741, 25.97285],
        [78.9374, 25.97289],
        [78.9374, 25.9729],
        [78.9374, 25.9729],
        [78.93733, 25.97324],
        [78.93725, 25.97329],
        [78.9372, 25.9734],
        [78.93673, 25.9734],
        [78.93651, 25.97342],
        [78.93641, 25.97344],
        [78.9363, 25.9735],
        [78.936, 25.9736],
        [78.9358, 25.9737],
        [78.9356, 25.9738],
        [78.9354, 25.9739],
        [78.93536, 25.97392],
        [78.93519, 25.97404],
        [78.93505, 25.97415],
        [78.935, 25.9742],
        [78.9348, 25.9744],
        [78.9347, 25.9746],
        [78.9344, 25.9749],
        [78.9341, 25.9753],
        [78.93385, 25.97563],
        [78.9338, 25.9757],
        [78.9336, 25.976],
        [78.9334, 25.9765],
        [78.9332, 25.9769],
        [78.9331, 25.9773],
        [78.93306, 25.97749],
        [78.933, 25.9778],
        [78.93294, 25.97805],
        [78.9329, 25.9782],
        [78.9329, 25.9785],
        [78.9329, 25.9787],
        [78.933, 25.979],
        [78.93301, 25.97903],
        [78.9331, 25.9792],
        [78.93317, 25.9794],
        [78.9332, 25.97947],
        [78.93333, 25.9797],
        [78.93346, 25.97986],
        [78.9335, 25.9799],
        [78.9337, 25.9801],
        [78.93381, 25.98021],
        [78.93388, 25.98027],
        [78.9341, 25.98047],
        [78.93428, 25.98059],
        [78.9343, 25.9806],
        [78.93437, 25.98064],
        [78.9346, 25.9808],
        [78.9349, 25.9809],
        [78.93502, 25.9809],
        [78.9352, 25.9809],
        [78.93529, 25.98094],
        [78.9354, 25.981],
        [78.9357, 25.981],
        [78.93596, 25.98091],
        [78.936, 25.9809],
        [78.9363, 25.9808],
        [78.93648, 25.98075],
        [78.9367, 25.98068],
        [78.93706, 25.98051],
        [78.93723, 25.98041],
        [78.9374, 25.9803],
        [78.9377, 25.9801],
        [78.9379, 25.97995],
        [78.93806, 25.97982],
        [78.93814, 25.97974],
        [78.9383, 25.9795],
        [78.9386, 25.9792],
        [78.9388, 25.9789],
        [78.93892, 25.97878],
        [78.9391, 25.9786],
        [78.93917, 25.97846],
        [78.9392, 25.9784],
        [78.93942, 25.97825],
        [78.93945, 25.97823],
        [78.93948, 25.97821],
        [78.9395, 25.9782],
        [78.93953, 25.97819],
        [78.93968, 25.9781],
        [78.93992, 25.97799],
        [78.94017, 25.9779],
        [78.94024, 25.97788],
        [78.9404, 25.9778],
        [78.94069, 25.9778],
        [78.94095, 25.97779],
        [78.94121, 25.9778],
        [78.94143, 25.97778],
        [78.94164, 25.97778],
        [78.94178, 25.9778],
        [78.9419, 25.9778],
        [78.94193, 25.97783],
        [78.94205, 25.97786],
        [78.94217, 25.9779],
        [78.9423, 25.9779],
        [78.94239, 25.97799],
        [78.94245, 25.97802],
        [78.94247, 25.97804],
        [78.9426, 25.9781],
        [78.9427, 25.9782],
        [78.9428, 25.9783],
        [78.9429, 25.9784],
        [78.9459, 25.9817],
        [78.94595, 25.98175],
        [78.9461, 25.9819],
        [78.9463, 25.9822],
        [78.9465, 25.9825],
        [78.9467, 25.9828],
        [78.9469, 25.9831],
        [78.94697, 25.98332],
        [78.94703, 25.98342],
        [78.94718, 25.98367],
        [78.9472, 25.9837],
        [78.9474, 25.984],
        [78.94747, 25.98419],
        [78.9476, 25.9845],
        [78.9478, 25.9847],
        [78.948, 25.985],
        [78.94811, 25.98511],
        [78.9482, 25.9852],
        [78.9484, 25.9855],
        [78.94852, 25.98562],
        [78.94858, 25.98567],
        [78.94865, 25.98573],
        [78.9488, 25.9858],
        [78.9491, 25.986],
        [78.94922, 25.98612],
        [78.9493, 25.98617],
        [78.94942, 25.98624],
        [78.9496, 25.9863],
        [78.9498, 25.9864],
        [78.95004, 25.98656],
        [78.95008, 25.98658],
        [78.9503, 25.98667],
        [78.9504, 25.9867],
        [78.95044, 25.98672],
        [78.95063, 25.98679],
        [78.95079, 25.98685],
        [78.951, 25.9869],
        [78.95121, 25.98704],
        [78.9513, 25.9871],
        [78.9516, 25.9873],
        [78.9519, 25.9876],
        [78.95202, 25.98768],
        [78.9522, 25.9878],
        [78.9524, 25.9881],
        [78.9526, 25.9885],
        [78.9527, 25.9888],
        [78.9527, 25.98882],
        [78.9528, 25.9892],
        [78.9531, 25.9903],
        [78.9531, 25.9906],
        [78.9529, 25.9909],
        [78.95271, 25.99109],
        [78.9527, 25.9911],
        [78.9527, 25.9911],
        [78.9523, 25.9911],
        [78.9504, 25.991],
        [78.9501, 25.991],
        [78.94983, 25.991],
        [78.9498, 25.991],
        [78.9496, 25.991],
        [78.9493, 25.9911],
        [78.9491, 25.9912],
        [78.94908, 25.99122],
        [78.9489, 25.9914],
        [78.9487, 25.9915],
        [78.9485, 25.9917],
        [78.9483, 25.9921],
        [78.9483, 25.9924],
        [78.9484, 25.9927],
        [78.9485, 25.9929],
        [78.94857, 25.99301],
        [78.9487, 25.9932],
        [78.94896, 25.99327],
        [78.9491, 25.9933],
        [78.94931, 25.99341],
        [78.9495, 25.9935],
        [78.9498, 25.9936],
        [78.9502, 25.9937],
        [78.9506, 25.9938],
        [78.95076, 25.9938],
        [78.9509, 25.9938],
        [78.9511, 25.99385],
        [78.95133, 25.99388],
        [78.95159, 25.9939],
        [78.9517, 25.9939],
        [78.9521, 25.9939],
        [78.9526, 25.9939],
        [78.9531, 25.9939],
        [78.9536, 25.994],
        [78.95389, 25.99411],
        [78.95408, 25.99417],
        [78.95426, 25.99424],
        [78.9545, 25.9943],
        [78.95488, 25.99453],
        [78.955, 25.9946],
        [78.9554, 25.9949],
        [78.9558, 25.9952],
        [78.9561, 25.9955],
        [78.9563, 25.9957],
        [78.95636, 25.99576],
        [78.9565, 25.9959],
        [78.9566, 25.9961],
        [78.9566, 25.99628],
        [78.9566, 25.9964],
        [78.9566, 25.9966],
        [78.9566, 25.9969],
        [78.9566, 25.997],
        [78.9566, 25.9971],
        [78.9565, 25.9974],
        [78.9563, 25.9976],
        [78.95619, 25.99765],
        [78.95608, 25.99773],
        [78.95589, 25.99784],
        [78.9558, 25.9979],
        [78.95568, 25.99794],
        [78.95554, 25.998],
        [78.9554, 25.99805],
        [78.9553, 25.9981],
        [78.955, 25.9982],
        [78.9546, 25.9982],
        [78.9544, 25.9982],
        [78.95435, 25.9982],
        [78.954, 25.9982],
        [78.95388, 25.99814],
        [78.9538, 25.9981],
        [78.9524, 25.998],
        [78.9519, 25.998],
        [78.95186, 25.998],
        [78.95162, 25.998],
        [78.95137, 25.99802],
        [78.95128, 25.99804],
        [78.9511, 25.9981],
        [78.9509, 25.9982],
        [78.9508, 25.9982],
        [78.95069, 25.99825],
        [78.95061, 25.99829],
        [78.9505, 25.9984],
        [78.9503, 25.9985],
        [78.9501, 25.9987],
        [78.95001, 25.99875],
        [78.94992, 25.99884],
        [78.94983, 25.99894],
        [78.9498, 25.999],
        [78.9496, 25.9992],
        [78.94942, 25.99938],
        [78.9494, 25.9994],
        [78.9494, 25.9994],
        [78.9492, 25.9995],
        [78.94913, 25.99964],
        [78.9491, 25.9997],
        [78.9489, 25.9999],
        [78.9487, 26],
        [78.9485, 26.0002],
        [78.9483, 26.0003],
        [78.9479, 26.0005],
        [78.9465, 26.0011],
        [78.94641, 26.00115],
        [78.94632, 26.00123],
        [78.94621, 26.00147],
        [78.9462, 26.00153],
        [78.9462, 26.0017],
        [78.9462, 26.0019],
        [78.9462, 26.0021],
        [78.9462, 26.0023],
        [78.9462, 26.00244],
        [78.94621, 26.00255],
        [78.9464, 26.00313],
        [78.9465, 26.0034],
        [78.9465, 26.0036],
        [78.9465, 26.00363],
        [78.9465, 26.0039],
        [78.9464, 26.0041],
        [78.94624, 26.00426],
        [78.9462, 26.0043],
        [78.9454, 26.0049],
        [78.94525, 26.00505],
        [78.9452, 26.0051],
        [78.945, 26.0053],
        [78.9448, 26.0055],
        [78.94467, 26.00563],
        [78.94462, 26.0057],
        [78.94455, 26.00584],
        [78.9445, 26.006],
        [78.9445, 26.0062],
        [78.9445, 26.0064],
        [78.94451, 26.00645],
        [78.94458, 26.00658],
        [78.9446, 26.0066],
        [78.94463, 26.00666],
        [78.9447, 26.0068],
        [78.9449, 26.007],
        [78.9451, 26.0071],
        [78.94519, 26.0071],
        [78.9453, 26.0071],
        [78.9462, 26.0073],
        [78.9464, 26.0073],
        [78.94658, 26.00739],
        [78.94661, 26.0074],
        [78.9468, 26.0074],
        [78.947, 26.0075],
        [78.94718, 26.00759],
        [78.94737, 26.00768],
        [78.94756, 26.00778],
        [78.9478, 26.0079],
        [78.94784, 26.00794],
        [78.94793, 26.008],
        [78.94825, 26.00828],
        [78.9484, 26.0084],
        [78.94841, 26.00842],
        [78.9485, 26.0087],
        [78.9486, 26.0089],
        [78.9486, 26.0089],
        [78.9486, 26.0089],
        [78.9486, 26.0092],
        [78.9485, 26.0095],
        [78.9483, 26.0101],
        [78.9483, 26.01023],
        [78.9483, 26.0104],
        [78.9483, 26.01049],
        [78.94832, 26.01057],
        [78.94838, 26.01064],
        [78.9485, 26.0107],
        [78.9489, 26.0111],
        [78.95083, 26.01264],
        [78.95141, 26.0131],
        [78.95161, 26.01328],
        [78.9527, 26.0142],
        [78.9529, 26.0143],
        [78.95297, 26.01445],
        [78.95305, 26.01452],
        [78.95317, 26.01467],
        [78.9532, 26.0147],
        [78.95321, 26.01472],
        [78.9533, 26.0149],
        [78.9534, 26.0152],
        [78.9535, 26.01539],
        [78.9535, 26.0154],
        [78.9535, 26.01541],
        [78.9535, 26.0157],
        [78.9535, 26.0159],
        [78.9535, 26.01607],
        [78.9535, 26.0163],
        [78.9535, 26.0166],
        [78.95341, 26.01688],
        [78.9534, 26.01691],
        [78.95331, 26.0172],
        [78.95324, 26.01737],
        [78.9532, 26.0175],
        [78.95298, 26.01816],
        [78.9524, 26.0199],
        [78.9523, 26.0202],
        [78.95223, 26.0204],
        [78.9522, 26.0205],
        [78.95216, 26.02057],
        [78.952, 26.0208],
        [78.9518, 26.0211],
        [78.9507, 26.0223],
        [78.94984, 26.02364],
        [78.9498, 26.0237],
        [78.9483, 26.026],
        [78.9482, 26.0261],
        [78.948, 26.0264],
        [78.9479, 26.0266],
        [78.94791, 26.02685],
        [78.948, 26.0271],
        [78.9485, 26.028],
        [78.9486, 26.0281],
        [78.94866, 26.02813],
        [78.9488, 26.0282],
        [78.94886, 26.02831],
        [78.94894, 26.02839],
        [78.94906, 26.02848],
        [78.9491, 26.0285],
        [78.9493, 26.0286],
        [78.9495, 26.0287],
        [78.94956, 26.02876],
        [78.9496, 26.0288],
        [78.9498, 26.0289],
        [78.95002, 26.0289],
        [78.9502, 26.0289],
        [78.95049, 26.02897],
        [78.95056, 26.02898],
        [78.95092, 26.02899],
        [78.95128, 26.029],
        [78.9513, 26.029],
        [78.9516, 26.029],
        [78.952, 26.029],
        [78.95221, 26.029],
        [78.9524, 26.029],
        [78.95254, 26.0291],
        [78.95274, 26.02918],
        [78.95297, 26.02933],
        [78.9531, 26.0294],
        [78.9533, 26.0296],
        [78.95335, 26.02976],
        [78.9534, 26.0299],
        [78.9535, 26.0301],
        [78.95357, 26.0303],
        [78.9536, 26.0304],
        [78.9536, 26.0306],
        [78.95357, 26.03092],
        [78.9535, 26.0316],
        [78.9535, 26.0319],
        [78.95358, 26.03205],
        [78.9536, 26.0321],
        [78.9537, 26.0324],
        [78.95379, 26.03268],
        [78.9538, 26.0327],
        [78.9539, 26.0329],
        [78.9542, 26.0331],
        [78.95434, 26.03317],
        [78.9544, 26.0332],
        [78.9547, 26.0333],
        [78.9549, 26.0334],
        [78.95513, 26.03347],
        [78.9556, 26.0336],
        [78.9559, 26.0336],
        [78.95607, 26.0336],
        [78.9562, 26.0336],
        [78.9566, 26.0336],
        [78.9569, 26.0336],
        [78.9574, 26.0336],
        [78.95748, 26.03364],
        [78.9576, 26.0337],
        [78.9579, 26.0337],
        [78.95808, 26.0337],
        [78.9582, 26.0337],
        [78.95826, 26.03373],
        [78.95842, 26.03376],
        [78.95856, 26.0338],
        [78.9587, 26.0338],
        [78.9589, 26.0339],
        [78.95893, 26.03391],
        [78.9592, 26.034],
        [78.95939, 26.03409],
        [78.9596, 26.0342],
        [78.9599, 26.0344],
        [78.9602, 26.0346],
        [78.9605, 26.0349],
        [78.9606, 26.03495],
        [78.9607, 26.035],
        [78.96078, 26.03516],
        [78.96083, 26.03525],
        [78.961, 26.0355],
        [78.9611, 26.0356],
        [78.9612, 26.0358],
        [78.9613, 26.036],
        [78.9613, 26.03606],
        [78.96135, 26.03615],
        [78.96142, 26.03626],
        [78.9615, 26.0363],
        [78.9615, 26.0364],
        [78.9615, 26.0365],
        [78.9616, 26.0366],
        [78.9619, 26.0373],
        [78.96215, 26.03769],
        [78.9626, 26.0384],
        [78.9627, 26.0386],
        [78.9628, 26.0388],
        [78.9629, 26.0389],
        [78.96296, 26.03902],
        [78.963, 26.03907],
        [78.96313, 26.03922],
        [78.96326, 26.03936],
        [78.96328, 26.03938],
        [78.9633, 26.0394],
        [78.9633, 26.0394],
        [78.9634, 26.0395],
        [78.96354, 26.03963],
        [78.96369, 26.03976],
        [78.96399, 26.04009],
        [78.9644, 26.0405],
        [78.96517, 26.04109],
        [78.9657, 26.0415],
        [78.9671, 26.0425],
        [78.9675, 26.0428],
        [78.9677, 26.043],
        [78.9679, 26.0432],
        [78.96798, 26.04328],
        [78.9681, 26.0434],
        [78.96817, 26.04354],
        [78.96823, 26.04363],
        [78.96826, 26.04369],
        [78.9684, 26.0439],
        [78.9685, 26.0441],
        [78.9686, 26.0443],
        [78.96862, 26.04436],
        [78.9687, 26.0446],
        [78.9688, 26.0448],
        [78.96912, 26.04525],
        [78.9693, 26.0455],
        [78.9696, 26.0458],
        [78.9699, 26.046],
        [78.9703, 26.0461],
        [78.9707, 26.0461],
        [78.97093, 26.04595],
        [78.971, 26.0459],
        [78.97108, 26.04587],
        [78.9713, 26.0458],
        [78.9714, 26.0457],
        [78.9717, 26.0456],
        [78.9719, 26.0455],
        [78.9721, 26.0454],
        [78.9723, 26.0453],
        [78.97238, 26.04526],
        [78.9725, 26.0452],
        [78.9727, 26.0451],
        [78.9731, 26.045],
        [78.97338, 26.045],
        [78.9734, 26.045],
        [78.9737, 26.045],
        [78.97385, 26.04504],
        [78.97405, 26.04508],
        [78.97409, 26.0451],
        [78.9741, 26.0451],
        [78.9744, 26.0452],
        [78.97463, 26.04536],
        [78.9747, 26.0454],
        [78.975, 26.0456],
        [78.9752, 26.0458],
        [78.97542, 26.04594],
        [78.9755, 26.046],
        [78.9755, 26.04613],
        [78.97552, 26.04621],
        [78.9754, 26.0464],
        [78.9752, 26.0465],
        [78.97517, 26.04652],
        [78.975, 26.04662],
        [78.97493, 26.04667],
        [78.9748, 26.0468],
        [78.97468, 26.04686],
        [78.97461, 26.04692],
        [78.97443, 26.04708],
        [78.97439, 26.04712],
        [78.9743, 26.0473],
        [78.97417, 26.04736],
        [78.97411, 26.04744],
        [78.97403, 26.04754],
        [78.974, 26.0476],
        [78.97393, 26.04767],
        [78.97382, 26.04784],
        [78.97375, 26.04796],
        [78.9737, 26.0481],
        [78.97359, 26.04827],
        [78.9735, 26.0484],
        [78.9734, 26.0486],
        [78.9734, 26.04878],
        [78.9734, 26.0489],
        [78.97336, 26.04898],
        [78.97334, 26.04909],
        [78.9733, 26.04933],
        [78.9733, 26.0496],
        [78.9733, 26.0498],
        [78.9733, 26.0501],
        [78.9733, 26.05022],
        [78.97331, 26.0503],
        [78.97335, 26.0505],
        [78.9734, 26.0507],
        [78.97343, 26.05078],
        [78.97352, 26.05098],
        [78.97361, 26.05111],
        [78.9737, 26.0512],
        [78.97378, 26.05132],
        [78.97392, 26.05146],
        [78.97408, 26.05156],
        [78.9742, 26.0516],
        [78.9744, 26.0517],
        [78.97445, 26.05172],
        [78.9747, 26.0518],
        [78.9749, 26.0518],
        [78.9751, 26.0518],
        [78.97525, 26.05175],
        [78.9754, 26.0517],
        [78.97546, 26.0517],
        [78.9756, 26.0517],
        [78.9758, 26.0516],
        [78.976, 26.0515],
        [78.97616, 26.05134],
        [78.9762, 26.0513],
        [78.97625, 26.05127],
        [78.9765, 26.0511],
        [78.9767, 26.0508],
        [78.9769, 26.0505],
        [78.9769, 26.05029],
        [78.9769, 26.0501],
        [78.97698, 26.04987],
        [78.97698, 26.04984],
        [78.977, 26.0496],
        [78.977, 26.0494],
        [78.977, 26.0491],
        [78.97692, 26.04894],
        [78.9769, 26.0489],
        [78.97673, 26.0484],
        [78.97669, 26.04828],
        [78.9767, 26.04821],
        [78.9767, 26.0481],
        [78.97672, 26.04808],
        [78.97672, 26.04807],
        [78.97675, 26.04805],
        [78.9769, 26.0479],
        [78.97708, 26.04796],
        [78.9772, 26.048],
        [78.9775, 26.048],
        [78.9778, 26.048],
        [78.978, 26.048],
        [78.97804, 26.048],
        [78.9783, 26.048],
        [78.9786, 26.048],
        [78.97878, 26.04806],
        [78.9789, 26.0481],
        [78.9792, 26.0481],
        [78.9796, 26.0481],
        [78.97997, 26.0481],
        [78.98, 26.0481],
        [78.98005, 26.04813],
        [78.98025, 26.04819],
        [78.98036, 26.04825],
        [78.9805, 26.0483],
        [78.9807, 26.0485],
        [78.98072, 26.04855],
        [78.98084, 26.0487],
        [78.98092, 26.04882],
        [78.981, 26.0489],
        [78.98108, 26.04906],
        [78.98112, 26.04912],
        [78.9812, 26.0492],
        [78.9814, 26.0495],
        [78.98148, 26.04974],
        [78.9815, 26.04978],
        [78.98161, 26.0501],
        [78.98162, 26.05016],
        [78.9817, 26.0504],
        [78.9817, 26.05077],
        [78.9817, 26.0508],
        [78.9817, 26.05096],
        [78.98173, 26.05115],
        [78.98174, 26.05117],
        [78.9818, 26.0513],
        [78.98183, 26.05143],
        [78.9819, 26.0517],
        [78.98204, 26.05177],
        [78.9821, 26.0518],
        [78.98216, 26.05188],
        [78.9823, 26.0521],
        [78.9826, 26.0522],
        [78.9828, 26.0523],
        [78.98289, 26.0523],
        [78.983, 26.0523],
        [78.9832, 26.0523],
        [78.9833, 26.05235],
        [78.98345, 26.05235],
        [78.98356, 26.05235],
        [78.9837, 26.0523],
        [78.98381, 26.05235],
        [78.98395, 26.05237],
        [78.98407, 26.0524],
        [78.9842, 26.0524],
        [78.9844, 26.0525],
        [78.9847, 26.0527],
        [78.98481, 26.05281],
        [78.9849, 26.0529],
        [78.9852, 26.0531],
        [78.9855, 26.0533],
        [78.98578, 26.05349],
        [78.9858, 26.0535],
        [78.986, 26.0536],
        [78.9861, 26.0538],
        [78.9861, 26.05381],
        [78.9861, 26.054],
        [78.986, 26.0556],
        [78.986, 26.05562],
        [78.98601, 26.05599],
        [78.98604, 26.05617],
        [78.98606, 26.05626],
        [78.9861, 26.0563],
        [78.98617, 26.0566],
        [78.98621, 26.05669],
        [78.9863, 26.05685],
        [78.9864, 26.057],
        [78.9866, 26.0573],
        [78.98678, 26.05748],
        [78.98683, 26.05751],
        [78.987, 26.0576],
        [78.9872, 26.0577],
        [78.9872, 26.058],
        [78.9866, 26.0598],
        [78.98656, 26.0599],
        [78.9864, 26.0603],
        [78.9865, 26.0605],
        [78.9866, 26.06055],
        [78.9867, 26.0606],
        [78.9876, 26.0611],
        [78.9878, 26.0612],
        [78.9879, 26.0614],
        [78.9879, 26.06148],
        [78.9879, 26.0616],
        [78.9879, 26.0623],
        [78.988, 26.0624],
        [78.98801, 26.0624],
        [78.98923, 26.06281],
        [78.98946, 26.06288],
        [78.98947, 26.06289],
        [78.9895, 26.0629],
        [78.9896, 26.063],
        [78.9896, 26.063],
        [78.98961, 26.06301],
        [78.98972, 26.06317],
        [78.98979, 26.06335],
        [78.9898, 26.0634],
        [78.98983, 26.06355],
        [78.98988, 26.06375],
        [78.9899, 26.0638],
        [78.9899, 26.06388],
        [78.98992, 26.06399],
        [78.98994, 26.06421],
        [78.98995, 26.0643],
        [78.99, 26.0644],
        [78.98996, 26.06453],
        [78.9899, 26.0647],
        [78.9899, 26.0649],
        [78.9899, 26.0651],
        [78.9899, 26.06516],
        [78.9899, 26.0653],
        [78.98985, 26.0654],
        [78.9898, 26.0655],
        [78.98959, 26.06656],
        [78.98954, 26.06678],
        [78.98951, 26.06697],
        [78.98957, 26.06714],
        [78.9896, 26.0672],
        [78.98968, 26.06731],
        [78.9907, 26.0687],
        [78.991, 26.0686],
        [78.9913, 26.0685],
        [78.99144, 26.06836],
        [78.9915, 26.0683],
        [78.9917, 26.0681],
        [78.9919, 26.0679],
        [78.9921, 26.0678],
        [78.99222, 26.06776],
        [78.99238, 26.0677],
        [78.99239, 26.0677],
        [78.9924, 26.0677],
        [78.99242, 26.06771],
        [78.9927, 26.0678],
        [78.9929, 26.0678],
        [78.99305, 26.0678],
        [78.9932, 26.0678],
        [78.99357, 26.0678],
        [78.9936, 26.0678],
        [78.9938, 26.0678],
        [78.99383, 26.0678],
        [78.9942, 26.0678],
        [78.99432, 26.06784],
        [78.99453, 26.06788],
        [78.9946, 26.0679],
        [78.9948, 26.0679],
        [78.99494, 26.06797],
        [78.995, 26.068],
        [78.9953, 26.068],
        [78.9956, 26.068],
        [78.99578, 26.06791],
        [78.9958, 26.0679],
        [78.9961, 26.0678],
        [78.99622, 26.0678],
        [78.99633, 26.06776],
        [78.99652, 26.06773],
        [78.9966, 26.0677],
        [78.99671, 26.0677],
        [78.99679, 26.06769],
        [78.99702, 26.0677],
        [78.9973, 26.0677],
        [78.99742, 26.06776],
        [78.9975, 26.06777],
        [78.99757, 26.06776],
        [78.9977, 26.0677],
        [78.99788, 26.0677],
        [78.998, 26.0677],
        [78.9982, 26.0676],
        [78.99857, 26.06732],
        [78.9986, 26.0673],
        [78.99883, 26.06738],
        [78.99924, 26.06749],
        [78.9993, 26.0675],
        [78.9995, 26.0675],
        [78.9998, 26.0675],
        [79, 26.0675],
        [79.00022, 26.06749],
        [79.00024, 26.06749],
        [79.0005, 26.0674],
        [79.00073, 26.0674],
        [79.0009, 26.0674],
        [79.0011, 26.0672],
        [79.00117, 26.06706],
        [79.0013, 26.0668],
        [79.00157, 26.0668],
        [79.00166, 26.06678],
        [79.00189, 26.0667],
        [79.0021, 26.0666],
        [79.00225, 26.0666],
        [79.00241, 26.06657],
        [79.00258, 26.06666],
        [79.0026, 26.0667],
        [79.0027, 26.0668],
        [79.0027, 26.067],
        [79.0028, 26.0682],
        [79.00284, 26.06835],
        [79.0029, 26.0686],
        [79.0032, 26.0694],
        [79.0039, 26.0702],
        [79.0047, 26.0709],
        [79.006, 26.0718],
        [79.0069, 26.073],
        [79.0075, 26.074],
        [79.00771, 26.07456],
        [79.0078, 26.0748],
        [79.00788, 26.07504],
        [79.008, 26.0754],
        [79.0082, 26.0761],
        [79.0082, 26.077],
        [79.008, 26.0785],
        [79.008, 26.07877],
        [79.008, 26.0794],
        [79.0081, 26.0798],
        [79.0083, 26.0801],
        [79.00841, 26.08027],
        [79.0085, 26.0804],
        [79.009, 26.0808],
        [79.0101, 26.0815],
        [79.01138, 26.08214],
        [79.0115, 26.0822],
        [79.012, 26.0827],
        [79.012, 26.0829],
        [79.012, 26.08291],
        [79.012, 26.08309],
        [79.012, 26.0831],
        [79.012, 26.0834],
        [79.01191, 26.08359],
        [79.0119, 26.0836],
        [79.0116, 26.0845],
        [79.0115, 26.0855],
        [79.0117, 26.0869],
        [79.012, 26.0884],
        [79.0122, 26.0891],
        [79.0122, 26.08911],
        [79.0125, 26.0896],
        [79.0125, 26.0898],
        [79.01247, 26.08981],
        [79.0123, 26.0899],
        [79.0113, 26.0902],
        [79.01065, 26.0905],
        [79.0102, 26.0907],
        [79.0095, 26.0913],
        [79.0092, 26.0917],
        [79.0091, 26.0918],
        [79.00906, 26.09182],
        [79.00905, 26.09183],
        [79.00895, 26.09195],
        [79.0089, 26.09204],
        [79.0089, 26.0921],
        [79.00882, 26.09234],
        [79.00881, 26.0924],
        [79.00877, 26.09256],
        [79.0087, 26.093],
        [79.00866, 26.09304],
        [79.0086, 26.0931],
        [79.0084, 26.0932],
        [79.00824, 26.0932],
        [79.0082, 26.0932],
        [79.00798, 26.09309],
        [79.00779, 26.09301],
        [79.00742, 26.09275],
        [79.0072, 26.0926],
        [79.0066, 26.0922],
        [79.00581, 26.09167],
        [79.0057, 26.0916],
        [79.0055, 26.0915],
        [79.0053, 26.0914],
        [79.00469, 26.09132],
        [79.0045, 26.0913],
        [79.00433, 26.09124],
        [79.00424, 26.09122],
        [79.00422, 26.09121],
        [79.0042, 26.0912],
        [79.004, 26.09106],
        [79.0036, 26.0908],
        [79.003, 26.0903],
        [79.0028, 26.0902],
        [79.0025, 26.0901],
        [79.00202, 26.0901],
        [79.002, 26.0901],
        [79.0019, 26.0901],
        [79.0016, 26.0902],
        [79.0012, 26.0904],
        [78.9997, 26.0916],
        [78.9986, 26.0922],
        [78.9978, 26.0926],
        [78.99766, 26.09267],
        [78.9976, 26.0927],
        [78.9973, 26.0928],
        [78.99728, 26.0928],
        [78.9971, 26.0928],
        [78.9969, 26.0929],
        [78.99685, 26.09293],
        [78.9967, 26.093],
        [78.99651, 26.093],
        [78.99647, 26.09301],
        [78.99641, 26.09302],
        [78.996, 26.0931],
        [78.9958, 26.0931],
        [78.99574, 26.0931],
        [78.9954, 26.0931],
        [78.9951, 26.0932],
        [78.9947, 26.0933],
        [78.9945, 26.09344],
        [78.9944, 26.0935],
        [78.9941, 26.0936],
        [78.9937, 26.0938],
        [78.9934, 26.094],
        [78.99323, 26.09406],
        [78.99309, 26.09414],
        [78.99298, 26.09422],
        [78.9928, 26.0944],
        [78.9926, 26.0945],
        [78.9924, 26.0947],
        [78.99221, 26.09479],
        [78.99218, 26.09482],
        [78.992, 26.095],
        [78.9918, 26.0952],
        [78.99161, 26.0953],
        [78.99158, 26.09532],
        [78.9914, 26.0955],
        [78.9912, 26.0957],
        [78.991, 26.0959],
        [78.9906, 26.0963],
        [78.99028, 26.09654],
        [78.9902, 26.0966],
        [78.9897, 26.097],
        [78.9893, 26.0974],
        [78.9889, 26.0978],
        [78.9885, 26.0982],
        [78.9881, 26.0986],
        [78.9876, 26.099],
        [78.9872, 26.0994],
        [78.98715, 26.09951],
        [78.9871, 26.0996],
        [78.9869, 26.0997],
        [78.9868, 26.0998],
        [78.9866, 26.0999],
        [78.98645, 26.09994],
        [78.9862, 26.1],
        [78.98592, 26.10014],
        [78.9858, 26.1002],
        [78.98568, 26.1002],
        [78.9856, 26.1002],
        [78.98455, 26.10078],
        [78.9827, 26.1018],
        [78.98144, 26.10243],
        [78.9805, 26.1029],
        [78.9759, 26.1051],
        [78.9759, 26.1051],
        [78.9758, 26.1053],
        [78.9758, 26.1056],
        [78.9758, 26.10561],
        [78.9761, 26.1064],
        [78.9773, 26.11],
        [78.9776, 26.1112],
        [78.97759, 26.11124],
        [78.97759, 26.11125],
        [78.97754, 26.11149],
        [78.97744, 26.11165],
        [78.97735, 26.11178],
        [78.977, 26.1123],
        [78.97695, 26.1124],
        [78.97693, 26.11247],
        [78.97698, 26.11265],
        [78.97739, 26.11366],
        [78.97742, 26.11377],
        [78.9777, 26.1147],
        [78.97767, 26.11479],
        [78.9776, 26.115],
        [78.9775, 26.1153],
        [78.97741, 26.11558],
        [78.9774, 26.1156],
        [78.97739, 26.11561],
        [78.97737, 26.11564],
        [78.97713, 26.11588],
        [78.9771, 26.1159],
        [78.9769, 26.116],
        [78.9765, 26.1163],
        [78.9763, 26.1164],
        [78.9761, 26.1165],
        [78.97545, 26.11685],
        [78.9748, 26.1172],
        [78.97327, 26.11793],
        [78.9725, 26.1183],
        [78.9721, 26.1185],
        [78.9718, 26.1186],
        [78.97147, 26.11877],
        [78.9714, 26.1188],
        [78.97135, 26.11881],
        [78.971, 26.1189],
        [78.97083, 26.11901],
        [78.9707, 26.1191],
        [78.97038, 26.11918],
        [78.9703, 26.1192],
        [78.9699, 26.1193],
        [78.96971, 26.1194],
        [78.9695, 26.1195],
        [78.9691, 26.1196],
        [78.96806, 26.11997],
        [78.9663, 26.1206],
        [78.9637, 26.122],
        [78.9627, 26.1227],
        [78.9627, 26.12271],
        [78.9626, 26.1229],
        [78.96245, 26.12305],
        [78.96244, 26.12307],
        [78.9624, 26.12321],
        [78.9624, 26.1233],
        [78.9624, 26.1235],
        [78.96236, 26.12358],
        [78.9623, 26.1237],
        [78.9623, 26.124],
        [78.9623, 26.1242],
        [78.9624, 26.1245],
        [78.9625, 26.1247],
        [78.9625, 26.125],
        [78.9625, 26.12508],
        [78.9625, 26.1252],
        [78.9623, 26.1255],
        [78.9621, 26.1256],
        [78.9619, 26.1257],
        [78.9617, 26.1258],
        [78.96163, 26.12582],
        [78.96144, 26.12591],
        [78.96121, 26.12601],
        [78.96112, 26.12604],
        [78.961, 26.1261],
        [78.9607, 26.1262],
        [78.96058, 26.1262],
        [78.9605, 26.12622],
        [78.96035, 26.12625],
        [78.9602, 26.1263],
        [78.96018, 26.1263],
        [78.96007, 26.12635],
        [78.96003, 26.12637],
        [78.9599, 26.1265],
        [78.9598, 26.1265],
        [78.95971, 26.12655],
        [78.95954, 26.12666],
        [78.9595, 26.1267],
        [78.9594, 26.1268],
        [78.95932, 26.12684],
        [78.95922, 26.12692],
        [78.95916, 26.12697],
        [78.9591, 26.1271],
        [78.95897, 26.12716],
        [78.9589, 26.1272],
        [78.9587, 26.1275],
        [78.95867, 26.12756],
        [78.9586, 26.1277],
        [78.9583, 26.1279],
        [78.9581, 26.128],
        [78.9578, 26.128],
        [78.95759, 26.12795],
        [78.95743, 26.12792],
        [78.95725, 26.1279],
        [78.9571, 26.1279],
        [78.9567, 26.1279],
        [78.9563, 26.1279],
        [78.9561, 26.1279],
        [78.95598, 26.12791],
        [78.95592, 26.12792],
        [78.9556, 26.128],
        [78.95549, 26.128],
        [78.9553, 26.128],
        [78.9549, 26.1281],
        [78.95469, 26.12824],
        [78.9546, 26.1283],
        [78.9525, 26.1293],
        [78.95233, 26.1293],
        [78.95218, 26.12934],
        [78.95204, 26.12935],
        [78.9519, 26.1294],
        [78.95179, 26.12936],
        [78.9516, 26.1293],
        [78.95141, 26.1293],
        [78.9513, 26.1293],
        [78.9493, 26.1288],
        [78.94923, 26.12883],
        [78.94912, 26.12894],
        [78.9491, 26.12908],
        [78.9491, 26.12917],
        [78.94918, 26.12936],
        [78.94932, 26.12959],
        [78.9507, 26.1318],
        [78.95126, 26.13327],
        [78.9515, 26.1339],
        [78.9516, 26.1341],
        [78.9517, 26.1343],
        [78.9519, 26.1344],
        [78.9521, 26.1345],
        [78.95213, 26.13451],
        [78.9524, 26.1346],
        [78.95251, 26.13471],
        [78.9526, 26.1348],
        [78.9529, 26.1349],
        [78.95327, 26.1349],
        [78.95358, 26.13489],
        [78.95378, 26.13486],
        [78.9545, 26.1347],
        [78.955, 26.1347],
        [78.9554, 26.1348],
        [78.95563, 26.13495],
        [78.95568, 26.13498],
        [78.95595, 26.13521],
        [78.9562, 26.13545],
        [78.9565, 26.1357],
        [78.9567, 26.1358],
        [78.9568, 26.13585],
        [78.9569, 26.1359],
        [78.95853, 26.13603],
        [78.9594, 26.1361],
        [78.9614, 26.137],
        [78.9616, 26.1371],
        [78.96166, 26.1371],
        [78.9619, 26.1371],
        [78.9624, 26.1368],
        [78.9626, 26.1367],
        [78.9628, 26.1367],
        [78.963, 26.1368],
        [78.96324, 26.13708],
        [78.9636, 26.1375],
        [78.9636, 26.13765],
        [78.96362, 26.13771],
        [78.96363, 26.13776],
        [78.9637, 26.1379],
        [78.9637, 26.1381],
        [78.96365, 26.13821],
        [78.96364, 26.13827],
        [78.9636, 26.13838],
        [78.9636, 26.1385],
        [78.96353, 26.13864],
        [78.96351, 26.13874],
        [78.9635, 26.13882],
        [78.9635, 26.139],
        [78.9635, 26.1392],
        [78.9635, 26.1395],
        [78.9635, 26.13955],
        [78.96352, 26.13971],
        [78.96353, 26.13976],
        [78.9636, 26.1399],
        [78.9637, 26.1402],
        [78.9637, 26.14029],
        [78.96375, 26.1404],
        [78.96393, 26.14063],
        [78.964, 26.1407],
        [78.96411, 26.14081],
        [78.96423, 26.14092],
        [78.9645, 26.1411],
        [78.9649, 26.1413],
        [78.96496, 26.14133],
        [78.9651, 26.1414],
        [78.9654, 26.1415],
        [78.96549, 26.1415],
        [78.9656, 26.1415],
        [78.9656, 26.14163],
        [78.9656, 26.1418],
        [78.9645, 26.1435],
        [78.96448, 26.14354],
        [78.96441, 26.14373],
        [78.9644, 26.14378],
        [78.9644, 26.1439],
        [78.9644, 26.1441],
        [78.9644, 26.1443],
        [78.9645, 26.1479],
        [78.96455, 26.14815],
        [78.96462, 26.14843],
        [78.96466, 26.1485],
        [78.9647, 26.14855],
        [78.96478, 26.14867],
        [78.96499, 26.14889],
        [78.96521, 26.14907],
        [78.96533, 26.14915],
        [78.9655, 26.1492],
        [78.96629, 26.1496],
        [78.9671, 26.15],
        [78.9674, 26.1501],
        [78.9677, 26.1502],
        [78.96783, 26.1502],
        [78.968, 26.1502],
        [78.9683, 26.1503],
        [78.9685, 26.1503],
        [78.96864, 26.15035],
        [78.96877, 26.15037],
        [78.96895, 26.1504],
        [78.969, 26.1504],
        [78.96909, 26.15043],
        [78.96925, 26.15047],
        [78.96939, 26.1505],
        [78.9695, 26.1505],
        [78.96963, 26.15057],
        [78.9697, 26.1506],
        [78.9699, 26.1507],
        [78.97006, 26.1507],
        [78.9702, 26.1507],
        [78.9704, 26.1508],
        [78.97072, 26.15093],
        [78.97088, 26.15098],
        [78.97108, 26.15104],
        [78.9714, 26.1511],
        [78.9719, 26.1512],
        [78.9724, 26.1513],
        [78.9729, 26.1514],
        [78.97316, 26.15145],
        [78.9734, 26.15148],
        [78.97365, 26.1515],
        [78.9739, 26.1515],
        [78.9744, 26.1515],
        [78.97467, 26.15155],
        [78.9749, 26.1516],
        [78.9752, 26.1516],
        [78.97533, 26.15154],
        [78.9754, 26.1515],
        [78.97574, 26.1515],
        [78.97586, 26.15149],
        [78.97608, 26.15146],
        [78.97622, 26.15144],
        [78.9763, 26.1514],
        [78.9765, 26.1514],
        [78.97654, 26.1514],
        [78.9768, 26.1514],
        [78.97697, 26.15131],
        [78.977, 26.1513],
        [78.97744, 26.15127],
        [78.9799, 26.1511],
        [78.98005, 26.15102],
        [78.9801, 26.151],
        [78.9804, 26.1509],
        [78.98047, 26.1509],
        [78.98059, 26.15086],
        [78.98069, 26.15081],
        [78.9808, 26.1507],
        [78.983, 26.1499],
        [78.98483, 26.14929],
        [78.986, 26.1489],
        [78.98736, 26.14847],
        [78.9882, 26.1482],
        [78.9897, 26.1476],
        [78.9931, 26.1465],
        [78.99322, 26.14646],
        [78.9934, 26.14638],
        [78.99357, 26.14634],
        [78.9937, 26.1463],
        [78.994, 26.1463],
        [78.9942, 26.14637],
        [78.99426, 26.14638],
        [78.99429, 26.1464],
        [78.9943, 26.1464],
        [78.9945, 26.1465],
        [78.9946, 26.1466],
        [78.9948, 26.1468],
        [78.9949, 26.1469],
        [78.99495, 26.14699],
        [78.995, 26.1471],
        [78.9951, 26.1473],
        [78.9952, 26.1475],
        [78.99532, 26.14756],
        [78.9954, 26.1476],
        [78.99548, 26.14776],
        [78.99549, 26.14777],
        [78.99563, 26.14792],
        [78.99579, 26.14806],
        [78.9959, 26.14815],
        [78.996, 26.1482],
        [78.99608, 26.14828],
        [78.99611, 26.1483],
        [78.9962, 26.14835],
        [78.9963, 26.1484],
        [78.99668, 26.14875],
        [78.99743, 26.14941],
        [78.99747, 26.14944],
        [78.9976, 26.1495],
        [78.99764, 26.14954],
        [78.9978, 26.1497],
        [78.9981, 26.1498],
        [78.99821, 26.1498],
        [78.9983, 26.1498],
        [78.99845, 26.1499],
        [78.9986, 26.15],
        [78.9991, 26.15],
        [78.9994, 26.1499],
        [78.99968, 26.14969],
        [78.9998, 26.1496],
        [79.0006, 26.1491],
        [79.0013, 26.1487],
        [79.003, 26.1481],
        [79.00362, 26.14798],
        [79.00405, 26.14786],
        [79.00424, 26.14785],
        [79.0045, 26.1478],
        [79.00459, 26.14789],
        [79.0047, 26.148],
        [79.0048, 26.1481],
        [79.00513, 26.14868],
        [79.0052, 26.1488],
        [79.00521, 26.14882],
        [79.00522, 26.14885],
        [79.00528, 26.14912],
        [79.0053, 26.1492],
        [79.0053, 26.14921],
        [79.0053, 26.1494],
        [79.0044, 26.1497],
        [79.0043, 26.1499],
        [79.0058, 26.1517],
        [79.00611, 26.15209],
        [79.0065, 26.1526],
        [79.0066, 26.1529],
        [79.0066, 26.1532],
        [79.00667, 26.15369],
        [79.0067, 26.1539],
        [79.00672, 26.15394],
        [79.0069, 26.1544],
        [79.0074, 26.155],
        [79.00805, 26.1558],
        [79.0083, 26.1561],
        [79.0083, 26.1563],
        [79.00826, 26.15634],
        [79.0082, 26.1564],
        [79.0073, 26.1598],
        [79.0072, 26.16],
        [79.0071, 26.1601],
        [79.0064, 26.1606],
        [79.0064, 26.1606],
        [79.00624, 26.16074],
        [79.00572, 26.16123],
        [79.0051, 26.1618],
        [79.0048, 26.1626],
        [79.0048, 26.1627],
        [79.0048, 26.1628],
        [79.0049, 26.1629],
        [79.005, 26.163],
        [79.0058, 26.1634],
        [79.006, 26.1636],
        [79.006, 26.1638],
        [79.00595, 26.16394],
        [79.0059, 26.1641],
        [79.0058, 26.1642],
        [79.0051, 26.1648],
        [79.0051, 26.1649],
        [79.00511, 26.16494],
        [79.00512, 26.16497],
        [79.00515, 26.16504],
        [79.0052, 26.16517],
        [79.0055, 26.16539],
        [79.00551, 26.16542],
        [79.0056, 26.1656],
        [79.00557, 26.1656],
        [79.0054, 26.1656],
        [79.0051, 26.1656],
        [79.0048, 26.1657],
        [79.0047, 26.1659],
        [79.0047, 26.16599],
        [79.0047, 26.166],
        [79.00469, 26.166],
        [79.0045, 26.1661],
        [79.0042, 26.1662],
        [79.0042, 26.16631],
        [79.0042, 26.1664],
        [79.0043, 26.1665],
        [79.00439, 26.16668],
        [79.0044, 26.16669],
        [79.0044, 26.1667],
        [79.0044, 26.1668],
        [79.0043, 26.1673],
        [79.00442, 26.16736],
        [79.0045, 26.1674],
        [79.0048, 26.1674],
        [79.0048, 26.1674],
        [79.00496, 26.16737],
        [79.00523, 26.1674],
        [79.00526, 26.16746],
        [79.0053, 26.1675],
        [79.0053, 26.16754],
        [79.0053, 26.1678],
        [79.00503, 26.16811],
        [79.0047, 26.1685],
        [79.0044, 26.1689],
        [79.0044, 26.16917],
        [79.0044, 26.1692],
        [79.00439, 26.16921],
        [79.00439, 26.16923],
        [79.00429, 26.16934],
        [79.00418, 26.1693],
        [79.0041, 26.1693],
        [79.00404, 26.16917],
        [79.00399, 26.16912],
        [79.00379, 26.169],
        [79.0036, 26.169],
        [79.0033, 26.169],
        [79.0025, 26.1692],
        [79.0022, 26.1692],
        [79.00219, 26.1692],
        [79.002, 26.1692],
        [79.00176, 26.16928],
        [79.00174, 26.16929],
        [79.00165, 26.16935],
        [79.0015, 26.1695],
        [79.0013, 26.1695],
        [79.0012, 26.1696],
        [79.0012, 26.1696],
        [79.00126, 26.16972],
        [79.0013, 26.1698],
        [79.0015, 26.1698],
        [79.0017, 26.1699],
        [79.0017, 26.1701],
        [79.0016, 26.1702],
        [79.0014, 26.1702],
        [79.0012, 26.1702],
        [79.00116, 26.17022],
        [79.001, 26.1703],
        [79.00053, 26.17037],
        [79.00034, 26.17041],
        [79.0003, 26.1704],
        [79.0003, 26.1704],
        [79.0002, 26.1704],
        [79.00016, 26.17036],
        [79, 26.17023],
        [78.99993, 26.17017],
        [78.9998, 26.1701],
        [78.9997, 26.17],
        [78.99965, 26.17],
        [78.99954, 26.17004],
        [78.99942, 26.17016],
        [78.9994, 26.1702],
        [78.9992, 26.1707],
        [78.99915, 26.17075],
        [78.9986, 26.1713],
        [78.99831, 26.1714],
        [78.9977, 26.1716],
        [78.99762, 26.17168],
        [78.9975, 26.1718],
        [78.99736, 26.17185],
        [78.9972, 26.1719],
        [78.997, 26.1721],
        [78.99691, 26.17224],
        [78.9968, 26.1724],
        [78.99665, 26.17245],
        [78.9965, 26.1725],
        [78.99631, 26.17269],
        [78.9963, 26.1727],
        [78.99628, 26.17271],
        [78.9961, 26.1728],
        [78.9958, 26.1729],
        [78.9956, 26.173],
        [78.99552, 26.17303],
        [78.9953, 26.1731],
        [78.99513, 26.17304],
        [78.995, 26.173],
        [78.9948, 26.1731],
        [78.99474, 26.17322],
        [78.9947, 26.1733],
        [78.99464, 26.17336],
        [78.99453, 26.17353],
        [78.99443, 26.17365],
        [78.9944, 26.1737],
        [78.99421, 26.17389],
        [78.9942, 26.1739],
        [78.994, 26.1741],
        [78.9939, 26.17415],
        [78.99385, 26.17419],
        [78.99376, 26.17428],
        [78.9937, 26.1744],
        [78.99362, 26.17444],
        [78.9935, 26.1745],
        [78.9934, 26.1747],
        [78.9934, 26.17483],
        [78.9934, 26.1749],
        [78.9933, 26.1751],
        [78.9933, 26.1753],
        [78.99324, 26.17541],
        [78.9932, 26.1755],
        [78.9932, 26.1758],
        [78.9932, 26.17588],
        [78.9932, 26.176],
        [78.99303, 26.17609],
        [78.993, 26.1761],
        [78.9917, 26.1769],
        [78.99116, 26.17734],
        [78.9906, 26.1778],
        [78.9889, 26.1794],
        [78.9888, 26.17943],
        [78.9886, 26.1795],
        [78.9882, 26.1796],
        [78.9882, 26.17963],
        [78.9882, 26.1798],
        [78.9884, 26.18],
        [78.9885, 26.1801],
        [78.9885, 26.1803],
        [78.98782, 26.1806],
        [78.9869, 26.181],
        [78.98681, 26.18114],
        [78.9867, 26.1813],
        [78.98676, 26.18167],
        [78.9868, 26.1819],
        [78.9868, 26.1823],
        [78.9867, 26.1825],
        [78.98555, 26.18305],
        [78.9844, 26.1836],
        [78.9836, 26.184],
        [78.9833, 26.1842],
        [78.98329, 26.18422],
        [78.98326, 26.18431],
        [78.98324, 26.18439],
        [78.9832, 26.1845],
        [78.98351, 26.18512],
        [78.9838, 26.1857],
        [78.984, 26.186],
        [78.9842, 26.1863],
        [78.9843, 26.1865],
        [78.9844, 26.1867],
        [78.98443, 26.18678],
        [78.98452, 26.18696],
        [78.98458, 26.18708],
        [78.9846, 26.1871],
        [78.9848, 26.1873],
        [78.98493, 26.18743],
        [78.985, 26.1875],
        [78.986, 26.1882],
        [78.9876, 26.1896],
        [78.98774, 26.18976],
        [78.9882, 26.1903],
        [78.98825, 26.19044],
        [78.9883, 26.1906],
        [78.98847, 26.19077],
        [78.9885, 26.1908],
        [78.98856, 26.19092],
        [78.9886, 26.191],
        [78.9887, 26.1913],
        [78.9892, 26.1924],
        [78.98952, 26.19293],
        [78.9898, 26.1934],
        [78.99, 26.1936],
        [78.9902, 26.1938],
        [78.99078, 26.19438],
        [78.99106, 26.19463],
        [78.9926, 26.196],
        [78.9933, 26.1965],
        [78.99352, 26.19669],
        [78.9939, 26.197],
        [78.9941, 26.1971],
        [78.9944, 26.1972],
        [78.9947, 26.1972],
        [78.99473, 26.1972],
        [78.9951, 26.1972],
        [78.99546, 26.19729],
        [78.9955, 26.1973],
        [78.9958, 26.1974],
        [78.996, 26.1974],
        [78.99619, 26.19753],
        [78.9963, 26.1976],
        [78.99659, 26.19837],
        [78.9966, 26.1984],
        [78.9969, 26.1985],
        [78.9972, 26.1985],
        [78.99721, 26.1985],
        [78.9976, 26.1985],
        [78.99777, 26.19838],
        [78.9979, 26.1983],
        [78.99802, 26.19826],
        [78.99819, 26.19815],
        [78.99824, 26.19807],
        [78.9983, 26.1979],
        [78.99835, 26.19781],
        [78.99836, 26.19769],
        [78.9983, 26.1974],
        [78.9983, 26.1971],
        [78.99835, 26.1971],
        [78.99865, 26.1971],
        [78.99949, 26.19708],
        [78.99955, 26.19705],
        [78.9996, 26.197],
        [79.0001, 26.1968],
        [79.0003, 26.1967],
        [79.0006, 26.1967],
        [79.0007, 26.19675],
        [79.0008, 26.1968],
        [79.001, 26.1969],
        [79.0011, 26.19685],
        [79.0012, 26.1968],
        [79.0013, 26.1967],
        [79.0014, 26.1965],
        [79.00149, 26.19641],
        [79.00152, 26.19635],
        [79.00163, 26.19627],
        [79.0017, 26.1962],
        [79.0019, 26.1962],
        [79.0023, 26.1961],
        [79.00242, 26.19604],
        [79.0025, 26.19596],
        [79.0026, 26.1958],
        [79.0026, 26.19563],
        [79.0026, 26.19544],
        [79.0026, 26.1954],
        [79.00268, 26.19532],
        [79.0027, 26.1953],
        [79.0029, 26.1952],
        [79.003, 26.1951],
        [79.003, 26.1949],
        [79.003, 26.1948],
        [79.00301, 26.19479],
        [79.0032, 26.1947],
        [79.00355, 26.1947],
        [79.0039, 26.1947],
        [79.0041, 26.1947],
        [79.0042, 26.1946],
        [79.0042, 26.1944],
        [79.00429, 26.19423],
        [79.0043, 26.1942],
        [79.0045, 26.194],
        [79.0054, 26.1937],
        [79.0063, 26.1932],
        [79.0064, 26.193],
        [79.0064, 26.1928],
        [79.0064, 26.1926],
        [79.0064, 26.19232],
        [79.0064, 26.1921],
        [79.0065, 26.1919],
        [79.00651, 26.19187],
        [79.0066, 26.19185],
        [79.0067, 26.1918],
        [79.00683, 26.19183],
        [79.00712, 26.19187],
        [79.00719, 26.1919],
        [79.0073, 26.1919],
        [79.00747, 26.19207],
        [79.0076, 26.1922],
        [79.00792, 26.19239],
        [79.0081, 26.1925],
        [79.0084, 26.1925],
        [79.00845, 26.1925],
        [79.0088, 26.1925],
        [79.0091, 26.1927],
        [79.0099, 26.1926],
        [79.01023, 26.19253],
        [79.0117, 26.1922],
        [79.0134, 26.1917],
        [79.0145, 26.1915],
        [79.0156, 26.1915],
        [79.0163, 26.1916],
        [79.0173, 26.1918],
        [79.01798, 26.19195],
        [79.0187, 26.1921],
        [79.0203, 26.1922],
        [79.0209, 26.1922],
        [79.021, 26.1922],
        [79.02103, 26.1922],
        [79.0212, 26.1922],
        [79.02136, 26.19225],
        [79.0215, 26.1923],
        [79.0221, 26.1923],
        [79.0224, 26.1923],
        [79.02245, 26.19224],
        [79.0225, 26.1922],
        [79.02279, 26.1921],
        [79.02281, 26.19208],
        [79.0229, 26.1918],
        [79.02295, 26.19169],
        [79.023, 26.1916],
        [79.023, 26.1913],
        [79.0231, 26.1912],
        [79.0234, 26.1913],
        [79.0236, 26.1914],
        [79.02367, 26.19143],
        [79.0238, 26.1915],
        [79.02401, 26.1916],
        [79.02422, 26.19168],
        [79.0246, 26.19166],
        [79.0252, 26.1916],
        [79.0255, 26.1916],
        [79.02562, 26.19169],
        [79.02589, 26.19186],
        [79.0259, 26.1919],
        [79.02594, 26.19206],
        [79.0259, 26.19224],
        [79.0259, 26.1923],
        [79.02557, 26.19271],
        [79.025, 26.1934],
        [79.02428, 26.19412],
        [79.024, 26.1944],
        [79.0232, 26.195],
        [79.02245, 26.1955],
        [79.0214, 26.1962],
        [79.0206, 26.1972],
        [79.0203, 26.1977],
        [79.0201, 26.1982],
        [79.0201, 26.1985],
        [79.0201, 26.1986],
        [79.0201, 26.19882],
        [79.02013, 26.19914],
        [79.02017, 26.19925],
        [79.0203, 26.1995],
        [79.02047, 26.1997],
        [79.0208, 26.2001],
        [79.02172, 26.20074],
        [79.0221, 26.201],
        [79.0239, 26.2017],
        [79.02441, 26.20186],
        [79.0267, 26.2026],
        [79.0274, 26.2028],
        [79.02771, 26.20303],
        [79.0278, 26.2031],
        [79.0281, 26.2034],
        [79.0282, 26.2037],
        [79.0282, 26.20379],
        [79.02822, 26.20388],
        [79.02822, 26.20406],
        [79.0282, 26.2042],
        [79.0282, 26.2043],
        [79.0281, 26.2045],
        [79.02808, 26.20452],
        [79.02807, 26.20454],
        [79.02679, 26.20576],
        [79.0259, 26.2066],
        [79.02566, 26.20684],
        [79.0252, 26.2073],
        [79.025, 26.2078],
        [79.025, 26.20803],
        [79.025, 26.2082],
        [79.0251, 26.2088],
        [79.02517, 26.20934],
        [79.02523, 26.20964],
        [79.02542, 26.21009],
        [79.0256, 26.2105],
        [79.0259, 26.2117],
        [79.0259, 26.2123],
        [79.02582, 26.21271],
        [79.0258, 26.2128],
        [79.0254, 26.2145],
        [79.02529, 26.21546],
        [79.0252, 26.2162],
        [79.02509, 26.21659],
        [79.025, 26.2169],
        [79.025, 26.2172],
        [79.02503, 26.21726],
        [79.0251, 26.2174],
        [79.0251, 26.21754],
        [79.0251, 26.2176],
        [79.0252, 26.2178],
        [79.0255, 26.2181],
        [79.0259, 26.21833],
        [79.0262, 26.2185],
        [79.0263, 26.21857],
        [79.02654, 26.21868],
        [79.02656, 26.21876],
        [79.0266, 26.2188],
        [79.02656, 26.21888],
        [79.0265, 26.219],
        [79.0263, 26.2197],
        [79.0258, 26.2205],
        [79.02562, 26.22065],
        [79.0252, 26.221],
        [79.02454, 26.2213],
        [79.0241, 26.2215],
        [79.0233, 26.2219],
        [79.02185, 26.22235],
        [79.0217, 26.2224],
        [79.02127, 26.22257],
        [79.0202, 26.223],
        [79.0186, 26.224],
        [79.0182, 26.2241],
        [79.0178, 26.2241],
        [79.01742, 26.2241],
        [79.0173, 26.2241],
        [79.017, 26.2241],
        [79.0168, 26.2242],
        [79.01598, 26.22465],
        [79.0157, 26.2248],
        [79.0139, 26.2256],
        [79.0126, 26.2259],
        [79.01202, 26.22603],
        [79.0103, 26.2264],
        [79.00903, 26.22653],
        [79.0083, 26.2266],
        [79.0057, 26.2268],
        [79.0057, 26.2268],
        [79.00568, 26.22678],
        [79.00548, 26.22661],
        [79.00535, 26.22663],
        [79.0046, 26.2268],
        [79.0039, 26.2269],
        [79.0038, 26.2269],
        [79.00363, 26.2268],
        [79.0033, 26.2266],
        [79.003, 26.2266],
        [79.00286, 26.2266],
        [79.0028, 26.2266],
        [78.9987, 26.2275],
        [78.99787, 26.2278],
        [78.9976, 26.2279],
        [78.99756, 26.22792],
        [78.99743, 26.228],
        [78.99736, 26.22802],
        [78.9972, 26.2281],
        [78.997, 26.2281],
        [78.99691, 26.22807],
        [78.9967, 26.228],
        [78.9965, 26.2281],
        [78.99649, 26.22813],
        [78.9964, 26.2284],
        [78.9961, 26.22865],
        [78.9958, 26.2289],
        [78.9932, 26.2309],
        [78.99253, 26.2315],
        [78.99231, 26.23169],
        [78.99221, 26.23193],
        [78.99231, 26.23216],
        [78.99229, 26.23218],
        [78.9923, 26.2322],
        [78.99226, 26.23224],
        [78.99221, 26.23232],
        [78.9917, 26.23263],
        [78.99169, 26.23264],
        [78.99164, 26.23267],
        [78.9916, 26.23278],
        [78.9916, 26.2329],
        [78.9916, 26.2334],
        [78.9916, 26.2334],
        [78.9914, 26.2336],
        [78.9909, 26.2337],
        [78.9908, 26.234],
        [78.9909, 26.2342],
        [78.9909, 26.2342],
        [78.9908, 26.2344],
        [78.9897, 26.2349],
        [78.98957, 26.23497],
        [78.9895, 26.235],
        [78.9895, 26.2352],
        [78.99047, 26.23678],
        [78.9917, 26.2388],
        [78.99174, 26.23887],
        [78.9918, 26.239],
        [78.992, 26.2391],
        [78.9922, 26.2391],
        [78.99223, 26.2391],
        [78.9924, 26.2391],
        [78.9937, 26.2389],
        [78.99388, 26.2389],
        [78.9941, 26.2389],
        [78.99413, 26.23893],
        [78.9944, 26.2392],
        [78.99582, 26.24082],
        [78.9966, 26.2417],
        [78.9967, 26.2418],
        [78.997, 26.2419],
        [78.99731, 26.24167],
        [78.9974, 26.2416],
        [78.9977, 26.2417],
        [78.9981, 26.2423],
        [78.99819, 26.24239],
        [78.99832, 26.24247],
        [78.99848, 26.2425],
        [78.9986, 26.2425],
        [78.9988, 26.24243],
        [78.9989, 26.2424],
        [78.9991, 26.2424],
        [78.9993, 26.2424],
        [78.99942, 26.24246],
        [78.9995, 26.2425],
        [78.9996, 26.2426],
        [79.0003, 26.2432],
        [79.0005, 26.2433],
        [79.00061, 26.24335],
        [79.00069, 26.24337],
        [79.00089, 26.2434],
        [79.0009, 26.2434],
        [79.0012, 26.2434],
        [79.00141, 26.24345],
        [79.0016, 26.2435],
        [79.0019, 26.2436],
        [79.00234, 26.24385],
        [79.0026, 26.244],
        [79.0035, 26.2445],
        [79.0038, 26.2445],
        [79.00396, 26.2445],
        [79.0045, 26.24429],
        [79.0052, 26.244],
        [79.00592, 26.24364],
        [79.0062, 26.2435],
        [79.0073, 26.243],
        [79.00747, 26.24287],
        [79.0081, 26.2424],
        [79.00828, 26.24234],
        [79.00841, 26.24227],
        [79.00867, 26.24223],
        [79.0088, 26.2422],
        [79.009, 26.2422],
        [79.0095, 26.24217],
        [79.00962, 26.24226],
        [79.0097, 26.2423],
        [79.0096, 26.24289],
        [79.00966, 26.24296],
        [79.0097, 26.243],
        [79.01, 26.2432],
        [79.0103, 26.2435],
        [79.0104, 26.2437],
        [79.01044, 26.24392],
        [79.01055, 26.24425],
        [79.0109, 26.2446],
        [79.0113, 26.2449],
        [79.01166, 26.24507],
        [79.01182, 26.2451],
        [79.012, 26.2451],
        [79.0125, 26.2452],
        [79.01254, 26.24521],
        [79.0129, 26.2453],
        [79.0133, 26.2454],
        [79.0136, 26.2456],
        [79.01406, 26.24588],
        [79.0141, 26.2459],
        [79.0143, 26.2459],
        [79.0149, 26.2458],
        [79.01512, 26.2458],
        [79.0153, 26.2458],
        [79.0161, 26.2466],
        [79.0165, 26.247],
        [79.01654, 26.24703],
        [79.01659, 26.24707],
        [79.01691, 26.24729],
        [79.01703, 26.24733],
        [79.0173, 26.2474],
        [79.0178, 26.2476],
        [79.0184, 26.2479],
        [79.01928, 26.24778],
        [79.0199, 26.2477],
        [79.0212, 26.2473],
        [79.0213, 26.2471],
        [79.0213, 26.2469],
        [79.0212, 26.2462],
        [79.02126, 26.24608],
        [79.02128, 26.24601],
        [79.0213, 26.246],
        [79.0213, 26.246],
        [79.02133, 26.24599],
        [79.0217, 26.2459],
        [79.02253, 26.24552],
        [79.0228, 26.2454],
        [79.02437, 26.24471],
        [79.02444, 26.24462],
        [79.0246, 26.2443],
        [79.02504, 26.24371],
        [79.0252, 26.24346],
        [79.0254, 26.24296],
        [79.0256, 26.2424],
        [79.0259, 26.242],
        [79.0264, 26.2417],
        [79.02813, 26.2409],
        [79.029, 26.2405],
        [79.0303, 26.2399],
        [79.0309, 26.2394],
        [79.0312, 26.239],
        [79.0318, 26.2376],
        [79.0322, 26.2364],
        [79.03232, 26.23528],
        [79.0324, 26.2345],
        [79.0328, 26.233],
        [79.0328, 26.2313],
        [79.03283, 26.23123],
        [79.03287, 26.23106],
        [79.03302, 26.23098],
        [79.0331, 26.2309],
        [79.03334, 26.23082],
        [79.0334, 26.2308],
        [79.0337, 26.2304],
        [79.03415, 26.22935],
        [79.0343, 26.229],
        [79.0348, 26.228],
        [79.0349, 26.2277],
        [79.03493, 26.22762],
        [79.03499, 26.22736],
        [79.035, 26.22693],
        [79.03498, 26.22676],
        [79.0348, 26.2257],
        [79.03484, 26.22562],
        [79.0349, 26.2255],
        [79.035, 26.2254],
        [79.0352, 26.2255],
        [79.03536, 26.22564],
        [79.036, 26.2262],
        [79.03652, 26.22672],
        [79.03684, 26.22701],
        [79.03692, 26.22705],
        [79.0375, 26.2273],
        [79.0378, 26.2274],
        [79.03786, 26.2274],
        [79.038, 26.2274],
        [79.0386, 26.2273],
        [79.03907, 26.22714],
        [79.03914, 26.22712],
        [79.03918, 26.22711],
        [79.0392, 26.2271],
        [79.0398, 26.2267],
        [79.0416, 26.2256],
        [79.0436, 26.2246],
        [79.0453, 26.2242],
        [79.04587, 26.22414],
        [79.0462, 26.2241],
        [79.04678, 26.22417],
        [79.047, 26.2242],
        [79.0474, 26.2243],
        [79.04806, 26.22456],
        [79.0484, 26.2247],
        [79.0496, 26.2257],
        [79.051, 26.2271],
        [79.0519, 26.2276],
        [79.0525, 26.2279],
        [79.0537, 26.2281],
        [79.0549, 26.2282],
        [79.0549, 26.2282],
        [79.0557, 26.2281],
        [79.0565, 26.2279],
        [79.0575, 26.2275],
        [79.0607, 26.2263],
        [79.06169, 26.22592],
        [79.06198, 26.2258],
        [79.06208, 26.22578],
        [79.0624, 26.2257],
        [79.063, 26.2257],
        [79.06317, 26.22577],
        [79.0635, 26.2259],
        [79.06382, 26.22606],
        [79.0639, 26.2261],
        [79.06391, 26.22612],
        [79.0645, 26.2269],
        [79.0652, 26.2278],
        [79.06535, 26.22814],
        [79.0655, 26.2285],
        [79.0656, 26.229],
        [79.0656, 26.2295],
        [79.06554, 26.22976],
        [79.0655, 26.2299],
        [79.0654, 26.2304],
        [79.0651, 26.2311],
        [79.06457, 26.23194],
        [79.0644, 26.2322],
        [79.06404, 26.2326],
        [79.0635, 26.2332],
        [79.0631, 26.2341],
        [79.0628, 26.2348],
        [79.0627, 26.2356],
        [79.0627, 26.2361],
        [79.06282, 26.23669],
        [79.0629, 26.2371],
        [79.0632, 26.2378],
        [79.0636, 26.2383],
        [79.06382, 26.23848],
        [79.0641, 26.2387],
        [79.0654, 26.2391],
        [79.0671, 26.2394],
        [79.06777, 26.23965],
        [79.0679, 26.2397],
        [79.0701, 26.2407],
        [79.07071, 26.24107],
        [79.07113, 26.24129],
        [79.07116, 26.24133],
        [79.0713, 26.2414],
        [79.0713, 26.2416],
        [79.07118, 26.24172],
        [79.0711, 26.2418],
        [79.0707, 26.2421],
        [79.0697, 26.2425],
        [79.0694, 26.2427],
        [79.0693, 26.2429],
        [79.0693, 26.2436],
        [79.06931, 26.24363],
        [79.0695, 26.2441],
        [79.06992, 26.24487],
        [79.0701, 26.2452],
        [79.0701, 26.2454],
        [79.07001, 26.24545],
        [79.0699, 26.2455],
        [79.069, 26.2458],
        [79.06871, 26.24591],
        [79.0682, 26.2461],
        [79.0676, 26.2466],
        [79.0676, 26.2468],
        [79.06767, 26.24687],
        [79.0677, 26.2469],
        [79.0679, 26.2472],
        [79.06787, 26.24723],
        [79.0678, 26.2473],
        [79.06739, 26.24747],
        [79.0673, 26.2475],
        [79.06718, 26.24756],
        [79.0671, 26.2476],
        [79.0671, 26.2477],
        [79.0672, 26.2484],
        [79.06729, 26.24867],
        [79.0673, 26.2487],
        [79.0673, 26.2489],
        [79.06718, 26.2489],
        [79.067, 26.2489],
        [79.0668, 26.2489],
        [79.06585, 26.24881],
        [79.0657, 26.2488],
        [79.0655, 26.2488],
        [79.0654, 26.2488],
        [79.0651, 26.2489],
        [79.0651, 26.2489],
        [79.0649, 26.2491],
        [79.0647, 26.2493],
        [79.0644, 26.2493],
        [79.0639, 26.2493],
        [79.06368, 26.2493],
        [79.0634, 26.2493],
        [79.063, 26.2491],
        [79.0624, 26.2489],
        [79.0619, 26.2488],
        [79.06165, 26.2488],
        [79.06149, 26.24881],
        [79.0607, 26.2489],
        [79.0585, 26.2493],
        [79.0582, 26.2493],
        [79.05819, 26.2493],
        [79.05816, 26.2493],
        [79.05778, 26.2492],
        [79.05747, 26.24912],
        [79.05742, 26.24913],
        [79.0572, 26.2492],
        [79.0561, 26.2497],
        [79.05567, 26.24986],
        [79.0548, 26.2502],
        [79.05316, 26.25108],
        [79.0522, 26.2516],
        [79.0523, 26.2527],
        [79.05181, 26.25299],
        [79.05186, 26.25348],
        [79.052, 26.2547],
        [79.05098, 26.25507],
        [79.0506, 26.2552],
        [79.0492, 26.2556],
        [79.04926, 26.25594],
        [79.0493, 26.2562],
        [79.04928, 26.2562],
        [79.0457, 26.2565],
        [79.04597, 26.2571],
        [79.0462, 26.2576],
        [79.04583, 26.25781],
        [79.04551, 26.25801],
        [79.04554, 26.25805],
        [79.046, 26.2586],
        [79.0453, 26.2592],
        [79.04536, 26.25956],
        [79.0455, 26.2604],
        [79.0483, 26.2592],
        [79.0493, 26.259],
        [79.0494, 26.2595],
        [79.0513, 26.2585],
        [79.0518, 26.2589],
        [79.0527, 26.2587],
        [79.0529, 26.2593],
        [79.054, 26.2588],
        [79.0543, 26.2588],
        [79.0547, 26.25877],
        [79.05494, 26.2588],
        [79.0553, 26.2588],
        [79.056, 26.2594],
        [79.0568, 26.2604],
        [79.0546, 26.2621],
        [79.05342, 26.26288],
        [79.0534, 26.2629],
        [79.05426, 26.26379],
        [79.0558, 26.2654],
        [79.05659, 26.26629],
        [79.0575, 26.2673],
        [79.05799, 26.26773],
        [79.0583, 26.268],
        [79.0584, 26.2682],
        [79.0584, 26.269],
        [79.05868, 26.26938],
        [79.0587, 26.2694],
        [79.0597, 26.2698],
        [79.06011, 26.27079],
        [79.0602, 26.271],
        [79.06038, 26.27127],
        [79.0604, 26.2713],
        [79.06129, 26.2713],
        [79.0613, 26.2713],
        [79.06135, 26.27133],
        [79.0617, 26.2716],
        [79.0619, 26.2719],
        [79.0619, 26.27204],
        [79.0619, 26.2723],
        [79.06131, 26.27299],
        [79.0613, 26.273],
        [79.0617, 26.2731],
        [79.0617, 26.2734],
        [79.0617, 26.2736],
        [79.0618, 26.27389],
        [79.0621, 26.2735],
        [79.0626, 26.2743],
        [79.06306, 26.27471],
        [79.0635, 26.2751],
        [79.0635, 26.2754],
        [79.06354, 26.27548],
        [79.0637, 26.2758],
        [79.0641, 26.277],
        [79.0649, 26.2773],
        [79.0658, 26.2774],
        [79.0675, 26.2773],
        [79.0688, 26.2767],
        [79.07195, 26.27737],
        [79.0744, 26.2779],
        [79.0744, 26.27792],
        [79.07442, 26.27792],
        [79.0744, 26.27825],
        [79.0744, 26.2787],
        [79.0754, 26.2791],
        [79.0763, 26.2788],
        [79.0764, 26.2803],
        [79.07652, 26.28042],
        [79.0767, 26.2806],
        [79.077, 26.2807],
        [79.07703, 26.2807],
        [79.0773, 26.2807],
        [79.0775, 26.2793],
        [79.0777, 26.2792],
        [79.07807, 26.27916],
        [79.0787, 26.2791],
        [79.0792, 26.279],
        [79.07949, 26.27891],
        [79.0808, 26.2785],
        [79.082, 26.2793],
        [79.0827, 26.2797],
        [79.08322, 26.27983],
        [79.0835, 26.2799],
        [79.0841, 26.2799],
        [79.0844, 26.2798],
        [79.08444, 26.27969],
        [79.0846, 26.2793],
        [79.08466, 26.27873],
        [79.0847, 26.2784],
        [79.0846, 26.278],
        [79.0843, 26.2778],
        [79.0837, 26.2775],
        [79.0835, 26.2773],
        [79.08349, 26.27727],
        [79.0834, 26.277],
        [79.0834, 26.2758],
        [79.08352, 26.27568],
        [79.08358, 26.27558],
        [79.08372, 26.27556],
        [79.0839, 26.2755],
        [79.08464, 26.27624],
        [79.08493, 26.2765],
        [79.0852, 26.2765],
        [79.08534, 26.27636],
        [79.0855, 26.2762],
        [79.0855, 26.2756],
        [79.08544, 26.27496],
        [79.0854, 26.2746],
        [79.0855, 26.2741],
        [79.08551, 26.2741],
        [79.08552, 26.27407],
        [79.08583, 26.27416],
        [79.0861, 26.2742],
        [79.08625, 26.2742],
        [79.0865, 26.2742],
        [79.0871, 26.274],
        [79.0875, 26.2736],
        [79.08751, 26.27357],
        [79.0876, 26.27321],
        [79.08759, 26.27318],
        [79.0875, 26.273],
        [79.08736, 26.27271],
        [79.0873, 26.2726],
        [79.0871, 26.2721],
        [79.087, 26.27161],
        [79.087, 26.2716],
        [79.08705, 26.27149],
        [79.08718, 26.27122],
        [79.0872, 26.27121],
        [79.0872, 26.2712],
        [79.0877, 26.2708],
        [79.0882, 26.2704],
        [79.0887, 26.2702],
        [79.0892, 26.2701],
        [79.08984, 26.2701],
        [79.09, 26.2701],
        [79.0905, 26.2701],
        [79.0909, 26.2702],
        [79.0907, 26.2706],
        [79.0906, 26.2712],
        [79.0906, 26.2716],
        [79.0906, 26.2719],
        [79.0908, 26.2722],
        [79.0915, 26.2732],
        [79.09152, 26.27322],
        [79.09161, 26.27331],
        [79.09165, 26.27335],
        [79.0923, 26.274],
        [79.0931, 26.2747],
        [79.0935, 26.275],
        [79.0942, 26.2753],
        [79.09445, 26.27545],
        [79.0949, 26.2757],
        [79.0956, 26.2763],
        [79.0959, 26.2767],
        [79.09592, 26.27674],
        [79.0962, 26.2773],
        [79.0964, 26.2778],
        [79.09648, 26.278],
        [79.0966, 26.2783],
        [79.09652, 26.27877],
        [79.0965, 26.2789],
        [79.0963, 26.2795],
        [79.096, 26.2803],
        [79.0948, 26.282],
        [79.0945, 26.2824],
        [79.0942, 26.2827],
        [79.09402, 26.28284],
        [79.0937, 26.2831],
        [79.0933, 26.28323],
        [79.09308, 26.28332],
        [79.0927, 26.2837],
        [79.0906, 26.28598],
        [79.09044, 26.28616],
        [79.09032, 26.28633],
        [79.0901, 26.2867],
        [79.0899, 26.2871],
        [79.0899, 26.2877],
        [79.0899, 26.28807],
        [79.0899, 26.2883],
        [79.0901, 26.2887],
        [79.0904, 26.2892],
        [79.0907, 26.2896],
        [79.09109, 26.29007],
        [79.09116, 26.29015],
        [79.09119, 26.29019],
        [79.0912, 26.2902],
        [79.0916, 26.2906],
        [79.09199, 26.29088],
        [79.0923, 26.2911],
        [79.0929, 26.2915],
        [79.09294, 26.29152],
        [79.0934, 26.2918],
        [79.094, 26.2921],
        [79.0946, 26.2924],
        [79.09487, 26.29255],
        [79.0953, 26.2928],
        [79.0963, 26.2936],
        [79.0969, 26.2943],
        [79.0972, 26.295],
        [79.0973, 26.2956],
        [79.0973, 26.2963],
        [79.0971, 26.2972],
        [79.0971, 26.2981],
        [79.0971, 26.2988],
        [79.09717, 26.2991],
        [79.0973, 26.2997],
        [79.09743, 26.29997],
        [79.0976, 26.3003],
        [79.09781, 26.30086],
        [79.0979, 26.3011],
        [79.0987, 26.3022],
        [79.1006, 26.3047],
        [79.10124, 26.30566],
        [79.1016, 26.3062],
        [79.10199, 26.30688],
        [79.1029, 26.30685],
        [79.1038, 26.3068],
        [79.1044, 26.3068],
        [79.10483, 26.30694],
        [79.1053, 26.3071],
        [79.10561, 26.30707],
        [79.1063, 26.307],
        [79.1073, 26.30689],
        [79.1081, 26.3068],
        [79.1095, 26.3066],
        [79.1095, 26.30659],
        [79.10955, 26.30618],
        [79.1096, 26.3057],
        [79.11046, 26.30543],
        [79.1109, 26.3053],
        [79.1118, 26.305],
        [79.11193, 26.30498],
        [79.1134, 26.3047],
        [79.11339, 26.30465],
        [79.11337, 26.30445],
        [79.11333, 26.30418],
        [79.1132, 26.3032],
        [79.1135, 26.3024],
        [79.1139, 26.3018],
        [79.11515, 26.3007],
        [79.1156, 26.3003],
        [79.1169, 26.29928],
        [79.11745, 26.29883],
        [79.11745, 26.29884],
        [79.1175, 26.2988],
        [79.1182, 26.2997],
        [79.11834, 26.29999],
        [79.1185, 26.3003],
        [79.1187, 26.301],
        [79.1187, 26.3013],
        [79.1187, 26.3016],
        [79.1186, 26.3021],
        [79.1184, 26.3027],
        [79.11826, 26.30311],
        [79.1182, 26.3033],
        [79.1179, 26.30386],
        [79.1174, 26.3048],
        [79.11741, 26.30483],
        [79.1177, 26.3054],
        [79.11793, 26.30569],
        [79.1181, 26.3059],
        [79.1188, 26.30665],
        [79.1196, 26.3075],
        [79.12031, 26.30815],
        [79.12082, 26.3086],
        [79.12111, 26.30884],
        [79.1217, 26.3093],
        [79.1224, 26.3099],
        [79.1238, 26.3108],
        [79.1248, 26.3115],
        [79.1248, 26.3115],
        [79.1246, 26.3117],
        [79.12318, 26.31238],
        [79.1219, 26.313],
        [79.1218, 26.3122],
        [79.1199, 26.3126],
        [79.1193, 26.3139],
        [79.11804, 26.31461],
        [79.1177, 26.3148],
        [79.1171, 26.3155],
        [79.11668, 26.31615],
        [79.1162, 26.3169],
        [79.11609, 26.31745],
        [79.1155, 26.3205],
        [79.11699, 26.32068],
        [79.1196, 26.321],
        [79.121, 26.3212],
        [79.1241, 26.3224],
        [79.12445, 26.3224],
        [79.1249, 26.3224],
        [79.12521, 26.32271],
        [79.1254, 26.3229],
        [79.1259, 26.3237],
        [79.1259, 26.32397],
        [79.12591, 26.32407],
        [79.12578, 26.32462],
        [79.1257, 26.325],
        [79.1253, 26.3261],
        [79.12491, 26.32679],
        [79.1249, 26.3268],
        [79.12515, 26.32699],
        [79.1253, 26.3271],
        [79.1256, 26.3268],
        [79.12569, 26.3266],
        [79.1261, 26.3257],
        [79.1265, 26.3248],
        [79.1268, 26.3238],
        [79.12687, 26.32302],
        [79.1269, 26.3227],
        [79.12733, 26.32193],
        [79.1274, 26.3218],
        [79.1297, 26.3226],
        [79.1315, 26.3232],
        [79.1332, 26.3237],
        [79.13382, 26.32423],
        [79.13392, 26.32431],
        [79.1348, 26.3248],
        [79.1343, 26.327],
        [79.13421, 26.3272],
        [79.1338, 26.32811],
        [79.13369, 26.32824],
        [79.1334, 26.3286],
        [79.1334, 26.3286],
        [79.1325, 26.331],
        [79.1321, 26.3326],
        [79.1321, 26.3336],
        [79.1323, 26.334],
        [79.1328, 26.3344],
        [79.1324, 26.3353],
        [79.13261, 26.33531],
        [79.1344, 26.3354],
        [79.1358, 26.3355],
        [79.1371, 26.3355],
        [79.13711, 26.33551],
        [79.1387, 26.3375],
        [79.13757, 26.33845],
        [79.1374, 26.3386],
        [79.1375, 26.33763],
        [79.13706, 26.33787],
        [79.1367, 26.3381],
        [79.13665, 26.33835],
        [79.1366, 26.3386],
        [79.1356, 26.3386],
        [79.135, 26.3383],
        [79.13423, 26.33892],
        [79.134, 26.3391],
        [79.13334, 26.33839],
        [79.1327, 26.3377],
        [79.13247, 26.33747],
        [79.13211, 26.33711],
        [79.1321, 26.3371],
        [79.1298, 26.3382],
        [79.12889, 26.33859],
        [79.1284, 26.3388],
        [79.1284, 26.33953],
        [79.12842, 26.34002],
        [79.12824, 26.34032],
        [79.128, 26.3408],
        [79.1279, 26.3411],
        [79.12785, 26.34125],
        [79.12784, 26.34137],
        [79.1278, 26.34172],
        [79.1278, 26.3421],
        [79.12764, 26.34242],
        [79.12761, 26.34251],
        [79.12739, 26.34276],
        [79.1271, 26.3431],
        [79.12689, 26.34323],
        [79.1266, 26.3434],
        [79.1262, 26.34365],
        [79.1258, 26.3439],
        [79.12537, 26.3444],
        [79.1251, 26.3447],
        [79.12432, 26.34568],
        [79.1243, 26.3457],
        [79.123, 26.3468],
        [79.12209, 26.34741],
        [79.12153, 26.34779],
        [79.12124, 26.34797],
        [79.1209, 26.3482],
        [79.12088, 26.3482],
        [79.1206, 26.3482],
        [79.1163, 26.3482],
        [79.11627, 26.34823],
        [79.11606, 26.34841],
        [79.1155, 26.3489],
        [79.11552, 26.34892],
        [79.1162, 26.3496],
        [79.11614, 26.34962],
        [79.1155, 26.3498],
        [79.11465, 26.34909],
        [79.1143, 26.3488],
        [79.1132, 26.3491],
        [79.1122, 26.3493],
        [79.1116, 26.3494],
        [79.1106, 26.3496],
        [79.1102, 26.3504],
        [79.1102, 26.3504],
        [79.11089, 26.35089],
        [79.1109, 26.3509],
        [79.11087, 26.35108],
        [79.1108, 26.3515],
        [79.1093, 26.352],
        [79.10888, 26.35163],
        [79.1085, 26.3513],
        [79.10809, 26.35115],
        [79.10773, 26.35102],
        [79.10773, 26.35101],
        [79.1077, 26.351],
        [79.10731, 26.34944],
        [79.1073, 26.3494],
        [79.105, 26.3491],
        [79.105, 26.3491],
        [79.1036, 26.3506],
        [79.1039, 26.3516],
        [79.1036, 26.35225],
        [79.1032, 26.3531],
        [79.10224, 26.35346],
        [79.1008, 26.354],
        [79.10018, 26.35421],
        [79.0993, 26.3545],
        [79.0983, 26.3552],
        [79.09784, 26.35557],
        [79.0978, 26.3556],
        [79.09754, 26.35555],
        [79.0973, 26.3555],
        [79.097, 26.3553],
        [79.0969, 26.355],
        [79.09695, 26.35473],
        [79.097, 26.3545],
        [79.097, 26.35429],
        [79.097, 26.354],
        [79.09629, 26.35394],
        [79.09605, 26.35392],
        [79.0958, 26.3539],
        [79.0951, 26.3543],
        [79.094, 26.3543],
        [79.09391, 26.35412],
        [79.0938, 26.3539],
        [79.0928, 26.3542],
        [79.0911, 26.3541],
        [79.09078, 26.35434],
        [79.0907, 26.3544],
        [79.09068, 26.3544],
        [79.09066, 26.35441],
        [79.09051, 26.3544],
        [79.0899, 26.3544],
        [79.09, 26.3548],
        [79.08999, 26.3548],
        [79.0889, 26.3545],
        [79.08894, 26.35475],
        [79.089, 26.3551],
        [79.08896, 26.35511],
        [79.08896, 26.35511],
        [79.08885, 26.35513],
        [79.088, 26.3553],
        [79.0856, 26.3571],
        [79.0844, 26.3581],
        [79.08456, 26.35832],
        [79.08469, 26.35846],
        [79.08468, 26.35847],
        [79.0847, 26.3585],
        [79.0841, 26.3592],
        [79.0855, 26.3611],
        [79.0841, 26.3623],
        [79.0865, 26.3661],
        [79.086, 26.3664],
        [79.08671, 26.36752],
        [79.08721, 26.36828],
        [79.08728, 26.36824],
        [79.0876, 26.368],
        [79.08763, 26.36804],
        [79.08764, 26.36803],
        [79.08785, 26.36829],
        [79.08803, 26.3685],
        [79.08818, 26.36868],
        [79.08856, 26.36842],
        [79.08856, 26.36843],
        [79.0886, 26.3684],
        [79.08912, 26.36933],
        [79.0895, 26.37],
        [79.08953, 26.36998],
        [79.0903, 26.3695],
        [79.0913, 26.371],
        [79.09235, 26.37051],
        [79.0941, 26.3697],
        [79.0947, 26.3696],
        [79.0951, 26.3709],
        [79.09521, 26.37084],
        [79.0956, 26.3706],
        [79.09562, 26.37065],
        [79.09564, 26.37064],
        [79.09588, 26.3712],
        [79.0964, 26.3723],
        [79.09594, 26.37244],
        [79.0954, 26.3726],
        [79.09542, 26.37264],
        [79.0958, 26.3734],
        [79.09578, 26.37341],
        [79.09578, 26.37342],
        [79.09566, 26.37348],
        [79.09534, 26.37367],
        [79.0953, 26.3737],
        [79.09657, 26.37505],
        [79.097, 26.3755],
        [79.09614, 26.3756],
        [79.0961, 26.3756],
        [79.0964, 26.3762],
        [79.0954, 26.376],
        [79.0947, 26.3762],
        [79.0941, 26.3762],
        [79.09444, 26.37682],
        [79.0959, 26.3795],
        [79.0969, 26.3809],
        [79.0962, 26.3819],
        [79.0962, 26.38193],
        [79.0963, 26.383],
        [79.0949, 26.38449],
        [79.09479, 26.38462],
        [79.09463, 26.38488],
        [79.09454, 26.38502],
        [79.094, 26.3859],
        [79.09388, 26.38641],
        [79.0936, 26.3876],
        [79.0936, 26.38796],
        [79.0936, 26.388],
        [79.0942, 26.3883],
        [79.0942, 26.38873],
        [79.0942, 26.3889],
        [79.0938, 26.3895],
        [79.0932, 26.3896],
        [79.09257, 26.38999],
        [79.09244, 26.39008],
        [79.09249, 26.39051],
        [79.0926, 26.391],
        [79.09231, 26.39175],
        [79.0921, 26.3923],
        [79.09041, 26.39432],
        [79.09, 26.3948],
        [79.08975, 26.39508],
        [79.0891, 26.3958],
        [79.08898, 26.39621],
        [79.0889, 26.3965],
        [79.0889, 26.3968],
        [79.08899, 26.39706],
        [79.089, 26.3971],
        [79.0909, 26.3998],
        [79.0909, 26.40034],
        [79.0909, 26.4009],
        [79.09084, 26.40089],
        [79.09, 26.4007],
        [79.09002, 26.40075],
        [79.0902, 26.4012],
        [79.0908, 26.4014],
        [79.09083, 26.40144],
        [79.0911, 26.4018],
        [79.0915, 26.4021],
        [79.09155, 26.40232],
        [79.0916, 26.4025],
        [79.09157, 26.40251],
        [79.0907, 26.4027],
        [79.0907, 26.4027],
        [79.09066, 26.40287],
        [79.09062, 26.40302],
        [79.09061, 26.4031],
        [79.0911, 26.4033],
        [79.09111, 26.40334],
        [79.09114, 26.40335],
        [79.09115, 26.40352],
        [79.0912, 26.4037],
        [79.0917, 26.4043],
        [79.09183, 26.40447],
        [79.092, 26.4047],
        [79.0921, 26.4049],
        [79.0921, 26.4051],
        [79.0921, 26.4053],
        [79.09198, 26.40583],
        [79.09193, 26.4062],
        [79.0926, 26.4062],
        [79.09282, 26.40653],
        [79.093, 26.4068],
        [79.09387, 26.4068],
        [79.0939, 26.4068],
        [79.09421, 26.40723],
        [79.09439, 26.40746],
        [79.09439, 26.40749],
        [79.0944, 26.4075],
        [79.0945, 26.40808],
        [79.09521, 26.40829],
        [79.09545, 26.4082],
        [79.09561, 26.40813],
        [79.0957, 26.4081],
        [79.0956, 26.4086],
        [79.0956, 26.40921],
        [79.0956, 26.4095],
        [79.09558, 26.40952],
        [79.0952, 26.4099],
        [79.0948, 26.4105],
        [79.09476, 26.41076],
        [79.0947, 26.4111],
        [79.09509, 26.41154],
        [79.0956, 26.4121],
        [79.09587, 26.41183],
        [79.0959, 26.4118],
        [79.09616, 26.4118],
        [79.0964, 26.4118],
        [79.0979, 26.4121],
        [79.0982, 26.4124],
        [79.0983, 26.4125],
        [79.0984, 26.41247],
        [79.0986, 26.4124],
        [79.09969, 26.4118],
        [79.0997, 26.41175],
        [79.0997, 26.4116],
        [79.09967, 26.41113],
        [79.0996, 26.4102],
        [79.09955, 26.40979],
        [79.0995, 26.4094],
        [79.09969, 26.40901],
        [79.09978, 26.40879],
        [79.1001, 26.40831],
        [79.1003, 26.408],
        [79.1008, 26.4075],
        [79.10113, 26.4073],
        [79.1018, 26.4069],
        [79.10263, 26.40644],
        [79.1027, 26.4064],
        [79.1031, 26.4063],
        [79.1042, 26.40633],
        [79.1064, 26.4064],
        [79.108, 26.4065],
        [79.10919, 26.40665],
        [79.1112, 26.4069],
        [79.113, 26.4073],
        [79.1182, 26.4087],
        [79.1214, 26.4097],
        [79.1243, 26.4105],
        [79.1261, 26.4111],
        [79.12608, 26.41115],
        [79.1258, 26.4117],
        [79.1252, 26.4122],
        [79.1237, 26.4114],
        [79.1237, 26.41143],
        [79.1237, 26.413],
        [79.1234, 26.4144],
        [79.1233, 26.41608],
        [79.1233, 26.4161],
        [79.1245, 26.4164],
        [79.1248, 26.4168],
        [79.1246, 26.4185],
        [79.12439, 26.42101],
        [79.1243, 26.4221],
        [79.1243, 26.42227],
        [79.1243, 26.4225],
        [79.1255, 26.426],
        [79.1266, 26.4283],
        [79.12716, 26.42928],
        [79.1286, 26.4318],
        [79.12975, 26.43336],
        [79.13, 26.43369],
        [79.13107, 26.43496],
        [79.1338, 26.43825],
        [79.13503, 26.43994],
        [79.1357, 26.44005],
        [79.13731, 26.43961],
        [79.13758, 26.43925],
        [79.13822, 26.4392],
        [79.13894, 26.43845],
        [79.13953, 26.4347],
        [79.14086, 26.43415],
        [79.14184, 26.43598],
        [79.14267, 26.4371],
        [79.1433, 26.43683],
        [79.14405, 26.43545],
        [79.14445, 26.43491],
        [79.14517, 26.43485],
        [79.14521, 26.43509],
        [79.14541, 26.43561],
        [79.14544, 26.43604],
        [79.14593, 26.43688],
        [79.14646, 26.43722],
        [79.14702, 26.43734],
        [79.14798, 26.43546],
        [79.14835, 26.43534],
        [79.14899, 26.43543],
        [79.14921, 26.43615],
        [79.14993, 26.43709],
        [79.15041, 26.43745],
        [79.15153, 26.43718],
        [79.15259, 26.43783],
        [79.15521, 26.43939],
        [79.15545, 26.43942],
        [79.15836, 26.43859],
        [79.16084, 26.43745],
        [79.16161, 26.43704],
        [79.1626, 26.43634],
        [79.16414, 26.43546],
        [79.16454, 26.43549],
        [79.16562, 26.43534],
        [79.16673, 26.43491],
        [79.16881, 26.43448],
        [79.17032, 26.43438],
        [79.17267, 26.4343],
        [79.17842, 26.42894],
        [79.17957, 26.42803],
        [79.18119, 26.42935],
        [79.1827, 26.43035],
        [79.18432, 26.4309],
        [79.18536, 26.43093],
        [79.18611, 26.43079],
        [79.18735, 26.43043],
        [79.18875, 26.42962],
        [79.18978, 26.42861],
        [79.1925, 26.42562],
        [79.19314, 26.42523],
        [79.19425, 26.4249],
        [79.1963, 26.42493],
        [79.19741, 26.42512],
        [79.19817, 26.42535],
        [79.19939, 26.42625],
        [79.20126, 26.42738],
        [79.20196, 26.42824],
        [79.20257, 26.42885],
        [79.2034, 26.43011],
        [79.20398, 26.43128],
        [79.20442, 26.43202],
        [79.20626, 26.43422],
        [79.20716, 26.43529],
        [79.20784, 26.43577],
        [79.2094, 26.43753],
        [79.21001, 26.43785],
        [79.21138, 26.43788],
        [79.21223, 26.43739],
        [79.21299, 26.43664],
        [79.21492, 26.43448],
        [79.21767, 26.43149],
        [79.22018, 26.42957],
        [79.22154, 26.42862],
        [79.22268, 26.4281],
        [79.22459, 26.42761],
        [79.22646, 26.42734],
        [79.22822, 26.42715],
        [79.23154, 26.42664],
        [79.2317, 26.42662],
        [79.23579, 26.42622],
        [79.24031, 26.42595],
        [79.24322, 26.42601],
        [79.24423, 26.4261],
        [79.24535, 26.42642],
        [79.24732, 26.4271],
        [79.24786, 26.42739],
        [79.24852, 26.4275],
        [79.24903, 26.42759],
        [79.25158, 26.42878],
        [79.25195, 26.42889],
        [79.25233, 26.42898],
        [79.25271, 26.42907],
        [79.2531, 26.42914],
        [79.25821, 26.42994],
        [79.26106, 26.43039],
        [79.26128, 26.43046],
        [79.26149, 26.43053],
        [79.2617, 26.4306],
        [79.26192, 26.43066],
        [79.26213, 26.43073],
        [79.26234, 26.4308],
        [79.26255, 26.43088],
        [79.26277, 26.43095],
        [79.26298, 26.43102],
        [79.27356, 26.43463],
        [79.28204, 26.43751],
        [79.2823, 26.43756],
        [79.28256, 26.43763],
        [79.28282, 26.43772],
        [79.28307, 26.43783],
        [79.28331, 26.43795],
        [79.28354, 26.4381],
        [79.28375, 26.43826],
        [79.28396, 26.43843],
        [79.28416, 26.43862],
        [79.28607, 26.44157],
        [79.28621, 26.44172],
        [79.28636, 26.44185],
        [79.28652, 26.44196],
        [79.28687, 26.44215],
        [79.28724, 26.44228],
        [79.28764, 26.44234],
        [79.29028, 26.4423],
        [79.2905, 26.44229],
        [79.29072, 26.44227],
        [79.29094, 26.44225],
        [79.29116, 26.44221],
        [79.29138, 26.44217],
        [79.2916, 26.44212],
        [79.29181, 26.44206],
        [79.29202, 26.44199],
        [79.29223, 26.44192],
        [79.29435, 26.44112],
        [79.29474, 26.44107],
        [79.29513, 26.44101],
        [79.29552, 26.44093],
        [79.2959, 26.44083],
        [79.29638, 26.44068],
        [79.29666, 26.44057],
        [79.29693, 26.44046],
        [79.2972, 26.44034],
        [79.29747, 26.44021],
        [79.29773, 26.44007],
        [79.29799, 26.43992],
        [79.29825, 26.43976],
        [79.29849, 26.43959],
        [79.30107, 26.43778],
        [79.30238, 26.43632],
        [79.30256, 26.43595],
        [79.30273, 26.43558],
        [79.30289, 26.4352],
        [79.30303, 26.43482],
        [79.30316, 26.43443],
        [79.30327, 26.43404],
        [79.30337, 26.43364],
        [79.30346, 26.43325],
        [79.30353, 26.43284],
        [79.3052, 26.42714],
        [79.30704, 26.42093],
        [79.3092, 26.41623],
        [79.31108, 26.41272],
        [79.31738, 26.40254],
        [79.31923, 26.40045],
        [79.31963, 26.40008],
        [79.32006, 26.39975],
        [79.32051, 26.39944],
        [79.32099, 26.39918],
        [79.32149, 26.39895],
        [79.322, 26.39877],
        [79.32253, 26.39863],
        [79.32307, 26.39853],
        [79.32361, 26.39847],
        [79.32789, 26.39861],
        [79.33619, 26.3994],
        [79.34079, 26.4001],
        [79.34785, 26.40156],
        [79.35674, 26.40428],
        [79.35886, 26.40504],
        [79.36495, 26.40709],
        [79.37214, 26.40939],
        [79.38077, 26.41273],
        [79.38116, 26.41293],
        [79.38155, 26.41315],
        [79.38193, 26.41338],
        [79.3823, 26.41362],
        [79.38266, 26.41387],
        [79.38301, 26.41414],
        [79.38336, 26.41442],
        [79.38369, 26.41471],
        [79.38402, 26.415],
        [79.38593, 26.4173],
        [79.38634, 26.41766],
        [79.38678, 26.418],
        [79.38723, 26.41831],
        [79.3877, 26.41859],
        [79.38818, 26.41885],
        [79.38868, 26.41908],
        [79.38919, 26.41928],
        [79.38972, 26.41945],
        [79.39025, 26.41959],
        [79.39313, 26.42053],
        [79.39871, 26.42284],
        [79.39946, 26.42308],
        [79.40021, 26.4233],
        [79.40097, 26.42352],
        [79.40173, 26.42372],
        [79.40249, 26.42391],
        [79.40326, 26.42409],
        [79.40364, 26.42417],
        [79.40911, 26.41919],
        [79.41022, 26.41846],
        [79.41437, 26.41413],
        [79.41455, 26.41322],
        [79.41418, 26.41295],
        [79.41382, 26.41268],
        [79.41294, 26.4124],
        [79.41179, 26.41205],
        [79.41008, 26.41173],
        [79.40872, 26.41138],
        [79.40764, 26.41059],
        [79.40753, 26.41051],
        [79.40738, 26.40931],
        [79.4075, 26.40854],
        [79.4077, 26.40523],
        [79.40761, 26.40275],
        [79.40766, 26.40072],
        [79.40807, 26.39913],
        [79.40928, 26.39796],
        [79.41118, 26.39704],
        [79.41157, 26.39677],
        [79.41246, 26.39622],
        [79.41297, 26.39558],
        [79.41349, 26.39495],
        [79.41375, 26.39436],
        [79.41364, 26.3939],
        [79.41325, 26.39335],
        [79.41215, 26.39238],
        [79.41181, 26.39174],
        [79.4115, 26.3908],
        [79.41104, 26.38978],
        [79.41066, 26.38927],
        [79.41015, 26.38886],
        [79.40959, 26.3887],
        [79.40906, 26.38873],
        [79.40809, 26.38917],
        [79.4075, 26.38997],
        [79.4068, 26.39097],
        [79.40625, 26.39198],
        [79.40532, 26.39256],
        [79.40199, 26.39345],
        [79.3996, 26.39424],
        [79.39826, 26.39435],
        [79.39707, 26.39421],
        [79.39664, 26.39391],
        [79.3963, 26.39367],
        [79.39549, 26.39277],
        [79.39459, 26.39158],
        [79.39435, 26.3903],
        [79.39418, 26.38926],
        [79.39312, 26.38614],
        [79.39296, 26.38563],
        [79.39285, 26.38516],
        [79.39249, 26.38351],
        [79.39195, 26.38204],
        [79.39162, 26.38137],
        [79.39103, 26.38073],
        [79.39068, 26.38031],
        [79.39026, 26.38002],
        [79.39005, 26.37992],
        [79.38983, 26.37983],
        [79.38939, 26.37977],
        [79.38854, 26.38002],
        [79.38734, 26.38053],
        [79.3864, 26.38101],
        [79.38594, 26.38114],
        [79.38539, 26.38091],
        [79.3849, 26.38022],
        [79.38466, 26.37988],
        [79.38205, 26.37717],
        [79.3802, 26.37427],
        [79.37946, 26.373],
        [79.37934, 26.37279],
        [79.37888, 26.37118],
        [79.37868, 26.37029],
        [79.37828, 26.36842],
        [79.37853, 26.36713],
        [79.37895, 26.36596],
        [79.37914, 26.36391],
        [79.37919, 26.36336],
        [79.37875, 26.36185],
        [79.37833, 26.36063],
        [79.37852, 26.3593],
        [79.37836, 26.35713],
        [79.37778, 26.35564],
        [79.37709, 26.35452],
        [79.3762, 26.35392],
        [79.37595, 26.35285],
        [79.37557, 26.35201],
        [79.37553, 26.35193],
        [79.37461, 26.34988],
        [79.3745, 26.34878],
        [79.37417, 26.34785],
        [79.37361, 26.34739],
        [79.37278, 26.34706],
        [79.37241, 26.34603],
        [79.37232, 26.34517],
        [79.37228, 26.34505],
        [79.37204, 26.34433],
        [79.37154, 26.34381],
        [79.37138, 26.34301],
        [79.37132, 26.34184],
        [79.37167, 26.34089],
        [79.37187, 26.34006],
        [79.37165, 26.33865],
        [79.37158, 26.33825],
        [79.37121, 26.33679],
        [79.37076, 26.33608],
        [79.37031, 26.33537],
        [79.3691, 26.33411],
        [79.36756, 26.33299],
        [79.36682, 26.33271],
        [79.36586, 26.33262],
        [79.36475, 26.33245],
        [79.36388, 26.33192],
        [79.36364, 26.33168],
        [79.3634, 26.33144],
        [79.36186, 26.33032],
        [79.36071, 26.33012],
        [79.3594, 26.32992],
        [79.35828, 26.3293],
        [79.35779, 26.32902],
        [79.35709, 26.32817],
        [79.35647, 26.32696],
        [79.35566, 26.3262],
        [79.35462, 26.32581],
        [79.35321, 26.32554],
        [79.35187, 26.32513],
        [79.35056, 26.3241],
        [79.35016, 26.32355],
        [79.34968, 26.3229],
        [79.348, 26.32084],
        [79.34632, 26.31859],
        [79.34564, 26.31746],
        [79.34512, 26.31658],
        [79.34463, 26.31566],
        [79.34472, 26.31507],
        [79.34533, 26.3142],
        [79.34665, 26.31346],
        [79.34846, 26.31288],
        [79.35004, 26.31247],
        [79.35139, 26.31221],
        [79.35244, 26.31232],
        [79.3538, 26.31269],
        [79.3545, 26.31302],
        [79.35532, 26.31325],
        [79.35583, 26.31301],
        [79.35585, 26.31282],
        [79.35586, 26.31262],
        [79.35588, 26.31233],
        [79.35545, 26.3103],
        [79.35495, 26.30942],
        [79.35464, 26.30896],
        [79.35434, 26.3085],
        [79.35378, 26.30762],
        [79.35228, 26.30682],
        [79.35099, 26.3061],
        [79.34715, 26.30414],
        [79.34575, 26.30281],
        [79.3439, 26.30131],
        [79.34335, 26.3009],
        [79.34247, 26.30052],
        [79.34156, 26.30055],
        [79.34116, 26.30063],
        [79.34018, 26.30081],
        [79.33928, 26.30052],
        [79.33918, 26.30049],
        [79.33876, 26.29982],
        [79.33842, 26.2987],
        [79.33834, 26.29815],
        [79.3372, 26.29604],
        [79.33599, 26.29538],
        [79.33485, 26.29537],
        [79.33412, 26.29511],
        [79.33371, 26.29431],
        [79.33365, 26.29341],
        [79.33306, 26.2926],
        [79.33252, 26.29209],
        [79.33228, 26.2912],
        [79.3321, 26.29036],
        [79.33173, 26.28867],
        [79.331, 26.28721],
        [79.33067, 26.28581],
        [79.33006, 26.28467],
        [79.32941, 26.28361],
        [79.32815, 26.28167],
        [79.32701, 26.27961],
        [79.32606, 26.27799],
        [79.32591, 26.27677],
        [79.32611, 26.27584],
        [79.32665, 26.2752],
        [79.32762, 26.2744],
        [79.32781, 26.27397],
        [79.32801, 26.27354],
        [79.3283, 26.27288],
        [79.32811, 26.27248],
        [79.32761, 26.27229],
        [79.32695, 26.27211],
        [79.32668, 26.27205],
        [79.32639, 26.27197],
        [79.32605, 26.27145],
        [79.32649, 26.27086],
        [79.32723, 26.27035],
        [79.32792, 26.26965],
        [79.32842, 26.26907],
        [79.32857, 26.26884],
        [79.32865, 26.26811],
        [79.32855, 26.26731],
        [79.32791, 26.26668],
        [79.32731, 26.26617],
        [79.3269, 26.2656],
        [79.32654, 26.26508],
        [79.32567, 26.26331],
        [79.32456, 26.26126],
        [79.32389, 26.26011],
        [79.32312, 26.25932],
        [79.32233, 26.2587],
        [79.32196, 26.25842],
        [79.32166, 26.25771],
        [79.32164, 26.2569],
        [79.3221, 26.25627],
        [79.32298, 26.25587],
        [79.32399, 26.25584],
        [79.32462, 26.25566],
        [79.32521, 26.25515],
        [79.32544, 26.25436],
        [79.32541, 26.2539],
        [79.32528, 26.25356],
        [79.32492, 26.25312],
        [79.32395, 26.25218],
        [79.32278, 26.25047],
        [79.32121, 26.2494],
        [79.32102, 26.24927],
        [79.32031, 26.24898],
        [79.31991, 26.24877],
        [79.31952, 26.24857],
        [79.31822, 26.24759],
        [79.31675, 26.24611],
        [79.31507, 26.24481],
        [79.3142, 26.24406],
        [79.31348, 26.24385],
        [79.31264, 26.24348],
        [79.31199, 26.24293],
        [79.31127, 26.24169],
        [79.31004, 26.23987],
        [79.30957, 26.23744],
        [79.309, 26.23633],
        [79.30854, 26.23572],
        [79.30799, 26.23534],
        [79.30771, 26.23527],
        [79.30743, 26.23521],
        [79.30661, 26.23539],
        [79.30537, 26.23556],
        [79.30468, 26.23501],
        [79.30391, 26.23405],
        [79.30356, 26.23326],
        [79.30326, 26.23226],
        [79.30315, 26.23167],
        [79.303, 26.22917],
        [79.30339, 26.22778],
        [79.3039, 26.22685],
        [79.3048, 26.22586],
        [79.30516, 26.22511],
        [79.30537, 26.2245],
        [79.30534, 26.22416],
        [79.30512, 26.22362],
        [79.30467, 26.2235],
        [79.30422, 26.22338],
        [79.30321, 26.22383],
        [79.30265, 26.2246],
        [79.30229, 26.22547],
        [79.30203, 26.226],
        [79.30165, 26.22603],
        [79.30137, 26.22587],
        [79.30117, 26.22549],
        [79.30061, 26.22403],
        [79.30021, 26.22275],
        [79.29953, 26.2215],
        [79.299, 26.22084],
        [79.2985, 26.22057],
        [79.298, 26.22055],
        [79.29755, 26.22073],
        [79.29697, 26.22127],
        [79.29649, 26.2222],
        [79.29579, 26.22305],
        [79.29528, 26.22328],
        [79.295, 26.2232],
        [79.29429, 26.22265],
        [79.29376, 26.22203],
        [79.29312, 26.22123],
        [79.29194, 26.22136],
        [79.29137, 26.2216],
        [79.29041, 26.22216],
        [79.28962, 26.22226],
        [79.28907, 26.2219],
        [79.28867, 26.22082],
        [79.28782, 26.21943],
        [79.28664, 26.21795],
        [79.28572, 26.21706],
        [79.28523, 26.21669],
        [79.28389, 26.21626],
        [79.28341, 26.21611],
        [79.28253, 26.21557],
        [79.2824, 26.21457],
        [79.28387, 26.21247],
        [79.28504, 26.21094],
        [79.28636, 26.21],
        [79.28748, 26.20987],
        [79.28851, 26.20931],
        [79.28927, 26.2084],
        [79.29015, 26.20734],
        [79.29055, 26.20701],
        [79.29144, 26.20625],
        [79.29345, 26.20557],
        [79.29428, 26.20507],
        [79.29451, 26.20475],
        [79.29474, 26.20443],
        [79.29482, 26.20392],
        [79.2949, 26.20342],
        [79.29489, 26.20192],
        [79.29488, 26.20064],
        [79.29474, 26.19937],
        [79.29447, 26.19827],
        [79.29389, 26.1972],
        [79.29311, 26.19636],
        [79.29237, 26.1961],
        [79.29163, 26.19584],
        [79.29064, 26.19562],
        [79.28952, 26.19552],
        [79.28734, 26.19555],
        [79.28295, 26.19465],
        [79.28044, 26.19358],
        [79.27916, 26.19266],
        [79.27735, 26.19082],
        [79.27634, 26.18937],
        [79.27573, 26.18769],
        [79.27512, 26.18599],
        [79.27435, 26.18478],
        [79.27396, 26.18435],
        [79.27347, 26.18402],
        [79.27247, 26.1839],
        [79.27113, 26.1847],
        [79.26989, 26.1855],
        [79.26928, 26.18562],
        [79.26839, 26.18532],
        [79.26758, 26.18537],
        [79.26675, 26.18614],
        [79.26602, 26.18691],
        [79.26511, 26.18705],
        [79.2644, 26.18663],
        [79.26402, 26.1864],
        [79.26376, 26.18497],
        [79.26148, 26.1804],
        [79.26173, 26.17885],
        [79.26168, 26.1774],
        [79.2616, 26.17704],
        [79.26133, 26.17571],
        [79.26087, 26.1742],
        [79.26081, 26.17275],
        [79.26107, 26.17102],
        [79.2613, 26.17001],
        [79.26123, 26.16911],
        [79.26096, 26.16813],
        [79.26098, 26.16741],
        [79.2608, 26.16651],
        [79.25996, 26.16478],
        [79.25913, 26.16386],
        [79.25859, 26.16323],
        [79.25853, 26.16223],
        [79.25855, 26.16164],
        [79.25857, 26.16106],
        [79.25794, 26.16017],
        [79.25382, 26.15389],
        [79.25314, 26.15175],
        [79.25154, 26.1454],
        [79.25139, 26.14484],
        [79.25103, 26.1435],
        [79.25106, 26.14258],
        [79.25078, 26.14168],
        [79.25123, 26.14101],
        [79.25188, 26.14051],
        [79.25285, 26.14006],
        [79.25447, 26.13921],
        [79.25497, 26.13857],
        [79.25553, 26.13756],
        [79.25573, 26.13595],
        [79.25447, 26.13266],
        [79.25386, 26.13188],
        [79.25374, 26.13107],
        [79.25382, 26.13057],
        [79.25391, 26.13007],
        [79.25393, 26.12942],
        [79.25385, 26.12895],
        [79.25332, 26.12881],
        [79.25249, 26.12885],
        [79.25161, 26.12915],
        [79.25069, 26.12933],
        [79.24814, 26.12882],
        [79.24685, 26.12871],
        [79.24625, 26.12869],
        [79.24546, 26.12879],
        [79.24506, 26.12886],
        [79.24408, 26.12868],
        [79.24379, 26.1284],
        [79.2435, 26.12813],
        [79.24281, 26.12699],
        [79.24245, 26.12554],
        [79.24165, 26.12347],
        [79.2412, 26.12296],
        [79.24109, 26.12233],
        [79.24117, 26.12174],
        [79.24145, 26.12102],
        [79.24135, 26.11991],
        [79.24139, 26.11955],
        [79.24143, 26.1192],
        [79.24192, 26.11824],
        [79.24266, 26.11756],
        [79.24373, 26.11709],
        [79.24446, 26.11677],
        [79.24474, 26.11617],
        [79.2445, 26.11536],
        [79.24445, 26.11466],
        [79.24479, 26.11405],
        [79.2456, 26.1136],
        [79.24693, 26.11324],
        [79.24792, 26.11296],
        [79.24853, 26.11264],
        [79.24861, 26.11199],
        [79.24843, 26.11124],
        [79.24768, 26.10969],
        [79.24732, 26.10892],
        [79.2472, 26.10823],
        [79.24722, 26.1077],
        [79.24763, 26.10692],
        [79.24825, 26.10624],
        [79.24941, 26.10478],
        [79.24964, 26.10331],
        [79.2497, 26.10263],
        [79.24975, 26.10196],
        [79.2496, 26.10009],
        [79.24915, 26.09793],
        [79.24901, 26.09725],
        [79.24808, 26.09502],
        [79.24695, 26.09241],
        [79.24628, 26.09136],
        [79.24561, 26.09031],
        [79.24504, 26.0894],
        [79.24479, 26.0887],
        [79.24474, 26.08815],
        [79.24469, 26.0876],
        [79.24498, 26.08653],
        [79.24601, 26.08537],
        [79.24661, 26.08505],
        [79.24709, 26.08456],
        [79.24738, 26.08361],
        [79.24714, 26.08257],
        [79.24671, 26.08095],
        [79.24668, 26.07961],
        [79.24677, 26.07867],
        [79.24713, 26.07766],
        [79.24782, 26.07675],
        [79.24863, 26.07589],
        [79.25059, 26.07464],
        [79.25395, 26.07303],
        [79.25779, 26.0708],
        [79.25893, 26.07007],
        [79.26007, 26.06934],
        [79.26272, 26.06787],
        [79.26398, 26.06706],
        [79.26509, 26.06586],
        [79.26559, 26.06455],
        [79.26565, 26.06218],
        [79.26555, 26.06015],
        [79.26532, 26.05705],
        [79.2656, 26.05555],
        [79.26648, 26.05429],
        [79.2679, 26.05301],
        [79.26956, 26.05144],
        [79.27044, 26.05072],
        [79.27208, 26.04937],
        [79.27327, 26.04816],
        [79.27456, 26.04628],
        [79.27497, 26.04532],
        [79.27499, 26.04444],
        [79.27397, 26.04091],
        [79.27357, 26.03879],
        [79.27294, 26.03641],
        [79.27198, 26.03505],
        [79.27118, 26.03375],
        [79.27076, 26.03216],
        [79.27049, 26.03077],
        [79.26999, 26.02952],
        [79.26918, 26.02835],
        [79.2674, 26.02589],
        [79.26705, 26.02477],
        [79.26708, 26.02364],
        [79.26858, 26.0219],
        [79.26938, 26.0208],
        [79.27024, 26.01996],
        [79.27141, 26.01904],
        [79.27328, 26.0179],
        [79.27438, 26.01692],
        [79.27487, 26.01563],
        [79.27598, 26.01451],
        [79.27739, 26.01339],
        [79.27971, 26.01222],
        [79.28112, 26.01129],
        [79.2832, 26.01067],
        [79.28667, 26.01018],
        [79.28975, 26.00965],
        [79.2929, 26.00904],
        [79.29553, 26.00833],
        [79.29809, 26.00708],
        [79.30334, 26.00444],
        [79.30782, 26.00261],
        [79.31502, 25.99977],
        [79.31261, 25.99856],
        [79.31166, 25.99808],
        [79.30863, 25.99781],
        [79.30641, 25.99736],
        [79.30482, 25.99701],
        [79.30324, 25.99639],
        [79.30135, 25.99537],
        [79.29899, 25.99423],
        [79.29708, 25.9939],
        [79.29468, 25.99401],
        [79.29276, 25.99423],
        [79.29102, 25.99347],
        [79.28975, 25.99325],
        [79.28751, 25.99321],
        [79.28463, 25.99333],
        [79.28191, 25.99345],
        [79.28115, 25.99365],
        [79.28039, 25.99384],
        [79.27903, 25.99432],
        [79.27787, 25.99429],
        [79.27691, 25.99391],
        [79.27605, 25.99352],
        [79.2748, 25.99307],
        [79.27365, 25.99262],
        [79.27243, 25.99141],
        [79.27036, 25.9889],
        [79.26963, 25.98759],
        [79.2696, 25.98692],
        [79.26957, 25.98625],
        [79.27007, 25.98539],
        [79.27106, 25.98477],
        [79.27253, 25.98404],
        [79.27391, 25.98314],
        [79.27452, 25.98211],
        [79.27457, 25.98019],
        [79.27454, 25.97777],
        [79.27412, 25.97544],
        [79.27384, 25.97468],
        [79.27331, 25.97322],
        [79.2701, 25.97],
        [79.26739, 25.96635],
        [79.26537, 25.96183],
        [79.26464, 25.9601],
        [79.26371, 25.9592],
        [79.26306, 25.95858],
        [79.26243, 25.95856],
        [79.26184, 25.95854],
        [79.26032, 25.95876],
        [79.25813, 25.95941],
        [79.25708, 25.95994],
        [79.25585, 25.96031],
        [79.25481, 25.96043],
        [79.25331, 25.95991],
        [79.25229, 25.95906],
        [79.25148, 25.95746],
        [79.25137, 25.95608],
        [79.25127, 25.9547],
        [79.24913, 25.9451],
        [79.24837, 25.94107],
        [79.248, 25.93955],
        [79.24796, 25.93601],
        [79.24793, 25.93569],
        [79.24783, 25.93459],
        [79.24778, 25.9341],
        [79.24694, 25.93145],
        [79.2453, 25.93008],
        [79.24366, 25.92851],
        [79.24302, 25.92662],
        [79.24176, 25.92275],
        [79.24056, 25.91983],
        [79.24037, 25.91936],
        [79.24006, 25.91746],
        [79.23998, 25.91584],
        [79.23903, 25.91253],
        [79.23763, 25.90877],
        [79.23644, 25.90614],
        [79.23557, 25.90503],
        [79.23466, 25.90427],
        [79.23424, 25.90393],
        [79.23192, 25.90386],
        [79.23001, 25.90399],
        [79.22708, 25.90381],
        [79.22502, 25.90354],
        [79.22255, 25.90375],
        [79.21977, 25.90384],
        [79.21747, 25.90425],
        [79.21627, 25.90456],
        [79.21492, 25.90434],
        [79.2139, 25.90355],
        [79.21195, 25.90124],
        [79.21169, 25.90079],
        [79.21094, 25.89951],
        [79.21034, 25.89757],
        [79.20987, 25.89637],
        [79.20882, 25.89669],
        [79.20836, 25.89679],
        [79.20755, 25.89687],
        [79.20713, 25.89695],
        [79.20663, 25.89714],
        [79.20621, 25.89743],
        [79.20564, 25.89795],
        [79.20542, 25.89823],
        [79.20506, 25.89866],
        [79.20478, 25.89888],
        [79.2046, 25.89919],
        [79.20438, 25.89955],
        [79.20417, 25.89989],
        [79.20392, 25.90014],
        [79.20367, 25.90036],
        [79.20321, 25.90055],
        [79.20292, 25.90074],
        [79.20239, 25.90094],
        [79.20214, 25.90106],
        [79.20176, 25.9012],
        [79.20147, 25.90132],
        [79.20108, 25.90143],
        [79.2008, 25.90149],
        [79.20048, 25.90153],
        [79.20017, 25.90154],
        [79.1995, 25.90156],
        [79.19918, 25.9016],
        [79.19833, 25.90187],
        [79.19812, 25.90193],
        [79.1978, 25.90206],
        [79.19755, 25.90219],
        [79.1972, 25.90238],
        [79.19635, 25.90262],
        [79.19511, 25.90289],
        [79.19398, 25.90323],
        [79.19356, 25.90327],
        [79.19303, 25.90325],
        [79.19247, 25.90321],
        [79.19198, 25.90313],
        [79.1917, 25.90296],
        [79.19131, 25.90264],
        [79.19097, 25.90229],
        [79.19076, 25.90191],
        [79.19059, 25.90152],
        [79.19039, 25.9012],
        [79.19007, 25.90091],
        [79.18976, 25.90067],
        [79.18941, 25.90059],
        [79.18899, 25.90055],
        [79.1886, 25.90056],
        [79.18822, 25.90057],
        [79.18779, 25.90064],
        [79.18723, 25.90078],
        [79.18684, 25.90088],
        [79.18631, 25.9011],
        [79.18596, 25.90117],
        [79.18574, 25.90124],
        [79.1855, 25.90125],
        [79.18532, 25.90125],
        [79.18518, 25.90125],
        [79.18487, 25.9012],
        [79.18459, 25.90118],
        [79.18437, 25.90119],
        [79.18374, 25.90118],
        [79.1825, 25.90121],
        [79.18224, 25.90168],
        [79.18158, 25.90219],
        [79.18079, 25.90233],
        [79.17964, 25.90249],
        [79.17734, 25.90261],
        [79.17554, 25.90284],
        [79.17481, 25.90317],
        [79.17306, 25.90452],
        [79.17267, 25.90594],
        [79.17243, 25.9073],
        [79.17239, 25.90939],
        [79.17279, 25.91122],
        [79.1732, 25.91226],
        [79.17412, 25.91335],
        [79.17504, 25.91425],
        [79.17567, 25.91491],
        [79.17608, 25.91619],
        [79.17635, 25.91748],
        [79.17809, 25.92095],
        [79.179, 25.92238],
        [79.17934, 25.9236],
        [79.17939, 25.92453],
        [79.17937, 25.92564],
        [79.17928, 25.92651],
        [79.17905, 25.9275],
        [79.17875, 25.92819],
        [79.17867, 25.9285],
        [79.17874, 25.92872],
        [79.17825, 25.92999],
        [79.17801, 25.92978],
        [79.17757, 25.92967],
        [79.17713, 25.9296],
        [79.17664, 25.92957],
        [79.17605, 25.92946],
        [79.17547, 25.92939],
        [79.17498, 25.92932],
        [79.17449, 25.92925],
        [79.1738, 25.92922],
        [79.17292, 25.92929],
        [79.17194, 25.92923],
        [79.17082, 25.92904],
        [79.16979, 25.92895],
        [79.16906, 25.92879],
        [79.16843, 25.92868],
        [79.1676, 25.92858],
        [79.16584, 25.92841],
        [79.16505, 25.92839],
        [79.16393, 25.92829],
        [79.16295, 25.92835],
        [79.16221, 25.92837],
        [79.16157, 25.92851],
        [79.16108, 25.92856],
        [79.16054, 25.92866],
        [79.16004, 25.92871],
        [79.15975, 25.92863],
        [79.15941, 25.92852],
        [79.15902, 25.92831],
        [79.15878, 25.92828],
        [79.15824, 25.92841],
        [79.15784, 25.92859],
        [79.15754, 25.92885],
        [79.15729, 25.92911],
        [79.15714, 25.92936],
        [79.15669, 25.92979],
        [79.15593, 25.93052],
        [79.15558, 25.93087],
        [79.15523, 25.9313],
        [79.15503, 25.9316],
        [79.15468, 25.9319],
        [79.15418, 25.93208],
        [79.15383, 25.93217],
        [79.15304, 25.93239],
        [79.15275, 25.93253],
        [79.1524, 25.93274],
        [79.15225, 25.93279],
        [79.15195, 25.93305],
        [79.15165, 25.93335],
        [79.15119, 25.93382],
        [79.15089, 25.93425],
        [79.15068, 25.93459],
        [79.14998, 25.93507],
        [79.14912, 25.93584],
        [79.14941, 25.93621],
        [79.14994, 25.93645],
        [79.15029, 25.93657],
        [79.15072, 25.93682],
        [79.15101, 25.93706],
        [79.1513, 25.93739],
        [79.15159, 25.93773],
        [79.15167, 25.93819],
        [79.15181, 25.93861],
        [79.1518, 25.93916],
        [79.15179, 25.93954],
        [79.15198, 25.94008],
        [79.15122, 25.94033],
        [79.15088, 25.94038],
        [79.15018, 25.9406],
        [79.14953, 25.94112],
        [79.14933, 25.94134],
        [79.14902, 25.9416],
        [79.14853, 25.9419],
        [79.14827, 25.94216],
        [79.14817, 25.9425],
        [79.14816, 25.94284],
        [79.14825, 25.94318],
        [79.14839, 25.94364],
        [79.14838, 25.94406],
        [79.14827, 25.9444],
        [79.14802, 25.94474],
        [79.14776, 25.945],
        [79.14736, 25.94522],
        [79.14697, 25.94532],
        [79.14657, 25.94537],
        [79.14578, 25.94547],
        [79.14529, 25.94548],
        [79.14479, 25.94553],
        [79.14435, 25.94562],
        [79.1439, 25.94567],
        [79.1436, 25.94585],
        [79.14335, 25.94607],
        [79.143, 25.94624],
        [79.14275, 25.94646],
        [79.14249, 25.9468],
        [79.14219, 25.94723],
        [79.14208, 25.94749],
        [79.14197, 25.94808],
        [79.14186, 25.94847],
        [79.14165, 25.94885],
        [79.1415, 25.94924],
        [79.14139, 25.94953],
        [79.14114, 25.94983],
        [79.14078, 25.95022],
        [79.1403, 25.95087],
        [79.13954, 25.95063],
        [79.13873, 25.9506],
        [79.13756, 25.95067],
        [79.13686, 25.95064],
        [79.13587, 25.95051],
        [79.13546, 25.95041],
        [79.13505, 25.95032],
        [79.13442, 25.94998],
        [79.1339, 25.94949],
        [79.13374, 25.94889],
        [79.13376, 25.94819],
        [79.13374, 25.94779],
        [79.13372, 25.94739],
        [79.13362, 25.94684],
        [79.13339, 25.94664],
        [79.13311, 25.94625],
        [79.13288, 25.9459],
        [79.13279, 25.94473],
        [79.1328, 25.94428],
        [79.13287, 25.94373],
        [79.13306, 25.94327],
        [79.13296, 25.94277],
        [79.13256, 25.94238],
        [79.13227, 25.94228],
        [79.13219, 25.94213],
        [79.13141, 25.94241],
        [79.13103, 25.94253],
        [79.13061, 25.94266],
        [79.13024, 25.94278],
        [79.12978, 25.94283],
        [79.12913, 25.94288],
        [79.12867, 25.94285],
        [79.12794, 25.94278],
        [79.12753, 25.94267],
        [79.12703, 25.94236],
        [79.12648, 25.94194],
        [79.12612, 25.94167],
        [79.12572, 25.94147],
        [79.12516, 25.9414],
        [79.12475, 25.94141],
        [79.12424, 25.94142],
        [79.12295, 25.94143],
        [79.12175, 25.94137],
        [79.12088, 25.94127],
        [79.11936, 25.94117],
        [79.11849, 25.94091],
        [79.11767, 25.94052],
        [79.11722, 25.94009],
        [79.11682, 25.93962],
        [79.11633, 25.93904],
        [79.11603, 25.93853],
        [79.11568, 25.93778],
        [79.11547, 25.93719],
        [79.11554, 25.93664],
        [79.11564, 25.93636],
        [79.11612, 25.93588],
        [79.11622, 25.93552],
        [79.11628, 25.93529],
        [79.11629, 25.93501],
        [79.11631, 25.93422],
        [79.11616, 25.93339],
        [79.11614, 25.9326],
        [79.1155, 25.93127],
        [79.11516, 25.93037],
        [79.11486, 25.92981],
        [79.11393, 25.92896],
        [79.11199, 25.92749],
        [79.11151, 25.92781],
        [79.11071, 25.92813],
        [79.10991, 25.92849],
        [79.109, 25.92891],
        [79.10836, 25.92923],
        [79.10761, 25.92963],
        [79.10688, 25.92968],
        [79.10625, 25.9296],
        [79.10564, 25.92919],
        [79.10508, 25.92874],
        [79.1042, 25.92865],
        [79.1033, 25.92883],
        [79.10228, 25.92924],
        [79.10163, 25.92974],
        [79.10118, 25.93033],
        [79.10095, 25.93096],
        [79.10056, 25.93137],
        [79.10012, 25.93178],
        [79.09942, 25.93228],
        [79.09904, 25.93246],
        [79.0983, 25.93264],
        [79.09761, 25.93269],
        [79.09666, 25.93278],
        [79.09581, 25.93291],
        [79.09501, 25.93309],
        [79.09448, 25.93323],
        [79.09368, 25.9335],
        [79.09288, 25.93372],
        [79.09208, 25.9339],
        [79.09133, 25.93408],
        [79.09064, 25.93408],
        [79.08992, 25.93371],
        [79.08956, 25.93334],
        [79.08916, 25.93287],
        [79.08854, 25.93231],
        [79.08808, 25.93199],
        [79.08773, 25.93152],
        [79.08744, 25.93078],
        [79.08743, 25.92986],
        [79.08752, 25.92894],
        [79.08762, 25.92797],
        [79.08765, 25.92718],
        [79.08753, 25.92639],
        [79.08724, 25.92574],
        [79.08704, 25.92531],
        [79.08658, 25.92493],
        [79.0859, 25.92453],
        [79.08549, 25.9241],
        [79.08541, 25.92363],
        [79.08571, 25.92261],
        [79.08601, 25.92197],
        [79.0863, 25.92142],
        [79.08631, 25.92099],
        [79.08616, 25.92066],
        [79.08585, 25.92041],
        [79.08543, 25.92024],
        [79.08512, 25.9199],
        [79.08513, 25.91947],
        [79.08525, 25.91891],
        [79.08536, 25.91877],
        [79.08542, 25.91844],
        [79.08547, 25.91821],
        [79.08526, 25.91796],
        [79.08489, 25.91774],
        [79.08449, 25.91743],
        [79.0842, 25.91725],
        [79.08239, 25.91792],
        [79.08225, 25.91912],
        [79.07899, 25.91978],
        [79.07167, 25.92128],
        [79.06915, 25.92169],
        [79.06878, 25.9213],
        [79.06818, 25.92139],
        [79.06248, 25.92318],
        [79.06076, 25.92386],
        [79.0557, 25.92558],
        [79.05572, 25.9261],
        [79.05571, 25.92636],
        [79.05563, 25.9266],
        [79.0554, 25.92687],
        [79.05506, 25.92697],
        [79.05371, 25.92727],
        [79.05252, 25.92727],
        [79.05137, 25.92731],
        [79.05022, 25.92744],
        [79.0477, 25.92836],
        [79.04685, 25.92859],
        [79.04659, 25.92859],
        [79.04624, 25.92861],
        [79.04615, 25.92889],
        [79.04628, 25.92909],
        [79.04618, 25.92931],
        [79.04591, 25.9293],
        [79.04473, 25.92978],
        [79.04475, 25.93003],
        [79.04487, 25.93019],
        [79.04486, 25.93038],
        [79.04454, 25.93083],
        [79.04321, 25.93191],
        [79.04308, 25.93214],
        [79.04316, 25.93238],
        [79.04298, 25.93264],
        [79.04261, 25.93268],
        [79.04243, 25.93282],
        [79.04236, 25.9332],
        [79.04209, 25.9334],
        [79.04007, 25.93443],
        [79.03986, 25.93463],
        [79.03984, 25.93492],
        [79.03991, 25.93519],
        [79.03989, 25.9354],
        [79.03971, 25.93548],
        [79.03931, 25.93548],
        [79.03912, 25.93564],
        [79.0389, 25.93586],
        [79.03868, 25.93608],
        [79.03815, 25.93632],
        [79.03733, 25.93648],
        [79.03501, 25.93694],
        [79.03204, 25.93711],
        [79.03177, 25.93716],
        [79.03151, 25.93708],
        [79.03127, 25.93696],
        [79.0309, 25.93691],
        [79.03008, 25.93719],
        [79.02984, 25.93708],
        [79.02916, 25.93652],
        [79.0289, 25.93647],
        [79.02856, 25.93644],
        [79.0279, 25.93683],
        [79.02765, 25.93687],
        [79.02738, 25.93684],
        [79.02714, 25.93675],
        [79.02692, 25.9366],
        [79.02643, 25.9356],
        [79.02611, 25.9356],
        [79.02532, 25.93587],
        [79.02438, 25.93639],
        [79.02286, 25.93766],
        [79.01972, 25.9398],
        [79.01934, 25.93988],
        [79.01897, 25.93979],
        [79.01715, 25.93871],
        [79.01421, 25.93695],
        [79.01395, 25.93677],
        [79.0138, 25.93649],
        [79.01375, 25.93616],
        [79.01352, 25.93591],
        [79.01047, 25.9345],
        [79.00828, 25.93358],
        [79.00661, 25.93292],
        [79.00639, 25.93281],
        [79.00609, 25.93277],
        [79.0042, 25.93379],
        [79.00075, 25.93549],
        [78.99859, 25.93613],
        [78.99523, 25.93818],
        [78.99326, 25.93914],
        [78.99225, 25.93904],
        [78.99261, 25.93967],
        [78.99084, 25.94077],
        [78.98994, 25.94042],
        [78.98646, 25.9423],
        [78.98295, 25.94379],
        [78.97815, 25.94567],
        [78.97684, 25.94624],
        [78.97641, 25.94607],
        [78.9744, 25.94263],
        [78.9732, 25.94135],
        [78.97097, 25.93963],
        [78.96991, 25.93792],
        [78.96908, 25.93616],
        [78.9688, 25.93592],
        [78.96495, 25.93829],
        [78.96167, 25.94027],
        [78.95893, 25.94275],
        [78.95588, 25.94452],
        [78.95428, 25.94539],
        [78.9534, 25.94715],
        [78.95232, 25.94786],
        [78.94858, 25.94974],
        [78.94648, 25.9502],
        [78.94342, 25.95025],
        [78.94094, 25.95083],
        [78.93904, 25.95101],
        [78.9363, 25.95227],
        [78.93628, 25.95228],
        [78.9363, 25.9523],
        [78.93605, 25.95238],
        [78.93599, 25.95241],
        [78.93597, 25.95241],
        [78.9358, 25.9525],
        [78.9356, 25.9525],
        [78.93546, 25.95245],
        [78.93528, 25.95243],
        [78.93517, 25.9524],
        [78.935, 25.9524],
        [78.93487, 25.95234],
        [78.9348, 25.9523],
        [78.9345, 25.9523],
        [78.93429, 25.95237],
        [78.9342, 25.9524]
      ]
    ]
  }
}
