{
  "type": "Feature",
  "id": "UP-AC-227",
  "properties": {
    "stateName": "UTTAR PRADESH",
    "stateCode": "UP",
    "districtName": "LALITPUR",
    "acNo": 227,
    "acName": "KUNDA",
    "seatType": null,
    "pcNo": null,
    "pcName": null,
    "quality": "unverified",
    "sources": [
      "TBD"
    ]
  },
  "geometry": {
    "type": "Polygon",
    "coordinates": [
      [
        [78.3952, 24.2689],
        [78.395, 24.269],
        [78.3946, 24.2692],
        [78.3943, 24.2693],
        [78.3939, 24.2694],
        [78.3935, 24.2694],
        [78.393, 24.2694],
        [78.3929, 24.26943],
        [78.3927, 24.2695],
        [78.3925, 24.2697],
        [78.3923, 24.27],
        [78.39224, 24.27019],
        [78.3922, 24.2703],
        [78.3919, 24.2705],
        [78.3915, 24.2706],
        [78.3911, 24.2705],
        [78.39088, 24.27035],
        [78.39079, 24.2703],
        [78.39077, 24.27029],
        [78.3905, 24.2702],
        [78.3903, 24.2702],
        [78.39019, 24.2702],
        [78.3901, 24.2702],
        [78.3899, 24.2703],
        [78.38976, 24.27044],
        [78.3897, 24.2705],
        [78.38962, 24.27054],
        [78.3895, 24.2706],
        [78.3894, 24.2707],
        [78.3892, 24.2708],
        [78.389, 24.2708],
        [78.38887, 24.2708],
        [78.3888, 24.2708],
        [78.38877, 24.27077],
        [78.3886, 24.2706],
        [78.3885, 24.2704],
        [78.38847, 24.2703],
        [78.3884, 24.2701],
        [78.3884, 24.26995],
        [78.38838, 24.26983],
        [78.38836, 24.26968],
        [78.3883, 24.2695],
        [78.3883, 24.26924],
        [78.3883, 24.2692],
        [78.3883, 24.269],
        [78.3881, 24.2689],
        [78.3881, 24.2689],
        [78.3878, 24.2689],
        [78.38769, 24.26885],
        [78.38755, 24.26884],
        [78.38744, 24.26885],
        [78.3873, 24.2689],
        [78.38718, 24.2689],
        [78.38706, 24.26893],
        [78.387, 24.26897],
        [78.3868, 24.2691],
        [78.38669, 24.26916],
        [78.3864, 24.2693],
        [78.3861, 24.2695],
        [78.38595, 24.2696],
        [78.3858, 24.2697],
        [78.3855, 24.2699],
        [78.3854, 24.26993],
        [78.3852, 24.27],
        [78.3849, 24.2702],
        [78.3846, 24.2704],
        [78.3843, 24.2706],
        [78.38429, 24.27061],
        [78.3841, 24.2708],
        [78.3839, 24.2709],
        [78.38376, 24.27097],
        [78.38368, 24.27103],
        [78.38363, 24.27107],
        [78.3835, 24.2712],
        [78.38342, 24.27124],
        [78.3833, 24.27134],
        [78.38312, 24.2715],
        [78.38294, 24.27166],
        [78.3829, 24.2717],
        [78.3828, 24.2718],
        [78.3826, 24.272],
        [78.38259, 24.27201],
        [78.3824, 24.2722],
        [78.3823, 24.2725],
        [78.3822, 24.2727],
        [78.3821, 24.2729],
        [78.382, 24.2732],
        [78.3819, 24.2735],
        [78.3819, 24.2736],
        [78.3819, 24.2737],
        [78.38183, 24.2739],
        [78.38182, 24.27397],
        [78.3818, 24.27411],
        [78.3818, 24.2742],
        [78.3818, 24.2747],
        [78.38175, 24.275],
        [78.3817, 24.2753],
        [78.3817, 24.27575],
        [78.3817, 24.2758],
        [78.3817, 24.2763],
        [78.38161, 24.27674],
        [78.38161, 24.27676],
        [78.3816, 24.27686],
        [78.3816, 24.2773],
        [78.3815, 24.2778],
        [78.38149, 24.27787],
        [78.38143, 24.27827],
        [78.3814, 24.27848],
        [78.3814, 24.2788],
        [78.38134, 24.27904],
        [78.38133, 24.27916],
        [78.3813, 24.27936],
        [78.3813, 24.2795],
        [78.3812, 24.2799],
        [78.3811, 24.2803],
        [78.38101, 24.28048],
        [78.38094, 24.28068],
        [78.38081, 24.28098],
        [78.3808, 24.281],
        [78.38078, 24.28104],
        [78.3806, 24.2814],
        [78.38055, 24.28148],
        [78.3804, 24.2817],
        [78.3802, 24.282],
        [78.3799, 24.2824],
        [78.37984, 24.28249],
        [78.3797, 24.2827],
        [78.3794, 24.283],
        [78.37913, 24.28327],
        [78.3791, 24.2833],
        [78.3791, 24.2833],
        [78.3788, 24.2835],
        [78.3785, 24.2838],
        [78.3782, 24.284],
        [78.37799, 24.28421],
        [78.3779, 24.2843],
        [78.37771, 24.28439],
        [78.37754, 24.2845],
        [78.37739, 24.28456],
        [78.3773, 24.2846],
        [78.377, 24.2847],
        [78.37677, 24.2847],
        [78.3767, 24.28471],
        [78.37641, 24.28471],
        [78.37627, 24.2847],
        [78.3761, 24.2847],
        [78.37602, 24.28467],
        [78.37583, 24.28464],
        [78.37569, 24.2846],
        [78.3756, 24.2846],
        [78.37552, 24.28455],
        [78.3753, 24.2844],
        [78.37503, 24.28431],
        [78.375, 24.2843],
        [78.37485, 24.2842],
        [78.37467, 24.28409],
        [78.37429, 24.28391],
        [78.3742, 24.28387],
        [78.3739, 24.2838],
        [78.3737, 24.2837],
        [78.3735, 24.28364],
        [78.37332, 24.2836],
        [78.3731, 24.2836],
        [78.37273, 24.28351],
        [78.37267, 24.2835],
        [78.3722, 24.2835],
        [78.37211, 24.2835],
        [78.37184, 24.28352],
        [78.37156, 24.28356],
        [78.3714, 24.2836],
        [78.37133, 24.2836],
        [78.3711, 24.28365],
        [78.37095, 24.2837],
        [78.3708, 24.2838],
        [78.37053, 24.28389],
        [78.37049, 24.28391],
        [78.37035, 24.284],
        [78.3702, 24.2841],
        [78.37, 24.2843],
        [78.36988, 24.28438],
        [78.3697, 24.2845],
        [78.3695, 24.2848],
        [78.36945, 24.28494],
        [78.3694, 24.2851],
        [78.3693, 24.28525],
        [78.3692, 24.2854],
        [78.3691, 24.2857],
        [78.369, 24.286],
        [78.3689, 24.2863],
        [78.3688, 24.2866],
        [78.3687, 24.2869],
        [78.3686, 24.2872],
        [78.3685, 24.2875],
        [78.36846, 24.28761],
        [78.3684, 24.2878],
        [78.3683, 24.2881],
        [78.36823, 24.28821],
        [78.3681, 24.2884],
        [78.3679, 24.2888],
        [78.3677, 24.2891],
        [78.3675, 24.2895],
        [78.3673, 24.2898],
        [78.3671, 24.2901],
        [78.3669, 24.2905],
        [78.3667, 24.2908],
        [78.3667, 24.2908],
        [78.3666, 24.291],
        [78.3664, 24.2912],
        [78.36621, 24.2913],
        [78.36618, 24.29132],
        [78.366, 24.2915],
        [78.3658, 24.2916],
        [78.36556, 24.29168],
        [78.36554, 24.29169],
        [78.36548, 24.29171],
        [78.3653, 24.2918],
        [78.36518, 24.2918],
        [78.36506, 24.29183],
        [78.36496, 24.29185],
        [78.3648, 24.2919],
        [78.3646, 24.2919],
        [78.36457, 24.2919],
        [78.36433, 24.29191],
        [78.36408, 24.29192],
        [78.36383, 24.29191],
        [78.36371, 24.2919],
        [78.3636, 24.2919],
        [78.3633, 24.2919],
        [78.36318, 24.29184],
        [78.3631, 24.29183],
        [78.36296, 24.2918],
        [78.3629, 24.2918],
        [78.36278, 24.29176],
        [78.36262, 24.29172],
        [78.36246, 24.2917],
        [78.3622, 24.2917],
        [78.36209, 24.29166],
        [78.3619, 24.2916],
        [78.3617, 24.29165],
        [78.3615, 24.2917],
        [78.3611, 24.2917],
        [78.36085, 24.2917],
        [78.36069, 24.29172],
        [78.36042, 24.29177],
        [78.3603, 24.2918],
        [78.3599, 24.2919],
        [78.3596, 24.292],
        [78.3593, 24.29208],
        [78.3592, 24.29211],
        [78.3591, 24.29214],
        [78.3587, 24.2923],
        [78.35843, 24.29235],
        [78.3582, 24.2924],
        [78.3577, 24.2926],
        [78.35752, 24.29274],
        [78.3573, 24.2929],
        [78.35696, 24.29304],
        [78.35681, 24.29312],
        [78.35653, 24.2933],
        [78.3564, 24.2934],
        [78.356, 24.2937],
        [78.35569, 24.29393],
        [78.35556, 24.29404],
        [78.3552, 24.2944],
        [78.35477, 24.29479],
        [78.3542, 24.2953],
        [78.35413, 24.2954],
        [78.354, 24.2956],
        [78.3537, 24.2958],
        [78.3534, 24.2961],
        [78.3531, 24.2963],
        [78.35298, 24.29638],
        [78.35278, 24.29654],
        [78.35271, 24.29659],
        [78.3525, 24.2968],
        [78.3522, 24.297],
        [78.35195, 24.29713],
        [78.35184, 24.2972],
        [78.35152, 24.2974],
        [78.35142, 24.29744],
        [78.3511, 24.2976],
        [78.3507, 24.2978],
        [78.3503, 24.298],
        [78.35017, 24.29807],
        [78.34993, 24.29821],
        [78.34981, 24.29829],
        [78.3496, 24.2985],
        [78.34932, 24.29864],
        [78.3492, 24.29873],
        [78.34903, 24.29887],
        [78.3489, 24.299],
        [78.34873, 24.29912],
        [78.3485, 24.2993],
        [78.3482, 24.2996],
        [78.34809, 24.29982],
        [78.348, 24.3],
        [78.3478, 24.3003],
        [78.3476, 24.3007],
        [78.3474, 24.3011],
        [78.3472, 24.3015],
        [78.34701, 24.30189],
        [78.34699, 24.30193],
        [78.3469, 24.3022],
        [78.34682, 24.3024],
        [78.3466, 24.303],
        [78.3465, 24.30338],
        [78.3465, 24.3034],
        [78.3464, 24.3038],
        [78.3463, 24.30395],
        [78.3462, 24.3041],
        [78.3461, 24.3045],
        [78.34604, 24.30472],
        [78.346, 24.3049],
        [78.3459, 24.3053],
        [78.3458, 24.3056],
        [78.3457, 24.306],
        [78.3456, 24.3064],
        [78.34558, 24.30646],
        [78.34552, 24.30676],
        [78.3455, 24.30694],
        [78.3455, 24.3071],
        [78.3455, 24.30713],
        [78.34551, 24.30731],
        [78.34554, 24.3075],
        [78.34557, 24.30764],
        [78.3456, 24.3077],
        [78.34568, 24.30795],
        [78.34571, 24.30802],
        [78.34573, 24.3081],
        [78.3458, 24.3083],
        [78.3458, 24.30834],
        [78.3458, 24.3085],
        [78.3459, 24.309],
        [78.34595, 24.3091],
        [78.346, 24.3092],
        [78.346, 24.3095],
        [78.346, 24.3097],
        [78.346, 24.31],
        [78.346, 24.3102],
        [78.346, 24.3113],
        [78.346, 24.3117],
        [78.346, 24.3121],
        [78.346, 24.3124],
        [78.346, 24.31245],
        [78.346, 24.3128],
        [78.346, 24.3132],
        [78.34605, 24.31345],
        [78.3461, 24.3137],
        [78.34605, 24.31381],
        [78.34604, 24.31387],
        [78.346, 24.31402],
        [78.346, 24.3141],
        [78.3459, 24.3143],
        [78.34584, 24.31436],
        [78.34581, 24.31441],
        [78.34576, 24.31447],
        [78.3457, 24.3146],
        [78.3456, 24.3147],
        [78.3452, 24.3152],
        [78.34515, 24.31525],
        [78.3451, 24.31532],
        [78.34507, 24.31535],
        [78.345, 24.3155],
        [78.3449, 24.3156],
        [78.34482, 24.31568],
        [78.34474, 24.31578],
        [78.34466, 24.31592],
        [78.3446, 24.3161],
        [78.3444, 24.3164],
        [78.3442, 24.3167],
        [78.34417, 24.31673],
        [78.344, 24.3169],
        [78.3438, 24.3172],
        [78.3436, 24.3175],
        [78.3434, 24.3177],
        [78.34324, 24.31794],
        [78.3432, 24.318],
        [78.343, 24.3183],
        [78.3427, 24.3185],
        [78.3424, 24.3187],
        [78.342, 24.3189],
        [78.3417, 24.319],
        [78.3414, 24.3191],
        [78.34139, 24.3191],
        [78.34137, 24.31911],
        [78.34102, 24.3192],
        [78.34098, 24.31921],
        [78.3407, 24.3193],
        [78.3403, 24.3193],
        [78.33994, 24.3193],
        [78.33983, 24.31932],
        [78.3395, 24.3194],
        [78.3391, 24.3195],
        [78.3387, 24.3196],
        [78.3383, 24.3198],
        [78.3379, 24.32],
        [78.33768, 24.32011],
        [78.33751, 24.32022],
        [78.33739, 24.32031],
        [78.3372, 24.3205],
        [78.3368, 24.3208],
        [78.33667, 24.32093],
        [78.33666, 24.32094],
        [78.33652, 24.32108],
        [78.33635, 24.32126],
        [78.33625, 24.32135],
        [78.3362, 24.3214],
        [78.336, 24.3216],
        [78.3356, 24.3219],
        [78.33553, 24.32194],
        [78.33538, 24.32204],
        [78.33532, 24.32208],
        [78.3352, 24.3222],
        [78.33503, 24.32226],
        [78.3349, 24.3223],
        [78.3347, 24.3224],
        [78.3343, 24.3225],
        [78.3339, 24.3226],
        [78.33364, 24.32277],
        [78.3336, 24.3228],
        [78.3332, 24.323],
        [78.33303, 24.32304],
        [78.3328, 24.3231],
        [78.3325, 24.3233],
        [78.3321, 24.3235],
        [78.33188, 24.32372],
        [78.3318, 24.3238],
        [78.3315, 24.324],
        [78.3311, 24.3243],
        [78.3309, 24.3245],
        [78.3306, 24.3248],
        [78.33045, 24.3249],
        [78.3303, 24.325],
        [78.3301, 24.3253],
        [78.33008, 24.32533],
        [78.3299, 24.3256],
        [78.3297, 24.326],
        [78.3295, 24.3263],
        [78.32941, 24.32643],
        [78.3293, 24.3266],
        [78.3292, 24.327],
        [78.3291, 24.3273],
        [78.3291, 24.3276],
        [78.3291, 24.32764],
        [78.3291, 24.328],
        [78.3291, 24.3283],
        [78.3291, 24.3287],
        [78.3291, 24.32881],
        [78.32912, 24.32898],
        [78.32915, 24.32916],
        [78.3292, 24.3293],
        [78.3293, 24.3296],
        [78.3293, 24.3298],
        [78.3293, 24.33],
        [78.3294, 24.3304],
        [78.3295, 24.3308],
        [78.3296, 24.3312],
        [78.32972, 24.33138],
        [78.3298, 24.3315],
        [78.32987, 24.33177],
        [78.32991, 24.33188],
        [78.32996, 24.33199],
        [78.3301, 24.3322],
        [78.33015, 24.33241],
        [78.3302, 24.3326],
        [78.3304, 24.3329],
        [78.3304, 24.3329],
        [78.3304, 24.3329],
        [78.3305, 24.3332],
        [78.3307, 24.3335],
        [78.3308, 24.3337],
        [78.33095, 24.33385],
        [78.331, 24.3339],
        [78.33116, 24.33413],
        [78.33119, 24.33418],
        [78.33124, 24.33424],
        [78.3314, 24.3344],
        [78.3316, 24.3346],
        [78.3318, 24.3348],
        [78.332, 24.335],
        [78.3322, 24.3352],
        [78.33227, 24.33531],
        [78.3324, 24.33545],
        [78.33258, 24.33568],
        [78.3326, 24.3357],
        [78.3328, 24.3359],
        [78.33288, 24.33607],
        [78.3329, 24.3361],
        [78.3331, 24.3364],
        [78.3332, 24.3366],
        [78.3334, 24.3369],
        [78.3335, 24.3371],
        [78.33369, 24.33724],
        [78.3339, 24.3374],
        [78.33411, 24.33768],
        [78.3342, 24.3378],
        [78.3345, 24.3381],
        [78.3349, 24.3384],
        [78.33498, 24.33845],
        [78.3352, 24.3386],
        [78.3356, 24.3389],
        [78.33596, 24.33917],
        [78.33634, 24.33941],
        [78.33643, 24.33946],
        [78.3367, 24.3396],
        [78.3373, 24.3399],
        [78.33735, 24.33993],
        [78.3378, 24.3402],
        [78.33818, 24.34035],
        [78.3383, 24.3404],
        [78.33854, 24.34054],
        [78.3388, 24.3407],
        [78.3393, 24.341],
        [78.3398, 24.3413],
        [78.3403, 24.3416],
        [78.34042, 24.34167],
        [78.3408, 24.3419],
        [78.34116, 24.34219],
        [78.34129, 24.34228],
        [78.34141, 24.34239],
        [78.3418, 24.3427],
        [78.342, 24.34295],
        [78.3422, 24.3432],
        [78.34252, 24.34352],
        [78.3427, 24.3437],
        [78.3431, 24.3442],
        [78.34323, 24.34446],
        [78.3434, 24.3448],
        [78.3437, 24.3453],
        [78.344, 24.3459],
        [78.34418, 24.34626],
        [78.3443, 24.3465],
        [78.3445, 24.3471],
        [78.3447, 24.3475],
        [78.34478, 24.34782],
        [78.34482, 24.34792],
        [78.34485, 24.348],
        [78.345, 24.3483],
        [78.34509, 24.34867],
        [78.3451, 24.3487],
        [78.3452, 24.3491],
        [78.34533, 24.34935],
        [78.3454, 24.3495],
        [78.3455, 24.3499],
        [78.3455, 24.34992],
        [78.3456, 24.3504],
        [78.3457, 24.3508],
        [78.346, 24.3513],
        [78.34619, 24.35154],
        [78.3464, 24.3518],
        [78.3467, 24.3523],
        [78.34674, 24.35237],
        [78.347, 24.3528],
        [78.3474, 24.3532],
        [78.3478, 24.3537],
        [78.3482, 24.3541],
        [78.3487, 24.3545],
        [78.3491, 24.3548],
        [78.34937, 24.35503],
        [78.3498, 24.3554],
        [78.3504, 24.3559],
        [78.35065, 24.3562],
        [78.3509, 24.3565],
        [78.3515, 24.357],
        [78.3521, 24.3576],
        [78.35247, 24.35791],
        [78.3527, 24.3581],
        [78.35329, 24.35869],
        [78.3533, 24.3587],
        [78.3539, 24.3593],
        [78.3544, 24.3598],
        [78.35454, 24.3599],
        [78.3548, 24.3601],
        [78.35503, 24.36033],
        [78.3551, 24.3604],
        [78.3554, 24.3607],
        [78.3558, 24.3611],
        [78.35597, 24.36127],
        [78.3561, 24.3614],
        [78.3564, 24.3617],
        [78.3567, 24.3621],
        [78.3568, 24.36225],
        [78.35694, 24.36243],
        [78.35709, 24.36264],
        [78.3573, 24.3629],
        [78.3574, 24.3631],
        [78.3575, 24.3634],
        [78.3575, 24.36344],
        [78.35754, 24.3636],
        [78.35758, 24.36383],
        [78.3576, 24.3639],
        [78.3576, 24.3641],
        [78.3576, 24.3643],
        [78.3576, 24.3646],
        [78.35755, 24.36469],
        [78.3575, 24.3648],
        [78.3575, 24.365],
        [78.3575, 24.3653],
        [78.3575, 24.3655],
        [78.3575, 24.3657],
        [78.3575, 24.36573],
        [78.3575, 24.366],
        [78.3575, 24.36604],
        [78.35752, 24.36619],
        [78.35754, 24.36628],
        [78.3576, 24.3664],
        [78.3576, 24.36652],
        [78.3576, 24.3667],
        [78.3577, 24.3669],
        [78.3578, 24.3671],
        [78.3579, 24.3673],
        [78.3581, 24.3675],
        [78.35816, 24.36756],
        [78.3582, 24.3676],
        [78.3584, 24.3678],
        [78.3587, 24.368],
        [78.3589, 24.3682],
        [78.3592, 24.3684],
        [78.3594, 24.3686],
        [78.35954, 24.36874],
        [78.3597, 24.3689],
        [78.3599, 24.3691],
        [78.36008, 24.36922],
        [78.3602, 24.3693],
        [78.36052, 24.36962],
        [78.36064, 24.36973],
        [78.36077, 24.36987],
        [78.361, 24.3701],
        [78.36131, 24.37041],
        [78.36145, 24.37054],
        [78.3619, 24.3709],
        [78.3624, 24.3712],
        [78.3628, 24.3715],
        [78.36321, 24.37174],
        [78.3633, 24.3718],
        [78.3639, 24.3721],
        [78.3644, 24.3723],
        [78.36469, 24.37235],
        [78.365, 24.3724],
        [78.3653, 24.3725],
        [78.36557, 24.37259],
        [78.3656, 24.3726],
        [78.3659, 24.3727],
        [78.3663, 24.3728],
        [78.3666, 24.3729],
        [78.3669, 24.373],
        [78.36706, 24.373],
        [78.3672, 24.373],
        [78.3679, 24.3732],
        [78.36809, 24.37333],
        [78.3682, 24.3734],
        [78.3684, 24.3735],
        [78.36854, 24.37355],
        [78.3687, 24.3736],
        [78.36886, 24.37376],
        [78.3689, 24.3738],
        [78.3691, 24.374],
        [78.3693, 24.3742],
        [78.3695, 24.3744],
        [78.36958, 24.37448],
        [78.3697, 24.3746],
        [78.36974, 24.37471],
        [78.3698, 24.3749],
        [78.3699, 24.3751],
        [78.37, 24.3754],
        [78.37005, 24.37556],
        [78.3701, 24.3757],
        [78.3701, 24.37591],
        [78.3701, 24.376],
        [78.3701, 24.3763],
        [78.37, 24.3766],
        [78.37, 24.37682],
        [78.37, 24.3769],
        [78.3699, 24.3772],
        [78.36976, 24.37741],
        [78.36974, 24.37745],
        [78.36971, 24.37749],
        [78.3697, 24.3775],
        [78.36968, 24.37752],
        [78.36952, 24.37771],
        [78.36937, 24.3779],
        [78.3693, 24.378],
        [78.3692, 24.3781],
        [78.36909, 24.37823],
        [78.36905, 24.37828],
        [78.3689, 24.3785],
        [78.3687, 24.3787],
        [78.36854, 24.37886],
        [78.36842, 24.37899],
        [78.36836, 24.37906],
        [78.3682, 24.3793],
        [78.368, 24.3795],
        [78.36792, 24.37955],
        [78.3677, 24.3797],
        [78.36764, 24.37987],
        [78.3676, 24.38],
        [78.36741, 24.38019],
        [78.36737, 24.38025],
        [78.3673, 24.3804],
        [78.3672, 24.3807],
        [78.3671, 24.3809],
        [78.367, 24.3812],
        [78.36698, 24.38125],
        [78.3669, 24.3815],
        [78.3669, 24.3818],
        [78.3669, 24.382],
        [78.3669, 24.38218],
        [78.3669, 24.3823],
        [78.3669, 24.3826],
        [78.36686, 24.38271],
        [78.3668, 24.3829],
        [78.3668, 24.3832],
        [78.3668, 24.38326],
        [78.3668, 24.3835],
        [78.36674, 24.38367],
        [78.36673, 24.38376],
        [78.3667, 24.38393],
        [78.3667, 24.384],
        [78.36667, 24.3841],
        [78.3666, 24.3843],
        [78.3665, 24.3846],
        [78.3665, 24.38486],
        [78.3665, 24.3849],
        [78.36647, 24.38496],
        [78.36642, 24.38512],
        [78.36632, 24.38536],
        [78.36631, 24.38538],
        [78.3663, 24.3854],
        [78.3662, 24.3856],
        [78.36612, 24.38568],
        [78.366, 24.3858],
        [78.3658, 24.386],
        [78.3656, 24.3862],
        [78.3654, 24.3863],
        [78.36529, 24.38641],
        [78.3652, 24.3865],
        [78.3649, 24.3866],
        [78.3645, 24.3867],
        [78.36436, 24.3867],
        [78.36419, 24.38672],
        [78.36384, 24.38671],
        [78.36377, 24.3867],
        [78.3635, 24.3867],
        [78.3632, 24.3866],
        [78.3628, 24.3864],
        [78.36275, 24.38635],
        [78.36255, 24.38622],
        [78.36241, 24.38615],
        [78.3622, 24.3861],
        [78.36198, 24.38596],
        [78.36188, 24.38591],
        [78.36176, 24.38586],
        [78.3615, 24.3858],
        [78.3612, 24.3857],
        [78.3608, 24.3856],
        [78.3605, 24.3855],
        [78.36046, 24.38549],
        [78.3601, 24.38543],
        [78.35988, 24.3854],
        [78.3597, 24.3854],
        [78.3594, 24.3854],
        [78.35899, 24.38532],
        [78.35889, 24.38531],
        [78.35842, 24.3853],
        [78.3584, 24.3853],
        [78.35795, 24.3853],
        [78.35748, 24.38532],
        [78.35734, 24.38533],
        [78.357, 24.3854],
        [78.3567, 24.3854],
        [78.35654, 24.38542],
        [78.35623, 24.38547],
        [78.3561, 24.3855],
        [78.3556, 24.3856],
        [78.3552, 24.3857],
        [78.35519, 24.3857],
        [78.35516, 24.38571],
        [78.35507, 24.38573],
        [78.3547, 24.3858],
        [78.35437, 24.38586],
        [78.3541, 24.3859],
        [78.3536, 24.386],
        [78.3531, 24.3861],
        [78.3526, 24.3862],
        [78.3521, 24.3863],
        [78.3516, 24.3864],
        [78.35134, 24.38651],
        [78.3511, 24.3866],
        [78.3506, 24.3867],
        [78.3505, 24.3867],
        [78.3503, 24.3867],
        [78.35, 24.3868],
        [78.3499, 24.3869],
        [78.3498, 24.387],
        [78.34959, 24.38707],
        [78.34951, 24.38712],
        [78.3494, 24.3872],
        [78.3493, 24.3873],
        [78.3491, 24.3875],
        [78.3489, 24.3877],
        [78.3487, 24.388],
        [78.3486, 24.3882],
        [78.3478, 24.3897],
        [78.3476, 24.39],
        [78.3474, 24.3903],
        [78.3472, 24.3906],
        [78.347, 24.3909],
        [78.3468, 24.3912],
        [78.3466, 24.3915],
        [78.346, 24.3924],
        [78.34582, 24.39258],
        [78.34579, 24.39262],
        [78.3457, 24.3928],
        [78.3456, 24.3929],
        [78.3455, 24.3931],
        [78.34539, 24.39321],
        [78.3453, 24.3933],
        [78.3452, 24.3935],
        [78.3451, 24.3937],
        [78.3451, 24.39378],
        [78.3451, 24.3939],
        [78.345, 24.3941],
        [78.34493, 24.3943],
        [78.34491, 24.39443],
        [78.34487, 24.39468],
        [78.3448, 24.3954],
        [78.34473, 24.3956],
        [78.34471, 24.39575],
        [78.3447, 24.39583],
        [78.3447, 24.3961],
        [78.34466, 24.39623],
        [78.3446, 24.3964],
        [78.3446, 24.39675],
        [78.3446, 24.3968],
        [78.3446, 24.3971],
        [78.34457, 24.39717],
        [78.34454, 24.39733],
        [78.3445, 24.39758],
        [78.3445, 24.3976],
        [78.34449, 24.39761],
        [78.3444, 24.3978],
        [78.3444, 24.398],
        [78.3444, 24.3981],
        [78.3443, 24.3983],
        [78.34421, 24.39854],
        [78.34411, 24.39877],
        [78.3441, 24.3988],
        [78.344, 24.399],
        [78.3439, 24.3992],
        [78.3433, 24.3999],
        [78.343, 24.4002],
        [78.34292, 24.40026],
        [78.3426, 24.4005],
        [78.34238, 24.40079],
        [78.3423, 24.4009],
        [78.342, 24.4012],
        [78.34164, 24.40147],
        [78.34158, 24.40152],
        [78.3413, 24.4018],
        [78.34115, 24.40187],
        [78.3409, 24.402],
        [78.34075, 24.40223],
        [78.3407, 24.4023],
        [78.34056, 24.40239],
        [78.34039, 24.40254],
        [78.34028, 24.40262],
        [78.3401, 24.4028],
        [78.3398, 24.403],
        [78.3395, 24.4032],
        [78.33932, 24.40325],
        [78.3391, 24.4033],
        [78.3388, 24.4035],
        [78.3385, 24.4036],
        [78.33835, 24.40367],
        [78.3381, 24.4038],
        [78.3379, 24.4038],
        [78.3376, 24.4038],
        [78.3371, 24.4039],
        [78.3366, 24.404],
        [78.33628, 24.40406],
        [78.3361, 24.4041],
        [78.336, 24.4041],
        [78.3356, 24.4041],
        [78.33514, 24.40419],
        [78.3351, 24.4042],
        [78.33506, 24.4042],
        [78.3345, 24.4042],
        [78.33415, 24.40427],
        [78.334, 24.4043],
        [78.33351, 24.4043],
        [78.3331, 24.40433],
        [78.3329, 24.40435],
        [78.3327, 24.4044],
        [78.33244, 24.4044],
        [78.33228, 24.40442],
        [78.33198, 24.40448],
        [78.3319, 24.4045],
        [78.3315, 24.4046],
        [78.3311, 24.4047],
        [78.33082, 24.40477],
        [78.3307, 24.4048],
        [78.3303, 24.4049],
        [78.3299, 24.4051],
        [78.32942, 24.40534],
        [78.3293, 24.4054],
        [78.3287, 24.4057],
        [78.32799, 24.40597],
        [78.3274, 24.4062],
        [78.3267, 24.4065],
        [78.32642, 24.40664],
        [78.3261, 24.4068],
        [78.32565, 24.40695],
        [78.32545, 24.40703],
        [78.32522, 24.40712],
        [78.3248, 24.4073],
        [78.32435, 24.40745],
        [78.32418, 24.40751],
        [78.3237, 24.4078],
        [78.3232, 24.4081],
        [78.3227, 24.4084],
        [78.32253, 24.40847],
        [78.3222, 24.4086],
        [78.3218, 24.4089],
        [78.3213, 24.4092],
        [78.32108, 24.40942],
        [78.3209, 24.4096],
        [78.32051, 24.40983],
        [78.32042, 24.4099],
        [78.32036, 24.40994],
        [78.32088, 24.41688],
        [78.3212, 24.41867],
        [78.3219, 24.42015],
        [78.3225, 24.42105],
        [78.32369, 24.42222],
        [78.32469, 24.4229],
        [78.32532, 24.42347],
        [78.32726, 24.42498],
        [78.32664, 24.4253],
        [78.32593, 24.42577],
        [78.3253, 24.42624],
        [78.32454, 24.4269],
        [78.32361, 24.42758],
        [78.32203, 24.42895],
        [78.32151, 24.42948],
        [78.32091, 24.43001],
        [78.32024, 24.43049],
        [78.31748, 24.43233],
        [78.31554, 24.43337],
        [78.31255, 24.43444],
        [78.31085, 24.43484],
        [78.3102, 24.43511],
        [78.3097, 24.4353],
        [78.30932, 24.43551],
        [78.30894, 24.43571],
        [78.30849, 24.43601],
        [78.30802, 24.43636],
        [78.30755, 24.43671],
        [78.30712, 24.43707],
        [78.30669, 24.43743],
        [78.30633, 24.4377],
        [78.30589, 24.43795],
        [78.30553, 24.43821],
        [78.30511, 24.43853],
        [78.30466, 24.43894],
        [78.30424, 24.43936],
        [78.30386, 24.43968],
        [78.3034, 24.4401],
        [78.30304, 24.44047],
        [78.3028, 24.44082],
        [78.30256, 24.44116],
        [78.30229, 24.44161],
        [78.30196, 24.44221],
        [78.3018, 24.44267],
        [78.30167, 24.44303],
        [78.30157, 24.44355],
        [78.30168, 24.44414],
        [78.30183, 24.44442],
        [78.30244, 24.44567],
        [78.30477, 24.4502],
        [78.30528, 24.45158],
        [78.30576, 24.45294],
        [78.30608, 24.45494],
        [78.30665, 24.45755],
        [78.30699, 24.45811],
        [78.30726, 24.45842],
        [78.30774, 24.45864],
        [78.30805, 24.45865],
        [78.3084, 24.45867],
        [78.3086, 24.45859],
        [78.30887, 24.45841],
        [78.30918, 24.45828],
        [78.30948, 24.45815],
        [78.30991, 24.45807],
        [78.31095, 24.45803],
        [78.31153, 24.45805],
        [78.31264, 24.45842],
        [78.31318, 24.45891],
        [78.3138, 24.45981],
        [78.31398, 24.46033],
        [78.31415, 24.46122],
        [78.31485, 24.46059],
        [78.31534, 24.4602],
        [78.31639, 24.45961],
        [78.31711, 24.45929],
        [78.31763, 24.45912],
        [78.31816, 24.45902],
        [78.31869, 24.45896],
        [78.31904, 24.45896],
        [78.31957, 24.45902],
        [78.32029, 24.45918],
        [78.32142, 24.45958],
        [78.32234, 24.46011],
        [78.32284, 24.46026],
        [78.32354, 24.46031],
        [78.32416, 24.46027],
        [78.32482, 24.46016],
        [78.32627, 24.45965],
        [78.32785, 24.45909],
        [78.32956, 24.4583],
        [78.3302, 24.45789],
        [78.32914, 24.46012],
        [78.32863, 24.46141],
        [78.32812, 24.46304],
        [78.32765, 24.46453],
        [78.3273, 24.46568],
        [78.32692, 24.46691],
        [78.32675, 24.46759],
        [78.32673, 24.46796],
        [78.3268, 24.46829],
        [78.32704, 24.46901],
        [78.32744, 24.46975],
        [78.32785, 24.47058],
        [78.32842, 24.47116],
        [78.32871, 24.4717],
        [78.32897, 24.47225],
        [78.33051, 24.47477],
        [78.33095, 24.47555],
        [78.33152, 24.47625],
        [78.33199, 24.47682],
        [78.33246, 24.47711],
        [78.33317, 24.4775],
        [78.33353, 24.47763],
        [78.33508, 24.4782],
        [78.33733, 24.47913],
        [78.33994, 24.48061],
        [78.34047, 24.48059],
        [78.34114, 24.48065],
        [78.34169, 24.48086],
        [78.3425, 24.48158],
        [78.34304, 24.48248],
        [78.34328, 24.48283],
        [78.34367, 24.4833],
        [78.34409, 24.48362],
        [78.34442, 24.48394],
        [78.34502, 24.48434],
        [78.34531, 24.4845],
        [78.34647, 24.48475],
        [78.34629, 24.48452],
        [78.34611, 24.48427],
        [78.34577, 24.48367],
        [78.34565, 24.48332],
        [78.34561, 24.48304],
        [78.34557, 24.48273],
        [78.34561, 24.48238],
        [78.34568, 24.48205],
        [78.34572, 24.48183],
        [78.34584, 24.48158],
        [78.34602, 24.48137],
        [78.3463, 24.48113],
        [78.34693, 24.48077],
        [78.34726, 24.48057],
        [78.34776, 24.48008],
        [78.34901, 24.47879],
        [78.34958, 24.47822],
        [78.35011, 24.47787],
        [78.35106, 24.4777],
        [78.35254, 24.47764],
        [78.35347, 24.4776],
        [78.35418, 24.47738],
        [78.35485, 24.47717],
        [78.35542, 24.47699],
        [78.35578, 24.47693],
        [78.35621, 24.47688],
        [78.3566, 24.47685],
        [78.35753, 24.47664],
        [78.35798, 24.47646],
        [78.35846, 24.4762],
        [78.3589, 24.47591],
        [78.35944, 24.4755],
        [78.36006, 24.47505],
        [78.36071, 24.47457],
        [78.36125, 24.47418],
        [78.36174, 24.47383],
        [78.3622, 24.47364],
        [78.36265, 24.47349],
        [78.36324, 24.47337],
        [78.36378, 24.47331],
        [78.36473, 24.47327],
        [78.36521, 24.47318],
        [78.36567, 24.47299],
        [78.36622, 24.47271],
        [78.36677, 24.47239],
        [78.36714, 24.4721],
        [78.36774, 24.47155],
        [78.36827, 24.47103],
        [78.36933, 24.46999],
        [78.37011, 24.46938],
        [78.37072, 24.46896],
        [78.37132, 24.46861],
        [78.37198, 24.4683],
        [78.37255, 24.46808],
        [78.37315, 24.46786],
        [78.37372, 24.46764],
        [78.37435, 24.46748],
        [78.37471, 24.46746],
        [78.3754, 24.4675],
        [78.37588, 24.46757],
        [78.37645, 24.46772],
        [78.37721, 24.46779],
        [78.37782, 24.46793],
        [78.37898, 24.46815],
        [78.37952, 24.46829],
        [78.3812, 24.46857],
        [78.38585, 24.46944],
        [78.384, 24.47247],
        [78.38347, 24.47335],
        [78.38328, 24.47386],
        [78.38315, 24.47432],
        [78.38302, 24.47478],
        [78.38293, 24.47529],
        [78.38285, 24.47571],
        [78.38277, 24.47613],
        [78.38267, 24.47668],
        [78.38264, 24.47736],
        [78.38266, 24.47799],
        [78.38266, 24.47879],
        [78.38279, 24.48085],
        [78.38291, 24.48177],
        [78.38308, 24.48316],
        [78.38326, 24.48475],
        [78.38354, 24.4874],
        [78.38408, 24.48966],
        [78.38572, 24.49449],
        [78.38649, 24.49714],
        [78.38836, 24.50172],
        [78.38929, 24.50347],
        [78.3889, 24.5037],
        [78.38846, 24.50399],
        [78.38776, 24.50449],
        [78.38745, 24.50468],
        [78.38718, 24.50478],
        [78.38662, 24.50472],
        [78.38642, 24.50466],
        [78.38612, 24.50476],
        [78.38599, 24.50489],
        [78.38595, 24.50511],
        [78.38595, 24.50533],
        [78.386, 24.50571],
        [78.38616, 24.50603],
        [78.38626, 24.50634],
        [78.38629, 24.50656],
        [78.38622, 24.50682],
        [78.38617, 24.50711],
        [78.38598, 24.50742],
        [78.38574, 24.50781],
        [78.38538, 24.50826],
        [78.38492, 24.50871],
        [78.38457, 24.50909],
        [78.38407, 24.50954],
        [78.38376, 24.5099],
        [78.38347, 24.51019],
        [78.3832, 24.51054],
        [78.38291, 24.51099],
        [78.38272, 24.51156],
        [78.38204, 24.51357],
        [78.3815, 24.51545],
        [78.38114, 24.51637],
        [78.38052, 24.51726],
        [78.38096, 24.5177],
        [78.38114, 24.51791],
        [78.3812, 24.51818],
        [78.38116, 24.51842],
        [78.38098, 24.5189],
        [78.38095, 24.51911],
        [78.38097, 24.5192],
        [78.38105, 24.51932],
        [78.38127, 24.51946],
        [78.3814, 24.51973],
        [78.38144, 24.52012],
        [78.38145, 24.52051],
        [78.3815, 24.52087],
        [78.38162, 24.52162],
        [78.38177, 24.52194],
        [78.38187, 24.52221],
        [78.3819, 24.52248],
        [78.38186, 24.52272],
        [78.38179, 24.52293],
        [78.3816, 24.52309],
        [78.38142, 24.52315],
        [78.38117, 24.52324],
        [78.38088, 24.52339],
        [78.38072, 24.52355],
        [78.38038, 24.52397],
        [78.38015, 24.52442],
        [78.37992, 24.52505],
        [78.37978, 24.52581],
        [78.38274, 24.52593],
        [78.38433, 24.52584],
        [78.38612, 24.52575],
        [78.38727, 24.5257],
        [78.38818, 24.52568],
        [78.38912, 24.52574],
        [78.38984, 24.52587],
        [78.39108, 24.52619],
        [78.39185, 24.5264],
        [78.39241, 24.52663],
        [78.3927, 24.5268],
        [78.3929, 24.52701],
        [78.39376, 24.5263],
        [78.39452, 24.5257],
        [78.39572, 24.52498],
        [78.39652, 24.52466],
        [78.39718, 24.52444],
        [78.39767, 24.52433],
        [78.39799, 24.52425],
        [78.3985, 24.52425],
        [78.39894, 24.52424],
        [78.39952, 24.5243],
        [78.40014, 24.52433],
        [78.40049, 24.52436],
        [78.40142, 24.52441],
        [78.40212, 24.52447],
        [78.40309, 24.52456],
        [78.40375, 24.52462],
        [78.40428, 24.52472],
        [78.40497, 24.52488],
        [78.40557, 24.52505],
        [78.40648, 24.52556],
        [78.40789, 24.52665],
        [78.41072, 24.53],
        [78.41253, 24.53216],
        [78.41329, 24.53335],
        [78.41728, 24.53055],
        [78.41801, 24.53005],
        [78.41865, 24.52969],
        [78.41907, 24.52952],
        [78.41961, 24.5293],
        [78.42029, 24.52915],
        [78.42078, 24.529],
        [78.4222, 24.5287],
        [78.42349, 24.52844],
        [78.42439, 24.52811],
        [78.42577, 24.52747],
        [78.42808, 24.52639],
        [78.42928, 24.52592],
        [78.43014, 24.52563],
        [78.43111, 24.5254],
        [78.43159, 24.52533],
        [78.43331, 24.5253],
        [78.43423, 24.52539],
        [78.43736, 24.52555],
        [78.43714, 24.52605],
        [78.43684, 24.52689],
        [78.4367, 24.52756],
        [78.43662, 24.5281],
        [78.4366, 24.5286],
        [78.43666, 24.52923],
        [78.43686, 24.53012],
        [78.43709, 24.53091],
        [78.43738, 24.53186],
        [78.43778, 24.53277],
        [78.43811, 24.53343],
        [78.43869, 24.53438],
        [78.43921, 24.53508],
        [78.43994, 24.53598],
        [78.44034, 24.53655],
        [78.44072, 24.53725],
        [78.4411, 24.53799],
        [78.44147, 24.53915],
        [78.44161, 24.53998],
        [78.44172, 24.5406],
        [78.44175, 24.54117],
        [78.44172, 24.54175],
        [78.44166, 24.54229],
        [78.44178, 24.54283],
        [78.44201, 24.54332],
        [78.44276, 24.54451],
        [78.44401, 24.54598],
        [78.44549, 24.54825],
        [78.44597, 24.54883],
        [78.44655, 24.54927],
        [78.44509, 24.55188],
        [78.44439, 24.55289],
        [78.44406, 24.55341],
        [78.44393, 24.55362],
        [78.44365, 24.554],
        [78.44355, 24.55421],
        [78.44345, 24.55445],
        [78.44342, 24.55466],
        [78.44336, 24.55493],
        [78.44325, 24.55521],
        [78.44315, 24.55541],
        [78.44301, 24.55566],
        [78.44284, 24.5558],
        [78.44254, 24.55604],
        [78.44225, 24.55619],
        [78.44171, 24.5564],
        [78.44146, 24.55654],
        [78.44129, 24.55665],
        [78.44091, 24.55693],
        [78.44061, 24.55714],
        [78.44014, 24.55759],
        [78.43911, 24.5588],
        [78.43977, 24.55971],
        [78.44073, 24.5618],
        [78.44131, 24.56306],
        [78.44137, 24.56367],
        [78.44136, 24.56428],
        [78.44123, 24.56479],
        [78.44089, 24.56551],
        [78.44049, 24.56606],
        [78.43896, 24.56773],
        [78.43745, 24.56915],
        [78.43419, 24.57217],
        [78.43308, 24.57311],
        [78.43175, 24.57388],
        [78.43032, 24.57438],
        [78.42671, 24.57578],
        [78.42643, 24.57642],
        [78.42587, 24.57676],
        [78.42507, 24.57707],
        [78.42427, 24.57741],
        [78.42401, 24.57758],
        [78.42384, 24.57792],
        [78.42283, 24.57884],
        [78.42254, 24.57928],
        [78.42231, 24.57995],
        [78.42205, 24.58065],
        [78.42193, 24.58108],
        [78.42181, 24.5821],
        [78.42177, 24.58276],
        [78.42171, 24.58352],
        [78.42164, 24.58399],
        [78.42138, 24.58468],
        [78.42109, 24.58509],
        [78.42068, 24.58549],
        [78.42031, 24.58579],
        [78.42005, 24.5859],
        [78.4214, 24.59105],
        [78.42182, 24.59284],
        [78.42254, 24.59523],
        [78.42337, 24.59751],
        [78.42386, 24.59876],
        [78.42507, 24.60298],
        [78.42089, 24.60515],
        [78.41831, 24.6063],
        [78.41642, 24.60706],
        [78.41453, 24.60775],
        [78.41231, 24.60836],
        [78.4071, 24.60976],
        [78.40286, 24.61128],
        [78.40345, 24.61221],
        [78.40386, 24.61324],
        [78.40395, 24.61407],
        [78.40436, 24.61746],
        [78.40439, 24.61824],
        [78.40447, 24.62022],
        [78.40454, 24.62347],
        [78.40479, 24.62533],
        [78.40505, 24.62679],
        [78.40511, 24.62753],
        [78.40513, 24.62837],
        [78.40498, 24.6291],
        [78.4044, 24.63149],
        [78.40416, 24.63237],
        [78.40404, 24.63288],
        [78.40399, 24.63325],
        [78.40399, 24.6335],
        [78.40405, 24.6338],
        [78.40435, 24.63448],
        [78.40473, 24.63504],
        [78.40516, 24.636],
        [78.40534, 24.63666],
        [78.40545, 24.63717],
        [78.40547, 24.63787],
        [78.40547, 24.63838],
        [78.4052, 24.63921],
        [78.40489, 24.63976],
        [78.40429, 24.64074],
        [78.4041, 24.6411],
        [78.40867, 24.64109],
        [78.41091, 24.64103],
        [78.4127, 24.64098],
        [78.4136, 24.64095],
        [78.41598, 24.64107],
        [78.41769, 24.64119],
        [78.41985, 24.64116],
        [78.42357, 24.64068],
        [78.42603, 24.64031],
        [78.42767, 24.64023],
        [78.42974, 24.64017],
        [78.4313, 24.64006],
        [78.43322, 24.64006],
        [78.43466, 24.64007],
        [78.43508, 24.64003],
        [78.4352, 24.64029],
        [78.43585, 24.64115],
        [78.437, 24.64238],
        [78.438, 24.64317],
        [78.43939, 24.64414],
        [78.4394, 24.64468],
        [78.43925, 24.64509],
        [78.43895, 24.64549],
        [78.43856, 24.64575],
        [78.43829, 24.64591],
        [78.43783, 24.64604],
        [78.43726, 24.64614],
        [78.43645, 24.64628],
        [78.43587, 24.64638],
        [78.43877, 24.64783],
        [78.44097, 24.64988],
        [78.4418, 24.65583],
        [78.44131, 24.66078],
        [78.43812, 24.664],
        [78.43394, 24.66746],
        [78.43439, 24.66749],
        [78.43629, 24.66729],
        [78.43699, 24.66708],
        [78.43755, 24.66691],
        [78.43807, 24.66673],
        [78.43842, 24.66661],
        [78.43863, 24.66661],
        [78.43884, 24.6666],
        [78.43908, 24.66669],
        [78.43936, 24.66677],
        [78.43982, 24.66689],
        [78.44042, 24.667],
        [78.44192, 24.66736],
        [78.44259, 24.66756],
        [78.44301, 24.66773],
        [78.44336, 24.6679],
        [78.44372, 24.6681],
        [78.44417, 24.66836],
        [78.44453, 24.66867],
        [78.44484, 24.66896],
        [78.44509, 24.66927],
        [78.44566, 24.67002],
        [78.44595, 24.67054],
        [78.44616, 24.67112],
        [78.44624, 24.67144],
        [78.44624, 24.67187],
        [78.44625, 24.6723],
        [78.4462, 24.67326],
        [78.4461, 24.67355],
        [78.44596, 24.67372],
        [78.44572, 24.67396],
        [78.44548, 24.67413],
        [78.44506, 24.67442],
        [78.4441, 24.6751],
        [78.44341, 24.67571],
        [78.44283, 24.67621],
        [78.44142, 24.67789],
        [78.44094, 24.67841],
        [78.4406, 24.67879],
        [78.4404, 24.67914],
        [78.4403, 24.6796],
        [78.44028, 24.68],
        [78.44022, 24.68049],
        [78.44013, 24.68113],
        [78.44, 24.68174],
        [78.43987, 24.68229],
        [78.43981, 24.68263],
        [78.43969, 24.68321],
        [78.43956, 24.68391],
        [78.43941, 24.68466],
        [78.43921, 24.68506],
        [78.43901, 24.68558],
        [78.43888, 24.68596],
        [78.43874, 24.68713],
        [78.43838, 24.69171],
        [78.43842, 24.69286],
        [78.43857, 24.69413],
        [78.4388, 24.69491],
        [78.43934, 24.69565],
        [78.44006, 24.69631],
        [78.44056, 24.69665],
        [78.44095, 24.69694],
        [78.44127, 24.69711],
        [78.44173, 24.69733],
        [78.44219, 24.69745],
        [78.44296, 24.69762],
        [78.44363, 24.69773],
        [78.44415, 24.69784],
        [78.44475, 24.69801],
        [78.44538, 24.69823],
        [78.44584, 24.69849],
        [78.44826, 24.69969],
        [78.44946, 24.70014],
        [78.45042, 24.70077],
        [78.45152, 24.7016],
        [78.45263, 24.70245],
        [78.4549, 24.70455],
        [78.45416, 24.70489],
        [78.45257, 24.70616],
        [78.45128, 24.70721],
        [78.45064, 24.70791],
        [78.4503, 24.70836],
        [78.44996, 24.70896],
        [78.44968, 24.70941],
        [78.44934, 24.71011],
        [78.44908, 24.71106],
        [78.44905, 24.71195],
        [78.44906, 24.71354],
        [78.44917, 24.71435],
        [78.44936, 24.71511],
        [78.44994, 24.71662],
        [78.4506, 24.71837],
        [78.45091, 24.7192],
        [78.45122, 24.7201],
        [78.45142, 24.72096],
        [78.45163, 24.72214],
        [78.45177, 24.72332],
        [78.4518, 24.72412],
        [78.45204, 24.7264],
        [78.45196, 24.72797],
        [78.45187, 24.73],
        [78.45189, 24.73099],
        [78.45178, 24.73197],
        [78.45168, 24.73366],
        [78.45155, 24.73477],
        [78.45121, 24.73777],
        [78.45111, 24.73865],
        [78.4507, 24.74253],
        [78.45038, 24.74526],
        [78.45032, 24.74682],
        [78.4504, 24.74912],
        [78.45054, 24.75162],
        [78.45064, 24.75327],
        [78.45061, 24.75457],
        [78.45055, 24.75546],
        [78.45025, 24.75745],
        [78.45003, 24.75854],
        [78.44939, 24.76169],
        [78.44892, 24.76368],
        [78.44879, 24.7649],
        [78.44874, 24.76585],
        [78.4487, 24.76786],
        [78.44873, 24.76904],
        [78.44875, 24.77005],
        [78.44885, 24.77214],
        [78.44886, 24.77433],
        [78.44899, 24.7752],
        [78.44919, 24.77622],
        [78.44925, 24.77647],
        [78.44957, 24.77785],
        [78.45002, 24.77894],
        [78.45049, 24.77992],
        [78.45122, 24.78109],
        [78.45216, 24.78258],
        [78.45315, 24.78385],
        [78.45396, 24.78485],
        [78.4566, 24.78805],
        [78.45828, 24.78808],
        [78.45829, 24.78743],
        [78.45912, 24.78587],
        [78.45984, 24.78497],
        [78.46087, 24.78406],
        [78.46178, 24.78341],
        [78.46268, 24.78277],
        [78.46342, 24.78212],
        [78.46419, 24.78186],
        [78.46627, 24.77991],
        [78.46656, 24.77952],
        [78.46666, 24.77887],
        [78.46678, 24.77835],
        [78.46714, 24.77679],
        [78.46774, 24.77627],
        [78.46817, 24.77562],
        [78.4694, 24.7751],
        [78.47128, 24.77458],
        [78.47304, 24.77472],
        [78.47547, 24.77537],
        [78.47844, 24.77667],
        [78.48041, 24.77759],
        [78.48366, 24.77837],
        [78.48962, 24.77888],
        [78.49109, 24.779],
        [78.4972, 24.77978],
        [78.50191, 24.78108],
        [78.50448, 24.78134],
        [78.50528, 24.78134],
        [78.50576, 24.78134],
        [78.50605, 24.78095],
        [78.50618, 24.78056],
        [78.50628, 24.77978],
        [78.50622, 24.779],
        [78.50579, 24.77744],
        [78.50584, 24.77366],
        [78.5059, 24.77001],
        [78.50584, 24.76909],
        [78.50579, 24.76831],
        [78.50559, 24.76766],
        [78.50536, 24.76674],
        [78.50532, 24.76609],
        [78.50512, 24.76543],
        [78.50443, 24.76465],
        [78.50357, 24.76373],
        [78.50273, 24.76308],
        [78.50207, 24.76269],
        [78.50141, 24.76243],
        [78.49911, 24.76138],
        [78.49791, 24.76007],
        [78.49715, 24.75811],
        [78.49694, 24.75719],
        [78.4969, 24.75667],
        [78.4972, 24.75627],
        [78.49795, 24.75549],
        [78.49823, 24.75496],
        [78.49914, 24.75418],
        [78.50133, 24.75339],
        [78.50351, 24.75247],
        [78.50521, 24.75168],
        [78.50616, 24.75155],
        [78.5068, 24.75155],
        [78.50811, 24.75208],
        [78.50944, 24.75313],
        [78.51162, 24.75745],
        [78.5142, 24.76295],
        [78.51579, 24.76531],
        [78.51667, 24.76661],
        [78.51751, 24.76727],
        [78.52026, 24.76779],
        [78.52206, 24.76858],
        [78.52384, 24.76897],
        [78.52479, 24.76884],
        [78.52573, 24.76858],
        [78.52632, 24.76793],
        [78.5272, 24.76676],
        [78.52917, 24.76519],
        [78.53082, 24.76375],
        [78.53189, 24.76297],
        [78.53387, 24.76166],
        [78.53573, 24.76106],
        [78.53746, 24.76049],
        [78.54444, 24.75956],
        [78.54519, 24.75946],
        [78.5485, 24.75895],
        [78.55006, 24.75856],
        [78.55114, 24.75791],
        [78.55724, 24.75387],
        [78.55971, 24.75283],
        [78.56144, 24.75244],
        [78.56303, 24.75258],
        [78.56711, 24.75431],
        [78.56857, 24.75471],
        [78.57018, 24.75511],
        [78.57148, 24.75551],
        [78.5726, 24.75565],
        [78.57401, 24.7554],
        [78.57373, 24.75844],
        [78.57416, 24.761],
        [78.57448, 24.76219],
        [78.57517, 24.76477],
        [78.57652, 24.76783],
        [78.57766, 24.76977],
        [78.57889, 24.77292],
        [78.57989, 24.77445],
        [78.58103, 24.77628],
        [78.58219, 24.77831],
        [78.58335, 24.78033],
        [78.58415, 24.78188],
        [78.5844, 24.78236],
        [78.58488, 24.78357],
        [78.58558, 24.78588],
        [78.58611, 24.7876],
        [78.58621, 24.7901],
        [78.58624, 24.79171],
        [78.58627, 24.79341],
        [78.58639, 24.79466],
        [78.5864, 24.79481],
        [78.58657, 24.79661],
        [78.58701, 24.7986],
        [78.58718, 24.79901],
        [78.58783, 24.8006],
        [78.58858, 24.80189],
        [78.59044, 24.80543],
        [78.59185, 24.80702],
        [78.59311, 24.80768],
        [78.59357, 24.80792],
        [78.59498, 24.80822],
        [78.59601, 24.80842],
        [78.59764, 24.80843],
        [78.59838, 24.80823],
        [78.6002, 24.80754],
        [78.60382, 24.80716],
        [78.60564, 24.80741],
        [78.60675, 24.80757],
        [78.60846, 24.80795],
        [78.60946, 24.80818],
        [78.61513, 24.8093],
        [78.62062, 24.80992],
        [78.62227, 24.80994],
        [78.6229, 24.80994],
        [78.62464, 24.80966],
        [78.62635, 24.80908],
        [78.62754, 24.8083],
        [78.62828, 24.80811],
        [78.63119, 24.80813],
        [78.6345, 24.80827],
        [78.63671, 24.80878],
        [78.63933, 24.8096],
        [78.64117, 24.81022],
        [78.64358, 24.81015],
        [78.64795, 24.80915],
        [78.64982, 24.80879],
        [78.6515, 24.80901],
        [78.65283, 24.80953],
        [78.65379, 24.81013],
        [78.65441, 24.81075],
        [78.65509, 24.81143],
        [78.65624, 24.81253],
        [78.65754, 24.81383],
        [78.6584, 24.81463],
        [78.65968, 24.81573],
        [78.66079, 24.81653],
        [78.66152, 24.81705],
        [78.66191, 24.81734],
        [78.66277, 24.81804],
        [78.66388, 24.81874],
        [78.66469, 24.81915],
        [78.66553, 24.81966],
        [78.66608, 24.81996],
        [78.66675, 24.82027],
        [78.66755, 24.82048],
        [78.66982, 24.82121],
        [78.67245, 24.82166],
        [78.67553, 24.82165],
        [78.67808, 24.82152],
        [78.67896, 24.82136],
        [78.6801, 24.82129],
        [78.68062, 24.82131],
        [78.68154, 24.82143],
        [78.68219, 24.82155],
        [78.68303, 24.82206],
        [78.68353, 24.82285],
        [78.68378, 24.82373],
        [78.68388, 24.82441],
        [78.68426, 24.82529],
        [78.68463, 24.82608],
        [78.68541, 24.82697],
        [78.68573, 24.82741],
        [78.68621, 24.82805],
        [78.68673, 24.82894],
        [78.68752, 24.82992],
        [78.68804, 24.83081],
        [78.68842, 24.83159],
        [78.68851, 24.83217],
        [78.6886, 24.83274],
        [78.68801, 24.8332],
        [78.68698, 24.83327],
        [78.68596, 24.83342],
        [78.68479, 24.83435],
        [78.68437, 24.83501],
        [78.68416, 24.8372],
        [78.68429, 24.83877],
        [78.68433, 24.83921],
        [78.68468, 24.84238],
        [78.68473, 24.84285],
        [78.68602, 24.84552],
        [78.68831, 24.84771],
        [78.68994, 24.849],
        [78.69139, 24.85017],
        [78.69352, 24.8521],
        [78.69529, 24.85389],
        [78.70409, 24.86324],
        [78.70898, 24.8696],
        [78.71102, 24.87257],
        [78.71149, 24.87326],
        [78.71275, 24.87561],
        [78.71442, 24.87815],
        [78.71501, 24.8795],
        [78.71495, 24.87947],
        [78.71475, 24.87939],
        [78.71449, 24.87938],
        [78.71425, 24.87936],
        [78.7145, 24.8794],
        [78.7147, 24.8794],
        [78.7149, 24.8795],
        [78.715, 24.8795],
        [78.7168, 24.8802],
        [78.71707, 24.88029],
        [78.7171, 24.8803],
        [78.71711, 24.88031],
        [78.7188, 24.8813],
        [78.71903, 24.88136],
        [78.7192, 24.8814],
        [78.72, 24.8818],
        [78.7203, 24.8818],
        [78.7205, 24.88187],
        [78.72062, 24.88188],
        [78.72077, 24.8819],
        [78.721, 24.8819],
        [78.7212, 24.8818],
        [78.72149, 24.88174],
        [78.7217, 24.8817],
        [78.722, 24.8816],
        [78.7224, 24.8815],
        [78.72257, 24.88138],
        [78.7227, 24.8813],
        [78.72291, 24.88123],
        [78.723, 24.8812],
        [78.7244, 24.8805],
        [78.7248, 24.8803],
        [78.725, 24.8802],
        [78.7254, 24.8801],
        [78.7257, 24.88],
        [78.7261, 24.8799],
        [78.7265, 24.8798],
        [78.7268, 24.8797],
        [78.7272, 24.8796],
        [78.72753, 24.87949],
        [78.7278, 24.8794],
        [78.7282, 24.87932],
        [78.72828, 24.8793],
        [78.72838, 24.87925],
        [78.7286, 24.8791],
        [78.729, 24.8789],
        [78.7293, 24.8787],
        [78.7297, 24.8784],
        [78.72995, 24.87824],
        [78.73002, 24.87818],
        [78.73035, 24.87792],
        [78.7305, 24.8778],
        [78.7307, 24.8776],
        [78.731, 24.8774],
        [78.73124, 24.87722],
        [78.7318, 24.8768],
        [78.7335, 24.8754],
        [78.7345, 24.8747],
        [78.7352, 24.8741],
        [78.73532, 24.874],
        [78.7361, 24.8733],
        [78.7365, 24.873],
        [78.7367, 24.8728],
        [78.73758, 24.87209],
        [78.7382, 24.8716],
        [78.7387, 24.8713],
        [78.7402, 24.8703],
        [78.7409, 24.86984],
        [78.7411, 24.8697],
        [78.7414, 24.8695],
        [78.7423, 24.8689],
        [78.7426, 24.8687],
        [78.7429, 24.8685],
        [78.74299, 24.86847],
        [78.7432, 24.8684],
        [78.74339, 24.86821],
        [78.7434, 24.8682],
        [78.74346, 24.86816],
        [78.7437, 24.868],
        [78.744, 24.8677],
        [78.7442, 24.8675],
        [78.7445, 24.8672],
        [78.7447, 24.867],
        [78.74472, 24.86698],
        [78.7455, 24.8662],
        [78.74574, 24.86596],
        [78.7459, 24.8658],
        [78.7461, 24.8656],
        [78.7463, 24.8655],
        [78.74637, 24.86548],
        [78.7466, 24.8654],
        [78.7468, 24.8653],
        [78.74703, 24.86518],
        [78.7472, 24.8651],
        [78.7475, 24.8651],
        [78.74761, 24.86516],
        [78.7477, 24.8652],
        [78.748, 24.8652],
        [78.74817, 24.86527],
        [78.7485, 24.8654],
        [78.7486, 24.8655],
        [78.74895, 24.86574],
        [78.7496, 24.8662],
        [78.74975, 24.8662],
        [78.75, 24.8662],
        [78.75014, 24.8663],
        [78.75032, 24.86636],
        [78.75051, 24.86647],
        [78.7506, 24.8665],
        [78.7507, 24.8666],
        [78.7509, 24.86677],
        [78.75113, 24.86703],
        [78.7512, 24.8671],
        [78.752, 24.8681],
        [78.75207, 24.86824],
        [78.75213, 24.86831],
        [78.75233, 24.86848],
        [78.75246, 24.86855],
        [78.7526, 24.8686],
        [78.7528, 24.8687],
        [78.75287, 24.86872],
        [78.7531, 24.8688],
        [78.7533, 24.8688],
        [78.7536, 24.8688],
        [78.7538, 24.8687],
        [78.7541, 24.8686],
        [78.7551, 24.868],
        [78.7553, 24.8679],
        [78.75547, 24.86773],
        [78.7555, 24.8677],
        [78.7556, 24.8676],
        [78.7557, 24.8674],
        [78.7558, 24.8671],
        [78.7559, 24.8669],
        [78.756, 24.8667],
        [78.75606, 24.86648],
        [78.7561, 24.8663],
        [78.7562, 24.8661],
        [78.7563, 24.866],
        [78.75634, 24.86596],
        [78.7565, 24.8658],
        [78.7566, 24.8656],
        [78.75686, 24.86529],
        [78.7572, 24.8649],
        [78.7582, 24.8638],
        [78.75851, 24.86357],
        [78.75862, 24.86346],
        [78.75874, 24.86336],
        [78.759, 24.8631],
        [78.75989, 24.86278],
        [78.76012, 24.86269],
        [78.7611, 24.8621],
        [78.76117, 24.86207],
        [78.7613, 24.862],
        [78.7614, 24.8618],
        [78.7614, 24.86168],
        [78.7614, 24.8615],
        [78.76146, 24.86138],
        [78.7615, 24.8613],
        [78.7615, 24.8609],
        [78.7615, 24.86077],
        [78.7615, 24.8607],
        [78.76153, 24.86064],
        [78.7616, 24.8605],
        [78.7617, 24.8603],
        [78.76178, 24.86013],
        [78.7618, 24.8601],
        [78.76182, 24.86008],
        [78.762, 24.8599],
        [78.7622, 24.8598],
        [78.76232, 24.85968],
        [78.7624, 24.8596],
        [78.76249, 24.8596],
        [78.76259, 24.85956],
        [78.76276, 24.85944],
        [78.7628, 24.8594],
        [78.7629, 24.8593],
        [78.7632, 24.8592],
        [78.76326, 24.8592],
        [78.76335, 24.85917],
        [78.76344, 24.85915],
        [78.7636, 24.8591],
        [78.7638, 24.8591],
        [78.764, 24.8591],
        [78.7642, 24.8591],
        [78.76431, 24.85915],
        [78.76442, 24.85918],
        [78.76458, 24.85926],
        [78.7647, 24.8593],
        [78.7649, 24.8594],
        [78.7653, 24.8596],
        [78.7657, 24.8597],
        [78.76583, 24.8597],
        [78.766, 24.8597],
        [78.76623, 24.85978],
        [78.76632, 24.85979],
        [78.7664, 24.8598],
        [78.7667, 24.8598],
        [78.76682, 24.85984],
        [78.767, 24.8599],
        [78.7673, 24.8599],
        [78.7677, 24.8599],
        [78.76786, 24.85986],
        [78.7681, 24.8598],
        [78.76833, 24.8598],
        [78.7685, 24.8598],
        [78.7689, 24.8597],
        [78.7693, 24.8595],
        [78.7696, 24.8593],
        [78.7699, 24.8591],
        [78.7702, 24.8588],
        [78.7705, 24.8585],
        [78.7715, 24.8565],
        [78.7718, 24.8559],
        [78.7722, 24.8549],
        [78.77228, 24.85471],
        [78.77236, 24.85444],
        [78.77248, 24.85408],
        [78.7725, 24.854],
        [78.77253, 24.85394],
        [78.7727, 24.8536],
        [78.77276, 24.85336],
        [78.7728, 24.8532],
        [78.773, 24.8528],
        [78.7732, 24.8524],
        [78.7734, 24.852],
        [78.77356, 24.85179],
        [78.7737, 24.8516],
        [78.7739, 24.8513],
        [78.77397, 24.85116],
        [78.774, 24.8511],
        [78.77407, 24.85103],
        [78.77415, 24.85089],
        [78.7742, 24.8508],
        [78.7743, 24.8506],
        [78.7744, 24.8503],
        [78.7745, 24.85],
        [78.77452, 24.84996],
        [78.7746, 24.8498],
        [78.7746, 24.8495],
        [78.7746, 24.8492],
        [78.77455, 24.84904],
        [78.7745, 24.8489],
        [78.77454, 24.84872],
        [78.7746, 24.8485],
        [78.7746, 24.8481],
        [78.7746, 24.8477],
        [78.77451, 24.84726],
        [78.7745, 24.8472],
        [78.7745, 24.84717],
        [78.7745, 24.8468],
        [78.7744, 24.8464],
        [78.77432, 24.84624],
        [78.7742, 24.846],
        [78.7741, 24.8456],
        [78.77407, 24.84547],
        [78.774, 24.8452],
        [78.774, 24.8449],
        [78.77392, 24.84467],
        [78.7739, 24.8446],
        [78.7739, 24.84452],
        [78.77387, 24.84435],
        [78.77385, 24.84424],
        [78.7738, 24.8441],
        [78.7738, 24.84405],
        [78.77376, 24.84393],
        [78.77374, 24.84379],
        [78.7737, 24.8437],
        [78.7737, 24.84349],
        [78.77369, 24.84342],
        [78.77368, 24.84336],
        [78.7736, 24.8432],
        [78.7736, 24.8429],
        [78.7736, 24.8428],
        [78.7736, 24.8427],
        [78.7736, 24.8424],
        [78.7735, 24.8419],
        [78.7735, 24.8416],
        [78.7735, 24.8414],
        [78.7735, 24.8411],
        [78.7735, 24.8409],
        [78.7735, 24.84061],
        [78.7735, 24.8406],
        [78.7735, 24.8404],
        [78.7735, 24.8401],
        [78.77356, 24.83992],
        [78.77357, 24.83983],
        [78.7736, 24.83964],
        [78.7736, 24.8396],
        [78.77361, 24.83957],
        [78.7737, 24.8393],
        [78.7737, 24.83907],
        [78.7737, 24.8388],
        [78.7738, 24.8386],
        [78.77382, 24.83856],
        [78.7739, 24.8384],
        [78.774, 24.8381],
        [78.7741, 24.8379],
        [78.7742, 24.8377],
        [78.7743, 24.8375],
        [78.77434, 24.83738],
        [78.7744, 24.8372],
        [78.7745, 24.8371],
        [78.7746, 24.837],
        [78.7747, 24.8367],
        [78.7747, 24.83661],
        [78.7747, 24.8366],
        [78.77471, 24.83654],
        [78.7748, 24.8362],
        [78.7748, 24.836],
        [78.7748, 24.83593],
        [78.7748, 24.8358],
        [78.7748, 24.8355],
        [78.77486, 24.83538],
        [78.77487, 24.83529],
        [78.7749, 24.83505],
        [78.7749, 24.835],
        [78.7749, 24.8348],
        [78.77499, 24.83437],
        [78.77499, 24.83434],
        [78.775, 24.83423],
        [78.775, 24.834],
        [78.77503, 24.83391],
        [78.7751, 24.8337],
        [78.7751, 24.83339],
        [78.7751, 24.8333],
        [78.77513, 24.83321],
        [78.77517, 24.83299],
        [78.7752, 24.83284],
        [78.7752, 24.8327],
        [78.7753, 24.8323],
        [78.7754, 24.832],
        [78.7755, 24.8317],
        [78.7756, 24.8313],
        [78.7764, 24.8295],
        [78.7768, 24.8289],
        [78.77696, 24.82858],
        [78.7771, 24.8283],
        [78.7774, 24.8277],
        [78.7777, 24.8271],
        [78.778, 24.8265],
        [78.77815, 24.82615],
        [78.77828, 24.82583],
        [78.77838, 24.82555],
        [78.7785, 24.8252],
        [78.7787, 24.8245],
        [78.7789, 24.8239],
        [78.77897, 24.82377],
        [78.779, 24.82367],
        [78.77907, 24.82347],
        [78.7791, 24.8234],
        [78.7791, 24.8233],
        [78.7792, 24.8231],
        [78.7793, 24.8229],
        [78.77936, 24.82278],
        [78.7794, 24.82268],
        [78.77949, 24.82249],
        [78.77959, 24.82229],
        [78.77968, 24.82211],
        [78.77974, 24.82197],
        [78.7799, 24.8215],
        [78.78018, 24.82103],
        [78.78021, 24.82097],
        [78.78031, 24.82079],
        [78.7805, 24.8204],
        [78.78077, 24.81996],
        [78.78081, 24.81988],
        [78.78086, 24.81979],
        [78.7811, 24.8194],
        [78.7815, 24.8188],
        [78.78166, 24.8186],
        [78.78186, 24.81833],
        [78.78196, 24.8182],
        [78.7822, 24.8178],
        [78.7826, 24.8174],
        [78.78267, 24.81729],
        [78.78277, 24.81709],
        [78.78285, 24.81694],
        [78.7829, 24.8168],
        [78.78297, 24.81673],
        [78.78307, 24.81656],
        [78.78316, 24.81642],
        [78.7832, 24.8163],
        [78.78332, 24.81618],
        [78.7834, 24.8161],
        [78.7836, 24.8158],
        [78.7838, 24.8156],
        [78.784, 24.8154],
        [78.7842, 24.8152],
        [78.78446, 24.81494],
        [78.7845, 24.8149],
        [78.78462, 24.81482],
        [78.78482, 24.81467],
        [78.78515, 24.81445],
        [78.78526, 24.81438],
        [78.7855, 24.8142],
        [78.7858, 24.814],
        [78.78602, 24.81395],
        [78.7862, 24.8139],
        [78.78648, 24.81371],
        [78.7865, 24.8137],
        [78.7869, 24.8135],
        [78.7871, 24.81345],
        [78.78726, 24.81339],
        [78.7875, 24.81327],
        [78.7876, 24.8132],
        [78.7879, 24.813],
        [78.7882, 24.8128],
        [78.78825, 24.81276],
        [78.78848, 24.81257],
        [78.78859, 24.81246],
        [78.7887, 24.8123],
        [78.789, 24.812],
        [78.7892, 24.8117],
        [78.7894, 24.8114],
        [78.78957, 24.81114],
        [78.78959, 24.81111],
        [78.7897, 24.81079],
        [78.78979, 24.81047],
        [78.7898, 24.81041],
        [78.7898, 24.8101],
        [78.78989, 24.80984],
        [78.78989, 24.80981],
        [78.7899, 24.80964],
        [78.7899, 24.8095],
        [78.7899, 24.80914],
        [78.78987, 24.80881],
        [78.78983, 24.80859],
        [78.7898, 24.8085],
        [78.7897, 24.8082],
        [78.7896, 24.8078],
        [78.78954, 24.80756],
        [78.78948, 24.80738],
        [78.78934, 24.807],
        [78.7892, 24.80662],
        [78.78918, 24.80656],
        [78.789, 24.8063],
        [78.78892, 24.80596],
        [78.78888, 24.80588],
        [78.7887, 24.80551],
        [78.78866, 24.80543],
        [78.7883, 24.8048],
        [78.7882, 24.8043],
        [78.7881, 24.8039],
        [78.78804, 24.80368],
        [78.78798, 24.80346],
        [78.78781, 24.80303],
        [78.78777, 24.80295],
        [78.7876, 24.8026],
        [78.7874, 24.8022],
        [78.78723, 24.80187],
        [78.7872, 24.80181],
        [78.78716, 24.80174],
        [78.7869, 24.8014],
        [78.78678, 24.80117],
        [78.7867, 24.801],
        [78.7863, 24.8007],
        [78.78605, 24.80057],
        [78.7859, 24.8005],
        [78.7858, 24.80042],
        [78.7855, 24.8002],
        [78.785, 24.8],
        [78.78476, 24.79994],
        [78.7846, 24.7999],
        [78.78438, 24.79981],
        [78.7841, 24.7997],
        [78.7836, 24.7996],
        [78.78342, 24.7996],
        [78.7832, 24.7996],
        [78.78293, 24.79955],
        [78.7827, 24.7995],
        [78.7821, 24.7994],
        [78.7816, 24.7993],
        [78.7813, 24.79924],
        [78.7811, 24.7992],
        [78.78072, 24.79905],
        [78.7806, 24.799],
        [78.7802, 24.7988],
        [78.77995, 24.7987],
        [78.7797, 24.7986],
        [78.7792, 24.7983],
        [78.7788, 24.798],
        [78.7784, 24.7977],
        [78.778, 24.7974],
        [78.7777, 24.7971],
        [78.7773, 24.7968],
        [78.7769, 24.7965],
        [78.7766, 24.7963],
        [78.77641, 24.79616],
        [78.7758, 24.7957],
        [78.77548, 24.79554],
        [78.7754, 24.7955],
        [78.77533, 24.79544],
        [78.77501, 24.79525],
        [78.77488, 24.79514],
        [78.7748, 24.7951],
        [78.7746, 24.7949],
        [78.7744, 24.7947],
        [78.77433, 24.79457],
        [78.77428, 24.7945],
        [78.77423, 24.79443],
        [78.7741, 24.7943],
        [78.774, 24.7941],
        [78.7738, 24.7938],
        [78.7737, 24.7936],
        [78.7736, 24.7934],
        [78.7736, 24.79314],
        [78.7736, 24.7931],
        [78.7736, 24.7929],
        [78.7735, 24.7927],
        [78.77347, 24.79267],
        [78.7734, 24.7926],
        [78.7734, 24.79248],
        [78.77335, 24.79237],
        [78.77332, 24.79232],
        [78.7732, 24.7922],
        [78.7732, 24.7921],
        [78.77315, 24.79201],
        [78.77311, 24.79195],
        [78.773, 24.7919],
        [78.7729, 24.7917],
        [78.7726, 24.7915],
        [78.7722, 24.7912],
        [78.7719, 24.791],
        [78.77175, 24.79078],
        [78.7717, 24.7907],
        [78.7714, 24.7904],
        [78.77124, 24.79024],
        [78.7711, 24.7901],
        [78.77096, 24.78989],
        [78.77087, 24.78977],
        [78.77077, 24.78963],
        [78.7706, 24.7894],
        [78.7704, 24.7891],
        [78.7703, 24.7888],
        [78.7702, 24.7885],
        [78.7702, 24.78811],
        [78.7702, 24.7881],
        [78.7702, 24.7878],
        [78.7702, 24.78778],
        [78.7702, 24.7874],
        [78.7703, 24.7871],
        [78.77038, 24.78698],
        [78.7705, 24.7868],
        [78.77058, 24.78655],
        [78.7706, 24.7865],
        [78.7708, 24.7862],
        [78.771, 24.786],
        [78.7712, 24.7858],
        [78.77122, 24.78579],
        [78.7714, 24.7857],
        [78.77147, 24.78549],
        [78.7715, 24.7854],
        [78.7717, 24.7852],
        [78.7718, 24.785],
        [78.77197, 24.78483],
        [78.77199, 24.7848],
        [78.77205, 24.78471],
        [78.7721, 24.7846],
        [78.77221, 24.78444],
        [78.77226, 24.78435],
        [78.77234, 24.78418],
        [78.7724, 24.784],
        [78.7725, 24.7837],
        [78.77256, 24.78353],
        [78.7726, 24.78337],
        [78.7726, 24.783],
        [78.77266, 24.78281],
        [78.7727, 24.7827],
        [78.7727, 24.7823],
        [78.77265, 24.78214],
        [78.7726, 24.782],
        [78.7726, 24.78184],
        [78.7726, 24.7817],
        [78.7725, 24.7813],
        [78.7723, 24.781],
        [78.7721, 24.7807],
        [78.7719, 24.7804],
        [78.7717, 24.7801],
        [78.7715, 24.7798],
        [78.77142, 24.77956],
        [78.77137, 24.77947],
        [78.77132, 24.77939],
        [78.7712, 24.7792],
        [78.771, 24.7788],
        [78.77098, 24.77875],
        [78.7709, 24.7785],
        [78.7703, 24.7748],
        [78.77025, 24.77456],
        [78.7702, 24.7743],
        [78.7702, 24.7739],
        [78.7702, 24.7734],
        [78.77026, 24.77316],
        [78.7703, 24.773],
        [78.7704, 24.7725],
        [78.7705, 24.7721],
        [78.7706, 24.7717],
        [78.77065, 24.77152],
        [78.7707, 24.7713],
        [78.7709, 24.7709],
        [78.77102, 24.77066],
        [78.7711, 24.7705],
        [78.7712, 24.7702],
        [78.7713, 24.7699],
        [78.7713, 24.76969],
        [78.7713, 24.7696],
        [78.77133, 24.76947],
        [78.7714, 24.7692],
        [78.7714, 24.7689],
        [78.7714, 24.7686],
        [78.77137, 24.76849],
        [78.7713, 24.7682],
        [78.7713, 24.76797],
        [78.77129, 24.76791],
        [78.77119, 24.76737],
        [78.7711, 24.76684],
        [78.771, 24.7663],
        [78.7709, 24.7658],
        [78.7708, 24.7652],
        [78.7708, 24.76486],
        [78.77078, 24.76468],
        [78.77073, 24.76426],
        [78.7707, 24.7641],
        [78.7707, 24.76404],
        [78.7707, 24.7636],
        [78.77061, 24.76307],
        [78.7706, 24.763],
        [78.7702, 24.7598],
        [78.77012, 24.75948],
        [78.7701, 24.7594],
        [78.77, 24.7589],
        [78.77, 24.7584],
        [78.7701, 24.758],
        [78.77018, 24.75758],
        [78.7702, 24.7575],
        [78.7704, 24.7571],
        [78.77058, 24.75686],
        [78.77067, 24.75673],
        [78.7707, 24.7567],
        [78.771, 24.7564],
        [78.7714, 24.7561],
        [78.7723, 24.7556],
        [78.7742, 24.7544],
        [78.77443, 24.75422],
        [78.776, 24.753],
        [78.7762, 24.7527],
        [78.7762, 24.7527],
        [78.7763, 24.7525],
        [78.77639, 24.75232],
        [78.7764, 24.75228],
        [78.7764, 24.7521],
        [78.77645, 24.75205],
        [78.7765, 24.752],
        [78.7765, 24.7518],
        [78.77645, 24.75171],
        [78.7764, 24.7516],
        [78.7764, 24.7514],
        [78.77636, 24.75129],
        [78.776, 24.7504],
        [78.77587, 24.75027],
        [78.7758, 24.7502],
        [78.77519, 24.74959],
        [78.7748, 24.7492],
        [78.7747, 24.749],
        [78.77463, 24.74893],
        [78.7745, 24.7488],
        [78.77442, 24.74855],
        [78.77439, 24.7485],
        [78.77434, 24.74838],
        [78.7742, 24.7481],
        [78.7732, 24.7457],
        [78.7731, 24.7455],
        [78.77273, 24.74471],
        [78.7725, 24.7442],
        [78.7724, 24.744],
        [78.7723, 24.7438],
        [78.7722, 24.7435],
        [78.7722, 24.74337],
        [78.77217, 24.74312],
        [78.7721, 24.7428],
        [78.772, 24.7426],
        [78.77207, 24.74225],
        [78.77208, 24.74214],
        [78.7721, 24.74192],
        [78.7721, 24.7418],
        [78.77215, 24.74165],
        [78.7722, 24.7415],
        [78.7723, 24.7411],
        [78.7725, 24.7409],
        [78.77258, 24.74059],
        [78.7726, 24.7405],
        [78.7728, 24.7399],
        [78.77283, 24.7398],
        [78.7729, 24.7395],
        [78.7729, 24.7392],
        [78.7729, 24.73905],
        [78.7729, 24.7388],
        [78.77294, 24.73866],
        [78.773, 24.7384],
        [78.773, 24.7381],
        [78.773, 24.7376],
        [78.773, 24.7373],
        [78.773, 24.73727],
        [78.773, 24.737],
        [78.773, 24.7367],
        [78.77304, 24.73658],
        [78.7731, 24.7364],
        [78.7731, 24.7361],
        [78.7731, 24.73581],
        [78.7731, 24.7358],
        [78.7731, 24.7355],
        [78.77318, 24.73525],
        [78.77319, 24.73522],
        [78.77326, 24.73494],
        [78.7733, 24.73476],
        [78.7733, 24.7347],
        [78.77333, 24.7346],
        [78.7734, 24.7344],
        [78.7734, 24.7341],
        [78.7734, 24.7336],
        [78.7734, 24.7334],
        [78.7734, 24.73338],
        [78.7734, 24.7332],
        [78.7734, 24.73317],
        [78.7734, 24.7329],
        [78.7732, 24.7318],
        [78.77314, 24.73161],
        [78.7731, 24.7315],
        [78.77314, 24.73133],
        [78.7732, 24.7311],
        [78.7732, 24.7308],
        [78.7732, 24.7307],
        [78.7732, 24.7304],
        [78.77328, 24.73017],
        [78.77329, 24.73008],
        [78.7733, 24.73002],
        [78.7733, 24.7297],
        [78.7734, 24.7295],
        [78.77345, 24.72938],
        [78.77358, 24.72896],
        [78.7736, 24.72881],
        [78.7736, 24.7286],
        [78.7737, 24.7282],
        [78.7738, 24.7274],
        [78.77383, 24.72731],
        [78.7739, 24.7271],
        [78.7739, 24.72682],
        [78.7739, 24.7267],
        [78.7739, 24.7264],
        [78.7739, 24.72638],
        [78.7739, 24.7261],
        [78.7739, 24.7258],
        [78.7739, 24.7254],
        [78.7749, 24.7233],
        [78.7751, 24.7228],
        [78.7754, 24.7221],
        [78.77545, 24.72199],
        [78.7756, 24.7217],
        [78.7758, 24.7213],
        [78.776, 24.7209],
        [78.7761, 24.7205],
        [78.7763, 24.7197],
        [78.7764, 24.7192],
        [78.7765, 24.7189],
        [78.7766, 24.7184],
        [78.7767, 24.718],
        [78.77674, 24.71783],
        [78.7768, 24.7176],
        [78.7768, 24.7171],
        [78.7768, 24.7167],
        [78.77675, 24.71651],
        [78.7767, 24.7163],
        [78.7767, 24.7158],
        [78.7767, 24.7154],
        [78.77669, 24.71516],
        [78.77668, 24.71491],
        [78.77667, 24.71484],
        [78.7766, 24.7147],
        [78.7766, 24.7144],
        [78.7766, 24.7142],
        [78.7766, 24.7138],
        [78.77664, 24.71369],
        [78.7767, 24.7135],
        [78.77677, 24.71329],
        [78.7768, 24.7132],
        [78.7769, 24.713],
        [78.7771, 24.7128],
        [78.77719, 24.71276],
        [78.77727, 24.71268],
        [78.77735, 24.7126],
        [78.7774, 24.7125],
        [78.77771, 24.71225],
        [78.7779, 24.7121],
        [78.78, 24.7101],
        [78.78015, 24.70995],
        [78.7803, 24.7098],
        [78.7806, 24.7095],
        [78.7808, 24.7093],
        [78.78092, 24.7091],
        [78.7811, 24.7088],
        [78.7811, 24.7085],
        [78.7811, 24.7081],
        [78.7811, 24.7077],
        [78.7811, 24.7072],
        [78.78106, 24.70707],
        [78.781, 24.7069],
        [78.781, 24.7067],
        [78.78098, 24.70659],
        [78.78096, 24.70648],
        [78.7809, 24.7063],
        [78.7809, 24.7062],
        [78.7809, 24.7061],
        [78.7808, 24.7059],
        [78.7807, 24.7057],
        [78.78056, 24.70546],
        [78.7803, 24.705],
        [78.77956, 24.70361],
        [78.77948, 24.70347],
        [78.7793, 24.7032],
        [78.7792, 24.703],
        [78.77916, 24.70291],
        [78.77909, 24.7028],
        [78.77892, 24.70244],
        [78.7789, 24.7024],
        [78.7788, 24.7022],
        [78.77878, 24.70214],
        [78.7787, 24.7019],
        [78.7786, 24.7016],
        [78.77846, 24.70146],
        [78.7784, 24.7014],
        [78.77833, 24.70119],
        [78.7783, 24.70113],
        [78.77829, 24.70107],
        [78.7782, 24.7008],
        [78.77815, 24.70056],
        [78.7781, 24.7003],
        [78.778, 24.7],
        [78.77787, 24.69973],
        [78.7778, 24.6996],
        [78.77777, 24.69951],
        [78.7777, 24.6993],
        [78.7774, 24.699],
        [78.77725, 24.6989],
        [78.7771, 24.6988],
        [78.7768, 24.6986],
        [78.77655, 24.69835],
        [78.77647, 24.69829],
        [78.7762, 24.6982],
        [78.7758, 24.6981],
        [78.7755, 24.698],
        [78.77541, 24.698],
        [78.7753, 24.698],
        [78.77513, 24.69788],
        [78.775, 24.6978],
        [78.7748, 24.6977],
        [78.77453, 24.69761],
        [78.7745, 24.6976],
        [78.774, 24.6973],
        [78.7738, 24.6971],
        [78.77375, 24.697],
        [78.7737, 24.6969],
        [78.77327, 24.69624],
        [78.7726, 24.6952],
        [78.7721, 24.6943],
        [78.772, 24.6941],
        [78.7719, 24.694],
        [78.7718, 24.6938],
        [78.7718, 24.69373],
        [78.77177, 24.69357],
        [78.77176, 24.69352],
        [78.7717, 24.6934],
        [78.7717, 24.69321],
        [78.7717, 24.69319],
        [78.7716, 24.693],
        [78.7716, 24.69271],
        [78.77156, 24.69253],
        [78.77147, 24.69237],
        [78.7714, 24.6923],
        [78.7713, 24.6921],
        [78.7712, 24.6919],
        [78.77102, 24.69163],
        [78.771, 24.6916],
        [78.771, 24.69159],
        [78.77088, 24.69141],
        [78.77081, 24.69137],
        [78.7706, 24.6913],
        [78.77025, 24.69116],
        [78.7701, 24.6911],
        [78.7698, 24.691],
        [78.76889, 24.69095],
        [78.768, 24.6909],
        [78.7672, 24.6908],
        [78.7645, 24.6907],
        [78.7639, 24.6907],
        [78.76386, 24.69068],
        [78.76385, 24.69068],
        [78.76383, 24.69066],
        [78.7635, 24.6905],
        [78.7634, 24.69],
        [78.7635, 24.6898],
        [78.76358, 24.68972],
        [78.7636, 24.6897],
        [78.7638, 24.6894],
        [78.76375, 24.68925],
        [78.7637, 24.6891],
        [78.76361, 24.68814],
        [78.76359, 24.68796],
        [78.76356, 24.68777],
        [78.76355, 24.68771],
        [78.7635, 24.6876],
        [78.7635, 24.6874],
        [78.7635, 24.68736],
        [78.7635, 24.6872],
        [78.7635, 24.6869],
        [78.76354, 24.68679],
        [78.76355, 24.68656],
        [78.7636, 24.68644],
        [78.7636, 24.6863],
        [78.7637, 24.6861],
        [78.76395, 24.68559],
        [78.7642, 24.6851],
        [78.76429, 24.68475],
        [78.7643, 24.6847],
        [78.76432, 24.68466],
        [78.7645, 24.6843],
        [78.7645, 24.68416],
        [78.7645, 24.684],
        [78.7647, 24.6835],
        [78.7648, 24.6833],
        [78.7648, 24.6832],
        [78.7649, 24.6824],
        [78.76496, 24.68208],
        [78.76498, 24.68195],
        [78.765, 24.68179],
        [78.765, 24.6816],
        [78.765, 24.6814],
        [78.765, 24.6805],
        [78.765, 24.6799],
        [78.7648, 24.6794],
        [78.7648, 24.6792],
        [78.7648, 24.67895],
        [78.7648, 24.6788],
        [78.7647, 24.6782],
        [78.7646, 24.6777],
        [78.76449, 24.67747],
        [78.7643, 24.6771],
        [78.7641, 24.6765],
        [78.7638, 24.6758],
        [78.76361, 24.67542],
        [78.7636, 24.6754],
        [78.76356, 24.67531],
        [78.76327, 24.67466],
        [78.7626, 24.6736],
        [78.7624, 24.6733],
        [78.7623, 24.673],
        [78.7622, 24.6728],
        [78.76214, 24.67262],
        [78.76206, 24.67245],
        [78.76201, 24.67232],
        [78.7619, 24.6721],
        [78.76111, 24.67032],
        [78.7611, 24.6703],
        [78.7608, 24.67],
        [78.7605, 24.6697],
        [78.76031, 24.66964],
        [78.7602, 24.6696],
        [78.7598, 24.6694],
        [78.7595, 24.6692],
        [78.75948, 24.66919],
        [78.75916, 24.66902],
        [78.75902, 24.669],
        [78.7587, 24.669],
        [78.75843, 24.66891],
        [78.7584, 24.6689],
        [78.7579, 24.6688],
        [78.7566, 24.669],
        [78.7557, 24.6691],
        [78.7555, 24.6691],
        [78.75537, 24.6691],
        [78.7551, 24.6691],
        [78.7549, 24.6691],
        [78.7544, 24.6689],
        [78.75423, 24.66879],
        [78.7541, 24.6687],
        [78.7538, 24.6684],
        [78.7535, 24.6682],
        [78.7523, 24.6672],
        [78.75181, 24.66685],
        [78.7516, 24.6667],
        [78.75135, 24.66651],
        [78.7512, 24.66641],
        [78.75118, 24.66639],
        [78.751, 24.6663],
        [78.7508, 24.6661],
        [78.7508, 24.66581],
        [78.75079, 24.66572],
        [78.75077, 24.66552],
        [78.75075, 24.66541],
        [78.7507, 24.6653],
        [78.7507, 24.6651],
        [78.7507, 24.66492],
        [78.7507, 24.6649],
        [78.7507, 24.6647],
        [78.7507, 24.6645],
        [78.7505, 24.6642],
        [78.75027, 24.66408],
        [78.7501, 24.664],
        [78.7499, 24.6639],
        [78.7499, 24.6639],
        [78.7498, 24.6638],
        [78.74947, 24.66372],
        [78.7494, 24.6637],
        [78.74928, 24.66368],
        [78.74863, 24.66362],
        [78.74861, 24.6636],
        [78.7486, 24.6636],
        [78.74824, 24.66315],
        [78.7482, 24.6631],
        [78.74673, 24.66261],
        [78.7467, 24.6626],
        [78.7466, 24.662],
        [78.74672, 24.66169],
        [78.7468, 24.6615],
        [78.7471, 24.6609],
        [78.7472, 24.6604],
        [78.7472, 24.66037],
        [78.7472, 24.6596],
        [78.747, 24.6587],
        [78.747, 24.6583],
        [78.74698, 24.65791],
        [78.74708, 24.65763],
        [78.7472, 24.6572],
        [78.74728, 24.65696],
        [78.7474, 24.6566],
        [78.7472, 24.6558],
        [78.7466, 24.6551],
        [78.7462, 24.6547],
        [78.74618, 24.65469],
        [78.74612, 24.65467],
        [78.7453, 24.6544],
        [78.74437, 24.65431],
        [78.7443, 24.6543],
        [78.74405, 24.65413],
        [78.74398, 24.65409],
        [78.74397, 24.65387],
        [78.7439, 24.6534],
        [78.74397, 24.65299],
        [78.74398, 24.65282],
        [78.744, 24.65282],
        [78.744, 24.6528],
        [78.7447, 24.6528],
        [78.74506, 24.6528],
        [78.7455, 24.6528],
        [78.7458, 24.6528],
        [78.74581, 24.65278],
        [78.74583, 24.65272],
        [78.74587, 24.65259],
        [78.74588, 24.65252],
        [78.74577, 24.65237],
        [78.7455, 24.6521],
        [78.74544, 24.65172],
        [78.74537, 24.6515],
        [78.74578, 24.65127],
        [78.7464, 24.6509],
        [78.7472, 24.6504],
        [78.7476, 24.6503],
        [78.74759, 24.65032],
        [78.74762, 24.65031],
        [78.74753, 24.65047],
        [78.7474, 24.6508],
        [78.7472, 24.6515],
        [78.74734, 24.65164],
        [78.7474, 24.6517],
        [78.7481, 24.6512],
        [78.74843, 24.651],
        [78.74855, 24.65093],
        [78.74857, 24.65092],
        [78.7486, 24.65075],
        [78.7486, 24.6506],
        [78.7486, 24.6503],
        [78.74862, 24.65024],
        [78.74866, 24.65002],
        [78.7487, 24.6499],
        [78.7487, 24.6498],
        [78.7488, 24.6495],
        [78.74895, 24.64935],
        [78.74907, 24.64919],
        [78.7491, 24.6491],
        [78.7491, 24.649],
        [78.7491, 24.6486],
        [78.74914, 24.64844],
        [78.74916, 24.6482],
        [78.74925, 24.64815],
        [78.7494, 24.648],
        [78.74964, 24.64814],
        [78.74991, 24.64827],
        [78.75011, 24.64837],
        [78.7502, 24.6484],
        [78.7504, 24.6483],
        [78.75044, 24.64817],
        [78.7505, 24.648],
        [78.7497, 24.6476],
        [78.7495, 24.6474],
        [78.74944, 24.64734],
        [78.7494, 24.6473],
        [78.7493, 24.647],
        [78.74937, 24.64665],
        [78.74939, 24.64652],
        [78.7494, 24.64652],
        [78.7494, 24.6465],
        [78.7496, 24.6464],
        [78.7498, 24.6463],
        [78.74995, 24.6463],
        [78.7501, 24.6463],
        [78.7502, 24.6461],
        [78.7502, 24.6459],
        [78.7501, 24.6455],
        [78.75, 24.6452],
        [78.74991, 24.64511],
        [78.7498, 24.645],
        [78.74985, 24.6449],
        [78.74986, 24.64478],
        [78.7499, 24.64469],
        [78.7499, 24.6446],
        [78.7501, 24.6444],
        [78.75022, 24.64434],
        [78.75027, 24.6443],
        [78.75036, 24.64411],
        [78.7504, 24.64398],
        [78.7504, 24.6439],
        [78.7505, 24.6437],
        [78.75058, 24.64353],
        [78.75059, 24.64353],
        [78.7506, 24.6435],
        [78.7508, 24.6434],
        [78.7508, 24.6434],
        [78.751, 24.6433],
        [78.7511, 24.6431],
        [78.75115, 24.64305],
        [78.7513, 24.6429],
        [78.75152, 24.64283],
        [78.75155, 24.64281],
        [78.75164, 24.64272],
        [78.7517, 24.6426],
        [78.7518, 24.6425],
        [78.75187, 24.64237],
        [78.75185, 24.64222],
        [78.7518, 24.642],
        [78.7515, 24.6418],
        [78.7513, 24.6418],
        [78.75101, 24.6418],
        [78.75096, 24.64181],
        [78.7507, 24.6419],
        [78.7504, 24.642],
        [78.7501, 24.6419],
        [78.75006, 24.64181],
        [78.75, 24.64173],
        [78.74998, 24.64165],
        [78.7499, 24.6415],
        [78.75008, 24.64144],
        [78.7502, 24.6414],
        [78.7507, 24.6411],
        [78.7511, 24.6408],
        [78.75112, 24.64075],
        [78.7512, 24.6406],
        [78.7512, 24.6404],
        [78.75116, 24.64032],
        [78.7511, 24.6402],
        [78.7507, 24.64],
        [78.75068, 24.63999],
        [78.7505, 24.63991],
        [78.75039, 24.63965],
        [78.75039, 24.63946],
        [78.7504, 24.63943],
        [78.7504, 24.6393],
        [78.75059, 24.63901],
        [78.7506, 24.63885],
        [78.75057, 24.63842],
        [78.75055, 24.6383],
        [78.7505, 24.6382],
        [78.75054, 24.63813],
        [78.7506, 24.638],
        [78.7506, 24.6378],
        [78.75078, 24.63762],
        [78.7508, 24.6376],
        [78.751, 24.6374],
        [78.7513, 24.6373],
        [78.75144, 24.6373],
        [78.75159, 24.63726],
        [78.7517, 24.6372],
        [78.7518, 24.6371],
        [78.75199, 24.63701],
        [78.752, 24.63699],
        [78.752, 24.63699],
        [78.75206, 24.63682],
        [78.75208, 24.63674],
        [78.75206, 24.63647],
        [78.7518, 24.6363],
        [78.7516, 24.6362],
        [78.7511, 24.6363],
        [78.751, 24.6361],
        [78.75101, 24.63609],
        [78.75101, 24.63608],
        [78.7511, 24.636],
        [78.7512, 24.6359],
        [78.7513, 24.6359],
        [78.75151, 24.63586],
        [78.75159, 24.63581],
        [78.75168, 24.63572],
        [78.75169, 24.63571],
        [78.75164, 24.63559],
        [78.7516, 24.6355],
        [78.75159, 24.63548],
        [78.75148, 24.63529],
        [78.75125, 24.63505],
        [78.7512, 24.635],
        [78.7515, 24.6348],
        [78.7516, 24.6347],
        [78.75178, 24.63466],
        [78.752, 24.6346],
        [78.7522, 24.6345],
        [78.7524, 24.6343],
        [78.7526, 24.6341],
        [78.7526, 24.63394],
        [78.7526, 24.6338],
        [78.7526, 24.6333],
        [78.75265, 24.63321],
        [78.75268, 24.6331],
        [78.7527, 24.63286],
        [78.7527, 24.6327],
        [78.7528, 24.6324],
        [78.7527, 24.6322],
        [78.7526, 24.632],
        [78.7526, 24.63191],
        [78.75257, 24.63176],
        [78.75256, 24.63168],
        [78.7525, 24.6315],
        [78.7525, 24.6313],
        [78.75256, 24.631],
        [78.7526, 24.6308],
        [78.7526, 24.6305],
        [78.7526, 24.6303],
        [78.7526, 24.63],
        [78.7525, 24.6296],
        [78.7524, 24.6292],
        [78.75231, 24.62901],
        [78.7523, 24.629],
        [78.7523, 24.62899],
        [78.75228, 24.62881],
        [78.75227, 24.62874],
        [78.7522, 24.6286],
        [78.75229, 24.62851],
        [78.75236, 24.62837],
        [78.75232, 24.62832],
        [78.7522, 24.6282],
        [78.752, 24.628],
        [78.752, 24.6278],
        [78.752, 24.6275],
        [78.752, 24.6272],
        [78.752, 24.6269],
        [78.75216, 24.62632],
        [78.75219, 24.6262],
        [78.75218, 24.62612],
        [78.7521, 24.6258],
        [78.75215, 24.6257],
        [78.7522, 24.6256],
        [78.7523, 24.6252],
        [78.7523, 24.62509],
        [78.7523, 24.625],
        [78.7524, 24.6247],
        [78.7526, 24.6241],
        [78.7526, 24.62409],
        [78.7528, 24.6236],
        [78.7529, 24.6232],
        [78.75283, 24.62306],
        [78.7528, 24.623],
        [78.7528, 24.62282],
        [78.75279, 24.62275],
        [78.75271, 24.62261],
        [78.7527, 24.6226],
        [78.75269, 24.62257],
        [78.7526, 24.6223],
        [78.75235, 24.6221],
        [78.7521, 24.6219],
        [78.752, 24.6217],
        [78.75205, 24.6217],
        [78.7524, 24.6217],
        [78.75255, 24.62165],
        [78.7527, 24.6216],
        [78.75283, 24.62154],
        [78.75286, 24.62151],
        [78.75289, 24.62127],
        [78.7529, 24.62116],
        [78.7529, 24.6211],
        [78.75291, 24.62108],
        [78.75291, 24.62106],
        [78.75299, 24.62088],
        [78.7532, 24.62079],
        [78.7534, 24.6207],
        [78.7536, 24.6206],
        [78.75371, 24.62056],
        [78.75389, 24.62048],
        [78.754, 24.6204],
        [78.7541, 24.6203],
        [78.7543, 24.6202],
        [78.7545, 24.6201],
        [78.75451, 24.62009],
        [78.7546, 24.6199],
        [78.7546, 24.61973],
        [78.75458, 24.61961],
        [78.75444, 24.61944],
        [78.7544, 24.6194],
        [78.7542, 24.6192],
        [78.75402, 24.61902],
        [78.754, 24.619],
        [78.7541, 24.6188],
        [78.7541, 24.61862],
        [78.75386, 24.61862],
        [78.75382, 24.61863],
        [78.7536, 24.6187],
        [78.7534, 24.61863],
        [78.75329, 24.61861],
        [78.75295, 24.61845],
        [78.7526, 24.6183],
        [78.75251, 24.61828],
        [78.75222, 24.61824],
        [78.75205, 24.61828],
        [78.752, 24.6183],
        [78.75198, 24.61829],
        [78.7518, 24.6182],
        [78.7516, 24.6181],
        [78.7515, 24.6178],
        [78.7514, 24.6176],
        [78.7513, 24.6174],
        [78.75128, 24.61736],
        [78.7512, 24.6172],
        [78.7512, 24.61712],
        [78.75116, 24.61702],
        [78.75106, 24.6168],
        [78.751, 24.6167],
        [78.75119, 24.6167],
        [78.7513, 24.6167],
        [78.7516, 24.6165],
        [78.7517, 24.6163],
        [78.7517, 24.616],
        [78.7517, 24.6157],
        [78.7518, 24.6155],
        [78.7519, 24.6153],
        [78.75195, 24.61521],
        [78.752, 24.6151],
        [78.75218, 24.61492],
        [78.75226, 24.61474],
        [78.75212, 24.61461],
        [78.7521, 24.6146],
        [78.75209, 24.61457],
        [78.752, 24.6144],
        [78.75167, 24.61407],
        [78.7515, 24.6139],
        [78.7513, 24.6137],
        [78.7513, 24.61369],
        [78.75129, 24.61368],
        [78.7513, 24.6136],
        [78.7513, 24.6134],
        [78.7513, 24.6132],
        [78.7514, 24.613],
        [78.75143, 24.61293],
        [78.75149, 24.61277],
        [78.75154, 24.61268],
        [78.7516, 24.6125],
        [78.75215, 24.61211],
        [78.75231, 24.61198],
        [78.75233, 24.61192],
        [78.75233, 24.61191],
        [78.7525, 24.6114],
        [78.7525, 24.6112],
        [78.75247, 24.61116],
        [78.7523, 24.6109],
        [78.75226, 24.61077],
        [78.75217, 24.61061],
        [78.75228, 24.61044],
        [78.75235, 24.61023],
        [78.75244, 24.61016],
        [78.7525, 24.6101],
        [78.75265, 24.60995],
        [78.7527, 24.60989],
        [78.75279, 24.60967],
        [78.75284, 24.60947],
        [78.7529, 24.6091],
        [78.753, 24.6089],
        [78.75306, 24.60884],
        [78.75315, 24.60867],
        [78.75325, 24.60859],
        [78.7533, 24.6085],
        [78.7535, 24.6084],
        [78.75356, 24.60831],
        [78.7537, 24.6081],
        [78.7537, 24.60781],
        [78.7537, 24.6078],
        [78.75373, 24.60776],
        [78.7539, 24.6075],
        [78.7539, 24.6073],
        [78.75383, 24.60651],
        [78.7538, 24.6061],
        [78.7539, 24.6057],
        [78.754, 24.6053],
        [78.75406, 24.60518],
        [78.75408, 24.6051],
        [78.7541, 24.60502],
        [78.7541, 24.6049],
        [78.7543, 24.6043],
        [78.75439, 24.60402],
        [78.7544, 24.604],
        [78.7545, 24.6037],
        [78.7545, 24.6035],
        [78.75446, 24.60339],
        [78.7544, 24.6032],
        [78.7543, 24.603],
        [78.7541, 24.6028],
        [78.75406, 24.60272],
        [78.754, 24.6026],
        [78.7538, 24.6024],
        [78.7538, 24.6022],
        [78.7537, 24.6016],
        [78.75368, 24.60157],
        [78.7535, 24.6013],
        [78.7532, 24.6012],
        [78.75302, 24.6012],
        [78.7526, 24.6012],
        [78.7524, 24.6011],
        [78.7522, 24.601],
        [78.75219, 24.60099],
        [78.75217, 24.60098],
        [78.75214, 24.60094],
        [78.752, 24.6008],
        [78.752, 24.60065],
        [78.75196, 24.60051],
        [78.75195, 24.6004],
        [78.7519, 24.6003],
        [78.7519, 24.6001],
        [78.752, 24.5999],
        [78.7522, 24.5996],
        [78.75225, 24.59955],
        [78.7524, 24.5994],
        [78.7526, 24.5993],
        [78.75308, 24.59922],
        [78.7532, 24.5992],
        [78.75429, 24.59907],
        [78.75581, 24.59889],
        [78.75585, 24.59888],
        [78.7561, 24.5988],
        [78.75652, 24.59875],
        [78.757, 24.5987],
        [78.7573, 24.5986],
        [78.7575, 24.5985],
        [78.75763, 24.59843],
        [78.7577, 24.5984],
        [78.75783, 24.59836],
        [78.75799, 24.59829],
        [78.75863, 24.59805],
        [78.7608, 24.5972],
        [78.7617, 24.5969],
        [78.7633, 24.5962],
        [78.764, 24.5959],
        [78.76465, 24.59568],
        [78.7649, 24.5956],
        [78.7654, 24.5954],
        [78.7661, 24.5951],
        [78.7662, 24.59505],
        [78.7663, 24.595],
        [78.7665, 24.59493],
        [78.7669, 24.5948],
        [78.76744, 24.59453],
        [78.7677, 24.5944],
        [78.7686, 24.594],
        [78.7697, 24.5935],
        [78.7699, 24.5934],
        [78.7701, 24.5933],
        [78.7703, 24.5932],
        [78.77032, 24.59319],
        [78.77054, 24.59306],
        [78.77072, 24.59296],
        [78.7708, 24.5929],
        [78.77098, 24.59281],
        [78.7712, 24.59268],
        [78.77125, 24.59265],
        [78.7714, 24.5925],
        [78.7716, 24.5923],
        [78.7718, 24.5921],
        [78.7719, 24.59201],
        [78.77202, 24.59186],
        [78.77251, 24.59135],
        [78.7731, 24.5907],
        [78.77336, 24.59044],
        [78.7734, 24.5904],
        [78.7736, 24.5903],
        [78.7742, 24.5899],
        [78.77461, 24.58958],
        [78.7751, 24.5892],
        [78.7752, 24.5891],
        [78.7754, 24.589],
        [78.7756, 24.5889],
        [78.7758, 24.5888],
        [78.776, 24.5887],
        [78.7762, 24.5886],
        [78.77632, 24.58852],
        [78.7765, 24.5884],
        [78.77659, 24.58844],
        [78.7767, 24.5885],
        [78.7784, 24.5884],
        [78.7808, 24.5883],
        [78.78145, 24.58826],
        [78.7823, 24.5882],
        [78.78286, 24.58828],
        [78.783, 24.58829],
        [78.78312, 24.5883],
        [78.7832, 24.5883],
        [78.78323, 24.58831],
        [78.78324, 24.58831],
        [78.78328, 24.58833],
        [78.7835, 24.5884],
        [78.78364, 24.58847],
        [78.7839, 24.5886],
        [78.7841, 24.5887],
        [78.78418, 24.58873],
        [78.7844, 24.5888],
        [78.7848, 24.589],
        [78.786, 24.5897],
        [78.787, 24.5902],
        [78.78761, 24.59054],
        [78.7879, 24.5907],
        [78.7885, 24.591],
        [78.79131, 24.59214],
        [78.7917, 24.5923],
        [78.7922, 24.5925],
        [78.7933, 24.5928],
        [78.7957, 24.5936],
        [78.7962, 24.5938],
        [78.7967, 24.5939],
        [78.7969, 24.594],
        [78.79704, 24.59407],
        [78.7971, 24.59409],
        [78.79725, 24.59414],
        [78.7975, 24.5942],
        [78.79786, 24.59426],
        [78.7981, 24.5943],
        [78.7984, 24.5943],
        [78.7989, 24.5943],
        [78.7991, 24.5945],
        [78.8, 24.5953],
        [78.80075, 24.59586],
        [78.8008, 24.5959],
        [78.80083, 24.59593],
        [78.801, 24.59605],
        [78.80106, 24.59616],
        [78.8011, 24.5962],
        [78.8012, 24.5964],
        [78.8012, 24.59643],
        [78.8012, 24.5966],
        [78.8012, 24.5969],
        [78.8013, 24.597],
        [78.8013, 24.597],
        [78.8015, 24.5974],
        [78.8016, 24.5976],
        [78.8023, 24.5982],
        [78.80243, 24.59838],
        [78.80262, 24.59857],
        [78.8027, 24.59865],
        [78.8028, 24.5987],
        [78.803, 24.599],
        [78.8031, 24.5994],
        [78.8031, 24.59941],
        [78.80311, 24.59944],
        [78.8031, 24.59951],
        [78.8031, 24.5996],
        [78.8031, 24.5999],
        [78.80294, 24.60006],
        [78.8028, 24.6002],
        [78.8027, 24.6004],
        [78.8026, 24.6005],
        [78.80258, 24.60056],
        [78.8025, 24.6008],
        [78.8024, 24.601],
        [78.8023, 24.6012],
        [78.8022, 24.6015],
        [78.8022, 24.6016],
        [78.8022, 24.6019],
        [78.80227, 24.60212],
        [78.8023, 24.6022],
        [78.80232, 24.60225],
        [78.8024, 24.6025],
        [78.8027, 24.6031],
        [78.80279, 24.60328],
        [78.8028, 24.6033],
        [78.80283, 24.60335],
        [78.80283, 24.60336],
        [78.80288, 24.60346],
        [78.80316, 24.60349],
        [78.8033, 24.6035],
        [78.8034, 24.6035],
        [78.8042, 24.6034],
        [78.80456, 24.6034],
        [78.8056, 24.6034],
        [78.80578, 24.60334],
        [78.8059, 24.6033],
        [78.8065, 24.6032],
        [78.80658, 24.6032],
        [78.8067, 24.6032],
        [78.8069, 24.6032],
        [78.80706, 24.60312],
        [78.8071, 24.6031],
        [78.80719, 24.6031],
        [78.80733, 24.60308],
        [78.80735, 24.60308],
        [78.8075, 24.603],
        [78.80764, 24.60305],
        [78.8078, 24.6031],
        [78.808, 24.6032],
        [78.8082, 24.6033],
        [78.80827, 24.6033],
        [78.8084, 24.6033],
        [78.8086, 24.6034],
        [78.809, 24.6035],
        [78.80925, 24.60358],
        [78.80928, 24.60359],
        [78.80958, 24.60366],
        [78.80978, 24.6037],
        [78.8099, 24.6037],
        [78.81001, 24.60374],
        [78.8102, 24.6038],
        [78.8105, 24.6038],
        [78.8108, 24.6038],
        [78.81083, 24.6038],
        [78.81114, 24.6038],
        [78.81136, 24.6038],
        [78.8116, 24.6038],
        [78.8118, 24.6037],
        [78.8118, 24.6035],
        [78.812, 24.6033],
        [78.8119, 24.603],
        [78.8119, 24.6028],
        [78.8119, 24.60262],
        [78.8119, 24.6025],
        [78.81195, 24.60239],
        [78.81199, 24.60227],
        [78.81212, 24.60218],
        [78.8122, 24.6021],
        [78.8125, 24.602],
        [78.8127, 24.602],
        [78.81273, 24.602],
        [78.81294, 24.60198],
        [78.81313, 24.60205],
        [78.8134, 24.6021],
        [78.81367, 24.60219],
        [78.8137, 24.6022],
        [78.8138, 24.602],
        [78.8139, 24.6014],
        [78.814, 24.6012],
        [78.8141, 24.6011],
        [78.8143, 24.601],
        [78.8146, 24.601],
        [78.8149, 24.601],
        [78.8154, 24.601],
        [78.8157, 24.601],
        [78.8159, 24.601],
        [78.81597, 24.60097],
        [78.8161, 24.6009],
        [78.8164, 24.6009],
        [78.8168, 24.6009],
        [78.8171, 24.6009],
        [78.8174, 24.601],
        [78.81754, 24.60105],
        [78.8177, 24.6011],
        [78.8182, 24.6013],
        [78.819, 24.6016],
        [78.81926, 24.60169],
        [78.8193, 24.6017],
        [78.8197, 24.6017],
        [78.82, 24.6017],
        [78.82027, 24.6017],
        [78.8204, 24.6017],
        [78.8206, 24.6017],
        [78.82095, 24.60161],
        [78.821, 24.6016],
        [78.8212, 24.6016],
        [78.8213, 24.60165],
        [78.82145, 24.60167],
        [78.8217, 24.6017],
        [78.8219, 24.6017],
        [78.82199, 24.60179],
        [78.822, 24.6018],
        [78.8223, 24.602],
        [78.8225, 24.6021],
        [78.8227, 24.6022],
        [78.82276, 24.6022],
        [78.8229, 24.6022],
        [78.82305, 24.60225],
        [78.8232, 24.6023],
        [78.8236, 24.6024],
        [78.82385, 24.60246],
        [78.824, 24.6025],
        [78.8242, 24.6026],
        [78.8243, 24.6027],
        [78.8245, 24.6028],
        [78.8247, 24.603],
        [78.825, 24.6032],
        [78.8257, 24.6042],
        [78.826, 24.6044],
        [78.82636, 24.6045],
        [78.82665, 24.60457],
        [78.82696, 24.6046],
        [78.827, 24.6046],
        [78.8274, 24.6046],
        [78.828, 24.6046],
        [78.82881, 24.60466],
        [78.8293, 24.6047],
        [78.8303, 24.6048],
        [78.8305, 24.6048],
        [78.83089, 24.6047],
        [78.8309, 24.6047],
        [78.8312, 24.6046],
        [78.83136, 24.6046],
        [78.83142, 24.60458],
        [78.83162, 24.60453],
        [78.832, 24.6044],
        [78.83216, 24.60432],
        [78.8322, 24.6043],
        [78.8326, 24.6041],
        [78.83262, 24.60409],
        [78.83275, 24.6041],
        [78.8329, 24.6041],
        [78.8331, 24.6041],
        [78.83313, 24.60412],
        [78.83314, 24.60412],
        [78.83337, 24.60426],
        [78.83339, 24.60429],
        [78.8334, 24.6043],
        [78.83341, 24.60433],
        [78.8335, 24.6046],
        [78.8335, 24.6048],
        [78.83351, 24.6048],
        [78.83367, 24.6048],
        [78.8337, 24.6048],
        [78.834, 24.6047],
        [78.83429, 24.6045],
        [78.8343, 24.6045],
        [78.8346, 24.6047],
        [78.8346, 24.60477],
        [78.8346, 24.605],
        [78.8346, 24.6053],
        [78.835, 24.6066],
        [78.8357, 24.6089],
        [78.8358, 24.6092],
        [78.8364, 24.6117],
        [78.83645, 24.61179],
        [78.8365, 24.6119],
        [78.8366, 24.613],
        [78.8367, 24.6134],
        [78.83676, 24.61357],
        [78.83679, 24.61366],
        [78.83682, 24.61375],
        [78.8369, 24.6139],
        [78.837, 24.6142],
        [78.83701, 24.61423],
        [78.8376, 24.6156],
        [78.8378, 24.616],
        [78.83792, 24.61612],
        [78.838, 24.6162],
        [78.83804, 24.61627],
        [78.8381, 24.6164],
        [78.8383, 24.6166],
        [78.8384, 24.6168],
        [78.8403, 24.6193],
        [78.8406, 24.6197],
        [78.84089, 24.62004],
        [78.8423, 24.6217],
        [78.84249, 24.62199],
        [78.84252, 24.62202],
        [78.84265, 24.62223],
        [78.843, 24.6228],
        [78.84304, 24.62283],
        [78.8433, 24.623],
        [78.8436, 24.623],
        [78.8438, 24.6229],
        [78.8441, 24.6228],
        [78.8443, 24.6227],
        [78.84443, 24.6227],
        [78.8446, 24.6227],
        [78.84483, 24.62255],
        [78.8449, 24.6225],
        [78.8451, 24.6224],
        [78.84517, 24.62236],
        [78.84528, 24.62229],
        [78.84543, 24.62226],
        [78.8456, 24.6222],
        [78.8459, 24.6222],
        [78.84595, 24.62222],
        [78.8462, 24.6223],
        [78.8465, 24.6224],
        [78.8468, 24.6223],
        [78.84692, 24.62224],
        [78.847, 24.6222],
        [78.84712, 24.62216],
        [78.84728, 24.62208],
        [78.84738, 24.62202],
        [78.8475, 24.6219],
        [78.84769, 24.6219],
        [78.8478, 24.6219],
        [78.8481, 24.6219],
        [78.8485, 24.622],
        [78.84859, 24.62205],
        [78.8487, 24.6221],
        [78.84873, 24.62216],
        [78.84885, 24.62226],
        [78.84897, 24.6223],
        [78.8491, 24.6223],
        [78.84927, 24.62238],
        [78.8493, 24.6224],
        [78.8496, 24.6225],
        [78.84986, 24.6225],
        [78.8499, 24.6225],
        [78.85017, 24.62259],
        [78.85049, 24.62269],
        [78.8505, 24.6227],
        [78.8505, 24.6227],
        [78.8507, 24.6229],
        [78.85079, 24.62307],
        [78.85084, 24.62314],
        [78.851, 24.6233],
        [78.85117, 24.62347],
        [78.85139, 24.62365],
        [78.85152, 24.62376],
        [78.8516, 24.6238],
        [78.8522, 24.6243],
        [78.85233, 24.62443],
        [78.85242, 24.6245],
        [78.85249, 24.6245],
        [78.8527, 24.6245],
        [78.8531, 24.6237],
        [78.8532, 24.6236],
        [78.85321, 24.62356],
        [78.85321, 24.62355],
        [78.85325, 24.62341],
        [78.85327, 24.62324],
        [78.85325, 24.62311],
        [78.8532, 24.623],
        [78.8531, 24.6228],
        [78.85303, 24.62271],
        [78.8528, 24.62241],
        [78.85279, 24.62237],
        [78.8527, 24.6221],
        [78.85276, 24.62186],
        [78.85278, 24.62175],
        [78.85279, 24.62173],
        [78.8528, 24.6217],
        [78.85285, 24.62165],
        [78.853, 24.6215],
        [78.8532, 24.6213],
        [78.8533, 24.6213],
        [78.8538, 24.6212],
        [78.85391, 24.62109],
        [78.854, 24.621],
        [78.8543, 24.6208],
        [78.85451, 24.62066],
        [78.8546, 24.6206],
        [78.8548, 24.6204],
        [78.8549, 24.6202],
        [78.8549, 24.62007],
        [78.8549, 24.62],
        [78.85494, 24.61991],
        [78.85498, 24.61978],
        [78.855, 24.6197],
        [78.855, 24.6196],
        [78.8551, 24.61927],
        [78.8553, 24.6186],
        [78.8553, 24.61838],
        [78.8553, 24.6181],
        [78.8555, 24.6178],
        [78.8558, 24.6178],
        [78.856, 24.6178],
        [78.8562, 24.6181],
        [78.8566, 24.6185],
        [78.85664, 24.61854],
        [78.85675, 24.61856],
        [78.85694, 24.6186],
        [78.8571, 24.6186],
        [78.85735, 24.61852],
        [78.8574, 24.6185],
        [78.8574, 24.6182],
        [78.8572, 24.6178],
        [78.8571, 24.6176],
        [78.85714, 24.61752],
        [78.8572, 24.6174],
        [78.8576, 24.6174],
        [78.85778, 24.61758],
        [78.85784, 24.6176],
        [78.858, 24.6176],
        [78.8583, 24.6176],
        [78.85848, 24.6176],
        [78.85858, 24.61759],
        [78.8588, 24.61748],
        [78.85921, 24.6175],
        [78.85931, 24.61762],
        [78.86, 24.6184],
        [78.8606, 24.6194],
        [78.861, 24.6203],
        [78.86104, 24.62043],
        [78.86111, 24.6206],
        [78.86133, 24.6211],
        [78.8614, 24.6211],
        [78.8616, 24.62107],
        [78.8616, 24.6211],
        [78.8616, 24.6213],
        [78.86212, 24.6217],
        [78.86292, 24.6223],
        [78.86308, 24.62242],
        [78.8632, 24.6225],
        [78.8637, 24.6229],
        [78.8643, 24.6236],
        [78.8644, 24.6237],
        [78.86442, 24.62374],
        [78.86454, 24.62388],
        [78.86463, 24.62403],
        [78.8647, 24.6241],
        [78.8647, 24.62415],
        [78.8647, 24.6242],
        [78.8648, 24.6244],
        [78.8649, 24.6246],
        [78.865, 24.6248],
        [78.8651, 24.6249],
        [78.8652, 24.6251],
        [78.86549, 24.62558],
        [78.8655, 24.6256],
        [78.8657, 24.626],
        [78.8657, 24.62607],
        [78.8657, 24.6262],
        [78.8658, 24.6265],
        [78.86592, 24.62662],
        [78.866, 24.6267],
        [78.8661, 24.627],
        [78.8662, 24.6272],
        [78.8662, 24.62741],
        [78.86622, 24.62751],
        [78.86625, 24.62766],
        [78.8663, 24.6278],
        [78.8663, 24.62787],
        [78.86634, 24.62806],
        [78.86639, 24.62828],
        [78.8664, 24.6283],
        [78.8665, 24.6287],
        [78.8665, 24.6288],
        [78.86652, 24.62888],
        [78.86655, 24.629],
        [78.8666, 24.6291],
        [78.8666, 24.62922],
        [78.86663, 24.62936],
        [78.86667, 24.62953],
        [78.8667, 24.6296],
        [78.8667, 24.62968],
        [78.86674, 24.62984],
        [78.86678, 24.63004],
        [78.8668, 24.6301],
        [78.8668, 24.63014],
        [78.8668, 24.6303],
        [78.8668, 24.6306],
        [78.8668, 24.6308],
        [78.8668, 24.6311],
        [78.8668, 24.6314],
        [78.8668, 24.6326],
        [78.86687, 24.63331],
        [78.8669, 24.6336],
        [78.8669, 24.6338],
        [78.867, 24.634],
        [78.867, 24.6342],
        [78.86706, 24.63431],
        [78.86709, 24.63437],
        [78.86722, 24.63458],
        [78.8681, 24.6359],
        [78.8685, 24.6366],
        [78.8685, 24.63669],
        [78.8685, 24.6368],
        [78.8684, 24.6371],
        [78.8681, 24.6389],
        [78.8681, 24.63903],
        [78.8681, 24.6392],
        [78.86805, 24.6393],
        [78.868, 24.6394],
        [78.8681, 24.6398],
        [78.8685, 24.64],
        [78.87011, 24.64027],
        [78.8703, 24.6403],
        [78.87036, 24.64031],
        [78.8711, 24.6405],
        [78.87123, 24.6405],
        [78.8714, 24.6405],
        [78.87167, 24.64059],
        [78.87172, 24.6406],
        [78.87176, 24.64062],
        [78.872, 24.6407],
        [78.87206, 24.64078],
        [78.8722, 24.641],
        [78.8725, 24.6412],
        [78.8728, 24.6412],
        [78.87289, 24.64116],
        [78.873, 24.6411],
        [78.87312, 24.6411],
        [78.87322, 24.64106],
        [78.8735, 24.64105],
        [78.8738, 24.641],
        [78.87386, 24.64111],
        [78.8739, 24.6412],
        [78.8742, 24.6415],
        [78.87444, 24.64158],
        [78.87446, 24.64159],
        [78.87462, 24.64146],
        [78.8747, 24.6413],
        [78.8748, 24.6408],
        [78.875, 24.6406],
        [78.875, 24.6406],
        [78.8753, 24.6406],
        [78.8756, 24.6407],
        [78.87574, 24.64084],
        [78.87579, 24.64087],
        [78.87594, 24.64085],
        [78.8761, 24.6408],
        [78.87618, 24.6408],
        [78.8763, 24.6408],
        [78.8768, 24.6406],
        [78.87686, 24.64062],
        [78.8771, 24.6407],
        [78.8771, 24.6409],
        [78.877, 24.6412],
        [78.87684, 24.6416],
        [78.87681, 24.64171],
        [78.877, 24.6419],
        [78.87727, 24.64199],
        [78.8773, 24.642],
        [78.8779, 24.642],
        [78.8781, 24.6418],
        [78.8782, 24.6416],
        [78.87827, 24.6413],
        [78.8783, 24.64115],
        [78.87849, 24.641],
        [78.8785, 24.641],
        [78.8785, 24.641],
        [78.87859, 24.64104],
        [78.87869, 24.64109],
        [78.87871, 24.6411],
        [78.8789, 24.6412],
        [78.87939, 24.64169],
        [78.87943, 24.64172],
        [78.8796, 24.6418],
        [78.87966, 24.64186],
        [78.87979, 24.64195],
        [78.87991, 24.64195],
        [78.88, 24.6419],
        [78.88026, 24.64199],
        [78.88042, 24.64176],
        [78.8805, 24.6416],
        [78.88059, 24.64142],
        [78.8806, 24.6414],
        [78.8809, 24.6415],
        [78.8811, 24.6416],
        [78.88126, 24.6416],
        [78.8814, 24.6416],
        [78.8816, 24.64165],
        [78.88184, 24.64165],
        [78.88203, 24.64155],
        [78.8821, 24.6415],
        [78.8826, 24.6413],
        [78.8829, 24.6412],
        [78.88309, 24.64111],
        [78.8831, 24.64104],
        [78.8831, 24.6409],
        [78.883, 24.6408],
        [78.88296, 24.64077],
        [78.88279, 24.64062],
        [78.88249, 24.6405],
        [78.88221, 24.64041],
        [78.88221, 24.6404],
        [78.8822, 24.6404],
        [78.8822, 24.6402],
        [78.88234, 24.64015],
        [78.88247, 24.6401],
        [78.88255, 24.64008],
        [78.8827, 24.64],
        [78.88288, 24.64],
        [78.88311, 24.63997],
        [78.88331, 24.63989],
        [78.88342, 24.63978],
        [78.88344, 24.63976],
        [78.88347, 24.63973],
        [78.8835, 24.63951],
        [78.8835, 24.6395],
        [78.8835, 24.6393],
        [78.88355, 24.63914],
        [78.8836, 24.639],
        [78.8836, 24.6388],
        [78.8837, 24.6386],
        [78.8838, 24.6384],
        [78.88383, 24.63835],
        [78.8839, 24.6382],
        [78.8841, 24.638],
        [78.88426, 24.63784],
        [78.8843, 24.6378],
        [78.8845, 24.6377],
        [78.8847, 24.6376],
        [78.885, 24.6375],
        [78.8858, 24.6374],
        [78.88589, 24.6374],
        [78.886, 24.6374],
        [78.8862, 24.6372],
        [78.8863, 24.637],
        [78.88624, 24.63688],
        [78.8862, 24.6368],
        [78.8862, 24.6365],
        [78.8862, 24.6363],
        [78.8862, 24.6358],
        [78.8862, 24.63578],
        [78.8862, 24.6355],
        [78.8862, 24.6353],
        [78.88598, 24.63517],
        [78.8857, 24.635],
        [78.8855, 24.6349],
        [78.88551, 24.63487],
        [78.88547, 24.63485],
        [78.88558, 24.63462],
        [78.8856, 24.63461],
        [78.8856, 24.6346],
        [78.88565, 24.63457],
        [78.8859, 24.6344],
        [78.886, 24.6338],
        [78.8863, 24.6335],
        [78.8864, 24.6334],
        [78.8867, 24.6333],
        [78.88677, 24.63326],
        [78.8869, 24.6332],
        [78.8872, 24.6331],
        [78.8875, 24.633],
        [78.8874, 24.6326],
        [78.8873, 24.6325],
        [78.88721, 24.63224],
        [78.8872, 24.6322],
        [78.88732, 24.6322],
        [78.8875, 24.6322],
        [78.8878, 24.6322],
        [78.8884, 24.6322],
        [78.88843, 24.63219],
        [78.8887, 24.6321],
        [78.8888, 24.63194],
        [78.88886, 24.63184],
        [78.88876, 24.63166],
        [78.8887, 24.6316],
        [78.88865, 24.63146],
        [78.8886, 24.6313],
        [78.8886, 24.6311],
        [78.8886, 24.63094],
        [78.8886, 24.6308],
        [78.88881, 24.63084],
        [78.8891, 24.6309],
        [78.8896, 24.6311],
        [78.88967, 24.6311],
        [78.8898, 24.6311],
        [78.88985, 24.63105],
        [78.8899, 24.63096],
        [78.88988, 24.63074],
        [78.88984, 24.63057],
        [78.8898, 24.6305],
        [78.88973, 24.63033],
        [78.8896, 24.63],
        [78.8894, 24.6297],
        [78.8894, 24.6295],
        [78.8894, 24.62934],
        [78.8894, 24.6292],
        [78.8896, 24.6291],
        [78.8898, 24.629],
        [78.8901, 24.629],
        [78.89046, 24.62909],
        [78.8905, 24.6291],
        [78.89051, 24.62911],
        [78.89069, 24.62916],
        [78.89085, 24.6292],
        [78.891, 24.6292],
        [78.8911, 24.6291],
        [78.8911, 24.6286],
        [78.8911, 24.62851],
        [78.8911, 24.6284],
        [78.8912, 24.6283],
        [78.8915, 24.6283],
        [78.8917, 24.6285],
        [78.89183, 24.6287],
        [78.8919, 24.6288],
        [78.89192, 24.62883],
        [78.89202, 24.62898],
        [78.8922, 24.6288],
        [78.8922, 24.6286],
        [78.89229, 24.62842],
        [78.89231, 24.62836],
        [78.89232, 24.62835],
        [78.8924, 24.6281],
        [78.8925, 24.628],
        [78.89256, 24.62783],
        [78.89259, 24.62771],
        [78.8926, 24.62771],
        [78.8926, 24.6277],
        [78.89266, 24.62767],
        [78.8928, 24.6276],
        [78.8931, 24.6275],
        [78.8932, 24.6272],
        [78.8932, 24.62714],
        [78.8932, 24.627],
        [78.8934, 24.6268],
        [78.89368, 24.6268],
        [78.89373, 24.62679],
        [78.894, 24.6267],
        [78.89417, 24.62653],
        [78.89427, 24.62636],
        [78.89436, 24.62615],
        [78.8944, 24.626],
        [78.89449, 24.62587],
        [78.89455, 24.62573],
        [78.89459, 24.62571],
        [78.8946, 24.6257],
        [78.8948, 24.6256],
        [78.8951, 24.6255],
        [78.8955, 24.6256],
        [78.89573, 24.62566],
        [78.8959, 24.6257],
        [78.8961, 24.6255],
        [78.8961, 24.6253],
        [78.8959, 24.625],
        [78.8956, 24.6247],
        [78.8955, 24.6246],
        [78.89545, 24.62455],
        [78.8953, 24.6244],
        [78.8953, 24.6239],
        [78.8953, 24.6236],
        [78.89533, 24.62348],
        [78.8954, 24.6232],
        [78.8952, 24.62295],
        [78.895, 24.6227],
        [78.895, 24.62257],
        [78.895, 24.6225],
        [78.8949, 24.6222],
        [78.8948, 24.62182],
        [78.8948, 24.6218],
        [78.8947, 24.6215],
        [78.89471, 24.62148],
        [78.8948, 24.6213],
        [78.8948, 24.62093],
        [78.8948, 24.6208],
        [78.8953, 24.6204],
        [78.89534, 24.62029],
        [78.8954, 24.6201],
        [78.8954, 24.6198],
        [78.8954, 24.61969],
        [78.8954, 24.6196],
        [78.89549, 24.61949],
        [78.8958, 24.6191],
        [78.8958, 24.6187],
        [78.8957, 24.6181],
        [78.8957, 24.6175],
        [78.89583, 24.61731],
        [78.8959, 24.6172],
        [78.89601, 24.61703],
        [78.8963, 24.6166],
        [78.8965, 24.6165],
        [78.8965, 24.6161],
        [78.89645, 24.61601],
        [78.8964, 24.6159],
        [78.89645, 24.6159],
        [78.8967, 24.6159],
        [78.8971, 24.616],
        [78.8972, 24.6156],
        [78.89719, 24.61556],
        [78.89718, 24.61555],
        [78.89717, 24.6155],
        [78.8971, 24.6153],
        [78.8969, 24.6149],
        [78.8969, 24.6149],
        [78.89691, 24.61486],
        [78.89699, 24.6146],
        [78.89736, 24.61451],
        [78.8974, 24.6145],
        [78.89741, 24.6145],
        [78.8976, 24.6145],
        [78.8979, 24.6145],
        [78.89803, 24.61431],
        [78.8981, 24.6142],
        [78.89812, 24.6142],
        [78.899, 24.6142],
        [78.89901, 24.61417],
        [78.89905, 24.61387],
        [78.89903, 24.61383],
        [78.8989, 24.6137],
        [78.8987, 24.6132],
        [78.89864, 24.61308],
        [78.8986, 24.61302],
        [78.89859, 24.61298],
        [78.8985, 24.6128],
        [78.8985, 24.61247],
        [78.89847, 24.61223],
        [78.8985, 24.61212],
        [78.8985, 24.612],
        [78.89857, 24.61179],
        [78.89858, 24.61173],
        [78.8986, 24.6117],
        [78.89867, 24.61159],
        [78.89878, 24.61143],
        [78.8988, 24.6114],
        [78.89881, 24.61139],
        [78.899, 24.6112],
        [78.89917, 24.61103],
        [78.8992, 24.611],
        [78.8995, 24.6109],
        [78.89959, 24.61072],
        [78.89967, 24.61049],
        [78.89954, 24.61034],
        [78.8995, 24.6103],
        [78.8991, 24.6099],
        [78.8991, 24.60973],
        [78.89906, 24.60954],
        [78.89901, 24.60932],
        [78.899, 24.6093],
        [78.899, 24.60929],
        [78.899, 24.60927],
        [78.89907, 24.60891],
        [78.8991, 24.6089],
        [78.8991, 24.6089],
        [78.89916, 24.60889],
        [78.89974, 24.60876],
        [78.8999, 24.6086],
        [78.89995, 24.60849],
        [78.9, 24.60836],
        [78.90006, 24.60817],
        [78.9001, 24.608],
        [78.9002, 24.6079],
        [78.90025, 24.60785],
        [78.90038, 24.60769],
        [78.9004, 24.60741],
        [78.9004, 24.6071],
        [78.9005, 24.6069],
        [78.9007, 24.6071],
        [78.90104, 24.60724],
        [78.9012, 24.6073],
        [78.9016, 24.6074],
        [78.9019, 24.6076],
        [78.9019, 24.60749],
        [78.9019, 24.6072],
        [78.9019, 24.6068],
        [78.90195, 24.60666],
        [78.90197, 24.60654],
        [78.90195, 24.6064],
        [78.9019, 24.6063],
        [78.9019, 24.60606],
        [78.90189, 24.60598],
        [78.90198, 24.60596],
        [78.9021, 24.6059],
        [78.9029, 24.606],
        [78.90296, 24.60603],
        [78.9031, 24.6061],
        [78.9033, 24.6058],
        [78.90374, 24.60551],
        [78.9039, 24.6054],
        [78.9041, 24.6051],
        [78.9042, 24.605],
        [78.90438, 24.60488],
        [78.9045, 24.60478],
        [78.90488, 24.6046],
        [78.90495, 24.60446],
        [78.905, 24.6043],
        [78.90506, 24.60424],
        [78.90509, 24.60419],
        [78.90526, 24.60404],
        [78.9053, 24.604],
        [78.90536, 24.60397],
        [78.9057, 24.6038],
        [78.9059, 24.6036],
        [78.90618, 24.60351],
        [78.9062, 24.6035],
        [78.9064, 24.6036],
        [78.90658, 24.60396],
        [78.90685, 24.60384],
        [78.90688, 24.60381],
        [78.90692, 24.60373],
        [78.907, 24.6035],
        [78.9071, 24.6033],
        [78.90733, 24.6033],
        [78.90747, 24.60328],
        [78.90749, 24.6033],
        [78.9075, 24.6033],
        [78.90769, 24.60349],
        [78.90776, 24.60347],
        [78.9079, 24.6034],
        [78.90809, 24.6034],
        [78.9081, 24.6034],
        [78.9083, 24.6031],
        [78.9086, 24.603],
        [78.90868, 24.603],
        [78.9089, 24.603],
        [78.90902, 24.60264],
        [78.9091, 24.6024],
        [78.9094, 24.6023],
        [78.9095, 24.6025],
        [78.9098, 24.6028],
        [78.9099, 24.6026],
        [78.91, 24.6023],
        [78.91003, 24.60227],
        [78.91017, 24.60208],
        [78.91028, 24.60194],
        [78.9103, 24.6019],
        [78.91076, 24.60144],
        [78.9108, 24.6014],
        [78.911, 24.6009],
        [78.911, 24.6006],
        [78.91095, 24.60046],
        [78.9109, 24.6003],
        [78.91098, 24.6002],
        [78.9113, 24.5998],
        [78.91136, 24.5998],
        [78.9115, 24.5998],
        [78.9118, 24.5999],
        [78.9122, 24.5999],
        [78.9123, 24.5996],
        [78.91241, 24.59949],
        [78.9125, 24.5994],
        [78.91245, 24.5989],
        [78.9124, 24.5984],
        [78.91256, 24.59807],
        [78.91259, 24.598],
        [78.9128, 24.5976],
        [78.913, 24.597],
        [78.9131, 24.5968],
        [78.9132, 24.5959],
        [78.9133, 24.5954],
        [78.9133, 24.5952],
        [78.9133, 24.59519],
        [78.91327, 24.5949],
        [78.913, 24.5949],
        [78.91266, 24.59481],
        [78.91263, 24.59481],
        [78.91262, 24.59481],
        [78.9126, 24.5948],
        [78.9119, 24.5944],
        [78.91196, 24.59434],
        [78.9121, 24.5942],
        [78.9126, 24.5939],
        [78.91234, 24.59298],
        [78.9121, 24.5921],
        [78.91219, 24.59164],
        [78.9122, 24.59155],
        [78.91227, 24.59133],
        [78.9123, 24.5912],
        [78.9123, 24.5907],
        [78.91248, 24.59051],
        [78.9125, 24.59049],
        [78.91288, 24.58964],
        [78.91288, 24.58963],
        [78.9129, 24.5896],
        [78.91297, 24.58953],
        [78.9132, 24.5893],
        [78.9133, 24.589],
        [78.9136, 24.5883],
        [78.9137, 24.5881],
        [78.91382, 24.58768],
        [78.9139, 24.5874],
        [78.91403, 24.58715],
        [78.9141, 24.587],
        [78.9142, 24.5868],
        [78.9142, 24.58641],
        [78.9142, 24.5864],
        [78.91423, 24.58613],
        [78.9143, 24.58558],
        [78.9143, 24.5852],
        [78.91425, 24.58505],
        [78.9142, 24.5849],
        [78.9142, 24.5844],
        [78.91436, 24.58424],
        [78.9144, 24.5842],
        [78.9147, 24.5839],
        [78.9147, 24.58373],
        [78.9147, 24.5836],
        [78.91487, 24.58343],
        [78.9151, 24.58309],
        [78.91513, 24.58307],
        [78.9153, 24.5829],
        [78.9161, 24.5823],
        [78.9163, 24.5821],
        [78.91639, 24.58205],
        [78.9165, 24.58196],
        [78.9165, 24.5816],
        [78.91654, 24.58147],
        [78.9166, 24.5813],
        [78.9166, 24.58091],
        [78.9166, 24.5806],
        [78.91672, 24.58048],
        [78.91676, 24.58041],
        [78.91684, 24.58022],
        [78.9169, 24.58],
        [78.9173, 24.5795],
        [78.91739, 24.57932],
        [78.9174, 24.57928],
        [78.91742, 24.57921],
        [78.9175, 24.5788],
        [78.9176, 24.5784],
        [78.91772, 24.57828],
        [78.91777, 24.5782],
        [78.91798, 24.57791],
        [78.91808, 24.5778],
        [78.9183, 24.5775],
        [78.91857, 24.57716],
        [78.91868, 24.57701],
        [78.91872, 24.57693],
        [78.9188, 24.5766],
        [78.919, 24.5762],
        [78.91947, 24.57582],
        [78.9195, 24.57566],
        [78.9195, 24.5754],
        [78.91959, 24.57512],
        [78.9196, 24.57508],
        [78.91966, 24.575],
        [78.9199, 24.5746],
        [78.92015, 24.57448],
        [78.92026, 24.5744],
        [78.92039, 24.5743],
        [78.9205, 24.5742],
        [78.92059, 24.57417],
        [78.9208, 24.5741],
        [78.92099, 24.57401],
        [78.921, 24.574],
        [78.9213, 24.5739],
        [78.9215, 24.5739],
        [78.9218, 24.5736],
        [78.92188, 24.5736],
        [78.922, 24.5736],
        [78.9222, 24.5735],
        [78.92243, 24.57339],
        [78.9226, 24.5733],
        [78.92267, 24.5733],
        [78.9228, 24.5733],
        [78.923, 24.5733],
        [78.92318, 24.5733],
        [78.9234, 24.5733],
        [78.9237, 24.5733],
        [78.92379, 24.57358],
        [78.92384, 24.57364],
        [78.924, 24.5738],
        [78.92405, 24.57406],
        [78.9241, 24.5743],
        [78.9243, 24.5747],
        [78.92454, 24.5747],
        [78.9247, 24.5747],
        [78.92479, 24.57461],
        [78.9248, 24.57459],
        [78.9251, 24.574],
        [78.92517, 24.57386],
        [78.92531, 24.57356],
        [78.92566, 24.57333],
        [78.92567, 24.57332],
        [78.92569, 24.57331],
        [78.92571, 24.57328],
        [78.9258, 24.5731],
        [78.92608, 24.57272],
        [78.92625, 24.57235],
        [78.92635, 24.57215],
        [78.9264, 24.572],
        [78.92647, 24.57198],
        [78.9267, 24.5719],
        [78.92679, 24.57173],
        [78.9268, 24.5717],
        [78.9269, 24.57162],
        [78.9272, 24.5714],
        [78.9274, 24.5709],
        [78.9274, 24.57086],
        [78.92736, 24.57057],
        [78.9274, 24.57043],
        [78.9274, 24.5704],
        [78.9274, 24.5702],
        [78.92738, 24.57004],
        [78.9273, 24.56952],
        [78.9273, 24.56951],
        [78.9273, 24.5695],
        [78.92731, 24.56947],
        [78.9274, 24.569],
        [78.9278, 24.5685],
        [78.9278, 24.56849],
        [78.9279, 24.5682],
        [78.92797, 24.56798],
        [78.92798, 24.56793],
        [78.928, 24.56771],
        [78.928, 24.5675],
        [78.92805, 24.56742],
        [78.9282, 24.5672],
        [78.9285, 24.5667],
        [78.9287, 24.5664],
        [78.9289, 24.5661],
        [78.9291, 24.5657],
        [78.9292, 24.5655],
        [78.92927, 24.56535],
        [78.9293, 24.5653],
        [78.9299, 24.5651],
        [78.9299, 24.5651],
        [78.9301, 24.5648],
        [78.93023, 24.56474],
        [78.93029, 24.56467],
        [78.93035, 24.5646],
        [78.9304, 24.5645],
        [78.9307, 24.5641],
        [78.9311, 24.5639],
        [78.9316, 24.5639],
        [78.9318, 24.5637],
        [78.93193, 24.56364],
        [78.93204, 24.56356],
        [78.93221, 24.5636],
        [78.9323, 24.5636],
        [78.93243, 24.5637],
        [78.9327, 24.5639],
        [78.93293, 24.56398],
        [78.933, 24.564],
        [78.93311, 24.564],
        [78.93327, 24.56397],
        [78.9335, 24.56389],
        [78.9336, 24.5637],
        [78.9337, 24.5635],
        [78.93379, 24.56318],
        [78.9339, 24.5628],
        [78.9339, 24.56226],
        [78.9339, 24.5621],
        [78.9339, 24.5615],
        [78.93393, 24.56147],
        [78.9342, 24.5612],
        [78.93435, 24.56098],
        [78.9344, 24.5609],
        [78.93447, 24.56087],
        [78.9346, 24.5608],
        [78.9349, 24.5606],
        [78.9352, 24.5604],
        [78.93562, 24.56023],
        [78.9357, 24.5602],
        [78.936, 24.5601],
        [78.93619, 24.55998],
        [78.93641, 24.55983],
        [78.9367, 24.5596],
        [78.937, 24.5595],
        [78.93712, 24.5595],
        [78.9373, 24.5595],
        [78.93765, 24.55936],
        [78.9378, 24.5593],
        [78.93801, 24.55923],
        [78.93815, 24.55917],
        [78.93819, 24.55915],
        [78.939, 24.5587],
        [78.9398, 24.5584],
        [78.9401, 24.5583],
        [78.94024, 24.55825],
        [78.9404, 24.5582],
        [78.9412, 24.5582],
        [78.9418, 24.5581],
        [78.9423, 24.5581],
        [78.94274, 24.55803],
        [78.9429, 24.558],
        [78.9435, 24.558],
        [78.944, 24.5578],
        [78.94424, 24.55775],
        [78.9445, 24.5577],
        [78.9449, 24.5575],
        [78.9452, 24.5574],
        [78.9456, 24.5573],
        [78.9459, 24.5572],
        [78.94606, 24.55704],
        [78.9463, 24.5568],
        [78.94638, 24.55672],
        [78.9465, 24.5566],
        [78.9468, 24.5562],
        [78.9468, 24.5558],
        [78.9469, 24.5553],
        [78.9469, 24.55528],
        [78.9469, 24.5551],
        [78.94702, 24.55492],
        [78.94705, 24.55485],
        [78.94713, 24.55475],
        [78.9472, 24.5546],
        [78.9475, 24.5544],
        [78.9478, 24.5543],
        [78.9479, 24.5542],
        [78.94803, 24.554],
        [78.94808, 24.55387],
        [78.9479, 24.5536],
        [78.94786, 24.5535],
        [78.9477, 24.5531],
        [78.94744, 24.55276],
        [78.9471, 24.5523],
        [78.9468, 24.5519],
        [78.9467, 24.55131],
        [78.94669, 24.55126],
        [78.9467, 24.55119],
        [78.9467, 24.551],
        [78.94673, 24.55093],
        [78.9468, 24.5508],
        [78.9471, 24.5505],
        [78.94717, 24.5504],
        [78.9473, 24.5502],
        [78.9478, 24.55],
        [78.948, 24.5498],
        [78.94819, 24.54961],
        [78.94837, 24.54941],
        [78.94839, 24.54941],
        [78.9484, 24.5494],
        [78.94844, 24.5494],
        [78.94865, 24.54937],
        [78.94892, 24.54933],
        [78.949, 24.5493],
        [78.94913, 24.5493],
        [78.94921, 24.54929],
        [78.94939, 24.54917],
        [78.9495, 24.5491],
        [78.9496, 24.549],
        [78.9498, 24.5489],
        [78.9498, 24.5489],
        [78.9501, 24.5488],
        [78.95033, 24.54863],
        [78.9505, 24.5485],
        [78.9509, 24.5484],
        [78.9512, 24.548],
        [78.9516, 24.5476],
        [78.9517, 24.5475],
        [78.952, 24.5471],
        [78.9522, 24.547],
        [78.95221, 24.547],
        [78.95222, 24.54699],
        [78.95246, 24.5469],
        [78.95278, 24.54678],
        [78.9526, 24.5466],
        [78.95246, 24.54646],
        [78.95239, 24.5464],
        [78.95191, 24.54611],
        [78.95164, 24.54595],
        [78.95152, 24.5459],
        [78.9514, 24.5459],
        [78.95116, 24.54574],
        [78.95109, 24.54571],
        [78.95057, 24.54549],
        [78.9503, 24.5454],
        [78.9497, 24.545],
        [78.9494, 24.5448],
        [78.949, 24.5447],
        [78.94842, 24.54441],
        [78.9484, 24.5444],
        [78.9482, 24.5443],
        [78.9474, 24.5425],
        [78.9468, 24.5416],
        [78.94639, 24.54102],
        [78.9463, 24.5409],
        [78.945, 24.5392],
        [78.945, 24.53901],
        [78.94499, 24.53898],
        [78.9449, 24.5387],
        [78.9449, 24.53858],
        [78.9449, 24.5384],
        [78.9448, 24.5381],
        [78.94476, 24.53797],
        [78.9447, 24.5378],
        [78.94459, 24.53716],
        [78.94448, 24.53657],
        [78.94447, 24.5365],
        [78.9444, 24.5363],
        [78.9444, 24.53612],
        [78.94439, 24.53608],
        [78.9443, 24.5358],
        [78.9442, 24.5356],
        [78.9439, 24.5351],
        [78.9438, 24.5349],
        [78.94377, 24.5348],
        [78.9437, 24.5346],
        [78.9436, 24.5345],
        [78.9435, 24.5343],
        [78.9435, 24.5341],
        [78.9435, 24.534],
        [78.944, 24.5323],
        [78.9441, 24.532],
        [78.94419, 24.53172],
        [78.9442, 24.5317],
        [78.9443, 24.5315],
        [78.9451, 24.5293],
        [78.94512, 24.52921],
        [78.9452, 24.5289],
        [78.94562, 24.52781],
        [78.94568, 24.52763],
        [78.94579, 24.52726],
        [78.9461, 24.5261],
        [78.94626, 24.52586],
        [78.9465, 24.5255],
        [78.94656, 24.52538],
        [78.9466, 24.5253],
        [78.9468, 24.5251],
        [78.9475, 24.5244],
        [78.9478, 24.524],
        [78.9482, 24.5235],
        [78.9495, 24.5221],
        [78.9497, 24.5217],
        [78.9499, 24.5214],
        [78.95, 24.5212],
        [78.95015, 24.52105],
        [78.95018, 24.521],
        [78.95033, 24.52074],
        [78.9505, 24.5204],
        [78.95084, 24.51958],
        [78.951, 24.5192],
        [78.951, 24.5187],
        [78.9504, 24.5182],
        [78.9501, 24.5178],
        [78.95006, 24.51776],
        [78.9496, 24.5173],
        [78.9484, 24.516],
        [78.94834, 24.51588],
        [78.94828, 24.51581],
        [78.94822, 24.51572],
        [78.9481, 24.5156],
        [78.948, 24.5154],
        [78.94807, 24.5152],
        [78.9481, 24.5151],
        [78.948, 24.5147],
        [78.9479, 24.5145],
        [78.9479, 24.5145],
        [78.9479, 24.5143],
        [78.9479, 24.5141],
        [78.94797, 24.51362],
        [78.948, 24.5134],
        [78.9481, 24.5122],
        [78.9482, 24.5108],
        [78.94828, 24.51003],
        [78.9483, 24.5099],
        [78.9484, 24.509],
        [78.94836, 24.50866],
        [78.9483, 24.5082],
        [78.94826, 24.50811],
        [78.9482, 24.508],
        [78.94811, 24.50671],
        [78.9481, 24.5065],
        [78.948, 24.5056],
        [78.948, 24.5053],
        [78.94795, 24.5052],
        [78.9479, 24.5051],
        [78.9479, 24.5048],
        [78.9479, 24.50474],
        [78.94789, 24.50463],
        [78.94779, 24.50439],
        [78.94777, 24.50434],
        [78.9477, 24.5042],
        [78.94761, 24.50393],
        [78.94759, 24.50388],
        [78.9475, 24.5037],
        [78.9474, 24.5035],
        [78.94733, 24.50323],
        [78.9473, 24.5031],
        [78.9472, 24.5025],
        [78.9475, 24.5022],
        [78.9475, 24.50219],
        [78.9474, 24.502],
        [78.94749, 24.50196],
        [78.9476, 24.5019],
        [78.94816, 24.50171],
        [78.9482, 24.5017],
        [78.9523, 24.5005],
        [78.9528, 24.5003],
        [78.95312, 24.50018],
        [78.9539, 24.4999],
        [78.9543, 24.4997],
        [78.95659, 24.49881],
        [78.9566, 24.4988],
        [78.9568, 24.4987],
        [78.9574, 24.4986],
        [78.9579, 24.4985],
        [78.9583, 24.4984],
        [78.9587, 24.4984],
        [78.95874, 24.4984],
        [78.9592, 24.4984],
        [78.9596, 24.4984],
        [78.9601, 24.4984],
        [78.96062, 24.49836],
        [78.9613, 24.4983],
        [78.96174, 24.4983],
        [78.9624, 24.4983],
        [78.9629, 24.4983],
        [78.96299, 24.49828],
        [78.9635, 24.4982],
        [78.96373, 24.4982],
        [78.964, 24.4982],
        [78.96437, 24.49805],
        [78.9645, 24.498],
        [78.96479, 24.498],
        [78.96505, 24.49799],
        [78.96531, 24.49798],
        [78.96542, 24.49788],
        [78.9656, 24.4977],
        [78.966, 24.4973],
        [78.96636, 24.49703],
        [78.96644, 24.49696],
        [78.9668, 24.4966],
        [78.96696, 24.49649],
        [78.9674, 24.4962],
        [78.9678, 24.49585],
        [78.9681, 24.4956],
        [78.9687, 24.4952],
        [78.9692, 24.4948],
        [78.96956, 24.49466],
        [78.9697, 24.4946],
        [78.9705, 24.4942],
        [78.97056, 24.49418],
        [78.9708, 24.4941],
        [78.971, 24.4941],
        [78.9713, 24.4941],
        [78.97144, 24.49403],
        [78.9715, 24.494],
        [78.9715, 24.4936],
        [78.9715, 24.493],
        [78.9715, 24.49299],
        [78.97147, 24.49284],
        [78.9714, 24.4924],
        [78.97118, 24.49152],
        [78.9708, 24.49],
        [78.97071, 24.48944],
        [78.9707, 24.4894],
        [78.9706, 24.4892],
        [78.9705, 24.489],
        [78.97035, 24.48885],
        [78.97017, 24.48873],
        [78.9701, 24.4887],
        [78.9696, 24.4884],
        [78.9691, 24.488],
        [78.96901, 24.48793],
        [78.9681, 24.4872],
        [78.9677, 24.4869],
        [78.9669, 24.4862],
        [78.96643, 24.48592],
        [78.9664, 24.4859],
        [78.96638, 24.48588],
        [78.9662, 24.4857],
        [78.9652, 24.4849],
        [78.96505, 24.48482],
        [78.965, 24.4848],
        [78.9648, 24.4846],
        [78.96473, 24.4845],
        [78.9646, 24.4843],
        [78.9644, 24.4841],
        [78.9642, 24.4839],
        [78.964, 24.4838],
        [78.964, 24.4838],
        [78.96389, 24.48373],
        [78.9637, 24.48362],
        [78.96343, 24.48353],
        [78.96331, 24.4835],
        [78.9632, 24.4835],
        [78.96242, 24.48332],
        [78.9615, 24.4831],
        [78.9611, 24.48306],
        [78.9606, 24.483],
        [78.9599, 24.4828],
        [78.9595, 24.4827],
        [78.9577, 24.4822],
        [78.95602, 24.4818],
        [78.9552, 24.4816],
        [78.95468, 24.48151],
        [78.95457, 24.4815],
        [78.95409, 24.48138],
        [78.9529, 24.4811],
        [78.9507, 24.4806],
        [78.95021, 24.4805],
        [78.95019, 24.4805],
        [78.95013, 24.48049],
        [78.9479, 24.4803],
        [78.94776, 24.48025],
        [78.9476, 24.4802],
        [78.9474, 24.4801],
        [78.9472, 24.48],
        [78.947, 24.4799],
        [78.94673, 24.47981],
        [78.9466, 24.47983],
        [78.9464, 24.4799],
        [78.9461, 24.4798],
        [78.9459, 24.4797],
        [78.94487, 24.47944],
        [78.9443, 24.4793],
        [78.9435, 24.4791],
        [78.94297, 24.47897],
        [78.9427, 24.4789],
        [78.94259, 24.47884],
        [78.9425, 24.4788],
        [78.9422, 24.4789],
        [78.942, 24.4789],
        [78.9418, 24.4789],
        [78.94175, 24.47893],
        [78.9416, 24.479],
        [78.9414, 24.479],
        [78.94125, 24.479],
        [78.9411, 24.479],
        [78.9409, 24.479],
        [78.9407, 24.479],
        [78.9405, 24.4791],
        [78.9402, 24.4792],
        [78.94002, 24.47929],
        [78.94, 24.4793],
        [78.9396, 24.4795],
        [78.9393, 24.4794],
        [78.9391, 24.4794],
        [78.93901, 24.4794],
        [78.93886, 24.47942],
        [78.93878, 24.4794],
        [78.9386, 24.4794],
        [78.9381, 24.4793],
        [78.9376, 24.4792],
        [78.9371, 24.4793],
        [78.9366, 24.4794],
        [78.9361, 24.4795],
        [78.9356, 24.4796],
        [78.93538, 24.47964],
        [78.9351, 24.4797],
        [78.9346, 24.4798],
        [78.934, 24.4799],
        [78.933, 24.4802],
        [78.9302, 24.481],
        [78.9291, 24.4813],
        [78.9285, 24.4814],
        [78.92842, 24.48144],
        [78.9281, 24.4816],
        [78.9276, 24.48189],
        [78.9274, 24.48201],
        [78.92728, 24.48224],
        [78.92721, 24.48238],
        [78.92724, 24.48261],
        [78.92729, 24.48269],
        [78.9274, 24.4828],
        [78.9274, 24.48296],
        [78.9274, 24.4832],
        [78.9275, 24.4836],
        [78.9276, 24.4839],
        [78.92766, 24.48402],
        [78.9277, 24.4841],
        [78.9278, 24.4843],
        [78.92795, 24.48445],
        [78.92798, 24.48447],
        [78.92848, 24.48476],
        [78.9293, 24.4852],
        [78.9301, 24.4858],
        [78.93016, 24.48584],
        [78.9309, 24.4864],
        [78.93136, 24.48674],
        [78.932, 24.4872],
        [78.93294, 24.48806],
        [78.9332, 24.4883],
        [78.9338, 24.4888],
        [78.9339, 24.4889],
        [78.9354, 24.4889],
        [78.93548, 24.4889],
        [78.9357, 24.4889],
        [78.93585, 24.48905],
        [78.93589, 24.48907],
        [78.93598, 24.48914],
        [78.9361, 24.4892],
        [78.9363, 24.4895],
        [78.9369, 24.4903],
        [78.93695, 24.49045],
        [78.93702, 24.49055],
        [78.93717, 24.49076],
        [78.93716, 24.49076],
        [78.9372, 24.4908],
        [78.937, 24.4908],
        [78.93687, 24.49083],
        [78.93663, 24.4909],
        [78.93656, 24.49092],
        [78.9364, 24.491],
        [78.9346, 24.4911],
        [78.933, 24.4912],
        [78.9328, 24.4912],
        [78.9318, 24.4913],
        [78.9317, 24.4915],
        [78.9316, 24.4917],
        [78.93154, 24.49175],
        [78.9311, 24.4921],
        [78.931, 24.4923],
        [78.93082, 24.49253],
        [78.9307, 24.4927],
        [78.93053, 24.49281],
        [78.9304, 24.4929],
        [78.9301, 24.4931],
        [78.93003, 24.49324],
        [78.93, 24.4933],
        [78.92988, 24.49336],
        [78.92979, 24.49343],
        [78.92974, 24.49346],
        [78.9296, 24.4936],
        [78.92948, 24.4936],
        [78.9294, 24.4936],
        [78.9285, 24.494],
        [78.92835, 24.49408],
        [78.9283, 24.4941],
        [78.9281, 24.4942],
        [78.9279, 24.4943],
        [78.92789, 24.4943],
        [78.92787, 24.49431],
        [78.92782, 24.4943],
        [78.9277, 24.4943],
        [78.92755, 24.4943],
        [78.92743, 24.49433],
        [78.9273, 24.4944],
        [78.9272, 24.4945],
        [78.927, 24.4946],
        [78.9269, 24.49479],
        [78.9268, 24.495],
        [78.9267, 24.4953],
        [78.92665, 24.49539],
        [78.9266, 24.4955],
        [78.9264, 24.4958],
        [78.9262, 24.496],
        [78.9261, 24.4961],
        [78.9258, 24.4967],
        [78.9258, 24.4969],
        [78.9258, 24.4971],
        [78.9258, 24.4973],
        [78.9258, 24.4976],
        [78.92574, 24.49771],
        [78.92574, 24.49775],
        [78.92566, 24.49788],
        [78.9255, 24.4982],
        [78.9253, 24.4984],
        [78.92511, 24.4985],
        [78.9251, 24.49859],
        [78.9251, 24.4987],
        [78.9251, 24.4989],
        [78.92505, 24.499],
        [78.92503, 24.49914],
        [78.925, 24.49929],
        [78.925, 24.4993],
        [78.92499, 24.49932],
        [78.92499, 24.49934],
        [78.92493, 24.49961],
        [78.92483, 24.49967],
        [78.9247, 24.4998],
        [78.9245, 24.4999],
        [78.92377, 24.50003],
        [78.9234, 24.5001],
        [78.9231, 24.5002],
        [78.9227, 24.5002],
        [78.92257, 24.5002],
        [78.9225, 24.5002],
        [78.9222, 24.5002],
        [78.9217, 24.5001],
        [78.921, 24.4999],
        [78.9207, 24.4998],
        [78.9204, 24.4997],
        [78.9202, 24.4996],
        [78.92019, 24.49959],
        [78.9201, 24.4994],
        [78.91993, 24.49914],
        [78.9199, 24.4991],
        [78.9198, 24.4988],
        [78.9197, 24.4985],
        [78.9197, 24.4982],
        [78.91973, 24.49814],
        [78.91976, 24.49802],
        [78.9198, 24.49793],
        [78.9198, 24.4978],
        [78.91996, 24.49764],
        [78.92, 24.49738],
        [78.92, 24.4973],
        [78.9199, 24.4971],
        [78.91965, 24.49685],
        [78.91945, 24.4967],
        [78.91929, 24.49656],
        [78.9192, 24.4965],
        [78.91918, 24.49646],
        [78.91905, 24.49632],
        [78.91898, 24.49618],
        [78.9189, 24.4961],
        [78.9189, 24.49588],
        [78.91889, 24.49583],
        [78.91874, 24.49564],
        [78.9187, 24.4956],
        [78.9185, 24.4954],
        [78.9184, 24.4952],
        [78.91851, 24.49506],
        [78.9187, 24.4948],
        [78.9185, 24.4946],
        [78.9185, 24.4944],
        [78.91844, 24.49422],
        [78.9184, 24.4941],
        [78.9185, 24.4939],
        [78.91853, 24.49385],
        [78.9186, 24.4937],
        [78.9186, 24.4935],
        [78.91855, 24.49335],
        [78.9185, 24.4932],
        [78.9185, 24.49314],
        [78.91847, 24.49302],
        [78.91843, 24.49285],
        [78.9184, 24.4928],
        [78.9184, 24.4926],
        [78.9184, 24.4924],
        [78.9185, 24.4921],
        [78.91864, 24.49196],
        [78.91866, 24.49192],
        [78.9187, 24.49175],
        [78.9187, 24.4917],
        [78.9187, 24.49163],
        [78.91868, 24.49148],
        [78.91855, 24.4913],
        [78.9182, 24.4913],
        [78.9179, 24.4915],
        [78.9179, 24.49115],
        [78.9179, 24.4911],
        [78.9179, 24.4906],
        [78.91783, 24.49047],
        [78.9178, 24.4904],
        [78.91775, 24.49016],
        [78.9177, 24.4899],
        [78.9176, 24.4895],
        [78.9175, 24.4893],
        [78.9174, 24.4891],
        [78.9174, 24.4891],
        [78.9174, 24.4889],
        [78.91748, 24.48866],
        [78.91749, 24.48861],
        [78.9175, 24.48851],
        [78.9175, 24.4884],
        [78.9175, 24.48823],
        [78.9175, 24.4882],
        [78.9175, 24.488],
        [78.9175, 24.48787],
        [78.91749, 24.48784],
        [78.91748, 24.4876],
        [78.9175, 24.48739],
        [78.9175, 24.4872],
        [78.9175, 24.4867],
        [78.91745, 24.48659],
        [78.9174, 24.4865],
        [78.9174, 24.48638],
        [78.91738, 24.48631],
        [78.9173, 24.4861],
        [78.9172, 24.4859],
        [78.91706, 24.48541],
        [78.91697, 24.48515],
        [78.91677, 24.48451],
        [78.9166, 24.484],
        [78.9166, 24.48392],
        [78.9166, 24.4837],
        [78.9165, 24.4832],
        [78.9164, 24.4824],
        [78.9163, 24.4822],
        [78.9161, 24.4819],
        [78.916, 24.4817],
        [78.91594, 24.48164],
        [78.9158, 24.4815],
        [78.9155, 24.4809],
        [78.9154, 24.4806],
        [78.9149, 24.4794],
        [78.9149, 24.47936],
        [78.9149, 24.4792],
        [78.91446, 24.47861],
        [78.9143, 24.4784],
        [78.91407, 24.478],
        [78.91388, 24.4777],
        [78.91371, 24.47739],
        [78.9134, 24.4769],
        [78.9132, 24.4761],
        [78.9125, 24.475],
        [78.9124, 24.4746],
        [78.9124, 24.47436],
        [78.91237, 24.47419],
        [78.91235, 24.47404],
        [78.9123, 24.4739],
        [78.9121, 24.4735],
        [78.91215, 24.47324],
        [78.91217, 24.47304],
        [78.9122, 24.47275],
        [78.9122, 24.4727],
        [78.91221, 24.47267],
        [78.91221, 24.47265],
        [78.91227, 24.47227],
        [78.9123, 24.47211],
        [78.9123, 24.4719],
        [78.9124, 24.4715],
        [78.9124, 24.47117],
        [78.91239, 24.47081],
        [78.9124, 24.47075],
        [78.9124, 24.4705],
        [78.91244, 24.47006],
        [78.9125, 24.4695],
        [78.91255, 24.4693],
        [78.9126, 24.4691],
        [78.9127, 24.4688],
        [78.91276, 24.46859],
        [78.913, 24.4678],
        [78.9132, 24.4672],
        [78.91319, 24.46717],
        [78.91318, 24.46714],
        [78.91314, 24.46702],
        [78.91307, 24.46687],
        [78.91295, 24.4666],
        [78.9129, 24.4665],
        [78.91288, 24.46643],
        [78.91276, 24.46607],
        [78.91275, 24.46599],
        [78.9127, 24.4659],
        [78.9127, 24.46561],
        [78.9127, 24.4656],
        [78.91271, 24.46559],
        [78.91277, 24.46536],
        [78.91289, 24.46521],
        [78.9129, 24.4652],
        [78.91291, 24.4652],
        [78.91292, 24.46518],
        [78.91309, 24.46507],
        [78.91326, 24.46494],
        [78.9133, 24.4649],
        [78.91337, 24.46476],
        [78.9134, 24.4647],
        [78.9135, 24.4642],
        [78.9136, 24.4639],
        [78.9136, 24.46379],
        [78.9136, 24.4636],
        [78.91377, 24.46343],
        [78.9138, 24.4634],
        [78.9139, 24.4633],
        [78.9141, 24.4631],
        [78.9144, 24.4629],
        [78.9145, 24.4627],
        [78.91463, 24.46257],
        [78.91465, 24.46254],
        [78.91477, 24.46239],
        [78.9148, 24.46232],
        [78.9148, 24.4622],
        [78.9148, 24.462],
        [78.9148, 24.4618],
        [78.91484, 24.46149],
        [78.9149, 24.4611],
        [78.91484, 24.46077],
        [78.9148, 24.4605],
        [78.9148, 24.4603],
        [78.9148, 24.4601],
        [78.9148, 24.46],
        [78.91477, 24.45989],
        [78.91469, 24.45985],
        [78.91467, 24.45983],
        [78.91457, 24.45979],
        [78.91435, 24.45974],
        [78.91433, 24.45971],
        [78.9143, 24.4597],
        [78.9142, 24.4595],
        [78.9144, 24.4593],
        [78.9146, 24.45923],
        [78.91465, 24.45921],
        [78.9147, 24.45911],
        [78.9147, 24.459],
        [78.91488, 24.45873],
        [78.9149, 24.4587],
        [78.9151, 24.4584],
        [78.9151, 24.45825],
        [78.9151, 24.4582],
        [78.91512, 24.4582],
        [78.91513, 24.45818],
        [78.91532, 24.45824],
        [78.9157, 24.4583],
        [78.91645, 24.45872],
        [78.91656, 24.45877],
        [78.91702, 24.459],
        [78.91708, 24.45903],
        [78.9173, 24.4591],
        [78.91745, 24.45917],
        [78.9177, 24.4593],
        [78.9181, 24.4594],
        [78.9191, 24.4596],
        [78.9195, 24.4597],
        [78.92017, 24.45982],
        [78.9206, 24.4599],
        [78.9208, 24.4599],
        [78.92104, 24.45996],
        [78.92123, 24.45997],
        [78.92127, 24.45996],
        [78.9214, 24.4599],
        [78.92175, 24.4599],
        [78.92183, 24.45989],
        [78.92185, 24.45989],
        [78.9222, 24.4598],
        [78.9224, 24.4598],
        [78.9225, 24.4598],
        [78.9227, 24.4598],
        [78.9231, 24.4598],
        [78.9233, 24.4598],
        [78.92338, 24.45982],
        [78.9237, 24.4599],
        [78.92381, 24.45996],
        [78.9239, 24.45998],
        [78.92412, 24.46009],
        [78.9243, 24.46],
        [78.92447, 24.46],
        [78.92459, 24.45997],
        [78.925, 24.4599],
        [78.9252, 24.4599],
        [78.92527, 24.45988],
        [78.92546, 24.45979],
        [78.9256, 24.4598],
        [78.9257, 24.4598],
        [78.9267, 24.4599],
        [78.927, 24.4599],
        [78.9272, 24.4599],
        [78.92734, 24.45993],
        [78.9276, 24.45997],
        [78.92781, 24.46],
        [78.9281, 24.46],
        [78.9283, 24.4599],
        [78.9285, 24.4596],
        [78.92853, 24.45955],
        [78.9288, 24.4591],
        [78.929, 24.4589],
        [78.9291, 24.4588],
        [78.9292, 24.4587],
        [78.9293, 24.45867],
        [78.9295, 24.4586],
        [78.9297, 24.4585],
        [78.92976, 24.45847],
        [78.9299, 24.4584],
        [78.9302, 24.4583],
        [78.9304, 24.4581],
        [78.9307, 24.4579],
        [78.9307, 24.4579],
        [78.9308, 24.4578],
        [78.931, 24.4577],
        [78.9312, 24.4575],
        [78.9314, 24.4574],
        [78.93161, 24.45733],
        [78.9317, 24.4573],
        [78.93175, 24.4573],
        [78.93199, 24.45725],
        [78.93209, 24.45721],
        [78.9322, 24.4571],
        [78.93245, 24.45702],
        [78.93246, 24.45701],
        [78.93254, 24.45696],
        [78.9326, 24.4569],
        [78.9329, 24.4566],
        [78.9333, 24.4565],
        [78.93334, 24.4565],
        [78.9335, 24.4565],
        [78.9337, 24.4564],
        [78.9341, 24.4563],
        [78.9345, 24.4562],
        [78.93453, 24.45614],
        [78.9346, 24.456],
        [78.93466, 24.45597],
        [78.9348, 24.4559],
        [78.93507, 24.45544],
        [78.9351, 24.4554],
        [78.93535, 24.45521],
        [78.93548, 24.45511],
        [78.93553, 24.45507],
        [78.9356, 24.455],
        [78.93563, 24.45499],
        [78.93564, 24.45498],
        [78.93568, 24.45497],
        [78.9359, 24.4549],
        [78.93602, 24.4549],
        [78.9362, 24.4549],
        [78.9364, 24.4548],
        [78.93654, 24.45471],
        [78.9367, 24.4546],
        [78.937, 24.4546],
        [78.93712, 24.45466],
        [78.9374, 24.4548],
        [78.93757, 24.45472],
        [78.9376, 24.4547],
        [78.9379, 24.4544],
        [78.93806, 24.45432],
        [78.9381, 24.4543],
        [78.9383, 24.4542],
        [78.9386, 24.4541],
        [78.93884, 24.45402],
        [78.9389, 24.454],
        [78.9391, 24.4537],
        [78.93919, 24.45365],
        [78.93926, 24.45357],
        [78.93934, 24.45351],
        [78.9394, 24.4534],
        [78.93957, 24.4534],
        [78.93966, 24.45337],
        [78.9398, 24.45335],
        [78.9399, 24.4533],
        [78.93997, 24.45296],
        [78.94, 24.4528],
        [78.94, 24.4525],
        [78.9401, 24.45221],
        [78.9401, 24.4522],
        [78.94015, 24.4522],
        [78.94032, 24.45218],
        [78.94041, 24.45216],
        [78.9406, 24.4521],
        [78.9408, 24.452],
        [78.94099, 24.45194],
        [78.94113, 24.45186],
        [78.94129, 24.45168],
        [78.94136, 24.45158],
        [78.9414, 24.4515],
        [78.9417, 24.4509],
        [78.9418, 24.4506],
        [78.94184, 24.45049],
        [78.94189, 24.45026],
        [78.94189, 24.45001],
        [78.9419, 24.44972],
        [78.9419, 24.4497],
        [78.9419, 24.44944],
        [78.9419, 24.4494],
        [78.9419, 24.4492],
        [78.9418, 24.4489],
        [78.94172, 24.44867],
        [78.9417, 24.4486],
        [78.9416, 24.4483],
        [78.9415, 24.4477],
        [78.9415, 24.4475],
        [78.9415, 24.4473],
        [78.9415, 24.4471],
        [78.94159, 24.44692],
        [78.9416, 24.44689],
        [78.94163, 24.44682],
        [78.9418, 24.4464],
        [78.9419, 24.4463],
        [78.9421, 24.4461],
        [78.94217, 24.4459],
        [78.9422, 24.4458],
        [78.9423, 24.44573],
        [78.9425, 24.4456],
        [78.9426, 24.4454],
        [78.9427, 24.4451],
        [78.9427, 24.4443],
        [78.9427, 24.444],
        [78.9428, 24.4438],
        [78.94284, 24.44373],
        [78.9429, 24.4436],
        [78.94296, 24.44357],
        [78.94311, 24.44347],
        [78.94324, 24.44339],
        [78.9436, 24.4431],
        [78.9438, 24.443],
        [78.94381, 24.44299],
        [78.944, 24.4428],
        [78.9441, 24.4427],
        [78.9442, 24.4425],
        [78.94438, 24.44214],
        [78.9448, 24.4413],
        [78.9449, 24.4412],
        [78.94491, 24.44119],
        [78.94494, 24.44115],
        [78.94508, 24.441],
        [78.94512, 24.44095],
        [78.9452, 24.4408],
        [78.94534, 24.44073],
        [78.9454, 24.4407],
        [78.9456, 24.4405],
        [78.94572, 24.44038],
        [78.9458, 24.4403],
        [78.946, 24.4401],
        [78.9462, 24.4398],
        [78.94635, 24.43965],
        [78.9465, 24.4395],
        [78.9466, 24.4393],
        [78.9467, 24.4391],
        [78.9468, 24.4389],
        [78.9468, 24.4387],
        [78.9467, 24.4381],
        [78.94664, 24.43799],
        [78.9466, 24.4379],
        [78.947, 24.4372],
        [78.9471, 24.437],
        [78.9473, 24.4366],
        [78.94747, 24.43643],
        [78.9475, 24.43639],
        [78.94754, 24.43638],
        [78.9477, 24.4363],
        [78.9485, 24.4365],
        [78.94855, 24.43652],
        [78.9488, 24.4366],
        [78.94927, 24.43669],
        [78.9498, 24.4368],
        [78.9506, 24.437],
        [78.95127, 24.43705],
        [78.9519, 24.4371],
        [78.9523, 24.4371],
        [78.9528, 24.4371],
        [78.95354, 24.43693],
        [78.9537, 24.4369],
        [78.95371, 24.4369],
        [78.954, 24.4369],
        [78.9543, 24.4369],
        [78.9547, 24.4369],
        [78.95477, 24.4369],
        [78.9549, 24.4369],
        [78.9552, 24.437],
        [78.95529, 24.43704],
        [78.95538, 24.43707],
        [78.95548, 24.4371],
        [78.9556, 24.4371],
        [78.9558, 24.4372],
        [78.95646, 24.43753],
        [78.9566, 24.4376],
        [78.9568, 24.4377],
        [78.9581, 24.4384],
        [78.9584, 24.43851],
        [78.9597, 24.439],
        [78.95989, 24.43913],
        [78.96, 24.43917],
        [78.96012, 24.4392],
        [78.9603, 24.4392],
        [78.96066, 24.43929],
        [78.9607, 24.4393],
        [78.961, 24.4393],
        [78.9612, 24.4393],
        [78.96156, 24.4393],
        [78.9616, 24.4393],
        [78.96212, 24.4393],
        [78.9623, 24.4393],
        [78.96234, 24.4393],
        [78.9627, 24.4393],
        [78.9634, 24.4391],
        [78.9639, 24.439],
        [78.9643, 24.4388],
        [78.96459, 24.43868],
        [78.9648, 24.4386],
        [78.9651, 24.4385],
        [78.9653, 24.4385],
        [78.96532, 24.43851],
        [78.96533, 24.43851],
        [78.96566, 24.43868],
        [78.9657, 24.4387],
        [78.9659, 24.4388],
        [78.96595, 24.43883],
        [78.9664, 24.4391],
        [78.9674, 24.4396],
        [78.96747, 24.4396],
        [78.9676, 24.4396],
        [78.968, 24.4397],
        [78.96805, 24.4397],
        [78.96815, 24.43965],
        [78.96821, 24.43965],
        [78.9683, 24.4396],
        [78.96864, 24.43967],
        [78.96876, 24.43968],
        [78.96886, 24.43964],
        [78.9689, 24.4396],
        [78.9698, 24.4393],
        [78.97011, 24.43934],
        [78.9706, 24.4394],
        [78.97105, 24.4394],
        [78.9713, 24.4394],
        [78.97142, 24.43944],
        [78.9716, 24.4395],
        [78.97249, 24.43968],
        [78.9731, 24.4398],
        [78.97328, 24.43986],
        [78.9734, 24.43989],
        [78.97374, 24.43998],
        [78.9752, 24.4403],
        [78.97535, 24.44037],
        [78.97542, 24.44039],
        [78.97576, 24.44048],
        [78.97603, 24.44055],
        [78.9772, 24.4408],
        [78.97736, 24.44088],
        [78.97741, 24.44089],
        [78.97746, 24.4409],
        [78.9777, 24.4409],
        [78.97786, 24.44098],
        [78.9779, 24.44099],
        [78.97799, 24.44097],
        [78.9782, 24.4409],
        [78.97831, 24.4409],
        [78.9785, 24.4409],
        [78.9787, 24.4408],
        [78.97878, 24.44072],
        [78.9789, 24.4406],
        [78.97909, 24.4405],
        [78.97914, 24.44047],
        [78.97936, 24.44032],
        [78.97943, 24.44028],
        [78.9799, 24.44],
        [78.97998, 24.44],
        [78.9801, 24.44],
        [78.9804, 24.44],
        [78.98053, 24.44],
        [78.9806, 24.44],
        [78.9807, 24.4401],
        [78.98078, 24.44017],
        [78.98081, 24.44021],
        [78.981, 24.4404],
        [78.9813, 24.4408],
        [78.98137, 24.44101],
        [78.9814, 24.4411],
        [78.9815, 24.4412],
        [78.9817, 24.4413],
        [78.9819, 24.4414],
        [78.9821, 24.4415],
        [78.9823, 24.4416],
        [78.98253, 24.4416],
        [78.9827, 24.4416],
        [78.9829, 24.4416],
        [78.9831, 24.4416],
        [78.98345, 24.4416],
        [78.984, 24.4416],
        [78.98428, 24.44152],
        [78.9847, 24.4414],
        [78.98527, 24.44135],
        [78.9858, 24.4413],
        [78.98584, 24.44107],
        [78.9859, 24.4407],
        [78.98619, 24.43991],
        [78.98627, 24.43963],
        [78.98636, 24.43935],
        [78.9865, 24.4388],
        [78.98675, 24.43824],
        [78.9869, 24.4379],
        [78.9874, 24.4365],
        [78.9878, 24.4354],
        [78.98794, 24.43498],
        [78.9881, 24.4345],
        [78.98838, 24.43394],
        [78.9884, 24.4339],
        [78.9889, 24.4326],
        [78.9892, 24.4323],
        [78.9893, 24.4322],
        [78.9896, 24.4319],
        [78.9902, 24.4315],
        [78.9903, 24.4314],
        [78.9905, 24.43113],
        [78.99056, 24.43102],
        [78.99064, 24.43085],
        [78.9907, 24.4306],
        [78.99094, 24.4297],
        [78.99099, 24.4295],
        [78.99104, 24.42899],
        [78.9911, 24.4281],
        [78.9911, 24.4277],
        [78.99114, 24.42743],
        [78.9912, 24.427],
        [78.9913, 24.4265],
        [78.9916, 24.426],
        [78.99169, 24.42581],
        [78.9918, 24.4256],
        [78.9924, 24.4248],
        [78.99251, 24.42469],
        [78.9928, 24.4244],
        [78.9935, 24.4235],
        [78.99362, 24.4232],
        [78.9937, 24.423],
        [78.9937, 24.42297],
        [78.9938, 24.4224],
        [78.9936, 24.4215],
        [78.99326, 24.42083],
        [78.9931, 24.4205],
        [78.9929, 24.42],
        [78.99255, 24.41921],
        [78.9925, 24.4191],
        [78.9923, 24.4187],
        [78.9918, 24.41786],
        [78.9917, 24.4177],
        [78.9906, 24.4167],
        [78.9892, 24.4154],
        [78.9889, 24.4152],
        [78.98835, 24.41465],
        [78.98819, 24.41451],
        [78.98807, 24.41441],
        [78.9879, 24.4143],
        [78.98774, 24.41414],
        [78.98749, 24.41393],
        [78.98727, 24.41375],
        [78.9869, 24.4135],
        [78.9868, 24.41335],
        [78.9867, 24.4132],
        [78.98587, 24.41255],
        [78.9853, 24.4121],
        [78.98515, 24.41181],
        [78.9851, 24.4117],
        [78.9849, 24.4114],
        [78.9847, 24.411],
        [78.98457, 24.41081],
        [78.9845, 24.4107],
        [78.98442, 24.41045],
        [78.98437, 24.41035],
        [78.98433, 24.41027],
        [78.9842, 24.41],
        [78.9841, 24.4098],
        [78.9841, 24.40959],
        [78.98407, 24.40927],
        [78.984, 24.4089],
        [78.984, 24.4079],
        [78.984, 24.4075],
        [78.98409, 24.40703],
        [78.9841, 24.407],
        [78.9842, 24.4063],
        [78.9843, 24.4055],
        [78.9843, 24.40534],
        [78.9843, 24.4053],
        [78.9844, 24.4045],
        [78.9844, 24.40436],
        [78.98438, 24.40428],
        [78.98437, 24.40425],
        [78.9843, 24.4041],
        [78.9843, 24.40391],
        [78.98429, 24.40389],
        [78.9842, 24.4037],
        [78.9841, 24.40335],
        [78.9839, 24.4027],
        [78.9837, 24.4025],
        [78.9836, 24.4024],
        [78.9835, 24.4021],
        [78.9834, 24.4017],
        [78.98332, 24.40131],
        [78.9833, 24.40123],
        [78.98323, 24.40107],
        [78.9832, 24.401],
        [78.98318, 24.40094],
        [78.98306, 24.40069],
        [78.98297, 24.40051],
        [78.9829, 24.4004],
        [78.9828, 24.4002],
        [78.98252, 24.39977],
        [78.9824, 24.3996],
        [78.9819, 24.3991],
        [78.98165, 24.39893],
        [78.9816, 24.3989],
        [78.98158, 24.39885],
        [78.9815, 24.3986],
        [78.9814, 24.3983],
        [78.9813, 24.3982],
        [78.9812, 24.3981],
        [78.98112, 24.39777],
        [78.98108, 24.39768],
        [78.98106, 24.39763],
        [78.9809, 24.3973],
        [78.9808, 24.3969],
        [78.9808, 24.39671],
        [78.98079, 24.39665],
        [78.98076, 24.39641],
        [78.98075, 24.3963],
        [78.9807, 24.3962],
        [78.9807, 24.3959],
        [78.9807, 24.3959],
        [78.9805, 24.3951],
        [78.9804, 24.39479],
        [78.9803, 24.3945],
        [78.98027, 24.39441],
        [78.9802, 24.3942],
        [78.9799, 24.3937],
        [78.9797, 24.3933],
        [78.9796, 24.3931],
        [78.97905, 24.3922],
        [78.9785, 24.3913],
        [78.97813, 24.39067],
        [78.9778, 24.3901],
        [78.9777, 24.3899],
        [78.9769, 24.3884],
        [78.9768, 24.3876],
        [78.97661, 24.38671],
        [78.9765, 24.3862],
        [78.97646, 24.38577],
        [78.9764, 24.3851],
        [78.97622, 24.38419],
        [78.9761, 24.3836],
        [78.9761, 24.38349],
        [78.9761, 24.3833],
        [78.9759, 24.3823],
        [78.9756, 24.3806],
        [78.97541, 24.37976],
        [78.9753, 24.3793],
        [78.9752, 24.379],
        [78.97515, 24.3788],
        [78.9751, 24.3786],
        [78.97475, 24.37797],
        [78.9746, 24.3777],
        [78.9744, 24.3773],
        [78.97393, 24.37652],
        [78.9735, 24.3758],
        [78.9733, 24.37548],
        [78.9726, 24.3744],
        [78.9722, 24.3737],
        [78.97183, 24.37312],
        [78.9715, 24.3726],
        [78.9706, 24.3712],
        [78.97029, 24.37079],
        [78.97, 24.3704],
        [78.97, 24.37033],
        [78.96996, 24.37026],
        [78.96987, 24.37007],
        [78.96985, 24.36999],
        [78.9698, 24.3699],
        [78.9698, 24.36984],
        [78.96975, 24.36968],
        [78.96974, 24.36958],
        [78.9697, 24.3695],
        [78.9697, 24.3692],
        [78.9697, 24.369],
        [78.9697, 24.3688],
        [78.9697, 24.3686],
        [78.96984, 24.36748],
        [78.9699, 24.367],
        [78.9703, 24.3661],
        [78.9704, 24.3653],
        [78.97056, 24.36453],
        [78.9707, 24.3639],
        [78.9711, 24.3623],
        [78.9713, 24.3613],
        [78.97159, 24.3601],
        [78.9719, 24.3588],
        [78.97206, 24.35781],
        [78.9722, 24.3569],
        [78.9723, 24.3565],
        [78.9724, 24.356],
        [78.97249, 24.35574],
        [78.9725, 24.35568],
        [78.9725, 24.3554],
        [78.97256, 24.35523],
        [78.9726, 24.3551],
        [78.9726, 24.3548],
        [78.9726, 24.3544],
        [78.97255, 24.3543],
        [78.9724, 24.354],
        [78.9723, 24.3537],
        [78.9723, 24.35357],
        [78.9723, 24.3535],
        [78.9721, 24.3531],
        [78.9716, 24.3521],
        [78.97144, 24.35199],
        [78.9713, 24.3519],
        [78.97114, 24.35166],
        [78.9709, 24.3513],
        [78.97074, 24.35114],
        [78.9707, 24.3511],
        [78.97061, 24.35092],
        [78.9706, 24.3509],
        [78.9707, 24.3507],
        [78.9708, 24.3505],
        [78.97083, 24.35047],
        [78.9713, 24.3499],
        [78.9714, 24.3497],
        [78.9714, 24.34953],
        [78.9714, 24.3494],
        [78.97145, 24.34924],
        [78.97146, 24.34914],
        [78.97148, 24.34892],
        [78.9715, 24.34873],
        [78.9715, 24.3487],
        [78.9715, 24.34868],
        [78.9716, 24.3481],
        [78.9715, 24.3477],
        [78.9714, 24.3474],
        [78.9712, 24.3471],
        [78.9708, 24.3467],
        [78.9707, 24.3465],
        [78.9705, 24.3464],
        [78.9701, 24.3461],
        [78.96959, 24.34599],
        [78.9692, 24.3459],
        [78.9687, 24.3457],
        [78.96852, 24.34561],
        [78.96833, 24.34554],
        [78.96815, 24.3455],
        [78.968, 24.3455],
        [78.96739, 24.34533],
        [78.96732, 24.34531],
        [78.96692, 24.3453],
        [78.9669, 24.3453],
        [78.9664, 24.3453],
        [78.9662, 24.3453],
        [78.96617, 24.3453],
        [78.9659, 24.3453],
        [78.96581, 24.34525],
        [78.9657, 24.3452],
        [78.9654, 24.3451],
        [78.9653, 24.3451],
        [78.9652, 24.3451],
        [78.96504, 24.34502],
        [78.96497, 24.345],
        [78.96477, 24.3449],
        [78.9643, 24.3447],
        [78.9638, 24.3445],
        [78.96361, 24.34441],
        [78.9634, 24.3443],
        [78.9632, 24.3441],
        [78.96291, 24.34391],
        [78.9629, 24.3439],
        [78.9626, 24.3437],
        [78.96239, 24.34349],
        [78.96227, 24.34339],
        [78.9621, 24.34321],
        [78.96199, 24.34309],
        [78.9619, 24.343],
        [78.9616, 24.3427],
        [78.9614, 24.3425],
        [78.9613, 24.34231],
        [78.9612, 24.3421],
        [78.9601, 24.3407],
        [78.95981, 24.34031],
        [78.9598, 24.3403],
        [78.9598, 24.34029],
        [78.9597, 24.34014],
        [78.95964, 24.34004],
        [78.9596, 24.34],
        [78.9587, 24.3387],
        [78.95832, 24.33795],
        [78.9579, 24.3371],
        [78.9575, 24.3364],
        [78.9572, 24.3359],
        [78.9567, 24.3352],
        [78.95651, 24.33498],
        [78.9561, 24.3345],
        [78.9555, 24.3339],
        [78.9553, 24.3337],
        [78.95525, 24.33365],
        [78.955, 24.33341],
        [78.95496, 24.33337],
        [78.9547, 24.3332],
        [78.95459, 24.33303],
        [78.95449, 24.33294],
        [78.95431, 24.33277],
        [78.9542, 24.3327],
        [78.954, 24.3325],
        [78.95386, 24.3323],
        [78.95377, 24.33219],
        [78.95356, 24.33192],
        [78.9533, 24.3316],
        [78.9523, 24.3304],
        [78.95225, 24.33031],
        [78.9522, 24.3302],
        [78.9515, 24.3293],
        [78.951, 24.3287],
        [78.9504, 24.3279],
        [78.9499, 24.3274],
        [78.9493, 24.3267],
        [78.9491, 24.3265],
        [78.94898, 24.32641],
        [78.9487, 24.3262],
        [78.9483, 24.3258],
        [78.9481, 24.3256],
        [78.9479, 24.3255],
        [78.9476, 24.3251],
        [78.94754, 24.32501],
        [78.9473, 24.3247],
        [78.9471, 24.3244],
        [78.94693, 24.32423],
        [78.9469, 24.3242],
        [78.94684, 24.32411],
        [78.94672, 24.32395],
        [78.94665, 24.32385],
        [78.9465, 24.3237],
        [78.94629, 24.32335],
        [78.9462, 24.3232],
        [78.9458, 24.3224],
        [78.945, 24.3208],
        [78.9449, 24.3205],
        [78.9448, 24.3202],
        [78.94471, 24.32002],
        [78.9446, 24.3198],
        [78.9446, 24.31969],
        [78.9446, 24.3196],
        [78.9445, 24.3191],
        [78.94434, 24.31894],
        [78.9443, 24.3189],
        [78.9442, 24.3187],
        [78.9441, 24.3185],
        [78.9438, 24.318],
        [78.9436, 24.3178],
        [78.94355, 24.31769],
        [78.94346, 24.31759],
        [78.94336, 24.31746],
        [78.9433, 24.3174],
        [78.9431, 24.31713],
        [78.943, 24.317],
        [78.9425, 24.3165],
        [78.9421, 24.3161],
        [78.9415, 24.3156],
        [78.94145, 24.31556],
        [78.941, 24.3152],
        [78.94097, 24.31517],
        [78.9408, 24.315],
        [78.94052, 24.31489],
        [78.9403, 24.3148],
        [78.93966, 24.31432],
        [78.9391, 24.3139],
        [78.9385, 24.3135],
        [78.9382, 24.3133],
        [78.938, 24.3132],
        [78.9375, 24.3129],
        [78.93731, 24.31281],
        [78.9371, 24.3127],
        [78.93696, 24.31261],
        [78.93682, 24.31254],
        [78.93654, 24.31242],
        [78.93637, 24.31235],
        [78.936, 24.3122],
        [78.9355, 24.312],
        [78.935, 24.3118],
        [78.9345, 24.3116],
        [78.93419, 24.31148],
        [78.93395, 24.31139],
        [78.9334, 24.31121],
        [78.9324, 24.3109],
        [78.93224, 24.31083],
        [78.9319, 24.3107],
        [78.9305, 24.3102],
        [78.9302, 24.31014],
        [78.93, 24.3101],
        [78.9296, 24.31],
        [78.92952, 24.30996],
        [78.9294, 24.3099],
        [78.9291, 24.3098],
        [78.9287, 24.3096],
        [78.92822, 24.30941],
        [78.9282, 24.3094],
        [78.9278, 24.3092],
        [78.9274, 24.309],
        [78.927, 24.3087],
        [78.9266, 24.3085],
        [78.9264, 24.3083],
        [78.9263, 24.3082],
        [78.92591, 24.3079],
        [78.9251, 24.3073],
        [78.92488, 24.30719],
        [78.9245, 24.307],
        [78.9231, 24.306],
        [78.9226, 24.3056],
        [78.92242, 24.30533],
        [78.92236, 24.30526],
        [78.9222, 24.3051],
        [78.92211, 24.30491],
        [78.92187, 24.3046],
        [78.92182, 24.30452],
        [78.9217, 24.3044],
        [78.92157, 24.30419],
        [78.9214, 24.3039],
        [78.9212, 24.3037],
        [78.9209, 24.3032],
        [78.9207, 24.3028],
        [78.92061, 24.30266],
        [78.9205, 24.3025],
        [78.92042, 24.3021],
        [78.92039, 24.30201],
        [78.92025, 24.30175],
        [78.92019, 24.30163],
        [78.9201, 24.3015],
        [78.92, 24.3014],
        [78.9199, 24.3012],
        [78.9199, 24.3012],
        [78.9198, 24.301],
        [78.9195, 24.3007],
        [78.9192, 24.3004],
        [78.91898, 24.30025],
        [78.9189, 24.3002],
        [78.91868, 24.30013],
        [78.91865, 24.30012],
        [78.91828, 24.30004],
        [78.9171, 24.2998],
        [78.9161, 24.2996],
        [78.91605, 24.29957],
        [78.91589, 24.29955],
        [78.91577, 24.2995],
        [78.9157, 24.2995],
        [78.9155, 24.2994],
        [78.9152, 24.2993],
        [78.915, 24.2992],
        [78.91497, 24.29919],
        [78.9148, 24.2991],
        [78.9146, 24.299],
        [78.9144, 24.2989],
        [78.9142, 24.2988],
        [78.91413, 24.29878],
        [78.9139, 24.2987],
        [78.9134, 24.29852],
        [78.9128, 24.2983],
        [78.9125, 24.2982],
        [78.91213, 24.2982],
        [78.9118, 24.2982],
        [78.9111, 24.2983],
        [78.9108, 24.2984],
        [78.91061, 24.2984],
        [78.91052, 24.29841],
        [78.91038, 24.2984],
        [78.9102, 24.2984],
        [78.91015, 24.29837],
        [78.91, 24.2983],
        [78.90971, 24.2982],
        [78.9097, 24.2982],
        [78.9096, 24.2981],
        [78.9095, 24.2978],
        [78.9095, 24.29768],
        [78.9095, 24.2976],
        [78.9095, 24.2973],
        [78.9096, 24.2967],
        [78.9097, 24.2956],
        [78.9097, 24.29523],
        [78.9097, 24.2952],
        [78.90985, 24.29482],
        [78.9099, 24.29469],
        [78.90992, 24.29464],
        [78.9101, 24.294],
        [78.9105, 24.2929],
        [78.91051, 24.29288],
        [78.9107, 24.2925],
        [78.91085, 24.29196],
        [78.9109, 24.2918],
        [78.91103, 24.29148],
        [78.91109, 24.29131],
        [78.91119, 24.29087],
        [78.9112, 24.2908],
        [78.9112, 24.29079],
        [78.91121, 24.29076],
        [78.91127, 24.29049],
        [78.9113, 24.29035],
        [78.9113, 24.2902],
        [78.91139, 24.28993],
        [78.9114, 24.2898],
        [78.9114, 24.2897],
        [78.9114, 24.2894],
        [78.9114, 24.2891],
        [78.91148, 24.28887],
        [78.91148, 24.28883],
        [78.9115, 24.28855],
        [78.9115, 24.2885],
        [78.9115, 24.2883],
        [78.9115, 24.2881],
        [78.91155, 24.28799],
        [78.91157, 24.28788],
        [78.9116, 24.28765],
        [78.91172, 24.28752],
        [78.9118, 24.2874],
        [78.91209, 24.28711],
        [78.9121, 24.2871],
        [78.9124, 24.2869],
        [78.9127, 24.2867],
        [78.9129, 24.2866],
        [78.9137, 24.2863],
        [78.9144, 24.286],
        [78.91482, 24.28581],
        [78.9157, 24.2854],
        [78.9159, 24.2853],
        [78.9168, 24.2848],
        [78.9173, 24.2845],
        [78.9176, 24.2842],
        [78.9178, 24.284],
        [78.918, 24.2838],
        [78.9182, 24.2836],
        [78.91822, 24.28357],
        [78.9184, 24.2833],
        [78.91841, 24.28329],
        [78.9186, 24.2831],
        [78.9187, 24.2828],
        [78.9188, 24.2826],
        [78.91874, 24.28231],
        [78.9187, 24.2821],
        [78.9187, 24.28202],
        [78.9187, 24.2819],
        [78.91838, 24.28086],
        [78.9183, 24.2806],
        [78.9181, 24.28],
        [78.9179, 24.2794],
        [78.91783, 24.27918],
        [78.9177, 24.2788],
        [78.9174, 24.2781],
        [78.9172, 24.2774],
        [78.91693, 24.27677],
        [78.9169, 24.2767],
        [78.9168, 24.2765],
        [78.9168, 24.27631],
        [78.91677, 24.27618],
        [78.91674, 24.27601],
        [78.9167, 24.2759],
        [78.9167, 24.27581],
        [78.91667, 24.27565],
        [78.91664, 24.27552],
        [78.9166, 24.2754],
        [78.9166, 24.2751],
        [78.9166, 24.2748],
        [78.91664, 24.27461],
        [78.9167, 24.2743],
        [78.9167, 24.2726],
        [78.91676, 24.27196],
        [78.9168, 24.2715],
        [78.91685, 24.27125],
        [78.91687, 24.27105],
        [78.9169, 24.27068],
        [78.9169, 24.2705],
        [78.9169, 24.27049],
        [78.9169, 24.2702],
        [78.9168, 24.2699],
        [78.91674, 24.26973],
        [78.9167, 24.2696],
        [78.9166, 24.2692],
        [78.9166, 24.26911],
        [78.91655, 24.26889],
        [78.91648, 24.26872],
        [78.9164, 24.2686],
        [78.9163, 24.2683],
        [78.91625, 24.26814],
        [78.91618, 24.26798],
        [78.91599, 24.26769],
        [78.91593, 24.26759],
        [78.9158, 24.2674],
        [78.9155, 24.2672],
        [78.9153, 24.267],
        [78.91525, 24.26695],
        [78.915, 24.2667],
        [78.9147, 24.2666],
        [78.9143, 24.2665],
        [78.914, 24.2664],
        [78.9137, 24.2663],
        [78.9135, 24.2663],
        [78.9133, 24.2663],
        [78.9131, 24.2663],
        [78.9128, 24.2663],
        [78.9126, 24.2664],
        [78.91249, 24.2664],
        [78.91239, 24.26643],
        [78.91227, 24.26646],
        [78.9122, 24.2665],
        [78.912, 24.2666],
        [78.91183, 24.2666],
        [78.91169, 24.26664],
        [78.91142, 24.26667],
        [78.9113, 24.2667],
        [78.91119, 24.2667],
        [78.91112, 24.26671],
        [78.91091, 24.26673],
        [78.91074, 24.2667],
        [78.9107, 24.2667],
        [78.9102, 24.2666],
        [78.9096, 24.26645],
        [78.90904, 24.26632],
        [78.90885, 24.26623],
        [78.9079, 24.2658],
        [78.90752, 24.26562],
        [78.9058, 24.2648],
        [78.90452, 24.26398],
        [78.9044, 24.2639],
        [78.90428, 24.26382],
        [78.9037, 24.2634],
        [78.903, 24.2628],
        [78.9025, 24.2624],
        [78.9017, 24.26187],
        [78.9016, 24.2618],
        [78.90147, 24.2617],
        [78.9003, 24.2608],
        [78.8993, 24.2601],
        [78.89883, 24.25977],
        [78.8966, 24.2582],
        [78.8954, 24.2573],
        [78.8951, 24.2571],
        [78.8942, 24.2566],
        [78.8934, 24.2562],
        [78.8913, 24.2552],
        [78.8907, 24.2548],
        [78.89022, 24.25448],
        [78.8901, 24.2544],
        [78.8887, 24.2536],
        [78.88848, 24.25348],
        [78.8874, 24.2529],
        [78.8865, 24.2523],
        [78.88639, 24.25219],
        [78.8863, 24.2521],
        [78.8861, 24.252],
        [78.8858, 24.2518],
        [78.88573, 24.25175],
        [78.8855, 24.2516],
        [78.8853, 24.2514],
        [78.8851, 24.2512],
        [78.8849, 24.251],
        [78.88489, 24.25099],
        [78.8847, 24.2507],
        [78.8845, 24.2505],
        [78.8844, 24.2502],
        [78.8844, 24.25001],
        [78.88437, 24.24986],
        [78.88429, 24.2495],
        [78.88425, 24.2493],
        [78.8842, 24.2491],
        [78.8842, 24.24901],
        [78.88417, 24.24879],
        [78.88414, 24.24854],
        [78.8841, 24.2484],
        [78.8841, 24.24829],
        [78.8841, 24.2481],
        [78.8841, 24.2478],
        [78.8841, 24.2473],
        [78.88404, 24.24713],
        [78.884, 24.247],
        [78.884, 24.2466],
        [78.884, 24.2462],
        [78.884, 24.24578],
        [78.88399, 24.24539],
        [78.884, 24.24529],
        [78.884, 24.245],
        [78.88405, 24.2448],
        [78.88407, 24.24461],
        [78.8841, 24.24423],
        [78.8841, 24.2442],
        [78.8841, 24.2439],
        [78.88416, 24.24361],
        [78.88417, 24.24345],
        [78.8842, 24.24316],
        [78.8842, 24.2431],
        [78.8843, 24.2425],
        [78.8844, 24.24235],
        [78.8845, 24.2422],
        [78.8852, 24.2401],
        [78.88527, 24.2399],
        [78.8855, 24.2392],
        [78.8859, 24.2381],
        [78.88603, 24.23785],
        [78.8861, 24.2377],
        [78.88633, 24.23686],
        [78.8867, 24.2355],
        [78.8873, 24.23381],
        [78.8873, 24.2338],
        [78.8874, 24.2335],
        [78.88751, 24.2329],
        [78.8877, 24.2318],
        [78.88777, 24.23166],
        [78.8878, 24.2316],
        [78.8879, 24.2309],
        [78.8879, 24.2306],
        [78.8882, 24.2285],
        [78.8882, 24.2277],
        [78.8882, 24.2274],
        [78.8881, 24.2271],
        [78.88803, 24.22696],
        [78.888, 24.2269],
        [78.888, 24.22685],
        [78.888, 24.2267],
        [78.8879, 24.2265],
        [78.88783, 24.22647],
        [78.8877, 24.2264],
        [78.8875, 24.2261],
        [78.8873, 24.2258],
        [78.8871, 24.2256],
        [78.887, 24.2254],
        [78.8868, 24.2252],
        [78.88663, 24.22503],
        [78.8866, 24.225],
        [78.8864, 24.2248],
        [78.8863, 24.2245],
        [78.8863, 24.22444],
        [78.8863, 24.2243],
        [78.8862, 24.2241],
        [78.88608, 24.22386],
        [78.886, 24.2237],
        [78.886, 24.22365],
        [78.886, 24.2235],
        [78.8859, 24.2232],
        [78.88586, 24.22307],
        [78.8858, 24.2229],
        [78.8857, 24.2225],
        [78.8857, 24.22233],
        [78.8857, 24.2222],
        [78.8856, 24.2219],
        [78.88551, 24.22173],
        [78.8855, 24.2217],
        [78.8854, 24.2214],
        [78.8853, 24.2211],
        [78.8852, 24.2209],
        [78.8849, 24.2204],
        [78.8848, 24.2202],
        [78.8843, 24.2197],
        [78.8841, 24.2194],
        [78.88404, 24.21933],
        [78.8836, 24.2188],
        [78.88325, 24.21852],
        [78.8831, 24.2184],
        [78.88289, 24.21812],
        [78.88283, 24.21805],
        [78.88234, 24.21754],
        [78.8823, 24.2175],
        [78.88192, 24.21712],
        [78.8819, 24.2171],
        [78.8815, 24.2167],
        [78.8812, 24.2165],
        [78.88108, 24.21638],
        [78.881, 24.2163],
        [78.8796, 24.2153],
        [78.879, 24.215],
        [78.87851, 24.21475],
        [78.8782, 24.2146],
        [78.8775, 24.2143],
        [78.87716, 24.21413],
        [78.8769, 24.214],
        [78.8766, 24.2139],
        [78.8757, 24.2137],
        [78.8741, 24.2133],
        [78.8739, 24.2132],
        [78.8734, 24.213],
        [78.87292, 24.21286],
        [78.8727, 24.2128],
        [78.8721, 24.2126],
        [78.8712, 24.2122],
        [78.8705, 24.2119],
        [78.87009, 24.21173],
        [78.8698, 24.2116],
        [78.8691, 24.2113],
        [78.8684, 24.211],
        [78.8677, 24.2108],
        [78.8657, 24.2102],
        [78.8653, 24.2101],
        [78.8649, 24.21],
        [78.8645, 24.2099],
        [78.86445, 24.20989],
        [78.863, 24.2096],
        [78.8612, 24.2093],
        [78.8608, 24.2093],
        [78.8604, 24.2093],
        [78.86014, 24.20937],
        [78.86, 24.2094],
        [78.8599, 24.2094],
        [78.8596, 24.2094],
        [78.85943, 24.20951],
        [78.8593, 24.2096],
        [78.859, 24.20968],
        [78.8589, 24.2097],
        [78.8586, 24.2098],
        [78.8582, 24.21],
        [78.8577, 24.2102],
        [78.85703, 24.21071],
        [78.8569, 24.2108],
        [78.8555, 24.2117],
        [78.8553, 24.2118],
        [78.8541, 24.2128],
        [78.85292, 24.21378],
        [78.8529, 24.2138],
        [78.85283, 24.21382],
        [78.8525, 24.2139],
        [78.8522, 24.21405],
        [78.8521, 24.2141],
        [78.85178, 24.21416],
        [78.8516, 24.2142],
        [78.8512, 24.2143],
        [78.8507, 24.2143],
        [78.85033, 24.21437],
        [78.8502, 24.2144],
        [78.85, 24.2144],
        [78.8498, 24.2144],
        [78.8493, 24.2144],
        [78.8488, 24.2143],
        [78.8484, 24.2143],
        [78.84822, 24.21424],
        [78.8481, 24.2142],
        [78.8477, 24.2141],
        [78.8473, 24.214],
        [78.84705, 24.21395],
        [78.8468, 24.2139],
        [78.8465, 24.2137],
        [78.8462, 24.2135],
        [78.84597, 24.21327],
        [78.84589, 24.21321],
        [78.84581, 24.21314],
        [78.8456, 24.213],
        [78.84491, 24.21239],
        [78.8439, 24.2115],
        [78.843, 24.2108],
        [78.8428, 24.2106],
        [78.8422, 24.2101],
        [78.842, 24.2099],
        [78.84165, 24.20963],
        [78.8416, 24.2096],
        [78.8413, 24.2094],
        [78.8411, 24.2092],
        [78.8409, 24.209],
        [78.8408, 24.2089],
        [78.84069, 24.20883],
        [78.8405, 24.2087],
        [78.8402, 24.2086],
        [78.84015, 24.20858],
        [78.8399, 24.2085],
        [78.8395, 24.2083],
        [78.8393, 24.2082],
        [78.8389, 24.208],
        [78.8386, 24.2078],
        [78.8382, 24.2076],
        [78.838, 24.2075],
        [78.8376, 24.2071],
        [78.83755, 24.20702],
        [78.8374, 24.2068],
        [78.83704, 24.20653],
        [78.837, 24.2065],
        [78.83628, 24.20565],
        [78.83581, 24.20512],
        [78.83529, 24.2047],
        [78.83469, 24.20416],
        [78.8336, 24.2032],
        [78.8333, 24.2029],
        [78.83292, 24.20254],
        [78.83279, 24.20242],
        [78.8325, 24.2022],
        [78.8325, 24.20209],
        [78.83246, 24.202],
        [78.83234, 24.20184],
        [78.8322, 24.2017],
        [78.8319, 24.2013],
        [78.8316, 24.2009],
        [78.8313, 24.2004],
        [78.831, 24.2],
        [78.8308, 24.1996],
        [78.8306, 24.19911],
        [78.83059, 24.19908],
        [78.8304, 24.1987],
        [78.83035, 24.19861],
        [78.8302, 24.1983],
        [78.83004, 24.19814],
        [78.8299, 24.198],
        [78.82977, 24.19775],
        [78.8297, 24.1976],
        [78.8295, 24.1973],
        [78.8293, 24.1971],
        [78.82929, 24.19709],
        [78.8289, 24.1967],
        [78.8286, 24.1964],
        [78.8282, 24.1961],
        [78.8279, 24.196],
        [78.8275, 24.1958],
        [78.82714, 24.19571],
        [78.8271, 24.1957],
        [78.82702, 24.19568],
        [78.82669, 24.19563],
        [78.82644, 24.1956],
        [78.8263, 24.1956],
        [78.8259, 24.1956],
        [78.8257, 24.1956],
        [78.82567, 24.1956],
        [78.82544, 24.1956],
        [78.82533, 24.19565],
        [78.8251, 24.1958],
        [78.8247, 24.1959],
        [78.8245, 24.1961],
        [78.8243, 24.1963],
        [78.82414, 24.19646],
        [78.82408, 24.19654],
        [78.82397, 24.1967],
        [78.8239, 24.19679],
        [78.8239, 24.19681],
        [78.8238, 24.1971],
        [78.8237, 24.1973],
        [78.82364, 24.19739],
        [78.8235, 24.1976],
        [78.8234, 24.1978],
        [78.8234, 24.19807],
        [78.8234, 24.1982],
        [78.8233, 24.1986],
        [78.8232, 24.1994],
        [78.823, 24.2006],
        [78.8229, 24.2013],
        [78.82281, 24.20165],
        [78.8227, 24.2021],
        [78.8227, 24.20226],
        [78.8227, 24.2024],
        [78.82264, 24.20257],
        [78.82263, 24.20265],
        [78.8226, 24.2028],
        [78.8226, 24.2029],
        [78.8225, 24.2032],
        [78.82236, 24.20341],
        [78.82232, 24.20348],
        [78.82218, 24.20374],
        [78.82203, 24.20399],
        [78.82196, 24.20411],
        [78.8219, 24.2043],
        [78.82177, 24.20434],
        [78.82164, 24.20444],
        [78.82154, 24.20452],
        [78.8215, 24.2046],
        [78.8206, 24.2052],
        [78.82007, 24.20547],
        [78.8196, 24.2057],
        [78.81946, 24.20584],
        [78.8194, 24.2059],
        [78.8191, 24.206],
        [78.8186, 24.2063],
        [78.8179, 24.2066],
        [78.8177, 24.20667],
        [78.81762, 24.20671],
        [78.81746, 24.20677],
        [78.8172, 24.2069],
        [78.8169, 24.207],
        [78.8167, 24.2071],
        [78.81642, 24.2071],
        [78.8164, 24.2071],
        [78.8162, 24.2071],
        [78.81616, 24.2071],
        [78.8159, 24.2071],
        [78.81569, 24.20703],
        [78.81564, 24.20702],
        [78.81554, 24.207],
        [78.8154, 24.207],
        [78.81513, 24.20691],
        [78.81508, 24.2069],
        [78.8149, 24.2069],
        [78.814, 24.2061],
        [78.81393, 24.206],
        [78.8138, 24.2058],
        [78.8136, 24.2056],
        [78.8134, 24.2053],
        [78.8133, 24.2052],
        [78.8132, 24.2051],
        [78.8132, 24.20482],
        [78.81319, 24.20478],
        [78.8131, 24.2045],
        [78.8131, 24.20353],
        [78.8131, 24.2032],
        [78.81303, 24.20238],
        [78.813, 24.202],
        [78.813, 24.20182],
        [78.813, 24.2012],
        [78.8129, 24.199],
        [78.81279, 24.19847],
        [78.8127, 24.198],
        [78.8127, 24.19771],
        [78.8127, 24.1974],
        [78.81256, 24.19622],
        [78.8124, 24.1949],
        [78.8124, 24.19457],
        [78.81236, 24.19425],
        [78.81234, 24.19407],
        [78.8123, 24.1939],
        [78.8123, 24.19369],
        [78.81227, 24.19345],
        [78.81224, 24.19323],
        [78.8122, 24.1931],
        [78.8122, 24.1927],
        [78.8122, 24.1922],
        [78.8122, 24.1918],
        [78.81226, 24.19163],
        [78.8123, 24.1915],
        [78.8123, 24.191],
        [78.8123, 24.19077],
        [78.8123, 24.1906],
        [78.81235, 24.19051],
        [78.81237, 24.19038],
        [78.8124, 24.19026],
        [78.8124, 24.1901],
        [78.81255, 24.18988],
        [78.81258, 24.18981],
        [78.81265, 24.18965],
        [78.8127, 24.1895],
        [78.81276, 24.18942],
        [78.8129, 24.1892],
        [78.8131, 24.1888],
        [78.8138, 24.1874],
        [78.8141, 24.1868],
        [78.8142, 24.1865],
        [78.81426, 24.18631],
        [78.8143, 24.1862],
        [78.8143, 24.1859],
        [78.81436, 24.18572],
        [78.81437, 24.18562],
        [78.8144, 24.18539],
        [78.8144, 24.1853],
        [78.8143, 24.185],
        [78.8143, 24.1848],
        [78.81422, 24.18457],
        [78.81418, 24.18446],
        [78.81407, 24.18418],
        [78.81398, 24.18396],
        [78.8139, 24.1838],
        [78.81369, 24.18326],
        [78.8134, 24.1825],
        [78.81319, 24.18214],
        [78.8128, 24.1815],
        [78.81274, 24.18132],
        [78.81268, 24.18121],
        [78.8126, 24.1811],
        [78.8125, 24.181],
        [78.8123, 24.1807],
        [78.81224, 24.18059],
        [78.81216, 24.18048],
        [78.8119, 24.1803],
        [78.81175, 24.18015],
        [78.81167, 24.18009],
        [78.81148, 24.17995],
        [78.81142, 24.17992],
        [78.81141, 24.1799],
        [78.81138, 24.17989],
        [78.8111, 24.1798],
        [78.81095, 24.17972],
        [78.81085, 24.17969],
        [78.81055, 24.17959],
        [78.8096, 24.1793],
        [78.8092, 24.1792],
        [78.8074, 24.1787],
        [78.8069, 24.1786],
        [78.8065, 24.1785],
        [78.8059, 24.1784],
        [78.8055, 24.17833],
        [78.80532, 24.17831],
        [78.80523, 24.1783],
        [78.8048, 24.1783],
        [78.8043, 24.1782],
        [78.80409, 24.1782],
        [78.80374, 24.17822],
        [78.80348, 24.17825],
        [78.8032, 24.1783],
        [78.80295, 24.1783],
        [78.8027, 24.1783],
        [78.80202, 24.1784],
        [78.8013, 24.1785],
        [78.80105, 24.1785],
        [78.80097, 24.17851],
        [78.80073, 24.1785],
        [78.7998, 24.1785],
        [78.7976, 24.1784],
        [78.79636, 24.17832],
        [78.79614, 24.17831],
        [78.79607, 24.1783],
        [78.7959, 24.1783],
        [78.79576, 24.17825],
        [78.7956, 24.17823],
        [78.79543, 24.1782],
        [78.7953, 24.1782],
        [78.79515, 24.17815],
        [78.79504, 24.17813],
        [78.79487, 24.1781],
        [78.7948, 24.1781],
        [78.7945, 24.178],
        [78.7942, 24.1779],
        [78.794, 24.1778],
        [78.79397, 24.17778],
        [78.79373, 24.17764],
        [78.79353, 24.17752],
        [78.79346, 24.17749],
        [78.7931, 24.1774],
        [78.7929, 24.1773],
        [78.79285, 24.17727],
        [78.79268, 24.17723],
        [78.79255, 24.1772],
        [78.7925, 24.1772],
        [78.79235, 24.17715],
        [78.79224, 24.17712],
        [78.79203, 24.1771],
        [78.792, 24.1771],
        [78.7918, 24.1771],
        [78.7901, 24.1771],
        [78.78984, 24.1771],
        [78.78958, 24.17723],
        [78.7895, 24.1773],
        [78.7894, 24.1774],
        [78.7893, 24.1777],
        [78.789, 24.1783],
        [78.7886, 24.1794],
        [78.78834, 24.17992],
        [78.7881, 24.1804],
        [78.78795, 24.18085],
        [78.7878, 24.1813],
        [78.7874, 24.182],
        [78.7872, 24.1824],
        [78.7871, 24.1826],
        [78.78701, 24.18278],
        [78.787, 24.1828],
        [78.78686, 24.18287],
        [78.7866, 24.183],
        [78.7861, 24.1833],
        [78.78595, 24.18341],
        [78.7857, 24.1836],
        [78.78568, 24.18363],
        [78.78553, 24.18387],
        [78.7855, 24.18406],
        [78.7855, 24.1843],
        [78.78543, 24.1845],
        [78.78542, 24.18459],
        [78.7854, 24.18471],
        [78.7854, 24.1849],
        [78.78524, 24.18513],
        [78.78523, 24.18516],
        [78.78514, 24.18531],
        [78.7851, 24.1854],
        [78.785, 24.1856],
        [78.78494, 24.1857],
        [78.78483, 24.1859],
        [78.78458, 24.18627],
        [78.7845, 24.1864],
        [78.78444, 24.18646],
        [78.78433, 24.1866],
        [78.78424, 24.18671],
        [78.7842, 24.1868],
        [78.784, 24.1871],
        [78.78385, 24.18725],
        [78.7838, 24.1873],
        [78.7836, 24.1875],
        [78.78355, 24.18765],
        [78.7835, 24.1878],
        [78.7834, 24.188],
        [78.7832, 24.1886],
        [78.783, 24.1893],
        [78.7827, 24.1903],
        [78.7825, 24.1913],
        [78.7822, 24.1925],
        [78.782, 24.1932],
        [78.78195, 24.1933],
        [78.78193, 24.19342],
        [78.7819, 24.19357],
        [78.7819, 24.1936],
        [78.7819, 24.1938],
        [78.78184, 24.19391],
        [78.78183, 24.194],
        [78.7818, 24.1942],
        [78.7818, 24.1944],
        [78.7818, 24.1946],
        [78.7818, 24.1948],
        [78.7818, 24.195],
        [78.7818, 24.1954],
        [78.7818, 24.19541],
        [78.7818, 24.197],
        [78.7818, 24.1977],
        [78.78188, 24.19826],
        [78.7819, 24.1984],
        [78.7819, 24.1986],
        [78.7818, 24.1991],
        [78.7817, 24.1993],
        [78.78156, 24.19944],
        [78.78154, 24.19947],
        [78.78153, 24.19947],
        [78.7815, 24.1995],
        [78.7812, 24.1996],
        [78.781, 24.1997],
        [78.7808, 24.1998],
        [78.78063, 24.19997],
        [78.7806, 24.2],
        [78.7806, 24.2002],
        [78.7808, 24.2009],
        [78.78101, 24.20152],
        [78.7812, 24.2021],
        [78.7812, 24.20222],
        [78.7812, 24.2023],
        [78.7813, 24.2029],
        [78.78137, 24.2031],
        [78.7814, 24.2032],
        [78.7815, 24.2036],
        [78.7815, 24.20379],
        [78.78152, 24.2039],
        [78.7815, 24.20406],
        [78.7815, 24.2043],
        [78.78145, 24.20452],
        [78.78143, 24.20466],
        [78.7814, 24.20494],
        [78.7814, 24.205],
        [78.78138, 24.20508],
        [78.7813, 24.2054],
        [78.7811, 24.2059],
        [78.7811, 24.20598],
        [78.7811, 24.2061],
        [78.78086, 24.20641],
        [78.7808, 24.2065],
        [78.7804, 24.207],
        [78.7797, 24.208],
        [78.77954, 24.20819],
        [78.7791, 24.2087],
        [78.77881, 24.20899],
        [78.7785, 24.2093],
        [78.77815, 24.20979],
        [78.778, 24.21],
        [78.7777, 24.2103],
        [78.7777, 24.2103],
        [78.7771, 24.2108],
        [78.77641, 24.21149],
        [78.7764, 24.2115],
        [78.7762, 24.2117],
        [78.776, 24.2118],
        [78.77592, 24.21186],
        [78.7757, 24.212],
        [78.775, 24.2124],
        [78.77493, 24.21247],
        [78.7748, 24.2126],
        [78.77464, 24.2126],
        [78.7745, 24.2126],
        [78.7742, 24.2127],
        [78.7739, 24.2128],
        [78.7735, 24.2129],
        [78.7732, 24.2131],
        [78.7729, 24.2133],
        [78.77268, 24.21337],
        [78.7726, 24.2134],
        [78.7722, 24.2136],
        [78.772, 24.2138],
        [78.7719, 24.2139],
        [78.7717, 24.2141],
        [78.77147, 24.21426],
        [78.77138, 24.21433],
        [78.77123, 24.21456],
        [78.77111, 24.21476],
        [78.7705, 24.2158],
        [78.77039, 24.21591],
        [78.7702, 24.2161],
        [78.7695, 24.2172],
        [78.7694, 24.21736],
        [78.7692, 24.2177],
        [78.76879, 24.21835],
        [78.7682, 24.2193],
        [78.76805, 24.2194],
        [78.7679, 24.2195],
        [78.7678, 24.2196],
        [78.76772, 24.21968],
        [78.76762, 24.2198],
        [78.76752, 24.21998],
        [78.76745, 24.22011],
        [78.7673, 24.2204],
        [78.7672, 24.2206],
        [78.76714, 24.22077],
        [78.76713, 24.22092],
        [78.7671, 24.22119],
        [78.7671, 24.2212],
        [78.7671, 24.2214],
        [78.76714, 24.22154],
        [78.7672, 24.2218],
        [78.7673, 24.222],
        [78.76744, 24.22221],
        [78.7675, 24.2223],
        [78.7676, 24.2227],
        [78.7676, 24.22305],
        [78.76763, 24.22325],
        [78.76763, 24.22326],
        [78.7677, 24.2234],
        [78.7677, 24.22372],
        [78.76773, 24.22393],
        [78.7677, 24.22418],
        [78.7677, 24.2242],
        [78.76769, 24.22423],
        [78.7676, 24.2245],
        [78.7675, 24.225],
        [78.7675, 24.2253],
        [78.7674, 24.2262],
        [78.7674, 24.2264],
        [78.7674, 24.2266],
        [78.7674, 24.227],
        [78.76733, 24.22715],
        [78.7673, 24.2272],
        [78.7672, 24.2274],
        [78.7671, 24.2276],
        [78.767, 24.2278],
        [78.76694, 24.22792],
        [78.7669, 24.228],
        [78.7667, 24.2283],
        [78.7649, 24.23],
        [78.76477, 24.23009],
        [78.76461, 24.23024],
        [78.7645, 24.2305],
        [78.7644, 24.2308],
        [78.7644, 24.2311],
        [78.7644, 24.2314],
        [78.76435, 24.23154],
        [78.76434, 24.2317],
        [78.76436, 24.23187],
        [78.7644, 24.232],
        [78.7644, 24.2322],
        [78.76458, 24.23256],
        [78.76461, 24.23261],
        [78.7648, 24.2329],
        [78.7656, 24.2345],
        [78.7658, 24.2349],
        [78.7662, 24.2359],
        [78.76634, 24.23611],
        [78.7664, 24.2362],
        [78.76659, 24.23658],
        [78.76661, 24.23662],
        [78.7668, 24.2369],
        [78.76684, 24.23707],
        [78.76692, 24.23727],
        [78.76697, 24.23741],
        [78.7671, 24.2376],
        [78.76716, 24.23791],
        [78.76722, 24.23806],
        [78.76725, 24.23825],
        [78.7673, 24.2384],
        [78.7673, 24.23858],
        [78.76733, 24.23877],
        [78.76737, 24.23909],
        [78.7674, 24.2392],
        [78.7674, 24.2393],
        [78.7674, 24.2397],
        [78.76752, 24.24013],
        [78.7676, 24.2404],
        [78.7676, 24.24062],
        [78.76762, 24.24075],
        [78.76765, 24.2409],
        [78.7677, 24.241],
        [78.7677, 24.24117],
        [78.76772, 24.24128],
        [78.76779, 24.24153],
        [78.7679, 24.2418],
        [78.76794, 24.24205],
        [78.768, 24.2424],
        [78.76809, 24.24258],
        [78.7682, 24.2428],
        [78.76828, 24.24329],
        [78.7683, 24.2434],
        [78.7684, 24.2439],
        [78.7685, 24.2442],
        [78.76859, 24.24447],
        [78.7686, 24.2445],
        [78.7686, 24.24451],
        [78.7686, 24.2448],
        [78.7686, 24.2452],
        [78.76868, 24.24543],
        [78.7687, 24.2455],
        [78.7687, 24.2458],
        [78.76872, 24.24603],
        [78.7687, 24.24644],
        [78.7687, 24.2468],
        [78.7686, 24.2482],
        [78.7686, 24.2486],
        [78.7684, 24.2496],
        [78.7683, 24.2504],
        [78.7683, 24.25067],
        [78.76831, 24.25075],
        [78.7683, 24.25079],
        [78.7683, 24.2508],
        [78.7683, 24.25081],
        [78.7682, 24.251],
        [78.7682, 24.25121],
        [78.7682, 24.2514],
        [78.7681, 24.2517],
        [78.76797, 24.25183],
        [78.76791, 24.25192],
        [78.76775, 24.25216],
        [78.7676, 24.2524],
        [78.7674, 24.2527],
        [78.76725, 24.25285],
        [78.7672, 24.2529],
        [78.7659, 24.2542],
        [78.76587, 24.25423],
        [78.76583, 24.25425],
        [78.7655, 24.2545],
        [78.7648, 24.255],
        [78.7645, 24.2552],
        [78.76445, 24.25522],
        [78.7643, 24.25534],
        [78.76398, 24.25594],
        [78.7636, 24.2567],
        [78.76329, 24.25726],
        [78.7631, 24.2576],
        [78.763, 24.2577],
        [78.76271, 24.2582],
        [78.7623, 24.2589],
        [78.7622, 24.25895],
        [78.76213, 24.25903],
        [78.76198, 24.25913],
        [78.7619, 24.25925],
        [78.7618, 24.2594],
        [78.7616, 24.2592],
        [78.7615, 24.259],
        [78.7611, 24.2586],
        [78.76086, 24.25839],
        [78.7602, 24.2578],
        [78.76002, 24.25762],
        [78.75971, 24.25734],
        [78.75971, 24.25731],
        [78.7597, 24.2573],
        [78.7597, 24.257],
        [78.7597, 24.2567],
        [78.75985, 24.25514],
        [78.7599, 24.2546],
        [78.7599, 24.25332],
        [78.7599, 24.2533],
        [78.76001, 24.25252],
        [78.76029, 24.25042],
        [78.7603, 24.2502],
        [78.7603, 24.25],
        [78.76032, 24.2497],
        [78.7604, 24.2487],
        [78.76029, 24.24778],
        [78.7601, 24.2462],
        [78.7601, 24.2459],
        [78.7601, 24.2457],
        [78.7601, 24.24569],
        [78.7601, 24.2453],
        [78.76005, 24.24519],
        [78.76, 24.2451],
        [78.76, 24.2449],
        [78.76, 24.24477],
        [78.76, 24.2447],
        [78.76, 24.2443],
        [78.7598, 24.2441],
        [78.7596, 24.2438],
        [78.7594, 24.2435],
        [78.75931, 24.24341],
        [78.7592, 24.2433],
        [78.75914, 24.24324],
        [78.759, 24.2431],
        [78.75877, 24.24295],
        [78.7587, 24.2429],
        [78.7585, 24.2427],
        [78.7583, 24.2425],
        [78.75822, 24.24234],
        [78.75819, 24.2423],
        [78.7579, 24.2422],
        [78.7577, 24.2421],
        [78.7575, 24.242],
        [78.75737, 24.24197],
        [78.7571, 24.24193],
        [78.75675, 24.24183],
        [78.7566, 24.2418],
        [78.75646, 24.24173],
        [78.75641, 24.24171],
        [78.75636, 24.2417],
        [78.7562, 24.2417],
        [78.7556, 24.2415],
        [78.7554, 24.2412],
        [78.7553, 24.2411],
        [78.7552, 24.2409],
        [78.755, 24.2405],
        [78.755, 24.24037],
        [78.75499, 24.2403],
        [78.75498, 24.24024],
        [78.7549, 24.24],
        [78.75496, 24.23981],
        [78.75498, 24.23969],
        [78.755, 24.23949],
        [78.755, 24.2393],
        [78.755, 24.2391],
        [78.755, 24.2389],
        [78.755, 24.2387],
        [78.7548, 24.2385],
        [78.75475, 24.2384],
        [78.75469, 24.23834],
        [78.75452, 24.23821],
        [78.7545, 24.2382],
        [78.75446, 24.23816],
        [78.75435, 24.23807],
        [78.7542, 24.2379],
        [78.7541, 24.2376],
        [78.75407, 24.23753],
        [78.754, 24.2374],
        [78.7538, 24.2372],
        [78.7537, 24.23715],
        [78.7536, 24.2371],
        [78.75353, 24.23697],
        [78.75351, 24.23694],
        [78.75344, 24.23687],
        [78.7533, 24.2368],
        [78.75316, 24.23659],
        [78.75308, 24.23651],
        [78.75293, 24.23635],
        [78.75278, 24.23619],
        [78.7524, 24.236],
        [78.7522, 24.2359],
        [78.752, 24.2358],
        [78.7519, 24.2357],
        [78.75181, 24.23553],
        [78.7518, 24.2355],
        [78.7518, 24.23547],
        [78.7518, 24.2353],
        [78.7517, 24.2351],
        [78.7516, 24.2349],
        [78.75147, 24.2349],
        [78.7513, 24.2349],
        [78.75117, 24.23477],
        [78.75109, 24.23473],
        [78.75099, 24.2345],
        [78.7507, 24.2343],
        [78.75057, 24.23417],
        [78.75048, 24.23411],
        [78.75025, 24.23402],
        [78.75008, 24.234],
        [78.7498, 24.234],
        [78.7491, 24.2339],
        [78.7487, 24.2337],
        [78.74849, 24.23349],
        [78.74828, 24.23333],
        [78.74804, 24.23349],
        [78.74796, 24.23354],
        [78.7478, 24.2337],
        [78.74753, 24.23379],
        [78.7475, 24.2338],
        [78.7472, 24.2339],
        [78.74701, 24.23399],
        [78.747, 24.234],
        [78.7467, 24.2341],
        [78.7463, 24.2341],
        [78.7461, 24.2341],
        [78.74586, 24.2341],
        [78.74577, 24.23411],
        [78.7455, 24.2342],
        [78.74536, 24.2342],
        [78.7452, 24.2342],
        [78.7449, 24.2343],
        [78.74469, 24.23437],
        [78.7446, 24.2344],
        [78.7444, 24.2344],
        [78.74436, 24.2344],
        [78.74408, 24.23441],
        [78.7438, 24.2344],
        [78.7435, 24.2344],
        [78.74336, 24.23433],
        [78.7433, 24.2343],
        [78.743, 24.2342],
        [78.7427, 24.2341],
        [78.7425, 24.234],
        [78.7422, 24.2339],
        [78.74215, 24.2339],
        [78.74163, 24.23391],
        [78.74143, 24.23401],
        [78.7413, 24.2341],
        [78.7411, 24.2343],
        [78.74103, 24.23435],
        [78.7408, 24.2345],
        [78.74068, 24.23468],
        [78.7406, 24.2348],
        [78.7404, 24.235],
        [78.74036, 24.23504],
        [78.7401, 24.2353],
        [78.74005, 24.23546],
        [78.74, 24.2356],
        [78.7398, 24.2359],
        [78.7397, 24.23605],
        [78.73963, 24.23618],
        [78.73954, 24.23638],
        [78.7395, 24.2365],
        [78.7394, 24.2368],
        [78.73931, 24.23694],
        [78.73925, 24.23706],
        [78.7392, 24.23721],
        [78.7392, 24.2373],
        [78.7391, 24.2376],
        [78.73908, 24.23766],
        [78.739, 24.2379],
        [78.739, 24.2382],
        [78.739, 24.2385],
        [78.73905, 24.23861],
        [78.7391, 24.2387],
        [78.7391, 24.23889],
        [78.7391, 24.239],
        [78.7392, 24.2393],
        [78.73944, 24.23994],
        [78.74, 24.2414],
        [78.74, 24.24158],
        [78.74, 24.2418],
        [78.74012, 24.24198],
        [78.7402, 24.2421],
        [78.74028, 24.24241],
        [78.7403, 24.2425],
        [78.7404, 24.2428],
        [78.74053, 24.24299],
        [78.7406, 24.2431],
        [78.7408, 24.2435],
        [78.741, 24.2438],
        [78.7412, 24.2441],
        [78.74138, 24.24435],
        [78.7415, 24.2445],
        [78.7416, 24.2447],
        [78.7417, 24.2449],
        [78.74174, 24.24498],
        [78.7418, 24.2451],
        [78.74175, 24.2452],
        [78.74174, 24.24532],
        [78.7417, 24.24549],
        [78.7417, 24.2456],
        [78.74165, 24.24576],
        [78.74163, 24.24585],
        [78.7416, 24.24605],
        [78.7416, 24.2461],
        [78.74158, 24.24619],
        [78.7415, 24.2467],
        [78.7415, 24.24683],
        [78.7415, 24.2469],
        [78.7414, 24.2472],
        [78.74121, 24.24739],
        [78.7412, 24.2474],
        [78.741, 24.2476],
        [78.7407, 24.2478],
        [78.74057, 24.24793],
        [78.7405, 24.248],
        [78.74023, 24.24818],
        [78.74019, 24.24821],
        [78.73993, 24.24841],
        [78.7398, 24.2485],
        [78.7397, 24.2486],
        [78.7394, 24.2488],
        [78.73913, 24.249],
        [78.739, 24.2491],
        [78.7389, 24.2492],
        [78.73867, 24.24935],
        [78.7386, 24.2494],
        [78.7375, 24.2504],
        [78.736, 24.2516],
        [78.73437, 24.25232],
        [78.7342, 24.2524],
        [78.7342, 24.2524],
        [78.7334, 24.2516],
        [78.73316, 24.2516],
        [78.7326, 24.2516],
        [78.7322, 24.25142],
        [78.7317, 24.2512],
        [78.7311, 24.2504],
        [78.731, 24.2498],
        [78.73088, 24.24974],
        [78.7308, 24.2497],
        [78.73037, 24.24962],
        [78.73034, 24.24961],
        [78.73017, 24.2496],
        [78.73, 24.2496],
        [78.72995, 24.24958],
        [78.7297, 24.2495],
        [78.7295, 24.2495],
        [78.7294, 24.2495],
        [78.7292, 24.2494],
        [78.72918, 24.24939],
        [78.7289, 24.2492],
        [78.7287, 24.249],
        [78.72856, 24.24893],
        [78.7285, 24.2489],
        [78.7284, 24.2488],
        [78.72833, 24.24866],
        [78.7283, 24.24862],
        [78.72827, 24.24857],
        [78.7282, 24.2485],
        [78.7281, 24.2483],
        [78.7281, 24.24815],
        [78.72808, 24.24807],
        [78.72808, 24.24806],
        [78.728, 24.2479],
        [78.728, 24.2477],
        [78.728, 24.2474],
        [78.7279, 24.2471],
        [78.72785, 24.24696],
        [78.72777, 24.24681],
        [78.72756, 24.24658],
        [78.72752, 24.24654],
        [78.7273, 24.2464],
        [78.72723, 24.24627],
        [78.72718, 24.2462],
        [78.72712, 24.24604],
        [78.7271, 24.246],
        [78.7271, 24.24599],
        [78.72709, 24.24596],
        [78.72707, 24.24571],
        [78.7271, 24.24556],
        [78.7271, 24.2455],
        [78.72712, 24.24546],
        [78.7272, 24.2453],
        [78.7272, 24.2451],
        [78.72715, 24.24501],
        [78.7271, 24.2449],
        [78.7271, 24.2447],
        [78.72701, 24.24434],
        [78.727, 24.2443],
        [78.727, 24.24429],
        [78.72696, 24.2441],
        [78.72692, 24.24394],
        [78.7269, 24.2439],
        [78.7268, 24.2436],
        [78.7267, 24.2431],
        [78.7267, 24.24302],
        [78.72667, 24.2429],
        [78.72664, 24.24278],
        [78.7266, 24.2427],
        [78.7266, 24.24262],
        [78.7266, 24.2424],
        [78.7265, 24.2421],
        [78.72639, 24.24199],
        [78.7263, 24.2419],
        [78.726, 24.2416],
        [78.72578, 24.2414],
        [78.72561, 24.24121],
        [78.7256, 24.2412],
        [78.72543, 24.24103],
        [78.72539, 24.24099],
        [78.7252, 24.2409],
        [78.725, 24.2407],
        [78.7248, 24.2406],
        [78.72467, 24.24047],
        [78.7246, 24.2404],
        [78.7244, 24.2403],
        [78.7242, 24.2402],
        [78.72392, 24.24011],
        [78.7239, 24.2401],
        [78.7238, 24.2399],
        [78.72402, 24.23983],
        [78.7241, 24.2398],
        [78.7243, 24.2397],
        [78.7245, 24.2395],
        [78.7246, 24.2394],
        [78.7248, 24.2392],
        [78.72485, 24.23909],
        [78.7249, 24.239],
        [78.725, 24.2388],
        [78.7251, 24.2386],
        [78.7252, 24.2384],
        [78.7253, 24.2382],
        [78.72531, 24.23817],
        [78.72536, 24.23801],
        [78.7254, 24.23788],
        [78.7254, 24.2378],
        [78.72545, 24.23771],
        [78.72547, 24.23761],
        [78.7255, 24.23745],
        [78.7255, 24.2374],
        [78.7255, 24.2372],
        [78.72555, 24.23709],
        [78.7256, 24.237],
        [78.7256, 24.2368],
        [78.7256, 24.2366],
        [78.72559, 24.23657],
        [78.72551, 24.23633],
        [78.72532, 24.2363],
        [78.7252, 24.2363],
        [78.72504, 24.23622],
        [78.725, 24.2362],
        [78.7245, 24.2359],
        [78.72413, 24.23581],
        [78.7241, 24.2358],
        [78.7238, 24.2357],
        [78.7236, 24.2356],
        [78.7234, 24.2355],
        [78.7231, 24.2354],
        [78.7227, 24.2353],
        [78.7223, 24.2352],
        [78.722, 24.2351],
        [78.72177, 24.2351],
        [78.7216, 24.2351],
        [78.72142, 24.23501],
        [78.72137, 24.235],
        [78.7212, 24.235],
        [78.72112, 24.23496],
        [78.72101, 24.23495],
        [78.72089, 24.23496],
        [78.7208, 24.235],
        [78.7206, 24.235],
        [78.72054, 24.235],
        [78.7204, 24.235],
        [78.7202, 24.2351],
        [78.72, 24.2352],
        [78.7199, 24.2353],
        [78.7199, 24.2353],
        [78.7199, 24.2353],
        [78.7196, 24.2354],
        [78.7195, 24.2355],
        [78.7194, 24.2356],
        [78.71926, 24.2356],
        [78.7192, 24.2356],
        [78.7189, 24.2357],
        [78.7186, 24.2358],
        [78.71853, 24.23584],
        [78.7184, 24.2359],
        [78.71822, 24.2359],
        [78.71812, 24.23592],
        [78.71803, 24.23593],
        [78.7179, 24.236],
        [78.7175, 24.236],
        [78.7172, 24.236],
        [78.71705, 24.23595],
        [78.71691, 24.23593],
        [78.71678, 24.2359],
        [78.7166, 24.2359],
        [78.7164, 24.2358],
        [78.71634, 24.23576],
        [78.7161, 24.2356],
        [78.71585, 24.23552],
        [78.7158, 24.2355],
        [78.71574, 24.23546],
        [78.7155, 24.2353],
        [78.7152, 24.2351],
        [78.71492, 24.23503],
        [78.7148, 24.235],
        [78.7145, 24.2348],
        [78.71437, 24.23472],
        [78.71424, 24.23464],
        [78.71414, 24.23458],
        [78.7139, 24.2345],
        [78.7136, 24.2343],
        [78.71336, 24.23422],
        [78.71328, 24.2342],
        [78.71312, 24.23424],
        [78.7129, 24.2343],
        [78.7127, 24.2344],
        [78.71236, 24.23449],
        [78.7123, 24.2345],
        [78.71212, 24.2345],
        [78.7119, 24.2345],
        [78.7116, 24.2345],
        [78.7113, 24.2345],
        [78.711, 24.2345],
        [78.7107, 24.2345],
        [78.7106, 24.2345],
        [78.7104, 24.2345],
        [78.71027, 24.23446],
        [78.71006, 24.23443],
        [78.70991, 24.2344],
        [78.7098, 24.2344],
        [78.7094, 24.2343],
        [78.7093, 24.23425],
        [78.7092, 24.2342],
        [78.709, 24.2341],
        [78.7088, 24.234],
        [78.70862, 24.23391],
        [78.7086, 24.2339],
        [78.70852, 24.23379],
        [78.70827, 24.2335],
        [78.70818, 24.23338],
        [78.708, 24.2332],
        [78.70791, 24.23302],
        [78.7078, 24.2328],
        [78.70758, 24.23258],
        [78.7075, 24.2325],
        [78.70739, 24.23233],
        [78.7073, 24.2322],
        [78.707, 24.2318],
        [78.7068, 24.2315],
        [78.70661, 24.23131],
        [78.7065, 24.2312],
        [78.7062, 24.2308],
        [78.7059, 24.2304],
        [78.7056, 24.23],
        [78.7053, 24.2296],
        [78.70515, 24.22934],
        [78.705, 24.2291],
        [78.7047, 24.2287],
        [78.70452, 24.22852],
        [78.7043, 24.2283],
        [78.70408, 24.22794],
        [78.704, 24.2278],
        [78.7037, 24.2274],
        [78.7034, 24.227],
        [78.70334, 24.22697],
        [78.7032, 24.2269],
        [78.70305, 24.22685],
        [78.7029, 24.2268],
        [78.7027, 24.2269],
        [78.7026, 24.2269],
        [78.70245, 24.22705],
        [78.7024, 24.2271],
        [78.7019, 24.2273],
        [78.70133, 24.22749],
        [78.7013, 24.2275],
        [78.7008, 24.2277],
        [78.7002, 24.2279],
        [78.69997, 24.22804],
        [78.6997, 24.2282],
        [78.6991, 24.2284],
        [78.69869, 24.22856],
        [78.69858, 24.22861],
        [78.69855, 24.22862],
        [78.6975, 24.2291],
        [78.69725, 24.22916],
        [78.69713, 24.22921],
        [78.697, 24.22927],
        [78.6968, 24.2294],
        [78.6966, 24.22945],
        [78.6964, 24.2295],
        [78.69613, 24.22968],
        [78.6961, 24.2297],
        [78.6958, 24.2299],
        [78.6955, 24.2301],
        [78.69518, 24.23026],
        [78.6951, 24.2303],
        [78.6948, 24.2305],
        [78.6945, 24.2307],
        [78.69426, 24.23094],
        [78.6942, 24.231],
        [78.69411, 24.23106],
        [78.6939, 24.23123],
        [78.69359, 24.23151],
        [78.6933, 24.2318],
        [78.693, 24.2321],
        [78.6927, 24.2324],
        [78.69253, 24.23266],
        [78.6925, 24.2327],
        [78.6922, 24.2331],
        [78.6919, 24.2336],
        [78.6917, 24.2339],
        [78.6915, 24.2341],
        [78.6912, 24.2344],
        [78.6909, 24.2346],
        [78.6907, 24.2347],
        [78.6905, 24.2348],
        [78.6903, 24.2349],
        [78.6901, 24.235],
        [78.6898, 24.2351],
        [78.6896, 24.2352],
        [78.68954, 24.23523],
        [78.6894, 24.2353],
        [78.68932, 24.2353],
        [78.68919, 24.23534],
        [78.68904, 24.23538],
        [78.689, 24.2354],
        [78.6884, 24.2356],
        [78.6881, 24.2357],
        [78.6876, 24.2359],
        [78.6874, 24.2359],
        [78.6873, 24.2359],
        [78.687, 24.236],
        [78.6867, 24.2361],
        [78.6864, 24.2362],
        [78.6861, 24.2363],
        [78.68597, 24.2363],
        [78.6858, 24.2363],
        [78.6855, 24.2364],
        [78.6853, 24.2365],
        [78.68513, 24.23661],
        [78.685, 24.2367],
        [78.68488, 24.23674],
        [78.68473, 24.23682],
        [78.68461, 24.23689],
        [78.6845, 24.237],
        [78.68434, 24.23705],
        [78.68422, 24.23713],
        [78.68402, 24.23728],
        [78.684, 24.2373],
        [78.6838, 24.2375],
        [78.68368, 24.23756],
        [78.6836, 24.2376],
        [78.6834, 24.2377],
        [78.68327, 24.23784],
        [78.6832, 24.2379],
        [78.68314, 24.2379],
        [78.683, 24.2379],
        [78.6828, 24.238],
        [78.6826, 24.2381],
        [78.68245, 24.23817],
        [78.6824, 24.2382],
        [78.68236, 24.2382],
        [78.68218, 24.23824],
        [78.68197, 24.23828],
        [78.6819, 24.2383],
        [78.68183, 24.2383],
        [78.6816, 24.2383],
        [78.68134, 24.23839],
        [78.6813, 24.2384],
        [78.68122, 24.2384],
        [78.68103, 24.23842],
        [78.6809, 24.23843],
        [78.6807, 24.2385],
        [78.6804, 24.2385],
        [78.6802, 24.2385],
        [78.6796, 24.2385],
        [78.6794, 24.2385],
        [78.67927, 24.2385],
        [78.67918, 24.23851],
        [78.679, 24.2386],
        [78.67882, 24.2386],
        [78.6787, 24.2386],
        [78.6785, 24.2387],
        [78.67841, 24.23876],
        [78.6782, 24.2389],
        [78.6778, 24.239],
        [78.6775, 24.2391],
        [78.6772, 24.2392],
        [78.67718, 24.2392],
        [78.67699, 24.23925],
        [78.67681, 24.23929],
        [78.6768, 24.2393],
        [78.67679, 24.2393],
        [78.67659, 24.23934],
        [78.67629, 24.23938],
        [78.6762, 24.2394],
        [78.67609, 24.2394],
        [78.676, 24.2394],
        [78.6758, 24.2394],
        [78.6754, 24.2394],
        [78.6747, 24.2393],
        [78.674, 24.2393],
        [78.67283, 24.2393],
        [78.6728, 24.2393],
        [78.67277, 24.23929],
        [78.6724, 24.2392],
        [78.6721, 24.2391],
        [78.67173, 24.23901],
        [78.6717, 24.239],
        [78.6713, 24.239],
        [78.67111, 24.23914],
        [78.67092, 24.23928],
        [78.6709, 24.2393],
        [78.67078, 24.23936],
        [78.67071, 24.2394],
        [78.6705, 24.23951],
        [78.67036, 24.23957],
        [78.6703, 24.2396],
        [78.6701, 24.2397],
        [78.66998, 24.2397],
        [78.66983, 24.23974],
        [78.66964, 24.23978],
        [78.6696, 24.2398],
        [78.66954, 24.2398],
        [78.66937, 24.23983],
        [78.66929, 24.23984],
        [78.6691, 24.2399],
        [78.66893, 24.2399],
        [78.66886, 24.23992],
        [78.6687, 24.24],
        [78.66862, 24.24],
        [78.6685, 24.24],
        [78.6683, 24.2401],
        [78.66815, 24.24025],
        [78.6681, 24.2403],
        [78.668, 24.2404],
        [78.66786, 24.24047],
        [78.66778, 24.24054],
        [78.66763, 24.2407],
        [78.66746, 24.24084],
        [78.6674, 24.2409],
        [78.66732, 24.24098],
        [78.66722, 24.24109],
        [78.66717, 24.24117],
        [78.6671, 24.2413],
        [78.66694, 24.24153],
        [78.66693, 24.24156],
        [78.66683, 24.24183],
        [78.6668, 24.24195],
        [78.6668, 24.2421],
        [78.66674, 24.24228],
        [78.6667, 24.2424],
        [78.6667, 24.2427],
        [78.6667, 24.243],
        [78.6667, 24.2433],
        [78.66678, 24.24354],
        [78.6668, 24.2436],
        [78.6669, 24.2439],
        [78.6671, 24.2442],
        [78.6671, 24.24425],
        [78.66714, 24.24433],
        [78.66716, 24.24442],
        [78.6672, 24.2445],
        [78.6672, 24.2447],
        [78.66713, 24.24484],
        [78.66711, 24.2449],
        [78.6671, 24.24495],
        [78.6671, 24.2451],
        [78.667, 24.2454],
        [78.66696, 24.24547],
        [78.6669, 24.2456],
        [78.6668, 24.2458],
        [78.6667, 24.246],
        [78.6666, 24.2462],
        [78.6665, 24.2464],
        [78.66647, 24.24646],
        [78.6664, 24.2466],
        [78.66621, 24.24679],
        [78.6662, 24.24681],
        [78.6661, 24.247],
        [78.66592, 24.24718],
        [78.66588, 24.24723],
        [78.6658, 24.2474],
        [78.6657, 24.2476],
        [78.66559, 24.24771],
        [78.6655, 24.2478],
        [78.6654, 24.248],
        [78.6653, 24.2483],
        [78.6653, 24.24836],
        [78.6653, 24.2485],
        [78.6652, 24.2487],
        [78.66452, 24.24952],
        [78.6637, 24.2505],
        [78.66378, 24.2508],
        [78.6638, 24.2509],
        [78.66388, 24.25179],
        [78.6639, 24.252],
        [78.6639, 24.2527],
        [78.6641, 24.2536],
        [78.66415, 24.25398],
        [78.6642, 24.2543],
        [78.6642, 24.2544],
        [78.6642, 24.2546],
        [78.6642, 24.2549],
        [78.66426, 24.25503],
        [78.6643, 24.2551],
        [78.6643, 24.25539],
        [78.6643, 24.2554],
        [78.6643, 24.2557],
        [78.66421, 24.25588],
        [78.6642, 24.2559],
        [78.6641, 24.2562],
        [78.664, 24.2564],
        [78.664, 24.25655],
        [78.664, 24.2567],
        [78.66361, 24.25748],
        [78.6632, 24.2583],
        [78.663, 24.2588],
        [78.6628, 24.2593],
        [78.66268, 24.2596],
        [78.6626, 24.2598],
        [78.6624, 24.2603],
        [78.6622, 24.2607],
        [78.662, 24.2613],
        [78.66184, 24.26152],
        [78.6617, 24.2617],
        [78.6615, 24.2622],
        [78.6612, 24.2629],
        [78.66113, 24.26317],
        [78.6611, 24.2633],
        [78.6611, 24.26342],
        [78.6611, 24.2635],
        [78.6611, 24.2641],
        [78.66127, 24.26427],
        [78.6613, 24.2643],
        [78.6613, 24.26432],
        [78.66134, 24.26454],
        [78.66139, 24.26476],
        [78.66139, 24.26477],
        [78.6614, 24.2648],
        [78.6614, 24.265],
        [78.66132, 24.26525],
        [78.66131, 24.26528],
        [78.6613, 24.2653],
        [78.6613, 24.2653],
        [78.6612, 24.2655],
        [78.66116, 24.26557],
        [78.66112, 24.26567],
        [78.66102, 24.26586],
        [78.6609, 24.2661],
        [78.6606, 24.2667],
        [78.66033, 24.26706],
        [78.66028, 24.26714],
        [78.6601, 24.2675],
        [78.66, 24.2676],
        [78.6597, 24.2678],
        [78.65966, 24.26782],
        [78.65936, 24.26804],
        [78.65911, 24.26822],
        [78.659, 24.2683],
        [78.6586, 24.2686],
        [78.6582, 24.2687],
        [78.6576, 24.2689],
        [78.6573, 24.269],
        [78.65674, 24.26908],
        [78.6566, 24.2691],
        [78.6554, 24.2694],
        [78.6541, 24.2699],
        [78.6536, 24.2701],
        [78.65339, 24.27021],
        [78.6532, 24.2703],
        [78.65298, 24.27035],
        [78.65283, 24.27041],
        [78.65266, 24.27047],
        [78.6524, 24.2706],
        [78.6519, 24.2708],
        [78.6516, 24.271],
        [78.65138, 24.271],
        [78.6512, 24.271],
        [78.65078, 24.27118],
        [78.6505, 24.2713],
        [78.65037, 24.2713],
        [78.65, 24.2713],
        [78.64975, 24.27138],
        [78.6497, 24.2714],
        [78.64962, 24.27144],
        [78.6495, 24.2715],
        [78.6493, 24.2717],
        [78.6491, 24.2719],
        [78.64898, 24.27214],
        [78.6489, 24.2723],
        [78.6486, 24.273],
        [78.6484, 24.2736],
        [78.64824, 24.27403],
        [78.6481, 24.2744],
        [78.648, 24.2747],
        [78.64798, 24.27472],
        [78.6478, 24.2749],
        [78.64764, 24.27498],
        [78.6476, 24.275],
        [78.6472, 24.2751],
        [78.647, 24.2752],
        [78.647, 24.2752],
        [78.6468, 24.2753],
        [78.6466, 24.2754],
        [78.6464, 24.2756],
        [78.6463, 24.2758],
        [78.64618, 24.27592],
        [78.64612, 24.27604],
        [78.64605, 24.27661],
        [78.646, 24.2773],
        [78.646, 24.278],
        [78.6458, 24.2782],
        [78.64577, 24.27824],
        [78.64548, 24.27865],
        [78.64531, 24.27888],
        [78.6453, 24.2789],
        [78.6453, 24.2789],
        [78.6451, 24.2791],
        [78.6449, 24.2793],
        [78.6446, 24.2795],
        [78.6444, 24.2797],
        [78.64426, 24.27984],
        [78.6442, 24.2799],
        [78.64416, 24.27993],
        [78.6439, 24.2801],
        [78.6437, 24.2803],
        [78.6434, 24.2804],
        [78.6432, 24.2805],
        [78.643, 24.2806],
        [78.64284, 24.28068],
        [78.6428, 24.2807],
        [78.6424, 24.281],
        [78.6421, 24.2812],
        [78.6414, 24.2817],
        [78.64111, 24.28199],
        [78.6411, 24.282],
        [78.64103, 24.28205],
        [78.64077, 24.28223],
        [78.64065, 24.28231],
        [78.6404, 24.2825],
        [78.6397, 24.283],
        [78.6396, 24.2831],
        [78.63944, 24.28318],
        [78.63938, 24.28322],
        [78.63924, 24.28339],
        [78.63912, 24.28357],
        [78.6391, 24.28364],
        [78.6391, 24.2838],
        [78.639, 24.284],
        [78.63894, 24.28421],
        [78.6389, 24.28437],
        [78.6389, 24.2844],
        [78.63885, 24.28455],
        [78.63881, 24.28469],
        [78.63886, 24.28476],
        [78.639, 24.2849],
        [78.63898, 24.28493],
        [78.63899, 24.28494],
        [78.63891, 24.28512],
        [78.63884, 24.28513],
        [78.6387, 24.2852],
        [78.63723, 24.28566],
        [78.6368, 24.2858],
        [78.63513, 24.28623],
        [78.6341, 24.2865],
        [78.6316, 24.2865],
        [78.63151, 24.28646],
        [78.6311, 24.2863],
        [78.63035, 24.28542],
        [78.63, 24.285],
        [78.62996, 24.28492],
        [78.62988, 24.28482],
        [78.62981, 24.28471],
        [78.6298, 24.2847],
        [78.6296, 24.2844],
        [78.62956, 24.28432],
        [78.62949, 24.28421],
        [78.62945, 24.28415],
        [78.6293, 24.284],
        [78.6292, 24.2838],
        [78.62917, 24.28372],
        [78.6291, 24.2835],
        [78.6289, 24.2833],
        [78.62876, 24.28307],
        [78.62872, 24.28298],
        [78.6286, 24.2828],
        [78.6285, 24.2827],
        [78.62846, 24.28266],
        [78.62829, 24.2825],
        [78.628, 24.2824],
        [78.6278, 24.2823],
        [78.6271, 24.2817],
        [78.6261, 24.2809],
        [78.62605, 24.28087],
        [78.62593, 24.28085],
        [78.62573, 24.28086],
        [78.62569, 24.28087],
        [78.62561, 24.2809],
        [78.6256, 24.28092],
        [78.6256, 24.281],
        [78.62545, 24.28141],
        [78.6253, 24.2818],
        [78.62519, 24.28229],
        [78.625, 24.2832],
        [78.6249, 24.28388],
        [78.6249, 24.28392],
        [78.6249, 24.2848],
        [78.62481, 24.28546],
        [78.6248, 24.28553],
        [78.6248, 24.286],
        [78.62473, 24.2862],
        [78.62472, 24.2863],
        [78.6246, 24.28656],
        [78.62457, 24.28663],
        [78.6245, 24.2868],
        [78.62439, 24.28701],
        [78.6243, 24.2872],
        [78.624, 24.2875],
        [78.6238, 24.2877],
        [78.62374, 24.28786],
        [78.6237, 24.288],
        [78.62349, 24.28807],
        [78.6234, 24.2881],
        [78.6228, 24.2884],
        [78.6211, 24.2893],
        [78.621, 24.2894],
        [78.62095, 24.28949],
        [78.6209, 24.2896],
        [78.6206, 24.2899],
        [78.6205, 24.29],
        [78.62046, 24.29004],
        [78.62032, 24.29019],
        [78.62019, 24.29037],
        [78.6201, 24.2905],
        [78.62001, 24.29064],
        [78.6199, 24.29082],
        [78.6199, 24.29138],
        [78.6199, 24.29177],
        [78.6199, 24.29285],
        [78.6199, 24.2929],
        [78.62, 24.293],
        [78.6202, 24.2932],
        [78.62052, 24.29335],
        [78.6213, 24.2937],
        [78.62143, 24.29383],
        [78.62149, 24.29386],
        [78.62169, 24.29398],
        [78.6219, 24.29409],
        [78.62204, 24.29417],
        [78.6221, 24.2942],
        [78.6223, 24.2943],
        [78.62238, 24.29446],
        [78.62241, 24.29451],
        [78.62254, 24.29472],
        [78.62257, 24.29477],
        [78.6227, 24.2949],
        [78.6228, 24.2951],
        [78.62289, 24.29537],
        [78.62308, 24.29576],
        [78.62321, 24.29599],
        [78.6233, 24.29615],
        [78.6234, 24.2963],
        [78.6236, 24.2966],
        [78.6238, 24.2969],
        [78.624, 24.2973],
        [78.62416, 24.29746],
        [78.62422, 24.29751],
        [78.62424, 24.29752],
        [78.6245, 24.2977],
        [78.62477, 24.29797],
        [78.6248, 24.298],
        [78.6252, 24.2984],
        [78.6258, 24.2987],
        [78.62593, 24.29878],
        [78.6263, 24.299],
        [78.62672, 24.29928],
        [78.6269, 24.2994],
        [78.6272, 24.2998],
        [78.62763, 24.30014],
        [78.6277, 24.3002],
        [78.62778, 24.30028],
        [78.6282, 24.3007],
        [78.6285, 24.3011],
        [78.6287, 24.3014],
        [78.6288, 24.3016],
        [78.62893, 24.3018],
        [78.629, 24.3019],
        [78.62896, 24.30203],
        [78.6289, 24.3022],
        [78.6289, 24.3025],
        [78.6288, 24.3029],
        [78.6288, 24.30307],
        [78.6288, 24.3032],
        [78.62874, 24.30339],
        [78.62872, 24.30347],
        [78.62841, 24.30399],
        [78.6284, 24.304],
        [78.6284, 24.304],
        [78.62839, 24.304],
        [78.6282, 24.3041],
        [78.6279, 24.3043],
        [78.62774, 24.30446],
        [78.6277, 24.3045],
        [78.62748, 24.30464],
        [78.62742, 24.30469],
        [78.62718, 24.30495],
        [78.62712, 24.30502],
        [78.627, 24.3052],
        [78.62674, 24.30546],
        [78.6267, 24.3055],
        [78.6265, 24.3057],
        [78.6264, 24.306],
        [78.62638, 24.3061],
        [78.6263, 24.3064],
        [78.6262, 24.3066],
        [78.6262, 24.3074],
        [78.62617, 24.30741],
        [78.62617, 24.30742],
        [78.62614, 24.30743],
        [78.6258, 24.3076],
        [78.62555, 24.30755],
        [78.6253, 24.3075],
        [78.6251, 24.3075],
        [78.62497, 24.30756],
        [78.6249, 24.3076],
        [78.6248, 24.30755],
        [78.62469, 24.30753],
        [78.62426, 24.30744],
        [78.6239, 24.3074],
        [78.62371, 24.30735],
        [78.6235, 24.3073],
        [78.6233, 24.3073],
        [78.6226, 24.3078],
        [78.6196, 24.3103],
        [78.61923, 24.31049],
        [78.6192, 24.3105],
        [78.619, 24.31043],
        [78.61886, 24.3104],
        [78.61881, 24.31021],
        [78.6188, 24.3102],
        [78.6187, 24.31],
        [78.6187, 24.3096],
        [78.6188, 24.309],
        [78.61886, 24.3087],
        [78.6189, 24.3085],
        [78.619, 24.3078],
        [78.6188, 24.3074],
        [78.6186, 24.3073],
        [78.61849, 24.30727],
        [78.61821, 24.3072],
        [78.6182, 24.3072],
        [78.6177, 24.3074],
        [78.61684, 24.30883],
        [78.6168, 24.3089],
        [78.61679, 24.30891],
        [78.61664, 24.30907],
        [78.6165, 24.30922],
        [78.61628, 24.30944],
        [78.61615, 24.3095],
        [78.616, 24.3096],
        [78.61593, 24.3096],
        [78.6158, 24.3096],
        [78.6156, 24.3097],
        [78.61541, 24.30979],
        [78.6154, 24.3098],
        [78.61535, 24.30977],
        [78.6152, 24.3097],
        [78.61474, 24.3097],
        [78.6142, 24.3097],
        [78.6136, 24.3095],
        [78.61328, 24.30942],
        [78.61214, 24.30912],
        [78.61195, 24.30907],
        [78.6115, 24.309],
        [78.6098, 24.3086],
        [78.6095, 24.3086],
        [78.6092, 24.3087],
        [78.6091, 24.3088],
        [78.6084, 24.3098],
        [78.6082, 24.3101],
        [78.60787, 24.3105],
        [78.6077, 24.3107],
        [78.6074, 24.3111],
        [78.607, 24.3116],
        [78.60687, 24.31182],
        [78.6067, 24.3121],
        [78.60663, 24.31213],
        [78.6065, 24.3122],
        [78.60634, 24.31244],
        [78.6063, 24.3125],
        [78.6059, 24.3128],
        [78.60587, 24.31282],
        [78.6053, 24.3132],
        [78.6049, 24.3135],
        [78.6048, 24.3136],
        [78.6047, 24.3137],
        [78.60443, 24.31388],
        [78.6041, 24.3141],
        [78.6038, 24.3143],
        [78.60368, 24.31448],
        [78.6036, 24.3146],
        [78.60332, 24.31488],
        [78.60326, 24.31501],
        [78.6032, 24.3152],
        [78.60314, 24.31544],
        [78.6031, 24.3156],
        [78.603, 24.3162],
        [78.603, 24.3163],
        [78.603, 24.3165],
        [78.60294, 24.31669],
        [78.60292, 24.31679],
        [78.6029, 24.31694],
        [78.6029, 24.3171],
        [78.60286, 24.31722],
        [78.60283, 24.31741],
        [78.6028, 24.31763],
        [78.6028, 24.3177],
        [78.60278, 24.31775],
        [78.6027, 24.318],
        [78.60261, 24.31827],
        [78.6026, 24.3183],
        [78.6017, 24.32],
        [78.6016, 24.32015],
        [78.60152, 24.32029],
        [78.60144, 24.32051],
        [78.6014, 24.32061],
        [78.6014, 24.3207],
        [78.6013, 24.3209],
        [78.6012, 24.3212],
        [78.6011, 24.3214],
        [78.6011, 24.3216],
        [78.6011, 24.32164],
        [78.60112, 24.32188],
        [78.60114, 24.32209],
        [78.6012, 24.3224],
        [78.6013, 24.3237],
        [78.6013, 24.3239],
        [78.6013, 24.3244],
        [78.60124, 24.32491],
        [78.60121, 24.32521],
        [78.6012, 24.32535],
        [78.6012, 24.326],
        [78.6009, 24.3268],
        [78.6008, 24.3271],
        [78.60061, 24.32738],
        [78.6002, 24.328],
        [78.60015, 24.32816],
        [78.6001, 24.3283],
        [78.59983, 24.32862],
        [78.5996, 24.3289],
        [78.59934, 24.32935],
        [78.5992, 24.3296],
        [78.599, 24.3299],
        [78.59874, 24.33009],
        [78.59861, 24.3302],
        [78.59843, 24.33034],
        [78.598, 24.3307],
        [78.59778, 24.33085],
        [78.5973, 24.3312],
        [78.5971, 24.3314],
        [78.5969, 24.3315],
        [78.5967, 24.3317],
        [78.59659, 24.33181],
        [78.5965, 24.3319],
        [78.59648, 24.33195],
        [78.5964, 24.3321],
        [78.5963, 24.3323],
        [78.5963, 24.33247],
        [78.5963, 24.3326],
        [78.5962, 24.3328],
        [78.5962, 24.3331],
        [78.596, 24.3346],
        [78.5959, 24.3353],
        [78.5956, 24.3355],
        [78.59533, 24.33568],
        [78.59516, 24.3358],
        [78.5946, 24.3362],
        [78.5942, 24.3364],
        [78.59387, 24.33649],
        [78.5935, 24.3366],
        [78.5929, 24.3369],
        [78.5922, 24.3372],
        [78.5916, 24.3373],
        [78.5913, 24.33739],
        [78.5909, 24.3375],
        [78.5906, 24.3375],
        [78.59058, 24.3375],
        [78.5903, 24.3375],
        [78.5895, 24.3376],
        [78.5892, 24.3377],
        [78.589, 24.3379],
        [78.58898, 24.33795],
        [78.5889, 24.3381],
        [78.58882, 24.33827],
        [78.5886, 24.3387],
        [78.58854, 24.33898],
        [78.5885, 24.3392],
        [78.58819, 24.33981],
        [78.58813, 24.33996],
        [78.58798, 24.34029],
        [78.5879, 24.3405],
        [78.5876, 24.3412],
        [78.5873, 24.3418],
        [78.58701, 24.34223],
        [78.58692, 24.34238],
        [78.58687, 24.34246],
        [78.5866, 24.343],
        [78.58631, 24.34335],
        [78.5861, 24.3436],
        [78.5857, 24.3441],
        [78.5852, 24.3447],
        [78.58508, 24.34493],
        [78.585, 24.3451],
        [78.5848, 24.3454],
        [78.58445, 24.34601],
        [78.5844, 24.3461],
        [78.5843, 24.3463],
        [78.584, 24.3468],
        [78.5837, 24.3475],
        [78.58359, 24.34795],
        [78.5835, 24.3483],
        [78.58341, 24.34851],
        [78.5832, 24.349],
        [78.58313, 24.34958],
        [78.5831, 24.3498],
        [78.5831, 24.3502],
        [78.5831, 24.3504],
        [78.5831, 24.35067],
        [78.58328, 24.35097],
        [78.5833, 24.351],
        [78.5834, 24.3511],
        [78.5835, 24.3513],
        [78.5836, 24.3515],
        [78.5847, 24.3522],
        [78.5851, 24.3525],
        [78.58519, 24.35259],
        [78.5853, 24.3527],
        [78.5858, 24.3533],
        [78.58591, 24.35336],
        [78.586, 24.3534],
        [78.58595, 24.35355],
        [78.58593, 24.35367],
        [78.58581, 24.35388],
        [78.5858, 24.3539],
        [78.58575, 24.35393],
        [78.58565, 24.354],
        [78.58556, 24.35401],
        [78.5852, 24.3541],
        [78.5848, 24.3541],
        [78.5843, 24.3542],
        [78.5837, 24.3543],
        [78.5835, 24.3544],
        [78.58317, 24.35448],
        [78.5831, 24.35451],
        [78.58294, 24.35458],
        [78.5827, 24.3547],
        [78.58259, 24.35473],
        [78.5823, 24.3548],
        [78.5819, 24.355],
        [78.58174, 24.35516],
        [78.5817, 24.3552],
        [78.5815, 24.3553],
        [78.58144, 24.35532],
        [78.5812, 24.3554],
        [78.581, 24.3555],
        [78.58088, 24.35562],
        [78.5808, 24.3557],
        [78.5806, 24.3558],
        [78.58048, 24.35584],
        [78.58034, 24.35592],
        [78.58016, 24.35597],
        [78.5801, 24.356],
        [78.5797, 24.3561],
        [78.57898, 24.35617],
        [78.57856, 24.35621],
        [78.57848, 24.3562],
        [78.5783, 24.3562],
        [78.57821, 24.35615],
        [78.57808, 24.35612],
        [78.57765, 24.35599],
        [78.57762, 24.35598],
        [78.5773, 24.3559],
        [78.57606, 24.35572],
        [78.57587, 24.3557],
        [78.5756, 24.3557],
        [78.57544, 24.35565],
        [78.5753, 24.3556],
        [78.5751, 24.3555],
        [78.5749, 24.3553],
        [78.57484, 24.35524],
        [78.5747, 24.3551],
        [78.5746, 24.3548],
        [78.5746, 24.35477],
        [78.5746, 24.3547],
        [78.5745, 24.3539],
        [78.57433, 24.35313],
        [78.5743, 24.353],
        [78.5742, 24.3529],
        [78.574, 24.3525],
        [78.5737, 24.3519],
        [78.5733, 24.3514],
        [78.57324, 24.35137],
        [78.5731, 24.3513],
        [78.57308, 24.35131],
        [78.5729, 24.3514],
        [78.57279, 24.35145],
        [78.5727, 24.3515],
        [78.5724, 24.3518],
        [78.5723, 24.352],
        [78.5722, 24.3521],
        [78.5719, 24.3524],
        [78.5717, 24.3525],
        [78.57083, 24.35302],
        [78.5702, 24.3534],
        [78.56879, 24.35438],
        [78.56791, 24.35501],
        [78.56784, 24.35506],
        [78.5677, 24.3552],
        [78.5674, 24.3554],
        [78.5672, 24.3555],
        [78.5669, 24.3556],
        [78.5665, 24.3557],
        [78.5662, 24.3558],
        [78.566, 24.3559],
        [78.566, 24.3559],
        [78.5658, 24.356],
        [78.5655, 24.3563],
        [78.56548, 24.35632],
        [78.5654, 24.3564],
        [78.5635, 24.358],
        [78.56331, 24.35806],
        [78.56321, 24.3581],
        [78.56295, 24.3582],
        [78.56291, 24.3582],
        [78.5629, 24.3582],
        [78.5624, 24.3582],
        [78.56235, 24.3581],
        [78.56228, 24.35804],
        [78.56215, 24.3579],
        [78.562, 24.3578],
        [78.56159, 24.35727],
        [78.56126, 24.3569],
        [78.56121, 24.35681],
        [78.5611, 24.3567],
        [78.56106, 24.35668],
        [78.5609, 24.3566],
        [78.5606, 24.3565],
        [78.56045, 24.35657],
        [78.5602, 24.3567],
        [78.55987, 24.35677],
        [78.5597, 24.3568],
        [78.5585, 24.3572],
        [78.5575, 24.3576],
        [78.5569, 24.3579],
        [78.55683, 24.35793],
        [78.5563, 24.3582],
        [78.55609, 24.35827],
        [78.5557, 24.3584],
        [78.55549, 24.35857],
        [78.5552, 24.3588],
        [78.5546, 24.3591],
        [78.5539, 24.3595],
        [78.55361, 24.35964],
        [78.55347, 24.35973],
        [78.55342, 24.35976],
        [78.5531, 24.36],
        [78.55293, 24.36],
        [78.55285, 24.36002],
        [78.55276, 24.36004],
        [78.5522, 24.3602],
        [78.5518, 24.3603],
        [78.5514, 24.3604],
        [78.551, 24.3605],
        [78.5505, 24.3607],
        [78.55038, 24.3608],
        [78.5499, 24.3612],
        [78.5496, 24.3615],
        [78.5492, 24.3618],
        [78.5489, 24.3621],
        [78.5488, 24.3622],
        [78.5487, 24.3623],
        [78.5486, 24.3624],
        [78.54855, 24.36242],
        [78.5484, 24.3625],
        [78.5482, 24.3627],
        [78.5481, 24.3628],
        [78.54806, 24.36284],
        [78.5479, 24.363],
        [78.5475, 24.3632],
        [78.54734, 24.36325],
        [78.5472, 24.36332],
        [78.54688, 24.36341],
        [78.5467, 24.3635],
        [78.54656, 24.3635],
        [78.5465, 24.3635],
        [78.5461, 24.3636],
        [78.54595, 24.36367],
        [78.5459, 24.3637],
        [78.54586, 24.3637],
        [78.5457, 24.3637],
        [78.545, 24.364],
        [78.5432, 24.3651],
        [78.5418, 24.3659],
        [78.5394, 24.3673],
        [78.53926, 24.36744],
        [78.5392, 24.3675],
        [78.539, 24.3676],
        [78.5388, 24.3677],
        [78.5387, 24.3678],
        [78.5385, 24.3679],
        [78.5383, 24.368],
        [78.5381, 24.36807],
        [78.53796, 24.36814],
        [78.53788, 24.36818],
        [78.5377, 24.3683],
        [78.5364, 24.3683],
        [78.5347, 24.36825],
        [78.533, 24.3682],
        [78.5298, 24.3683],
        [78.5299, 24.3685],
        [78.53018, 24.36915],
        [78.5302, 24.3692],
        [78.5302, 24.36925],
        [78.5302, 24.3696],
        [78.5303, 24.3701],
        [78.53034, 24.37029],
        [78.5304, 24.3706],
        [78.5303, 24.3711],
        [78.53018, 24.37145],
        [78.5301, 24.3717],
        [78.5299, 24.3721],
        [78.5297, 24.3726],
        [78.52963, 24.37278],
        [78.5295, 24.3731],
        [78.52936, 24.37322],
        [78.5288, 24.3737],
        [78.5274, 24.375],
        [78.52736, 24.37504],
        [78.5272, 24.3752],
        [78.5272, 24.3756],
        [78.5274, 24.3758],
        [78.5294, 24.3787],
        [78.5294, 24.37889],
        [78.5294, 24.3789],
        [78.5292, 24.3791],
        [78.52892, 24.3791],
        [78.5289, 24.3791],
        [78.5279, 24.3792],
        [78.5277, 24.3792],
        [78.5274, 24.3792],
        [78.5272, 24.3793],
        [78.52707, 24.37943],
        [78.527, 24.3795],
        [78.52684, 24.37966],
        [78.5268, 24.37972],
        [78.5267, 24.37993],
        [78.5266, 24.38011],
        [78.5266, 24.3812],
        [78.5266, 24.38131],
        [78.5266, 24.3816],
        [78.52667, 24.38174],
        [78.5267, 24.3818],
        [78.5267, 24.38196],
        [78.52671, 24.38202],
        [78.5268, 24.3823],
        [78.52664, 24.38238],
        [78.52657, 24.38243],
        [78.5264, 24.3826],
        [78.5247, 24.384],
        [78.5234, 24.385],
        [78.5232, 24.3852],
        [78.5231, 24.3853],
        [78.52291, 24.38554],
        [78.52278, 24.38574],
        [78.5227, 24.3859],
        [78.52266, 24.38594],
        [78.5225, 24.3861],
        [78.5224, 24.3863],
        [78.5222, 24.38659],
        [78.5222, 24.3866],
        [78.52218, 24.38661],
        [78.522, 24.3867],
        [78.5209, 24.3871],
        [78.51976, 24.38751],
        [78.5184, 24.388],
        [78.5182, 24.388],
        [78.5175, 24.38806],
        [78.517, 24.3881],
        [78.5137, 24.3882],
        [78.5134, 24.3883],
        [78.5126, 24.3885],
        [78.51254, 24.38854],
        [78.5123, 24.3887],
        [78.51197, 24.38878],
        [78.51188, 24.38882],
        [78.51128, 24.38915],
        [78.5112, 24.3892],
        [78.51118, 24.38921],
        [78.511, 24.3893],
        [78.51084, 24.3893],
        [78.51062, 24.38932],
        [78.51013, 24.38938],
        [78.5094, 24.3895],
        [78.50911, 24.3895],
        [78.509, 24.3895],
        [78.5069, 24.3899],
        [78.50576, 24.38997],
        [78.5052, 24.39],
        [78.5031, 24.3905],
        [78.5028, 24.3906],
        [78.5025, 24.3907],
        [78.50239, 24.39066],
        [78.50217, 24.39061],
        [78.5021, 24.39055],
        [78.502, 24.3905],
        [78.50181, 24.39031],
        [78.50176, 24.39027],
        [78.50162, 24.39016],
        [78.5007, 24.3894],
        [78.49882, 24.38696],
        [78.4987, 24.3868],
        [78.4976, 24.3854],
        [78.4973, 24.385],
        [78.497, 24.3846],
        [78.49697, 24.38456],
        [78.49665, 24.38415],
        [78.4963, 24.3838],
        [78.49617, 24.38359],
        [78.496, 24.3833],
        [78.49573, 24.3831],
        [78.4956, 24.383],
        [78.4952, 24.3826],
        [78.49504, 24.38238],
        [78.4949, 24.3822],
        [78.49462, 24.38199],
        [78.4945, 24.3819],
        [78.4942, 24.3817],
        [78.49404, 24.38154],
        [78.49389, 24.38142],
        [78.4938, 24.38133],
        [78.4936, 24.3812],
        [78.49345, 24.38098],
        [78.49337, 24.38089],
        [78.4933, 24.3808],
        [78.4931, 24.3806],
        [78.4929, 24.3803],
        [78.49284, 24.38012],
        [78.4928, 24.38],
        [78.4926, 24.3796],
        [78.4925, 24.3793],
        [78.49241, 24.37917],
        [78.4923, 24.379],
        [78.49224, 24.37881],
        [78.4922, 24.3787],
        [78.4921, 24.3784],
        [78.4918, 24.3779],
        [78.4916, 24.3777],
        [78.49142, 24.37743],
        [78.49139, 24.37739],
        [78.4912, 24.3772],
        [78.49116, 24.37708],
        [78.4911, 24.3769],
        [78.49096, 24.37669],
        [78.4909, 24.3766],
        [78.4907, 24.3762],
        [78.49064, 24.37596],
        [78.4906, 24.3758],
        [78.4904, 24.3754],
        [78.4902, 24.3751],
        [78.49001, 24.37484],
        [78.4899, 24.3747],
        [78.48978, 24.37452],
        [78.48967, 24.37437],
        [78.48942, 24.37404],
        [78.48928, 24.37388],
        [78.4891, 24.3737],
        [78.4884, 24.3728],
        [78.488, 24.3723],
        [78.4876, 24.3718],
        [78.48743, 24.37152],
        [78.4873, 24.3713],
        [78.4869, 24.3708],
        [78.48676, 24.37062],
        [78.4865, 24.3703],
        [78.48639, 24.37011],
        [78.4862, 24.3698],
        [78.4858, 24.3693],
        [78.48578, 24.36928],
        [78.4855, 24.369],
        [78.48532, 24.36872],
        [78.4853, 24.3687],
        [78.485, 24.3683],
        [78.48471, 24.36801],
        [78.4847, 24.368],
        [78.4844, 24.3677],
        [78.4841, 24.3673],
        [78.48402, 24.36719],
        [78.48388, 24.36701],
        [78.48371, 24.36681],
        [78.4836, 24.3667],
        [78.4833, 24.3664],
        [78.48315, 24.36616],
        [78.483, 24.3659],
        [78.4826, 24.3655],
        [78.4822, 24.3651],
        [78.4818, 24.3647],
        [78.48147, 24.36445],
        [78.4814, 24.3644],
        [78.4809, 24.364],
        [78.4805, 24.3637],
        [78.48036, 24.36356],
        [78.4801, 24.3633],
        [78.4796, 24.363],
        [78.4795, 24.36295],
        [78.4794, 24.3629],
        [78.47923, 24.36273],
        [78.47916, 24.36267],
        [78.47895, 24.36249],
        [78.47887, 24.36241],
        [78.4787, 24.3623],
        [78.47864, 24.36219],
        [78.47856, 24.3621],
        [78.47838, 24.36189],
        [78.47832, 24.36182],
        [78.4782, 24.3617],
        [78.478, 24.3615],
        [78.47795, 24.36134],
        [78.47787, 24.36123],
        [78.4778, 24.36109],
        [78.4777, 24.361],
        [78.47764, 24.36081],
        [78.47757, 24.36069],
        [78.47745, 24.36048],
        [78.4774, 24.3604],
        [78.47737, 24.36033],
        [78.47726, 24.36016],
        [78.47715, 24.35998],
        [78.4771, 24.3599],
        [78.4769, 24.3596],
        [78.47681, 24.35941],
        [78.47679, 24.35939],
        [78.4764, 24.3589],
        [78.4762, 24.3586],
        [78.47603, 24.35834],
        [78.47596, 24.35826],
        [78.4757, 24.358],
        [78.4755, 24.3577],
        [78.47541, 24.35752],
        [78.4753, 24.3573],
        [78.4751, 24.357],
        [78.4749, 24.3567],
        [78.4747, 24.3564],
        [78.47455, 24.35618],
        [78.4745, 24.3561],
        [78.47449, 24.35607],
        [78.4744, 24.3558],
        [78.4743, 24.3555],
        [78.4743, 24.3553],
        [78.4743, 24.355],
        [78.4743, 24.3547],
        [78.47436, 24.35453],
        [78.4744, 24.3544],
        [78.4745, 24.3541],
        [78.4746, 24.3539],
        [78.47468, 24.35366],
        [78.4747, 24.3536],
        [78.47473, 24.35357],
        [78.4749, 24.3534],
        [78.475, 24.3531],
        [78.4751, 24.3529],
        [78.4752, 24.3526],
        [78.4752, 24.35242],
        [78.4752, 24.3523],
        [78.4752, 24.352],
        [78.4752, 24.3518],
        [78.4752, 24.3515],
        [78.4752, 24.35144],
        [78.4752, 24.3512],
        [78.47512, 24.35104],
        [78.4751, 24.351],
        [78.4751, 24.35094],
        [78.47506, 24.35076],
        [78.475, 24.35054],
        [78.47497, 24.35044],
        [78.4749, 24.3503],
        [78.4748, 24.3501],
        [78.4748, 24.34996],
        [78.4748, 24.3499],
        [78.4747, 24.3497],
        [78.4746, 24.3495],
        [78.4745, 24.3493],
        [78.4744, 24.349],
        [78.4743, 24.3487],
        [78.4743, 24.3484],
        [78.4743, 24.3481],
        [78.4743, 24.34783],
        [78.4743, 24.3478],
        [78.47432, 24.34775],
        [78.4744, 24.3475],
        [78.4745, 24.3473],
        [78.4746, 24.347],
        [78.47467, 24.34686],
        [78.4747, 24.3468],
        [78.4748, 24.3466],
        [78.47489, 24.34651],
        [78.475, 24.3464],
        [78.4751, 24.3462],
        [78.4752, 24.346],
        [78.4752, 24.34591],
        [78.4752, 24.3458],
        [78.4753, 24.3456],
        [78.4754, 24.3454],
        [78.4754, 24.3454],
        [78.47546, 24.34523],
        [78.4755, 24.34507],
        [78.4755, 24.345],
        [78.47553, 24.34491],
        [78.4756, 24.3447],
        [78.4757, 24.3443],
        [78.4758, 24.344],
        [78.4759, 24.3437],
        [78.47596, 24.34352],
        [78.476, 24.3434],
        [78.47609, 24.34327],
        [78.4762, 24.3431],
        [78.4764, 24.3428],
        [78.4766, 24.3425],
        [78.47666, 24.34241],
        [78.4768, 24.3422],
        [78.477, 24.3419],
        [78.47705, 24.34183],
        [78.47716, 24.34161],
        [78.47727, 24.34139],
        [78.4773, 24.3413],
        [78.47742, 24.34105],
        [78.47746, 24.34097],
        [78.4776, 24.34065],
        [78.47764, 24.34054],
        [78.4777, 24.3403],
        [78.4778, 24.34],
        [78.4779, 24.3396],
        [78.478, 24.3393],
        [78.478, 24.3391],
        [78.478, 24.33889],
        [78.47798, 24.33882],
        [78.47785, 24.33865],
        [78.4778, 24.3386],
        [78.4776, 24.3384],
        [78.47751, 24.33823],
        [78.47749, 24.3382],
        [78.47741, 24.33811],
        [78.4773, 24.338],
        [78.477, 24.3377],
        [78.4768, 24.3374],
        [78.4766, 24.3372],
        [78.4764, 24.337],
        [78.47636, 24.33696],
        [78.4761, 24.3367],
        [78.4758, 24.3365],
        [78.4756, 24.3363],
        [78.47535, 24.33622],
        [78.4753, 24.3362],
        [78.47517, 24.33612],
        [78.475, 24.33602],
        [78.47465, 24.33591],
        [78.4742, 24.3358],
        [78.4738, 24.3357],
        [78.4734, 24.3356],
        [78.473, 24.3355],
        [78.4726, 24.3354],
        [78.4722, 24.3353],
        [78.4719, 24.3352],
        [78.4715, 24.3351],
        [78.47138, 24.33506],
        [78.47122, 24.33502],
        [78.47114, 24.335],
        [78.471, 24.335],
        [78.4707, 24.3349],
        [78.4705, 24.3348],
        [78.47039, 24.33475],
        [78.4703, 24.3347],
        [78.4701, 24.3346],
        [78.4699, 24.3345],
        [78.4697, 24.3344],
        [78.46962, 24.33436],
        [78.4695, 24.3343],
        [78.46945, 24.33425],
        [78.4691, 24.3339],
        [78.4687, 24.3336],
        [78.4683, 24.3333],
        [78.4679, 24.333],
        [78.46773, 24.33288],
        [78.4675, 24.3327],
        [78.46734, 24.33254],
        [78.46711, 24.33234],
        [78.46689, 24.33214],
        [78.4667, 24.332],
        [78.46645, 24.33175],
        [78.46636, 24.33167],
        [78.46599, 24.33132],
        [78.46586, 24.33121],
        [78.4657, 24.3311],
        [78.4653, 24.3308],
        [78.465, 24.3306],
        [78.46478, 24.33044],
        [78.46463, 24.33035],
        [78.46441, 24.33024],
        [78.4643, 24.3302],
        [78.46401, 24.33005],
        [78.4639, 24.33],
        [78.4635, 24.3298],
        [78.4631, 24.3297],
        [78.4627, 24.3296],
        [78.46254, 24.3296],
        [78.4624, 24.3296],
        [78.4621, 24.3295],
        [78.4619, 24.3294],
        [78.46179, 24.32936],
        [78.46161, 24.32931],
        [78.46134, 24.32924],
        [78.46116, 24.3292],
        [78.4611, 24.3292],
        [78.46099, 24.32916],
        [78.46079, 24.32912],
        [78.46068, 24.3291],
        [78.4605, 24.3291],
        [78.46033, 24.32904],
        [78.46024, 24.32903],
        [78.46005, 24.329],
        [78.4599, 24.329],
        [78.4595, 24.3289],
        [78.4591, 24.3288],
        [78.4587, 24.3287],
        [78.4583, 24.3286],
        [78.4579, 24.3285],
        [78.45765, 24.32844],
        [78.4575, 24.3284],
        [78.45742, 24.32837],
        [78.4568, 24.3281],
        [78.45665, 24.3281],
        [78.4566, 24.3281],
        [78.4564, 24.328],
        [78.45632, 24.32792],
        [78.45618, 24.32782],
        [78.45613, 24.32776],
        [78.456, 24.3277],
        [78.4559, 24.3274],
        [78.4559, 24.32737],
        [78.45586, 24.32722],
        [78.45586, 24.32711],
        [78.4558, 24.327],
        [78.45589, 24.32673],
        [78.4559, 24.3267],
        [78.45591, 24.32668],
        [78.45598, 24.3265],
        [78.45609, 24.32642],
        [78.4562, 24.3263],
        [78.45625, 24.32625],
        [78.4564, 24.3261],
        [78.4565, 24.3259],
        [78.4565, 24.32563],
        [78.4565, 24.3256],
        [78.4565, 24.3253],
        [78.4565, 24.32522],
        [78.4565, 24.325],
        [78.4564, 24.3247],
        [78.4563, 24.3246],
        [78.4562, 24.3245],
        [78.456, 24.3243],
        [78.45585, 24.32415],
        [78.45582, 24.32413],
        [78.45565, 24.32403],
        [78.4556, 24.324],
        [78.4554, 24.3239],
        [78.4552, 24.3238],
        [78.4549, 24.3237],
        [78.4547, 24.3236],
        [78.45458, 24.32354],
        [78.4545, 24.3235],
        [78.4543, 24.3234],
        [78.45413, 24.3234],
        [78.454, 24.3234],
        [78.4537, 24.3233],
        [78.4533, 24.3232],
        [78.45322, 24.32314],
        [78.453, 24.323],
        [78.45267, 24.32292],
        [78.4526, 24.3229],
        [78.4525, 24.32283],
        [78.4523, 24.3227],
        [78.452, 24.3225],
        [78.4517, 24.3223],
        [78.45156, 24.32221],
        [78.4514, 24.3221],
        [78.45113, 24.32183],
        [78.45103, 24.32178],
        [78.4508, 24.3217],
        [78.45066, 24.32161],
        [78.45047, 24.32154],
        [78.45027, 24.3215],
        [78.4501, 24.3215],
        [78.4496, 24.3215],
        [78.44932, 24.3215],
        [78.44925, 24.32151],
        [78.44893, 24.32152],
        [78.44871, 24.3215],
        [78.4486, 24.3215],
        [78.44853, 24.32148],
        [78.4483, 24.3214],
        [78.4479, 24.3213],
        [78.4476, 24.3212],
        [78.4472, 24.321],
        [78.4471, 24.3209],
        [78.4469, 24.3208],
        [78.44687, 24.32078],
        [78.4467, 24.3207],
        [78.44666, 24.32062],
        [78.44658, 24.32055],
        [78.4464, 24.32043],
        [78.4463, 24.3204],
        [78.44601, 24.32021],
        [78.44598, 24.32019],
        [78.4458, 24.3201],
        [78.44568, 24.32002],
        [78.4455, 24.31992],
        [78.4454, 24.31987],
        [78.4452, 24.3198],
        [78.44496, 24.31964],
        [78.44494, 24.31963],
        [78.44466, 24.31949],
        [78.44463, 24.31948],
        [78.4444, 24.3194],
        [78.44426, 24.31931],
        [78.44409, 24.31923],
        [78.444, 24.31904],
        [78.44401, 24.31902],
        [78.444, 24.319],
        [78.4442, 24.31874],
        [78.44426, 24.31864],
        [78.44439, 24.31846],
        [78.4445, 24.3183],
        [78.4447, 24.318],
        [78.4449, 24.3177],
        [78.44502, 24.31758],
        [78.4452, 24.3174],
        [78.44527, 24.31719],
        [78.4453, 24.3171],
        [78.44543, 24.31692],
        [78.44555, 24.31673],
        [78.44573, 24.31639],
        [78.44575, 24.31636],
        [78.4459, 24.316],
        [78.4459, 24.3159],
        [78.4457, 24.3157],
        [78.4456, 24.3156],
        [78.44548, 24.31554],
        [78.44535, 24.3155],
        [78.4452, 24.3155],
        [78.4449, 24.3154],
        [78.4446, 24.3153],
        [78.4443, 24.3152],
        [78.444, 24.3151],
        [78.4437, 24.315],
        [78.4436, 24.3149],
        [78.4435, 24.3148],
        [78.4432, 24.3147],
        [78.44291, 24.3146],
        [78.4429, 24.3146],
        [78.4426, 24.3145],
        [78.44245, 24.31435],
        [78.44237, 24.31429],
        [78.44225, 24.31407],
        [78.4422, 24.314],
        [78.4421, 24.3138],
        [78.4419, 24.3137],
        [78.4416, 24.3137],
        [78.4414, 24.3137],
        [78.4412, 24.3136],
        [78.441, 24.3135],
        [78.44093, 24.31347],
        [78.4408, 24.3134],
        [78.44075, 24.31329],
        [78.44069, 24.31324],
        [78.44055, 24.31312],
        [78.4405, 24.3131],
        [78.44046, 24.31306],
        [78.44036, 24.31299],
        [78.44018, 24.31289],
        [78.44, 24.3128],
        [78.4397, 24.3127],
        [78.43954, 24.3127],
        [78.4395, 24.3127],
        [78.4392, 24.3126],
        [78.43916, 24.31258],
        [78.43898, 24.31252],
        [78.43875, 24.31234],
        [78.43874, 24.31233],
        [78.4387, 24.3123],
        [78.43863, 24.31216],
        [78.43859, 24.3121],
        [78.43857, 24.31202],
        [78.4385, 24.3118],
        [78.43855, 24.31166],
        [78.43856, 24.31154],
        [78.43868, 24.31128],
        [78.4387, 24.31119],
        [78.4387, 24.311],
        [78.4387, 24.31085],
        [78.43867, 24.31073],
        [78.43863, 24.31049],
        [78.4386, 24.3104],
        [78.43867, 24.3102],
        [78.43868, 24.31013],
        [78.4387, 24.30992],
        [78.4387, 24.3098],
        [78.43869, 24.30976],
        [78.4386, 24.30954],
        [78.43839, 24.30932],
        [78.43831, 24.30927],
        [78.4381, 24.3092],
        [78.43796, 24.30906],
        [78.43789, 24.30902],
        [78.43783, 24.30893],
        [78.4377, 24.3088],
        [78.4377, 24.30864],
        [78.43767, 24.30853],
        [78.4377, 24.30826],
        [78.43773, 24.3082],
        [78.4378, 24.308],
        [78.43788, 24.30792],
        [78.43796, 24.30777],
        [78.438, 24.30764],
        [78.438, 24.3075],
        [78.43806, 24.30732],
        [78.43807, 24.30722],
        [78.43806, 24.30708],
        [78.438, 24.3069],
        [78.438, 24.30652],
        [78.438, 24.3065],
        [78.438, 24.30623],
        [78.438, 24.30594],
        [78.438, 24.30565],
        [78.438, 24.3056],
        [78.438, 24.3054],
        [78.438, 24.3051],
        [78.438, 24.3048],
        [78.43804, 24.30467],
        [78.4381, 24.3045],
        [78.4381, 24.3042],
        [78.4381, 24.30404],
        [78.4381, 24.3039],
        [78.4382, 24.3035],
        [78.43836, 24.30326],
        [78.4384, 24.3032],
        [78.4386, 24.303],
        [78.43887, 24.30273],
        [78.4389, 24.3027],
        [78.4391, 24.3025],
        [78.4392, 24.3021],
        [78.4393, 24.3018],
        [78.43936, 24.30162],
        [78.4394, 24.3015],
        [78.43949, 24.30141],
        [78.4396, 24.3013],
        [78.4398, 24.3011],
        [78.4399, 24.3008],
        [78.43994, 24.30067],
        [78.44, 24.3005],
        [78.44003, 24.3004],
        [78.44008, 24.30023],
        [78.4401, 24.30013],
        [78.4401, 24.2999],
        [78.44016, 24.29971],
        [78.4402, 24.2996],
        [78.4402, 24.2993],
        [78.4402, 24.299],
        [78.44014, 24.29882],
        [78.4401, 24.2987],
        [78.4401, 24.29859],
        [78.44007, 24.29844],
        [78.43999, 24.29818],
        [78.43999, 24.29816],
        [78.4399, 24.2979],
        [78.43996, 24.29778],
        [78.43997, 24.29765],
        [78.44, 24.29752],
        [78.44, 24.2974],
        [78.4401, 24.2971],
        [78.4402, 24.2968],
        [78.44029, 24.29653],
        [78.44028, 24.29623],
        [78.44023, 24.296],
        [78.4402, 24.2959],
        [78.44, 24.2957],
        [78.43994, 24.29552],
        [78.43985, 24.29541],
        [78.4397, 24.29527],
        [78.4396, 24.2952],
        [78.43944, 24.29504],
        [78.43938, 24.29499],
        [78.43911, 24.29483],
        [78.43893, 24.29474],
        [78.4388, 24.2947],
        [78.4385, 24.2946],
        [78.4383, 24.29453],
        [78.43821, 24.29451],
        [78.43811, 24.2945],
        [78.4379, 24.2945],
        [78.4377, 24.2944],
        [78.4375, 24.2943],
        [78.4373, 24.2942],
        [78.43714, 24.29404],
        [78.4371, 24.294],
        [78.437, 24.2939],
        [78.4368, 24.2937],
        [78.4367, 24.2935],
        [78.4366, 24.2934],
        [78.4365, 24.2932],
        [78.43644, 24.29314],
        [78.4363, 24.293],
        [78.43624, 24.29287],
        [78.43619, 24.29282],
        [78.43614, 24.29277],
        [78.436, 24.2927],
        [78.43595, 24.29259],
        [78.4359, 24.2925],
        [78.4357, 24.2924],
        [78.43558, 24.2924],
        [78.4355, 24.2924],
        [78.4352, 24.2921],
        [78.435, 24.2919],
        [78.43475, 24.29169],
        [78.43457, 24.29155],
        [78.4345, 24.2915],
        [78.43445, 24.29145],
        [78.43425, 24.29129],
        [78.43416, 24.29116],
        [78.4341, 24.2911],
        [78.434, 24.2908],
        [78.43404, 24.29073],
        [78.4341, 24.2906],
        [78.4342, 24.2903],
        [78.4343, 24.29],
        [78.43435, 24.28985],
        [78.4344, 24.2897],
        [78.4346, 24.2893],
        [78.43465, 24.2892],
        [78.4347, 24.2891],
        [78.4347, 24.2888],
        [78.43461, 24.28863],
        [78.4346, 24.2886],
        [78.43457, 24.28851],
        [78.43448, 24.28833],
        [78.43433, 24.28813],
        [78.4343, 24.2881],
        [78.43428, 24.28807],
        [78.4341, 24.2878],
        [78.43386, 24.28764],
        [78.4338, 24.2876],
        [78.4335, 24.2874],
        [78.4333, 24.2872],
        [78.43318, 24.28708],
        [78.43299, 24.28691],
        [78.43274, 24.28664],
        [78.4327, 24.2866],
        [78.43264, 24.28651],
        [78.43251, 24.28634],
        [78.43231, 24.28602],
        [78.4323, 24.286],
        [78.4323, 24.286],
        [78.4322, 24.2859],
        [78.4321, 24.2856],
        [78.432, 24.2853],
        [78.43191, 24.28503],
        [78.43177, 24.28477],
        [78.43161, 24.28452],
        [78.43159, 24.28449],
        [78.4314, 24.2843],
        [78.43132, 24.28414],
        [78.43125, 24.28406],
        [78.43104, 24.28385],
        [78.43083, 24.28365],
        [78.43062, 24.28351],
        [78.4306, 24.2835],
        [78.4303, 24.2835],
        [78.43022, 24.28354],
        [78.43007, 24.28363],
        [78.4299, 24.2838],
        [78.4297, 24.284],
        [78.42951, 24.2841],
        [78.42948, 24.28412],
        [78.4293, 24.2843],
        [78.42917, 24.28443],
        [78.42913, 24.28448],
        [78.42895, 24.28465],
        [78.4289, 24.2847],
        [78.42885, 24.28473],
        [78.4287, 24.2848],
        [78.4285, 24.2849],
        [78.4283, 24.285],
        [78.42826, 24.28502],
        [78.4281, 24.2851],
        [78.4278, 24.2851],
        [78.4276, 24.2851],
        [78.4273, 24.2851],
        [78.4271, 24.2851],
        [78.4268, 24.2851],
        [78.4265, 24.2851],
        [78.4263, 24.2851],
        [78.4262, 24.2851],
        [78.42603, 24.28512],
        [78.42593, 24.28514],
        [78.4258, 24.2852],
        [78.42552, 24.2852],
        [78.42549, 24.28521],
        [78.4253, 24.2853],
        [78.4248, 24.2854],
        [78.42463, 24.2854],
        [78.4244, 24.2854],
        [78.424, 24.2854],
        [78.4236, 24.2854],
        [78.4233, 24.2853],
        [78.42306, 24.2853],
        [78.4228, 24.2853],
        [78.4224, 24.2852],
        [78.42218, 24.28516],
        [78.42191, 24.28512],
        [78.42173, 24.2851],
        [78.4215, 24.2851],
        [78.4213, 24.28506],
        [78.421, 24.285],
        [78.4206, 24.285],
        [78.4201, 24.285],
        [78.4196, 24.285],
        [78.4191, 24.285],
        [78.41894, 24.285],
        [78.4189, 24.285],
        [78.4186, 24.2849],
        [78.41851, 24.28472],
        [78.41848, 24.28469],
        [78.41837, 24.28448],
        [78.4183, 24.2843],
        [78.41821, 24.28412],
        [78.4182, 24.2841],
        [78.4181, 24.284],
        [78.418, 24.2838],
        [78.4179, 24.2836],
        [78.4178, 24.2834],
        [78.41772, 24.28328],
        [78.41761, 24.28312],
        [78.41757, 24.28307],
        [78.4175, 24.283],
        [78.4171, 24.2825],
        [78.4168, 24.2821],
        [78.41659, 24.28176],
        [78.4165, 24.2816],
        [78.4162, 24.2811],
        [78.41596, 24.2808],
        [78.4158, 24.2806],
        [78.4155, 24.2801],
        [78.4152, 24.2796],
        [78.41508, 24.2793],
        [78.41498, 24.27911],
        [78.41485, 24.27885],
        [78.4147, 24.2786],
        [78.4145, 24.2784],
        [78.41442, 24.27815],
        [78.41438, 24.27809],
        [78.41434, 24.27801],
        [78.4142, 24.2778],
        [78.4141, 24.2775],
        [78.4141, 24.27742],
        [78.4141, 24.2772],
        [78.414, 24.2769],
        [78.41398, 24.27683],
        [78.4139, 24.2766],
        [78.4139, 24.2763],
        [78.41396, 24.27611],
        [78.414, 24.276],
        [78.414, 24.2757],
        [78.414, 24.2754],
        [78.41395, 24.2752],
        [78.4139, 24.275],
        [78.4139, 24.2747],
        [78.4139, 24.2744],
        [78.4139, 24.274],
        [78.4139, 24.2737],
        [78.4139, 24.2734],
        [78.4139, 24.27336],
        [78.41389, 24.27302],
        [78.41386, 24.27293],
        [78.4138, 24.2728],
        [78.41376, 24.27272],
        [78.4137, 24.2726],
        [78.4135, 24.2725],
        [78.4132, 24.2725],
        [78.41318, 24.27252],
        [78.413, 24.2727],
        [78.41283, 24.2727],
        [78.41272, 24.27274],
        [78.41255, 24.27277],
        [78.4125, 24.2728],
        [78.41221, 24.2728],
        [78.4122, 24.2728],
        [78.412, 24.2728],
        [78.41199, 24.2728],
        [78.41196, 24.27279],
        [78.4117, 24.2727],
        [78.4116, 24.2725],
        [78.4116, 24.2723],
        [78.4117, 24.2721],
        [78.4118, 24.2719],
        [78.4118, 24.2716],
        [78.41171, 24.27142],
        [78.41169, 24.2714],
        [78.41162, 24.27136],
        [78.41148, 24.2713],
        [78.41125, 24.27133],
        [78.41103, 24.27139],
        [78.41102, 24.27139],
        [78.411, 24.2714],
        [78.4108, 24.2714],
        [78.4106, 24.2713],
        [78.41058, 24.27129],
        [78.4104, 24.2712],
        [78.41037, 24.27117],
        [78.41019, 24.27102],
        [78.41, 24.271],
        [78.4098, 24.271],
        [78.4095, 24.2711],
        [78.4094, 24.27113],
        [78.4092, 24.2712],
        [78.40914, 24.27137],
        [78.4091, 24.2715],
        [78.40887, 24.27158],
        [78.40881, 24.27161],
        [78.40875, 24.27159],
        [78.4084, 24.2715],
        [78.4082, 24.2714],
        [78.40808, 24.27132],
        [78.4079, 24.2712],
        [78.4077, 24.2711],
        [78.40753, 24.27102],
        [78.4075, 24.271],
        [78.4073, 24.2709],
        [78.4072, 24.2708],
        [78.40716, 24.27076],
        [78.407, 24.27062],
        [78.40667, 24.27051],
        [78.40658, 24.2705],
        [78.4063, 24.2705],
        [78.406, 24.2705],
        [78.40582, 24.27055],
        [78.40565, 24.27059],
        [78.40538, 24.27075],
        [78.4053, 24.2708],
        [78.405, 24.2709],
        [78.4046, 24.2708],
        [78.40454, 24.27077],
        [78.40437, 24.27073],
        [78.40428, 24.2707],
        [78.4042, 24.2707],
        [78.40403, 24.27061],
        [78.40396, 24.27059],
        [78.40377, 24.2705],
        [78.4034, 24.2705],
        [78.4032, 24.2707],
        [78.4029, 24.2709],
        [78.4026, 24.271],
        [78.40248, 24.27096],
        [78.4023, 24.2709],
        [78.4021, 24.2709],
        [78.4019, 24.2709],
        [78.40182, 24.27093],
        [78.4016, 24.271],
        [78.40145, 24.271],
        [78.40141, 24.27101],
        [78.40132, 24.27105],
        [78.4011, 24.2712],
        [78.40096, 24.27134],
        [78.40089, 24.27143],
        [78.40074, 24.27165],
        [78.40073, 24.27166],
        [78.4007, 24.2717],
        [78.4005, 24.2718],
        [78.40033, 24.2718],
        [78.40024, 24.27181],
        [78.40021, 24.2718],
        [78.4002, 24.2718],
        [78.40016, 24.27178],
        [78.39995, 24.2717],
        [78.39986, 24.27161],
        [78.3997, 24.2715],
        [78.3996, 24.2712],
        [78.39965, 24.27105],
        [78.39968, 24.27086],
        [78.39957, 24.27069],
        [78.39956, 24.27068],
        [78.3994, 24.2706],
        [78.3993, 24.2705],
        [78.39918, 24.27044],
        [78.39905, 24.2704],
        [78.39884, 24.27033],
        [78.39881, 24.2703],
        [78.3988, 24.2703],
        [78.3986, 24.2702],
        [78.3985, 24.27],
        [78.3984, 24.2697],
        [78.3984, 24.2695],
        [78.3982, 24.2693],
        [78.39793, 24.26923],
        [78.39783, 24.26922],
        [78.39767, 24.26933],
        [78.3976, 24.2694],
        [78.3975, 24.2696],
        [78.39749, 24.26961],
        [78.3973, 24.2698],
        [78.39715, 24.26995],
        [78.3971, 24.27],
        [78.39703, 24.27],
        [78.39681, 24.27004],
        [78.39659, 24.27],
        [78.3965, 24.27],
        [78.3962, 24.2698],
        [78.3961, 24.2697],
        [78.396, 24.2695],
        [78.3959, 24.2693],
        [78.3959, 24.26923],
        [78.3959, 24.2691],
        [78.3957, 24.2689],
        [78.39552, 24.2689],
        [78.3954, 24.2689],
        [78.3952, 24.2689]
      ]
    ]
  }
}
