{
  "type": "Feature",
  "id": "UP-AC-234",
  "properties": {
    "stateName": "UTTAR PRADESH",
    "stateCode": "UP",
    "districtName": "BANDA",
    "acNo": 234,
    "acName": "CHAIL",
    "seatType": null,
    "pcNo": null,
    "pcName": null,
    "quality": "unverified",
    "sources": [
      "TBD"
    ]
  },
  "geometry": {
    "type": "Polygon",
    "coordinates": [
      [
        [80.3213, 25.00203],
        [80.3213, 25.0021],
        [80.32119, 25.00194],
        [80.32107, 25.00183],
        [80.3209, 25.002],
        [80.32096, 25.00213],
        [80.321, 25.00219],
        [80.321, 25.00219],
        [80.321, 25.0022],
        [80.32097, 25.00221],
        [80.3208, 25.0023],
        [80.32053, 25.00223],
        [80.3204, 25.0022],
        [80.3203, 25.0025],
        [80.32042, 25.00265],
        [80.32055, 25.00285],
        [80.3206, 25.0029],
        [80.32059, 25.0029],
        [80.32059, 25.00291],
        [80.32055, 25.00292],
        [80.3203, 25.003],
        [80.32008, 25.00296],
        [80.3198, 25.0029],
        [80.3191, 25.0027],
        [80.31903, 25.0027],
        [80.3188, 25.0027],
        [80.31872, 25.00273],
        [80.31854, 25.00282],
        [80.31842, 25.00305],
        [80.31842, 25.00305],
        [80.3184, 25.0031],
        [80.31827, 25.00314],
        [80.3181, 25.0032],
        [80.3172, 25.0035],
        [80.31664, 25.00369],
        [80.3163, 25.0038],
        [80.31614, 25.00385],
        [80.316, 25.0039],
        [80.3154, 25.0041],
        [80.3151, 25.0042],
        [80.31489, 25.0042],
        [80.3148, 25.0042],
        [80.3142, 25.0039],
        [80.3137, 25.0037],
        [80.3134, 25.0036],
        [80.31311, 25.0037],
        [80.3131, 25.0037],
        [80.3129, 25.0039],
        [80.31278, 25.00396],
        [80.31272, 25.00403],
        [80.3127, 25.00424],
        [80.3127, 25.0046],
        [80.31259, 25.00457],
        [80.3123, 25.0045],
        [80.3122, 25.0047],
        [80.31216, 25.00481],
        [80.3121, 25.005],
        [80.3119, 25.0051],
        [80.3115, 25.0051],
        [80.31128, 25.00517],
        [80.31119, 25.00523],
        [80.31097, 25.00543],
        [80.3109, 25.0055],
        [80.31087, 25.00552],
        [80.31086, 25.00553],
        [80.31083, 25.00554],
        [80.3106, 25.0057],
        [80.3103, 25.0057],
        [80.3103, 25.00554],
        [80.31026, 25.00533],
        [80.31022, 25.00522],
        [80.3102, 25.0052],
        [80.31005, 25.00515],
        [80.3099, 25.0051],
        [80.3096, 25.0053],
        [80.30931, 25.00548],
        [80.3091, 25.0056],
        [80.3084, 25.0058],
        [80.3078, 25.0061],
        [80.30769, 25.00619],
        [80.3073, 25.0065],
        [80.3071, 25.0069],
        [80.30703, 25.0071],
        [80.307, 25.0072],
        [80.30697, 25.00723],
        [80.30685, 25.00735],
        [80.30678, 25.00742],
        [80.30674, 25.00746],
        [80.3067, 25.0075],
        [80.30663, 25.00752],
        [80.3064, 25.0076],
        [80.3062, 25.0078],
        [80.30617, 25.00789],
        [80.3061, 25.0081],
        [80.30605, 25.00825],
        [80.30602, 25.00838],
        [80.306, 25.00839],
        [80.306, 25.0084],
        [80.30598, 25.00841],
        [80.3058, 25.00854],
        [80.30573, 25.00879],
        [80.30572, 25.00882],
        [80.30571, 25.00886],
        [80.30576, 25.00909],
        [80.3058, 25.0092],
        [80.306, 25.0096],
        [80.3057, 25.0097],
        [80.30551, 25.00964],
        [80.3054, 25.00962],
        [80.30528, 25.00963],
        [80.305, 25.0097],
        [80.3047, 25.0098],
        [80.3044, 25.01],
        [80.3043, 25.0102],
        [80.30425, 25.01039],
        [80.3042, 25.0106],
        [80.30412, 25.01101],
        [80.3041, 25.0111],
        [80.30391, 25.01115],
        [80.3037, 25.0112],
        [80.3033, 25.0115],
        [80.30312, 25.01173],
        [80.3029, 25.012],
        [80.3026, 25.0123],
        [80.3024, 25.0124],
        [80.30235, 25.0124],
        [80.302, 25.0124],
        [80.3015, 25.0124],
        [80.30121, 25.01252],
        [80.301, 25.0126],
        [80.3006, 25.0126],
        [80.3003, 25.0128],
        [80.30012, 25.01294],
        [80.2999, 25.0131],
        [80.2997, 25.0134],
        [80.2996, 25.0137],
        [80.2996, 25.0139],
        [80.29961, 25.01392],
        [80.29972, 25.01413],
        [80.29976, 25.01421],
        [80.29983, 25.01435],
        [80.29991, 25.01461],
        [80.2999, 25.01472],
        [80.2999, 25.0149],
        [80.29982, 25.01511],
        [80.29972, 25.01538],
        [80.29943, 25.01579],
        [80.2994, 25.0158],
        [80.2994, 25.0158],
        [80.2992, 25.01584],
        [80.2977, 25.0161],
        [80.29712, 25.01625],
        [80.2962, 25.0165],
        [80.29451, 25.01658],
        [80.29404, 25.01661],
        [80.29404, 25.0166],
        [80.294, 25.0166],
        [80.2939, 25.0162],
        [80.2933, 25.0163],
        [80.29297, 25.01643],
        [80.29277, 25.01652],
        [80.292, 25.0171],
        [80.29164, 25.01735],
        [80.29133, 25.0176],
        [80.29085, 25.01787],
        [80.29, 25.0184],
        [80.28919, 25.01892],
        [80.28889, 25.01912],
        [80.28867, 25.01925],
        [80.288, 25.0197],
        [80.28767, 25.01987],
        [80.2874, 25.02],
        [80.2868, 25.0202],
        [80.2857, 25.0202],
        [80.2846, 25.0203],
        [80.28412, 25.02043],
        [80.2835, 25.0206],
        [80.28292, 25.02084],
        [80.2823, 25.0211],
        [80.2813, 25.0217],
        [80.28066, 25.02214],
        [80.28, 25.0226],
        [80.2783, 25.0236],
        [80.27669, 25.02444],
        [80.2762, 25.0247],
        [80.2744, 25.0256],
        [80.27373, 25.02597],
        [80.2735, 25.02611],
        [80.27418, 25.02684],
        [80.27449, 25.02717],
        [80.27506, 25.02769],
        [80.2753, 25.0279],
        [80.27542, 25.02797],
        [80.2763, 25.0285],
        [80.27703, 25.0289],
        [80.2774, 25.0291],
        [80.27778, 25.02934],
        [80.2785, 25.0298],
        [80.2795, 25.0307],
        [80.2804, 25.0316],
        [80.2812, 25.0325],
        [80.282, 25.0333],
        [80.2834, 25.0343],
        [80.28401, 25.03486],
        [80.2846, 25.0354],
        [80.2857, 25.0365],
        [80.2867, 25.0372],
        [80.28707, 25.03752],
        [80.2874, 25.0378],
        [80.2877, 25.0383],
        [80.2881, 25.0391],
        [80.2882, 25.0396],
        [80.2882, 25.0401],
        [80.2882, 25.0401],
        [80.2881, 25.0404],
        [80.28791, 25.04051],
        [80.2876, 25.0407],
        [80.28745, 25.04092],
        [80.2874, 25.041],
        [80.2873, 25.0412],
        [80.28736, 25.04171],
        [80.2874, 25.0421],
        [80.2877, 25.0433],
        [80.2878, 25.0445],
        [80.2879, 25.04578],
        [80.2879, 25.0458],
        [80.2879, 25.04581],
        [80.2879, 25.0468],
        [80.28777, 25.047],
        [80.28771, 25.04711],
        [80.28756, 25.04727],
        [80.2872, 25.0477],
        [80.2865, 25.0484],
        [80.2858, 25.0492],
        [80.2854, 25.0499],
        [80.2852, 25.0509],
        [80.285, 25.05157],
        [80.2849, 25.0519],
        [80.2847, 25.0532],
        [80.28477, 25.05392],
        [80.2848, 25.0542],
        [80.285, 25.0548],
        [80.28539, 25.05569],
        [80.2856, 25.056],
        [80.2858, 25.0563],
        [80.28607, 25.05661],
        [80.28641, 25.05699],
        [80.28663, 25.05718],
        [80.2873, 25.0577],
        [80.28808, 25.05818],
        [80.2886, 25.0585],
        [80.2901, 25.0594],
        [80.2904, 25.0596],
        [80.2907, 25.0597],
        [80.2907, 25.0597],
        [80.2915, 25.0589],
        [80.29192, 25.05856],
        [80.2926, 25.058],
        [80.29318, 25.05757],
        [80.2938, 25.0571],
        [80.29405, 25.05698],
        [80.29438, 25.05677],
        [80.29434, 25.05669],
        [80.2939, 25.0558],
        [80.2942, 25.05556],
        [80.2949, 25.055],
        [80.296, 25.0541],
        [80.2971, 25.0532],
        [80.29724, 25.05334],
        [80.2976, 25.0537],
        [80.2977, 25.05385],
        [80.2978, 25.054],
        [80.2981, 25.0539],
        [80.2982, 25.0536],
        [80.2982, 25.05334],
        [80.2982, 25.0533],
        [80.2988, 25.0531],
        [80.29881, 25.0531],
        [80.29882, 25.0531],
        [80.29904, 25.05326],
        [80.2997, 25.0537],
        [80.30017, 25.05364],
        [80.3005, 25.0536],
        [80.3014, 25.0533],
        [80.3022, 25.0528],
        [80.30253, 25.05254],
        [80.3031, 25.0521],
        [80.30335, 25.05204],
        [80.3039, 25.0519],
        [80.3041, 25.05165],
        [80.3043, 25.0514],
        [80.30467, 25.05085],
        [80.30486, 25.05053],
        [80.30543, 25.04989],
        [80.3056, 25.0497],
        [80.30599, 25.04911],
        [80.306, 25.04896],
        [80.306, 25.0485],
        [80.3062, 25.048],
        [80.3066, 25.0477],
        [80.3071, 25.04756],
        [80.3071, 25.0469],
        [80.30741, 25.04671],
        [80.3076, 25.0466],
        [80.30806, 25.04637],
        [80.3084, 25.0462],
        [80.3089, 25.0456],
        [80.3096, 25.0451],
        [80.30964, 25.04508],
        [80.31056, 25.04462],
        [80.3106, 25.0446],
        [80.3113, 25.0444],
        [80.31149, 25.04442],
        [80.31206, 25.04447],
        [80.31224, 25.0445],
        [80.3125, 25.0445],
        [80.31287, 25.04478],
        [80.31293, 25.04482],
        [80.31294, 25.04488],
        [80.313, 25.045],
        [80.313, 25.0454],
        [80.31304, 25.04552],
        [80.3131, 25.0457],
        [80.31336, 25.04576],
        [80.31347, 25.04579],
        [80.3135, 25.04556],
        [80.3135, 25.0454],
        [80.3139, 25.0455],
        [80.31458, 25.04618],
        [80.3147, 25.0463],
        [80.31492, 25.04658],
        [80.31511, 25.0468],
        [80.3154, 25.0469],
        [80.31542, 25.04691],
        [80.3157, 25.0471],
        [80.3158, 25.0473],
        [80.31587, 25.04744],
        [80.3159, 25.0475],
        [80.31607, 25.04772],
        [80.31623, 25.0479],
        [80.3165, 25.0479],
        [80.31679, 25.04786],
        [80.3173, 25.0478],
        [80.3186, 25.0478],
        [80.3188, 25.0479],
        [80.31892, 25.04802],
        [80.319, 25.0481],
        [80.319, 25.04827],
        [80.319, 25.0485],
        [80.3193, 25.04873],
        [80.31936, 25.04877],
        [80.31965, 25.0488],
        [80.31976, 25.04883],
        [80.3202, 25.0489],
        [80.32029, 25.04899],
        [80.3204, 25.0491],
        [80.32119, 25.04989],
        [80.32143, 25.04986],
        [80.3216, 25.04976],
        [80.3217, 25.0497],
        [80.3223, 25.0495],
        [80.323, 25.0494],
        [80.3234, 25.0494],
        [80.324, 25.0496],
        [80.3245, 25.0497],
        [80.3249, 25.0497],
        [80.32506, 25.0497],
        [80.32521, 25.04959],
        [80.3253, 25.0495],
        [80.3255, 25.0494],
        [80.32551, 25.0494],
        [80.3263, 25.0494],
        [80.3268, 25.0494],
        [80.32717, 25.0494],
        [80.3273, 25.0494],
        [80.3274, 25.04944],
        [80.3278, 25.0496],
        [80.3288, 25.0489],
        [80.3305, 25.0475],
        [80.33103, 25.04774],
        [80.3314, 25.0479],
        [80.3314, 25.04791],
        [80.3313, 25.0487],
        [80.3313, 25.04872],
        [80.3315, 25.0494],
        [80.33183, 25.05053],
        [80.3322, 25.0518],
        [80.3326, 25.0522],
        [80.33324, 25.0526],
        [80.3334, 25.0527],
        [80.3334, 25.05271],
        [80.3336, 25.0531],
        [80.33374, 25.05345],
        [80.3338, 25.0536],
        [80.3339, 25.0537],
        [80.33403, 25.05381],
        [80.33406, 25.05383],
        [80.3342, 25.0539],
        [80.3342, 25.05397],
        [80.3342, 25.0542],
        [80.3343, 25.0546],
        [80.33437, 25.05464],
        [80.3345, 25.0547],
        [80.3346, 25.055],
        [80.33454, 25.05513],
        [80.33453, 25.05517],
        [80.3345, 25.05525],
        [80.3345, 25.0554],
        [80.3344, 25.0557],
        [80.3344, 25.056],
        [80.3344, 25.0563],
        [80.33459, 25.05649],
        [80.33477, 25.05657],
        [80.33478, 25.05659],
        [80.3348, 25.0566],
        [80.33483, 25.05668],
        [80.3349, 25.0569],
        [80.335, 25.0574],
        [80.3351, 25.0577],
        [80.33518, 25.05773],
        [80.3354, 25.0578],
        [80.3356, 25.058],
        [80.3356, 25.05824],
        [80.33561, 25.05829],
        [80.3357, 25.05844],
        [80.33574, 25.05848],
        [80.33588, 25.05868],
        [80.33596, 25.0587],
        [80.3361, 25.0587],
        [80.3365, 25.059],
        [80.3368, 25.0591],
        [80.3372, 25.0589],
        [80.33729, 25.0589],
        [80.3374, 25.0589],
        [80.338, 25.0589],
        [80.3388, 25.0586],
        [80.3393, 25.0583],
        [80.33962, 25.05798],
        [80.3397, 25.0579],
        [80.3405, 25.0566],
        [80.341, 25.0556],
        [80.34078, 25.05486],
        [80.3407, 25.0546],
        [80.34314, 25.05351],
        [80.3436, 25.0533],
        [80.34367, 25.05347],
        [80.3441, 25.0546],
        [80.3445, 25.0559],
        [80.34453, 25.05588],
        [80.3466, 25.0546],
        [80.34777, 25.05409],
        [80.3482, 25.0539],
        [80.35047, 25.05311],
        [80.3505, 25.0531],
        [80.3509, 25.0531],
        [80.3517, 25.0536],
        [80.3529, 25.0545],
        [80.3537, 25.0552],
        [80.35372, 25.05524],
        [80.3541, 25.056],
        [80.35546, 25.05561],
        [80.3555, 25.0556],
        [80.3559, 25.0561],
        [80.35601, 25.05642],
        [80.3563, 25.0573],
        [80.3551, 25.0575],
        [80.35475, 25.05837],
        [80.3547, 25.0585],
        [80.3543, 25.0594],
        [80.3551, 25.0603],
        [80.35543, 25.06083],
        [80.35588, 25.06157],
        [80.3559, 25.0616],
        [80.35412, 25.0617],
        [80.35375, 25.0619],
        [80.3534, 25.0621],
        [80.3527, 25.0625],
        [80.3523, 25.0624],
        [80.35198, 25.06227],
        [80.3518, 25.0622],
        [80.3513, 25.0621],
        [80.35101, 25.0621],
        [80.35094, 25.06214],
        [80.3507, 25.0623],
        [80.35048, 25.06234],
        [80.3502, 25.0624],
        [80.3493, 25.0624],
        [80.34906, 25.06248],
        [80.349, 25.0625],
        [80.3484, 25.0629],
        [80.34818, 25.06303],
        [80.34793, 25.06321],
        [80.34776, 25.06343],
        [80.3476, 25.0637],
        [80.3472, 25.0641],
        [80.34687, 25.0643],
        [80.34669, 25.06443],
        [80.34643, 25.06458],
        [80.3461, 25.0648],
        [80.3458, 25.0651],
        [80.3458, 25.0651],
        [80.3458, 25.0653],
        [80.3461, 25.0657],
        [80.3464, 25.0662],
        [80.3465, 25.0666],
        [80.34644, 25.06679],
        [80.3464, 25.0669],
        [80.3461, 25.0674],
        [80.346, 25.0677],
        [80.3465, 25.0684],
        [80.34677, 25.06877],
        [80.3473, 25.0695],
        [80.3482, 25.0708],
        [80.3486, 25.0717],
        [80.349, 25.0729],
        [80.34929, 25.07372],
        [80.3495, 25.0743],
        [80.3498, 25.0759],
        [80.34986, 25.07626],
        [80.3499, 25.0765],
        [80.3504, 25.077],
        [80.3505, 25.07722],
        [80.3508, 25.0779],
        [80.35095, 25.07849],
        [80.35101, 25.07869],
        [80.351, 25.07869],
        [80.351, 25.0787],
        [80.35076, 25.07875],
        [80.3501, 25.0789],
        [80.3504, 25.0797],
        [80.351, 25.0806],
        [80.35158, 25.08137],
        [80.3516, 25.0814],
        [80.3501, 25.082],
        [80.3484, 25.0829],
        [80.3484, 25.08346],
        [80.3484, 25.0835],
        [80.3488, 25.085],
        [80.34919, 25.08648],
        [80.3492, 25.0865],
        [80.34898, 25.08653],
        [80.3485, 25.0866],
        [80.34883, 25.08707],
        [80.34908, 25.08743],
        [80.34969, 25.08828],
        [80.35052, 25.08803],
        [80.3506, 25.088],
        [80.3506, 25.088],
        [80.351, 25.0885],
        [80.35146, 25.0883],
        [80.3517, 25.0882],
        [80.35171, 25.08822],
        [80.35208, 25.08916],
        [80.3521, 25.0892],
        [80.35033, 25.08949],
        [80.3506, 25.08972],
        [80.3507, 25.0898],
        [80.3507, 25.08981],
        [80.35072, 25.08983],
        [80.3507, 25.09007],
        [80.3507, 25.0904],
        [80.351, 25.09087],
        [80.3514, 25.0915],
        [80.3519, 25.0913],
        [80.35239, 25.09228],
        [80.3525, 25.0925],
        [80.3541, 25.0917],
        [80.3541, 25.0917],
        [80.3541, 25.0917],
        [80.35454, 25.09225],
        [80.3549, 25.0927],
        [80.356, 25.0943],
        [80.35669, 25.09499],
        [80.35747, 25.09423],
        [80.3575, 25.0942],
        [80.35817, 25.09447],
        [80.3585, 25.0946],
        [80.3591, 25.0947],
        [80.3598, 25.0944],
        [80.3602, 25.0941],
        [80.3609, 25.0948],
        [80.3615, 25.09569],
        [80.3615, 25.0957],
        [80.3621, 25.0969],
        [80.36227, 25.09719],
        [80.3625, 25.0976],
        [80.3629, 25.0977],
        [80.36354, 25.09761],
        [80.3643, 25.0975],
        [80.36445, 25.09765],
        [80.3649, 25.0981],
        [80.36533, 25.09862],
        [80.3658, 25.0992],
        [80.3667, 25.0992],
        [80.36694, 25.09922],
        [80.3677, 25.0993],
        [80.36831, 25.09899],
        [80.3685, 25.0989],
        [80.36853, 25.0989],
        [80.3692, 25.0989],
        [80.36952, 25.09904],
        [80.3699, 25.0992],
        [80.37054, 25.09966],
        [80.3706, 25.0997],
        [80.37067, 25.09983],
        [80.371, 25.1004],
        [80.37126, 25.10083],
        [80.3713, 25.1009],
        [80.37138, 25.10138],
        [80.3714, 25.10148],
        [80.3714, 25.10148],
        [80.3714, 25.1015],
        [80.37109, 25.10171],
        [80.3702, 25.1023],
        [80.3714, 25.104],
        [80.3714, 25.104],
        [80.37157, 25.10394],
        [80.37175, 25.10388],
        [80.372, 25.10376],
        [80.37211, 25.10391],
        [80.3722, 25.104],
        [80.37223, 25.10419],
        [80.37232, 25.10455],
        [80.37234, 25.10473],
        [80.3724, 25.1049],
        [80.3729, 25.1049],
        [80.3732, 25.1055],
        [80.3735, 25.1065],
        [80.3741, 25.1077],
        [80.3747, 25.1087],
        [80.3748, 25.10911],
        [80.375, 25.11],
        [80.3754, 25.1119],
        [80.37543, 25.11216],
        [80.3755, 25.1129],
        [80.3751, 25.1134],
        [80.3756, 25.1143],
        [80.37568, 25.11455],
        [80.3759, 25.1152],
        [80.37599, 25.11627],
        [80.376, 25.11637],
        [80.376, 25.11639],
        [80.376, 25.1164],
        [80.376, 25.1175],
        [80.37544, 25.1175],
        [80.3754, 25.1175],
        [80.37531, 25.11749],
        [80.37472, 25.11743],
        [80.37471, 25.1174],
        [80.3747, 25.1174],
        [80.3743, 25.1166],
        [80.37418, 25.11656],
        [80.37401, 25.1165],
        [80.374, 25.1165],
        [80.374, 25.1165],
        [80.3735, 25.1165],
        [80.3722, 25.1169],
        [80.37155, 25.1171],
        [80.3706, 25.1174],
        [80.3702, 25.11744],
        [80.3697, 25.1175],
        [80.36964, 25.1177],
        [80.3695, 25.1182],
        [80.36913, 25.11852],
        [80.3687, 25.1189],
        [80.3676, 25.1195],
        [80.3664, 25.1203],
        [80.3653, 25.1207],
        [80.3644, 25.1209],
        [80.3643, 25.12096],
        [80.3638, 25.1213],
        [80.3627, 25.122],
        [80.3616, 25.1228],
        [80.36159, 25.12281],
        [80.36156, 25.12283],
        [80.3602, 25.1238],
        [80.3587, 25.1249],
        [80.35778, 25.12514],
        [80.3572, 25.1253],
        [80.3555, 25.126],
        [80.3547, 25.1264],
        [80.3553, 25.1269],
        [80.35541, 25.12705],
        [80.3556, 25.1273],
        [80.3556, 25.12767],
        [80.3556, 25.1277],
        [80.3555, 25.1282],
        [80.3553, 25.1286],
        [80.3552, 25.1288],
        [80.3544, 25.1293],
        [80.3534, 25.1298],
        [80.35285, 25.1302],
        [80.35268, 25.13033],
        [80.3525, 25.1306],
        [80.3525, 25.13078],
        [80.35251, 25.13086],
        [80.35266, 25.13114],
        [80.35266, 25.13114],
        [80.35268, 25.13116],
        [80.353, 25.13138],
        [80.35318, 25.13149],
        [80.35328, 25.13151],
        [80.3538, 25.1316],
        [80.3547, 25.1316],
        [80.35482, 25.1316],
        [80.3556, 25.1316],
        [80.35591, 25.1316],
        [80.356, 25.1316],
        [80.35611, 25.13167],
        [80.35631, 25.13177],
        [80.35641, 25.13191],
        [80.3565, 25.132],
        [80.35651, 25.13205],
        [80.3566, 25.1325],
        [80.3566, 25.1329],
        [80.35649, 25.13319],
        [80.3564, 25.1334],
        [80.3559, 25.134],
        [80.3549, 25.1349],
        [80.35479, 25.135],
        [80.3539, 25.1358],
        [80.3542, 25.1368],
        [80.35444, 25.13767],
        [80.3545, 25.1379],
        [80.35452, 25.13795],
        [80.3548, 25.1385],
        [80.35533, 25.13894],
        [80.3554, 25.139],
        [80.35545, 25.13905],
        [80.35602, 25.13961],
        [80.3566, 25.1405],
        [80.3572, 25.1414],
        [80.3578, 25.1424],
        [80.3581, 25.1426],
        [80.3583, 25.1426],
        [80.3586, 25.1426],
        [80.3593, 25.1426],
        [80.3597, 25.1427],
        [80.35971, 25.14271],
        [80.3602, 25.1432],
        [80.3609, 25.1436],
        [80.36092, 25.14361],
        [80.36185, 25.14407],
        [80.36209, 25.14414],
        [80.3628, 25.1443],
        [80.3637, 25.1447],
        [80.36391, 25.14474],
        [80.3642, 25.14478],
        [80.3643, 25.14475],
        [80.3646, 25.1446],
        [80.3649, 25.1445],
        [80.3652, 25.1445],
        [80.36522, 25.14451],
        [80.3654, 25.1446],
        [80.3656, 25.1449],
        [80.36579, 25.14519],
        [80.36634, 25.14541],
        [80.3668, 25.14562],
        [80.3672, 25.1458],
        [80.36836, 25.14621],
        [80.3686, 25.1463],
        [80.37, 25.1464],
        [80.3712, 25.1467],
        [80.372, 25.147],
        [80.3727, 25.147],
        [80.37324, 25.1472],
        [80.37349, 25.1473],
        [80.3735, 25.1473],
        [80.3735, 25.1473],
        [80.3743, 25.1473],
        [80.3745, 25.1462],
        [80.3746, 25.14553],
        [80.3746, 25.1455],
        [80.37473, 25.1455],
        [80.375, 25.1455],
        [80.37548, 25.1455],
        [80.3756, 25.1455],
        [80.3759, 25.14557],
        [80.37637, 25.14567],
        [80.37667, 25.14583],
        [80.3768, 25.1459],
        [80.3767, 25.1467],
        [80.3767, 25.14691],
        [80.37671, 25.147],
        [80.3775, 25.1474],
        [80.37766, 25.14756],
        [80.378, 25.1479],
        [80.3786, 25.1484],
        [80.37939, 25.14879],
        [80.3794, 25.1488],
        [80.3798, 25.1495],
        [80.38049, 25.15001],
        [80.38065, 25.15013],
        [80.38083, 25.15027],
        [80.3817, 25.1509],
        [80.3822, 25.1514],
        [80.3823, 25.15185],
        [80.3824, 25.1523],
        [80.3827, 25.1526],
        [80.3832, 25.1528],
        [80.3832, 25.1528],
        [80.3832, 25.1528],
        [80.38324, 25.15282],
        [80.38337, 25.15297],
        [80.3836, 25.1532],
        [80.3836, 25.15346],
        [80.3836, 25.1538],
        [80.3841, 25.1544],
        [80.38441, 25.15458],
        [80.3846, 25.1547],
        [80.38488, 25.15545],
        [80.38533, 25.15581],
        [80.3861, 25.1561],
        [80.3869, 25.1563],
        [80.3874, 25.1567],
        [80.388, 25.1572],
        [80.38815, 25.15727],
        [80.3886, 25.1575],
        [80.38907, 25.15757],
        [80.3893, 25.1576],
        [80.3899, 25.1582],
        [80.39006, 25.15827],
        [80.3904, 25.1584],
        [80.39105, 25.15832],
        [80.3912, 25.1583],
        [80.39123, 25.15831],
        [80.39124, 25.15831],
        [80.39156, 25.15845],
        [80.3917, 25.1585],
        [80.39175, 25.15852],
        [80.39215, 25.15867],
        [80.39257, 25.15874],
        [80.3932, 25.1588],
        [80.394, 25.1592],
        [80.39432, 25.15936],
        [80.3946, 25.1595],
        [80.3953, 25.1598],
        [80.3962, 25.1603],
        [80.39632, 25.16032],
        [80.3969, 25.1604],
        [80.3979, 25.1605],
        [80.3992, 25.1606],
        [80.4006, 25.1608],
        [80.40102, 25.16083],
        [80.402, 25.1609],
        [80.40258, 25.16109],
        [80.4029, 25.1612],
        [80.4036, 25.1614],
        [80.40395, 25.1614],
        [80.4045, 25.1614],
        [80.4052, 25.1617],
        [80.40541, 25.16184],
        [80.4058, 25.1621],
        [80.40624, 25.16215],
        [80.4067, 25.1622],
        [80.4078, 25.1623],
        [80.4088, 25.1626],
        [80.4099, 25.163],
        [80.41059, 25.16241],
        [80.4106, 25.1624],
        [80.411, 25.1623],
        [80.4115, 25.1622],
        [80.41193, 25.16229],
        [80.412, 25.1623],
        [80.4125, 25.1625],
        [80.41278, 25.16262],
        [80.4132, 25.1628],
        [80.41385, 25.16273],
        [80.4141, 25.1627],
        [80.4153, 25.1625],
        [80.4166, 25.1625],
        [80.418, 25.1627],
        [80.4194, 25.163],
        [80.4206, 25.1636],
        [80.42064, 25.16362],
        [80.4208, 25.16372],
        [80.4219, 25.1644],
        [80.4232, 25.1653],
        [80.42322, 25.16531],
        [80.42324, 25.16533],
        [80.42356, 25.16561],
        [80.4247, 25.1666],
        [80.42539, 25.16708],
        [80.4263, 25.1677],
        [80.4274, 25.1688],
        [80.42778, 25.16925],
        [80.4285, 25.1701],
        [80.42856, 25.17052],
        [80.4286, 25.1708],
        [80.4287, 25.1713],
        [80.42871, 25.1713],
        [80.4289, 25.1714],
        [80.4295, 25.1716],
        [80.4298, 25.1718],
        [80.42991, 25.17198],
        [80.4301, 25.1723],
        [80.43052, 25.17306],
        [80.4306, 25.1732],
        [80.43077, 25.17364],
        [80.4311, 25.17447],
        [80.43132, 25.17522],
        [80.4315, 25.1758],
        [80.4315, 25.17603],
        [80.4315, 25.1772],
        [80.4313, 25.1785],
        [80.43096, 25.17946],
        [80.4308, 25.1799],
        [80.43057, 25.18039],
        [80.4301, 25.1814],
        [80.42964, 25.18252],
        [80.4294, 25.1831],
        [80.42907, 25.18369],
        [80.4284, 25.1849],
        [80.42747, 25.18649],
        [80.4274, 25.1866],
        [80.4272, 25.18701],
        [80.4271, 25.188],
        [80.42691, 25.18843],
        [80.4267, 25.1889],
        [80.42641, 25.18959],
        [80.4262, 25.1901],
        [80.4253, 25.1914],
        [80.4242, 25.1928],
        [80.4236, 25.1938],
        [80.42331, 25.19442],
        [80.4229, 25.1953],
        [80.4222, 25.1968],
        [80.4214, 25.198],
        [80.42072, 25.19889],
        [80.4204, 25.1993],
        [80.4192, 25.2007],
        [80.4184, 25.2014],
        [80.4177, 25.2019],
        [80.41735, 25.20221],
        [80.4169, 25.2026],
        [80.4161, 25.2035],
        [80.4151, 25.2046],
        [80.4141, 25.2059],
        [80.41378, 25.20647],
        [80.4132, 25.2075],
        [80.4125, 25.2088],
        [80.4123, 25.2097],
        [80.4122, 25.2105],
        [80.4122, 25.2118],
        [80.412, 25.2127],
        [80.41199, 25.21271],
        [80.4115, 25.2137],
        [80.41096, 25.21478],
        [80.4109, 25.2149],
        [80.4103, 25.2158],
        [80.4096, 25.2165],
        [80.4087, 25.217],
        [80.4078, 25.2176],
        [80.40766, 25.21774],
        [80.4076, 25.2178],
        [80.4076, 25.2183],
        [80.40765, 25.21879],
        [80.4077, 25.2192],
        [80.408, 25.2201],
        [80.4084, 25.2209],
        [80.4091, 25.2216],
        [80.4098, 25.2224],
        [80.4105, 25.2234],
        [80.4105, 25.22367],
        [80.4105, 25.2239],
        [80.4103, 25.2248],
        [80.4101, 25.2261],
        [80.40999, 25.2264],
        [80.4096, 25.2275],
        [80.4094, 25.22799],
        [80.4092, 25.2285],
        [80.40932, 25.22912],
        [80.4094, 25.2295],
        [80.4089, 25.2304],
        [80.4084, 25.2316],
        [80.40801, 25.23268],
        [80.4079, 25.233],
        [80.4074, 25.2346],
        [80.4072, 25.23533],
        [80.4069, 25.2364],
        [80.40641, 25.23732],
        [80.406, 25.2381],
        [80.4055, 25.23924],
        [80.4053, 25.2397],
        [80.4044, 25.2417],
        [80.4039, 25.24259],
        [80.4039, 25.2426],
        [80.4037, 25.2435],
        [80.40328, 25.2438],
        [80.403, 25.244],
        [80.40258, 25.24431],
        [80.4022, 25.2446],
        [80.4016, 25.2453],
        [80.40133, 25.24551],
        [80.4007, 25.246],
        [80.39974, 25.24635],
        [80.39957, 25.24642],
        [80.39856, 25.24657],
        [80.3984, 25.2466],
        [80.3973, 25.2466],
        [80.3963, 25.2464],
        [80.396, 25.24625],
        [80.3955, 25.246],
        [80.39489, 25.24554],
        [80.3947, 25.2454],
        [80.394, 25.2447],
        [80.3933, 25.2438],
        [80.3925, 25.2427],
        [80.39215, 25.24214],
        [80.3917, 25.2414],
        [80.3911, 25.24],
        [80.39055, 25.23933],
        [80.3902, 25.2389],
        [80.38981, 25.23846],
        [80.3893, 25.2379],
        [80.38885, 25.23764],
        [80.3881, 25.2372],
        [80.38723, 25.23684],
        [80.3869, 25.2367],
        [80.3858, 25.2366],
        [80.3848, 25.2367],
        [80.3838, 25.2371],
        [80.3825, 25.2378],
        [80.38176, 25.23835],
        [80.3813, 25.2387],
        [80.3801, 25.2398],
        [80.3788, 25.2408],
        [80.3775, 25.2414],
        [80.37651, 25.24209],
        [80.37621, 25.2423],
        [80.37588, 25.24256],
        [80.3748, 25.2434],
        [80.3742, 25.2439],
        [80.37416, 25.24393],
        [80.37423, 25.24936],
        [80.3754, 25.2514],
        [80.37552, 25.25163],
        [80.37574, 25.25167],
        [80.37603, 25.25152],
        [80.37763, 25.25043],
        [80.37772, 25.25038],
        [80.37828, 25.25216],
        [80.37858, 25.2541],
        [80.37845, 25.25536],
        [80.37828, 25.25623],
        [80.37807, 25.25789],
        [80.3783, 25.25865],
        [80.37928, 25.26009],
        [80.37997, 25.26077],
        [80.38044, 25.26154],
        [80.38064, 25.26194],
        [80.38084, 25.26251],
        [80.38105, 25.26295],
        [80.38156, 25.26334],
        [80.38238, 25.26367],
        [80.38316, 25.26386],
        [80.38542, 25.26514],
        [80.38635, 25.26615],
        [80.38671, 25.2663],
        [80.38792, 25.2664],
        [80.38908, 25.26624],
        [80.39262, 25.26602],
        [80.39262, 25.26621],
        [80.3925, 25.26723],
        [80.39223, 25.2678],
        [80.39191, 25.26824],
        [80.39165, 25.26877],
        [80.39142, 25.26968],
        [80.39125, 25.27079],
        [80.3912, 25.27166],
        [80.39117, 25.27233],
        [80.39247, 25.27585],
        [80.39304, 25.27699],
        [80.39441, 25.27698],
        [80.39544, 25.27698],
        [80.39646, 25.27702],
        [80.39713, 25.27729],
        [80.39762, 25.27765],
        [80.3982, 25.27837],
        [80.39974, 25.28039],
        [80.40083, 25.28122],
        [80.40308, 25.28254],
        [80.40469, 25.28299],
        [80.40576, 25.28312],
        [80.40818, 25.28295],
        [80.40903, 25.28278],
        [80.41016, 25.28251],
        [80.4109, 25.28225],
        [80.41124, 25.28209],
        [80.41158, 25.282],
        [80.41186, 25.28199],
        [80.41236, 25.28202],
        [80.41275, 25.28221],
        [80.41535, 25.28541],
        [80.41804, 25.28824],
        [80.41879, 25.28902],
        [80.41906, 25.28933],
        [80.42121, 25.29023],
        [80.42333, 25.29146],
        [80.42333, 25.29203],
        [80.42337, 25.29274],
        [80.42341, 25.29303],
        [80.42357, 25.29341],
        [80.42387, 25.29368],
        [80.42514, 25.29487],
        [80.42521, 25.29497],
        [80.4255, 25.29535],
        [80.4267, 25.29556],
        [80.42839, 25.29653],
        [80.43079, 25.29894],
        [80.43309, 25.302],
        [80.43378, 25.30217],
        [80.43493, 25.30221],
        [80.43526, 25.30211],
        [80.43574, 25.30198],
        [80.43719, 25.30161],
        [80.43859, 25.30119],
        [80.43951, 25.30101],
        [80.44101, 25.30099],
        [80.44255, 25.30111],
        [80.443, 25.30127],
        [80.44352, 25.30146],
        [80.44374, 25.30163],
        [80.44452, 25.30221],
        [80.44632, 25.30327],
        [80.44798, 25.3033],
        [80.44896, 25.3032],
        [80.44943, 25.30288],
        [80.45003, 25.30224],
        [80.45028, 25.30174],
        [80.45117, 25.30088],
        [80.45274, 25.30027],
        [80.45315, 25.30013],
        [80.45378, 25.30012],
        [80.45389, 25.30017],
        [80.45412, 25.30025],
        [80.45422, 25.30048],
        [80.45424, 25.30151],
        [80.45456, 25.30219],
        [80.45511, 25.30281],
        [80.45601, 25.30325],
        [80.45675, 25.30342],
        [80.45755, 25.30341],
        [80.45955, 25.30322],
        [80.46058, 25.30317],
        [80.46269, 25.30341],
        [80.47006, 25.30644],
        [80.47207, 25.30746],
        [80.47298, 25.30781],
        [80.47187, 25.30577],
        [80.46997, 25.30203],
        [80.46948, 25.30126],
        [80.46933, 25.30086],
        [80.46911, 25.3005],
        [80.46907, 25.30018],
        [80.46908, 25.29978],
        [80.46921, 25.29959],
        [80.46961, 25.29945],
        [80.47042, 25.29925],
        [80.4725, 25.29877],
        [80.47307, 25.29841],
        [80.47361, 25.29807],
        [80.47425, 25.29792],
        [80.47517, 25.29791],
        [80.47537, 25.29793],
        [80.47585, 25.29798],
        [80.47722, 25.29823],
        [80.47784, 25.29831],
        [80.47796, 25.29818],
        [80.48021, 25.29956],
        [80.48167, 25.30028],
        [80.48221, 25.3004],
        [80.48307, 25.30038],
        [80.48355, 25.30006],
        [80.4838, 25.29969],
        [80.48412, 25.29943],
        [80.48476, 25.29929],
        [80.48679, 25.29926],
        [80.48749, 25.29939],
        [80.48928, 25.29971],
        [80.49183, 25.30054],
        [80.49338, 25.30095],
        [80.49534, 25.30091],
        [80.49628, 25.30077],
        [80.49842, 25.30017],
        [80.4996, 25.30002],
        [80.50053, 25.30031],
        [80.50197, 25.30148],
        [80.50251, 25.30178],
        [80.50328, 25.30195],
        [80.50405, 25.30238],
        [80.50442, 25.30306],
        [80.50438, 25.30388],
        [80.50427, 25.30457],
        [80.50503, 25.30695],
        [80.51168, 25.31557],
        [80.51343, 25.3182],
        [80.51449, 25.31805],
        [80.51554, 25.31796],
        [80.51757, 25.31765],
        [80.52046, 25.31753],
        [80.52152, 25.31737],
        [80.52232, 25.31715],
        [80.52277, 25.31686],
        [80.52314, 25.3165],
        [80.52353, 25.31597],
        [80.52426, 25.31499],
        [80.52473, 25.31435],
        [80.52519, 25.31398],
        [80.52564, 25.31369],
        [80.526, 25.3134],
        [80.52663, 25.31297],
        [80.527, 25.31268],
        [80.52737, 25.31225],
        [80.52755, 25.31196],
        [80.52784, 25.31146],
        [80.52803, 25.3111],
        [80.52831, 25.31067],
        [80.5286, 25.31018],
        [80.52871, 25.30961],
        [80.52891, 25.30911],
        [80.52894, 25.30847],
        [80.52872, 25.30739],
        [80.52864, 25.30699],
        [80.53172, 25.30806],
        [80.536, 25.30884],
        [80.53618, 25.30933],
        [80.5364, 25.312],
        [80.53686, 25.31642],
        [80.53969, 25.32277],
        [80.53972, 25.32354],
        [80.53963, 25.32399],
        [80.53947, 25.32438],
        [80.53924, 25.32488],
        [80.53913, 25.3256],
        [80.53896, 25.32615],
        [80.53874, 25.32649],
        [80.53839, 25.32671],
        [80.53797, 25.327],
        [80.53766, 25.32761],
        [80.53742, 25.32822],
        [80.53709, 25.32917],
        [80.53597, 25.33317],
        [80.53478, 25.3359],
        [80.5334, 25.33736],
        [80.53235, 25.33893],
        [80.53007, 25.34063],
        [80.53133, 25.34154],
        [80.53176, 25.34201],
        [80.53181, 25.34238],
        [80.53191, 25.34286],
        [80.53205, 25.3432],
        [80.53217, 25.34323],
        [80.53234, 25.34319],
        [80.53247, 25.34316],
        [80.53267, 25.34326],
        [80.53285, 25.34363],
        [80.53307, 25.34404],
        [80.53315, 25.34407],
        [80.53359, 25.34424],
        [80.53409, 25.3442],
        [80.53443, 25.34413],
        [80.53456, 25.34406],
        [80.53477, 25.34399],
        [80.53515, 25.34392],
        [80.53551, 25.34412],
        [80.53575, 25.34429],
        [80.53663, 25.34646],
        [80.53686, 25.34793],
        [80.53689, 25.34883],
        [80.5369, 25.34906],
        [80.53624, 25.35115],
        [80.53664, 25.35103],
        [80.53712, 25.35102],
        [80.53741, 25.35142],
        [80.53894, 25.35098],
        [80.54165, 25.34968],
        [80.54361, 25.34843],
        [80.54433, 25.34767],
        [80.54492, 25.34687],
        [80.54561, 25.34779],
        [80.54568, 25.348],
        [80.54583, 25.3481],
        [80.54592, 25.34813],
        [80.5462, 25.34816],
        [80.54644, 25.34837],
        [80.5466, 25.3485],
        [80.54675, 25.34871],
        [80.54673, 25.34902],
        [80.54683, 25.34932],
        [80.54702, 25.34953],
        [80.54726, 25.34966],
        [80.54751, 25.34973],
        [80.54792, 25.34979],
        [80.54824, 25.34989],
        [80.54839, 25.3501],
        [80.54862, 25.35041],
        [80.54879, 25.35092],
        [80.54892, 25.35147],
        [80.54903, 25.35168],
        [80.54915, 25.35174],
        [80.54981, 25.3518],
        [80.55103, 25.35169],
        [80.55174, 25.35158],
        [80.55212, 25.35158],
        [80.55315, 25.3517],
        [80.55457, 25.35276],
        [80.55499, 25.35307],
        [80.55541, 25.35209],
        [80.55607, 25.35184],
        [80.55666, 25.35188],
        [80.55749, 25.35214],
        [80.55772, 25.35262],
        [80.55819, 25.35284],
        [80.5583, 25.35284],
        [80.55873, 25.35279],
        [80.5589, 25.35266],
        [80.55915, 25.35212],
        [80.5617, 25.35076],
        [80.56702, 25.34879],
        [80.57096, 25.34807],
        [80.5741, 25.34838],
        [80.5744, 25.34859],
        [80.57675, 25.3486],
        [80.5784, 25.34872],
        [80.57979, 25.34882],
        [80.58133, 25.3489],
        [80.58163, 25.3509],
        [80.58166, 25.35126],
        [80.5819, 25.354],
        [80.58192, 25.35522],
        [80.58198, 25.35883],
        [80.58199, 25.36107],
        [80.58255, 25.36417],
        [80.58278, 25.36604],
        [80.58303, 25.36589],
        [80.58519, 25.36556],
        [80.58703, 25.36534],
        [80.58734, 25.36528],
        [80.58832, 25.36522],
        [80.58972, 25.36526],
        [80.59043, 25.3655],
        [80.59091, 25.36565],
        [80.59157, 25.36585],
        [80.59217, 25.3659],
        [80.59408, 25.36567],
        [80.59471, 25.36546],
        [80.59497, 25.3652],
        [80.59559, 25.36334],
        [80.59565, 25.36177],
        [80.59561, 25.36146],
        [80.5957, 25.3611],
        [80.59596, 25.36084],
        [80.59654, 25.36047],
        [80.59729, 25.36021],
        [80.59763, 25.35969],
        [80.59798, 25.35907],
        [80.59831, 25.35865],
        [80.59876, 25.35839],
        [80.60029, 25.35827],
        [80.60072, 25.35815],
        [80.60117, 25.35789],
        [80.60143, 25.35758],
        [80.60171, 25.35711],
        [80.60202, 25.35618],
        [80.6021, 25.35583],
        [80.6023, 25.35557],
        [80.60257, 25.35525],
        [80.60291, 25.35479],
        [80.60336, 25.35437],
        [80.60357, 25.35406],
        [80.60378, 25.35364],
        [80.60413, 25.35297],
        [80.60436, 25.35225],
        [80.60458, 25.35168],
        [80.60474, 25.35107],
        [80.60461, 25.3503],
        [80.60451, 25.34994],
        [80.60441, 25.34964],
        [80.60444, 25.34923],
        [80.60482, 25.34793],
        [80.60563, 25.34807],
        [80.60644, 25.34805],
        [80.60746, 25.34803],
        [80.60859, 25.34792],
        [80.60937, 25.34754],
        [80.61018, 25.34734],
        [80.61062, 25.3472],
        [80.61122, 25.34714],
        [80.61211, 25.34739],
        [80.61305, 25.3494],
        [80.61439, 25.35114],
        [80.6152, 25.3518],
        [80.61551, 25.35202],
        [80.6161, 25.35205],
        [80.61664, 25.352],
        [80.62318, 25.34814],
        [80.62495, 25.34724],
        [80.62659, 25.34688],
        [80.62692, 25.34674],
        [80.62708, 25.34669],
        [80.62752, 25.34654],
        [80.62787, 25.34613],
        [80.62807, 25.34558],
        [80.62812, 25.3448],
        [80.62766, 25.34178],
        [80.62704, 25.338],
        [80.63076, 25.33918],
        [80.63744, 25.34046],
        [80.63975, 25.34071],
        [80.64334, 25.34029],
        [80.64788, 25.33939],
        [80.64985, 25.33933],
        [80.65151, 25.33946],
        [80.65172, 25.33945],
        [80.65194, 25.34182],
        [80.6521, 25.34268],
        [80.65238, 25.34299],
        [80.65279, 25.34328],
        [80.65324, 25.34321],
        [80.65368, 25.34307],
        [80.65429, 25.34256],
        [80.65512, 25.3421],
        [80.65535, 25.34203],
        [80.656, 25.34201],
        [80.65614, 25.34219],
        [80.65618, 25.34262],
        [80.65605, 25.34356],
        [80.65144, 25.34879],
        [80.65107, 25.34982],
        [80.651, 25.35002],
        [80.65507, 25.34902],
        [80.66018, 25.34769],
        [80.66554, 25.34697],
        [80.66649, 25.347],
        [80.6711, 25.34793],
        [80.68412, 25.35181],
        [80.68677, 25.35229],
        [80.68981, 25.35284],
        [80.69061, 25.35287],
        [80.69213, 25.35302],
        [80.69371, 25.35367],
        [80.69449, 25.35396],
        [80.69587, 25.35411],
        [80.69674, 25.35408],
        [80.69761, 25.35419],
        [80.69817, 25.35455],
        [80.69908, 25.35516],
        [80.70129, 25.35585],
        [80.7018, 25.3559],
        [80.70324, 25.35611],
        [80.70525, 25.35656],
        [80.70645, 25.35729],
        [80.70714, 25.35769],
        [80.70352, 25.36179],
        [80.70291, 25.36213],
        [80.70224, 25.36234],
        [80.70209, 25.36247],
        [80.70177, 25.36299],
        [80.70166, 25.36351],
        [80.70141, 25.36396],
        [80.70089, 25.36423],
        [80.69907, 25.36524],
        [80.69868, 25.36563],
        [80.69849, 25.36647],
        [80.6983, 25.36711],
        [80.69813, 25.3675],
        [80.69759, 25.36796],
        [80.69514, 25.36947],
        [80.6946, 25.36993],
        [80.69429, 25.37026],
        [80.69404, 25.37064],
        [80.69416, 25.37115],
        [80.69446, 25.37434],
        [80.69411, 25.37735],
        [80.69349, 25.38011],
        [80.69307, 25.38094],
        [80.69129, 25.38232],
        [80.69047, 25.38266],
        [80.68985, 25.38305],
        [80.68953, 25.3835],
        [80.68951, 25.38382],
        [80.68959, 25.38478],
        [80.68961, 25.38548],
        [80.68942, 25.38613],
        [80.68939, 25.38664],
        [80.68951, 25.38702],
        [80.68993, 25.38938],
        [80.69014, 25.39059],
        [80.6902, 25.39078],
        [80.69165, 25.39415],
        [80.69368, 25.40049],
        [80.69466, 25.40055],
        [80.69564, 25.40083],
        [80.69628, 25.4012],
        [80.6969, 25.40178],
        [80.69761, 25.40264],
        [80.69853, 25.4037],
        [80.69944, 25.40495],
        [80.70007, 25.40543],
        [80.701, 25.40629],
        [80.70153, 25.40667],
        [80.70217, 25.40696],
        [80.70304, 25.40724],
        [80.70391, 25.40733],
        [80.70535, 25.40732],
        [80.70868, 25.40728],
        [80.71097, 25.40774],
        [80.71224, 25.40851],
        [80.71295, 25.40938],
        [80.71378, 25.41026],
        [80.71423, 25.41077],
        [80.7148, 25.41142],
        [80.71581, 25.41279],
        [80.71653, 25.41356],
        [80.71733, 25.41474],
        [80.71793, 25.41561],
        [80.71844, 25.4162],
        [80.71907, 25.41679],
        [80.71958, 25.41727],
        [80.72094, 25.41845],
        [80.72215, 25.41904],
        [80.72335, 25.41932],
        [80.72497, 25.41939],
        [80.72702, 25.41924],
        [80.729, 25.41894],
        [80.73057, 25.41857],
        [80.73142, 25.4182],
        [80.73234, 25.41776],
        [80.73268, 25.41754],
        [80.7333, 25.41689],
        [80.73377, 25.41609],
        [80.73448, 25.41514],
        [80.73536, 25.41431],
        [80.73604, 25.41391],
        [80.73656, 25.41372],
        [80.73724, 25.41345],
        [80.73761, 25.41326],
        [80.73837, 25.41286],
        [80.73905, 25.41247],
        [80.73991, 25.41169],
        [80.74044, 25.41136],
        [80.74082, 25.4111],
        [80.74164, 25.41077],
        [80.74307, 25.41017],
        [80.74375, 25.40978],
        [80.7442, 25.40952],
        [80.7451, 25.40919],
        [80.74592, 25.40892],
        [80.74727, 25.40827],
        [80.74833, 25.40768],
        [80.74894, 25.40728],
        [80.7494, 25.40696],
        [80.74978, 25.40663],
        [80.75127, 25.40578],
        [80.75207, 25.40539],
        [80.7526, 25.40523],
        [80.75313, 25.40508],
        [80.75391, 25.40492],
        [80.75444, 25.40484],
        [80.7548, 25.40476],
        [80.75549, 25.4046],
        [80.75654, 25.40436],
        [80.75696, 25.40428],
        [80.75733, 25.40421],
        [80.75856, 25.40381],
        [80.75936, 25.4035],
        [80.76068, 25.40311],
        [80.76491, 25.402],
        [80.76641, 25.4016],
        [80.76854, 25.40082],
        [80.77082, 25.39999],
        [80.77215, 25.39959],
        [80.77303, 25.39943],
        [80.77442, 25.39942],
        [80.77554, 25.39948],
        [80.77649, 25.3997],
        [80.77742, 25.40016],
        [80.77819, 25.40045],
        [80.77948, 25.40083],
        [80.78113, 25.40096],
        [80.78209, 25.4011],
        [80.78252, 25.40117],
        [80.78304, 25.40132],
        [80.78372, 25.40155],
        [80.78398, 25.4017],
        [80.78432, 25.40192],
        [80.78581, 25.40337],
        [80.78646, 25.40437],
        [80.78772, 25.40543],
        [80.78873, 25.40611],
        [80.78959, 25.40649],
        [80.79056, 25.40655],
        [80.79101, 25.40647],
        [80.7913, 25.406],
        [80.79134, 25.40538],
        [80.79128, 25.40484],
        [80.79095, 25.40431],
        [80.79072, 25.40384],
        [80.79058, 25.40315],
        [80.79043, 25.40261],
        [80.79011, 25.402],
        [80.78996, 25.40169],
        [80.78963, 25.40123],
        [80.78891, 25.39985],
        [80.78861, 25.39901],
        [80.78855, 25.39847],
        [80.78858, 25.398],
        [80.7886, 25.39754],
        [80.7888, 25.39707],
        [80.78909, 25.3966],
        [80.78938, 25.39621],
        [80.78985, 25.39567],
        [80.79014, 25.3952],
        [80.79054, 25.39418],
        [80.79094, 25.39341],
        [80.79161, 25.39239],
        [80.79209, 25.39168],
        [80.79265, 25.39105],
        [80.7933, 25.3905],
        [80.79394, 25.3901],
        [80.79458, 25.38977],
        [80.79557, 25.38944],
        [80.79646, 25.38934],
        [80.79761, 25.38919],
        [80.79789, 25.38915],
        [80.7994, 25.38934],
        [80.79992, 25.38956],
        [80.80026, 25.38987],
        [80.8006, 25.39017],
        [80.80094, 25.39062],
        [80.80109, 25.39116],
        [80.80123, 25.39186],
        [80.80137, 25.39263],
        [80.80147, 25.39411],
        [80.80169, 25.39495],
        [80.80202, 25.39541],
        [80.80278, 25.39625],
        [80.80337, 25.39694],
        [80.80378, 25.3977],
        [80.80402, 25.39824],
        [80.80425, 25.39894],
        [80.80483, 25.3997],
        [80.80536, 25.4],
        [80.8057, 25.40023],
        [80.80644, 25.40161],
        [80.80702, 25.40246],
        [80.80726, 25.40292],
        [80.80777, 25.40353],
        [80.80828, 25.40406],
        [80.80888, 25.40468],
        [80.80939, 25.40513],
        [80.8105, 25.40628],
        [80.81162, 25.40719],
        [80.81341, 25.40762],
        [80.81422, 25.40753],
        [80.81506, 25.4072],
        [80.81562, 25.40679],
        [80.81647, 25.40623],
        [80.81693, 25.40606],
        [80.81748, 25.40597],
        [80.81929, 25.40593],
        [80.82038, 25.40591],
        [80.8214, 25.40565],
        [80.82283, 25.40505],
        [80.82347, 25.40496],
        [80.82376, 25.4048],
        [80.82413, 25.40455],
        [80.82442, 25.40423],
        [80.8248, 25.40383],
        [80.82519, 25.40343],
        [80.82584, 25.4031],
        [80.82631, 25.40285],
        [80.82686, 25.40276],
        [80.8274, 25.40282],
        [80.82931, 25.40309],
        [80.83013, 25.40307],
        [80.83104, 25.40304],
        [80.83207, 25.40262],
        [80.83283, 25.40212],
        [80.83398, 25.40098],
        [80.83484, 25.40015],
        [80.83541, 25.39958],
        [80.8357, 25.39933],
        [80.83655, 25.39858],
        [80.83816, 25.39749],
        [80.84022, 25.39629],
        [80.84153, 25.39559],
        [80.8437, 25.39444],
        [80.8452, 25.39372],
        [80.84727, 25.39279],
        [80.8486, 25.39206],
        [80.84946, 25.39159],
        [80.85013, 25.39122],
        [80.85148, 25.39055],
        [80.8536, 25.38932],
        [80.85449, 25.38868],
        [80.8549, 25.38829],
        [80.85523, 25.38796],
        [80.85547, 25.38771],
        [80.85578, 25.38729],
        [80.85617, 25.3865],
        [80.85632, 25.38565],
        [80.85648, 25.38463],
        [80.85635, 25.3834],
        [80.85614, 25.3818],
        [80.85588, 25.38052],
        [80.85552, 25.37898],
        [80.85504, 25.37704],
        [80.85481, 25.37603],
        [80.85456, 25.37447],
        [80.85483, 25.37332],
        [80.85637, 25.36753],
        [80.85427, 25.36677],
        [80.85193, 25.36727],
        [80.85059, 25.36818],
        [80.84939, 25.36616],
        [80.84892, 25.36488],
        [80.84806, 25.36421],
        [80.84665, 25.36354],
        [80.84418, 25.36264],
        [80.84343, 25.36219],
        [80.84281, 25.36106],
        [80.84243, 25.35903],
        [80.83981, 25.35678],
        [80.839, 25.35515],
        [80.83729, 25.35182],
        [80.83637, 25.35051],
        [80.83634, 25.35071],
        [80.82299, 25.34556],
        [80.82026, 25.34728],
        [80.81902, 25.34773],
        [80.81778, 25.34785],
        [80.81629, 25.34695],
        [80.81554, 25.3456],
        [80.81441, 25.34244],
        [80.81342, 25.34109],
        [80.8119, 25.3403],
        [80.81066, 25.34019],
        [80.80942, 25.34042],
        [80.80731, 25.34045],
        [80.80569, 25.33977],
        [80.80457, 25.33831],
        [80.80332, 25.33492],
        [80.8027, 25.33402],
        [80.80145, 25.33369],
        [80.80071, 25.33403],
        [80.79984, 25.33561],
        [80.79947, 25.33708],
        [80.79923, 25.33888],
        [80.79886, 25.34035],
        [80.7979, 25.34148],
        [80.79678, 25.3416],
        [80.79516, 25.34072],
        [80.79265, 25.3379],
        [80.7914, 25.33474],
        [80.79015, 25.33305],
        [80.7894, 25.33238],
        [80.78816, 25.33216],
        [80.78717, 25.33261],
        [80.78543, 25.33408],
        [80.78407, 25.33408],
        [80.78332, 25.33318],
        [80.78232, 25.33002],
        [80.78142, 25.32912],
        [80.78018, 25.32847],
        [80.77807, 25.32859],
        [80.77499, 25.32927],
        [80.7719, 25.3295],
        [80.76929, 25.32736],
        [80.7696, 25.3247],
        [80.76867, 25.32037],
        [80.76634, 25.32048],
        [80.76316, 25.32128],
        [80.76118, 25.32194],
        [80.75939, 25.32217],
        [80.7575, 25.3217],
        [80.75564, 25.32021],
        [80.75618, 25.31805],
        [80.75856, 25.31792],
        [80.75953, 25.31725],
        [80.76003, 25.31668],
        [80.76002, 25.31555],
        [80.75952, 25.31442],
        [80.75803, 25.31251],
        [80.7579, 25.30969],
        [80.75752, 25.30822],
        [80.75678, 25.30755],
        [80.75529, 25.30653],
        [80.75462, 25.30658],
        [80.75662, 25.30527],
        [80.75945, 25.3037],
        [80.7627, 25.30182],
        [80.76493, 25.30044],
        [80.76706, 25.29936],
        [80.76897, 25.29825],
        [80.77155, 25.2975],
        [80.77551, 25.2967],
        [80.77741, 25.29697],
        [80.77843, 25.29712],
        [80.77854, 25.296],
        [80.77822, 25.29419],
        [80.77781, 25.29257],
        [80.77779, 25.2913],
        [80.77838, 25.28972],
        [80.77934, 25.28841],
        [80.78008, 25.2866],
        [80.78025, 25.28493],
        [80.78047, 25.28344],
        [80.78017, 25.28186],
        [80.78163, 25.27778],
        [80.78269, 25.2752],
        [80.78455, 25.27346],
        [80.78593, 25.2721],
        [80.78819, 25.27086],
        [80.79157, 25.27083],
        [80.79474, 25.27035],
        [80.79827, 25.26969],
        [80.80064, 25.26797],
        [80.8031, 25.26609],
        [80.80577, 25.2647],
        [80.80892, 25.26301],
        [80.8112, 25.26171],
        [80.80993, 25.25903],
        [80.80776, 25.2557],
        [80.80564, 25.25274],
        [80.80412, 25.25034],
        [80.8027, 25.24791],
        [80.80114, 25.246],
        [80.80043, 25.24465],
        [80.79954, 25.2432],
        [80.79855, 25.2432],
        [80.79669, 25.24467],
        [80.79632, 25.24501],
        [80.79583, 25.24715],
        [80.79558, 25.24817],
        [80.79509, 25.24906],
        [80.79385, 25.25032],
        [80.79298, 25.25133],
        [80.79189, 25.25279],
        [80.79066, 25.25484],
        [80.78979, 25.25688],
        [80.78819, 25.25836],
        [80.78695, 25.25915],
        [80.78509, 25.25983],
        [80.78459, 25.25983],
        [80.77868, 25.2625],
        [80.77717, 25.26],
        [80.77576, 25.25797],
        [80.7725, 25.25588],
        [80.76947, 25.25446],
        [80.76642, 25.25359],
        [80.76423, 25.25278],
        [80.76142, 25.25163],
        [80.75532, 25.25164],
        [80.75229, 25.25158],
        [80.74971, 25.25162],
        [80.74713, 25.25121],
        [80.74615, 25.24852],
        [80.74588, 25.24599],
        [80.74619, 25.2433],
        [80.74986, 25.242],
        [80.74924, 25.23951],
        [80.7473, 25.23812],
        [80.74672, 25.23572],
        [80.7454, 25.23332],
        [80.74408, 25.23107],
        [80.74626, 25.22907],
        [80.74782, 25.22792],
        [80.75179, 25.22636],
        [80.7571, 25.22716],
        [80.75975, 25.22422],
        [80.76338, 25.22455],
        [80.76814, 25.22247],
        [80.77027, 25.22411],
        [80.77234, 25.22519],
        [80.77496, 25.22476],
        [80.77662, 25.22381],
        [80.77717, 25.2222],
        [80.77773, 25.22026],
        [80.78103, 25.22118],
        [80.78302, 25.2224],
        [80.78651, 25.22061],
        [80.78928, 25.21823],
        [80.79584, 25.22011],
        [80.79461, 25.21493],
        [80.79174, 25.20782],
        [80.78974, 25.21119],
        [80.78551, 25.2095],
        [80.78236, 25.20764],
        [80.77985, 25.20572],
        [80.77703, 25.2051],
        [80.77445, 25.20494],
        [80.77053, 25.20506],
        [80.768, 25.205],
        [80.76646, 25.20412],
        [80.76415, 25.20313],
        [80.76258, 25.20059],
        [80.76036, 25.19675],
        [80.75845, 25.19326],
        [80.75757, 25.19127],
        [80.75695, 25.18812],
        [80.75338, 25.18837],
        [80.7509, 25.18903],
        [80.74888, 25.18716],
        [80.7465, 25.18459],
        [80.74409, 25.18362],
        [80.74032, 25.18374],
        [80.73608, 25.18576],
        [80.73008, 25.18793],
        [80.72783, 25.189],
        [80.7255, 25.19038],
        [80.72108, 25.18991],
        [80.71584, 25.18832],
        [80.71376, 25.18848],
        [80.71194, 25.18548],
        [80.71028, 25.18273],
        [80.70911, 25.18025],
        [80.70811, 25.17851],
        [80.7064, 25.17621],
        [80.70603, 25.1735],
        [80.7081, 25.17269],
        [80.70946, 25.17104],
        [80.7107, 25.16855],
        [80.71206, 25.16648],
        [80.71454, 25.16618],
        [80.71297, 25.16302],
        [80.70964, 25.15948],
        [80.70765, 25.15698],
        [80.70436, 25.15624],
        [80.70159, 25.1564],
        [80.69792, 25.15652],
        [80.69514, 25.15643],
        [80.69315, 25.15452],
        [80.69201, 25.15122],
        [80.69029, 25.14813],
        [80.68858, 25.14543],
        [80.68661, 25.14202],
        [80.68574, 25.139],
        [80.68487, 25.13561],
        [80.68389, 25.13203],
        [80.6855, 25.13038],
        [80.69157, 25.1273],
        [80.69316, 25.12567],
        [80.69457, 25.12395],
        [80.69489, 25.12167],
        [80.69429, 25.11881],
        [80.69359, 25.1157],
        [80.69309, 25.11299],
        [80.69174, 25.10947],
        [80.69627, 25.10479],
        [80.69842, 25.10151],
        [80.70018, 25.09899],
        [80.70124, 25.09661],
        [80.70772, 25.09451],
        [80.71077, 25.09408],
        [80.7133, 25.09279],
        [80.71054, 25.09064],
        [80.70725, 25.0882],
        [80.70529, 25.08558],
        [80.70327, 25.0824],
        [80.69832, 25.08293],
        [80.69572, 25.08498],
        [80.69333, 25.07991],
        [80.69556, 25.07803],
        [80.69816, 25.07688],
        [80.70148, 25.0759],
        [80.70264, 25.07378],
        [80.70452, 25.07213],
        [80.7064, 25.07091],
        [80.70963, 25.07264],
        [80.71215, 25.07104],
        [80.71381, 25.06968],
        [80.71642, 25.06785],
        [80.71813, 25.0666],
        [80.71889, 25.0638],
        [80.72089, 25.06402],
        [80.72189, 25.06382],
        [80.7209, 25.064],
        [80.7189, 25.0638],
        [80.7185, 25.0632],
        [80.71847, 25.06316],
        [80.7179, 25.0624],
        [80.7163, 25.0612],
        [80.7153, 25.0606],
        [80.7128, 25.0588],
        [80.71113, 25.05815],
        [80.711, 25.0581],
        [80.70823, 25.05672],
        [80.7082, 25.0567],
        [80.7076, 25.057],
        [80.70725, 25.05712],
        [80.707, 25.0572],
        [80.7051, 25.0571],
        [80.7035, 25.0569],
        [80.7013, 25.0566],
        [80.69952, 25.05601],
        [80.6989, 25.0558],
        [80.697, 25.0553],
        [80.6938, 25.0543],
        [80.69365, 25.05426],
        [80.6927, 25.054],
        [80.69256, 25.05386],
        [80.6923, 25.0536],
        [80.6919, 25.0528],
        [80.69166, 25.05241],
        [80.6914, 25.052],
        [80.69132, 25.05194],
        [80.6909, 25.0516],
        [80.68999, 25.0514],
        [80.6895, 25.0513],
        [80.68885, 25.05111],
        [80.6878, 25.0508],
        [80.6843, 25.0496],
        [80.6828, 25.04917],
        [80.6812, 25.0487],
        [80.6804, 25.04851],
        [80.6795, 25.0483],
        [80.67952, 25.04834],
        [80.67961, 25.0486],
        [80.67968, 25.04878],
        [80.6801, 25.0499],
        [80.68044, 25.05068],
        [80.6808, 25.0515],
        [80.68084, 25.05191],
        [80.6809, 25.0526],
        [80.68096, 25.05307],
        [80.681, 25.0534],
        [80.68075, 25.05397],
        [80.6806, 25.0543],
        [80.68, 25.0553],
        [80.67992, 25.05586],
        [80.6799, 25.056],
        [80.68, 25.0567],
        [80.68009, 25.05703],
        [80.68029, 25.05775],
        [80.6803, 25.0578],
        [80.6774, 25.0564],
        [80.67592, 25.05588],
        [80.6757, 25.0558],
        [80.67548, 25.05609],
        [80.67538, 25.05621],
        [80.675, 25.0567],
        [80.67456, 25.05758],
        [80.6745, 25.0577],
        [80.67436, 25.05806],
        [80.674, 25.059],
        [80.6738, 25.0605],
        [80.67384, 25.06053],
        [80.67385, 25.06054],
        [80.67392, 25.06058],
        [80.6744, 25.0609],
        [80.6752, 25.0615],
        [80.67539, 25.06172],
        [80.6758, 25.0622],
        [80.6766, 25.0631],
        [80.6775, 25.0638],
        [80.6787, 25.0646],
        [80.6798, 25.0654],
        [80.6819, 25.0664],
        [80.683, 25.0669],
        [80.68316, 25.06702],
        [80.6834, 25.0672],
        [80.68384, 25.06757],
        [80.684, 25.0677],
        [80.68399, 25.06771],
        [80.6837, 25.068],
        [80.683, 25.069],
        [80.6824, 25.07],
        [80.68247, 25.0701],
        [80.6826, 25.0703],
        [80.68296, 25.07082],
        [80.6837, 25.0719],
        [80.68414, 25.07251],
        [80.6842, 25.0726],
        [80.68422, 25.07265],
        [80.6844, 25.0731],
        [80.6838, 25.0734],
        [80.68275, 25.07416],
        [80.6827, 25.0742],
        [80.68374, 25.07477],
        [80.6838, 25.0748],
        [80.6849, 25.0755],
        [80.68496, 25.07574],
        [80.685, 25.07587],
        [80.68501, 25.07598],
        [80.6851, 25.0765],
        [80.68508, 25.07651],
        [80.68508, 25.07652],
        [80.68495, 25.07661],
        [80.6844, 25.077],
        [80.68394, 25.07707],
        [80.68374, 25.0771],
        [80.68373, 25.0771],
        [80.6837, 25.0771],
        [80.68337, 25.07699],
        [80.6831, 25.0769],
        [80.6822, 25.0763],
        [80.68201, 25.07636],
        [80.6816, 25.0765],
        [80.68058, 25.07667],
        [80.68039, 25.07671],
        [80.68024, 25.07675],
        [80.679, 25.0771],
        [80.6778, 25.0777],
        [80.67764, 25.07774],
        [80.6767, 25.078],
        [80.67626, 25.07838],
        [80.676, 25.0786],
        [80.67457, 25.08038],
        [80.674, 25.0811],
        [80.67282, 25.08248],
        [80.6728, 25.0825],
        [80.67231, 25.08183],
        [80.672, 25.0814],
        [80.67182, 25.08078],
        [80.6718, 25.0807],
        [80.6718, 25.08069],
        [80.6718, 25.08068],
        [80.67181, 25.08054],
        [80.6719, 25.0795],
        [80.6719, 25.07871],
        [80.67121, 25.07772],
        [80.6712, 25.0777],
        [80.6712, 25.0777],
        [80.6705, 25.0763],
        [80.67049, 25.07628],
        [80.67048, 25.07625],
        [80.67044, 25.07609],
        [80.67, 25.0746],
        [80.66982, 25.07397],
        [80.66979, 25.07389],
        [80.66928, 25.07329],
        [80.6685, 25.0727],
        [80.6661, 25.0716],
        [80.6646, 25.0706],
        [80.6629, 25.0691],
        [80.6617, 25.0676],
        [80.6617, 25.0676],
        [80.6606, 25.0682],
        [80.66, 25.0687],
        [80.65978, 25.06901],
        [80.6595, 25.0694],
        [80.6593, 25.0697],
        [80.6591, 25.07],
        [80.6587, 25.0709],
        [80.65857, 25.07164],
        [80.6585, 25.072],
        [80.65847, 25.07229],
        [80.6584, 25.0729],
        [80.6584, 25.0736],
        [80.6587, 25.0751],
        [80.65882, 25.07558],
        [80.6589, 25.0759],
        [80.6584, 25.0759],
        [80.65839, 25.07595],
        [80.6583, 25.0763],
        [80.6583, 25.0776],
        [80.6583, 25.07783],
        [80.6583, 25.0782],
        [80.6586, 25.0785],
        [80.6587, 25.0788],
        [80.6587, 25.07903],
        [80.6587, 25.0793],
        [80.6585, 25.0798],
        [80.6585, 25.07981],
        [80.6584, 25.0808],
        [80.6575, 25.0808],
        [80.6576, 25.0817],
        [80.6578, 25.0819],
        [80.6581, 25.0821],
        [80.6588, 25.0827],
        [80.659, 25.0832],
        [80.65892, 25.08353],
        [80.6589, 25.08363],
        [80.65841, 25.08342],
        [80.6578, 25.0832],
        [80.6565, 25.0839],
        [80.6562, 25.0837],
        [80.656, 25.0839],
        [80.656, 25.08443],
        [80.65601, 25.08454],
        [80.65557, 25.08469],
        [80.6553, 25.0848],
        [80.65472, 25.08422],
        [80.65392, 25.08446],
        [80.6538, 25.0845],
        [80.6536, 25.08454],
        [80.6522, 25.0848],
        [80.65214, 25.08448],
        [80.6521, 25.0843],
        [80.6519, 25.0837],
        [80.6514, 25.0839],
        [80.6514, 25.0839],
        [80.6513, 25.0845],
        [80.65029, 25.08494],
        [80.6497, 25.0852],
        [80.64912, 25.08543],
        [80.64871, 25.08562],
        [80.6489, 25.0862],
        [80.64805, 25.08634],
        [80.6477, 25.08643],
        [80.64768, 25.0866],
        [80.64767, 25.08665],
        [80.6476, 25.08728],
        [80.6476, 25.0873],
        [80.6466, 25.0876],
        [80.6449, 25.0881],
        [80.64449, 25.08817],
        [80.6437, 25.0883],
        [80.64255, 25.08859],
        [80.6425, 25.0886],
        [80.64255, 25.08785],
        [80.6426, 25.0871],
        [80.64255, 25.0871],
        [80.641, 25.0872],
        [80.641, 25.08745],
        [80.641, 25.0878],
        [80.6411, 25.088],
        [80.64113, 25.088],
        [80.6418, 25.0879],
        [80.6417, 25.0897],
        [80.6412, 25.0899],
        [80.6417, 25.0912],
        [80.64171, 25.09128],
        [80.6418, 25.09199],
        [80.6418, 25.092],
        [80.6405, 25.0923],
        [80.6403, 25.09198],
        [80.64, 25.0915],
        [80.63979, 25.09109],
        [80.6396, 25.0907],
        [80.6405, 25.0905],
        [80.64054, 25.09009],
        [80.6406, 25.0895],
        [80.641, 25.0892],
        [80.64098, 25.08916],
        [80.6406, 25.0884],
        [80.6401, 25.08855],
        [80.63963, 25.08871],
        [80.63963, 25.08869],
        [80.6396, 25.0887],
        [80.6395, 25.0877],
        [80.6393, 25.0872],
        [80.63835, 25.08729],
        [80.6383, 25.0873],
        [80.63839, 25.08785],
        [80.6384, 25.0879],
        [80.6378, 25.0879],
        [80.6378, 25.08787],
        [80.63777, 25.0876],
        [80.6371, 25.0877],
        [80.637, 25.0874],
        [80.6372, 25.0873],
        [80.6372, 25.08693],
        [80.63686, 25.08699],
        [80.6368, 25.087],
        [80.6355, 25.0873],
        [80.635, 25.0874],
        [80.63479, 25.08744],
        [80.634, 25.0876],
        [80.63421, 25.08816],
        [80.6343, 25.0884],
        [80.6347, 25.0894],
        [80.63466, 25.08941],
        [80.63467, 25.08945],
        [80.6343, 25.0895],
        [80.6343, 25.0898],
        [80.63339, 25.08989],
        [80.63333, 25.0899],
        [80.63317, 25.08994],
        [80.6327, 25.0901],
        [80.63251, 25.08973],
        [80.6321, 25.0897],
        [80.6322, 25.0902],
        [80.6318, 25.0903],
        [80.6317, 25.0901],
        [80.63133, 25.0901],
        [80.6309, 25.0901],
        [80.63092, 25.09015],
        [80.6311, 25.0906],
        [80.63107, 25.0906],
        [80.63108, 25.09062],
        [80.63087, 25.09064],
        [80.6305, 25.0907],
        [80.63047, 25.0906],
        [80.6303, 25.0901],
        [80.62941, 25.09025],
        [80.6291, 25.0903],
        [80.6287, 25.0898],
        [80.6284, 25.0889],
        [80.62843, 25.08888],
        [80.62842, 25.08887],
        [80.62868, 25.08873],
        [80.62874, 25.08869],
        [80.62889, 25.08861],
        [80.6289, 25.0886],
        [80.6287, 25.0872],
        [80.6269, 25.0874],
        [80.6261, 25.0867],
        [80.6265, 25.0865],
        [80.62649, 25.08647],
        [80.6263, 25.086],
        [80.62632, 25.086],
        [80.62631, 25.08596],
        [80.62676, 25.08591],
        [80.6268, 25.0859],
        [80.6268, 25.08572],
        [80.6268, 25.0856],
        [80.628, 25.0854],
        [80.6277, 25.0842],
        [80.62751, 25.08378],
        [80.6273, 25.08331],
        [80.6273, 25.0833],
        [80.627, 25.0836],
        [80.627, 25.0844],
        [80.627, 25.0844],
        [80.62592, 25.0844],
        [80.6259, 25.08457],
        [80.6259, 25.085],
        [80.62577, 25.08558],
        [80.62572, 25.08591],
        [80.62563, 25.08612],
        [80.6255, 25.0865],
        [80.6252, 25.08674],
        [80.625, 25.0869],
        [80.6247, 25.0873],
        [80.62466, 25.08751],
        [80.6246, 25.0879],
        [80.6245, 25.0886],
        [80.6243, 25.0888],
        [80.624, 25.0889],
        [80.62385, 25.08882],
        [80.62375, 25.0888],
        [80.62368, 25.08876],
        [80.62352, 25.08871],
        [80.6235, 25.0887],
        [80.6235, 25.0892],
        [80.62343, 25.08927],
        [80.6233, 25.0894],
        [80.6231, 25.0892],
        [80.6231, 25.08892],
        [80.6229, 25.0888],
        [80.62286, 25.08884],
        [80.62281, 25.08889],
        [80.62272, 25.08899],
        [80.62271, 25.08899],
        [80.6227, 25.089],
        [80.6224, 25.0889],
        [80.62222, 25.08899],
        [80.62217, 25.08902],
        [80.6216, 25.0894],
        [80.62128, 25.08948],
        [80.62125, 25.08949],
        [80.62124, 25.08949],
        [80.6212, 25.0895],
        [80.62111, 25.08947],
        [80.6209, 25.0894],
        [80.6207, 25.0895],
        [80.62059, 25.08966],
        [80.6205, 25.0898],
        [80.6203, 25.0902],
        [80.62027, 25.09026],
        [80.62, 25.0907],
        [80.6196, 25.0907],
        [80.6194, 25.0906],
        [80.61936, 25.0906],
        [80.61914, 25.0906],
        [80.61904, 25.09071],
        [80.619, 25.0908],
        [80.6188, 25.0912],
        [80.61868, 25.09128],
        [80.6185, 25.0914],
        [80.6182, 25.0916],
        [80.6175, 25.0919],
        [80.6172, 25.092],
        [80.617, 25.0922],
        [80.61694, 25.09231],
        [80.6168, 25.0926],
        [80.6164, 25.0934],
        [80.61603, 25.0937],
        [80.61591, 25.09381],
        [80.61563, 25.09389],
        [80.6156, 25.0939],
        [80.6156, 25.0937],
        [80.61557, 25.0935],
        [80.61564, 25.09342],
        [80.6157, 25.0933],
        [80.6158, 25.0931],
        [80.61572, 25.09286],
        [80.61571, 25.09284],
        [80.6156, 25.09275],
        [80.6155, 25.0927],
        [80.6153, 25.0927],
        [80.61491, 25.0928],
        [80.6149, 25.0928],
        [80.6141, 25.0935],
        [80.61354, 25.09438],
        [80.6134, 25.0946],
        [80.61339, 25.0946],
        [80.61338, 25.09461],
        [80.61319, 25.09462],
        [80.6125, 25.0947],
        [80.6116, 25.0953],
        [80.61119, 25.09578],
        [80.61102, 25.096],
        [80.61059, 25.09646],
        [80.6102, 25.0969],
        [80.6097, 25.0974],
        [80.60967, 25.09741],
        [80.60966, 25.09742],
        [80.60933, 25.0975],
        [80.6092, 25.09757],
        [80.609, 25.0977],
        [80.60883, 25.09778],
        [80.60877, 25.09783],
        [80.60859, 25.09788],
        [80.6083, 25.098],
        [80.608, 25.0981],
        [80.608, 25.0983],
        [80.6084, 25.0989],
        [80.6089, 25.0993],
        [80.6094, 25.0995],
        [80.60961, 25.09961],
        [80.6098, 25.0997],
        [80.61082, 25.09979],
        [80.6109, 25.0998],
        [80.6112, 25.0999],
        [80.61134, 25.10018],
        [80.61143, 25.1003],
        [80.6117, 25.1003],
        [80.61182, 25.10027],
        [80.61245, 25.10009],
        [80.61246, 25.10011],
        [80.6125, 25.1001],
        [80.61263, 25.10035],
        [80.6128, 25.1007],
        [80.61457, 25.10031],
        [80.6146, 25.1003],
        [80.61488, 25.10085],
        [80.6149, 25.1009],
        [80.617, 25.1002],
        [80.61798, 25.09997],
        [80.6183, 25.0999],
        [80.61842, 25.10014],
        [80.6185, 25.10025],
        [80.6187, 25.10025],
        [80.6189, 25.1002],
        [80.6192, 25.1004],
        [80.61925, 25.10054],
        [80.6194, 25.101],
        [80.6197, 25.1019],
        [80.6205, 25.1034],
        [80.6214, 25.1053],
        [80.62159, 25.10588],
        [80.6216, 25.1059],
        [80.6208, 25.1061],
        [80.6203, 25.1057],
        [80.6203, 25.1062],
        [80.61962, 25.10626],
        [80.61911, 25.10632],
        [80.61925, 25.10665],
        [80.6194, 25.107],
        [80.6198, 25.1081],
        [80.6198, 25.1081],
        [80.6205, 25.1081],
        [80.6212, 25.1091],
        [80.6217, 25.1096],
        [80.62206, 25.1096],
        [80.6226, 25.1096],
        [80.6229, 25.1099],
        [80.6235, 25.1104],
        [80.6245, 25.1109],
        [80.62501, 25.11097],
        [80.6252, 25.111],
        [80.62519, 25.11101],
        [80.6247, 25.1114],
        [80.62444, 25.11186],
        [80.6243, 25.1121],
        [80.62477, 25.11294],
        [80.6248, 25.113],
        [80.6248, 25.1146],
        [80.62481, 25.11464],
        [80.6249, 25.115],
        [80.6252, 25.1152],
        [80.62534, 25.11525],
        [80.62548, 25.11526],
        [80.62585, 25.11537],
        [80.626, 25.1154],
        [80.6263, 25.1156],
        [80.62639, 25.11574],
        [80.6265, 25.1159],
        [80.6268, 25.1163],
        [80.62708, 25.11665],
        [80.6272, 25.1168],
        [80.62742, 25.11693],
        [80.62765, 25.11706],
        [80.62792, 25.1171],
        [80.6281, 25.1171],
        [80.6285, 25.1171],
        [80.6287, 25.117],
        [80.62898, 25.11681],
        [80.62901, 25.11679],
        [80.62906, 25.11671],
        [80.6291, 25.11664],
        [80.6293, 25.1163],
        [80.62935, 25.11612],
        [80.6294, 25.1159],
        [80.6296, 25.1158],
        [80.6299, 25.1157],
        [80.62993, 25.11571],
        [80.62995, 25.1157],
        [80.63028, 25.11579],
        [80.63029, 25.1158],
        [80.6303, 25.1158],
        [80.63034, 25.11584],
        [80.63051, 25.11598],
        [80.63071, 25.1161],
        [80.631, 25.116],
        [80.631, 25.1157],
        [80.63108, 25.11524],
        [80.63109, 25.11507],
        [80.6311, 25.11502],
        [80.6311, 25.1148],
        [80.6314, 25.1145],
        [80.6317, 25.1143],
        [80.63177, 25.11423],
        [80.632, 25.114],
        [80.63207, 25.1138],
        [80.6321, 25.1137],
        [80.6325, 25.1134],
        [80.63254, 25.11336],
        [80.6328, 25.1131],
        [80.6331, 25.113],
        [80.6337, 25.113],
        [80.6354, 25.1131],
        [80.6356, 25.11315],
        [80.6358, 25.1132],
        [80.6366, 25.1141],
        [80.6375, 25.1152],
        [80.63772, 25.11564],
        [80.63797, 25.11614],
        [80.63819, 25.11658],
        [80.6382, 25.1166],
        [80.63807, 25.11666],
        [80.638, 25.11671],
        [80.638, 25.1172],
        [80.63779, 25.11737],
        [80.6375, 25.1176],
        [80.6377, 25.11809],
        [80.6377, 25.1181],
        [80.6373, 25.1184],
        [80.63741, 25.11858],
        [80.6376, 25.1189],
        [80.6368, 25.1191],
        [80.6356, 25.1196],
        [80.63555, 25.11979],
        [80.6355, 25.12],
        [80.6358, 25.1206],
        [80.63577, 25.12062],
        [80.63577, 25.12063],
        [80.63549, 25.12081],
        [80.6349, 25.1212],
        [80.6346, 25.1211],
        [80.63415, 25.1211],
        [80.6341, 25.1211],
        [80.6343, 25.1215],
        [80.6337, 25.122],
        [80.6329, 25.1223],
        [80.6329, 25.12257],
        [80.6329, 25.1231],
        [80.6333, 25.1247],
        [80.63344, 25.12541],
        [80.63352, 25.1257],
        [80.63368, 25.12609],
        [80.634, 25.1268],
        [80.6343, 25.1271],
        [80.63432, 25.12712],
        [80.6346, 25.1274],
        [80.6348, 25.1278],
        [80.6348, 25.1282],
        [80.63474, 25.12839],
        [80.6347, 25.1285],
        [80.63362, 25.1286],
        [80.6336, 25.12878],
        [80.6336, 25.1291],
        [80.63357, 25.12911],
        [80.6329, 25.1293],
        [80.63306, 25.12964],
        [80.6334, 25.1304],
        [80.63296, 25.13071],
        [80.6321, 25.1313],
        [80.6292, 25.1328],
        [80.62926, 25.13309],
        [80.6293, 25.1333],
        [80.6287, 25.1336],
        [80.628, 25.1337],
        [80.62729, 25.13381],
        [80.62725, 25.13368],
        [80.62711, 25.13333],
        [80.62696, 25.13335],
        [80.6268, 25.1334],
        [80.62582, 25.13358],
        [80.62521, 25.13372],
        [80.62523, 25.13383],
        [80.6254, 25.1345],
        [80.62537, 25.13451],
        [80.6249, 25.1346],
        [80.62472, 25.13463],
        [80.6236, 25.1348],
        [80.6227, 25.135],
        [80.6222, 25.1347],
        [80.622, 25.13401],
        [80.622, 25.134],
        [80.6211, 25.1341],
        [80.6208, 25.1338],
        [80.61997, 25.13241],
        [80.6199, 25.1323],
        [80.61988, 25.13226],
        [80.6193, 25.13112],
        [80.61909, 25.13094],
        [80.6189, 25.1308],
        [80.6184, 25.1305],
        [80.6177, 25.1299],
        [80.61746, 25.12942],
        [80.61741, 25.12934],
        [80.61699, 25.12905],
        [80.6164, 25.1287],
        [80.61555, 25.12823],
        [80.6146, 25.1277],
        [80.6132, 25.1274],
        [80.61317, 25.1274],
        [80.6124, 25.1275],
        [80.61169, 25.12774],
        [80.6115, 25.1278],
        [80.611, 25.1283],
        [80.61099, 25.12832],
        [80.6107, 25.1291],
        [80.6106, 25.1298],
        [80.6106, 25.1298],
        [80.6106, 25.1308],
        [80.61081, 25.13119],
        [80.6111, 25.1317],
        [80.6115, 25.1323],
        [80.6116, 25.1327],
        [80.6116, 25.133],
        [80.6115, 25.13321],
        [80.6112, 25.1338],
        [80.61108, 25.13433],
        [80.611, 25.1347],
        [80.61083, 25.1351],
        [80.61072, 25.13539],
        [80.6107, 25.13562],
        [80.6107, 25.1361],
        [80.6107, 25.13652],
        [80.6107, 25.1371],
        [80.61102, 25.13799],
        [80.6112, 25.1385],
        [80.61134, 25.1392],
        [80.6114, 25.1395],
        [80.6116, 25.1405],
        [80.61169, 25.14043],
        [80.612, 25.1402],
        [80.61208, 25.1402],
        [80.6124, 25.1402],
        [80.6122, 25.1417],
        [80.61317, 25.1418],
        [80.6132, 25.1418],
        [80.6133, 25.1423],
        [80.61324, 25.14258],
        [80.6132, 25.1428],
        [80.613, 25.1432],
        [80.61272, 25.14343],
        [80.6124, 25.1437],
        [80.6119, 25.144],
        [80.6117, 25.1444],
        [80.6116, 25.1448],
        [80.6114, 25.1452],
        [80.6109, 25.1451],
        [80.6107, 25.1451],
        [80.61023, 25.14538],
        [80.61013, 25.14552],
        [80.6098, 25.1461],
        [80.60946, 25.14651],
        [80.60934, 25.14669],
        [80.60925, 25.14697],
        [80.6092, 25.1473],
        [80.60899, 25.14785],
        [80.60892, 25.1481],
        [80.60886, 25.14842],
        [80.6088, 25.149],
        [80.60864, 25.14947],
        [80.6085, 25.1499],
        [80.6079, 25.15],
        [80.6069, 25.1502],
        [80.60545, 25.15049],
        [80.6054, 25.1505],
        [80.6054, 25.15013],
        [80.6054, 25.1501],
        [80.605, 25.1501],
        [80.60452, 25.15029],
        [80.604, 25.1505],
        [80.6031, 25.1504],
        [80.60228, 25.1504],
        [80.60212, 25.15041],
        [80.60212, 25.1504],
        [80.6021, 25.1504],
        [80.60218, 25.1501],
        [80.60219, 25.15],
        [80.60132, 25.14992],
        [80.6011, 25.14991],
        [80.6008, 25.14945],
        [80.5999, 25.1481],
        [80.59948, 25.1475],
        [80.5983, 25.1458],
        [80.5975, 25.1444],
        [80.59742, 25.14424],
        [80.5971, 25.1436],
        [80.5975, 25.1434],
        [80.5975, 25.14316],
        [80.59748, 25.14302],
        [80.5975, 25.143],
        [80.5975, 25.143],
        [80.59789, 25.14261],
        [80.59785, 25.14246],
        [80.5978, 25.1423],
        [80.59765, 25.1419],
        [80.59751, 25.14155],
        [80.59752, 25.14154],
        [80.5975, 25.1415],
        [80.59788, 25.14121],
        [80.59765, 25.1408],
        [80.5974, 25.1404],
        [80.5971, 25.1389],
        [80.59686, 25.13769],
        [80.5967, 25.1369],
        [80.5963, 25.135],
        [80.596, 25.1328],
        [80.59576, 25.13086],
        [80.5956, 25.1296],
        [80.5955, 25.12887],
        [80.5954, 25.1282],
        [80.59533, 25.12783],
        [80.5952, 25.1272],
        [80.59525, 25.12722],
        [80.5969, 25.1279],
        [80.59703, 25.12783],
        [80.5971, 25.1278],
        [80.5975, 25.1274],
        [80.59773, 25.12729],
        [80.5979, 25.1272],
        [80.5985, 25.1271],
        [80.59865, 25.12692],
        [80.5989, 25.1266],
        [80.59933, 25.12625],
        [80.5994, 25.1262],
        [80.6002, 25.126],
        [80.6007, 25.1257],
        [80.6011, 25.1253],
        [80.60129, 25.12477],
        [80.60145, 25.12438],
        [80.6017, 25.1237],
        [80.60185, 25.12347],
        [80.6021, 25.1231],
        [80.6027, 25.1227],
        [80.6034, 25.1224],
        [80.60358, 25.12235],
        [80.6041, 25.1222],
        [80.605, 25.1221],
        [80.6055, 25.122],
        [80.6058, 25.1219],
        [80.6062, 25.1212],
        [80.6064, 25.12094],
        [80.6068, 25.1204],
        [80.6069, 25.1202],
        [80.6069, 25.12007],
        [80.6069, 25.1199],
        [80.60697, 25.11962],
        [80.60699, 25.11949],
        [80.60704, 25.11939],
        [80.6071, 25.1192],
        [80.60716, 25.11917],
        [80.6075, 25.119],
        [80.6075, 25.1188],
        [80.6075, 25.1187],
        [80.6075, 25.11847],
        [80.60746, 25.11797],
        [80.60744, 25.11794],
        [80.6073, 25.1178],
        [80.607, 25.1173],
        [80.6065, 25.117],
        [80.60594, 25.11681],
        [80.60553, 25.11704],
        [80.6048, 25.1175],
        [80.60476, 25.11745],
        [80.6044, 25.117],
        [80.6044, 25.11684],
        [80.6044, 25.1167],
        [80.6042, 25.1166],
        [80.6035, 25.1165],
        [80.6026, 25.1164],
        [80.6022, 25.1163],
        [80.60194, 25.11617],
        [80.6018, 25.1161],
        [80.6015, 25.1157],
        [80.6013, 25.115],
        [80.60125, 25.11473],
        [80.60117, 25.11453],
        [80.60097, 25.11439],
        [80.6008, 25.1143],
        [80.60055, 25.1141],
        [80.60029, 25.11393],
        [80.59999, 25.1139],
        [80.5997, 25.1139],
        [80.5993, 25.114],
        [80.5989, 25.1144],
        [80.5987, 25.1145],
        [80.59869, 25.1145],
        [80.59868, 25.11451],
        [80.59864, 25.11452],
        [80.5984, 25.1146],
        [80.59834, 25.11459],
        [80.59804, 25.11454],
        [80.59803, 25.11451],
        [80.598, 25.1145],
        [80.5979, 25.1142],
        [80.5978, 25.1135],
        [80.59773, 25.11271],
        [80.5977, 25.1124],
        [80.5973, 25.1114],
        [80.59631, 25.11011],
        [80.5963, 25.1101],
        [80.5959, 25.109],
        [80.59587, 25.10892],
        [80.5956, 25.1081],
        [80.5951, 25.1071],
        [80.5952, 25.1069],
        [80.5956, 25.1065],
        [80.5956, 25.1059],
        [80.5955, 25.1053],
        [80.59548, 25.10528],
        [80.59537, 25.10517],
        [80.5952, 25.105],
        [80.5947, 25.1046],
        [80.5945, 25.10421],
        [80.59435, 25.1039],
        [80.5943, 25.10381],
        [80.59417, 25.10378],
        [80.5936, 25.1037],
        [80.59342, 25.10333],
        [80.59322, 25.10334],
        [80.593, 25.1034],
        [80.59264, 25.10347],
        [80.5925, 25.1035],
        [80.5924, 25.1033],
        [80.5928, 25.103],
        [80.59298, 25.10277],
        [80.5932, 25.1025],
        [80.59332, 25.10238],
        [80.5935, 25.1022],
        [80.5936, 25.1019],
        [80.5936, 25.1012],
        [80.5936, 25.1008],
        [80.5938, 25.1005],
        [80.5938, 25.1005],
        [80.59397, 25.10056],
        [80.59415, 25.10061],
        [80.59459, 25.1007],
        [80.59466, 25.10066],
        [80.5949, 25.1005],
        [80.59495, 25.10047],
        [80.5952, 25.1003],
        [80.5955, 25.0998],
        [80.5959, 25.1001],
        [80.5959, 25.0998],
        [80.5959, 25.0992],
        [80.5961, 25.0992],
        [80.59628, 25.09917],
        [80.5963, 25.09888],
        [80.5963, 25.0987],
        [80.5963, 25.09859],
        [80.59628, 25.09832],
        [80.59609, 25.09788],
        [80.59602, 25.09774],
        [80.596, 25.0977],
        [80.59515, 25.09778],
        [80.595, 25.0978],
        [80.59517, 25.09767],
        [80.59539, 25.09746],
        [80.59544, 25.09732],
        [80.5955, 25.097],
        [80.5956, 25.0965],
        [80.5956, 25.0965],
        [80.596, 25.0965],
        [80.596, 25.0963],
        [80.59598, 25.09629],
        [80.5958, 25.0962],
        [80.59579, 25.09618],
        [80.59578, 25.09618],
        [80.59565, 25.09598],
        [80.5956, 25.0959],
        [80.5952, 25.0954],
        [80.5944, 25.0954],
        [80.59438, 25.09535],
        [80.59437, 25.09534],
        [80.59401, 25.09451],
        [80.594, 25.0945],
        [80.59408, 25.09444],
        [80.5944, 25.0942],
        [80.59433, 25.09383],
        [80.5943, 25.0937],
        [80.59431, 25.0937],
        [80.5948, 25.0935],
        [80.59503, 25.09336],
        [80.5953, 25.0932],
        [80.5956, 25.0929],
        [80.5957, 25.0924],
        [80.5957, 25.0921],
        [80.5957, 25.09207],
        [80.59567, 25.0918],
        [80.59575, 25.09171],
        [80.5958, 25.0916],
        [80.59597, 25.09164],
        [80.5962, 25.0917],
        [80.5964, 25.0919],
        [80.59656, 25.0919],
        [80.5966, 25.0919],
        [80.59679, 25.09184],
        [80.59689, 25.0918],
        [80.597, 25.09158],
        [80.59713, 25.09147],
        [80.5972, 25.0914],
        [80.5975, 25.0913],
        [80.59777, 25.09121],
        [80.59784, 25.09107],
        [80.5979, 25.0909],
        [80.5979, 25.0907],
        [80.5978, 25.0902],
        [80.5977, 25.0895],
        [80.59782, 25.08915],
        [80.59786, 25.08892],
        [80.5966, 25.0896],
        [80.59569, 25.08976],
        [80.5949, 25.0899],
        [80.5926, 25.0902],
        [80.59225, 25.09011],
        [80.5922, 25.0901],
        [80.59225, 25.0899],
        [80.5923, 25.0897],
        [80.59249, 25.08924],
        [80.5925, 25.0892],
        [80.593, 25.0888],
        [80.59314, 25.08866],
        [80.5933, 25.0885],
        [80.5933, 25.088],
        [80.59323, 25.08785],
        [80.5931, 25.0876],
        [80.59317, 25.08734],
        [80.59318, 25.0872],
        [80.59349, 25.08653],
        [80.5935, 25.0865],
        [80.5935, 25.0865],
        [80.594, 25.0861],
        [80.5946, 25.0858],
        [80.59462, 25.08578],
        [80.5953, 25.0851],
        [80.5953, 25.0848],
        [80.59528, 25.08417],
        [80.5954, 25.08396],
        [80.5955, 25.0837],
        [80.5964, 25.0827],
        [80.59718, 25.08201],
        [80.5972, 25.082],
        [80.5974, 25.0817],
        [80.5973, 25.0813],
        [80.5973, 25.0813],
        [80.59683, 25.08071],
        [80.59659, 25.08042],
        [80.59653, 25.08034],
        [80.59652, 25.08033],
        [80.5965, 25.0803],
        [80.5962, 25.0798],
        [80.5969, 25.0797],
        [80.59701, 25.07966],
        [80.5975, 25.0795],
        [80.59793, 25.07939],
        [80.5983, 25.0793],
        [80.59828, 25.07934],
        [80.5983, 25.07934],
        [80.59821, 25.07948],
        [80.59811, 25.07968],
        [80.5983, 25.0797],
        [80.5986, 25.0797],
        [80.5989, 25.0796],
        [80.5991, 25.0794],
        [80.59911, 25.07942],
        [80.5994, 25.0799],
        [80.5996, 25.0802],
        [80.59964, 25.08037],
        [80.5997, 25.0806],
        [80.5998, 25.0814],
        [80.6, 25.0819],
        [80.6, 25.0824],
        [80.6, 25.0824],
        [80.6, 25.08242],
        [80.59974, 25.08266],
        [80.5994, 25.083],
        [80.59908, 25.08332],
        [80.5986, 25.0838],
        [80.5982, 25.0843],
        [80.5981, 25.0847],
        [80.5981, 25.0854],
        [80.5982, 25.0866],
        [80.5984, 25.0874],
        [80.59841, 25.0874],
        [80.5989, 25.0872],
        [80.5993, 25.087],
        [80.5995, 25.08704],
        [80.5998, 25.0871],
        [80.6001, 25.087],
        [80.60024, 25.08677],
        [80.6004, 25.0865],
        [80.60057, 25.08644],
        [80.60071, 25.08638],
        [80.60087, 25.08617],
        [80.6009, 25.08613],
        [80.60097, 25.08603],
        [80.60098, 25.08602],
        [80.601, 25.086],
        [80.60118, 25.08591],
        [80.6012, 25.0859],
        [80.6019, 25.0857],
        [80.60207, 25.08553],
        [80.6023, 25.0853],
        [80.60267, 25.08521],
        [80.6027, 25.0852],
        [80.6032, 25.0852],
        [80.6034, 25.0853],
        [80.60362, 25.08543],
        [80.6039, 25.0856],
        [80.6048, 25.0863],
        [80.6054, 25.0865],
        [80.60624, 25.08667],
        [80.60642, 25.0867],
        [80.60656, 25.08666],
        [80.60677, 25.08659],
        [80.60686, 25.08649],
        [80.6069, 25.0864],
        [80.60696, 25.08605],
        [80.60697, 25.08584],
        [80.607, 25.08582],
        [80.607, 25.0858],
        [80.6075, 25.0853],
        [80.60766, 25.08514],
        [80.60764, 25.08504],
        [80.6076, 25.085],
        [80.6076, 25.08465],
        [80.6076, 25.0846],
        [80.6072, 25.0842],
        [80.60687, 25.08414],
        [80.6066, 25.0841],
        [80.6066, 25.08409],
        [80.6065, 25.0835],
        [80.6065, 25.0827],
        [80.6066, 25.082],
        [80.6071, 25.0815],
        [80.6069, 25.081],
        [80.60689, 25.08099],
        [80.6064, 25.0801],
        [80.60644, 25.08009],
        [80.6081, 25.0799],
        [80.6093, 25.0796],
        [80.60989, 25.07945],
        [80.6101, 25.0794],
        [80.61018, 25.079],
        [80.6102, 25.0789],
        [80.60962, 25.07871],
        [80.6096, 25.0787],
        [80.6103, 25.0783],
        [80.61083, 25.07785],
        [80.61101, 25.07768],
        [80.61128, 25.07731],
        [80.6115, 25.077],
        [80.6114, 25.0767],
        [80.61145, 25.07633],
        [80.6115, 25.076],
        [80.6114, 25.0752],
        [80.6123, 25.0745],
        [80.61242, 25.07376],
        [80.6126, 25.0727],
        [80.6136, 25.0716],
        [80.6139, 25.07079],
        [80.614, 25.0705],
        [80.6142, 25.0698],
        [80.6143, 25.0692],
        [80.6139, 25.0677],
        [80.6139, 25.0677],
        [80.6149, 25.0666],
        [80.61487, 25.06658],
        [80.61452, 25.06635],
        [80.61423, 25.06615],
        [80.6134, 25.0656],
        [80.6129, 25.0659],
        [80.6118, 25.0663],
        [80.61115, 25.06652],
        [80.6109, 25.0666],
        [80.61081, 25.0666],
        [80.6105, 25.0666],
        [80.6098, 25.0667],
        [80.6093, 25.0669],
        [80.60905, 25.06711],
        [80.6087, 25.0674],
        [80.60846, 25.0672],
        [80.6081, 25.06695],
        [80.6081, 25.0676],
        [80.60808, 25.0676],
        [80.60808, 25.06761],
        [80.6074, 25.0675],
        [80.6075, 25.0681],
        [80.60717, 25.0681],
        [80.607, 25.0681],
        [80.6062, 25.0686],
        [80.60619, 25.06861],
        [80.60618, 25.06861],
        [80.60567, 25.06882],
        [80.6045, 25.0693],
        [80.6045, 25.0699],
        [80.60442, 25.07013],
        [80.60441, 25.07022],
        [80.6043, 25.0704],
        [80.6042, 25.0706],
        [80.60407, 25.07073],
        [80.6039, 25.07094],
        [80.60385, 25.07105],
        [80.6038, 25.0712],
        [80.60377, 25.07137],
        [80.6037, 25.0718],
        [80.6036, 25.0721],
        [80.6033, 25.0723],
        [80.60298, 25.07241],
        [80.6027, 25.0725],
        [80.6021, 25.0727],
        [80.60178, 25.0727],
        [80.6015, 25.0727],
        [80.6011, 25.073],
        [80.60109, 25.07302],
        [80.6008, 25.0738],
        [80.60058, 25.07358],
        [80.6002, 25.0732],
        [80.6002, 25.0737],
        [80.6003, 25.0745],
        [80.6003, 25.07454],
        [80.6003, 25.0747],
        [80.60026, 25.07473],
        [80.5995, 25.0753],
        [80.59888, 25.07522],
        [80.59875, 25.07521],
        [80.59874, 25.0752],
        [80.5987, 25.0752],
        [80.5984, 25.0758],
        [80.59821, 25.07627],
        [80.5982, 25.0763],
        [80.59788, 25.07638],
        [80.59782, 25.0764],
        [80.59775, 25.07641],
        [80.5973, 25.0765],
        [80.5975, 25.0776],
        [80.597, 25.0777],
        [80.597, 25.0777],
        [80.59698, 25.0777],
        [80.59668, 25.07718],
        [80.59663, 25.077],
        [80.5964, 25.0763],
        [80.5953, 25.0775],
        [80.5958, 25.0785],
        [80.5958, 25.0788],
        [80.5955, 25.0793],
        [80.595, 25.0794],
        [80.5936, 25.0797],
        [80.5917, 25.0801],
        [80.5905, 25.0803],
        [80.5893, 25.0804],
        [80.58883, 25.0803],
        [80.5884, 25.0802],
        [80.5878, 25.0802],
        [80.58746, 25.08034],
        [80.5873, 25.0804],
        [80.5866, 25.0807],
        [80.585, 25.0811],
        [80.58305, 25.08139],
        [80.583, 25.0814],
        [80.583, 25.08197],
        [80.583, 25.0821],
        [80.58227, 25.0821],
        [80.5816, 25.0821],
        [80.5809, 25.0817],
        [80.5797, 25.0815],
        [80.57919, 25.0815],
        [80.5783, 25.0815],
        [80.57605, 25.0814],
        [80.576, 25.0814],
        [80.57594, 25.082],
        [80.5759, 25.0824],
        [80.5743, 25.0825],
        [80.57427, 25.0825],
        [80.5735, 25.0826],
        [80.5731, 25.0827],
        [80.5728, 25.08293],
        [80.5727, 25.083],
        [80.57253, 25.0831],
        [80.57199, 25.08344],
        [80.57193, 25.08351],
        [80.5718, 25.0837],
        [80.57152, 25.08419],
        [80.5714, 25.0844],
        [80.571, 25.0849],
        [80.5707, 25.085],
        [80.57042, 25.08507],
        [80.5703, 25.0851],
        [80.57, 25.0852],
        [80.56984, 25.08528],
        [80.56982, 25.0853],
        [80.56982, 25.08566],
        [80.5698, 25.08588],
        [80.5698, 25.086],
        [80.56971, 25.08609],
        [80.5695, 25.0863],
        [80.5693, 25.0865],
        [80.56922, 25.08675],
        [80.5692, 25.0868],
        [80.56919, 25.08681],
        [80.5687, 25.0872],
        [80.56843, 25.08702],
        [80.5684, 25.087],
        [80.56831, 25.08681],
        [80.56821, 25.08663],
        [80.56821, 25.08661],
        [80.5682, 25.0866],
        [80.5681, 25.0862],
        [80.5681, 25.08544],
        [80.5681, 25.0854],
        [80.5681, 25.08494],
        [80.5681, 25.0845],
        [80.56829, 25.08421],
        [80.56831, 25.08417],
        [80.5684, 25.0838],
        [80.56844, 25.08364],
        [80.5685, 25.0834],
        [80.5684, 25.0825],
        [80.5678, 25.081],
        [80.5667, 25.0781],
        [80.56794, 25.07756],
        [80.56825, 25.07742],
        [80.5683, 25.0774],
        [80.5678, 25.0772],
        [80.5678, 25.07684],
        [80.5678, 25.0754],
        [80.5677, 25.0739],
        [80.5677, 25.07385],
        [80.5677, 25.0733],
        [80.56728, 25.07319],
        [80.5666, 25.073],
        [80.56643, 25.07248],
        [80.56627, 25.07212],
        [80.5656, 25.0726],
        [80.5656, 25.07224],
        [80.56559, 25.07208],
        [80.56551, 25.07189],
        [80.56531, 25.07144],
        [80.56518, 25.07116],
        [80.5649, 25.0706],
        [80.56464, 25.07037],
        [80.5639, 25.0697],
        [80.5639, 25.06974],
        [80.5638, 25.0706],
        [80.56376, 25.07055],
        [80.5629, 25.0693],
        [80.56287, 25.06927],
        [80.5626, 25.069],
        [80.562, 25.0688],
        [80.56082, 25.06824],
        [80.55993, 25.06783],
        [80.55975, 25.0678],
        [80.5595, 25.0678],
        [80.5592, 25.0676],
        [80.55906, 25.06739],
        [80.55902, 25.06734],
        [80.5587, 25.06705],
        [80.5584, 25.0668],
        [80.55828, 25.06668],
        [80.558, 25.0664],
        [80.55754, 25.0662],
        [80.5573, 25.0661],
        [80.5568, 25.066],
        [80.55657, 25.06594],
        [80.55638, 25.06593],
        [80.55619, 25.06594],
        [80.5559, 25.066],
        [80.5556, 25.0659],
        [80.555, 25.0655],
        [80.5549, 25.06538],
        [80.5546, 25.065],
        [80.554, 25.0645],
        [80.55382, 25.06437],
        [80.5533, 25.064],
        [80.55278, 25.06348],
        [80.55252, 25.06324],
        [80.55225, 25.06307],
        [80.5521, 25.063],
        [80.5513, 25.0636],
        [80.55035, 25.06379],
        [80.5503, 25.0638],
        [80.5494, 25.0639],
        [80.54862, 25.06395],
        [80.5478, 25.064],
        [80.5467, 25.0643],
        [80.5458, 25.0644],
        [80.5454, 25.0646],
        [80.54538, 25.06462],
        [80.54531, 25.06469],
        [80.545, 25.065],
        [80.5448, 25.0658],
        [80.54461, 25.06636],
        [80.5445, 25.0667],
        [80.54424, 25.06748],
        [80.5439, 25.0685],
        [80.5429, 25.0689],
        [80.5419, 25.0695],
        [80.54177, 25.0697],
        [80.5415, 25.0701],
        [80.54109, 25.07083],
        [80.541, 25.071],
        [80.5407, 25.0717],
        [80.5399, 25.0719],
        [80.53934, 25.07197],
        [80.5391, 25.072],
        [80.53896, 25.07196],
        [80.5384, 25.0718],
        [80.53803, 25.07164],
        [80.5377, 25.0715],
        [80.5369, 25.0711],
        [80.5361, 25.0707],
        [80.53555, 25.07054],
        [80.53536, 25.0705],
        [80.53513, 25.07043],
        [80.5343, 25.0702],
        [80.5337, 25.0702],
        [80.5324, 25.0706],
        [80.5315, 25.0707],
        [80.5309, 25.071],
        [80.5303, 25.0714],
        [80.5293, 25.0719],
        [80.52926, 25.07193],
        [80.5289, 25.0722],
        [80.52861, 25.07278],
        [80.5286, 25.0728],
        [80.52859, 25.07281],
        [80.5284, 25.073],
        [80.528, 25.0733],
        [80.52798, 25.07331],
        [80.5276, 25.0735],
        [80.5274, 25.0735],
        [80.5272, 25.0735],
        [80.52673, 25.0735],
        [80.5267, 25.0735],
        [80.5262, 25.0735],
        [80.52617, 25.07352],
        [80.526, 25.07364],
        [80.52574, 25.07395],
        [80.5257, 25.074],
        [80.5256, 25.0744],
        [80.5254, 25.0746],
        [80.525, 25.0748],
        [80.5246, 25.07488],
        [80.5245, 25.07491],
        [80.5237, 25.075],
        [80.5233, 25.0752],
        [80.52307, 25.07524],
        [80.52267, 25.07533],
        [80.52228, 25.07552],
        [80.52219, 25.07558],
        [80.52194, 25.0758],
        [80.52176, 25.07608],
        [80.5217, 25.0762],
        [80.52162, 25.07636],
        [80.5215, 25.0766],
        [80.5214, 25.077],
        [80.5214, 25.0772],
        [80.52115, 25.07753],
        [80.5211, 25.0776],
        [80.52068, 25.07785],
        [80.52062, 25.07789],
        [80.52049, 25.07807],
        [80.52042, 25.07817],
        [80.5204, 25.07828],
        [80.5204, 25.0785],
        [80.5203, 25.0788],
        [80.5202, 25.0797],
        [80.5201, 25.0806],
        [80.52001, 25.08115],
        [80.52, 25.08121],
        [80.51997, 25.08127],
        [80.5198, 25.0817],
        [80.5195, 25.082],
        [80.51959, 25.08283],
        [80.5196, 25.0829],
        [80.5199, 25.0842],
        [80.52006, 25.08458],
        [80.5202, 25.0849],
        [80.52016, 25.08507],
        [80.5201, 25.0853],
        [80.5201, 25.08575],
        [80.5201, 25.0862],
        [80.52014, 25.08653],
        [80.5202, 25.087],
        [80.5203, 25.0883],
        [80.52033, 25.08831],
        [80.52042, 25.08836],
        [80.52067, 25.08847],
        [80.52067, 25.08848],
        [80.5207, 25.0885],
        [80.5207, 25.0889],
        [80.5206, 25.0892],
        [80.5206, 25.08957],
        [80.5206, 25.0896],
        [80.5208, 25.0897],
        [80.521, 25.0899],
        [80.52104, 25.08997],
        [80.5211, 25.0901],
        [80.5211, 25.09036],
        [80.52111, 25.09058],
        [80.52111, 25.09105],
        [80.5211, 25.09109],
        [80.5211, 25.0911],
        [80.52108, 25.09117],
        [80.521, 25.0915],
        [80.5206, 25.0923],
        [80.5201, 25.093],
        [80.51975, 25.0935],
        [80.5196, 25.0937],
        [80.5194, 25.09384],
        [80.5186, 25.0944],
        [80.5179, 25.0948],
        [80.516, 25.0958],
        [80.515, 25.0963],
        [80.5142, 25.0968],
        [80.51358, 25.09705],
        [80.5132, 25.0972],
        [80.5124, 25.0974],
        [80.5109, 25.0977],
        [80.5106, 25.0978],
        [80.51, 25.098],
        [80.50959, 25.09819],
        [80.5087, 25.0986],
        [80.50784, 25.09883],
        [80.5068, 25.0991],
        [80.505, 25.0995],
        [80.5046, 25.0994],
        [80.5046, 25.0994],
        [80.50454, 25.09933],
        [80.5041, 25.0988],
        [80.5028, 25.0991],
        [80.50263, 25.09921],
        [80.5025, 25.0993],
        [80.5025, 25.0993],
        [80.5019, 25.0993],
        [80.5013, 25.0996],
        [80.50106, 25.09973],
        [80.5004, 25.1001],
        [80.50005, 25.10025],
        [80.4997, 25.1004],
        [80.49929, 25.09918],
        [80.499, 25.0983],
        [80.49862, 25.09729],
        [80.4984, 25.0967],
        [80.4983, 25.08714],
        [80.4983, 25.0871],
        [80.49898, 25.08717],
        [80.49928, 25.08718],
        [80.49964, 25.0872],
        [80.4998, 25.0872],
        [80.5004, 25.0873],
        [80.50059, 25.0873],
        [80.5008, 25.0873],
        [80.50126, 25.0871],
        [80.5017, 25.0869],
        [80.50203, 25.0868],
        [80.5024, 25.0867],
        [80.50276, 25.08638],
        [80.5033, 25.0859],
        [80.505, 25.0848],
        [80.50562, 25.08454],
        [80.5062, 25.0843],
        [80.507, 25.0838],
        [80.5064, 25.0831],
        [80.50623, 25.08282],
        [80.5061, 25.0826],
        [80.50595, 25.08243],
        [80.50549, 25.08192],
        [80.50551, 25.08191],
        [80.5055, 25.0819],
        [80.50566, 25.08186],
        [80.50591, 25.08177],
        [80.50593, 25.08167],
        [80.506, 25.0814],
        [80.50596, 25.08118],
        [80.5059, 25.0809],
        [80.5059, 25.0804],
        [80.506, 25.0799],
        [80.5058, 25.0794],
        [80.5051, 25.0779],
        [80.50498, 25.07755],
        [80.5048, 25.077],
        [80.5044, 25.0758],
        [80.5038, 25.0746],
        [80.5037, 25.0738],
        [80.50349, 25.07311],
        [80.50341, 25.07282],
        [80.50331, 25.0728],
        [80.5031, 25.0728],
        [80.5025, 25.0729],
        [80.50175, 25.07302],
        [80.5012, 25.0731],
        [80.50087, 25.07315],
        [80.5006, 25.0732],
        [80.50022, 25.07316],
        [80.4997, 25.0731],
        [80.49945, 25.07323],
        [80.4993, 25.0733],
        [80.4989, 25.0733],
        [80.4984, 25.0733],
        [80.49824, 25.07338],
        [80.49762, 25.07371],
        [80.49761, 25.0737],
        [80.4976, 25.0737],
        [80.4966, 25.0728],
        [80.4974, 25.0726],
        [80.49739, 25.07193],
        [80.4974, 25.07193],
        [80.4974, 25.0719],
        [80.4983, 25.0718],
        [80.4986, 25.0717],
        [80.49879, 25.07131],
        [80.499, 25.0709],
        [80.49975, 25.0709],
        [80.4999, 25.0709],
        [80.50013, 25.07073],
        [80.50044, 25.07049],
        [80.50069, 25.0703],
        [80.5007, 25.0703],
        [80.501, 25.071],
        [80.50124, 25.07106],
        [80.5014, 25.0711],
        [80.5015, 25.0708],
        [80.5018, 25.0707],
        [80.50205, 25.07051],
        [80.50215, 25.07043],
        [80.50268, 25.06985],
        [80.5029, 25.0696],
        [80.503, 25.06949],
        [80.5037, 25.0687],
        [80.5049, 25.0672],
        [80.5055, 25.0661],
        [80.5056, 25.0655],
        [80.50569, 25.06514],
        [80.5057, 25.0651],
        [80.506, 25.0644],
        [80.5061, 25.0641],
        [80.50615, 25.064],
        [80.50629, 25.06369],
        [80.50634, 25.0636],
        [80.5065, 25.0632],
        [80.507, 25.0629],
        [80.5072, 25.0626],
        [80.50728, 25.06243],
        [80.5073, 25.06239],
        [80.5072, 25.0619],
        [80.5072, 25.0615],
        [80.50725, 25.06128],
        [80.5073, 25.0611],
        [80.5076, 25.0607],
        [80.5081, 25.0603],
        [80.5086, 25.06],
        [80.50861, 25.05996],
        [80.5088, 25.0595],
        [80.50903, 25.0591],
        [80.50919, 25.05879],
        [80.509, 25.05821],
        [80.50809, 25.05669],
        [80.5078, 25.0562],
        [80.50779, 25.05618],
        [80.5068, 25.0542],
        [80.5066, 25.05376],
        [80.5064, 25.0533],
        [80.50601, 25.0533],
        [80.5058, 25.0533],
        [80.50466, 25.05347],
        [80.5038, 25.0536],
        [80.5035, 25.0534],
        [80.5034, 25.05306],
        [80.50326, 25.05275],
        [80.50331, 25.05273],
        [80.5033, 25.0527],
        [80.5037, 25.0526],
        [80.5037, 25.05224],
        [80.50367, 25.052],
        [80.5028, 25.0521],
        [80.50243, 25.05182],
        [80.50196, 25.05199],
        [80.5017, 25.0521],
        [80.50153, 25.05197],
        [80.5013, 25.0518],
        [80.501, 25.0511],
        [80.50085, 25.05044],
        [80.5008, 25.0502],
        [80.50067, 25.05008],
        [80.5, 25.0495],
        [80.5009, 25.0494],
        [80.5009, 25.04937],
        [80.5008, 25.0477],
        [80.5014, 25.0477],
        [80.5029, 25.0462],
        [80.50277, 25.04587],
        [80.5027, 25.0457],
        [80.5031, 25.0452],
        [80.50253, 25.04444],
        [80.5025, 25.0444],
        [80.50241, 25.04365],
        [80.5024, 25.0436],
        [80.5018, 25.0435],
        [80.50151, 25.04328],
        [80.5014, 25.0432],
        [80.50107, 25.04235],
        [80.5007, 25.0414],
        [80.50119, 25.04101],
        [80.5012, 25.041],
        [80.50149, 25.04148],
        [80.50197, 25.04141],
        [80.5031, 25.0412],
        [80.50336, 25.04146],
        [80.50348, 25.04157],
        [80.50349, 25.04159],
        [80.5035, 25.0416],
        [80.5037, 25.042],
        [80.5038, 25.0423],
        [80.5042, 25.0425],
        [80.50436, 25.04245],
        [80.5045, 25.0424],
        [80.5055, 25.0424],
        [80.50578, 25.0426],
        [80.5062, 25.0429],
        [80.5067, 25.043],
        [80.50796, 25.043],
        [80.508, 25.043],
        [80.508, 25.04321],
        [80.508, 25.0433],
        [80.5088, 25.0429],
        [80.5088, 25.0429],
        [80.5096, 25.0427],
        [80.5105, 25.0428],
        [80.5115, 25.043],
        [80.51209, 25.04308],
        [80.51222, 25.0431],
        [80.513, 25.0431],
        [80.51304, 25.0431],
        [80.51352, 25.04329],
        [80.5137, 25.04333],
        [80.5138, 25.04335],
        [80.51409, 25.0434],
        [80.5141, 25.0434],
        [80.5145, 25.0431],
        [80.5147, 25.0429],
        [80.51501, 25.0424],
        [80.5152, 25.0421],
        [80.5162, 25.0416],
        [80.5181, 25.041],
        [80.5205, 25.0405],
        [80.52096, 25.04035],
        [80.52106, 25.04031],
        [80.5212, 25.04026],
        [80.5222, 25.0399],
        [80.5239, 25.0394],
        [80.52482, 25.03934],
        [80.5255, 25.0393],
        [80.5273, 25.0391],
        [80.52764, 25.03905],
        [80.528, 25.039],
        [80.52845, 25.03894],
        [80.5287, 25.0389],
        [80.5306, 25.0384],
        [80.5321, 25.038],
        [80.53215, 25.03798],
        [80.5331, 25.0376],
        [80.5339, 25.0371],
        [80.5346, 25.0364],
        [80.53502, 25.03592],
        [80.5353, 25.0356],
        [80.5359, 25.0348],
        [80.53618, 25.03452],
        [80.5364, 25.0343],
        [80.5369, 25.034],
        [80.538, 25.0337],
        [80.5385, 25.0335],
        [80.5404, 25.0327],
        [80.54081, 25.0326],
        [80.54116, 25.0325],
        [80.5412, 25.0325],
        [80.54224, 25.0325],
        [80.5433, 25.0325],
        [80.54333, 25.0325],
        [80.54423, 25.0327],
        [80.5447, 25.0328],
        [80.5463, 25.0323],
        [80.5465, 25.0313],
        [80.548, 25.0301],
        [80.5481, 25.0293],
        [80.5477, 25.0277],
        [80.5477, 25.02701],
        [80.54769, 25.02667],
        [80.54768, 25.02642],
        [80.5476, 25.0255],
        [80.54754, 25.02533],
        [80.5473, 25.0247],
        [80.54703, 25.02443],
        [80.5467, 25.0241],
        [80.5461, 25.0236],
        [80.54608, 25.02358],
        [80.5458, 25.0232],
        [80.5455, 25.0222],
        [80.54495, 25.02165],
        [80.5448, 25.0215],
        [80.5444, 25.0208],
        [80.54401, 25.01993],
        [80.544, 25.0199],
        [80.5436, 25.0197],
        [80.5428, 25.0197],
        [80.5427, 25.01969],
        [80.5421, 25.0196],
        [80.5417, 25.0192],
        [80.5417, 25.0192],
        [80.54166, 25.01916],
        [80.5415, 25.01875],
        [80.5413, 25.0183],
        [80.54124, 25.01771],
        [80.54118, 25.01732],
        [80.54125, 25.01703],
        [80.5413, 25.0167],
        [80.5426, 25.0161],
        [80.54328, 25.01562],
        [80.5433, 25.0156],
        [80.5439, 25.0152],
        [80.5442, 25.0145],
        [80.54431, 25.01395],
        [80.5444, 25.0135],
        [80.54427, 25.0128],
        [80.5442, 25.0124],
        [80.54342, 25.01162],
        [80.5434, 25.0116],
        [80.54344, 25.01151],
        [80.5435, 25.0114],
        [80.5439, 25.0108],
        [80.5456, 25.009],
        [80.5467, 25.0076],
        [80.54751, 25.00642],
        [80.548, 25.0057],
        [80.549, 25.0039],
        [80.5495, 25.0026],
        [80.5493, 25.0023],
        [80.5489, 25.0022],
        [80.5476, 25.0022],
        [80.5469, 25.0025],
        [80.545, 25.003],
        [80.5436, 25.003],
        [80.54276, 25.00275],
        [80.54261, 25.00271],
        [80.54233, 25.00258],
        [80.5415, 25.0022],
        [80.54035, 25.00145],
        [80.53923, 25.00073],
        [80.53898, 25.00066],
        [80.5387, 25.0006],
        [80.5373, 25.0006],
        [80.53676, 25.00069],
        [80.53671, 25.0007],
        [80.53648, 25.00078],
        [80.5347, 25.0014],
        [80.53367, 25.00151],
        [80.5328, 25.0016],
        [80.5316, 25.0015],
        [80.53125, 25.00146],
        [80.5308, 25.0014],
        [80.5304, 25.0015],
        [80.5287, 25.0023],
        [80.52804, 25.00266],
        [80.5274, 25.003],
        [80.5267, 25.0034],
        [80.52624, 25.00348],
        [80.525, 25.0037],
        [80.5247, 25.0038],
        [80.5245, 25.0044],
        [80.5243, 25.0055],
        [80.5241, 25.0062],
        [80.52373, 25.0065],
        [80.5236, 25.0066],
        [80.5229, 25.007],
        [80.5217, 25.00715],
        [80.5213, 25.0072],
        [80.5207, 25.008],
        [80.5201, 25.0083],
        [80.5193, 25.0086],
        [80.5177, 25.0088],
        [80.51754, 25.00872],
        [80.5173, 25.0086],
        [80.5169, 25.0082],
        [80.5168, 25.0077],
        [80.5168, 25.00673],
        [80.5168, 25.0067],
        [80.5167, 25.0057],
        [80.516, 25.0043],
        [80.5147, 25.003],
        [80.51454, 25.00298],
        [80.5137, 25.0029],
        [80.5124, 25.003],
        [80.5109, 25.0031],
        [80.5097, 25.0032],
        [80.50952, 25.00326],
        [80.5072, 25.0041],
        [80.50631, 25.00483],
        [80.5056, 25.0054],
        [80.50558, 25.0054],
        [80.50345, 25.00492],
        [80.5011, 25.0044],
        [80.50059, 25.00483],
        [80.50038, 25.00502],
        [80.5003, 25.00512],
        [80.50022, 25.00522],
        [80.49931, 25.00629],
        [80.4993, 25.0063],
        [80.4984, 25.0056],
        [80.4984, 25.00559],
        [80.4976, 25.0004],
        [80.49748, 25.00028],
        [80.4974, 25.0002],
        [80.4973, 25],
        [80.4969, 24.9996],
        [80.4968, 24.9992],
        [80.4968, 24.9988],
        [80.49692, 24.99862],
        [80.497, 24.9985],
        [80.4974, 24.998],
        [80.49757, 24.99774],
        [80.4976, 24.9977],
        [80.4976, 24.9972],
        [80.4975, 24.9966],
        [80.49751, 24.99658],
        [80.49751, 24.99656],
        [80.49757, 24.99648],
        [80.49773, 24.99622],
        [80.49779, 24.99611],
        [80.4978, 24.9961],
        [80.4973, 24.9955],
        [80.497, 24.9948],
        [80.4965, 24.994],
        [80.49592, 24.99335],
        [80.4957, 24.9931],
        [80.49512, 24.99267],
        [80.49493, 24.99253],
        [80.49439, 24.9922],
        [80.4937, 24.9918],
        [80.49311, 24.99137],
        [80.4926, 24.99101],
        [80.4926, 24.991],
        [80.4926, 24.991],
        [80.49265, 24.99077],
        [80.4929, 24.9895],
        [80.4921, 24.9895],
        [80.49117, 24.98968],
        [80.49, 24.9899],
        [80.4888, 24.9901],
        [80.48865, 24.99006],
        [80.4884, 24.99],
        [80.4878, 24.9897],
        [80.487, 24.9892],
        [80.48673, 24.98917],
        [80.4861, 24.9891],
        [80.48547, 24.9891],
        [80.4853, 24.9891],
        [80.4847, 24.989],
        [80.4836, 24.9883],
        [80.4826, 24.9874],
        [80.48219, 24.98722],
        [80.4817, 24.987],
        [80.4811, 24.9868],
        [80.4804, 24.9867],
        [80.4804, 24.98668],
        [80.48037, 24.98631],
        [80.48036, 24.98612],
        [80.4803, 24.9854],
        [80.4803, 24.9847],
        [80.4803, 24.9841],
        [80.4802, 24.9837],
        [80.47996, 24.98351],
        [80.4797, 24.9833],
        [80.4792, 24.9828],
        [80.47909, 24.9825],
        [80.4789, 24.982],
        [80.47872, 24.98134],
        [80.4786, 24.9809],
        [80.47856, 24.98063],
        [80.4785, 24.9802],
        [80.47843, 24.97962],
        [80.4784, 24.9794],
        [80.47856, 24.97874],
        [80.4786, 24.9786],
        [80.4791, 24.9776],
        [80.47946, 24.9767],
        [80.4795, 24.9766],
        [80.4795, 24.9756],
        [80.47942, 24.97519],
        [80.4793, 24.9746],
        [80.4788, 24.9742],
        [80.47857, 24.97406],
        [80.47847, 24.974],
        [80.47833, 24.97392],
        [80.47827, 24.97425],
        [80.4782, 24.9749],
        [80.478, 24.9756],
        [80.47785, 24.9758],
        [80.4777, 24.97604],
        [80.4775, 24.9762],
        [80.4774, 24.9763],
        [80.4772, 24.9764],
        [80.4767, 24.9765],
        [80.476, 24.9766],
        [80.4753, 24.9765],
        [80.4744, 24.9762],
        [80.4737, 24.976],
        [80.473, 24.9757],
        [80.47263, 24.97549],
        [80.4723, 24.9753],
        [80.4717, 24.9752],
        [80.4709, 24.9753],
        [80.47, 24.9755],
        [80.4692, 24.9757],
        [80.4682, 24.9757],
        [80.46742, 24.97562],
        [80.4672, 24.9756],
        [80.4664, 24.9756],
        [80.4656, 24.9757],
        [80.46518, 24.97586],
        [80.4648, 24.976],
        [80.4639, 24.9765],
        [80.46317, 24.97678],
        [80.4631, 24.9768],
        [80.462, 24.9771],
        [80.4613, 24.9774],
        [80.4609, 24.9779],
        [80.4607, 24.9785],
        [80.46062, 24.97887],
        [80.4605, 24.9794],
        [80.4605, 24.97958],
        [80.4605, 24.9798],
        [80.4602, 24.9801],
        [80.46017, 24.98011],
        [80.46016, 24.98012],
        [80.46006, 24.98016],
        [80.459, 24.9806],
        [80.4578, 24.9808],
        [80.4568, 24.9811],
        [80.4562, 24.9815],
        [80.4562, 24.9815],
        [80.456, 24.9817],
        [80.456, 24.982],
        [80.456, 24.982],
        [80.4563, 24.9826],
        [80.45684, 24.98312],
        [80.4576, 24.9835],
        [80.45786, 24.98365],
        [80.4583, 24.9839],
        [80.45884, 24.98413],
        [80.459, 24.9842],
        [80.4593, 24.9845],
        [80.4594, 24.9848],
        [80.4594, 24.98484],
        [80.4594, 24.9852],
        [80.45926, 24.98548],
        [80.4591, 24.9858],
        [80.45885, 24.98646],
        [80.4588, 24.9866],
        [80.45877, 24.98668],
        [80.4585, 24.9873],
        [80.4581, 24.988],
        [80.4574, 24.9886],
        [80.4566, 24.9892],
        [80.4559, 24.9896],
        [80.4555, 24.9899],
        [80.4554, 24.9904],
        [80.45548, 24.99065],
        [80.4556, 24.991],
        [80.45571, 24.99126],
        [80.45584, 24.9915],
        [80.45598, 24.99161],
        [80.4563, 24.9918],
        [80.45659, 24.99198],
        [80.4568, 24.9921],
        [80.45732, 24.9922],
        [80.4578, 24.9923],
        [80.4591, 24.9926],
        [80.45957, 24.99274],
        [80.4601, 24.9929],
        [80.46067, 24.99309],
        [80.4607, 24.9931],
        [80.4611, 24.9934],
        [80.46125, 24.99385],
        [80.46131, 24.994],
        [80.46134, 24.99421],
        [80.4614, 24.9945],
        [80.46149, 24.99486],
        [80.46158, 24.9949],
        [80.4617, 24.9949],
        [80.462, 24.99495],
        [80.4623, 24.995],
        [80.46295, 24.99492],
        [80.4631, 24.9949],
        [80.46313, 24.99491],
        [80.46314, 24.99491],
        [80.46319, 24.99493],
        [80.4637, 24.9951],
        [80.4639, 24.9953],
        [80.464, 24.9956],
        [80.46396, 24.99568],
        [80.46394, 24.99579],
        [80.4637, 24.996],
        [80.4636, 24.9962],
        [80.4636, 24.9964],
        [80.46351, 24.99677],
        [80.4635, 24.9968],
        [80.4631, 24.9971],
        [80.4628, 24.9974],
        [80.4628, 24.99752],
        [80.4628, 24.9977],
        [80.4628, 24.99781],
        [80.46284, 24.998],
        [80.46286, 24.99813],
        [80.4629, 24.9982],
        [80.4628, 24.9984],
        [80.4626, 24.9987],
        [80.4626, 24.99889],
        [80.46261, 24.99891],
        [80.4627, 24.999],
        [80.4629, 24.9993],
        [80.4629, 24.99951],
        [80.46291, 24.99955],
        [80.4629, 24.99958],
        [80.4629, 24.9996],
        [80.46287, 24.99969],
        [80.4628, 24.9999],
        [80.4627, 25.0004],
        [80.4627, 25.00075],
        [80.4627, 25.0011],
        [80.4627, 25.0013],
        [80.4631, 25.0022],
        [80.4626, 25.0026],
        [80.46239, 25.00268],
        [80.4618, 25.0029],
        [80.46064, 25.00308],
        [80.4599, 25.0032],
        [80.4581, 25.0031],
        [80.4573, 25.0031],
        [80.4567, 25.0035],
        [80.4562, 25.0041],
        [80.45619, 25.00409],
        [80.4555, 25.0033],
        [80.4547, 25.00229],
        [80.4536, 25.0009],
        [80.4529, 24.9999],
        [80.4526, 24.9998],
        [80.45245, 24.99965],
        [80.45226, 24.9995],
        [80.45222, 24.99951],
        [80.45218, 24.99951],
        [80.4511, 24.9996],
        [80.45016, 24.99969],
        [80.4501, 24.9997],
        [80.4498, 25.0004],
        [80.4497, 25.0007],
        [80.4496, 25.0011],
        [80.44958, 25.00111],
        [80.44958, 25.00111],
        [80.44911, 25.00125],
        [80.4473, 25.0018],
        [80.4473, 25.00156],
        [80.44728, 25.00147],
        [80.44711, 25.00084],
        [80.4469, 25.0001],
        [80.4464, 24.999],
        [80.4462, 24.998],
        [80.446, 24.9966],
        [80.446, 24.99651],
        [80.44595, 24.99618],
        [80.4448, 24.9958],
        [80.4448, 24.99579],
        [80.44488, 24.99485],
        [80.4449, 24.99461],
        [80.4448, 24.99457],
        [80.4445, 24.9945],
        [80.4434, 24.9953],
        [80.44338, 24.99527],
        [80.443, 24.9946],
        [80.44257, 24.99489],
        [80.4418, 24.9954],
        [80.44178, 24.99537],
        [80.4415, 24.995],
        [80.441, 24.9951],
        [80.44091, 24.99496],
        [80.4408, 24.9948],
        [80.44044, 24.99487],
        [80.43982, 24.995],
        [80.4398, 24.995],
        [80.4395, 24.9941],
        [80.4395, 24.9941],
        [80.4391, 24.9941],
        [80.43855, 24.99425],
        [80.438, 24.9944],
        [80.4371, 24.9947],
        [80.4371, 24.9952],
        [80.43663, 24.99539],
        [80.4366, 24.9954],
        [80.4369, 24.9964],
        [80.4371, 24.9975],
        [80.4365, 24.9976],
        [80.4366, 24.9981],
        [80.4356, 24.9982],
        [80.4356, 24.9989],
        [80.43563, 24.99891],
        [80.43569, 24.99892],
        [80.43635, 24.99906],
        [80.43635, 24.99909],
        [80.4364, 24.9991],
        [80.4365, 25],
        [80.43648, 25.00002],
        [80.4363, 25.0002],
        [80.43638, 25.00131],
        [80.43639, 25.0015],
        [80.4364, 25.00155],
        [80.4364, 25.0016],
        [80.4367, 25.0016],
        [80.4383, 25.0017],
        [80.43976, 25.00178],
        [80.4402, 25.0018],
        [80.4423, 25.0019],
        [80.4428, 25.0019],
        [80.44273, 25.00356],
        [80.4427, 25.0042],
        [80.4443, 25.0041],
        [80.44568, 25.00386],
        [80.446, 25.0038],
        [80.44636, 25.00375],
        [80.4474, 25.0036],
        [80.4478, 25.0034],
        [80.44806, 25.00323],
        [80.4487, 25.0028],
        [80.44965, 25.00314],
        [80.44982, 25.0032],
        [80.45074, 25.0033],
        [80.4519, 25.0033],
        [80.453, 25.0031],
        [80.45344, 25.00325],
        [80.4536, 25.0033],
        [80.4541, 25.0037],
        [80.45443, 25.00419],
        [80.4545, 25.0043],
        [80.4545, 25.00466],
        [80.4545, 25.0047],
        [80.4545, 25.0052],
        [80.4545, 25.00561],
        [80.4545, 25.006],
        [80.45431, 25.00634],
        [80.454, 25.0069],
        [80.4533, 25.0078],
        [80.4531, 25.00807],
        [80.4525, 25.0089],
        [80.4519, 25.0092],
        [80.4511, 25.0097],
        [80.45099, 25.00981],
        [80.4509, 25.0099],
        [80.4509, 25.0104],
        [80.4512, 25.0112],
        [80.4516, 25.0116],
        [80.4517, 25.0117],
        [80.4523, 25.0123],
        [80.4526, 25.013],
        [80.4528, 25.0138],
        [80.45275, 25.01406],
        [80.4527, 25.0143],
        [80.4524, 25.0149],
        [80.45208, 25.01522],
        [80.4519, 25.0154],
        [80.45169, 25.01544],
        [80.45141, 25.01553],
        [80.4511, 25.01555],
        [80.4508, 25.0156],
        [80.45055, 25.0155],
        [80.4503, 25.01543],
        [80.45018, 25.01534],
        [80.4499, 25.0152],
        [80.44969, 25.01477],
        [80.4496, 25.01464],
        [80.44936, 25.01436],
        [80.4492, 25.0142],
        [80.4487, 25.014],
        [80.4482, 25.014],
        [80.4477, 25.0141],
        [80.4471, 25.0144],
        [80.44695, 25.01451],
        [80.4467, 25.0147],
        [80.4465, 25.0153],
        [80.4464, 25.0163],
        [80.44636, 25.0166],
        [80.4463, 25.0171],
        [80.4459, 25.0178],
        [80.4452, 25.0186],
        [80.44471, 25.01901],
        [80.44459, 25.01912],
        [80.44457, 25.01916],
        [80.44454, 25.01921],
        [80.44443, 25.01947],
        [80.44437, 25.01977],
        [80.4443, 25.0203],
        [80.44404, 25.02062],
        [80.44392, 25.0208],
        [80.44378, 25.02089],
        [80.4434, 25.0212],
        [80.4429, 25.02139],
        [80.4426, 25.0215],
        [80.4415, 25.0217],
        [80.4404, 25.0219],
        [80.44, 25.0223],
        [80.4397, 25.02289],
        [80.4397, 25.0229],
        [80.43959, 25.02294],
        [80.43941, 25.02301],
        [80.43925, 25.02302],
        [80.4386, 25.0231],
        [80.4379, 25.0229],
        [80.43765, 25.02277],
        [80.4371, 25.0225],
        [80.4365, 25.022],
        [80.4359, 25.0215],
        [80.4355, 25.0215],
        [80.43509, 25.02164],
        [80.4349, 25.0217],
        [80.43457, 25.02192],
        [80.4343, 25.0221],
        [80.4335, 25.023],
        [80.43273, 25.02377],
        [80.43292, 25.02395],
        [80.433, 25.024],
        [80.4336, 25.0241],
        [80.4342, 25.0246],
        [80.43457, 25.02511],
        [80.4347, 25.0253],
        [80.4353, 25.0262],
        [80.4357, 25.0274],
        [80.4361, 25.0284],
        [80.43611, 25.02841],
        [80.43645, 25.02887],
        [80.43667, 25.02915],
        [80.4367, 25.0292],
        [80.4375, 25.0298],
        [80.43794, 25.02993],
        [80.4382, 25.03],
        [80.43879, 25.03008],
        [80.4389, 25.0301],
        [80.4396, 25.0313],
        [80.43993, 25.03174],
        [80.4405, 25.0325],
        [80.441, 25.03313],
        [80.4413, 25.0335],
        [80.4422, 25.034],
        [80.44289, 25.03461],
        [80.4431, 25.0348],
        [80.4441, 25.0356],
        [80.4442, 25.0357],
        [80.4449, 25.0364],
        [80.44526, 25.03692],
        [80.4456, 25.0374],
        [80.4471, 25.0367],
        [80.44765, 25.03725],
        [80.4477, 25.0373],
        [80.44785, 25.0376],
        [80.44801, 25.03788],
        [80.44815, 25.03843],
        [80.4482, 25.0386],
        [80.4484, 25.0396],
        [80.44848, 25.04017],
        [80.4485, 25.0403],
        [80.4488, 25.0407],
        [80.4502, 25.04],
        [80.4503, 25.0406],
        [80.4515, 25.04134],
        [80.45158, 25.04139],
        [80.45183, 25.04132],
        [80.4522, 25.0412],
        [80.45246, 25.04124],
        [80.4528, 25.0413],
        [80.45305, 25.04141],
        [80.4535, 25.0416],
        [80.45416, 25.04226],
        [80.4542, 25.0423],
        [80.4545, 25.0415],
        [80.45449, 25.04144],
        [80.4544, 25.0411],
        [80.45444, 25.04111],
        [80.4549, 25.0412],
        [80.45537, 25.04034],
        [80.4555, 25.0401],
        [80.45585, 25.03965],
        [80.4562, 25.0392],
        [80.4571, 25.0397],
        [80.4576, 25.0397],
        [80.4583, 25.0398],
        [80.45869, 25.0398],
        [80.459, 25.0398],
        [80.45953, 25.03995],
        [80.4597, 25.03999],
        [80.4601, 25.0401],
        [80.4605, 25.0402],
        [80.46059, 25.04022],
        [80.4609, 25.0403],
        [80.4616, 25.0402],
        [80.46189, 25.0401],
        [80.4625, 25.0399],
        [80.46277, 25.03983],
        [80.46291, 25.03977],
        [80.46302, 25.03964],
        [80.4632, 25.0394],
        [80.4634, 25.0388],
        [80.46354, 25.03839],
        [80.4637, 25.0379],
        [80.4638, 25.0371],
        [80.4639, 25.0364],
        [80.46417, 25.03604],
        [80.4642, 25.036],
        [80.4642, 25.036],
        [80.46424, 25.03595],
        [80.4644, 25.0358],
        [80.4647, 25.0355],
        [80.46524, 25.03514],
        [80.46534, 25.03507],
        [80.46561, 25.03498],
        [80.4663, 25.0347],
        [80.46724, 25.03436],
        [80.4674, 25.0343],
        [80.4685, 25.0337],
        [80.4697, 25.0329],
        [80.4711, 25.0321],
        [80.4726, 25.0314],
        [80.47287, 25.03125],
        [80.4739, 25.0307],
        [80.47458, 25.03051],
        [80.47462, 25.03049],
        [80.4748, 25.0313],
        [80.47489, 25.03166],
        [80.4749, 25.0317],
        [80.4755, 25.03148],
        [80.476, 25.0313],
        [80.4769, 25.0321],
        [80.47717, 25.03207],
        [80.4779, 25.032],
        [80.4782, 25.0326],
        [80.47823, 25.03259],
        [80.4797, 25.0321],
        [80.48058, 25.03178],
        [80.4816, 25.0314],
        [80.48268, 25.0312],
        [80.4827, 25.0312],
        [80.483, 25.0319],
        [80.48314, 25.03252],
        [80.4833, 25.0332],
        [80.4834, 25.03334],
        [80.48344, 25.03341],
        [80.48349, 25.03349],
        [80.48375, 25.03354],
        [80.4842, 25.0336],
        [80.48486, 25.0336],
        [80.48495, 25.03328],
        [80.485, 25.033],
        [80.4852, 25.0324],
        [80.48533, 25.03233],
        [80.4854, 25.0323],
        [80.4859, 25.0323],
        [80.4863, 25.0324],
        [80.48668, 25.03239],
        [80.48701, 25.03228],
        [80.48702, 25.03226],
        [80.4872, 25.032],
        [80.4873, 25.03174],
        [80.4874, 25.0315],
        [80.4876, 25.0311],
        [80.48764, 25.03095],
        [80.4877, 25.0307],
        [80.48785, 25.03039],
        [80.48789, 25.03029],
        [80.488, 25.03026],
        [80.4884, 25.0301],
        [80.4888, 25.0302],
        [80.48881, 25.03021],
        [80.48883, 25.03021],
        [80.48902, 25.03035],
        [80.4891, 25.0304],
        [80.48914, 25.03061],
        [80.48922, 25.03089],
        [80.4893, 25.03105],
        [80.4894, 25.0312],
        [80.4896, 25.0313],
        [80.49, 25.0312],
        [80.4904, 25.031],
        [80.4905, 25.031],
        [80.49058, 25.03098],
        [80.4911, 25.03109],
        [80.4913, 25.0311],
        [80.4915, 25.0309],
        [80.49157, 25.0307],
        [80.49158, 25.03062],
        [80.49164, 25.03053],
        [80.4917, 25.0304],
        [80.49171, 25.0304],
        [80.4922, 25.0304],
        [80.4926, 25.0304],
        [80.49278, 25.03022],
        [80.4929, 25.0301],
        [80.4933, 25.0298],
        [80.4935, 25.02973],
        [80.4936, 25.0297],
        [80.494, 25.0297],
        [80.4943, 25.0297],
        [80.4944, 25.0296],
        [80.4947, 25.0295],
        [80.4949, 25.0292],
        [80.4951, 25.0291],
        [80.49521, 25.0291],
        [80.4954, 25.0291],
        [80.496, 25.0293],
        [80.4963, 25.0294],
        [80.49669, 25.03031],
        [80.4969, 25.0308],
        [80.49724, 25.03161],
        [80.4974, 25.032],
        [80.4975, 25.03229],
        [80.49761, 25.03259],
        [80.49842, 25.0328],
        [80.49852, 25.03284],
        [80.499, 25.033],
        [80.4998, 25.0339],
        [80.5011, 25.0352],
        [80.5018, 25.036],
        [80.50195, 25.0362],
        [80.5021, 25.03637],
        [80.50214, 25.03653],
        [80.5022, 25.0367],
        [80.5024, 25.0369],
        [80.5024, 25.03707],
        [80.50242, 25.03713],
        [80.5024, 25.03719],
        [80.5024, 25.0373],
        [80.5021, 25.0376],
        [80.50194, 25.03769],
        [80.5014, 25.038],
        [80.50127, 25.03813],
        [80.501, 25.0384],
        [80.50092, 25.03844],
        [80.5008, 25.0385],
        [80.5002, 25.0388],
        [80.4994, 25.0392],
        [80.4984, 25.0394],
        [80.49644, 25.04015],
        [80.4963, 25.0402],
        [80.4943, 25.0408],
        [80.4932, 25.0413],
        [80.49253, 25.04164],
        [80.4918, 25.042],
        [80.49139, 25.04224],
        [80.4906, 25.0427],
        [80.4897, 25.0434],
        [80.489, 25.0436],
        [80.48885, 25.0436],
        [80.4883, 25.0436],
        [80.48795, 25.0436],
        [80.4878, 25.0436],
        [80.48775, 25.0435],
        [80.4877, 25.0434],
        [80.4875, 25.0432],
        [80.4871, 25.0431],
        [80.487, 25.0428],
        [80.48685, 25.04226],
        [80.4868, 25.0421],
        [80.48678, 25.04189],
        [80.4867, 25.0412],
        [80.4864, 25.0405],
        [80.48597, 25.04069],
        [80.4855, 25.0409],
        [80.48506, 25.04101],
        [80.4847, 25.0411],
        [80.484, 25.041],
        [80.4834, 25.0408],
        [80.4831, 25.0404],
        [80.4828, 25.0401],
        [80.4823, 25.0394],
        [80.48186, 25.03859],
        [80.48172, 25.03832],
        [80.48162, 25.03813],
        [80.4816, 25.0381],
        [80.4808, 25.03817],
        [80.4805, 25.0382],
        [80.4792, 25.0381],
        [80.47896, 25.03808],
        [80.4778, 25.038],
        [80.47706, 25.038],
        [80.4766, 25.038],
        [80.47573, 25.038],
        [80.4757, 25.038],
        [80.4751, 25.038],
        [80.475, 25.0382],
        [80.475, 25.03834],
        [80.47502, 25.03843],
        [80.4753, 25.0389],
        [80.4755, 25.0394],
        [80.4755, 25.0397],
        [80.4754, 25.0401],
        [80.475, 25.0405],
        [80.47483, 25.04069],
        [80.4744, 25.0412],
        [80.4743, 25.0416],
        [80.4743, 25.04163],
        [80.47428, 25.04179],
        [80.47422, 25.04237],
        [80.4742, 25.0425],
        [80.4742, 25.0426],
        [80.4741, 25.0427],
        [80.474, 25.0428],
        [80.4737, 25.0431],
        [80.4734, 25.0431],
        [80.4729, 25.043],
        [80.47235, 25.04279],
        [80.4721, 25.0427],
        [80.47196, 25.0426],
        [80.4717, 25.04245],
        [80.4716, 25.04245],
        [80.4715, 25.0425],
        [80.47131, 25.04259],
        [80.4713, 25.0426],
        [80.4713, 25.0429],
        [80.4712, 25.0432],
        [80.47105, 25.04335],
        [80.4709, 25.0435],
        [80.47073, 25.04376],
        [80.4707, 25.0438],
        [80.4701, 25.0442],
        [80.46994, 25.04428],
        [80.4699, 25.04431],
        [80.4698, 25.0446],
        [80.4698, 25.0448],
        [80.4699, 25.045],
        [80.47037, 25.04547],
        [80.47052, 25.0455],
        [80.4707, 25.0455],
        [80.471, 25.0454],
        [80.4711, 25.04536],
        [80.4715, 25.0452],
        [80.47173, 25.04512],
        [80.4718, 25.0451],
        [80.472, 25.0451],
        [80.4721, 25.04515],
        [80.4722, 25.0452],
        [80.4725, 25.0454],
        [80.4726, 25.0455],
        [80.4726, 25.0457],
        [80.4726, 25.0459],
        [80.4726, 25.0461],
        [80.47257, 25.04617],
        [80.4725, 25.0463],
        [80.4723, 25.0465],
        [80.47217, 25.04654],
        [80.472, 25.0466],
        [80.4717, 25.0467],
        [80.4714, 25.0467],
        [80.4704, 25.0467],
        [80.47, 25.0468],
        [80.4698, 25.0469],
        [80.46975, 25.04699],
        [80.4697, 25.0471],
        [80.46957, 25.04724],
        [80.4695, 25.0473],
        [80.4695, 25.0475],
        [80.4696, 25.0482],
        [80.4696, 25.0495],
        [80.4696, 25.04958],
        [80.4696, 25.0499],
        [80.4694, 25.0505],
        [80.4694, 25.0509],
        [80.4693, 25.0511],
        [80.46919, 25.05121],
        [80.46912, 25.0513],
        [80.46901, 25.05148],
        [80.469, 25.0515],
        [80.4689, 25.05179],
        [80.46892, 25.05196],
        [80.469, 25.0525],
        [80.4691, 25.0532],
        [80.4692, 25.0539],
        [80.46914, 25.05401],
        [80.46912, 25.05414],
        [80.46899, 25.05426],
        [80.4689, 25.0544],
        [80.46863, 25.05454],
        [80.4685, 25.05462],
        [80.4684, 25.05475],
        [80.4683, 25.0549],
        [80.4683, 25.0552],
        [80.46825, 25.05535],
        [80.4682, 25.0555],
        [80.4681, 25.0559],
        [80.468, 25.05638],
        [80.468, 25.0564],
        [80.468, 25.0568],
        [80.4681, 25.0571],
        [80.46843, 25.05793],
        [80.46851, 25.0581],
        [80.46853, 25.05816],
        [80.4687, 25.0585],
        [80.4687, 25.05881],
        [80.46871, 25.05888],
        [80.46851, 25.05977],
        [80.46843, 25.06035],
        [80.4684, 25.0606],
        [80.4681, 25.0609],
        [80.4679, 25.0609],
        [80.46723, 25.06109],
        [80.4672, 25.0611],
        [80.4672, 25.0612],
        [80.4672, 25.0615],
        [80.4672, 25.0619],
        [80.4674, 25.0625],
        [80.4674, 25.0627],
        [80.46732, 25.06286],
        [80.4673, 25.0629],
        [80.467, 25.0631],
        [80.4667, 25.0634],
        [80.46658, 25.06361],
        [80.4664, 25.0639],
        [80.4664, 25.06428],
        [80.4664, 25.0644],
        [80.4663, 25.065],
        [80.4661, 25.0651],
        [80.4655, 25.0652],
        [80.46527, 25.06525],
        [80.465, 25.0653],
        [80.4647, 25.0656],
        [80.46463, 25.0659],
        [80.4646, 25.066],
        [80.4646, 25.0664],
        [80.4645, 25.06656],
        [80.46442, 25.06673],
        [80.46432, 25.06682],
        [80.4642, 25.067],
        [80.4638, 25.0671],
        [80.46359, 25.06717],
        [80.46353, 25.0672],
        [80.4635, 25.06735],
        [80.4635, 25.0675],
        [80.4635, 25.06769],
        [80.46353, 25.0679],
        [80.4635, 25.06799],
        [80.4635, 25.0681],
        [80.4633, 25.0682],
        [80.4628, 25.0681],
        [80.4624, 25.0681],
        [80.46207, 25.0681],
        [80.4618, 25.0681],
        [80.4614, 25.0671],
        [80.4609, 25.0663],
        [80.4603, 25.0654],
        [80.4598, 25.0653],
        [80.4592, 25.065],
        [80.4583, 25.06444],
        [80.4579, 25.0642],
        [80.4568, 25.0634],
        [80.45582, 25.06325],
        [80.45545, 25.06321],
        [80.45494, 25.06304],
        [80.4548, 25.063],
        [80.45462, 25.06287],
        [80.45442, 25.06273],
        [80.45436, 25.06266],
        [80.4539, 25.0621],
        [80.4532, 25.0623],
        [80.4523, 25.0623],
        [80.4512, 25.0623],
        [80.45121, 25.06244],
        [80.4513, 25.0635],
        [80.45149, 25.06408],
        [80.4515, 25.0641],
        [80.4515, 25.06411],
        [80.4515, 25.0643],
        [80.45184, 25.06456],
        [80.4519, 25.0646],
        [80.45184, 25.06473],
        [80.45182, 25.06478],
        [80.45181, 25.06479],
        [80.4518, 25.0648],
        [80.4514, 25.065],
        [80.45129, 25.06505],
        [80.45119, 25.06513],
        [80.45114, 25.06526],
        [80.451, 25.0656],
        [80.4509, 25.0661],
        [80.4509, 25.0664],
        [80.4509, 25.0666],
        [80.451, 25.067],
        [80.45104, 25.06712],
        [80.45113, 25.06732],
        [80.4511, 25.06757],
        [80.4511, 25.0677],
        [80.451, 25.0682],
        [80.451, 25.0685],
        [80.4514, 25.0689],
        [80.45138, 25.06891],
        [80.4508, 25.0692],
        [80.45073, 25.06922],
        [80.4505, 25.0693],
        [80.45046, 25.06926],
        [80.4502, 25.069],
        [80.4498, 25.0689],
        [80.44955, 25.06898],
        [80.4495, 25.069],
        [80.4489, 25.0692],
        [80.44832, 25.06959],
        [80.4483, 25.0696],
        [80.4483, 25.07],
        [80.448, 25.0702],
        [80.4462, 25.0711],
        [80.4465, 25.0715],
        [80.4475, 25.0721],
        [80.44753, 25.07211],
        [80.44757, 25.07213],
        [80.44759, 25.07214],
        [80.4486, 25.0726],
        [80.4495, 25.0729],
        [80.4504, 25.0734],
        [80.4512, 25.0736],
        [80.4518, 25.074],
        [80.45191, 25.07415],
        [80.4521, 25.0744],
        [80.4523, 25.0748],
        [80.4523, 25.0752],
        [80.4522, 25.0755],
        [80.45193, 25.07577],
        [80.4519, 25.0758],
        [80.45161, 25.0758],
        [80.4516, 25.0758],
        [80.451, 25.0756],
        [80.4503, 25.0752],
        [80.45028, 25.07518],
        [80.44996, 25.07504],
        [80.44984, 25.07516],
        [80.44974, 25.07528],
        [80.4499, 25.07555],
        [80.4501, 25.0758],
        [80.4502, 25.07606],
        [80.4503, 25.0763],
        [80.4504, 25.0768],
        [80.4504, 25.07705],
        [80.4504, 25.0772],
        [80.45021, 25.07745],
        [80.4501, 25.0776],
        [80.4498, 25.0781],
        [80.4492, 25.0785],
        [80.44915, 25.07853],
        [80.4488, 25.0787],
        [80.4482, 25.07862],
        [80.44799, 25.07861],
        [80.44733, 25.07852],
        [80.4464, 25.0784],
        [80.4451, 25.0783],
        [80.44495, 25.07827],
        [80.4442, 25.0781],
        [80.4439, 25.0779],
        [80.44373, 25.07767],
        [80.4436, 25.0775],
        [80.4436, 25.07725],
        [80.4436, 25.0769],
        [80.4437, 25.0762],
        [80.44381, 25.07558],
        [80.4439, 25.0751],
        [80.4439, 25.0747],
        [80.4435, 25.0744],
        [80.44309, 25.07426],
        [80.44289, 25.07421],
        [80.44249, 25.07431],
        [80.442, 25.0748],
        [80.4415, 25.0753],
        [80.44113, 25.07545],
        [80.441, 25.0755],
        [80.4405, 25.0757],
        [80.4405, 25.0757],
        [80.4402, 25.0757],
        [80.44017, 25.07568],
        [80.44017, 25.07568],
        [80.44009, 25.07562],
        [80.4395, 25.0752],
        [80.43946, 25.07516],
        [80.4388, 25.0745],
        [80.4384, 25.0738],
        [80.4381, 25.0726],
        [80.43792, 25.07196],
        [80.4377, 25.0712],
        [80.43756, 25.07075],
        [80.4374, 25.0702],
        [80.43719, 25.06978],
        [80.437, 25.0694],
        [80.4368, 25.0692],
        [80.4364, 25.069],
        [80.43635, 25.06899],
        [80.4358, 25.0689],
        [80.4356, 25.0688],
        [80.4354, 25.0684],
        [80.4353, 25.0679],
        [80.43529, 25.06789],
        [80.43527, 25.06783],
        [80.43516, 25.06771],
        [80.43475, 25.06762],
        [80.43471, 25.0676],
        [80.4347, 25.0676],
        [80.43468, 25.06759],
        [80.4344, 25.0674],
        [80.43404, 25.06704],
        [80.434, 25.067],
        [80.4335, 25.0664],
        [80.4329, 25.066],
        [80.4323, 25.0658],
        [80.4319, 25.0658],
        [80.4314, 25.0658],
        [80.4305, 25.066],
        [80.4295, 25.066],
        [80.4287, 25.0658],
        [80.42866, 25.06585],
        [80.4283, 25.0663],
        [80.4279, 25.0667],
        [80.42772, 25.06697],
        [80.42777, 25.06715],
        [80.4278, 25.0672],
        [80.42766, 25.06734],
        [80.4274, 25.0676],
        [80.427, 25.0681],
        [80.427, 25.0681],
        [80.427, 25.0681],
        [80.42699, 25.06811],
        [80.42686, 25.06814],
        [80.4263, 25.0683],
        [80.4256, 25.06822],
        [80.42542, 25.06821],
        [80.42531, 25.06826],
        [80.4251, 25.0684],
        [80.42487, 25.06854],
        [80.4246, 25.0687],
        [80.4242, 25.0689],
        [80.4236, 25.0689],
        [80.4229, 25.0689],
        [80.42289, 25.06892],
        [80.42271, 25.06928],
        [80.4226, 25.0695],
        [80.4222, 25.07],
        [80.42175, 25.07039],
        [80.4214, 25.0707],
        [80.4204, 25.0712],
        [80.41979, 25.07138],
        [80.4194, 25.0715],
        [80.4181, 25.0719],
        [80.417, 25.0722],
        [80.4162, 25.0727],
        [80.41603, 25.07253],
        [80.4159, 25.0724],
        [80.41592, 25.07238],
        [80.4165, 25.0716],
        [80.41617, 25.07095],
        [80.4159, 25.0704],
        [80.41594, 25.07038],
        [80.4173, 25.0696],
        [80.41767, 25.06923],
        [80.4178, 25.0691],
        [80.41761, 25.06883],
        [80.4171, 25.0681],
        [80.41719, 25.06801],
        [80.4176, 25.0676],
        [80.4173, 25.067],
        [80.4167, 25.0662],
        [80.4166, 25.0655],
        [80.4166, 25.0655],
        [80.4168, 25.0646],
        [80.4168, 25.0637],
        [80.4165, 25.0629],
        [80.41621, 25.06247],
        [80.4161, 25.0623],
        [80.41592, 25.06217],
        [80.4157, 25.062],
        [80.4156, 25.0614],
        [80.41537, 25.06101],
        [80.4153, 25.0609],
        [80.4142, 25.0596],
        [80.4141, 25.05937],
        [80.4138, 25.0587],
        [80.414, 25.0585],
        [80.41408, 25.05838],
        [80.4142, 25.0582],
        [80.41436, 25.05804],
        [80.4144, 25.058],
        [80.4144, 25.0578],
        [80.4144, 25.0575],
        [80.4143, 25.0573],
        [80.41414, 25.05735],
        [80.414, 25.0574],
        [80.41367, 25.05751],
        [80.4134, 25.05761],
        [80.41324, 25.05744],
        [80.41306, 25.0574],
        [80.4129, 25.0574],
        [80.4126, 25.0575],
        [80.4124, 25.05745],
        [80.41224, 25.05744],
        [80.41193, 25.05735],
        [80.4116, 25.0573],
        [80.41102, 25.05701],
        [80.4102, 25.0566],
        [80.4095, 25.0562],
        [80.40934, 25.05611],
        [80.409, 25.0559],
        [80.40861, 25.05536],
        [80.4085, 25.05521],
        [80.4083, 25.0556],
        [80.4079, 25.056],
        [80.40779, 25.05606],
        [80.40771, 25.05612],
        [80.4078, 25.0563],
        [80.408, 25.0568],
        [80.40801, 25.05684],
        [80.4081, 25.0572],
        [80.408, 25.0575],
        [80.4077, 25.0577],
        [80.40761, 25.05772],
        [80.4072, 25.0578],
        [80.4068, 25.058],
        [80.40654, 25.05844],
        [80.4065, 25.0585],
        [80.4061, 25.0592],
        [80.40572, 25.05958],
        [80.4057, 25.0596],
        [80.405, 25.0603],
        [80.4044, 25.0609],
        [80.40426, 25.06118],
        [80.4041, 25.0615],
        [80.40392, 25.06186],
        [80.4039, 25.06191],
        [80.4039, 25.0623],
        [80.404, 25.0626],
        [80.40404, 25.06267],
        [80.40413, 25.06279],
        [80.40424, 25.0628],
        [80.4044, 25.0628],
        [80.4049, 25.0628],
        [80.4054, 25.0628],
        [80.4058, 25.0629],
        [80.40595, 25.0631],
        [80.4061, 25.0633],
        [80.4063, 25.0636],
        [80.4064, 25.0641],
        [80.4063, 25.0644],
        [80.4058, 25.0649],
        [80.4054, 25.0654],
        [80.40515, 25.06586],
        [80.40508, 25.06596],
        [80.405, 25.0662],
        [80.405, 25.06646],
        [80.405, 25.0665],
        [80.4051, 25.0669],
        [80.40515, 25.06712],
        [80.4052, 25.0673],
        [80.40515, 25.06745],
        [80.4051, 25.0676],
        [80.405, 25.0679],
        [80.40482, 25.06799],
        [80.4048, 25.068],
        [80.404, 25.0672],
        [80.4032, 25.0664],
        [80.40308, 25.06628],
        [80.4027, 25.0659],
        [80.4023, 25.0657],
        [80.4019, 25.0659],
        [80.40185, 25.06616],
        [80.4018, 25.0664],
        [80.40162, 25.06658],
        [80.40158, 25.06664],
        [80.40137, 25.06677],
        [80.4012, 25.0669],
        [80.40092, 25.06709],
        [80.4009, 25.0671],
        [80.4008, 25.0673],
        [80.40085, 25.0676],
        [80.4009, 25.0679],
        [80.4009, 25.06834],
        [80.4009, 25.0686],
        [80.4009, 25.0692],
        [80.4008, 25.0695],
        [80.40062, 25.06956],
        [80.4005, 25.0696],
        [80.40047, 25.06957],
        [80.4003, 25.0694],
        [80.4004, 25.0682],
        [80.40032, 25.06767],
        [80.4002, 25.0669],
        [80.3999, 25.0656],
        [80.3997, 25.0648],
        [80.39964, 25.06471],
        [80.3995, 25.0645],
        [80.3988, 25.0641],
        [80.398, 25.0637],
        [80.39755, 25.06364],
        [80.3972, 25.0636],
        [80.3963, 25.0636],
        [80.39552, 25.0638],
        [80.39522, 25.06394],
        [80.3949, 25.0641],
        [80.39474, 25.06418],
        [80.3943, 25.0644],
        [80.3935, 25.0644],
        [80.3929, 25.0644],
        [80.39253, 25.06425],
        [80.3924, 25.0642],
        [80.39238, 25.06418],
        [80.3921, 25.0638],
        [80.3919, 25.0631],
        [80.3918, 25.0624],
        [80.39186, 25.06201],
        [80.3919, 25.0617],
        [80.3922, 25.061],
        [80.3923, 25.0603],
        [80.3921, 25.0591],
        [80.3918, 25.0581],
        [80.3917, 25.05767],
        [80.3916, 25.0572],
        [80.3914, 25.057],
        [80.39076, 25.05674],
        [80.3904, 25.0566],
        [80.3895, 25.0561],
        [80.3887, 25.0556],
        [80.3883, 25.055],
        [80.38806, 25.05406],
        [80.388, 25.05383],
        [80.38799, 25.05371],
        [80.3878, 25.0525],
        [80.3878, 25.0509],
        [80.3873, 25.0508],
        [80.38676, 25.0508],
        [80.38642, 25.05082],
        [80.38617, 25.05089],
        [80.3856, 25.0511],
        [80.3847, 25.0515],
        [80.38405, 25.05183],
        [80.38394, 25.05189],
        [80.38375, 25.05196],
        [80.3834, 25.0521],
        [80.38337, 25.0521],
        [80.3827, 25.0521],
        [80.3819, 25.052],
        [80.38146, 25.05206],
        [80.3812, 25.0521],
        [80.38097, 25.05215],
        [80.3803, 25.0523],
        [80.3796, 25.0527],
        [80.37887, 25.05297],
        [80.3785, 25.0531],
        [80.37833, 25.05317],
        [80.3772, 25.0536],
        [80.37652, 25.05414],
        [80.3762, 25.0544],
        [80.3754, 25.0551],
        [80.3745, 25.0557],
        [80.3735, 25.056],
        [80.37341, 25.05546],
        [80.3734, 25.0554],
        [80.3731, 25.0542],
        [80.37291, 25.05387],
        [80.3726, 25.0533],
        [80.3727, 25.05323],
        [80.37317, 25.0529],
        [80.37349, 25.05273],
        [80.3737, 25.0526],
        [80.3737, 25.0521],
        [80.3743, 25.0519],
        [80.374, 25.0512],
        [80.3743, 25.0509],
        [80.37418, 25.05018],
        [80.37409, 25.04971],
        [80.3741, 25.0497],
        [80.3741, 25.0497],
        [80.37414, 25.04967],
        [80.3748, 25.0492],
        [80.37479, 25.04917],
        [80.3745, 25.0486],
        [80.37424, 25.04826],
        [80.3739, 25.0478],
        [80.3733, 25.0472],
        [80.3733, 25.04719],
        [80.3729, 25.0461],
        [80.37282, 25.04567],
        [80.3727, 25.045],
        [80.37266, 25.04499],
        [80.37256, 25.04497],
        [80.37235, 25.04493],
        [80.3717, 25.0448],
        [80.37134, 25.04462],
        [80.3713, 25.0446],
        [80.3713, 25.04459],
        [80.37128, 25.04458],
        [80.37101, 25.04404],
        [80.37102, 25.04404],
        [80.371, 25.044],
        [80.37118, 25.04394],
        [80.37128, 25.04388],
        [80.37094, 25.0434],
        [80.37048, 25.04281],
        [80.37051, 25.04281],
        [80.3705, 25.0428],
        [80.37081, 25.04282],
        [80.372, 25.0429],
        [80.37226, 25.04264],
        [80.3726, 25.0423],
        [80.37318, 25.04205],
        [80.3733, 25.042],
        [80.3745, 25.0416],
        [80.3758, 25.0412],
        [80.37632, 25.04094],
        [80.3768, 25.0407],
        [80.37682, 25.04072],
        [80.37684, 25.04071],
        [80.37702, 25.04085],
        [80.37703, 25.04085],
        [80.3771, 25.0409],
        [80.37726, 25.04084],
        [80.3782, 25.0405],
        [80.37852, 25.04094],
        [80.37874, 25.04121],
        [80.3796, 25.0414],
        [80.37995, 25.04158],
        [80.3804, 25.0418],
        [80.38043, 25.04176],
        [80.381, 25.041],
        [80.3815, 25.0405],
        [80.3827, 25.0409],
        [80.3841, 25.0415],
        [80.3851, 25.0419],
        [80.38536, 25.04102],
        [80.38539, 25.04091],
        [80.38546, 25.04073],
        [80.3858, 25.0397],
        [80.3863, 25.0388],
        [80.38647, 25.03854],
        [80.3867, 25.0382],
        [80.3871, 25.0378],
        [80.38729, 25.0377],
        [80.3877, 25.0375],
        [80.38816, 25.03732],
        [80.38817, 25.03731],
        [80.38852, 25.03703],
        [80.3889, 25.0367],
        [80.3889, 25.0367],
        [80.38939, 25.03609],
        [80.38948, 25.03591],
        [80.3896, 25.0356],
        [80.3896, 25.0352],
        [80.3895, 25.0347],
        [80.3892, 25.0342],
        [80.38892, 25.03381],
        [80.3887, 25.0335],
        [80.3883, 25.0329],
        [80.38812, 25.03278],
        [80.388, 25.0327],
        [80.38782, 25.03258],
        [80.3877, 25.0325],
        [80.3872, 25.0324],
        [80.3867, 25.0324],
        [80.38668, 25.03241],
        [80.3862, 25.0327],
        [80.38581, 25.03309],
        [80.38574, 25.03317],
        [80.3856, 25.03345],
        [80.3855, 25.0337],
        [80.3854, 25.0342],
        [80.3854, 25.035],
        [80.3854, 25.03519],
        [80.38542, 25.03538],
        [80.3854, 25.03555],
        [80.3854, 25.0356],
        [80.38539, 25.0356],
        [80.38539, 25.03564],
        [80.38514, 25.03579],
        [80.38511, 25.03579],
        [80.3851, 25.0358],
        [80.38487, 25.0358],
        [80.3846, 25.0358],
        [80.3838, 25.0356],
        [80.38356, 25.0355],
        [80.3831, 25.0353],
        [80.3826, 25.0346],
        [80.3823, 25.03401],
        [80.38218, 25.03379],
        [80.38213, 25.03353],
        [80.3819, 25.0327],
        [80.3816, 25.0318],
        [80.38142, 25.03139],
        [80.3812, 25.0309],
        [80.3808, 25.0302],
        [80.38074, 25.03013],
        [80.3804, 25.0297],
        [80.37995, 25.02925],
        [80.3799, 25.0292],
        [80.3794, 25.029],
        [80.3788, 25.0287],
        [80.37836, 25.02838],
        [80.3781, 25.0282],
        [80.3777, 25.0277],
        [80.37765, 25.02745],
        [80.37757, 25.02717],
        [80.3776, 25.02701],
        [80.3776, 25.0269],
        [80.37773, 25.02686],
        [80.37789, 25.02678],
        [80.37827, 25.02676],
        [80.3788, 25.0267],
        [80.3789, 25.0261],
        [80.37908, 25.02601],
        [80.3795, 25.0258],
        [80.38005, 25.0255],
        [80.3806, 25.0252],
        [80.3812, 25.02504],
        [80.3817, 25.0249],
        [80.3828, 25.0247],
        [80.38337, 25.02461],
        [80.384, 25.0245],
        [80.3852, 25.0242],
        [80.3863, 25.024],
        [80.38679, 25.02381],
        [80.3868, 25.0238],
        [80.3864, 25.0224],
        [80.3866, 25.0223],
        [80.38643, 25.02155],
        [80.3864, 25.0214],
        [80.3859, 25.0213],
        [80.3858, 25.0202],
        [80.38577, 25.01993],
        [80.3857, 25.0194],
        [80.3854, 25.0188],
        [80.38504, 25.01835],
        [80.385, 25.0183],
        [80.3867, 25.0179],
        [80.38714, 25.01786],
        [80.3877, 25.0178],
        [80.38755, 25.01741],
        [80.3874, 25.017],
        [80.3888, 25.0164],
        [80.3899, 25.0161],
        [80.38993, 25.0161],
        [80.3903, 25.0161],
        [80.39069, 25.0162],
        [80.39065, 25.0155],
        [80.3906, 25.0148],
        [80.3906, 25.014],
        [80.39073, 25.0136],
        [80.39077, 25.01344],
        [80.39079, 25.01342],
        [80.3908, 25.0134],
        [80.391, 25.0132],
        [80.39114, 25.01314],
        [80.3917, 25.0129],
        [80.39226, 25.01258],
        [80.3924, 25.0125],
        [80.3928, 25.0124],
        [80.39376, 25.0124],
        [80.39392, 25.01238],
        [80.3949, 25.0122],
        [80.39536, 25.01215],
        [80.3959, 25.0121],
        [80.3963, 25.0119],
        [80.3957, 25.0111],
        [80.3952, 25.0103],
        [80.39493, 25.00998],
        [80.3947, 25.0097],
        [80.39449, 25.00928],
        [80.3944, 25.0091],
        [80.3941, 25.0086],
        [80.3936, 25.0083],
        [80.3929, 25.0079],
        [80.3922, 25.0076],
        [80.3914, 25.0074],
        [80.39115, 25.00732],
        [80.3908, 25.0072],
        [80.39062, 25.00702],
        [80.3903, 25.0067],
        [80.3897, 25.0065],
        [80.3893, 25.00625],
        [80.3889, 25.006],
        [80.38859, 25.00581],
        [80.38813, 25.00554],
        [80.38778, 25.00518],
        [80.3874, 25.0048],
        [80.387, 25.0042],
        [80.386, 25.0044],
        [80.385, 25.0047],
        [80.385, 25.0047],
        [80.3848, 25.0045],
        [80.38462, 25.00441],
        [80.38459, 25.0044],
        [80.3833, 25.0046],
        [80.3817, 25.0049],
        [80.3803, 25.0051],
        [80.38029, 25.0051],
        [80.3796, 25.005],
        [80.37928, 25.00484],
        [80.3788, 25.0046],
        [80.37815, 25.00432],
        [80.37812, 25.00431],
        [80.378, 25.00501],
        [80.37797, 25.00511],
        [80.3778, 25.0057],
        [80.37743, 25.00616],
        [80.3774, 25.0062],
        [80.3771, 25.007],
        [80.377, 25.0079],
        [80.377, 25.0089],
        [80.3768, 25.0098],
        [80.3765, 25.011],
        [80.3765, 25.01164],
        [80.3765, 25.0121],
        [80.3765, 25.0128],
        [80.3765, 25.0128],
        [80.3764, 25.0133],
        [80.3763, 25.0135],
        [80.37606, 25.01386],
        [80.3759, 25.0141],
        [80.3757, 25.0146],
        [80.37565, 25.0151],
        [80.3756, 25.0156],
        [80.37586, 25.01671],
        [80.3759, 25.0169],
        [80.3762, 25.0178],
        [80.3768, 25.0185],
        [80.3775, 25.0193],
        [80.37748, 25.01932],
        [80.37748, 25.01932],
        [80.37729, 25.01943],
        [80.3767, 25.0198],
        [80.376, 25.02],
        [80.37523, 25.02012],
        [80.3747, 25.0202],
        [80.37412, 25.02036],
        [80.3736, 25.0205],
        [80.3726, 25.0207],
        [80.3719, 25.021],
        [80.3716, 25.0209],
        [80.37158, 25.02088],
        [80.371, 25.0203],
        [80.37066, 25.02045],
        [80.3703, 25.0206],
        [80.36958, 25.02096],
        [80.36951, 25.021],
        [80.36951, 25.021],
        [80.3695, 25.021],
        [80.36947, 25.02088],
        [80.3694, 25.0206],
        [80.3693, 25.02],
        [80.36865, 25.02028],
        [80.3686, 25.0203],
        [80.36834, 25.02043],
        [80.3674, 25.0209],
        [80.3665, 25.0216],
        [80.3652, 25.0222],
        [80.36519, 25.02221],
        [80.3639, 25.023],
        [80.36353, 25.02324],
        [80.363, 25.0236],
        [80.3629, 25.023],
        [80.36289, 25.02297],
        [80.3627, 25.0223],
        [80.3624, 25.0217],
        [80.3617, 25.0203],
        [80.3611, 25.0191],
        [80.36085, 25.01849],
        [80.36069, 25.01809],
        [80.3605, 25.01729],
        [80.3597, 25.0161],
        [80.3589, 25.0146],
        [80.35827, 25.0135],
        [80.35809, 25.0132],
        [80.35794, 25.0129],
        [80.35791, 25.01284],
        [80.35732, 25.01174],
        [80.3573, 25.0117],
        [80.3564, 25.01219],
        [80.356, 25.0124],
        [80.3545, 25.0131],
        [80.35343, 25.01368],
        [80.35353, 25.0141],
        [80.3536, 25.0143],
        [80.3536, 25.01442],
        [80.3536, 25.0147],
        [80.3536, 25.015],
        [80.3534, 25.0152],
        [80.353, 25.0153],
        [80.3528, 25.0154],
        [80.35284, 25.01552],
        [80.3529, 25.0157],
        [80.3531, 25.0159],
        [80.3533, 25.0162],
        [80.3533, 25.0165],
        [80.3531, 25.0169],
        [80.35306, 25.01694],
        [80.3527, 25.0173],
        [80.35266, 25.01731],
        [80.35265, 25.01732],
        [80.35251, 25.01736],
        [80.3521, 25.0175],
        [80.352, 25.0175],
        [80.3518, 25.0175],
        [80.3515, 25.017],
        [80.35114, 25.01721],
        [80.3508, 25.0174],
        [80.35061, 25.0174],
        [80.3504, 25.0174],
        [80.35, 25.0174],
        [80.35, 25.0174],
        [80.3495, 25.0175],
        [80.3487, 25.0177],
        [80.348, 25.0178],
        [80.34781, 25.01776],
        [80.3475, 25.0177],
        [80.3469, 25.0174],
        [80.34666, 25.01728],
        [80.3465, 25.0172],
        [80.3461, 25.0168],
        [80.3457, 25.0167],
        [80.3452, 25.0168],
        [80.34509, 25.01669],
        [80.3448, 25.0164],
        [80.3438, 25.0153],
        [80.3426, 25.0143],
        [80.3416, 25.0135],
        [80.3416, 25.0127],
        [80.3416, 25.0113],
        [80.3412, 25.0107],
        [80.34105, 25.01049],
        [80.3401, 25.0091],
        [80.3391, 25.0075],
        [80.3381, 25.0056],
        [80.33783, 25.00503],
        [80.3373, 25.0039],
        [80.33682, 25.00313],
        [80.3365, 25.0026],
        [80.3356, 25.0014],
        [80.3346, 25.0003],
        [80.3218, 25.0003],
        [80.3215, 25.0006],
        [80.3212, 25.0009],
        [80.3211, 25.001],
        [80.32104, 25.00119],
        [80.32103, 25.00126],
        [80.32106, 25.00136],
        [80.3211, 25.0014],
        [80.32119, 25.00158],
        [80.3213, 25.0018],
        [80.3213, 25.00203]
      ]
    ]
  }
}
