{
  "type": "Feature",
  "id": "UP-AC-71",
  "properties": {
    "stateName": "UTTAR PRADESH",
    "stateCode": "UP",
    "districtName": "ALIGARH",
    "acNo": 71,
    "acName": "ATRALI",
    "seatType": null,
    "pcNo": null,
    "pcName": null,
    "quality": "unverified",
    "sources": [
      "TBD"
    ]
  },
  "geometry": {
    "type": "Polygon",
    "coordinates": [
      [
        [77.4954, 28.035],
        [77.4949, 28.0351],
        [77.49448, 28.0351],
        [77.49433, 28.03512],
        [77.4938, 28.0352],
        [77.4933, 28.0353],
        [77.49315, 28.03533],
        [77.4927, 28.0354],
        [77.4922, 28.0355],
        [77.49198, 28.03559],
        [77.4917, 28.0357],
        [77.491, 28.0358],
        [77.49043, 28.03588],
        [77.4903, 28.03591],
        [77.49005, 28.03597],
        [77.4896, 28.0361],
        [77.48921, 28.03621],
        [77.4889, 28.0363],
        [77.4883, 28.0365],
        [77.4876, 28.0368],
        [77.487, 28.0371],
        [77.48648, 28.03745],
        [77.4864, 28.0375],
        [77.48628, 28.03757],
        [77.4859, 28.0378],
        [77.4854, 28.038],
        [77.48505, 28.03826],
        [77.485, 28.0383],
        [77.48497, 28.03832],
        [77.4846, 28.0385],
        [77.48445, 28.0387],
        [77.4843, 28.0389],
        [77.48394, 28.03917],
        [77.4839, 28.0392],
        [77.4836, 28.0395],
        [77.48344, 28.03982],
        [77.4834, 28.0399],
        [77.4832, 28.0403],
        [77.483, 28.0407],
        [77.483, 28.041],
        [77.483, 28.0412],
        [77.483, 28.0415],
        [77.483, 28.0416],
        [77.483, 28.0418],
        [77.4831, 28.042],
        [77.4832, 28.0423],
        [77.4834, 28.0426],
        [77.4835, 28.0428],
        [77.4837, 28.043],
        [77.48378, 28.04308],
        [77.4842, 28.0435],
        [77.48451, 28.04389],
        [77.4846, 28.044],
        [77.4852, 28.0445],
        [77.4857, 28.0449],
        [77.4864, 28.0453],
        [77.487, 28.0456],
        [77.4877, 28.0459],
        [77.48833, 28.04608],
        [77.4884, 28.0461],
        [77.48841, 28.0461],
        [77.48914, 28.04629],
        [77.48928, 28.04636],
        [77.4894, 28.0464],
        [77.48954, 28.04649],
        [77.48972, 28.04659],
        [77.48999, 28.04668],
        [77.49011, 28.0467],
        [77.4903, 28.0467],
        [77.49044, 28.04675],
        [77.4906, 28.0468],
        [77.4908, 28.0468],
        [77.4912, 28.0467],
        [77.49139, 28.04664],
        [77.4915, 28.0466],
        [77.4917, 28.0466],
        [77.49172, 28.0466],
        [77.492, 28.0466],
        [77.4922, 28.0466],
        [77.4925, 28.0467],
        [77.49268, 28.04679],
        [77.4927, 28.0468],
        [77.4929, 28.0469],
        [77.4931, 28.047],
        [77.4935, 28.0473],
        [77.49368, 28.04755],
        [77.4938, 28.0477],
        [77.4941, 28.048],
        [77.49439, 28.04829],
        [77.4945, 28.0484],
        [77.4948, 28.0487],
        [77.495, 28.0491],
        [77.4953, 28.0495],
        [77.49547, 28.04992],
        [77.49549, 28.04996],
        [77.49558, 28.05017],
        [77.4957, 28.0504],
        [77.4958, 28.05059],
        [77.4958, 28.0506],
        [77.4959, 28.0507],
        [77.49595, 28.0508],
        [77.496, 28.0509],
        [77.4962, 28.0511],
        [77.4963, 28.0512],
        [77.4965, 28.0514],
        [77.49667, 28.05148],
        [77.4967, 28.0515],
        [77.4969, 28.0516],
        [77.4971, 28.0517],
        [77.4974, 28.0518],
        [77.49765, 28.05192],
        [77.49776, 28.05197],
        [77.49786, 28.05202],
        [77.4981, 28.0521],
        [77.4984, 28.0523],
        [77.4987, 28.0525],
        [77.4989, 28.0528],
        [77.49892, 28.05285],
        [77.49905, 28.05304],
        [77.49913, 28.0532],
        [77.4992, 28.0533],
        [77.49925, 28.05345],
        [77.4993, 28.0536],
        [77.4995, 28.0541],
        [77.4996, 28.0545],
        [77.49975, 28.0548],
        [77.4998, 28.0549],
        [77.49983, 28.05504],
        [77.4999, 28.0554],
        [77.50001, 28.05561],
        [77.5001, 28.0558],
        [77.5002, 28.0563],
        [77.50023, 28.05643],
        [77.5003, 28.05677],
        [77.50034, 28.05697],
        [77.5004, 28.0572],
        [77.5005, 28.0577],
        [77.5005, 28.05782],
        [77.5005, 28.0581],
        [77.5005, 28.0584],
        [77.5005, 28.0588],
        [77.5005, 28.05904],
        [77.5005, 28.0592],
        [77.50047, 28.05928],
        [77.5004, 28.0595],
        [77.5004, 28.05977],
        [77.5004, 28.0599],
        [77.5003, 28.0602],
        [77.50029, 28.06024],
        [77.5002, 28.0606],
        [77.5001, 28.0609],
        [77.5, 28.0614],
        [77.49986, 28.06167],
        [77.49983, 28.06178],
        [77.49976, 28.06196],
        [77.4997, 28.0622],
        [77.4995, 28.0626],
        [77.4993, 28.063],
        [77.4991, 28.0633],
        [77.4987, 28.0638],
        [77.4985, 28.064],
        [77.49843, 28.06405],
        [77.4981, 28.0643],
        [77.4975, 28.0648],
        [77.49718, 28.06506],
        [77.4969, 28.0653],
        [77.49685, 28.06533],
        [77.4963, 28.0657],
        [77.49591, 28.06609],
        [77.4958, 28.0662],
        [77.4952, 28.0667],
        [77.4946, 28.0672],
        [77.494, 28.0677],
        [77.4936, 28.06796],
        [77.4934, 28.0681],
        [77.4928, 28.0686],
        [77.4926, 28.0688],
        [77.4923, 28.069],
        [77.49218, 28.06918],
        [77.4921, 28.0693],
        [77.4919, 28.0695],
        [77.4917, 28.06964],
        [77.4916, 28.0697],
        [77.4914, 28.0699],
        [77.4912, 28.0701],
        [77.49095, 28.07035],
        [77.49073, 28.07058],
        [77.49066, 28.07068],
        [77.4906, 28.0708],
        [77.4905, 28.0709],
        [77.4904, 28.0711],
        [77.49027, 28.07116],
        [77.49022, 28.07123],
        [77.49014, 28.07131],
        [77.4901, 28.0714],
        [77.49002, 28.07144],
        [77.48993, 28.07153],
        [77.48983, 28.07163],
        [77.4898, 28.0717],
        [77.48972, 28.07174],
        [77.4896, 28.0718],
        [77.4894, 28.0721],
        [77.4893, 28.0722],
        [77.48921, 28.07229],
        [77.4891, 28.0724],
        [77.4889, 28.0724],
        [77.48885, 28.0724],
        [77.48843, 28.0724],
        [77.48833, 28.07242],
        [77.4881, 28.0725],
        [77.48785, 28.07256],
        [77.48769, 28.07262],
        [77.48744, 28.07273],
        [77.4873, 28.0728],
        [77.48727, 28.07281],
        [77.487, 28.0729],
        [77.4866, 28.0731],
        [77.48634, 28.0733],
        [77.4862, 28.0734],
        [77.4858, 28.0736],
        [77.4855, 28.0738],
        [77.4851, 28.0741],
        [77.4847, 28.0743],
        [77.48461, 28.07434],
        [77.4843, 28.0745],
        [77.48411, 28.07469],
        [77.484, 28.0748],
        [77.4836, 28.0751],
        [77.4835, 28.0752],
        [77.48341, 28.07532],
        [77.48328, 28.07549],
        [77.4832, 28.0756],
        [77.483, 28.0758],
        [77.48297, 28.07583],
        [77.4827, 28.0761],
        [77.4825, 28.0763],
        [77.4822, 28.0765],
        [77.4819, 28.0767],
        [77.48172, 28.07676],
        [77.48159, 28.07683],
        [77.48145, 28.0769],
        [77.4813, 28.077],
        [77.48106, 28.07716],
        [77.48096, 28.07724],
        [77.4807, 28.0775],
        [77.4804, 28.0778],
        [77.48019, 28.07791],
        [77.48, 28.078],
        [77.4797, 28.0783],
        [77.4794, 28.0786],
        [77.4793, 28.0787],
        [77.4792, 28.0788],
        [77.47916, 28.07883],
        [77.4788, 28.0791],
        [77.4784, 28.0795],
        [77.4782, 28.0797],
        [77.478, 28.0799],
        [77.47792, 28.08002],
        [77.4778, 28.0802],
        [77.4776, 28.0804],
        [77.47732, 28.08068],
        [77.47721, 28.08081],
        [77.47713, 28.08091],
        [77.4769, 28.0813],
        [77.47669, 28.08151],
        [77.4765, 28.0817],
        [77.4762, 28.0822],
        [77.4759, 28.0827],
        [77.47581, 28.08294],
        [77.4757, 28.0832],
        [77.47548, 28.08356],
        [77.47541, 28.08371],
        [77.47529, 28.08398],
        [77.4752, 28.0842],
        [77.475, 28.0847],
        [77.4749, 28.085],
        [77.4748, 28.0852],
        [77.47479, 28.08521],
        [77.47718, 28.0857],
        [77.47739, 28.08575],
        [77.4776, 28.08581],
        [77.47781, 28.08588],
        [77.47802, 28.08594],
        [77.47823, 28.08601],
        [77.47843, 28.08608],
        [77.47864, 28.08616],
        [77.47884, 28.08624],
        [77.47935, 28.0864],
        [77.47985, 28.08656],
        [77.48036, 28.08672],
        [77.48088, 28.08687],
        [77.48139, 28.08703],
        [77.4819, 28.08718],
        [77.48241, 28.08733],
        [77.48293, 28.08747],
        [77.48354, 28.08766],
        [77.48373, 28.08773],
        [77.48393, 28.0878],
        [77.48414, 28.08784],
        [77.48435, 28.08788],
        [77.48457, 28.08782],
        [77.4848, 28.08777],
        [77.48502, 28.08774],
        [77.48525, 28.08772],
        [77.48554, 28.08771],
        [77.4859, 28.0877],
        [77.48625, 28.08767],
        [77.4866, 28.08762],
        [77.48695, 28.08755],
        [77.48731, 28.08741],
        [77.48766, 28.08724],
        [77.48798, 28.08704],
        [77.48828, 28.0868],
        [77.48878, 28.08644],
        [77.48915, 28.08623],
        [77.48953, 28.08602],
        [77.48992, 28.08583],
        [77.49031, 28.08565],
        [77.49071, 28.08548],
        [77.49112, 28.08531],
        [77.49153, 28.08517],
        [77.49195, 28.08503],
        [77.49239, 28.08497],
        [77.49283, 28.08492],
        [77.49327, 28.0849],
        [77.49371, 28.08491],
        [77.49416, 28.08494],
        [77.4946, 28.08499],
        [77.49503, 28.08507],
        [77.49546, 28.08517],
        [77.49588, 28.0853],
        [77.49615, 28.08538],
        [77.49642, 28.08544],
        [77.49669, 28.0855],
        [77.49697, 28.08554],
        [77.49725, 28.08557],
        [77.49753, 28.08559],
        [77.49781, 28.0856],
        [77.49809, 28.0856],
        [77.49837, 28.08559],
        [77.49885, 28.08554],
        [77.49916, 28.08555],
        [77.49942, 28.08564],
        [77.49997, 28.08599],
        [77.50018, 28.08605],
        [77.50039, 28.08603],
        [77.50066, 28.08596],
        [77.50108, 28.086],
        [77.50133, 28.08612],
        [77.50151, 28.08631],
        [77.50171, 28.08645],
        [77.50191, 28.0866],
        [77.5021, 28.08674],
        [77.5023, 28.08689],
        [77.50249, 28.08703],
        [77.50269, 28.08717],
        [77.50288, 28.08732],
        [77.50308, 28.08747],
        [77.50327, 28.08762],
        [77.50344, 28.08776],
        [77.50362, 28.08789],
        [77.5038, 28.08803],
        [77.50399, 28.08816],
        [77.50418, 28.08828],
        [77.50437, 28.08841],
        [77.50456, 28.08852],
        [77.50476, 28.08864],
        [77.50496, 28.08875],
        [77.50526, 28.08895],
        [77.50557, 28.08914],
        [77.50587, 28.08933],
        [77.50618, 28.08953],
        [77.50645, 28.08963],
        [77.50669, 28.08964],
        [77.50694, 28.08963],
        [77.50718, 28.08962],
        [77.50742, 28.0896],
        [77.50767, 28.08953],
        [77.50792, 28.08948],
        [77.50817, 28.08944],
        [77.50843, 28.08942],
        [77.50874, 28.08939],
        [77.50909, 28.08935],
        [77.50945, 28.08932],
        [77.50981, 28.08931],
        [77.51029, 28.08933],
        [77.51065, 28.0893],
        [77.51088, 28.08924],
        [77.5111, 28.08915],
        [77.51133, 28.08905],
        [77.51157, 28.08896],
        [77.51181, 28.08884],
        [77.51203, 28.08871],
        [77.51223, 28.08855],
        [77.51252, 28.08844],
        [77.51292, 28.08838],
        [77.5134, 28.08835],
        [77.51367, 28.08832],
        [77.51395, 28.08828],
        [77.51422, 28.08824],
        [77.51449, 28.08819],
        [77.51475, 28.08814],
        [77.51502, 28.08808],
        [77.51529, 28.08802],
        [77.51555, 28.08795],
        [77.51589, 28.0878],
        [77.51623, 28.08764],
        [77.51652, 28.08751],
        [77.51682, 28.08745],
        [77.51715, 28.08742],
        [77.51742, 28.08723],
        [77.51753, 28.08693],
        [77.5178, 28.08681],
        [77.51814, 28.08682],
        [77.51842, 28.08685],
        [77.51864, 28.08685],
        [77.51886, 28.08684],
        [77.51909, 28.08684],
        [77.51931, 28.08684],
        [77.51969, 28.08682],
        [77.51997, 28.08682],
        [77.52024, 28.08684],
        [77.52051, 28.08688],
        [77.52078, 28.08695],
        [77.52104, 28.08703],
        [77.52129, 28.08714],
        [77.52152, 28.08726],
        [77.52191, 28.08749],
        [77.52223, 28.08766],
        [77.52257, 28.08781],
        [77.52291, 28.08795],
        [77.52325, 28.08808],
        [77.5235, 28.08816],
        [77.52371, 28.0883],
        [77.52385, 28.08849],
        [77.52392, 28.08872],
        [77.52392, 28.08897],
        [77.52413, 28.0891],
        [77.52439, 28.08911],
        [77.52461, 28.08913],
        [77.52482, 28.08916],
        [77.52504, 28.08919],
        [77.52526, 28.08922],
        [77.52547, 28.08925],
        [77.52568, 28.08928],
        [77.5259, 28.08932],
        [77.52611, 28.08936],
        [77.52656, 28.08944],
        [77.52702, 28.08953],
        [77.52747, 28.08962],
        [77.52792, 28.08972],
        [77.52837, 28.08983],
        [77.52881, 28.08994],
        [77.52926, 28.09005],
        [77.5297, 28.09018],
        [77.53039, 28.09039],
        [77.53073, 28.09043],
        [77.5311, 28.09039],
        [77.53159, 28.09045],
        [77.53187, 28.09056],
        [77.53208, 28.09064],
        [77.53228, 28.09071],
        [77.53248, 28.0908],
        [77.53275, 28.09093],
        [77.53309, 28.09102],
        [77.53343, 28.09094],
        [77.53371, 28.09085],
        [77.53389, 28.091],
        [77.53408, 28.09118],
        [77.53444, 28.09114],
        [77.53458, 28.09128],
        [77.53494, 28.09145],
        [77.53525, 28.09136],
        [77.53556, 28.09124],
        [77.53571, 28.09107],
        [77.53567, 28.09083],
        [77.5357, 28.09061],
        [77.53584, 28.0904],
        [77.53624, 28.09028],
        [77.53645, 28.09023],
        [77.53666, 28.09017],
        [77.53687, 28.09011],
        [77.53708, 28.09005],
        [77.53728, 28.08998],
        [77.53749, 28.08991],
        [77.53769, 28.08984],
        [77.53789, 28.08976],
        [77.53811, 28.08974],
        [77.53831, 28.08966],
        [77.53847, 28.08952],
        [77.53858, 28.08935],
        [77.53865, 28.08912],
        [77.53887, 28.08904],
        [77.53907, 28.08899],
        [77.53928, 28.08894],
        [77.53948, 28.08888],
        [77.53969, 28.08882],
        [77.54006, 28.0887],
        [77.54042, 28.08855],
        [77.54071, 28.08858],
        [77.54079, 28.08877],
        [77.54084, 28.08897],
        [77.5409, 28.08918],
        [77.54113, 28.08927],
        [77.5415, 28.08925],
        [77.54176, 28.08927],
        [77.54201, 28.08931],
        [77.54225, 28.08937],
        [77.5425, 28.08944],
        [77.54273, 28.08954],
        [77.54295, 28.08965],
        [77.54316, 28.08977],
        [77.54337, 28.08991],
        [77.54362, 28.09007],
        [77.54386, 28.09026],
        [77.54407, 28.09047],
        [77.54424, 28.0907],
        [77.54444, 28.0909],
        [77.54471, 28.09099],
        [77.54501, 28.09102],
        [77.5453, 28.09099],
        [77.54557, 28.09089],
        [77.54592, 28.09085],
        [77.54627, 28.09079],
        [77.5466, 28.0907],
        [77.54693, 28.09059],
        [77.54736, 28.09049],
        [77.54762, 28.09044],
        [77.54787, 28.09038],
        [77.54812, 28.0903],
        [77.54837, 28.09021],
        [77.54861, 28.09011],
        [77.54884, 28.08999],
        [77.54907, 28.08986],
        [77.54929, 28.08973],
        [77.54953, 28.08959],
        [77.54978, 28.08945],
        [77.55004, 28.08933],
        [77.5503, 28.08922],
        [77.55052, 28.08912],
        [77.55072, 28.08904],
        [77.55093, 28.08899],
        [77.55114, 28.08894],
        [77.55135, 28.08892],
        [77.55161, 28.08891],
        [77.55199, 28.08893],
        [77.55225, 28.08896],
        [77.5525, 28.089],
        [77.55273, 28.08901],
        [77.55296, 28.08902],
        [77.5532, 28.08902],
        [77.55343, 28.08902],
        [77.55366, 28.08902],
        [77.55389, 28.08902],
        [77.55412, 28.08902],
        [77.55435, 28.08902],
        [77.55459, 28.08901],
        [77.55498, 28.08895],
        [77.55537, 28.08886],
        [77.55575, 28.08874],
        [77.55611, 28.08859],
        [77.55652, 28.08843],
        [77.55675, 28.08836],
        [77.55698, 28.0883],
        [77.55721, 28.08824],
        [77.55745, 28.08818],
        [77.55769, 28.08813],
        [77.55793, 28.08809],
        [77.55817, 28.08805],
        [77.5584, 28.08801],
        [77.55877, 28.08795],
        [77.5591, 28.08781],
        [77.55929, 28.08772],
        [77.55963, 28.08773],
        [77.55984, 28.08783],
        [77.55998, 28.08799],
        [77.56013, 28.08824],
        [77.56038, 28.08832],
        [77.56068, 28.08828],
        [77.56102, 28.08824],
        [77.56136, 28.0882],
        [77.56169, 28.08816],
        [77.56203, 28.08812],
        [77.56248, 28.08811],
        [77.56294, 28.0881],
        [77.56339, 28.08809],
        [77.56384, 28.08807],
        [77.56429, 28.08805],
        [77.56474, 28.08803],
        [77.5652, 28.08801],
        [77.56565, 28.08798],
        [77.5661, 28.08795],
        [77.56647, 28.0879],
        [77.56685, 28.08789],
        [77.56723, 28.08793],
        [77.5676, 28.088],
        [77.56794, 28.08816],
        [77.56826, 28.08838],
        [77.56856, 28.08861],
        [77.56884, 28.08886],
        [77.5691, 28.08913],
        [77.56932, 28.08943],
        [77.56951, 28.08975],
        [77.56966, 28.09009],
        [77.56977, 28.09044],
        [77.5699, 28.09073],
        [77.57009, 28.09095],
        [77.5703, 28.09117],
        [77.57052, 28.09137],
        [77.57075, 28.09156],
        [77.57088, 28.09174],
        [77.571, 28.09196],
        [77.57124, 28.09206],
        [77.57151, 28.092],
        [77.57175, 28.09187],
        [77.57198, 28.0919],
        [77.57217, 28.09209],
        [77.57234, 28.09233],
        [77.57251, 28.09258],
        [77.57266, 28.09283],
        [77.57279, 28.09309],
        [77.57292, 28.09331],
        [77.57304, 28.09353],
        [77.57317, 28.09376],
        [77.5733, 28.09398],
        [77.57343, 28.09419],
        [77.57357, 28.09441],
        [77.5737, 28.09463],
        [77.57384, 28.09484],
        [77.57421, 28.09522],
        [77.57445, 28.09521],
        [77.5747, 28.09537],
        [77.57476, 28.09564],
        [77.5749, 28.0959],
        [77.57508, 28.09614],
        [77.57519, 28.09636],
        [77.57543, 28.09644],
        [77.57576, 28.09642],
        [77.57618, 28.09642],
        [77.57651, 28.09662],
        [77.57665, 28.0969],
        [77.57678, 28.09718],
        [77.57686, 28.09741],
        [77.57692, 28.09765],
        [77.57695, 28.0979],
        [77.57695, 28.09814],
        [77.57695, 28.09848],
        [77.57694, 28.09883],
        [77.57694, 28.09917],
        [77.57693, 28.09951],
        [77.57691, 28.09979],
        [77.57691, 28.10003],
        [77.57697, 28.10025],
        [77.57706, 28.10047],
        [77.57726, 28.10069],
        [77.57746, 28.10085],
        [77.5776, 28.10105],
        [77.57902, 28.1029],
        [77.58038, 28.1043],
        [77.58116, 28.10508],
        [77.58132, 28.10528],
        [77.58153, 28.10545],
        [77.58177, 28.10558],
        [77.58204, 28.10567],
        [77.58234, 28.10565],
        [77.58262, 28.10557],
        [77.58294, 28.10559],
        [77.58312, 28.10578],
        [77.58339, 28.10566],
        [77.58361, 28.10553],
        [77.58384, 28.10537],
        [77.58418, 28.10543],
        [77.58445, 28.10554],
        [77.58469, 28.10567],
        [77.58493, 28.10582],
        [77.58515, 28.10605],
        [77.58536, 28.10618],
        [77.58557, 28.10605],
        [77.58596, 28.10602],
        [77.58623, 28.1061],
        [77.58653, 28.10602],
        [77.58674, 28.10587],
        [77.58694, 28.10577],
        [77.58733, 28.1057],
        [77.5875, 28.10596],
        [77.58755, 28.10629],
        [77.5876, 28.10662],
        [77.58766, 28.10695],
        [77.5877, 28.10728],
        [77.58783, 28.10749],
        [77.58803, 28.10763],
        [77.58829, 28.10769],
        [77.58854, 28.10765],
        [77.58878, 28.10755],
        [77.58901, 28.10747],
        [77.58924, 28.10739],
        [77.58948, 28.10731],
        [77.58972, 28.10724],
        [77.58997, 28.107],
        [77.59011, 28.10677],
        [77.5905, 28.10672],
        [77.59067, 28.10694],
        [77.59071, 28.1072],
        [77.59089, 28.10731],
        [77.59116, 28.10725],
        [77.59138, 28.10728],
        [77.59158, 28.10737],
        [77.59174, 28.1075],
        [77.59186, 28.10767],
        [77.59205, 28.10781],
        [77.59225, 28.10796],
        [77.59244, 28.1081],
        [77.59262, 28.10825],
        [77.59281, 28.10841],
        [77.59299, 28.10857],
        [77.59316, 28.10873],
        [77.59334, 28.10889],
        [77.59359, 28.10915],
        [77.59376, 28.10932],
        [77.59393, 28.10948],
        [77.59411, 28.10964],
        [77.5943, 28.1098],
        [77.59457, 28.10995],
        [77.59484, 28.1101],
        [77.5951, 28.11027],
        [77.59535, 28.11044],
        [77.5956, 28.11063],
        [77.59584, 28.11081],
        [77.59608, 28.11101],
        [77.5963, 28.11121],
        [77.59652, 28.11142],
        [77.59667, 28.11158],
        [77.59682, 28.11174],
        [77.59695, 28.11191],
        [77.59707, 28.11209],
        [77.59718, 28.11228],
        [77.59728, 28.11247],
        [77.59737, 28.11266],
        [77.59744, 28.11286],
        [77.59754, 28.11316],
        [77.59762, 28.11335],
        [77.59774, 28.11353],
        [77.59788, 28.11369],
        [77.59805, 28.11383],
        [77.59817, 28.11402],
        [77.59829, 28.1142],
        [77.5984, 28.11439],
        [77.59852, 28.11458],
        [77.59863, 28.11477],
        [77.59874, 28.11496],
        [77.59884, 28.11516],
        [77.59894, 28.11535],
        [77.59917, 28.1157],
        [77.5993, 28.11584],
        [77.59943, 28.11598],
        [77.59974, 28.11623],
        [77.5999, 28.11634],
        [77.60007, 28.11645],
        [77.60025, 28.11655],
        [77.60043, 28.11663],
        [77.6007, 28.11674],
        [77.60095, 28.1169],
        [77.60116, 28.11709],
        [77.60133, 28.11731],
        [77.60141, 28.11748],
        [77.60152, 28.11767],
        [77.60166, 28.11784],
        [77.60189, 28.11809],
        [77.60206, 28.11837],
        [77.60228, 28.1185],
        [77.60252, 28.11843],
        [77.60275, 28.11828],
        [77.60291, 28.11805],
        [77.60289, 28.11777],
        [77.60288, 28.11738],
        [77.60308, 28.11708],
        [77.60337, 28.11683],
        [77.6035, 28.11664],
        [77.60365, 28.11645],
        [77.60382, 28.11628],
        [77.60401, 28.11612],
        [77.60436, 28.1158],
        [77.60462, 28.11555],
        [77.60488, 28.1153],
        [77.60514, 28.11505],
        [77.6054, 28.1148],
        [77.60566, 28.11456],
        [77.60592, 28.11431],
        [77.60619, 28.11407],
        [77.60646, 28.11383],
        [77.60797, 28.11182],
        [77.60811, 28.11165],
        [77.60802, 28.11145],
        [77.60793, 28.11122],
        [77.60817, 28.11108],
        [77.60843, 28.11092],
        [77.60868, 28.11076],
        [77.60893, 28.11059],
        [77.60917, 28.11041],
        [77.60935, 28.11031],
        [77.60952, 28.1102],
        [77.60969, 28.11008],
        [77.60985, 28.10995],
        [77.61378, 28.10722],
        [77.61402, 28.10713],
        [77.61412, 28.10739],
        [77.61423, 28.10765],
        [77.61434, 28.1079],
        [77.61445, 28.10815],
        [77.61457, 28.10841],
        [77.6148, 28.10851],
        [77.61514, 28.1084],
        [77.61541, 28.10831],
        [77.61569, 28.10822],
        [77.61596, 28.10814],
        [77.61623, 28.10806],
        [77.6165, 28.10798],
        [77.61678, 28.10791],
        [77.61706, 28.10784],
        [77.61749, 28.10776],
        [77.61762, 28.10801],
        [77.61769, 28.1082],
        [77.61778, 28.10838],
        [77.61788, 28.10855],
        [77.61799, 28.10872],
        [77.61817, 28.1089],
        [77.61844, 28.10877],
        [77.61864, 28.10864],
        [77.61884, 28.10852],
        [77.61903, 28.1084],
        [77.61923, 28.10827],
        [77.61943, 28.10815],
        [77.61962, 28.10803],
        [77.61982, 28.10791],
        [77.62002, 28.10778],
        [77.62021, 28.10764],
        [77.62045, 28.1077],
        [77.62051, 28.10791],
        [77.62055, 28.10812],
        [77.62084, 28.10796],
        [77.62138, 28.10801],
        [77.62165, 28.10818],
        [77.62188, 28.10839],
        [77.62211, 28.10844],
        [77.62234, 28.1084],
        [77.62289, 28.10842],
        [77.62329, 28.10821],
        [77.62346, 28.10809],
        [77.62362, 28.10798],
        [77.62379, 28.10787],
        [77.62396, 28.10776],
        [77.62412, 28.10764],
        [77.62429, 28.10753],
        [77.62446, 28.10742],
        [77.62463, 28.10731],
        [77.62487, 28.10711],
        [77.62511, 28.10716],
        [77.62532, 28.10742],
        [77.62551, 28.10769],
        [77.62569, 28.10798],
        [77.62586, 28.10827],
        [77.62602, 28.10857],
        [77.62612, 28.10891],
        [77.62648, 28.10906],
        [77.62682, 28.109],
        [77.62712, 28.10888],
        [77.62735, 28.10876],
        [77.62741, 28.10858],
        [77.62728, 28.1084],
        [77.62715, 28.10817],
        [77.62697, 28.10796],
        [77.62686, 28.10778],
        [77.62691, 28.10758],
        [77.62707, 28.10736],
        [77.62735, 28.10724],
        [77.62759, 28.10725],
        [77.62791, 28.10719],
        [77.62817, 28.10701],
        [77.62836, 28.1068],
        [77.62851, 28.10658],
        [77.62864, 28.10634],
        [77.62874, 28.10609],
        [77.62886, 28.10583],
        [77.62911, 28.10561],
        [77.62939, 28.10544],
        [77.62968, 28.1053],
        [77.63001, 28.10534],
        [77.63023, 28.10539],
        [77.63045, 28.10535],
        [77.63063, 28.10524],
        [77.63074, 28.10506],
        [77.63087, 28.10487],
        [77.63109, 28.10484],
        [77.63132, 28.10499],
        [77.63141, 28.10519],
        [77.63151, 28.10538],
        [77.63161, 28.10558],
        [77.63172, 28.10577],
        [77.63195, 28.10595],
        [77.63224, 28.10582],
        [77.63249, 28.10569],
        [77.63275, 28.10556],
        [77.63301, 28.10544],
        [77.63328, 28.10534],
        [77.63362, 28.10519],
        [77.6338, 28.10489],
        [77.63382, 28.10459],
        [77.63392, 28.10432],
        [77.63415, 28.10414],
        [77.63443, 28.10401],
        [77.63469, 28.10385],
        [77.63493, 28.10367],
        [77.63515, 28.10347],
        [77.63546, 28.10323],
        [77.6358, 28.10305],
        [77.63618, 28.10292],
        [77.63658, 28.10286],
        [77.637, 28.10283],
        [77.63722, 28.10284],
        [77.63743, 28.10287],
        [77.63764, 28.10292],
        [77.63784, 28.10299],
        [77.63803, 28.10309],
        [77.6382, 28.1032],
        [77.63836, 28.10333],
        [77.6385, 28.10349],
        [77.64172, 28.10646],
        [77.64308, 28.10749],
        [77.64472, 28.10875],
        [77.64483, 28.10908],
        [77.64462, 28.10936],
        [77.64434, 28.10955],
        [77.64409, 28.10976],
        [77.64385, 28.10999],
        [77.64363, 28.11023],
        [77.64338, 28.11047],
        [77.64314, 28.11073],
        [77.64297, 28.111],
        [77.64293, 28.1112],
        [77.64296, 28.11141],
        [77.64303, 28.11161],
        [77.64311, 28.11181],
        [77.64319, 28.11201],
        [77.64329, 28.11221],
        [77.6434, 28.1124],
        [77.64351, 28.11259],
        [77.64363, 28.11277],
        [77.64376, 28.11295],
        [77.6439, 28.11312],
        [77.64417, 28.11332],
        [77.6445, 28.11346],
        [77.64485, 28.11351],
        [77.64521, 28.11349],
        [77.64553, 28.11346],
        [77.64582, 28.11344],
        [77.6461, 28.11338],
        [77.64637, 28.11328],
        [77.64662, 28.11315],
        [77.64693, 28.11296],
        [77.64729, 28.11284],
        [77.64749, 28.1128],
        [77.64772, 28.11279],
        [77.64794, 28.11284],
        [77.64813, 28.11294],
        [77.64828, 28.11309],
        [77.64845, 28.11325],
        [77.64862, 28.11341],
        [77.6488, 28.11356],
        [77.64897, 28.11372],
        [77.64914, 28.11388],
        [77.64931, 28.11404],
        [77.64948, 28.11419],
        [77.64965, 28.11435],
        [77.64983, 28.11451],
        [77.65008, 28.11469],
        [77.65032, 28.11489],
        [77.65055, 28.1151],
        [77.65076, 28.11533],
        [77.65096, 28.11556],
        [77.65115, 28.11581],
        [77.65132, 28.11606],
        [77.65147, 28.11632],
        [77.6516, 28.11658],
        [77.65171, 28.11679],
        [77.65183, 28.117],
        [77.65194, 28.11721],
        [77.65206, 28.11741],
        [77.65219, 28.11761],
        [77.65232, 28.11781],
        [77.65245, 28.11801],
        [77.65258, 28.11821],
        [77.65272, 28.1184],
        [77.6529, 28.11871],
        [77.65308, 28.11901],
        [77.65326, 28.11931],
        [77.65345, 28.1196],
        [77.65365, 28.1199],
        [77.65384, 28.12019],
        [77.65404, 28.12048],
        [77.65424, 28.12077],
        [77.65453, 28.12121],
        [77.65486, 28.12135],
        [77.65521, 28.12121],
        [77.65538, 28.12107],
        [77.65557, 28.12094],
        [77.65576, 28.12083],
        [77.65597, 28.12073],
        [77.65627, 28.12053],
        [77.65655, 28.12029],
        [77.65679, 28.12003],
        [77.657, 28.11974],
        [77.65715, 28.11951],
        [77.65728, 28.11934],
        [77.6574, 28.11918],
        [77.65753, 28.11901],
        [77.65766, 28.11885],
        [77.65783, 28.1187],
        [77.65803, 28.1186],
        [77.65825, 28.11854],
        [77.6586, 28.11857],
        [77.65881, 28.11855],
        [77.65902, 28.11856],
        [77.65932, 28.11863],
        [77.65951, 28.1187],
        [77.65974, 28.11869],
        [77.65996, 28.11862],
        [77.66022, 28.11846],
        [77.66051, 28.11831],
        [77.66078, 28.11823],
        [77.66101, 28.11825],
        [77.6612, 28.11837],
        [77.66138, 28.11858],
        [77.66159, 28.11878],
        [77.66189, 28.11904],
        [77.66209, 28.11918],
        [77.66252, 28.1189],
        [77.66277, 28.11869],
        [77.663, 28.11847],
        [77.66323, 28.11824],
        [77.66346, 28.11801],
        [77.66367, 28.11778],
        [77.66388, 28.11754],
        [77.66409, 28.1173],
        [77.66428, 28.11705],
        [77.6647, 28.11693],
        [77.66489, 28.11716],
        [77.66513, 28.11737],
        [77.66536, 28.11759],
        [77.66569, 28.11787],
        [77.66601, 28.11771],
        [77.66629, 28.11751],
        [77.66654, 28.11728],
        [77.66675, 28.11702],
        [77.66693, 28.11674],
        [77.66707, 28.11655],
        [77.6672, 28.11635],
        [77.66733, 28.11616],
        [77.66746, 28.11596],
        [77.66759, 28.11576],
        [77.66771, 28.11556],
        [77.66783, 28.11536],
        [77.66795, 28.11516],
        [77.66807, 28.11495],
        [77.66801, 28.11474],
        [77.66779, 28.11464],
        [77.66754, 28.11449],
        [77.66724, 28.11424],
        [77.66729, 28.11393],
        [77.66749, 28.11376],
        [77.66768, 28.11362],
        [77.66787, 28.11349],
        [77.66807, 28.11338],
        [77.66826, 28.11328],
        [77.66836, 28.11311],
        [77.66834, 28.11291],
        [77.66839, 28.11263],
        [77.66851, 28.11237],
        [77.66864, 28.1122],
        [77.66878, 28.11204],
        [77.66894, 28.11189],
        [77.66911, 28.11176],
        [77.6693, 28.11159],
        [77.66942, 28.11134],
        [77.66961, 28.11122],
        [77.66986, 28.11118],
        [77.67013, 28.11129],
        [77.67034, 28.11131],
        [77.67056, 28.11127],
        [77.67076, 28.11119],
        [77.67093, 28.11106],
        [77.67112, 28.11081],
        [77.67133, 28.11058],
        [77.67155, 28.11037],
        [77.67179, 28.11016],
        [77.67204, 28.10997],
        [77.67232, 28.10978],
        [77.67259, 28.1096],
        [77.67286, 28.10943],
        [77.67314, 28.10925],
        [77.67329, 28.10896],
        [77.67337, 28.10865],
        [77.67337, 28.10845],
        [77.67335, 28.10822],
        [77.67332, 28.10799],
        [77.6733, 28.10776],
        [77.67328, 28.10753],
        [77.67318, 28.10731],
        [77.67313, 28.10708],
        [77.67313, 28.10685],
        [77.67317, 28.10662],
        [77.67333, 28.10637],
        [77.67358, 28.10613],
        [77.67369, 28.10592],
        [77.67374, 28.1057],
        [77.67373, 28.10547],
        [77.67366, 28.10525],
        [77.67364, 28.10506],
        [77.67361, 28.10487],
        [77.67357, 28.10468],
        [77.67353, 28.1045],
        [77.67347, 28.10431],
        [77.67341, 28.10413],
        [77.67335, 28.10395],
        [77.67327, 28.10377],
        [77.67319, 28.10359],
        [77.67308, 28.10341],
        [77.67297, 28.10322],
        [77.67286, 28.10304],
        [77.67276, 28.10285],
        [77.67264, 28.10262],
        [77.67303, 28.10249],
        [77.67327, 28.10249],
        [77.6735, 28.10249],
        [77.67373, 28.10249],
        [77.67396, 28.10249],
        [77.67419, 28.1025],
        [77.67442, 28.10251],
        [77.67465, 28.10252],
        [77.67488, 28.10253],
        [77.67521, 28.10257],
        [77.67555, 28.10258],
        [77.67588, 28.10257],
        [77.67622, 28.10253],
        [77.67654, 28.10247],
        [77.67687, 28.10238],
        [77.67718, 28.10228],
        [77.67748, 28.10215],
        [77.67777, 28.10199],
        [77.67857, 28.10179],
        [77.67878, 28.10177],
        [77.67906, 28.10166],
        [77.67928, 28.10146],
        [77.6795, 28.10116],
        [77.67984, 28.10097],
        [77.68007, 28.10088],
        [77.68017, 28.10071],
        [77.68015, 28.10051],
        [77.68002, 28.10034],
        [77.67979, 28.10025],
        [77.67951, 28.10008],
        [77.67936, 28.09981],
        [77.67948, 28.09953],
        [77.67966, 28.09941],
        [77.67993, 28.0992],
        [77.68017, 28.09895],
        [77.68037, 28.09869],
        [77.68054, 28.09841],
        [77.68062, 28.09823],
        [77.68072, 28.09807],
        [77.68085, 28.09792],
        [77.681, 28.09779],
        [77.6812, 28.09763],
        [77.68142, 28.09744],
        [77.68166, 28.09724],
        [77.68189, 28.09705],
        [77.68213, 28.09687],
        [77.68235, 28.09666],
        [77.6824, 28.09638],
        [77.68246, 28.09612],
        [77.68268, 28.09595],
        [77.68296, 28.0959],
        [77.68321, 28.0958],
        [77.68343, 28.09565],
        [77.68359, 28.09546],
        [77.6837, 28.09524],
        [77.68376, 28.09505],
        [77.68383, 28.09486],
        [77.68391, 28.09468],
        [77.68402, 28.0945],
        [77.68418, 28.09433],
        [77.68439, 28.09417],
        [77.68475, 28.09395],
        [77.68494, 28.09384],
        [77.68512, 28.09374],
        [77.68531, 28.09363],
        [77.6855, 28.09353],
        [77.68569, 28.09342],
        [77.68588, 28.09332],
        [77.68607, 28.09322],
        [77.68626, 28.09312],
        [77.68644, 28.09288],
        [77.68654, 28.0926],
        [77.6865, 28.09241],
        [77.68649, 28.09221],
        [77.68655, 28.09203],
        [77.68668, 28.09189],
        [77.68696, 28.09177],
        [77.68732, 28.09161],
        [77.68771, 28.09137],
        [77.688, 28.09121],
        [77.68828, 28.09105],
        [77.68856, 28.09089],
        [77.68885, 28.09073],
        [77.68905, 28.09059],
        [77.68925, 28.09044],
        [77.68945, 28.0903],
        [77.68965, 28.09016],
        [77.69017, 28.08979],
        [77.69059, 28.08949],
        [77.69102, 28.08919],
        [77.69145, 28.08889],
        [77.69188, 28.0886],
        [77.69231, 28.08831],
        [77.69274, 28.08802],
        [77.69318, 28.08773],
        [77.69362, 28.08745],
        [77.69391, 28.08738],
        [77.69419, 28.08729],
        [77.69446, 28.08717],
        [77.69471, 28.08703],
        [77.69495, 28.08686],
        [77.69518, 28.08686],
        [77.69537, 28.08707],
        [77.69542, 28.08728],
        [77.69548, 28.08747],
        [77.69556, 28.08767],
        [77.69566, 28.08786],
        [77.69588, 28.0881],
        [77.69618, 28.08795],
        [77.69645, 28.08784],
        [77.6969, 28.08782],
        [77.69711, 28.08801],
        [77.69727, 28.08816],
        [77.69741, 28.08833],
        [77.69753, 28.08852],
        [77.69766, 28.08875],
        [77.69786, 28.08882],
        [77.69805, 28.08874],
        [77.69817, 28.08856],
        [77.69835, 28.08844],
        [77.69865, 28.08862],
        [77.69876, 28.0888],
        [77.69887, 28.08897],
        [77.69898, 28.08915],
        [77.6991, 28.08932],
        [77.69921, 28.0895],
        [77.69933, 28.08967],
        [77.69945, 28.08984],
        [77.69957, 28.09001],
        [77.69974, 28.09025],
        [77.70005, 28.09039],
        [77.70038, 28.09028],
        [77.70057, 28.09017],
        [77.70075, 28.09004],
        [77.70092, 28.08992],
        [77.7011, 28.08979],
        [77.70127, 28.08965],
        [77.70144, 28.08952],
        [77.70161, 28.08938],
        [77.70177, 28.08924],
        [77.70194, 28.0891],
        [77.70214, 28.08901],
        [77.70237, 28.089],
        [77.70258, 28.08908],
        [77.70273, 28.08923],
        [77.70288, 28.0894],
        [77.70311, 28.08951],
        [77.70337, 28.08957],
        [77.70364, 28.08956],
        [77.70389, 28.08948],
        [77.70417, 28.08937],
        [77.70444, 28.08924],
        [77.70471, 28.08912],
        [77.70497, 28.08899],
        [77.70524, 28.08886],
        [77.7055, 28.08873],
        [77.70577, 28.08859],
        [77.70602, 28.08845],
        [77.70628, 28.08831],
        [77.7066, 28.08821],
        [77.70676, 28.08794],
        [77.70684, 28.0877],
        [77.70707, 28.08763],
        [77.70731, 28.08757],
        [77.70756, 28.08754],
        [77.70795, 28.08754],
        [77.70823, 28.08768],
        [77.70831, 28.08796],
        [77.70847, 28.08819],
        [77.70874, 28.08832],
        [77.709, 28.08826],
        [77.70925, 28.08817],
        [77.7095, 28.08807],
        [77.70973, 28.08795],
        [77.70993, 28.08783],
        [77.71011, 28.08773],
        [77.71029, 28.08763],
        [77.71047, 28.08752],
        [77.71064, 28.08742],
        [77.71086, 28.0873],
        [77.71108, 28.08719],
        [77.71131, 28.0871],
        [77.71155, 28.08702],
        [77.71182, 28.08696],
        [77.71214, 28.08692],
        [77.71246, 28.08694],
        [77.71277, 28.087],
        [77.71306, 28.0871],
        [77.7133, 28.08716],
        [77.71354, 28.08722],
        [77.71378, 28.08729],
        [77.71401, 28.08736],
        [77.71424, 28.08744],
        [77.71448, 28.08752],
        [77.7147, 28.0876],
        [77.71493, 28.0877],
        [77.71515, 28.08779],
        [77.71532, 28.08795],
        [77.71548, 28.08811],
        [77.71564, 28.08827],
        [77.71579, 28.08844],
        [77.71593, 28.08861],
        [77.71607, 28.08878],
        [77.71621, 28.08896],
        [77.71633, 28.08915],
        [77.71645, 28.08933],
        [77.71663, 28.08944],
        [77.71681, 28.08955],
        [77.71699, 28.08965],
        [77.71718, 28.08974],
        [77.71737, 28.08983],
        [77.71757, 28.08992],
        [77.71777, 28.09],
        [77.71796, 28.09007],
        [77.71817, 28.09014],
        [77.71841, 28.09017],
        [77.71866, 28.09021],
        [77.7189, 28.09026],
        [77.71915, 28.09031],
        [77.71939, 28.09036],
        [77.71963, 28.09042],
        [77.71987, 28.09049],
        [77.7201, 28.09056],
        [77.72033, 28.09064],
        [77.72054, 28.09076],
        [77.72078, 28.0907],
        [77.72093, 28.09049],
        [77.72103, 28.09031],
        [77.72113, 28.09013],
        [77.72122, 28.08995],
        [77.72131, 28.08976],
        [77.7216, 28.08974],
        [77.72177, 28.08994],
        [77.722, 28.09015],
        [77.72221, 28.09037],
        [77.72243, 28.09059],
        [77.72264, 28.09081],
        [77.72292, 28.09104],
        [77.72319, 28.09129],
        [77.72345, 28.09154],
        [77.7237, 28.09179],
        [77.72395, 28.09205],
        [77.7242, 28.09231],
        [77.72444, 28.09258],
        [77.72467, 28.09285],
        [77.72499, 28.09338],
        [77.72506, 28.09374],
        [77.72515, 28.09406],
        [77.72533, 28.09434],
        [77.72555, 28.09459],
        [77.7258, 28.09482],
        [77.72608, 28.09503],
        [77.7263, 28.09522],
        [77.72652, 28.09541],
        [77.72674, 28.0956],
        [77.72696, 28.09579],
        [77.72718, 28.09598],
        [77.7274, 28.09618],
        [77.72762, 28.09637],
        [77.72784, 28.09656],
        [77.72815, 28.09685],
        [77.72836, 28.09701],
        [77.72858, 28.09716],
        [77.72883, 28.09728],
        [77.7291, 28.09741],
        [77.729, 28.09768],
        [77.7287, 28.09773],
        [77.7284, 28.09781],
        [77.72817, 28.09798],
        [77.72823, 28.09824],
        [77.72837, 28.09844],
        [77.72881, 28.09847],
        [77.72905, 28.09862],
        [77.72922, 28.09877],
        [77.72935, 28.09896],
        [77.72943, 28.09917],
        [77.72946, 28.09938],
        [77.72952, 28.09964],
        [77.72958, 28.09994],
        [77.72956, 28.10025],
        [77.72947, 28.10054],
        [77.7293, 28.10081],
        [77.72912, 28.10101],
        [77.72901, 28.10123],
        [77.72898, 28.10148],
        [77.72902, 28.10172],
        [77.7291, 28.10191],
        [77.72922, 28.10217],
        [77.72936, 28.10243],
        [77.72939, 28.10269],
        [77.72919, 28.10289],
        [77.72887, 28.10304],
        [77.72857, 28.10322],
        [77.72832, 28.10341],
        [77.7283, 28.10366],
        [77.72849, 28.10385],
        [77.72868, 28.10403],
        [77.72887, 28.10421],
        [77.72889, 28.10453],
        [77.72883, 28.10485],
        [77.72871, 28.10501],
        [77.7285, 28.10521],
        [77.72849, 28.1054],
        [77.72859, 28.10558],
        [77.72873, 28.10577],
        [77.7287, 28.106],
        [77.72851, 28.10625],
        [77.72852, 28.10657],
        [77.72864, 28.10681],
        [77.72869, 28.10701],
        [77.72876, 28.1072],
        [77.72884, 28.10739],
        [77.72893, 28.10758],
        [77.72895, 28.10776],
        [77.72896, 28.10795],
        [77.72895, 28.10814],
        [77.72893, 28.10832],
        [77.72889, 28.1085],
        [77.72885, 28.10868],
        [77.72879, 28.10886],
        [77.72871, 28.10904],
        [77.72862, 28.10921],
        [77.72842, 28.10953],
        [77.72829, 28.10987],
        [77.72821, 28.11023],
        [77.72821, 28.11059],
        [77.72832, 28.11087],
        [77.72843, 28.11112],
        [77.72842, 28.11138],
        [77.72831, 28.11163],
        [77.72811, 28.11182],
        [77.72788, 28.11203],
        [77.72764, 28.11223],
        [77.72739, 28.11242],
        [77.72712, 28.11259],
        [77.72682, 28.11271],
        [77.7265, 28.11277],
        [77.72617, 28.1128],
        [77.72584, 28.1128],
        [77.72551, 28.11277],
        [77.72526, 28.11276],
        [77.72501, 28.1128],
        [77.72481, 28.11295],
        [77.72482, 28.11318],
        [77.72499, 28.11338],
        [77.72518, 28.11359],
        [77.72537, 28.11379],
        [77.72557, 28.11399],
        [77.72577, 28.11418],
        [77.72596, 28.11446],
        [77.72615, 28.11475],
        [77.72634, 28.11504],
        [77.72652, 28.11532],
        [77.7266, 28.11562],
        [77.72684, 28.11579],
        [77.72714, 28.11564],
        [77.7276, 28.11559],
        [77.72784, 28.11568],
        [77.72806, 28.11579],
        [77.72827, 28.11594],
        [77.72845, 28.11611],
        [77.72867, 28.11623],
        [77.72889, 28.11636],
        [77.72911, 28.11648],
        [77.72933, 28.11661],
        [77.72955, 28.11674],
        [77.72977, 28.11688],
        [77.72998, 28.11701],
        [77.7302, 28.11714],
        [77.7305, 28.1173],
        [77.73084, 28.11745],
        [77.73113, 28.11767],
        [77.73133, 28.11777],
        [77.73153, 28.11789],
        [77.73171, 28.11802],
        [77.73189, 28.11816],
        [77.73208, 28.11832],
        [77.73211, 28.11858],
        [77.73192, 28.11876],
        [77.73172, 28.11884],
        [77.73142, 28.11906],
        [77.73162, 28.11929],
        [77.73181, 28.11953],
        [77.73199, 28.11976],
        [77.73217, 28.12001],
        [77.73233, 28.12023],
        [77.73245, 28.12044],
        [77.73256, 28.12066],
        [77.73265, 28.12088],
        [77.73273, 28.12111],
        [77.73276, 28.12135],
        [77.7328, 28.12152],
        [77.73286, 28.12172],
        [77.73294, 28.12192],
        [77.73304, 28.1221],
        [77.73315, 28.12228],
        [77.73328, 28.12246],
        [77.73342, 28.12262],
        [77.73358, 28.12277],
        [77.73373, 28.12293],
        [77.73387, 28.12309],
        [77.73399, 28.12326],
        [77.7341, 28.12344],
        [77.73419, 28.12363],
        [77.73427, 28.12382],
        [77.73433, 28.12402],
        [77.73437, 28.12422],
        [77.73439, 28.12442],
        [77.73454, 28.12469],
        [77.73466, 28.12498],
        [77.73475, 28.12528],
        [77.7348, 28.12558],
        [77.73482, 28.12589],
        [77.7348, 28.1262],
        [77.73475, 28.1265],
        [77.73466, 28.1268],
        [77.73454, 28.12708],
        [77.73438, 28.12725],
        [77.73422, 28.12741],
        [77.73405, 28.12757],
        [77.73388, 28.12772],
        [77.7337, 28.12787],
        [77.73351, 28.12801],
        [77.73333, 28.12814],
        [77.73313, 28.12828],
        [77.73293, 28.1284],
        [77.73269, 28.12866],
        [77.73243, 28.12889],
        [77.73214, 28.12912],
        [77.73184, 28.12932],
        [77.7316, 28.12946],
        [77.73142, 28.12969],
        [77.73138, 28.12996],
        [77.73144, 28.13013],
        [77.73162, 28.13033],
        [77.7318, 28.13052],
        [77.73199, 28.13071],
        [77.73218, 28.13091],
        [77.73237, 28.13109],
        [77.73256, 28.13128],
        [77.73275, 28.13147],
        [77.73295, 28.13165],
        [77.73315, 28.13183],
        [77.73334, 28.13191],
        [77.73352, 28.132],
        [77.73371, 28.13209],
        [77.73389, 28.13219],
        [77.73406, 28.13229],
        [77.73424, 28.13239],
        [77.73441, 28.13251],
        [77.73457, 28.13262],
        [77.73493, 28.13278],
        [77.7353, 28.13291],
        [77.73565, 28.13308],
        [77.73596, 28.13331],
        [77.73622, 28.13357],
        [77.73646, 28.1336],
        [77.73669, 28.13359],
        [77.7372, 28.13366],
        [77.73745, 28.13381],
        [77.73769, 28.13396],
        [77.73794, 28.13411],
        [77.73817, 28.13428],
        [77.7384, 28.13445],
        [77.73863, 28.13462],
        [77.73884, 28.1348],
        [77.73905, 28.13499],
        [77.73926, 28.13518],
        [77.73943, 28.13534],
        [77.73961, 28.13548],
        [77.7398, 28.13561],
        [77.73999, 28.13574],
        [77.74019, 28.13586],
        [77.7404, 28.13597],
        [77.74061, 28.13608],
        [77.74082, 28.13617],
        [77.74112, 28.13632],
        [77.74146, 28.13649],
        [77.74184, 28.13656],
        [77.74212, 28.13675],
        [77.74192, 28.13692],
        [77.74175, 28.13712],
        [77.74177, 28.13737],
        [77.7419, 28.13771],
        [77.74197, 28.13789],
        [77.74212, 28.13823],
        [77.74229, 28.13856],
        [77.74247, 28.1389],
        [77.74266, 28.1391],
        [77.74285, 28.1393],
        [77.74304, 28.1395],
        [77.74322, 28.1397],
        [77.74341, 28.13991],
        [77.74359, 28.14011],
        [77.74377, 28.14032],
        [77.74395, 28.14052],
        [77.74413, 28.14073],
        [77.74441, 28.14096],
        [77.74445, 28.14129],
        [77.74425, 28.14142],
        [77.74391, 28.14146],
        [77.7438, 28.14166],
        [77.74395, 28.14191],
        [77.74415, 28.14218],
        [77.74435, 28.14245],
        [77.74438, 28.14274],
        [77.74426, 28.14302],
        [77.74416, 28.14324],
        [77.7441, 28.14347],
        [77.74408, 28.14371],
        [77.74411, 28.14395],
        [77.74422, 28.14423],
        [77.74437, 28.14456],
        [77.74451, 28.14489],
        [77.74465, 28.14522],
        [77.74478, 28.14556],
        [77.74494, 28.14575],
        [77.74503, 28.14597],
        [77.74503, 28.14621],
        [77.74496, 28.14644],
        [77.74479, 28.14659],
        [77.74462, 28.14674],
        [77.74452, 28.14694],
        [77.74452, 28.14715],
        [77.7446, 28.14735],
        [77.74477, 28.14751],
        [77.74497, 28.14764],
        [77.74516, 28.14781],
        [77.74515, 28.14806],
        [77.74499, 28.1483],
        [77.74482, 28.14857],
        [77.74465, 28.14884],
        [77.7445, 28.14912],
        [77.74435, 28.1494],
        [77.74425, 28.14957],
        [77.74414, 28.14975],
        [77.74403, 28.14992],
        [77.74392, 28.15009],
        [77.74381, 28.15027],
        [77.74369, 28.15043],
        [77.74357, 28.1506],
        [77.74345, 28.15077],
        [77.74329, 28.151],
        [77.74323, 28.1513],
        [77.74332, 28.1516],
        [77.74349, 28.1519],
        [77.74367, 28.15219],
        [77.74387, 28.15247],
        [77.74409, 28.15275],
        [77.74432, 28.15301],
        [77.74456, 28.15327],
        [77.74481, 28.15352],
        [77.74508, 28.15375],
        [77.74548, 28.15409],
        [77.74574, 28.15431],
        [77.74602, 28.15453],
        [77.7463, 28.15473],
        [77.74659, 28.15492],
        [77.74683, 28.15508],
        [77.74724, 28.15537],
        [77.74806, 28.15602],
        [77.74854, 28.15646],
        [77.74875, 28.15669],
        [77.74899, 28.15696],
        [77.74916, 28.15715],
        [77.74947, 28.15738],
        [77.74977, 28.15761],
        [77.75008, 28.15784],
        [77.75039, 28.15807],
        [77.75071, 28.15829],
        [77.75103, 28.1585],
        [77.75135, 28.15872],
        [77.7515, 28.15886],
        [77.75166, 28.159],
        [77.75183, 28.15912],
        [77.75201, 28.15923],
        [77.7522, 28.15933],
        [77.7524, 28.15942],
        [77.75261, 28.1595],
        [77.75282, 28.15956],
        [77.75303, 28.15961],
        [77.75322, 28.15982],
        [77.75338, 28.16004],
        [77.75349, 28.16029],
        [77.75355, 28.16055],
        [77.7536, 28.16074],
        [77.75379, 28.16085],
        [77.75414, 28.16074],
        [77.75453, 28.16034],
        [77.75517, 28.15997],
        [77.75662, 28.15977],
        [77.76001, 28.15955],
        [77.76034, 28.1594],
        [77.76034, 28.15912],
        [77.75972, 28.15821],
        [77.75965, 28.15793],
        [77.75975, 28.1576],
        [77.76134, 28.15415],
        [77.7614, 28.15397],
        [77.76148, 28.1538],
        [77.76159, 28.15364],
        [77.76172, 28.15349],
        [77.76194, 28.15334],
        [77.76176, 28.15316],
        [77.76172, 28.15293],
        [77.7614, 28.15278],
        [77.76104, 28.15271],
        [77.76082, 28.15258],
        [77.76071, 28.15237],
        [77.76078, 28.15219],
        [77.76091, 28.15196],
        [77.76105, 28.15172],
        [77.76119, 28.15148],
        [77.76132, 28.15124],
        [77.76132, 28.15095],
        [77.76124, 28.15067],
        [77.76123, 28.1504],
        [77.76147, 28.15034],
        [77.7617, 28.15029],
        [77.76201, 28.15024],
        [77.76223, 28.15009],
        [77.76239, 28.14989],
        [77.76247, 28.14965],
        [77.76246, 28.1494],
        [77.76248, 28.14918],
        [77.76247, 28.14895],
        [77.76243, 28.14872],
        [77.76236, 28.1485],
        [77.76229, 28.14825],
        [77.76242, 28.14798],
        [77.7642, 28.14675],
        [77.76544, 28.14638],
        [77.76565, 28.14618],
        [77.76568, 28.14592],
        [77.76582, 28.14577],
        [77.76605, 28.14567],
        [77.76626, 28.14553],
        [77.7662, 28.14528],
        [77.76595, 28.14516],
        [77.76593, 28.1449],
        [77.76615, 28.14473],
        [77.76636, 28.14463],
        [77.76652, 28.14449],
        [77.76663, 28.14431],
        [77.76667, 28.14411],
        [77.76663, 28.1439],
        [77.76645, 28.14373],
        [77.76622, 28.14361],
        [77.76629, 28.14331],
        [77.76662, 28.14318],
        [77.76678, 28.14298],
        [77.76682, 28.14274],
        [77.7663, 28.14171],
        [77.76646, 28.14144],
        [77.76671, 28.14122],
        [77.76883, 28.13938],
        [77.76944, 28.13879],
        [77.77032, 28.13752],
        [77.77047, 28.13738],
        [77.77063, 28.13726],
        [77.77081, 28.13718],
        [77.77101, 28.13711],
        [77.77244, 28.13683],
        [77.77293, 28.13685],
        [77.7732, 28.13711],
        [77.77558, 28.14022],
        [77.77576, 28.14036],
        [77.77605, 28.14054],
        [77.77625, 28.14075],
        [77.77653, 28.14056],
        [77.77697, 28.14076],
        [77.77762, 28.1421],
        [77.7777, 28.1424],
        [77.77784, 28.14269],
        [77.77803, 28.14295],
        [77.77826, 28.14317],
        [77.77843, 28.14331],
        [77.77852, 28.14348],
        [77.77853, 28.14367],
        [77.77849, 28.14452],
        [77.7785, 28.14493],
        [77.77858, 28.14512],
        [77.77869, 28.14531],
        [77.77882, 28.14548],
        [77.77898, 28.14563],
        [77.77915, 28.14577],
        [77.77934, 28.14589],
        [77.77954, 28.14599],
        [77.77976, 28.14607],
        [77.78276, 28.14799],
        [77.78445, 28.14848],
        [77.78464, 28.14856],
        [77.78484, 28.14863],
        [77.78505, 28.14866],
        [77.78527, 28.14867],
        [77.78548, 28.14866],
        [77.78569, 28.14862],
        [77.78589, 28.14855],
        [77.78608, 28.14847],
        [77.78626, 28.14836],
        [77.78814, 28.14751],
        [77.79162, 28.14609],
        [77.79265, 28.14589],
        [77.79295, 28.14582],
        [77.79325, 28.1458],
        [77.79369, 28.14584],
        [77.79398, 28.14592],
        [77.79597, 28.14644],
        [77.79898, 28.14718],
        [77.80073, 28.14765],
        [77.80095, 28.14763],
        [77.80117, 28.14757],
        [77.80136, 28.14748],
        [77.80154, 28.14735],
        [77.80174, 28.14724],
        [77.80201, 28.14719],
        [77.80229, 28.14718],
        [77.80256, 28.14722],
        [77.80282, 28.14732],
        [77.80302, 28.14736],
        [77.80322, 28.1474],
        [77.80342, 28.14745],
        [77.80363, 28.14749],
        [77.80383, 28.14754],
        [77.80403, 28.1476],
        [77.80423, 28.14765],
        [77.80443, 28.1477],
        [77.80462, 28.14776],
        [77.80505, 28.14778],
        [77.80548, 28.14779],
        [77.8059, 28.14779],
        [77.80633, 28.14779],
        [77.80676, 28.14778],
        [77.80718, 28.14777],
        [77.80761, 28.14774],
        [77.80804, 28.14771],
        [77.80858, 28.14771],
        [77.8088, 28.14784],
        [77.80894, 28.14802],
        [77.809, 28.14825],
        [77.80897, 28.14847],
        [77.80893, 28.14882],
        [77.8089, 28.14918],
        [77.80886, 28.14953],
        [77.80882, 28.14988],
        [77.80879, 28.15012],
        [77.80882, 28.1504],
        [77.80894, 28.15065],
        [77.80911, 28.15087],
        [77.80929, 28.15108],
        [77.80948, 28.15128],
        [77.80967, 28.15149],
        [77.80983, 28.15165],
        [77.80998, 28.15195],
        [77.80996, 28.15228],
        [77.80887, 28.15432],
        [77.80801, 28.15641],
        [77.80765, 28.1573],
        [77.80704, 28.15837],
        [77.80692, 28.15855],
        [77.80565, 28.1605],
        [77.80452, 28.16214],
        [77.80452, 28.16239],
        [77.80476, 28.16252],
        [77.8054, 28.16262],
        [77.80825, 28.16359],
        [77.80849, 28.1637],
        [77.80885, 28.16375],
        [77.81094, 28.16362],
        [77.81146, 28.16367],
        [77.8126, 28.16412],
        [77.81638, 28.16544],
        [77.81726, 28.16585],
        [77.8174, 28.16602],
        [77.81753, 28.1662],
        [77.81764, 28.16639],
        [77.81774, 28.16658],
        [77.81851, 28.16738],
        [77.81872, 28.16752],
        [77.81898, 28.16757],
        [77.81917, 28.16745],
        [77.81933, 28.16729],
        [77.81944, 28.16711],
        [77.8195, 28.16691],
        [77.81962, 28.16676],
        [77.81992, 28.1669],
        [77.82005, 28.16716],
        [77.82028, 28.16739],
        [77.82055, 28.1675],
        [77.82081, 28.16747],
        [77.82116, 28.16728],
        [77.82133, 28.16716],
        [77.8215, 28.16704],
        [77.82167, 28.16691],
        [77.82183, 28.16678],
        [77.82199, 28.16664],
        [77.82214, 28.1665],
        [77.82229, 28.16636],
        [77.82243, 28.16622],
        [77.82275, 28.166],
        [77.82323, 28.16603],
        [77.82344, 28.16614],
        [77.82353, 28.16634],
        [77.82353, 28.16654],
        [77.82343, 28.16672],
        [77.82325, 28.16685],
        [77.82309, 28.16698],
        [77.82295, 28.16714],
        [77.82285, 28.16731],
        [77.82276, 28.16752],
        [77.82276, 28.16775],
        [77.82288, 28.168],
        [77.82307, 28.16822],
        [77.82315, 28.1684],
        [77.82305, 28.16866],
        [77.82303, 28.16893],
        [77.82313, 28.16912],
        [77.82333, 28.16928],
        [77.82341, 28.16946],
        [77.8233, 28.16969],
        [77.82331, 28.16989],
        [77.82341, 28.17007],
        [77.82383, 28.1707],
        [77.82379, 28.17095],
        [77.82452, 28.17177],
        [77.82475, 28.17191],
        [77.82501, 28.172],
        [77.82528, 28.17203],
        [77.82556, 28.17199],
        [77.82774, 28.17149],
        [77.82794, 28.17139],
        [77.82804, 28.17121],
        [77.82812, 28.171],
        [77.82833, 28.17087],
        [77.82858, 28.17084],
        [77.82883, 28.1708],
        [77.82908, 28.17077],
        [77.82934, 28.17075],
        [77.82968, 28.17077],
        [77.83005, 28.17086],
        [77.83042, 28.17097],
        [77.83085, 28.17134],
        [77.83211, 28.17241],
        [77.83443, 28.17352],
        [77.83538, 28.17403],
        [77.83601, 28.17454],
        [77.83711, 28.17546],
        [77.83725, 28.17574],
        [77.83726, 28.17604],
        [77.83737, 28.17631],
        [77.83751, 28.17657],
        [77.83799, 28.17711],
        [77.83898, 28.17797],
        [77.83955, 28.17888],
        [77.83969, 28.17917],
        [77.83995, 28.17936],
        [77.84108, 28.17856],
        [77.84157, 28.17813],
        [77.84299, 28.1768],
        [77.84294, 28.17659],
        [77.84523, 28.17433],
        [77.84679, 28.1726],
        [77.84724, 28.17202],
        [77.84726, 28.17171],
        [77.84697, 28.17155],
        [77.8467, 28.17144],
        [77.84653, 28.17132],
        [77.84638, 28.17119],
        [77.84624, 28.17104],
        [77.84611, 28.17089],
        [77.84599, 28.17073],
        [77.84589, 28.17056],
        [77.84581, 28.17038],
        [77.84574, 28.1702],
        [77.84535, 28.16953],
        [77.84426, 28.16815],
        [77.84385, 28.16776],
        [77.84363, 28.16749],
        [77.84363, 28.16728],
        [77.84327, 28.16712],
        [77.84313, 28.16691],
        [77.84312, 28.1667],
        [77.84311, 28.16648],
        [77.84312, 28.16626],
        [77.84315, 28.16605],
        [77.84322, 28.16579],
        [77.84323, 28.16551],
        [77.84316, 28.16528],
        [77.84302, 28.16508],
        [77.84283, 28.1649],
        [77.84264, 28.16475],
        [77.84253, 28.16454],
        [77.8425, 28.16431],
        [77.84254, 28.16408],
        [77.84266, 28.16388],
        [77.84281, 28.16371],
        [77.84297, 28.16354],
        [77.84312, 28.16337],
        [77.84328, 28.1632],
        [77.84345, 28.16304],
        [77.84362, 28.16288],
        [77.84379, 28.16272],
        [77.84397, 28.16257],
        [77.84415, 28.16242],
        [77.84433, 28.16225],
        [77.84454, 28.16211],
        [77.84477, 28.162],
        [77.84502, 28.16193],
        [77.8453, 28.16184],
        [77.84546, 28.16162],
        [77.84565, 28.16134],
        [77.84588, 28.16109],
        [77.8461, 28.1609],
        [77.84634, 28.16073],
        [77.84658, 28.16057],
        [77.84684, 28.16042],
        [77.8471, 28.16028],
        [77.84737, 28.16015],
        [77.84765, 28.16004],
        [77.84793, 28.15994],
        [77.84822, 28.15985],
        [77.84844, 28.15967],
        [77.84864, 28.15948],
        [77.8492, 28.15772],
        [77.84936, 28.15693],
        [77.84941, 28.15661],
        [77.84939, 28.15629],
        [77.8493, 28.15597],
        [77.84915, 28.15567],
        [77.84747, 28.15343],
        [77.84681, 28.15247],
        [77.84579, 28.15143],
        [77.84547, 28.15121],
        [77.84534, 28.15103],
        [77.8452, 28.15086],
        [77.84504, 28.1507],
        [77.84487, 28.15055],
        [77.84406, 28.14991],
        [77.84307, 28.14927],
        [77.8422, 28.14888],
        [77.84191, 28.14865],
        [77.84166, 28.14827],
        [77.8413, 28.14714],
        [77.84124, 28.14634],
        [77.8411, 28.14607],
        [77.84091, 28.14581],
        [77.84014, 28.14506],
        [77.83947, 28.14428],
        [77.83921, 28.14384],
        [77.8389, 28.14258],
        [77.83886, 28.14237],
        [77.83893, 28.14217],
        [77.83914, 28.14203],
        [77.83932, 28.14193],
        [77.83949, 28.14183],
        [77.83966, 28.14172],
        [77.83981, 28.14159],
        [77.84011, 28.14133],
        [77.84024, 28.14119],
        [77.84037, 28.14105],
        [77.84155, 28.13897],
        [77.84187, 28.13848],
        [77.84223, 28.13844],
        [77.84242, 28.13838],
        [77.84295, 28.13801],
        [77.84332, 28.13766],
        [77.84381, 28.13707],
        [77.84426, 28.13705],
        [77.84451, 28.13711],
        [77.84474, 28.13718],
        [77.84502, 28.13701],
        [77.84573, 28.13595],
        [77.84599, 28.1359],
        [77.84619, 28.13595],
        [77.84639, 28.13602],
        [77.84658, 28.1361],
        [77.84683, 28.13621],
        [77.84713, 28.13612],
        [77.84727, 28.13587],
        [77.8474, 28.13573],
        [77.84764, 28.13582],
        [77.84915, 28.1372],
        [77.84918, 28.13754],
        [77.84933, 28.13778],
        [77.85074, 28.13883],
        [77.85147, 28.13921],
        [77.85175, 28.13934],
        [77.85206, 28.13942],
        [77.85227, 28.13945],
        [77.85248, 28.13957],
        [77.8528, 28.13997],
        [77.85335, 28.14117],
        [77.85357, 28.14163],
        [77.85372, 28.14178],
        [77.85393, 28.14185],
        [77.85478, 28.14172],
        [77.85728, 28.14116],
        [77.8614, 28.14028],
        [77.8616, 28.14018],
        [77.86182, 28.14012],
        [77.86204, 28.14009],
        [77.86227, 28.14009],
        [77.86256, 28.14028],
        [77.8627, 28.14056],
        [77.86281, 28.14077],
        [77.86312, 28.14074],
        [77.86345, 28.14072],
        [77.86376, 28.14067],
        [77.86503, 28.13951],
        [77.8671, 28.13746],
        [77.86882, 28.13579],
        [77.8688, 28.1356],
        [77.86869, 28.13544],
        [77.86863, 28.13515],
        [77.86953, 28.13332],
        [77.87104, 28.13122],
        [77.87246, 28.12925],
        [77.87284, 28.12856],
        [77.87294, 28.12837],
        [77.87308, 28.12819],
        [77.87326, 28.12806],
        [77.87347, 28.12796],
        [77.87551, 28.1271],
        [77.87662, 28.1266],
        [77.87961, 28.12537],
        [77.88154, 28.12388],
        [77.88175, 28.12396],
        [77.88184, 28.12417],
        [77.88289, 28.12401],
        [77.8831, 28.12391],
        [77.8833, 28.1238],
        [77.88348, 28.12367],
        [77.88363, 28.12354],
        [77.8757, 28.11898],
        [77.87484, 28.11851],
        [77.87456, 28.11766],
        [77.87385, 28.11595],
        [77.87366, 28.11575],
        [77.87338, 28.11571],
        [77.87305, 28.11571],
        [77.87277, 28.11566],
        [77.87249, 28.11545],
        [77.87241, 28.11522],
        [77.87216, 28.11381],
        [77.87181, 28.11351],
        [77.87149, 28.11347],
        [77.87115, 28.11347],
        [77.87074, 28.11355],
        [77.87036, 28.1137],
        [77.87002, 28.11385],
        [77.86929, 28.11385],
        [77.86892, 28.11382],
        [77.86843, 28.11367],
        [77.868, 28.11367],
        [77.86783, 28.11375],
        [77.86736, 28.11387],
        [77.86666, 28.11395],
        [77.86641, 28.11414],
        [77.86631, 28.11432],
        [77.86627, 28.11443],
        [77.86614, 28.11489],
        [77.86598, 28.11589],
        [77.86643, 28.11682],
        [77.86663, 28.11716],
        [77.86659, 28.11746],
        [77.86644, 28.11783],
        [77.86613, 28.11824],
        [77.8658, 28.11857],
        [77.86545, 28.11875],
        [77.86486, 28.11878],
        [77.8638, 28.11875],
        [77.86322, 28.11838],
        [77.86235, 28.11758],
        [77.86183, 28.11711],
        [77.86177, 28.11685],
        [77.86188, 28.11663],
        [77.86219, 28.11641],
        [77.86251, 28.11596],
        [77.86286, 28.11529],
        [77.86302, 28.11459],
        [77.86303, 28.11378],
        [77.8628, 28.11323],
        [77.86231, 28.11276],
        [77.8618, 28.11255],
        [77.86098, 28.11155],
        [77.86071, 28.11124],
        [77.86038, 28.11086],
        [77.85926, 28.1103],
        [77.85733, 28.10978],
        [77.85689, 28.1098],
        [77.85664, 28.10984],
        [77.85641, 28.10999],
        [77.85622, 28.11],
        [77.85608, 28.10992],
        [77.85577, 28.10956],
        [77.85508, 28.1091],
        [77.85449, 28.10885],
        [77.85422, 28.10871],
        [77.85354, 28.10873],
        [77.85284, 28.10893],
        [77.85292, 28.1083],
        [77.85279, 28.10752],
        [77.85162, 28.10618],
        [77.85046, 28.10443],
        [77.84806, 28.10241],
        [77.84723, 28.10165],
        [77.84692, 28.1011],
        [77.84644, 28.10026],
        [77.84536, 28.09955],
        [77.84511, 28.09906],
        [77.84481, 28.09864],
        [77.84459, 28.09818],
        [77.84454, 28.0975],
        [77.8446, 28.097],
        [77.84501, 28.0961],
        [77.84546, 28.09545],
        [77.84577, 28.09458],
        [77.84608, 28.09361],
        [77.84638, 28.0931],
        [77.84667, 28.09267],
        [77.84715, 28.09233],
        [77.8477, 28.09214],
        [77.84822, 28.09198],
        [77.8492, 28.09197],
        [77.85059, 28.09219],
        [77.85119, 28.09228],
        [77.85193, 28.09218],
        [77.85249, 28.09192],
        [77.85306, 28.09166],
        [77.85329, 28.09154],
        [77.85427, 28.09141],
        [77.85482, 28.09143],
        [77.85519, 28.09142],
        [77.85556, 28.09134],
        [77.85585, 28.09108],
        [77.85599, 28.09083],
        [77.85628, 28.09054],
        [77.85655, 28.09042],
        [77.85684, 28.09027],
        [77.85703, 28.09005],
        [77.85717, 28.08976],
        [77.85731, 28.08951],
        [77.85745, 28.08943],
        [77.85773, 28.08928],
        [77.85801, 28.0891],
        [77.85811, 28.08888],
        [77.85834, 28.08855],
        [77.85863, 28.08833],
        [77.85913, 28.08818],
        [77.85946, 28.08802],
        [77.8596, 28.08781],
        [77.8597, 28.08748],
        [77.85998, 28.08694],
        [77.86054, 28.08667],
        [77.86142, 28.08647],
        [77.86211, 28.08617],
        [77.86253, 28.08587],
        [77.86309, 28.08568],
        [77.86374, 28.08559],
        [77.86438, 28.08536],
        [77.86467, 28.08511],
        [77.86504, 28.08474],
        [77.86536, 28.08448],
        [77.86596, 28.08436],
        [77.86652, 28.08438],
        [77.86725, 28.08454],
        [77.86776, 28.08467],
        [77.86827, 28.08473],
        [77.86942, 28.08474],
        [77.87035, 28.08458],
        [77.87066, 28.08446],
        [77.871, 28.08434],
        [77.87114, 28.08406],
        [77.87101, 28.08295],
        [77.87068, 28.08239],
        [77.8705, 28.08214],
        [77.87051, 28.08203],
        [77.87064, 28.08182],
        [77.87083, 28.08174],
        [77.8711, 28.0817],
        [77.87138, 28.08169],
        [77.87193, 28.08172],
        [77.87225, 28.08174],
        [77.87301, 28.08175],
        [77.87324, 28.08175],
        [77.87347, 28.0816],
        [77.87347, 28.08135],
        [77.87347, 28.08121],
        [77.87361, 28.08106],
        [77.87389, 28.08095],
        [77.87398, 28.08094],
        [77.87417, 28.0809],
        [77.87444, 28.08072],
        [77.87459, 28.08054],
        [77.87463, 28.08035],
        [77.87426, 28.08004],
        [77.87284, 28.0795],
        [77.87197, 28.07942],
        [77.87165, 28.07928],
        [77.87152, 28.07921],
        [77.87133, 28.07911],
        [77.8711, 28.07876],
        [77.87066, 28.07798],
        [77.87066, 28.07755],
        [77.87099, 28.0768],
        [77.87113, 28.07643],
        [77.87113, 28.07615],
        [77.87095, 28.07565],
        [77.87087, 28.07502],
        [77.87087, 28.0746],
        [77.87097, 28.07424],
        [77.87097, 28.07392],
        [77.87075, 28.07349],
        [77.87039, 28.07314],
        [77.86985, 28.07294],
        [77.86967, 28.07273],
        [77.86963, 28.07241],
        [77.86963, 28.07209],
        [77.86955, 28.07182],
        [77.86922, 28.07166],
        [77.8691, 28.07161],
        [77.86869, 28.07147],
        [77.86846, 28.07119],
        [77.8682, 28.07078],
        [77.86812, 28.07014],
        [77.86809, 28.06958],
        [77.86824, 28.06912],
        [77.86848, 28.06873],
        [77.86876, 28.06844],
        [77.86909, 28.06808],
        [77.86946, 28.06773],
        [77.86956, 28.06748],
        [77.86961, 28.06713],
        [77.86962, 28.06688],
        [77.86976, 28.06674],
        [77.87013, 28.0666],
        [77.87018, 28.06638],
        [77.8699, 28.06599],
        [77.86934, 28.06552],
        [77.86875, 28.06518],
        [77.86776, 28.06432],
        [77.86755, 28.06397],
        [77.8675, 28.0638],
        [77.86756, 28.06345],
        [77.86756, 28.06323],
        [77.86734, 28.06299],
        [77.86633, 28.06254],
        [77.86566, 28.06231],
        [77.86538, 28.0622],
        [77.86516, 28.06214],
        [77.86488, 28.06211],
        [77.86302, 28.06199],
        [77.8618, 28.06194],
        [77.86107, 28.06184],
        [77.86057, 28.06184],
        [77.86003, 28.06168],
        [77.85963, 28.06144],
        [77.85905, 28.06092],
        [77.85847, 28.0603],
        [77.85798, 28.05999],
        [77.85735, 28.0595],
        [77.85532, 28.05883],
        [77.85583, 28.05829],
        [77.85594, 28.0581],
        [77.85618, 28.05769],
        [77.85626, 28.05724],
        [77.85623, 28.057],
        [77.85607, 28.05666],
        [77.85583, 28.05645],
        [77.85552, 28.05632],
        [77.85528, 28.05614],
        [77.85525, 28.05606],
        [77.85522, 28.05579],
        [77.85531, 28.05484],
        [77.85488, 28.05404],
        [77.85437, 28.05357],
        [77.8537, 28.05316],
        [77.85325, 28.05292],
        [77.85291, 28.05276],
        [77.85261, 28.05269],
        [77.8511, 28.05241],
        [77.85031, 28.05229],
        [77.84897, 28.04858],
        [77.8457, 28.04337],
        [77.84533, 28.04315],
        [77.84675, 28.04225],
        [77.84807, 28.04149],
        [77.84856, 28.04098],
        [77.85001, 28.03995],
        [77.85095, 28.03927],
        [77.85215, 28.03867],
        [77.85401, 28.03801],
        [77.85521, 28.0376],
        [77.85792, 28.03699],
        [77.85912, 28.03677],
        [77.85977, 28.03655],
        [77.86005, 28.03636],
        [77.86026, 28.03628],
        [77.86043, 28.03595],
        [77.86061, 28.03552],
        [77.86096, 28.03487],
        [77.8612, 28.03425],
        [77.86127, 28.03368],
        [77.86155, 28.033],
        [77.86224, 28.03202],
        [77.86324, 28.03153],
        [77.86472, 28.03081],
        [77.86408, 28.03066],
        [77.86371, 28.03036],
        [77.86333, 28.02922],
        [77.86324, 28.02839],
        [77.86316, 28.02779],
        [77.86221, 28.02688],
        [77.86165, 28.02635],
        [77.86127, 28.02598],
        [77.86109, 28.02567],
        [77.8611, 28.02506],
        [77.8611, 28.02451],
        [77.86111, 28.02415],
        [77.86111, 28.02339],
        [77.86084, 28.02248],
        [77.85823, 28.01853],
        [77.85757, 28.01816],
        [77.85664, 28.01664],
        [77.85561, 28.01543],
        [77.85432, 28.01299],
        [77.85319, 28.01171],
        [77.85292, 28.01125],
        [77.851, 28.01009],
        [77.85109, 28.00971],
        [77.8511, 28.00914],
        [77.85111, 28.00831],
        [77.85127, 28.00761],
        [77.85152, 28.00691],
        [77.85184, 28.00652],
        [77.85224, 28.0062],
        [77.85335, 28.00561],
        [77.85452, 28.0054],
        [77.855, 28.00527],
        [77.85563, 28.00507],
        [77.85634, 28.00487],
        [77.85705, 28.00467],
        [77.858, 28.00421],
        [77.85903, 28.00343],
        [77.85959, 28.00302],
        [77.86035, 28.00269],
        [77.86146, 28.00242],
        [77.86287, 28.0024],
        [77.86381, 28.00226],
        [77.86452, 28.002],
        [77.86594, 28.00134],
        [77.868, 27.9999],
        [77.86887, 27.99957],
        [77.86942, 27.99943],
        [77.87029, 27.99936],
        [77.87138, 27.99954],
        [77.8756, 28.00025],
        [77.87661, 28.00043],
        [77.8774, 28.00036],
        [77.8778, 28.00009],
        [77.87801, 27.99997],
        [77.87835, 27.99977],
        [77.87867, 27.99944],
        [77.87986, 27.99807],
        [77.88283, 27.99287],
        [77.88331, 27.99208],
        [77.88363, 27.99162],
        [77.88396, 27.99071],
        [77.88421, 27.98941],
        [77.88435, 27.98565],
        [77.88444, 27.98519],
        [77.8846, 27.98493],
        [77.88472, 27.98487],
        [77.88523, 27.9846],
        [77.88789, 27.9841],
        [77.88874, 27.98422],
        [77.88907, 27.98427],
        [77.88969, 27.98439],
        [77.89023, 27.98471],
        [77.89123, 27.98534],
        [77.89162, 27.98573],
        [77.89247, 27.9863],
        [77.89317, 27.98648],
        [77.89457, 27.98666],
        [77.8962, 27.98696],
        [77.89799, 27.98739],
        [77.89923, 27.98769],
        [77.90063, 27.98833],
        [77.90148, 27.98877],
        [77.90217, 27.98909],
        [77.90326, 27.98933],
        [77.90435, 27.98952],
        [77.90513, 27.9897],
        [77.90613, 27.99001],
        [77.9073, 27.99072],
        [77.909, 27.99226],
        [77.90948, 27.99269],
        [77.91145, 27.99446],
        [77.91221, 27.9953],
        [77.91274, 27.99615],
        [77.91402, 27.99862],
        [77.91459, 27.9996],
        [77.91527, 28.00057],
        [77.9156, 28.00089],
        [77.91573, 28.00103],
        [77.91659, 28.00135],
        [77.91722, 28.00134],
        [77.91769, 28.00121],
        [77.91832, 28.00101],
        [77.91872, 28.00068],
        [77.91912, 28.00042],
        [77.91936, 28.00015],
        [77.91976, 27.99996],
        [77.92008, 27.99989],
        [77.92071, 27.99995],
        [77.92094, 28.00008],
        [77.92125, 28.00041],
        [77.92178, 28.00092],
        [77.92217, 28.00125],
        [77.92248, 28.00151],
        [77.92303, 28.00151],
        [77.92335, 28.00131],
        [77.9236, 28.00092],
        [77.92377, 28.00046],
        [77.92387, 27.9998],
        [77.92389, 27.99902],
        [77.92378, 27.99853],
        [77.92375, 27.99836],
        [77.92331, 27.99692],
        [77.92318, 27.99607],
        [77.92305, 27.99503],
        [77.92308, 27.99398],
        [77.92335, 27.9928],
        [77.92369, 27.99194],
        [77.92443, 27.99101],
        [77.92525, 27.99035],
        [77.92622, 27.98968],
        [77.92719, 27.98934],
        [77.9275, 27.98928],
        [77.92847, 27.98907],
        [77.93007, 27.98893],
        [77.93239, 27.98897],
        [77.93399, 27.98903],
        [77.93536, 27.98888],
        [77.93591, 27.98878],
        [77.93649, 27.98868],
        [77.93787, 27.98821],
        [77.93926, 27.98753],
        [77.94116, 27.98633],
        [77.94234, 27.9851],
        [77.94267, 27.9846],
        [77.94277, 27.98413],
        [77.94286, 27.98373],
        [77.94296, 27.98333],
        [77.94294, 27.98323],
        [77.94289, 27.98294],
        [77.94266, 27.98261],
        [77.94227, 27.98228],
        [77.94203, 27.98212],
        [77.94187, 27.98202],
        [77.9414, 27.98169],
        [77.94069, 27.98137],
        [77.94037, 27.98117],
        [77.93989, 27.98091],
        [77.9395, 27.98065],
        [77.93903, 27.98035],
        [77.93879, 27.98019],
        [77.93841, 27.9794],
        [77.93843, 27.97894],
        [77.93844, 27.97848],
        [77.93839, 27.97803],
        [77.93817, 27.9773],
        [77.93656, 27.97487],
        [77.93587, 27.97388],
        [77.93541, 27.9731],
        [77.93494, 27.97264],
        [77.93432, 27.97192],
        [77.93393, 27.9714],
        [77.93371, 27.97074],
        [77.9338, 27.97027],
        [77.93408, 27.96927],
        [77.93425, 27.96887],
        [77.93428, 27.96808],
        [77.93437, 27.96755],
        [77.93447, 27.96688],
        [77.93448, 27.96642],
        [77.93442, 27.96582],
        [77.93443, 27.96549],
        [77.9346, 27.96522],
        [77.93486, 27.96482],
        [77.93519, 27.96455],
        [77.93551, 27.96448],
        [77.93608, 27.9644],
        [77.93632, 27.96447],
        [77.9364, 27.96452],
        [77.93671, 27.96472],
        [77.93711, 27.96505],
        [77.93805, 27.96583],
        [77.93885, 27.96608],
        [77.93934, 27.96615],
        [77.93998, 27.96607],
        [77.94057, 27.9659],
        [77.94072, 27.96586],
        [77.94139, 27.96532],
        [77.94198, 27.96444],
        [77.94275, 27.96323],
        [77.94325, 27.96256],
        [77.94367, 27.96209],
        [77.94401, 27.96155],
        [77.94461, 27.96034],
        [77.94513, 27.95954],
        [77.94564, 27.95886],
        [77.9463, 27.95825],
        [77.94705, 27.95764],
        [77.94789, 27.95689],
        [77.94833, 27.95632],
        [77.9486, 27.95544],
        [77.9487, 27.95483],
        [77.94887, 27.95436],
        [77.94889, 27.95376],
        [77.9486, 27.95244],
        [77.94816, 27.95071],
        [77.94779, 27.94945],
        [77.9475, 27.94819],
        [77.94751, 27.94779],
        [77.94761, 27.94746],
        [77.94795, 27.94665],
        [77.94814, 27.94578],
        [77.94815, 27.94545],
        [77.94808, 27.94518],
        [77.948, 27.94498],
        [77.94784, 27.94479],
        [77.94784, 27.94459],
        [77.94785, 27.94439],
        [77.94794, 27.94419],
        [77.94811, 27.94398],
        [77.94819, 27.94378],
        [77.94828, 27.94358],
        [77.94837, 27.94331],
        [77.94845, 27.94311],
        [77.94846, 27.94278],
        [77.9484, 27.94255],
        [77.94824, 27.94212],
        [77.94808, 27.94199],
        [77.94784, 27.94179],
        [77.9476, 27.94159],
        [77.94734, 27.94143],
        [77.947, 27.94128],
        [77.94639, 27.94102],
        [77.94616, 27.94083],
        [77.94584, 27.94057],
        [77.94553, 27.94023],
        [77.94539, 27.93974],
        [77.94547, 27.93905],
        [77.94554, 27.93883],
        [77.94564, 27.93852],
        [77.94591, 27.93798],
        [77.94643, 27.93711],
        [77.94691, 27.93656],
        [77.9475, 27.93594],
        [77.9481, 27.93536],
        [77.94875, 27.93501],
        [77.94851, 27.93431],
        [77.94837, 27.93368],
        [77.94831, 27.9332],
        [77.94829, 27.93295],
        [77.94824, 27.93241],
        [77.94834, 27.93137],
        [77.94852, 27.93046],
        [77.94886, 27.92962],
        [77.94919, 27.92889],
        [77.9496, 27.9281],
        [77.94986, 27.92733],
        [77.94995, 27.92661],
        [77.94989, 27.92577],
        [77.94968, 27.9248],
        [77.94923, 27.92366],
        [77.94866, 27.92291],
        [77.94847, 27.92265],
        [77.9477, 27.92183],
        [77.94668, 27.9211],
        [77.94474, 27.91974],
        [77.94219, 27.91747],
        [77.94166, 27.917],
        [77.94073, 27.91613],
        [77.9402, 27.9153],
        [77.93984, 27.91416],
        [77.93926, 27.91173],
        [77.93868, 27.90982],
        [77.93838, 27.90906],
        [77.93785, 27.90831],
        [77.93758, 27.90801],
        [77.93716, 27.90756],
        [77.93578, 27.90671],
        [77.93376, 27.90575],
        [77.92982, 27.9041],
        [77.92812, 27.90346],
        [77.92658, 27.90263],
        [77.92551, 27.90183],
        [77.92467, 27.9011],
        [77.9236, 27.90018],
        [77.9227, 27.89926],
        [77.92193, 27.89816],
        [77.92135, 27.89733],
        [77.92031, 27.89675],
        [77.91949, 27.89616],
        [77.91852, 27.89526],
        [77.91765, 27.89405],
        [77.91676, 27.89302],
        [77.9155, 27.89195],
        [77.91484, 27.89148],
        [77.91417, 27.8912],
        [77.91364, 27.89103],
        [77.91311, 27.89112],
        [77.91265, 27.89151],
        [77.9121, 27.8921],
        [77.91172, 27.89236],
        [77.91126, 27.89251],
        [77.91066, 27.89254],
        [77.90974, 27.89282],
        [77.90936, 27.89315],
        [77.90775, 27.89422],
        [77.90699, 27.89456],
        [77.90639, 27.89459],
        [77.90518, 27.89457],
        [77.90429, 27.89418],
        [77.90355, 27.89372],
        [77.90288, 27.89343],
        [77.90228, 27.89327],
        [77.90131, 27.89319],
        [77.90017, 27.89355],
        [77.89998, 27.89364],
        [77.8991, 27.89409],
        [77.89827, 27.89456],
        [77.89742, 27.89509],
        [77.89628, 27.896],
        [77.89349, 27.89903],
        [77.89257, 27.89987],
        [77.89188, 27.90051],
        [77.8891, 27.9039],
        [77.88848, 27.90436],
        [77.888, 27.90469],
        [77.88712, 27.90503],
        [77.88561, 27.90527],
        [77.88448, 27.90531],
        [77.88343, 27.90517],
        [77.88328, 27.9051],
        [77.88284, 27.90488],
        [77.8824, 27.90447],
        [77.88218, 27.90401],
        [77.88211, 27.90386],
        [77.88197, 27.90331],
        [77.88191, 27.9027],
        [77.882, 27.9019],
        [77.88217, 27.90121],
        [77.88241, 27.90071],
        [77.88257, 27.90015],
        [77.88259, 27.89947],
        [77.88245, 27.89886],
        [77.88223, 27.89849],
        [77.88187, 27.89777],
        [77.88148, 27.89689],
        [77.88142, 27.89622],
        [77.88151, 27.8956],
        [77.88167, 27.89504],
        [77.88199, 27.89453],
        [77.88245, 27.89402],
        [77.88307, 27.89326],
        [77.88331, 27.89275],
        [77.88354, 27.89231],
        [77.88356, 27.89163],
        [77.88342, 27.89084],
        [77.8825, 27.88842],
        [77.88192, 27.88776],
        [77.88164, 27.88755],
        [77.88148, 27.88741],
        [77.88035, 27.88728],
        [77.87914, 27.88752],
        [77.87639, 27.88905],
        [77.87577, 27.88957],
        [77.87531, 27.88996],
        [77.875, 27.89047],
        [77.8746, 27.89159],
        [77.87414, 27.89197],
        [77.87368, 27.8923],
        [77.87248, 27.89229],
        [77.87188, 27.89207],
        [77.87151, 27.89172],
        [77.871, 27.89088],
        [77.87072, 27.88991],
        [77.87051, 27.88894],
        [77.87032, 27.88729],
        [77.86975, 27.88603],
        [77.86806, 27.88433],
        [77.86725, 27.88357],
        [77.86702, 27.88346],
        [77.86627, 27.88307],
        [77.86494, 27.88239],
        [77.86352, 27.8816],
        [77.86225, 27.88099],
        [77.86194, 27.88074],
        [77.8615, 27.88036],
        [77.86017, 27.87885],
        [77.85902, 27.87796],
        [77.85787, 27.87738],
        [77.8569, 27.8768],
        [77.85516, 27.87626],
        [77.85401, 27.87553],
        [77.85325, 27.87478],
        [77.8525, 27.87372],
        [77.85175, 27.87234],
        [77.8514, 27.87126],
        [77.85122, 27.87047],
        [77.85125, 27.8697],
        [77.85087, 27.86893],
        [77.85031, 27.86826],
        [77.85012, 27.86803],
        [77.84934, 27.86776],
        [77.84857, 27.86748],
        [77.84761, 27.86691],
        [77.84531, 27.86516],
        [77.84379, 27.864],
        [77.84263, 27.86314],
        [77.84189, 27.86209],
        [77.84114, 27.8612],
        [77.84102, 27.86094],
        [77.84077, 27.86044],
        [77.84041, 27.85952],
        [77.83985, 27.85878],
        [77.83929, 27.85804],
        [77.83854, 27.8573],
        [77.83809, 27.85697],
        [77.83664, 27.85588],
        [77.83512, 27.85505],
        [77.8348, 27.85478],
        [77.83382, 27.85391],
        [77.83309, 27.85303],
        [77.83159, 27.85222],
        [77.82972, 27.85144],
        [77.82766, 27.851],
        [77.82603, 27.85036],
        [77.82343, 27.84909],
        [77.82091, 27.84875],
        [77.81896, 27.84887],
        [77.81772, 27.84932],
        [77.81678, 27.84967],
        [77.81474, 27.85148],
        [77.8139, 27.85273],
        [77.81325, 27.85396],
        [77.8132, 27.85408],
        [77.81258, 27.85553],
        [77.81196, 27.85642],
        [77.81154, 27.85696],
        [77.81072, 27.85769],
        [77.80802, 27.85922],
        [77.80801, 27.85926],
        [77.80801, 27.85934],
        [77.80796, 27.85944],
        [77.80768, 27.85977],
        [77.807, 27.86051],
        [77.80673, 27.86077],
        [77.80651, 27.86088],
        [77.8061, 27.86078],
        [77.80586, 27.86071],
        [77.80566, 27.8608],
        [77.80454, 27.86244],
        [77.80353, 27.86355],
        [77.80332, 27.86377],
        [77.80307, 27.86384],
        [77.80288, 27.86382],
        [77.80259, 27.86364],
        [77.80241, 27.86364],
        [77.8023, 27.86384],
        [77.80222, 27.86404],
        [77.80208, 27.86406],
        [77.80171, 27.86384],
        [77.80085, 27.86322],
        [77.80006, 27.86296],
        [77.7993, 27.86232],
        [77.79921, 27.86226],
        [77.7991, 27.86235],
        [77.79886, 27.86277],
        [77.79848, 27.86298],
        [77.79815, 27.86298],
        [77.79681, 27.86283],
        [77.79454, 27.86338],
        [77.79406, 27.86368],
        [77.79386, 27.86382],
        [77.79353, 27.86391],
        [77.79224, 27.86327],
        [77.79209, 27.86327],
        [77.79202, 27.86327],
        [77.79195, 27.86331],
        [77.79189, 27.8634],
        [77.79187, 27.8636],
        [77.79175, 27.86388],
        [77.79167, 27.86395],
        [77.79147, 27.86397],
        [77.79136, 27.86384],
        [77.7911, 27.86375],
        [77.79101, 27.86379],
        [77.79092, 27.86388],
        [77.79086, 27.86404],
        [77.79066, 27.86445],
        [77.79055, 27.86452],
        [77.79039, 27.86452],
        [77.79017, 27.86443],
        [77.78973, 27.86423],
        [77.78912, 27.86443],
        [77.78848, 27.86461],
        [77.78837, 27.86456],
        [77.78828, 27.86443],
        [77.78824, 27.8643],
        [77.78817, 27.86423],
        [77.78802, 27.86423],
        [77.78796, 27.86428],
        [77.78795, 27.86439],
        [77.78793, 27.86452],
        [77.78787, 27.86457],
        [77.78772, 27.86459],
        [77.7875, 27.86465],
        [77.78708, 27.86472],
        [77.78596, 27.86471],
        [77.78588, 27.86474],
        [77.78566, 27.86481],
        [77.78548, 27.86481],
        [77.78543, 27.86478],
        [77.785, 27.86476],
        [77.78484, 27.86476],
        [77.78464, 27.86481],
        [77.78383, 27.86527],
        [77.78374, 27.86527],
        [77.78363, 27.86522],
        [77.78352, 27.86513],
        [77.78337, 27.865],
        [77.78311, 27.86467],
        [77.78289, 27.86461],
        [77.78275, 27.86465],
        [77.78255, 27.86474],
        [77.7822, 27.86505],
        [77.78189, 27.86523],
        [77.78172, 27.86529],
        [77.7816, 27.86531],
        [77.78149, 27.86531],
        [77.78086, 27.86479],
        [77.78064, 27.86466],
        [77.78024, 27.86456],
        [77.78002, 27.86459],
        [77.77917, 27.86496],
        [77.77904, 27.86505],
        [77.77884, 27.86505],
        [77.77796, 27.86448],
        [77.77772, 27.86433],
        [77.77726, 27.86428],
        [77.77708, 27.86434],
        [77.77642, 27.86465],
        [77.77442, 27.8659],
        [77.77195, 27.86781],
        [77.76978, 27.86967],
        [77.76951, 27.87],
        [77.76927, 27.87014],
        [77.76894, 27.87018],
        [77.76876, 27.87023],
        [77.76863, 27.87038],
        [77.768, 27.8717],
        [77.76728, 27.87259],
        [77.76682, 27.87275],
        [77.76664, 27.8728],
        [77.76648, 27.8728],
        [77.76607, 27.87275],
        [77.76596, 27.87282],
        [77.7658, 27.87301],
        [77.76511, 27.87369],
        [77.76419, 27.87465],
        [77.76361, 27.87534],
        [77.76357, 27.87553],
        [77.76361, 27.87564],
        [77.76374, 27.8758],
        [77.76375, 27.87593],
        [77.76353, 27.87629],
        [77.76324, 27.877],
        [77.76326, 27.87722],
        [77.76401, 27.87735],
        [77.76427, 27.87748],
        [77.7643, 27.87761],
        [77.76429, 27.87777],
        [77.76335, 27.87897],
        [77.76272, 27.87972],
        [77.76243, 27.88034],
        [77.76239, 27.88052],
        [77.76239, 27.8825],
        [77.76228, 27.8847],
        [77.76216, 27.88553],
        [77.76208, 27.88577],
        [77.76137, 27.88672],
        [77.76028, 27.88792],
        [77.7598, 27.88864],
        [77.75977, 27.88882],
        [77.75988, 27.88899],
        [77.76, 27.8891],
        [77.76024, 27.88928],
        [77.76046, 27.8895],
        [77.76094, 27.89],
        [77.76116, 27.89031],
        [77.76136, 27.89073],
        [77.76151, 27.89104],
        [77.76166, 27.89141],
        [77.76177, 27.89191],
        [77.76291, 27.895],
        [77.76322, 27.89591],
        [77.76331, 27.89617],
        [77.76335, 27.89645],
        [77.76324, 27.89663],
        [77.76298, 27.89698],
        [77.76201, 27.89858],
        [77.76195, 27.89885],
        [77.76205, 27.89896],
        [77.76212, 27.899],
        [77.76225, 27.89907],
        [77.76249, 27.89935],
        [77.76348, 27.90017],
        [77.76451, 27.90143],
        [77.76469, 27.90187],
        [77.76469, 27.90196],
        [77.76462, 27.90203],
        [77.76462, 27.90213],
        [77.76467, 27.90227],
        [77.76477, 27.90253],
        [77.76488, 27.90291],
        [77.76477, 27.90301],
        [77.76451, 27.90312],
        [77.76427, 27.90321],
        [77.76401, 27.90355],
        [77.76384, 27.90402],
        [77.76373, 27.9043],
        [77.76359, 27.90463],
        [77.76294, 27.90536],
        [77.76228, 27.90624],
        [77.76221, 27.9063],
        [77.7621, 27.90632],
        [77.76202, 27.90632],
        [77.76193, 27.90624],
        [77.76179, 27.90611],
        [77.76166, 27.90599],
        [77.76155, 27.90591],
        [77.76147, 27.90591],
        [77.76125, 27.90599],
        [77.76114, 27.90602],
        [77.76103, 27.90606],
        [77.76083, 27.90606],
        [77.76078, 27.90604],
        [77.76059, 27.906],
        [77.76048, 27.90593],
        [77.76039, 27.90591],
        [77.76033, 27.90597],
        [77.75953, 27.90654],
        [77.75742, 27.90772],
        [77.75287, 27.9103],
        [77.74872, 27.91127],
        [77.74746, 27.91199],
        [77.74643, 27.91242],
        [77.74494, 27.91287],
        [77.7433, 27.91325],
        [77.74312, 27.91351],
        [77.74418, 27.91542],
        [77.74432, 27.9158],
        [77.74358, 27.91633],
        [77.74267, 27.91686],
        [77.7427, 27.91773],
        [77.74296, 27.91819],
        [77.74376, 27.9204],
        [77.74374, 27.92095],
        [77.74371, 27.92116],
        [77.74276, 27.92167],
        [77.74248, 27.92202],
        [77.74258, 27.92254],
        [77.74294, 27.92281],
        [77.74019, 27.92571],
        [77.73707, 27.92863],
        [77.7354, 27.93015],
        [77.73458, 27.93046],
        [77.73338, 27.93115],
        [77.73194, 27.93228],
        [77.73036, 27.93364],
        [77.72904, 27.9336],
        [77.7272, 27.93339],
        [77.72517, 27.93328],
        [77.72461, 27.93305],
        [77.72375, 27.9328],
        [77.72305, 27.93307],
        [77.72241, 27.93326],
        [77.72195, 27.93395],
        [77.72136, 27.93475],
        [77.71985, 27.93563],
        [77.71859, 27.93652],
        [77.71722, 27.93743],
        [77.71557, 27.93895],
        [77.71496, 27.93985],
        [77.71388, 27.94084],
        [77.71343, 27.94088],
        [77.71262, 27.94123],
        [77.71229, 27.94102],
        [77.71191, 27.94102],
        [77.71024, 27.94264],
        [77.70966, 27.94335],
        [77.70847, 27.94447],
        [77.70783, 27.94476],
        [77.70696, 27.94503],
        [77.70635, 27.94535],
        [77.70555, 27.9462],
        [77.70485, 27.94654],
        [77.7043, 27.94699],
        [77.70397, 27.94715],
        [77.70262, 27.9466],
        [77.70045, 27.94501],
        [77.69756, 27.94319],
        [77.69565, 27.94219],
        [77.69463, 27.94333],
        [77.69419, 27.94357],
        [77.6938, 27.94343],
        [77.69342, 27.94367],
        [77.69295, 27.94372],
        [77.69157, 27.94264],
        [77.69113, 27.94272],
        [77.69015, 27.94351],
        [77.68962, 27.94298],
        [77.68921, 27.9429],
        [77.68853, 27.94296],
        [77.68825, 27.9428],
        [77.68763, 27.94234],
        [77.68679, 27.94203],
        [77.68625, 27.94224],
        [77.68484, 27.94322],
        [77.68435, 27.94336],
        [77.68295, 27.94343],
        [77.68265, 27.94301],
        [77.68092, 27.94405],
        [77.68072, 27.94386],
        [77.68023, 27.94383],
        [77.67994, 27.94392],
        [77.6793, 27.9432],
        [77.67905, 27.94327],
        [77.6788, 27.94336],
        [77.67841, 27.94336],
        [77.67794, 27.94327],
        [77.67767, 27.94354],
        [77.67706, 27.94357],
        [77.67665, 27.94404],
        [77.67628, 27.94423],
        [77.6756, 27.94403],
        [77.67524, 27.94431],
        [77.67487, 27.9441],
        [77.67441, 27.94408],
        [77.67373, 27.94445],
        [77.6728, 27.94479],
        [77.67222, 27.94525],
        [77.67099, 27.94633],
        [77.66939, 27.94742],
        [77.6689, 27.94801],
        [77.66841, 27.94926],
        [77.6677, 27.95027],
        [77.66733, 27.95045],
        [77.66574, 27.95122],
        [77.66414, 27.95258],
        [77.66233, 27.95471],
        [77.66181, 27.95484],
        [77.66096, 27.95499],
        [77.66044, 27.95534],
        [77.66022, 27.956],
        [77.6601, 27.95726],
        [77.66011, 27.95781],
        [77.66048, 27.95842],
        [77.66, 27.95972],
        [77.65904, 27.96098],
        [77.65845, 27.9631],
        [77.65797, 27.96387],
        [77.65691, 27.96539],
        [77.65601, 27.96584],
        [77.65525, 27.96607],
        [77.65424, 27.96645],
        [77.65351, 27.96661],
        [77.6523, 27.96656],
        [77.6511, 27.96693],
        [77.65076, 27.96663],
        [77.65045, 27.96645],
        [77.64974, 27.96666],
        [77.64877, 27.96698],
        [77.64807, 27.96667],
        [77.64698, 27.96672],
        [77.64639, 27.96642],
        [77.6459, 27.96643],
        [77.64507, 27.96677],
        [77.64273, 27.96743],
        [77.64202, 27.96645],
        [77.64158, 27.96547],
        [77.64102, 27.96499],
        [77.64013, 27.96453],
        [77.63865, 27.96315],
        [77.63678, 27.9609],
        [77.63664, 27.96052],
        [77.63648, 27.95951],
        [77.63518, 27.95802],
        [77.63221, 27.95486],
        [77.63089, 27.95292],
        [77.62941, 27.95014],
        [77.62931, 27.94929],
        [77.62834, 27.94763],
        [77.62828, 27.94686],
        [77.62877, 27.94589],
        [77.62887, 27.94509],
        [77.62847, 27.94482],
        [77.62648, 27.94359],
        [77.62652, 27.94318],
        [77.62661, 27.9429],
        [77.6265, 27.94254],
        [77.62606, 27.94192],
        [77.62606, 27.94166],
        [77.62642, 27.94131],
        [77.62632, 27.94102],
        [77.62583, 27.94027],
        [77.62556, 27.94001],
        [77.62559, 27.93956],
        [77.6261, 27.93918],
        [77.62608, 27.93887],
        [77.62576, 27.93839],
        [77.62536, 27.9372],
        [77.62471, 27.93579],
        [77.62392, 27.93474],
        [77.62311, 27.934],
        [77.62168, 27.93305],
        [77.6204, 27.93288],
        [77.6178, 27.93207],
        [77.61723, 27.93206],
        [77.61632, 27.93278],
        [77.61435, 27.93278],
        [77.61301, 27.93315],
        [77.61056, 27.9345],
        [77.61, 27.93481],
        [77.60913, 27.9353],
        [77.60822, 27.93619],
        [77.60742, 27.93671],
        [77.60654, 27.93682],
        [77.60566, 27.93746],
        [77.60516, 27.93695],
        [77.6047, 27.93685],
        [77.60407, 27.936],
        [77.60332, 27.9355],
        [77.60252, 27.93568],
        [77.60223, 27.93557],
        [77.6021, 27.93502],
        [77.60156, 27.93504],
        [77.60059, 27.93559],
        [77.59989, 27.93543],
        [77.5994, 27.93557],
        [77.59791, 27.93615],
        [77.59589, 27.93659],
        [77.59443, 27.93696],
        [77.59294, 27.93757],
        [77.59191, 27.9382],
        [77.59038, 27.93582],
        [77.59, 27.93563],
        [77.58911, 27.93575],
        [77.58829, 27.9357],
        [77.58728, 27.93525],
        [77.58648, 27.93488],
        [77.58561, 27.93497],
        [77.58463, 27.93425],
        [77.58294, 27.93276],
        [77.58291, 27.93233],
        [77.58303, 27.93209],
        [77.58325, 27.93204],
        [77.58335, 27.93178],
        [77.58321, 27.93154],
        [77.58271, 27.93103],
        [77.58178, 27.92984],
        [77.58181, 27.92959],
        [77.58189, 27.92885],
        [77.58235, 27.928],
        [77.58222, 27.92773],
        [77.58184, 27.92773],
        [77.58036, 27.92842],
        [77.57817, 27.92933],
        [77.57749, 27.92981],
        [77.57704, 27.92991],
        [77.57673, 27.92965],
        [77.57624, 27.92994],
        [77.5759, 27.92973],
        [77.57547, 27.92962],
        [77.57488, 27.92912],
        [77.57442, 27.9293],
        [77.57415, 27.92943],
        [77.57361, 27.92935],
        [77.57291, 27.92939],
        [77.57208, 27.92967],
        [77.57194, 27.9294],
        [77.57141, 27.92903],
        [77.57021, 27.92827],
        [77.56977, 27.92757],
        [77.56931, 27.92723],
        [77.56842, 27.92696],
        [77.56798, 27.92683],
        [77.56749, 27.92657],
        [77.56749, 27.92622],
        [77.56723, 27.92602],
        [77.56661, 27.92561],
        [77.56646, 27.9251],
        [77.56646, 27.92469],
        [77.56711, 27.92456],
        [77.56814, 27.92408],
        [77.56811, 27.92246],
        [77.56755, 27.92062],
        [77.56714, 27.9197],
        [77.5652, 27.9169],
        [77.5637, 27.91604],
        [77.56251, 27.91505],
        [77.56048, 27.91378],
        [77.55719, 27.91216],
        [77.55669, 27.91209],
        [77.55537, 27.91289],
        [77.55278, 27.91435],
        [77.55134, 27.91346],
        [77.5508, 27.91384],
        [77.54927, 27.91445],
        [77.54677, 27.91575],
        [77.54492, 27.91648],
        [77.54383, 27.91709],
        [77.54239, 27.91922],
        [77.54029, 27.91915],
        [77.53829, 27.91874],
        [77.5366, 27.91865],
        [77.53578, 27.91906],
        [77.53494, 27.9197],
        [77.53397, 27.9203],
        [77.53269, 27.92138],
        [77.53211, 27.92156],
        [77.53144, 27.92176],
        [77.53047, 27.92138],
        [77.5285, 27.92122],
        [77.52646, 27.92103],
        [77.52612, 27.92357],
        [77.52609, 27.92552],
        [77.52616, 27.92733],
        [77.5262, 27.9273],
        [77.5278, 27.9279],
        [77.5303, 27.9294],
        [77.53195, 27.93044],
        [77.5322, 27.9306],
        [77.5335, 27.9318],
        [77.5354, 27.9339],
        [77.53601, 27.93492],
        [77.5363, 27.9354],
        [77.53659, 27.93569],
        [77.5373, 27.9364],
        [77.53778, 27.93656],
        [77.5388, 27.9369],
        [77.53948, 27.93794],
        [77.5399, 27.9386],
        [77.54078, 27.93909],
        [77.5408, 27.9391],
        [77.541, 27.93949],
        [77.5413, 27.94006],
        [77.5413, 27.9401],
        [77.5413, 27.9413],
        [77.5416, 27.9428],
        [77.54177, 27.94409],
        [77.5418, 27.9443],
        [77.5422, 27.9472],
        [77.5422, 27.9502],
        [77.54221, 27.95022],
        [77.5423, 27.95045],
        [77.5423, 27.95046],
        [77.544, 27.9546],
        [77.54466, 27.95598],
        [77.5452, 27.9571],
        [77.54544, 27.95743],
        [77.5457, 27.9578],
        [77.54564, 27.95818],
        [77.5456, 27.9584],
        [77.5442, 27.9608],
        [77.5437, 27.96127],
        [77.5427, 27.9622],
        [77.5403, 27.9627],
        [77.53791, 27.96295],
        [77.5356, 27.9632],
        [77.5318, 27.9632],
        [77.53093, 27.96303],
        [77.5298, 27.9628],
        [77.52888, 27.96238],
        [77.5259, 27.961],
        [77.5233, 27.9599],
        [77.5224, 27.9596],
        [77.52104, 27.9596],
        [77.52078, 27.95961],
        [77.5206, 27.95971],
        [77.52043, 27.9598],
        [77.5184, 27.9609],
        [77.5166, 27.962],
        [77.5153, 27.9639],
        [77.5151, 27.9681],
        [77.5153, 27.9702],
        [77.51533, 27.97023],
        [77.516, 27.9709],
        [77.51635, 27.97127],
        [77.5181, 27.9731],
        [77.5211, 27.9755],
        [77.52147, 27.97545],
        [77.5219, 27.9754],
        [77.52226, 27.9754],
        [77.5229, 27.9754],
        [77.5241, 27.9749],
        [77.5254, 27.9748],
        [77.5274, 27.9755],
        [77.5304, 27.9769],
        [77.5352, 27.9793],
        [77.54, 27.9826],
        [77.5408, 27.9831],
        [77.5408, 27.9831],
        [77.5427, 27.9862],
        [77.5431, 27.9872],
        [77.543, 27.9878],
        [77.54249, 27.9887],
        [77.5417, 27.9901],
        [77.54106, 27.99166],
        [77.5408, 27.9923],
        [77.54078, 27.99233],
        [77.54077, 27.99234],
        [77.54063, 27.99248],
        [77.5397, 27.9935],
        [77.53776, 27.99517],
        [77.5362, 27.9965],
        [77.53543, 27.99717],
        [77.5354, 27.9972],
        [77.53457, 27.99728],
        [77.5333, 27.9974],
        [77.5313, 27.9977],
        [77.53094, 27.99783],
        [77.5302, 27.9981],
        [77.5283, 27.9996],
        [77.528, 27.9999],
        [77.52781, 28.00013],
        [77.52767, 28.00023],
        [77.5276, 28.0003],
        [77.5273, 28.0005],
        [77.527, 28.0008],
        [77.5267, 28.001],
        [77.5264, 28.0013],
        [77.5261, 28.0016],
        [77.5258, 28.0019],
        [77.5256, 28.0022],
        [77.52531, 28.00249],
        [77.52528, 28.00253],
        [77.5251, 28.0028],
        [77.52499, 28.00291],
        [77.52492, 28.003],
        [77.52486, 28.00308],
        [77.5248, 28.0032],
        [77.52468, 28.00332],
        [77.52462, 28.0034],
        [77.52456, 28.00348],
        [77.5245, 28.0036],
        [77.52436, 28.00374],
        [77.52432, 28.00379],
        [77.52427, 28.00385],
        [77.5242, 28.004],
        [77.52401, 28.00419],
        [77.524, 28.00421],
        [77.5239, 28.0044],
        [77.5237, 28.0046],
        [77.52361, 28.00464],
        [77.52351, 28.00473],
        [77.52332, 28.00488],
        [77.5233, 28.0049],
        [77.52329, 28.0049],
        [77.5231, 28.005],
        [77.5229, 28.0052],
        [77.52285, 28.00529],
        [77.5228, 28.0054],
        [77.52267, 28.00546],
        [77.5226, 28.0055],
        [77.5222, 28.0059],
        [77.52201, 28.00609],
        [77.5219, 28.0062],
        [77.5217, 28.0064],
        [77.52152, 28.00658],
        [77.5215, 28.00661],
        [77.5214, 28.0069],
        [77.5214, 28.0072],
        [77.52134, 28.00732],
        [77.5213, 28.0074],
        [77.5213, 28.0079],
        [77.5213, 28.0081],
        [77.52134, 28.00819],
        [77.5214, 28.0083],
        [77.5214, 28.0085],
        [77.5214, 28.0087],
        [77.5214, 28.00881],
        [77.5214, 28.009],
        [77.5214, 28.0093],
        [77.5214, 28.0094],
        [77.5214, 28.0096],
        [77.52135, 28.0097],
        [77.52134, 28.00982],
        [77.52136, 28.00997],
        [77.5214, 28.0101],
        [77.5214, 28.0102],
        [77.52143, 28.01033],
        [77.5215, 28.01057],
        [77.52151, 28.01062],
        [77.5216, 28.0108],
        [77.5216, 28.0111],
        [77.5216, 28.0113],
        [77.52156, 28.01142],
        [77.5215, 28.0116],
        [77.5215, 28.0118],
        [77.5214, 28.012],
        [77.5214, 28.01214],
        [77.5214, 28.0123],
        [77.52127, 28.01243],
        [77.5212, 28.0125],
        [77.5211, 28.0128],
        [77.5209, 28.0132],
        [77.52084, 28.01339],
        [77.5208, 28.0135],
        [77.52061, 28.01388],
        [77.5206, 28.0139],
        [77.5206, 28.014],
        [77.5205, 28.0142],
        [77.5203, 28.0146],
        [77.5202, 28.0149],
        [77.52, 28.0153],
        [77.51988, 28.01547],
        [77.5197, 28.0157],
        [77.5195, 28.0159],
        [77.51946, 28.01603],
        [77.5194, 28.0162],
        [77.51922, 28.01638],
        [77.5192, 28.01641],
        [77.51919, 28.01643],
        [77.5191, 28.0167],
        [77.5189, 28.0169],
        [77.5187, 28.0172],
        [77.5185, 28.0174],
        [77.51831, 28.01752],
        [77.5182, 28.0176],
        [77.518, 28.0178],
        [77.5177, 28.018],
        [77.5176, 28.0181],
        [77.5175, 28.0182],
        [77.5172, 28.0184],
        [77.51697, 28.01848],
        [77.51687, 28.01853],
        [77.5168, 28.01856],
        [77.5166, 28.0187],
        [77.5163, 28.0189],
        [77.51609, 28.01895],
        [77.5159, 28.019],
        [77.5156, 28.0192],
        [77.5153, 28.0194],
        [77.51524, 28.01944],
        [77.515, 28.0196],
        [77.51494, 28.01962],
        [77.5147, 28.0197],
        [77.5144, 28.0199],
        [77.5141, 28.0201],
        [77.5139, 28.0203],
        [77.51382, 28.02038],
        [77.5137, 28.0205],
        [77.5135, 28.0206],
        [77.51348, 28.0206],
        [77.5132, 28.0207],
        [77.5129, 28.0208],
        [77.5127, 28.0209],
        [77.5123, 28.021],
        [77.5121, 28.021],
        [77.5118, 28.021],
        [77.5115, 28.021],
        [77.5112, 28.021],
        [77.51093, 28.02109],
        [77.5109, 28.0211],
        [77.51089, 28.0211],
        [77.5107, 28.0211],
        [77.5104, 28.0212],
        [77.5102, 28.0213],
        [77.5099, 28.0215],
        [77.5097, 28.0216],
        [77.5095, 28.0218],
        [77.5093, 28.0219],
        [77.50928, 28.02191],
        [77.5091, 28.022],
        [77.5088, 28.0221],
        [77.50876, 28.0221],
        [77.5086, 28.0221],
        [77.5083, 28.0222],
        [77.508, 28.0223],
        [77.50781, 28.02236],
        [77.5077, 28.0224],
        [77.5073, 28.0225],
        [77.507, 28.0226],
        [77.5068, 28.0227],
        [77.50669, 28.02274],
        [77.5065, 28.0228],
        [77.50632, 28.02298],
        [77.5063, 28.023],
        [77.5061, 28.0232],
        [77.5059, 28.0234],
        [77.5057, 28.0235],
        [77.50566, 28.02354],
        [77.50547, 28.02374],
        [77.50529, 28.02394],
        [77.50524, 28.02402],
        [77.5051, 28.0243],
        [77.505, 28.0246],
        [77.50496, 28.02472],
        [77.50494, 28.02495],
        [77.50497, 28.02517],
        [77.505, 28.0253],
        [77.5051, 28.0256],
        [77.5051, 28.02563],
        [77.5051, 28.0259],
        [77.50519, 28.02608],
        [77.5052, 28.0261],
        [77.50521, 28.02618],
        [77.50526, 28.02639],
        [77.50532, 28.02666],
        [77.50535, 28.0268],
        [77.5054, 28.0269],
        [77.5054, 28.02704],
        [77.50543, 28.0272],
        [77.50549, 28.02747],
        [77.5055, 28.0275],
        [77.5056, 28.0277],
        [77.5057, 28.0282],
        [77.5058, 28.0284],
        [77.5059, 28.0287],
        [77.5059, 28.02896],
        [77.5059, 28.029],
        [77.5059, 28.0293],
        [77.506, 28.0296],
        [77.50618, 28.02996],
        [77.5063, 28.0302],
        [77.5064, 28.0304],
        [77.50645, 28.03054],
        [77.50654, 28.03072],
        [77.50662, 28.03088],
        [77.5067, 28.031],
        [77.50674, 28.03111],
        [77.50682, 28.03127],
        [77.50689, 28.03139],
        [77.507, 28.0315],
        [77.5072, 28.0319],
        [77.5072, 28.03191],
        [77.50721, 28.03192],
        [77.50725, 28.03205],
        [77.5073, 28.0322],
        [77.5073, 28.0325],
        [77.50726, 28.03259],
        [77.50722, 28.03272],
        [77.50717, 28.0328],
        [77.5071, 28.033],
        [77.5068, 28.0331],
        [77.5065, 28.0332],
        [77.50637, 28.03323],
        [77.5061, 28.0333],
        [77.5058, 28.0334],
        [77.50563, 28.03352],
        [77.5055, 28.0336],
        [77.5049, 28.0338],
        [77.5046, 28.0339],
        [77.5043, 28.034],
        [77.50408, 28.034],
        [77.50386, 28.03403],
        [77.5035, 28.03408],
        [77.5034, 28.0341],
        [77.503, 28.0342],
        [77.5028, 28.0342],
        [77.5026, 28.0342],
        [77.5022, 28.0343],
        [77.5017, 28.0344],
        [77.50152, 28.03445],
        [77.5013, 28.0345],
        [77.5007, 28.0347],
        [77.5, 28.0349],
        [77.4994, 28.035],
        [77.4987, 28.035],
        [77.49651, 28.0349],
        [77.49649, 28.0349],
        [77.4959, 28.0349],
        [77.49558, 28.03496],
        [77.4954, 28.035]
      ]
    ]
  }
}
