{
  "type": "Feature",
  "id": "UP-AC-92",
  "properties": {
    "stateName": "UTTAR PRADESH",
    "stateCode": "UP",
    "districtName": "DHAULPUR",
    "acNo": 92,
    "acName": "FATEHABAD",
    "seatType": null,
    "pcNo": null,
    "pcName": null,
    "quality": "unverified",
    "sources": [
      "TBD"
    ]
  },
  "geometry": {
    "type": "Polygon",
    "coordinates": [
      [
        [77.4596, 26.7419],
        [77.4572, 26.7419],
        [77.4553, 26.7419],
        [77.4551, 26.74185],
        [77.45494, 26.74185],
        [77.4549, 26.74192],
        [77.455, 26.74254],
        [77.45527, 26.74422],
        [77.4555, 26.7457],
        [77.45581, 26.74696],
        [77.4562, 26.7485],
        [77.45643, 26.74935],
        [77.45651, 26.74961],
        [77.4569, 26.7502],
        [77.4575, 26.7506],
        [77.45756, 26.75082],
        [77.4576, 26.751],
        [77.4577, 26.7512],
        [77.45789, 26.75149],
        [77.4579, 26.7515],
        [77.4581, 26.7518],
        [77.4583, 26.7522],
        [77.45849, 26.75258],
        [77.45854, 26.75263],
        [77.4588, 26.7528],
        [77.459, 26.753],
        [77.4594, 26.7531],
        [77.4597, 26.7532],
        [77.46, 26.7534],
        [77.4603, 26.7537],
        [77.4605, 26.754],
        [77.46063, 26.75448],
        [77.4608, 26.7551],
        [77.461, 26.7553],
        [77.46102, 26.75532],
        [77.4612, 26.7555],
        [77.4615, 26.7557],
        [77.4617, 26.7557],
        [77.462, 26.7557],
        [77.46215, 26.7557],
        [77.4622, 26.7557],
        [77.46222, 26.75571],
        [77.4624, 26.7558],
        [77.4624, 26.75591],
        [77.4624, 26.756],
        [77.4624, 26.7562],
        [77.4624, 26.7564],
        [77.4623, 26.7566],
        [77.4623, 26.75666],
        [77.4623, 26.757],
        [77.4623, 26.75711],
        [77.46234, 26.75718],
        [77.46247, 26.75726],
        [77.4626, 26.7573],
        [77.4627, 26.7573],
        [77.4628, 26.7572],
        [77.463, 26.7571],
        [77.4631, 26.7569],
        [77.4632, 26.7566],
        [77.4634, 26.7565],
        [77.4635, 26.7565],
        [77.46352, 26.7565],
        [77.4636, 26.7565],
        [77.46363, 26.75656],
        [77.4637, 26.75667],
        [77.46372, 26.75674],
        [77.4638, 26.7569],
        [77.4638, 26.75717],
        [77.4638, 26.7573],
        [77.4638, 26.7577],
        [77.4639, 26.7579],
        [77.4642, 26.7583],
        [77.4642, 26.7585],
        [77.4643, 26.7589],
        [77.46432, 26.75893],
        [77.4644, 26.7591],
        [77.4645, 26.7594],
        [77.4647, 26.7595],
        [77.4653, 26.7599],
        [77.46554, 26.76002],
        [77.46567, 26.76006],
        [77.4659, 26.76029],
        [77.46592, 26.76033],
        [77.4661, 26.7606],
        [77.4662, 26.761],
        [77.4664, 26.7615],
        [77.46657, 26.76161],
        [77.46673, 26.76169],
        [77.46677, 26.7617],
        [77.467, 26.7617],
        [77.4671, 26.76185],
        [77.46723, 26.76195],
        [77.4672, 26.76207],
        [77.4672, 26.7621],
        [77.4672, 26.7623],
        [77.46713, 26.76237],
        [77.46711, 26.76242],
        [77.46711, 26.7626],
        [77.4672, 26.76278],
        [77.46732, 26.76289],
        [77.46755, 26.763],
        [77.4678, 26.7631],
        [77.46799, 26.76319],
        [77.46801, 26.7632],
        [77.4682, 26.7632],
        [77.46832, 26.76326],
        [77.4684, 26.7633],
        [77.4686, 26.7634],
        [77.4689, 26.7636],
        [77.469, 26.7638],
        [77.46901, 26.76382],
        [77.4691, 26.764],
        [77.4691, 26.76404],
        [77.4691, 26.7641],
        [77.4696, 26.764],
        [77.46988, 26.76381],
        [77.4699, 26.7638],
        [77.46995, 26.76385],
        [77.46997, 26.76386],
        [77.47002, 26.7639],
        [77.4701, 26.7639],
        [77.47019, 26.76408],
        [77.47023, 26.76413],
        [77.47029, 26.76436],
        [77.47029, 26.76437],
        [77.4703, 26.7644],
        [77.47022, 26.76464],
        [77.4702, 26.76472],
        [77.4701, 26.7649],
        [77.47, 26.7652],
        [77.46981, 26.76539],
        [77.46979, 26.76542],
        [77.46961, 26.7656],
        [77.46955, 26.76565],
        [77.4693, 26.7659],
        [77.46886, 26.76619],
        [77.4681, 26.7667],
        [77.4678, 26.767],
        [77.46773, 26.76714],
        [77.4677, 26.7672],
        [77.4677, 26.7676],
        [77.4676, 26.7678],
        [77.4676, 26.7684],
        [77.4676, 26.76951],
        [77.4676, 26.7717],
        [77.4674, 26.7727],
        [77.46737, 26.77279],
        [77.46732, 26.77299],
        [77.46711, 26.77329],
        [77.4671, 26.7733],
        [77.46704, 26.77336],
        [77.46697, 26.77343],
        [77.46685, 26.77355],
        [77.4668, 26.7736],
        [77.4666, 26.7738],
        [77.4663, 26.774],
        [77.46577, 26.77413],
        [77.46546, 26.77423],
        [77.46509, 26.77434],
        [77.4649, 26.7744],
        [77.46471, 26.77447],
        [77.4644, 26.7746],
        [77.4641, 26.7747],
        [77.4638, 26.7748],
        [77.46376, 26.77491],
        [77.4637, 26.7751],
        [77.4635, 26.7753],
        [77.46342, 26.77534],
        [77.46331, 26.77543],
        [77.46318, 26.77546],
        [77.4631, 26.7755],
        [77.4606, 26.7763],
        [77.4604, 26.77636],
        [77.4588, 26.7768],
        [77.45843, 26.77692],
        [77.4582, 26.777],
        [77.4574, 26.7771],
        [77.4568, 26.7771],
        [77.4564, 26.7772],
        [77.4561, 26.7773],
        [77.45561, 26.7774],
        [77.4556, 26.7774],
        [77.4549, 26.7776],
        [77.45403, 26.7777],
        [77.454, 26.7777],
        [77.45398, 26.77768],
        [77.45386, 26.77764],
        [77.45374, 26.77752],
        [77.4537, 26.7775],
        [77.4536, 26.7773],
        [77.4536, 26.7771],
        [77.4535, 26.7766],
        [77.45344, 26.77634],
        [77.4534, 26.7762],
        [77.4528, 26.7755],
        [77.4519, 26.7741],
        [77.4516, 26.774],
        [77.45157, 26.774],
        [77.4515, 26.774],
        [77.4508, 26.7742],
        [77.4503, 26.7743],
        [77.4499, 26.7742],
        [77.44974, 26.77412],
        [77.44967, 26.7741],
        [77.4491, 26.7741],
        [77.44909, 26.7741],
        [77.4483, 26.7741],
        [77.44788, 26.77399],
        [77.4475, 26.7739],
        [77.4469, 26.7737],
        [77.4462, 26.7733],
        [77.4446, 26.772],
        [77.44383, 26.77115],
        [77.4428, 26.77],
        [77.44214, 26.76877],
        [77.44212, 26.76874],
        [77.44199, 26.76859],
        [77.44195, 26.76855],
        [77.44191, 26.76851],
        [77.44189, 26.7685],
        [77.4418, 26.7685],
        [77.4416, 26.7686],
        [77.4413, 26.7688],
        [77.4411, 26.7689],
        [77.44078, 26.76914],
        [77.4407, 26.7692],
        [77.4403, 26.7695],
        [77.4401, 26.7697],
        [77.44004, 26.76957],
        [77.44, 26.76954],
        [77.4399, 26.76945],
        [77.4398, 26.7694],
        [77.43965, 26.7693],
        [77.43947, 26.76921],
        [77.43921, 26.76933],
        [77.43913, 26.76941],
        [77.439, 26.7696],
        [77.4386, 26.7699],
        [77.43851, 26.7699],
        [77.43844, 26.76992],
        [77.43842, 26.7699],
        [77.4384, 26.7699],
        [77.4384, 26.76987],
        [77.4384, 26.7698],
        [77.4383, 26.7697],
        [77.4372, 26.7681],
        [77.4369, 26.7677],
        [77.4367, 26.7675],
        [77.4364, 26.7675],
        [77.4357, 26.76802],
        [77.4356, 26.7681],
        [77.43556, 26.76812],
        [77.4352, 26.7683],
        [77.43509, 26.7683],
        [77.4349, 26.7683],
        [77.4348, 26.768],
        [77.43472, 26.7678],
        [77.43456, 26.76751],
        [77.43437, 26.76746],
        [77.434, 26.7674],
        [77.4332, 26.7675],
        [77.43291, 26.76765],
        [77.43285, 26.76768],
        [77.43288, 26.76786],
        [77.43292, 26.76792],
        [77.433, 26.768],
        [77.4335, 26.7684],
        [77.43397, 26.76903],
        [77.4344, 26.7696],
        [77.4344, 26.7697],
        [77.43424, 26.76986],
        [77.4342, 26.7699],
        [77.43381, 26.7698],
        [77.43379, 26.7698],
        [77.43362, 26.76963],
        [77.43356, 26.76956],
        [77.43353, 26.76953],
        [77.43342, 26.76942],
        [77.43323, 26.76942],
        [77.43309, 26.76951],
        [77.43304, 26.76955],
        [77.4319, 26.7705],
        [77.43175, 26.77073],
        [77.43171, 26.7708],
        [77.43173, 26.77101],
        [77.43174, 26.77102],
        [77.4319, 26.7711],
        [77.4322, 26.7714],
        [77.4326, 26.772],
        [77.43298, 26.77242],
        [77.4335, 26.77297],
        [77.4336, 26.77305],
        [77.4337, 26.7731],
        [77.4337, 26.77313],
        [77.4337, 26.7734],
        [77.43332, 26.77397],
        [77.4333, 26.774],
        [77.4331, 26.7742],
        [77.4331, 26.7743],
        [77.43341, 26.77458],
        [77.43357, 26.77473],
        [77.4338, 26.7749],
        [77.43384, 26.77498],
        [77.43394, 26.77508],
        [77.43414, 26.77508],
        [77.43415, 26.77507],
        [77.43418, 26.77506],
        [77.43432, 26.77497],
        [77.43468, 26.77461],
        [77.43469, 26.77461],
        [77.4347, 26.7746],
        [77.4348, 26.7746],
        [77.43482, 26.77461],
        [77.43485, 26.77461],
        [77.43497, 26.77467],
        [77.43518, 26.77479],
        [77.4352, 26.7748],
        [77.4354, 26.7751],
        [77.4354, 26.7752],
        [77.43541, 26.77526],
        [77.43541, 26.77541],
        [77.43534, 26.77551],
        [77.4353, 26.7756],
        [77.4351, 26.7757],
        [77.43503, 26.77575],
        [77.4348, 26.77594],
        [77.4346, 26.77631],
        [77.43457, 26.77637],
        [77.4343, 26.7771],
        [77.43425, 26.77763],
        [77.4342, 26.7781],
        [77.4341, 26.7788],
        [77.4341, 26.77918],
        [77.4341, 26.7792],
        [77.4343, 26.7795],
        [77.4345, 26.7798],
        [77.43459, 26.77993],
        [77.4347, 26.7801],
        [77.43474, 26.78026],
        [77.43482, 26.78046],
        [77.43488, 26.78063],
        [77.435, 26.7808],
        [77.4351, 26.7811],
        [77.4351, 26.78125],
        [77.43515, 26.78143],
        [77.43524, 26.78164],
        [77.4354, 26.7819],
        [77.4357, 26.7821],
        [77.4363, 26.78287],
        [77.43645, 26.78304],
        [77.4368, 26.7836],
        [77.43689, 26.78377],
        [77.43689, 26.78378],
        [77.4369, 26.7838],
        [77.4369, 26.7839],
        [77.4367, 26.784],
        [77.43655, 26.78405],
        [77.4364, 26.7841],
        [77.4359, 26.7844],
        [77.4355, 26.7848],
        [77.43549, 26.78481],
        [77.43548, 26.78484],
        [77.43544, 26.78488],
        [77.43533, 26.78512],
        [77.4353, 26.78525],
        [77.4353, 26.7854],
        [77.4353, 26.7857],
        [77.4354, 26.7859],
        [77.43544, 26.78597],
        [77.4355, 26.7861],
        [77.4357, 26.7864],
        [77.4359, 26.7866],
        [77.43592, 26.78662],
        [77.4362, 26.7869],
        [77.43636, 26.78712],
        [77.4365, 26.7873],
        [77.4367, 26.7876],
        [77.4368, 26.7878],
        [77.43692, 26.78804],
        [77.437, 26.7882],
        [77.4373, 26.7887],
        [77.43732, 26.78875],
        [77.4375, 26.7892],
        [77.4378, 26.7896],
        [77.4393, 26.7923],
        [77.4407, 26.7951],
        [77.44142, 26.7968],
        [77.4415, 26.79699],
        [77.44169, 26.79737],
        [77.44169, 26.79737],
        [77.4417, 26.7974],
        [77.44165, 26.79745],
        [77.44163, 26.79749],
        [77.4416, 26.79754],
        [77.4416, 26.7976],
        [77.441, 26.7978],
        [77.44093, 26.7978],
        [77.4409, 26.7978],
        [77.441, 26.798],
        [77.4422, 26.8006],
        [77.4437, 26.8036],
        [77.4445, 26.805],
        [77.44457, 26.8052],
        [77.4446, 26.8053],
        [77.44457, 26.8054],
        [77.4445, 26.8056],
        [77.4447, 26.8058],
        [77.44497, 26.80639],
        [77.4452, 26.8069],
        [77.4456, 26.8075],
        [77.4456, 26.8078],
        [77.4456, 26.8081],
        [77.44556, 26.80814],
        [77.4455, 26.8082],
        [77.4454, 26.8085],
        [77.4453, 26.8086],
        [77.4453, 26.8089],
        [77.4453, 26.8091],
        [77.44532, 26.80914],
        [77.4454, 26.8093],
        [77.4455, 26.8097],
        [77.44546, 26.80974],
        [77.44546, 26.80975],
        [77.44531, 26.8099],
        [77.4453, 26.80998],
        [77.4453, 26.8101],
        [77.4453, 26.8102],
        [77.4454, 26.8104],
        [77.4454, 26.81047],
        [77.4454, 26.8105],
        [77.4454, 26.8108],
        [77.4453, 26.8109],
        [77.4452, 26.811],
        [77.4451, 26.81119],
        [77.4451, 26.8112],
        [77.4451, 26.81139],
        [77.4451, 26.8115],
        [77.4452, 26.8117],
        [77.44529, 26.81179],
        [77.4453, 26.8118],
        [77.4457, 26.8124],
        [77.44574, 26.81265],
        [77.44581, 26.81298],
        [77.44585, 26.81322],
        [77.446, 26.8138],
        [77.446, 26.8147],
        [77.4459, 26.8154],
        [77.44584, 26.81549],
        [77.4455, 26.816],
        [77.44536, 26.81621],
        [77.4453, 26.8163],
        [77.44496, 26.81656],
        [77.44493, 26.81658],
        [77.44487, 26.81663],
        [77.4446, 26.8169],
        [77.4443, 26.8171],
        [77.4437, 26.8177],
        [77.4401, 26.8211],
        [77.4373, 26.8237],
        [77.4336, 26.8283],
        [77.4331, 26.8287],
        [77.433, 26.8292],
        [77.43272, 26.83026],
        [77.43262, 26.83066],
        [77.43253, 26.83127],
        [77.4323, 26.833],
        [77.4321, 26.8333],
        [77.432, 26.8335],
        [77.43181, 26.8335],
        [77.43173, 26.83351],
        [77.43168, 26.8335],
        [77.4315, 26.8335],
        [77.43029, 26.83272],
        [77.43009, 26.8326],
        [77.43006, 26.83259],
        [77.4297, 26.8325],
        [77.4293, 26.8326],
        [77.42926, 26.83264],
        [77.42914, 26.83278],
        [77.42905, 26.83291],
        [77.429, 26.833],
        [77.4286, 26.8335],
        [77.4282, 26.8338],
        [77.4273, 26.8345],
        [77.42699, 26.83488],
        [77.4264, 26.8356],
        [77.4262, 26.8359],
        [77.4257, 26.8363],
        [77.42551, 26.8364],
        [77.4251, 26.8366],
        [77.42494, 26.83668],
        [77.42472, 26.83682],
        [77.42458, 26.83699],
        [77.4245, 26.8371],
        [77.42432, 26.83738],
        [77.4243, 26.8374],
        [77.4241, 26.8377],
        [77.4232, 26.8391],
        [77.4224, 26.8403],
        [77.4224, 26.84032],
        [77.4224, 26.8406],
        [77.4225, 26.8407],
        [77.4226, 26.8408],
        [77.4228, 26.8409],
        [77.4232, 26.8412],
        [77.4247, 26.8422],
        [77.4253, 26.8428],
        [77.4257, 26.8434],
        [77.4266, 26.8446],
        [77.42678, 26.8449],
        [77.42694, 26.84513],
        [77.42726, 26.84545],
        [77.42743, 26.84555],
        [77.4278, 26.8457],
        [77.42804, 26.84595],
        [77.42814, 26.84601],
        [77.42836, 26.84613],
        [77.4285, 26.8462],
        [77.42854, 26.84622],
        [77.4291, 26.8465],
        [77.4296, 26.8467],
        [77.4297, 26.8468],
        [77.4298, 26.8469],
        [77.42982, 26.84692],
        [77.4302, 26.8473],
        [77.43039, 26.84761],
        [77.43053, 26.84781],
        [77.43062, 26.84799],
        [77.4308, 26.8483],
        [77.4311, 26.849],
        [77.4313, 26.85035],
        [77.4314, 26.851],
        [77.4314, 26.852],
        [77.4314, 26.85204],
        [77.4314, 26.8524],
        [77.43128, 26.85258],
        [77.4312, 26.8527],
        [77.43087, 26.8532],
        [77.4308, 26.8533],
        [77.43078, 26.85332],
        [77.4306, 26.8535],
        [77.4302, 26.854],
        [77.4301, 26.85412],
        [77.4297, 26.8546],
        [77.4293, 26.855],
        [77.429, 26.8554],
        [77.42897, 26.85544],
        [77.42873, 26.85579],
        [77.42847, 26.85619],
        [77.4284, 26.8563],
        [77.42808, 26.85672],
        [77.42738, 26.85764],
        [77.4268, 26.8588],
        [77.42676, 26.85914],
        [77.4267, 26.8596],
        [77.4266, 26.8605],
        [77.4266, 26.86121],
        [77.42661, 26.86157],
        [77.42679, 26.86245],
        [77.42679, 26.86246],
        [77.4268, 26.8625],
        [77.4268, 26.86256],
        [77.4268, 26.8628],
        [77.427, 26.8631],
        [77.4271, 26.8633],
        [77.4276, 26.8637],
        [77.42766, 26.8637],
        [77.4278, 26.8637],
        [77.42784, 26.8637],
        [77.42794, 26.86365],
        [77.42812, 26.86355],
        [77.4282, 26.8635],
        [77.4292, 26.8633],
        [77.4332, 26.863],
        [77.4337, 26.863],
        [77.4349, 26.863],
        [77.43503, 26.863],
        [77.4352, 26.863],
        [77.4359, 26.8629],
        [77.43656, 26.86275],
        [77.4368, 26.8627],
        [77.4373, 26.8627],
        [77.4377, 26.8627],
        [77.4379, 26.8628],
        [77.43797, 26.86284],
        [77.4383, 26.863],
        [77.4389, 26.8633],
        [77.4401, 26.8639],
        [77.4419, 26.8652],
        [77.44322, 26.8661],
        [77.4441, 26.8667],
        [77.44443, 26.86703],
        [77.4456, 26.8682],
        [77.4464, 26.8693],
        [77.4469, 26.87],
        [77.44706, 26.87039],
        [77.4474, 26.8712],
        [77.44767, 26.87237],
        [77.4478, 26.8729],
        [77.44798, 26.87434],
        [77.448, 26.8745],
        [77.4482, 26.8748],
        [77.44825, 26.87487],
        [77.4484, 26.8751],
        [77.4487, 26.8751],
        [77.4488, 26.8751],
        [77.44882, 26.87508],
        [77.4489, 26.875],
        [77.4494, 26.8747],
        [77.451, 26.8736],
        [77.45146, 26.87327],
        [77.4524, 26.8726],
        [77.4534, 26.872],
        [77.4542, 26.8717],
        [77.4551, 26.8715],
        [77.456, 26.8715],
        [77.4566, 26.8716],
        [77.45689, 26.87169],
        [77.4579, 26.872],
        [77.459, 26.8725],
        [77.4597, 26.873],
        [77.4604, 26.8739],
        [77.46077, 26.87449],
        [77.4609, 26.8747],
        [77.4614, 26.8755],
        [77.4617, 26.8761],
        [77.46178, 26.87626],
        [77.4619, 26.8765],
        [77.46193, 26.87664],
        [77.462, 26.877],
        [77.4621, 26.87719],
        [77.4621, 26.8772],
        [77.4621, 26.87721],
        [77.46213, 26.8775],
        [77.46215, 26.87768],
        [77.4622, 26.8779],
        [77.4622, 26.8788],
        [77.46219, 26.87884],
        [77.4615, 26.8813],
        [77.461, 26.8833],
        [77.46063, 26.88422],
        [77.4604, 26.8848],
        [77.4603, 26.8853],
        [77.4603, 26.88536],
        [77.46032, 26.8854],
        [77.4609, 26.8854],
        [77.46096, 26.8854],
        [77.4611, 26.8854],
        [77.4612, 26.8853],
        [77.4618, 26.8852],
        [77.462, 26.8852],
        [77.4623, 26.8853],
        [77.4625, 26.8853],
        [77.46254, 26.8853],
        [77.4627, 26.8853],
        [77.46303, 26.88538],
        [77.4631, 26.8854],
        [77.4634, 26.8855],
        [77.46378, 26.88556],
        [77.464, 26.8856],
        [77.4651, 26.886],
        [77.4672, 26.8866],
        [77.46721, 26.88661],
        [77.46723, 26.88661],
        [77.46729, 26.88663],
        [77.4682, 26.887],
        [77.46852, 26.88719],
        [77.4687, 26.8873],
        [77.469, 26.8875],
        [77.4693, 26.8878],
        [77.4697, 26.8881],
        [77.47, 26.8884],
        [77.4705, 26.8889],
        [77.4719, 26.89],
        [77.4725, 26.8904],
        [77.47295, 26.89077],
        [77.4731, 26.8909],
        [77.4748, 26.8919],
        [77.4775, 26.8936],
        [77.4789, 26.8943],
        [77.47984, 26.8948],
        [77.4802, 26.895],
        [77.4806, 26.8952],
        [77.481, 26.8955],
        [77.4818, 26.8961],
        [77.48195, 26.89621],
        [77.4822, 26.8964],
        [77.4826, 26.8966],
        [77.4835, 26.897],
        [77.485, 26.8978],
        [77.4863, 26.8982],
        [77.4865, 26.89828],
        [77.48776, 26.89877],
        [77.48785, 26.89883],
        [77.4886, 26.8993],
        [77.48935, 26.8998],
        [77.48953, 26.89991],
        [77.4897, 26.9001],
        [77.4899, 26.9003],
        [77.49, 26.9003],
        [77.49008, 26.9003],
        [77.49017, 26.90027],
        [77.49026, 26.90018],
        [77.4903, 26.9001],
        [77.49073, 26.89984],
        [77.49079, 26.8998],
        [77.49094, 26.89978],
        [77.4916, 26.8997],
        [77.4918, 26.8997],
        [77.4919, 26.8997],
        [77.49198, 26.89978],
        [77.49203, 26.8998],
        [77.49209, 26.89981],
        [77.4926, 26.8999],
        [77.49281, 26.9],
        [77.493, 26.9001],
        [77.4941, 26.9004],
        [77.49438, 26.90048],
        [77.4961, 26.901],
        [77.49825, 26.90178],
        [77.49864, 26.90191],
        [77.5005, 26.9022],
        [77.50072, 26.90228],
        [77.5026, 26.903],
        [77.5059, 26.9042],
        [77.50761, 26.90493],
        [77.508, 26.9051],
        [77.50903, 26.90546],
        [77.5106, 26.906],
        [77.5122, 26.9066],
        [77.51385, 26.90729],
        [77.5153, 26.9079],
        [77.51609, 26.90821],
        [77.5166, 26.9084],
        [77.5183, 26.9089],
        [77.5193, 26.9091],
        [77.5198, 26.9092],
        [77.5201, 26.9094],
        [77.5206, 26.9097],
        [77.5213, 26.9101],
        [77.52148, 26.91018],
        [77.522, 26.9104],
        [77.52231, 26.91052],
        [77.52253, 26.91059],
        [77.52298, 26.91076],
        [77.5234, 26.9109],
        [77.5238, 26.911],
        [77.52395, 26.91104],
        [77.52422, 26.91109],
        [77.52464, 26.91109],
        [77.52474, 26.91108],
        [77.5252, 26.911],
        [77.52526, 26.91101],
        [77.5257, 26.9111],
        [77.5262, 26.9113],
        [77.5268, 26.9116],
        [77.52692, 26.91162],
        [77.5274, 26.9117],
        [77.5285, 26.9119],
        [77.5299, 26.91228],
        [77.5307, 26.9125],
        [77.53268, 26.9129],
        [77.5337, 26.9131],
        [77.5351, 26.9134],
        [77.53552, 26.91346],
        [77.5364, 26.9136],
        [77.53677, 26.9136],
        [77.5368, 26.9136],
        [77.5372, 26.9139],
        [77.5378, 26.9144],
        [77.5387, 26.9147],
        [77.53941, 26.91497],
        [77.54, 26.9152],
        [77.5416, 26.9157],
        [77.5434, 26.9162],
        [77.5437, 26.9162],
        [77.5438, 26.91617],
        [77.544, 26.9161],
        [77.545, 26.9152],
        [77.54515, 26.9152],
        [77.54523, 26.91519],
        [77.5455, 26.9152],
        [77.5462, 26.9156],
        [77.5476, 26.9164],
        [77.54851, 26.91682],
        [77.5491, 26.9171],
        [77.5502, 26.9176],
        [77.551, 26.9182],
        [77.55134, 26.91845],
        [77.5521, 26.919],
        [77.55248, 26.91934],
        [77.5529, 26.9197],
        [77.55342, 26.91987],
        [77.5535, 26.9199],
        [77.55402, 26.91999],
        [77.55413, 26.92],
        [77.55425, 26.92003],
        [77.5553, 26.9202],
        [77.55631, 26.92056],
        [77.557, 26.9208],
        [77.55746, 26.92088],
        [77.5581, 26.921],
        [77.5589, 26.9211],
        [77.55893, 26.9211],
        [77.5604, 26.9212],
        [77.56125, 26.92109],
        [77.562, 26.921],
        [77.5639, 26.9209],
        [77.56517, 26.92098],
        [77.56536, 26.92099],
        [77.56586, 26.92097],
        [77.5671, 26.9209],
        [77.5677, 26.921],
        [77.5687, 26.9212],
        [77.57, 26.9216],
        [77.57087, 26.92189],
        [77.5715, 26.9221],
        [77.57202, 26.9222],
        [77.5725, 26.9223],
        [77.57285, 26.92236],
        [77.5736, 26.9225],
        [77.575, 26.9226],
        [77.5758, 26.9227],
        [77.57641, 26.92278],
        [77.5774, 26.9229],
        [77.579, 26.9233],
        [77.581, 26.9237],
        [77.58234, 26.92397],
        [77.5825, 26.924],
        [77.5829, 26.9241],
        [77.5832, 26.9242],
        [77.5833, 26.9243],
        [77.58332, 26.92433],
        [77.5834, 26.9245],
        [77.58354, 26.92486],
        [77.5838, 26.9255],
        [77.58468, 26.92667],
        [77.5847, 26.9267],
        [77.5847, 26.92671],
        [77.58472, 26.92673],
        [77.5851, 26.9275],
        [77.5854, 26.9285],
        [77.5859, 26.9294],
        [77.5864, 26.93],
        [77.58657, 26.93013],
        [77.5868, 26.9303],
        [77.5871, 26.9304],
        [77.5875, 26.9306],
        [77.5878, 26.9307],
        [77.5881, 26.931],
        [77.5883, 26.9317],
        [77.5883, 26.93217],
        [77.5883, 26.9322],
        [77.5881, 26.9331],
        [77.58805, 26.93335],
        [77.58801, 26.93363],
        [77.58803, 26.93393],
        [77.58807, 26.93412],
        [77.5882, 26.9345],
        [77.5886, 26.9354],
        [77.58862, 26.93544],
        [77.58874, 26.93561],
        [77.58887, 26.93568],
        [77.5889, 26.9357],
        [77.5892, 26.9357],
        [77.5899, 26.9355],
        [77.59013, 26.9355],
        [77.59023, 26.93549],
        [77.5905, 26.93549],
        [77.59072, 26.93558],
        [77.59085, 26.93565],
        [77.591, 26.9357],
        [77.5912, 26.9359],
        [77.59121, 26.93592],
        [77.5913, 26.9362],
        [77.59143, 26.9367],
        [77.5915, 26.937],
        [77.5917, 26.9382],
        [77.5921, 26.9396],
        [77.59213, 26.93973],
        [77.59225, 26.94005],
        [77.5924, 26.94016],
        [77.59247, 26.94019],
        [77.59264, 26.94018],
        [77.5931, 26.9401],
        [77.59371, 26.93984],
        [77.5945, 26.9395],
        [77.5958, 26.939],
        [77.5971, 26.9385],
        [77.5973, 26.9383],
        [77.59738, 26.9383],
        [77.5974, 26.9383],
        [77.5975, 26.9381],
        [77.5975, 26.938],
        [77.5975, 26.9378],
        [77.5974, 26.9376],
        [77.5972, 26.9372],
        [77.59714, 26.93684],
        [77.59707, 26.93662],
        [77.59706, 26.93647],
        [77.597, 26.9363],
        [77.59704, 26.93621],
        [77.5971, 26.9361],
        [77.5973, 26.9355],
        [77.5979, 26.9349],
        [77.59807, 26.93479],
        [77.5985, 26.9345],
        [77.6002, 26.9338],
        [77.60112, 26.93351],
        [77.6018, 26.9333],
        [77.602, 26.9333],
        [77.6022, 26.9333],
        [77.6022, 26.9333],
        [77.6032, 26.9339],
        [77.6068, 26.9366],
        [77.60724, 26.93699],
        [77.6087, 26.9383],
        [77.6116, 26.9408],
        [77.61217, 26.94137],
        [77.6143, 26.9435],
        [77.6149, 26.94403],
        [77.616, 26.945],
        [77.61727, 26.94579],
        [77.6176, 26.946],
        [77.61946, 26.94714],
        [77.62067, 26.94787],
        [77.62089, 26.94804],
        [77.6223, 26.9491],
        [77.6235, 26.95],
        [77.62403, 26.95033],
        [77.6243, 26.9505],
        [77.6249, 26.9508],
        [77.6256, 26.95094],
        [77.6259, 26.951],
        [77.62658, 26.95119],
        [77.62703, 26.95129],
        [77.62773, 26.95137],
        [77.629, 26.9515],
        [77.6296, 26.9516],
        [77.63, 26.9517],
        [77.63002, 26.95172],
        [77.6301, 26.9518],
        [77.6305, 26.952],
        [77.63104, 26.95236],
        [77.6314, 26.9526],
        [77.6328, 26.9537],
        [77.6336, 26.9546],
        [77.6339, 26.9549],
        [77.63412, 26.9551],
        [77.63432, 26.95523],
        [77.6346, 26.9554],
        [77.6351, 26.9557],
        [77.63575, 26.95605],
        [77.6364, 26.9564],
        [77.6371, 26.9568],
        [77.6388, 26.9578],
        [77.6397, 26.9583],
        [77.6407, 26.9589],
        [77.64111, 26.95904],
        [77.6416, 26.9592],
        [77.64213, 26.9595],
        [77.64323, 26.9601],
        [77.64334, 26.96013],
        [77.6442, 26.9603],
        [77.6449, 26.9604],
        [77.64522, 26.96059],
        [77.6454, 26.96068],
        [77.64573, 26.96097],
        [77.646, 26.9612],
        [77.64628, 26.96139],
        [77.6463, 26.9614],
        [77.6468, 26.9616],
        [77.64756, 26.96183],
        [77.6481, 26.962],
        [77.64849, 26.96221],
        [77.6494, 26.9627],
        [77.6507, 26.9635],
        [77.65195, 26.96439],
        [77.6521, 26.9645],
        [77.6533, 26.9655],
        [77.65375, 26.96603],
        [77.6544, 26.9668],
        [77.6546, 26.9672],
        [77.6547, 26.96727],
        [77.655, 26.9675],
        [77.6553, 26.9678],
        [77.6556, 26.96803],
        [77.6562, 26.9685],
        [77.6577, 26.9693],
        [77.65865, 26.96985],
        [77.6596, 26.9704],
        [77.6608, 26.971],
        [77.66094, 26.97105],
        [77.66114, 26.9711],
        [77.6613, 26.9711],
        [77.6616, 26.9709],
        [77.6619, 26.9705],
        [77.66256, 26.96945],
        [77.6636, 26.9678],
        [77.6642, 26.9667],
        [77.6642, 26.9666],
        [77.6642, 26.9664],
        [77.6642, 26.96634],
        [77.66417, 26.96626],
        [77.66397, 26.96587],
        [77.66391, 26.96563],
        [77.6638, 26.9653],
        [77.6638, 26.96519],
        [77.6638, 26.9651],
        [77.6638, 26.9646],
        [77.66389, 26.96433],
        [77.6639, 26.9643],
        [77.66395, 26.96428],
        [77.66406, 26.96417],
        [77.66431, 26.96415],
        [77.6645, 26.9641],
        [77.6651, 26.964],
        [77.66517, 26.964],
        [77.66521, 26.96398],
        [77.6653, 26.9638],
        [77.6654, 26.9637],
        [77.6654, 26.9635],
        [77.66547, 26.96337],
        [77.6655, 26.9633],
        [77.6655, 26.9631],
        [77.6655, 26.9629],
        [77.6655, 26.96288],
        [77.6655, 26.9628],
        [77.66553, 26.9628],
        [77.66555, 26.96278],
        [77.6656, 26.96274],
        [77.6656, 26.9627],
        [77.6657, 26.9627],
        [77.6658, 26.9628],
        [77.66589, 26.96291],
        [77.6662, 26.9633],
        [77.66673, 26.96354],
        [77.6671, 26.9637],
        [77.66726, 26.96378],
        [77.66733, 26.9638],
        [77.6677, 26.9638],
        [77.6678, 26.96385],
        [77.66795, 26.96386],
        [77.66799, 26.96386],
        [77.6681, 26.9638],
        [77.6683, 26.9638],
        [77.6684, 26.9637],
        [77.6687, 26.9635],
        [77.66876, 26.96344],
        [77.66881, 26.96339],
        [77.66886, 26.96327],
        [77.66886, 26.96327],
        [77.6689, 26.96318],
        [77.6689, 26.963],
        [77.66886, 26.96275],
        [77.6688, 26.9623],
        [77.6687, 26.962],
        [77.6687, 26.96192],
        [77.6687, 26.9619],
        [77.6687, 26.96186],
        [77.66879, 26.96177],
        [77.66887, 26.96173],
        [77.6689, 26.9617],
        [77.66895, 26.9617],
        [77.66905, 26.96166],
        [77.66918, 26.96164],
        [77.6693, 26.9616],
        [77.6695, 26.9616],
        [77.66954, 26.96164],
        [77.66962, 26.96166],
        [77.66974, 26.9617],
        [77.6698, 26.9617],
        [77.66993, 26.96177],
        [77.67, 26.96179],
        [77.67011, 26.96186],
        [77.67026, 26.96198],
        [77.6703, 26.962],
        [77.6706, 26.9624],
        [77.67069, 26.96266],
        [77.6707, 26.96269],
        [77.67074, 26.96275],
        [77.6708, 26.9628],
        [77.67082, 26.96282],
        [77.6709, 26.96287],
        [77.67095, 26.9629],
        [77.671, 26.9629],
        [77.6711, 26.9629],
        [77.67113, 26.9629],
        [77.67123, 26.96287],
        [77.67138, 26.96276],
        [77.67146, 26.96261],
        [77.6715, 26.9625],
        [77.6715, 26.9622],
        [77.6715, 26.9621],
        [77.6712, 26.9615],
        [77.6711, 26.9612],
        [77.6711, 26.961],
        [77.67119, 26.96072],
        [77.6712, 26.96069],
        [77.67129, 26.96049],
        [77.6716, 26.96028],
        [77.67182, 26.96014],
        [77.672, 26.96],
        [77.67206, 26.96],
        [77.6722, 26.96],
        [77.6723, 26.96],
        [77.6724, 26.96],
        [77.6725, 26.96],
        [77.6727, 26.9601],
        [77.67275, 26.9602],
        [77.6728, 26.9603],
        [77.6728, 26.9605],
        [77.6728, 26.9609],
        [77.6728, 26.96094],
        [77.67283, 26.96111],
        [77.67284, 26.96119],
        [77.6729, 26.9613],
        [77.6729, 26.96135],
        [77.67294, 26.96142],
        [77.67305, 26.96155],
        [77.6731, 26.9616],
        [77.67315, 26.9617],
        [77.6732, 26.9618],
        [77.6736, 26.9621],
        [77.67382, 26.96226],
        [77.674, 26.9624],
        [77.6741, 26.9626],
        [77.6741, 26.96262],
        [77.67413, 26.96267],
        [77.67414, 26.9627],
        [77.6742, 26.9627],
        [77.67414, 26.96282],
        [77.67413, 26.96289],
        [77.67411, 26.96298],
        [77.6741, 26.96301],
        [77.6741, 26.9631],
        [77.674, 26.9633],
        [77.67396, 26.9633],
        [77.67389, 26.96335],
        [77.67384, 26.96346],
        [77.67382, 26.96355],
        [77.67382, 26.96362],
        [77.674, 26.9638],
        [77.67406, 26.96386],
        [77.67417, 26.9639],
        [77.6743, 26.9639],
        [77.67442, 26.96396],
        [77.6745, 26.964],
        [77.675, 26.964],
        [77.6751, 26.9641],
        [77.6751, 26.9642],
        [77.6752, 26.9643],
        [77.6753, 26.9646],
        [77.6754, 26.9647],
        [77.6755, 26.9648],
        [77.67555, 26.9648],
        [77.6756, 26.9648],
        [77.6757, 26.9648],
        [77.6758, 26.9648],
        [77.6759, 26.9648],
        [77.6761, 26.9647],
        [77.67619, 26.96465],
        [77.67627, 26.9646],
        [77.67633, 26.96456],
        [77.67647, 26.96458],
        [77.67649, 26.9646],
        [77.6765, 26.9646],
        [77.67655, 26.96465],
        [77.67662, 26.96471],
        [77.67682, 26.96489],
        [77.6769, 26.965],
        [77.677, 26.9651],
        [77.67702, 26.96513],
        [77.6772, 26.9654],
        [77.6774, 26.9662],
        [77.6775, 26.9675],
        [77.67754, 26.96768],
        [77.6776, 26.9679],
        [77.6772, 26.9694],
        [77.6769, 26.9708],
        [77.6766, 26.9724],
        [77.6766, 26.97297],
        [77.67662, 26.97322],
        [77.67665, 26.97325],
        [77.67667, 26.97327],
        [77.67671, 26.9733],
        [77.67674, 26.97331],
        [77.67692, 26.97335],
        [77.6776, 26.9735],
        [77.6794, 26.9736],
        [77.6802, 26.9736],
        [77.6814, 26.9733],
        [77.6824, 26.973],
        [77.6832, 26.9729],
        [77.68348, 26.9729],
        [77.6839, 26.9729],
        [77.6844, 26.973],
        [77.68485, 26.97309],
        [77.6849, 26.9731],
        [77.6853, 26.9733],
        [77.68548, 26.97339],
        [77.6855, 26.9734],
        [77.68553, 26.97346],
        [77.68562, 26.97361],
        [77.6857, 26.97367],
        [77.68584, 26.9737],
        [77.6859, 26.9737],
        [77.68615, 26.97373],
        [77.6867, 26.9738],
        [77.6878, 26.9741],
        [77.6883, 26.9742],
        [77.689, 26.9743],
        [77.6901, 26.9743],
        [77.6914, 26.97425],
        [77.6927, 26.9742],
        [77.6949, 26.9743],
        [77.6965, 26.9744],
        [77.69703, 26.97448],
        [77.6979, 26.9746],
        [77.6988, 26.9748],
        [77.6996, 26.9751],
        [77.69998, 26.97523],
        [77.7002, 26.9753],
        [77.70096, 26.97583],
        [77.70125, 26.97602],
        [77.70187, 26.97645],
        [77.703, 26.9772],
        [77.7038, 26.9777],
        [77.70414, 26.97785],
        [77.7047, 26.9781],
        [77.706, 26.9785],
        [77.7076, 26.9789],
        [77.70786, 26.97894],
        [77.7083, 26.979],
        [77.7089, 26.9792],
        [77.7094, 26.9795],
        [77.7109, 26.9808],
        [77.7122, 26.9818],
        [77.7133, 26.9825],
        [77.7152, 26.9836],
        [77.7166, 26.9844],
        [77.7184, 26.9851],
        [77.71897, 26.98543],
        [77.7196, 26.9858],
        [77.7211, 26.9868],
        [77.7221, 26.9875],
        [77.72215, 26.98752],
        [77.7226, 26.9877],
        [77.7227, 26.9878],
        [77.7228, 26.9879],
        [77.723, 26.9879],
        [77.7232, 26.9879],
        [77.7243, 26.9872],
        [77.72471, 26.98691],
        [77.7257, 26.9862],
        [77.7269, 26.9851],
        [77.72769, 26.98425],
        [77.7282, 26.9837],
        [77.7289, 26.9832],
        [77.72922, 26.98304],
        [77.7295, 26.9829],
        [77.7302, 26.9829],
        [77.7305, 26.983],
        [77.73065, 26.98308],
        [77.7307, 26.9831],
        [77.7313, 26.9831],
        [77.7323, 26.9829],
        [77.73234, 26.98286],
        [77.7324, 26.9828],
        [77.7327, 26.9829],
        [77.733, 26.983],
        [77.7342, 26.9833],
        [77.7347, 26.9836],
        [77.73476, 26.98362],
        [77.735, 26.9837],
        [77.7354, 26.9838],
        [77.7369, 26.9841],
        [77.7381, 26.9842],
        [77.73838, 26.98422],
        [77.7393, 26.9843],
        [77.7396, 26.9843],
        [77.7401, 26.9842],
        [77.7407, 26.984],
        [77.7413, 26.9836],
        [77.7414, 26.9835],
        [77.74146, 26.98344],
        [77.7415, 26.9834],
        [77.74155, 26.98345],
        [77.7416, 26.98348],
        [77.74184, 26.98372],
        [77.742, 26.9838],
        [77.7422, 26.9838],
        [77.74233, 26.9838],
        [77.7425, 26.9838],
        [77.7432, 26.9834],
        [77.7433, 26.9833],
        [77.7434, 26.9833],
        [77.7436, 26.9834],
        [77.7437, 26.9835],
        [77.7439, 26.9836],
        [77.74416, 26.98374],
        [77.745, 26.9842],
        [77.74523, 26.98449],
        [77.7454, 26.9847],
        [77.7457, 26.9852],
        [77.74616, 26.98605],
        [77.7464, 26.9865],
        [77.74648, 26.98674],
        [77.747, 26.9884],
        [77.7474, 26.9898],
        [77.7474, 26.99],
        [77.7474, 26.99003],
        [77.7474, 26.9902],
        [77.7469, 26.99119],
        [77.74679, 26.99144],
        [77.74621, 26.99251],
        [77.7459, 26.9931],
        [77.7459, 26.9932],
        [77.74586, 26.99324],
        [77.7458, 26.9933],
        [77.7459, 26.9935],
        [77.746, 26.9935],
        [77.7461, 26.9935],
        [77.7462, 26.9935],
        [77.7463, 26.9936],
        [77.7463, 26.99368],
        [77.7463, 26.9937],
        [77.746, 26.9944],
        [77.7458, 26.9948],
        [77.7457, 26.995],
        [77.7457, 26.99503],
        [77.74571, 26.99507],
        [77.74577, 26.9951],
        [77.7458, 26.9951],
        [77.74589, 26.99515],
        [77.74599, 26.99516],
        [77.74617, 26.99514],
        [77.7463, 26.9951],
        [77.74659, 26.9951],
        [77.74668, 26.99509],
        [77.74714, 26.99501],
        [77.7472, 26.995],
        [77.7479, 26.9948],
        [77.74801, 26.99474],
        [77.7487, 26.9944],
        [77.752, 26.9926],
        [77.7527, 26.99298],
        [77.7533, 26.9933],
        [77.7542, 26.9935],
        [77.7554, 26.9938],
        [77.75611, 26.9941],
        [77.7566, 26.9943],
        [77.7572, 26.995],
        [77.75729, 26.99521],
        [77.7576, 26.9959],
        [77.7578, 26.9969],
        [77.75776, 26.99689],
        [77.7566, 26.9967],
        [77.7549, 26.9968],
        [77.7544, 26.99693],
        [77.7533, 26.9972],
        [77.7528, 26.9973],
        [77.75164, 26.99749],
        [77.75134, 26.99782],
        [77.7511, 26.9981],
        [77.7503, 26.9993],
        [77.75, 26.99985],
        [77.7498, 27.0002],
        [77.7496, 27.0013],
        [77.74963, 27.0013],
        [77.7514, 27.0016],
        [77.7527, 27.00154],
        [77.7536, 27.0015],
        [77.7564, 27.0006],
        [77.7571, 27.0004],
        [77.759, 26.9997],
        [77.7606, 26.9992],
        [77.76199, 26.9991],
        [77.762, 26.9991],
        [77.7626, 26.9995],
        [77.76259, 26.99954],
        [77.76259, 26.99954],
        [77.76256, 26.9996],
        [77.7623, 27.0003],
        [77.76238, 27.00113],
        [77.76241, 27.00139],
        [77.7626, 27.00187],
        [77.76267, 27.00217],
        [77.7627, 27.0023],
        [77.7627, 27.0027],
        [77.7628, 27.0032],
        [77.7628, 27.00327],
        [77.76303, 27.0036],
        [77.76357, 27.00446],
        [77.76438, 27.00523],
        [77.76489, 27.00574],
        [77.76546, 27.00656],
        [77.76608, 27.0071],
        [77.76684, 27.00765],
        [77.7679, 27.00809],
        [77.76885, 27.00837],
        [77.77245, 27.00803],
        [77.77353, 27.00799],
        [77.77417, 27.00797],
        [77.77519, 27.00782],
        [77.77698, 27.00722],
        [77.77847, 27.00672],
        [77.77995, 27.00635],
        [77.78099, 27.00607],
        [77.78188, 27.00577],
        [77.78338, 27.00526],
        [77.78925, 27.00295],
        [77.79203, 27.00269],
        [77.79391, 27.00272],
        [77.79518, 27.00308],
        [77.79636, 27.00447],
        [77.79749, 27.00637],
        [77.79758, 27.00661],
        [77.79962, 27.0118],
        [77.80191, 27.01903],
        [77.80216, 27.01949],
        [77.80438, 27.0236],
        [77.8051, 27.02491],
        [77.80865, 27.03092],
        [77.80976, 27.03168],
        [77.81041, 27.03199],
        [77.81107, 27.03198],
        [77.81427, 27.03193],
        [77.81761, 27.03199],
        [77.8188, 27.03186],
        [77.82098, 27.03175],
        [77.82232, 27.03177],
        [77.824, 27.03179],
        [77.82464, 27.0318],
        [77.82601, 27.03182],
        [77.82719, 27.03168],
        [77.83043, 27.03099],
        [77.8318, 27.03057],
        [77.83402, 27.03015],
        [77.8369, 27.02973],
        [77.83979, 27.02931],
        [77.83998, 27.02933],
        [77.84178, 27.02959],
        [77.84391, 27.03016],
        [77.8452, 27.03073],
        [77.84582, 27.03144],
        [77.84737, 27.03286],
        [77.84998, 27.03585],
        [77.85461, 27.04065],
        [77.85598, 27.04235],
        [77.85593, 27.04292],
        [77.86387, 27.04152],
        [77.86558, 27.04102],
        [77.86839, 27.0405],
        [77.87007, 27.04031],
        [77.87082, 27.04013],
        [77.87234, 27.03963],
        [77.87367, 27.03929],
        [77.87428, 27.03936],
        [77.87476, 27.03942],
        [77.87531, 27.03957],
        [77.87621, 27.03986],
        [77.87708, 27.04047],
        [77.8781, 27.04154],
        [77.87856, 27.04279],
        [77.87919, 27.04403],
        [77.88119, 27.04665],
        [77.88243, 27.0474],
        [77.8837, 27.04768],
        [77.88483, 27.0475],
        [77.88655, 27.04682],
        [77.8881, 27.04599],
        [77.88945, 27.04533],
        [77.89024, 27.04483],
        [77.89306, 27.04428],
        [77.89455, 27.04423],
        [77.89508, 27.04433],
        [77.89766, 27.04477],
        [77.90161, 27.04857],
        [77.90519, 27.05223],
        [77.90893, 27.05414],
        [77.91144, 27.05516],
        [77.91307, 27.05573],
        [77.9138, 27.05586],
        [77.91563, 27.05611],
        [77.91727, 27.05652],
        [77.91944, 27.05723],
        [77.91958, 27.05733],
        [77.92084, 27.05828],
        [77.92221, 27.05964],
        [77.9234, 27.06086],
        [77.92425, 27.06178],
        [77.9248, 27.06191],
        [77.92553, 27.06204],
        [77.92625, 27.06233],
        [77.92694, 27.06294],
        [77.92801, 27.06353],
        [77.92857, 27.0635],
        [77.92913, 27.06348],
        [77.92954, 27.06299],
        [77.9296, 27.06235],
        [77.93004, 27.06154],
        [77.9303, 27.06074],
        [77.93053, 27.06026],
        [77.93094, 27.05977],
        [77.93177, 27.05878],
        [77.93275, 27.05827],
        [77.93332, 27.05809],
        [77.93356, 27.05744],
        [77.93379, 27.05696],
        [77.93383, 27.05648],
        [77.93389, 27.05585],
        [77.93396, 27.05506],
        [77.93459, 27.05424],
        [77.93482, 27.05376],
        [77.93486, 27.05328],
        [77.93511, 27.05248],
        [77.93593, 27.05166],
        [77.93727, 27.05128],
        [77.9384, 27.05108],
        [77.93932, 27.05119],
        [77.94125, 27.05048],
        [77.94223, 27.04996],
        [77.94378, 27.04926],
        [77.94475, 27.0489],
        [77.94588, 27.04869],
        [77.9474, 27.04846],
        [77.94891, 27.04823],
        [77.95002, 27.04834],
        [77.95115, 27.04828],
        [77.95171, 27.04826],
        [77.95209, 27.04824],
        [77.95324, 27.04787],
        [77.95327, 27.04755],
        [77.95331, 27.04707],
        [77.95318, 27.04645],
        [77.95265, 27.046],
        [77.95184, 27.04462],
        [77.95097, 27.04387],
        [77.95046, 27.04327],
        [77.95052, 27.04263],
        [77.9506, 27.04169],
        [77.95069, 27.04058],
        [77.95037, 27.03996],
        [77.94975, 27.03858],
        [77.94944, 27.03781],
        [77.94912, 27.03719],
        [77.94884, 27.03611],
        [77.94876, 27.03485],
        [77.94888, 27.03343],
        [77.949, 27.03202],
        [77.94951, 27.03042],
        [77.95034, 27.02944],
        [77.95119, 27.0283],
        [77.95172, 27.02802],
        [77.95217, 27.02778],
        [77.95312, 27.02758],
        [77.95443, 27.02751],
        [77.95575, 27.02744],
        [77.95653, 27.02709],
        [77.95772, 27.02624],
        [77.95835, 27.02542],
        [77.95847, 27.02401],
        [77.95815, 27.0232],
        [77.95785, 27.02247],
        [77.95781, 27.02076],
        [77.95792, 27.01954],
        [77.95822, 27.01824],
        [77.95945, 27.01692],
        [77.9618, 27.01569],
        [77.96357, 27.01466],
        [77.96474, 27.01412],
        [77.96705, 27.01336],
        [77.96811, 27.01278],
        [77.96961, 27.01196],
        [77.97036, 27.0115],
        [77.97475, 27.00883],
        [77.97716, 27.00696],
        [77.97876, 27.00576],
        [77.9792, 27.00495],
        [77.97963, 27.0043],
        [77.97992, 27.00319],
        [77.98043, 27.00159],
        [77.98133, 26.99982],
        [77.98217, 26.99866],
        [77.98263, 26.9977],
        [77.9831, 26.99657],
        [77.98322, 26.99516],
        [77.98292, 26.99425],
        [77.98226, 26.99321],
        [77.98177, 26.99232],
        [77.98169, 26.99108],
        [77.98162, 26.9897],
        [77.9824, 26.98839],
        [77.98249, 26.98824],
        [77.9835, 26.98739],
        [77.98507, 26.98665],
        [77.98659, 26.98638],
        [77.98793, 26.98611],
        [77.98986, 26.9855],
        [77.99142, 26.9849],
        [77.9924, 26.98436],
        [77.99321, 26.98367],
        [77.99405, 26.98267],
        [77.99524, 26.98194],
        [77.99661, 26.98136],
        [77.99777, 26.98095],
        [77.99914, 26.98036],
        [78.00075, 26.97913],
        [78.00139, 26.97814],
        [78.00225, 26.97697],
        [78.00289, 26.97623],
        [78.00329, 26.97578],
        [78.00507, 26.97467],
        [78.00686, 26.97356],
        [78.00884, 26.97243],
        [78.01004, 26.97169],
        [78.01065, 26.97116],
        [78.01145, 26.97061],
        [78.01186, 26.97032],
        [78.01326, 26.96933],
        [78.01459, 26.96919],
        [78.01555, 26.96909],
        [78.01566, 26.96904],
        [78.01751, 26.96826],
        [78.01807, 26.96801],
        [78.01888, 26.96764],
        [78.02008, 26.96688],
        [78.02068, 26.9665],
        [78.0215, 26.96578],
        [78.02175, 26.96545],
        [78.02214, 26.96492],
        [78.02323, 26.96426],
        [78.02434, 26.96358],
        [78.0255, 26.96329],
        [78.02664, 26.96317],
        [78.02813, 26.96348],
        [78.02893, 26.96339],
        [78.03035, 26.96323],
        [78.031, 26.96316],
        [78.03236, 26.96269],
        [78.03333, 26.96242],
        [78.03451, 26.96201],
        [78.03469, 26.96195],
        [78.03585, 26.96166],
        [78.03663, 26.96141],
        [78.03762, 26.96098],
        [78.03831, 26.96058],
        [78.03901, 26.96018],
        [78.03983, 26.95944],
        [78.04025, 26.95891],
        [78.04032, 26.9581],
        [78.03941, 26.95772],
        [78.03813, 26.95724],
        [78.03726, 26.95638],
        [78.03711, 26.95592],
        [78.037, 26.95498],
        [78.03731, 26.95366],
        [78.03761, 26.95235],
        [78.03765, 26.95222],
        [78.03789, 26.95136],
        [78.03835, 26.95051],
        [78.03942, 26.9491],
        [78.04065, 26.94798],
        [78.04146, 26.9474],
        [78.04245, 26.94695],
        [78.04304, 26.94671],
        [78.04336, 26.94674],
        [78.04379, 26.94677],
        [78.04448, 26.94748],
        [78.04495, 26.94854],
        [78.0453, 26.94882],
        [78.04586, 26.9489],
        [78.04642, 26.94899],
        [78.04798, 26.94847],
        [78.0487, 26.94817],
        [78.04915, 26.94799],
        [78.04977, 26.94742],
        [78.05077, 26.9468],
        [78.05158, 26.94621],
        [78.05201, 26.94566],
        [78.05244, 26.94512],
        [78.05348, 26.944],
        [78.05367, 26.9439],
        [78.05428, 26.94357],
        [78.05526, 26.9431],
        [78.05601, 26.94316],
        [78.05694, 26.94335],
        [78.05767, 26.94358],
        [78.05939, 26.94333],
        [78.06025, 26.94223],
        [78.06109, 26.94129],
        [78.06263, 26.9409],
        [78.06373, 26.94122],
        [78.06465, 26.94142],
        [78.06526, 26.94091],
        [78.06608, 26.94021],
        [78.06654, 26.93932],
        [78.06716, 26.93858],
        [78.06781, 26.93781],
        [78.0692, 26.93709],
        [78.07037, 26.93658],
        [78.07256, 26.93585],
        [78.07328, 26.93561],
        [78.07499, 26.93533],
        [78.07647, 26.93559],
        [78.07831, 26.93595],
        [78.0803, 26.93663],
        [78.08136, 26.93729],
        [78.08246, 26.93762],
        [78.08366, 26.93674],
        [78.08413, 26.93565],
        [78.08424, 26.93444],
        [78.08488, 26.93349],
        [78.08556, 26.93219],
        [78.08632, 26.93144],
        [78.08658, 26.93118],
        [78.08774, 26.93063],
        [78.08887, 26.93043],
        [78.09013, 26.93089],
        [78.09118, 26.93154],
        [78.09226, 26.93186],
        [78.09319, 26.93186],
        [78.09414, 26.93152],
        [78.09492, 26.93104],
        [78.09552, 26.93041],
        [78.09558, 26.92972],
        [78.0949, 26.929],
        [78.09423, 26.92828],
        [78.0934, 26.92762],
        [78.09233, 26.92696],
        [78.09203, 26.92618],
        [78.09174, 26.92541],
        [78.09186, 26.92425],
        [78.09198, 26.9231],
        [78.09244, 26.92222],
        [78.09297, 26.92087],
        [78.09403, 26.91979],
        [78.09507, 26.91889],
        [78.09608, 26.91831],
        [78.09765, 26.91789],
        [78.09758, 26.91759],
        [78.09811, 26.91603],
        [78.09927, 26.91485],
        [78.10089, 26.91747],
        [78.10138, 26.91746],
        [78.1009, 26.9166],
        [78.1009, 26.91643],
        [78.1009, 26.9164],
        [78.10099, 26.91636],
        [78.10109, 26.91627],
        [78.10128, 26.91621],
        [78.1015, 26.9161],
        [78.1019, 26.9161],
        [78.1023, 26.9161],
        [78.10249, 26.9161],
        [78.10256, 26.91609],
        [78.1026, 26.91596],
        [78.1026, 26.9159],
        [78.10264, 26.91579],
        [78.10265, 26.91564],
        [78.1027, 26.91561],
        [78.1027, 26.9156],
        [78.10271, 26.9156],
        [78.10272, 26.91559],
        [78.10274, 26.91559],
        [78.103, 26.9155],
        [78.1044, 26.9151],
        [78.1056, 26.9149],
        [78.1057, 26.9148],
        [78.1057, 26.9147],
        [78.1061, 26.9143],
        [78.1064, 26.9136],
        [78.1066, 26.9128],
        [78.1067, 26.9126],
        [78.10673, 26.9126],
        [78.10675, 26.91258],
        [78.10701, 26.91249],
        [78.10705, 26.91247],
        [78.1074, 26.9123],
        [78.10745, 26.9123],
        [78.1075, 26.9123],
        [78.1075, 26.9122],
        [78.1075, 26.9118],
        [78.1072, 26.9106],
        [78.1072, 26.9105],
        [78.10724, 26.91046],
        [78.1073, 26.9104],
        [78.1078, 26.91012],
        [78.1091, 26.9094],
        [78.1091, 26.90932],
        [78.1091, 26.9093],
        [78.10915, 26.9092],
        [78.1092, 26.9091],
        [78.1092, 26.908],
        [78.1094, 26.907],
        [78.11, 26.9056],
        [78.1109, 26.9041],
        [78.1114, 26.903],
        [78.1116, 26.902],
        [78.1116, 26.90194],
        [78.1116, 26.9015],
        [78.11166, 26.90072],
        [78.1117, 26.9001],
        [78.11151, 26.89927],
        [78.1114, 26.8988],
        [78.1111, 26.898],
        [78.1109, 26.89767],
        [78.11076, 26.89749],
        [78.11068, 26.89741],
        [78.1104, 26.8972],
        [78.1098, 26.8968],
        [78.1092, 26.8966],
        [78.1081, 26.8965],
        [78.10756, 26.89662],
        [78.1072, 26.8967],
        [78.1066, 26.8969],
        [78.10624, 26.89714],
        [78.106, 26.8973],
        [78.1051, 26.8981],
        [78.10484, 26.89851],
        [78.1044, 26.8992],
        [78.10425, 26.90019],
        [78.1041, 26.9012],
        [78.10393, 26.90199],
        [78.1038, 26.9026],
        [78.10363, 26.90305],
        [78.1035, 26.9034],
        [78.1033, 26.9038],
        [78.10275, 26.90417],
        [78.10272, 26.90419],
        [78.10271, 26.9042],
        [78.1027, 26.9042],
        [78.1016, 26.9047],
        [78.1008, 26.9049],
        [78.10068, 26.90491],
        [78.0996, 26.905],
        [78.0986, 26.905],
        [78.0971, 26.9048],
        [78.0957, 26.9044],
        [78.09569, 26.9044],
        [78.0949, 26.9039],
        [78.0942, 26.9032],
        [78.09412, 26.903],
        [78.094, 26.90273],
        [78.09399, 26.90264],
        [78.0939, 26.9021],
        [78.09394, 26.9018],
        [78.094, 26.9014],
        [78.0941, 26.901],
        [78.0947, 26.9002],
        [78.0955, 26.8994],
        [78.09591, 26.89899],
        [78.0963, 26.8986],
        [78.09635, 26.89854],
        [78.0972, 26.8974],
        [78.09741, 26.89693],
        [78.0977, 26.8963],
        [78.09775, 26.89612],
        [78.0978, 26.8959],
        [78.0978, 26.8955],
        [78.0978, 26.8953],
        [78.0978, 26.8952],
        [78.0977, 26.895],
        [78.09765, 26.89495],
        [78.0976, 26.8949],
        [78.09744, 26.89474],
        [78.0969, 26.8942],
        [78.0958, 26.8936],
        [78.0949, 26.8933],
        [78.0948, 26.8933],
        [78.09477, 26.89333],
        [78.0947, 26.8934],
        [78.09453, 26.89357],
        [78.09443, 26.89375],
        [78.0942, 26.8943],
        [78.0941, 26.8945],
        [78.09409, 26.8945],
        [78.09408, 26.89454],
        [78.09398, 26.89456],
        [78.0939, 26.8946],
        [78.0938, 26.8946],
        [78.09373, 26.89453],
        [78.09366, 26.89449],
        [78.09365, 26.8944],
        [78.0936, 26.8943],
        [78.0936, 26.894],
        [78.0936, 26.89391],
        [78.09359, 26.89389],
        [78.09358, 26.89388],
        [78.09354, 26.89384],
        [78.0935, 26.89381],
        [78.09349, 26.8938],
        [78.0934, 26.8938],
        [78.0933, 26.8938],
        [78.0931, 26.8938],
        [78.0929, 26.8938],
        [78.09266, 26.8938],
        [78.0926, 26.89381],
        [78.0925, 26.89391],
        [78.09247, 26.89394],
        [78.0923, 26.8942],
        [78.092, 26.8944],
        [78.09195, 26.8944],
        [78.09191, 26.89443],
        [78.09178, 26.89446],
        [78.0917, 26.8945],
        [78.0914, 26.8945],
        [78.0912, 26.8945],
        [78.0911, 26.8945],
        [78.09103, 26.8945],
        [78.09082, 26.89454],
        [78.09069, 26.89462],
        [78.09063, 26.89469],
        [78.0903, 26.8951],
        [78.0901, 26.8954],
        [78.09007, 26.89542],
        [78.08983, 26.89559],
        [78.08918, 26.89582],
        [78.0889, 26.89595],
        [78.0882, 26.8963],
        [78.0858, 26.8978],
        [78.0842, 26.89885],
        [78.082, 26.9003],
        [78.0798, 26.9019],
        [78.0763, 26.9036],
        [78.07374, 26.90492],
        [78.0732, 26.9052],
        [78.07307, 26.90528],
        [78.0727, 26.9055],
        [78.0724, 26.9058],
        [78.07234, 26.90583],
        [78.0722, 26.9059],
        [78.072, 26.9059],
        [78.0719, 26.9059],
        [78.07181, 26.90585],
        [78.07174, 26.90585],
        [78.07165, 26.90585],
        [78.0716, 26.9059],
        [78.0715, 26.9059],
        [78.0692, 26.9079],
        [78.06801, 26.90893],
        [78.0677, 26.9092],
        [78.067, 26.91],
        [78.06691, 26.91009],
        [78.0669, 26.9101],
        [78.0668, 26.9101],
        [78.06679, 26.91009],
        [78.0667, 26.91],
        [78.0653, 26.9077],
        [78.06518, 26.90751],
        [78.0642, 26.906],
        [78.0641, 26.906],
        [78.06252, 26.90662],
        [78.0618, 26.9069],
        [78.06052, 26.90735],
        [78.0601, 26.9075],
        [78.05925, 26.90776],
        [78.05878, 26.90791],
        [78.05801, 26.908],
        [78.058, 26.908],
        [78.05793, 26.908],
        [78.0579, 26.908],
        [78.0578, 26.908],
        [78.0577, 26.9079],
        [78.05739, 26.90705],
        [78.0573, 26.9068],
        [78.0572, 26.9063],
        [78.0571, 26.9062],
        [78.0569, 26.9062],
        [78.05689, 26.9062],
        [78.0563, 26.9063],
        [78.0551, 26.9066],
        [78.0547, 26.9068],
        [78.0539, 26.9072],
        [78.05357, 26.90737],
        [78.0531, 26.9076],
        [78.0523, 26.9077],
        [78.05165, 26.90778],
        [78.05146, 26.90782],
        [78.05102, 26.90798],
        [78.0507, 26.9081],
        [78.0495, 26.9088],
        [78.0488, 26.90911],
        [78.0486, 26.9092],
        [78.0482, 26.9092],
        [78.04811, 26.90924],
        [78.048, 26.9093],
        [78.0479, 26.9092],
        [78.04782, 26.90904],
        [78.0478, 26.909],
        [78.0478, 26.9071],
        [78.0479, 26.9065],
        [78.04801, 26.90622],
        [78.0481, 26.906],
        [78.04821, 26.90586],
        [78.0491, 26.9047],
        [78.0504, 26.9032],
        [78.0509, 26.9025],
        [78.0512, 26.9016],
        [78.0512, 26.90141],
        [78.0512, 26.9013],
        [78.05125, 26.90106],
        [78.0513, 26.9008],
        [78.0512, 26.89952],
        [78.0512, 26.8995],
        [78.05121, 26.89945],
        [78.0513, 26.8987],
        [78.0513, 26.8979],
        [78.05136, 26.89739],
        [78.0516, 26.8954],
        [78.0519, 26.8938],
        [78.052, 26.8924],
        [78.052, 26.8908],
        [78.05191, 26.88993],
        [78.0519, 26.8898],
        [78.0517, 26.8891],
        [78.051, 26.8872],
        [78.05097, 26.887],
        [78.0509, 26.8865],
        [78.051, 26.8858],
        [78.05139, 26.88463],
        [78.0514, 26.88452],
        [78.0514, 26.8842],
        [78.0514, 26.8826],
        [78.05135, 26.88207],
        [78.0513, 26.8816],
        [78.051, 26.8807],
        [78.0507, 26.8798],
        [78.0504, 26.8787],
        [78.05033, 26.87821],
        [78.0503, 26.878],
        [78.0503, 26.877],
        [78.05037, 26.87676],
        [78.0507, 26.8757],
        [78.0512, 26.8746],
        [78.05139, 26.87436],
        [78.0516, 26.8741],
        [78.05161, 26.87408],
        [78.0517, 26.8739],
        [78.0517, 26.8735],
        [78.05151, 26.87242],
        [78.0514, 26.8718],
        [78.0512, 26.8708],
        [78.0512, 26.87074],
        [78.05115, 26.87056],
        [78.05115, 26.87055],
        [78.0511, 26.8705],
        [78.05119, 26.87046],
        [78.05125, 26.87041],
        [78.05128, 26.87041],
        [78.0513, 26.8704],
        [78.0526, 26.8703],
        [78.054, 26.8702],
        [78.0544, 26.8701],
        [78.05459, 26.87004],
        [78.0547, 26.87],
        [78.055, 26.8698],
        [78.0557, 26.8691],
        [78.05572, 26.86906],
        [78.0559, 26.8687],
        [78.05597, 26.8687],
        [78.056, 26.86865],
        [78.056, 26.8686],
        [78.05597, 26.86857],
        [78.0559, 26.8685],
        [78.0535, 26.8684],
        [78.05345, 26.8684],
        [78.0529, 26.8684],
        [78.0525, 26.8684],
        [78.0508, 26.8687],
        [78.048, 26.8696],
        [78.04699, 26.86988],
        [78.04619, 26.87012],
        [78.04601, 26.87016],
        [78.0456, 26.8703],
        [78.0453, 26.8703],
        [78.0449, 26.8703],
        [78.0447, 26.8702],
        [78.0443, 26.87],
        [78.04391, 26.86945],
        [78.0438, 26.8693],
        [78.0427, 26.8678],
        [78.0411, 26.8658],
        [78.04019, 26.86496],
        [78.0397, 26.8645],
        [78.03968, 26.86447],
        [78.039, 26.8635],
        [78.03864, 26.86299],
        [78.0383, 26.8625],
        [78.03824, 26.86224],
        [78.0381, 26.8617],
        [78.03793, 26.86114],
        [78.0378, 26.8607],
        [78.03767, 26.86031],
        [78.0376, 26.8601],
        [78.0364, 26.8581],
        [78.0349, 26.8558],
        [78.03395, 26.85453],
        [78.0334, 26.8538],
        [78.0321, 26.8521],
        [78.03182, 26.85174],
        [78.0314, 26.8512],
        [78.0312, 26.8511],
        [78.0302, 26.8507],
        [78.02917, 26.8504],
        [78.0285, 26.8502],
        [78.0277, 26.85],
        [78.02715, 26.84988],
        [78.02681, 26.84983],
        [78.02665, 26.8498],
        [78.0264, 26.8498],
        [78.0263, 26.84975],
        [78.0262, 26.84974],
        [78.02606, 26.84977],
        [78.026, 26.8498],
        [78.02539, 26.85008],
        [78.02488, 26.85033],
        [78.02456, 26.85055],
        [78.0237, 26.8512],
        [78.0231, 26.8518],
        [78.0222, 26.8533],
        [78.02202, 26.85366],
        [78.0213, 26.8551],
        [78.0211, 26.8557],
        [78.0211, 26.85602],
        [78.0211, 26.8562],
        [78.0211, 26.85689],
        [78.02132, 26.85751],
        [78.022, 26.858],
        [78.02289, 26.85882],
        [78.02334, 26.85922],
        [78.0258, 26.8606],
        [78.02711, 26.86138],
        [78.0278, 26.8618],
        [78.02963, 26.86289],
        [78.031, 26.8637],
        [78.03228, 26.86476],
        [78.0328, 26.86519],
        [78.03325, 26.8656],
        [78.0349, 26.8671],
        [78.0355, 26.8678],
        [78.03554, 26.86792],
        [78.03564, 26.8681],
        [78.0357, 26.86834],
        [78.0358, 26.8686],
        [78.03586, 26.86922],
        [78.0359, 26.8697],
        [78.0359, 26.8703],
        [78.0357, 26.8711],
        [78.0351, 26.872],
        [78.0347, 26.8725],
        [78.0342, 26.87288],
        [78.0339, 26.8731],
        [78.033, 26.8735],
        [78.0315, 26.8738],
        [78.0304, 26.8739],
        [78.0296, 26.8739],
        [78.02828, 26.87362],
        [78.0277, 26.8735],
        [78.02678, 26.87322],
        [78.0248, 26.8726],
        [78.0246, 26.8726],
        [78.02454, 26.87272],
        [78.0245, 26.8728],
        [78.0244, 26.8732],
        [78.02461, 26.87382],
        [78.0249, 26.8747],
        [78.0251, 26.8755],
        [78.02527, 26.87625],
        [78.0254, 26.8768],
        [78.02557, 26.87743],
        [78.0257, 26.8779],
        [78.026, 26.8784],
        [78.0264, 26.8789],
        [78.02674, 26.87904],
        [78.0271, 26.8792],
        [78.0273, 26.87915],
        [78.0275, 26.8791],
        [78.0275, 26.87915],
        [78.02753, 26.87915],
        [78.02758, 26.8792],
        [78.0276, 26.8792],
        [78.0276, 26.87923],
        [78.0276, 26.8793],
        [78.0277, 26.88],
        [78.0279, 26.8813],
        [78.0279, 26.8818],
        [78.0279, 26.88189],
        [78.0279, 26.8819],
        [78.02774, 26.88198],
        [78.0277, 26.882],
        [78.02769, 26.882],
        [78.02755, 26.88205],
        [78.0275, 26.8821],
        [78.02733, 26.88227],
        [78.0273, 26.8823],
        [78.0272, 26.8829],
        [78.0272, 26.8839],
        [78.0273, 26.884],
        [78.0273, 26.88406],
        [78.0273, 26.8841],
        [78.0277, 26.884],
        [78.0296, 26.8836],
        [78.02968, 26.8836],
        [78.0297, 26.8836],
        [78.0298, 26.8837],
        [78.0299, 26.8839],
        [78.03017, 26.88455],
        [78.03043, 26.8851],
        [78.03045, 26.88515],
        [78.0305, 26.8852],
        [78.0305, 26.8854],
        [78.0304, 26.8855],
        [78.03035, 26.8855],
        [78.03033, 26.88551],
        [78.0303, 26.88554],
        [78.0303, 26.8856],
        [78.03025, 26.8856],
        [78.03023, 26.88562],
        [78.0302, 26.88577],
        [78.0302, 26.8858],
        [78.0302, 26.88584],
        [78.03024, 26.88593],
        [78.03027, 26.88605],
        [78.0303, 26.8861],
        [78.0303, 26.88614],
        [78.03031, 26.88617],
        [78.0303, 26.88617],
        [78.0303, 26.8862],
        [78.0299, 26.8864],
        [78.0287, 26.88703],
        [78.02798, 26.88743],
        [78.02798, 26.88744],
        [78.02796, 26.88748],
        [78.0279, 26.8876],
        [78.028, 26.888],
        [78.02815, 26.88815],
        [78.0285, 26.8885],
        [78.0285, 26.8886],
        [78.02841, 26.88864],
        [78.0283, 26.8887],
        [78.028, 26.8888],
        [78.0273, 26.8891],
        [78.02679, 26.8895],
        [78.0264, 26.8898],
        [78.0264, 26.88988],
        [78.0265, 26.88997],
        [78.02651, 26.89002],
        [78.02651, 26.89011],
        [78.02643, 26.89028],
        [78.0264, 26.89029],
        [78.0264, 26.8903],
        [78.02599, 26.89052],
        [78.0249, 26.89111],
        [78.02473, 26.89104],
        [78.02467, 26.891],
        [78.0246, 26.891],
        [78.0246, 26.89095],
        [78.02456, 26.8909],
        [78.0245, 26.8909],
        [78.0235, 26.8912],
        [78.02341, 26.89129],
        [78.0234, 26.89131],
        [78.0234, 26.89141],
        [78.02343, 26.89163],
        [78.02348, 26.89187],
        [78.0236, 26.8923],
        [78.02354, 26.89239],
        [78.0233, 26.8928],
        [78.0233, 26.893],
        [78.0232, 26.8934],
        [78.023, 26.8937],
        [78.02291, 26.89374],
        [78.0228, 26.8938],
        [78.02265, 26.8938],
        [78.0226, 26.8938],
        [78.0224, 26.8938],
        [78.0223, 26.8943],
        [78.0224, 26.8986],
        [78.02245, 26.89875],
        [78.0225, 26.8989],
        [78.02241, 26.89907],
        [78.0224, 26.89913],
        [78.02231, 26.89933],
        [78.02223, 26.89952],
        [78.0222, 26.8996],
        [78.02219, 26.89961],
        [78.0214, 26.9002],
        [78.02127, 26.90023],
        [78.0206, 26.9004],
        [78.0189, 26.9007],
        [78.01848, 26.90084],
        [78.0171, 26.9013],
        [78.01608, 26.90188],
        [78.0157, 26.9021],
        [78.0147, 26.9026],
        [78.01388, 26.90275],
        [78.0136, 26.9028],
        [78.0116, 26.9032],
        [78.01, 26.9038],
        [78.0096, 26.9039],
        [78.00955, 26.9039],
        [78.0095, 26.9039],
        [78.00943, 26.90383],
        [78.00937, 26.90378],
        [78.00891, 26.90318],
        [78.00886, 26.90312],
        [78.00862, 26.90282],
        [78.00858, 26.90279],
        [78.0084, 26.9027],
        [78.00819, 26.90254],
        [78.008, 26.9024],
        [78.0075, 26.9023],
        [78.00701, 26.90222],
        [78.0056, 26.902],
        [78.005, 26.90196],
        [78.0042, 26.9019],
        [78.00341, 26.90208],
        [78.0033, 26.9021],
        [78.0024, 26.9024],
        [78.00214, 26.90251],
        [78.00167, 26.90274],
        [78.0016, 26.90275],
        [78.0015, 26.9028],
        [78.0014, 26.9028],
        [78.00124, 26.90272],
        [78.0012, 26.9027],
        [78.00105, 26.90257],
        [78, 26.9017],
        [77.99919, 26.90108],
        [77.9987, 26.9007],
        [77.9971, 26.8988],
        [77.9962, 26.8977],
        [77.9951, 26.896],
        [77.99313, 26.89326],
        [77.9928, 26.8928],
        [77.99215, 26.89293],
        [77.9918, 26.893],
        [77.99107, 26.89281],
        [77.9903, 26.8926],
        [77.9888, 26.8912],
        [77.98811, 26.89041],
        [77.98765, 26.88989],
        [77.98731, 26.88951],
        [77.9873, 26.8895],
        [77.9861, 26.8902],
        [77.9846, 26.8902],
        [77.9842, 26.8902],
        [77.98419, 26.8902],
        [77.9817, 26.891],
        [77.9794, 26.8911],
        [77.9767, 26.8921],
        [77.9767, 26.89212],
        [77.9767, 26.8927],
        [77.97666, 26.89273],
        [77.97666, 26.89274],
        [77.9762, 26.89304],
        [77.9751, 26.8938],
        [77.9751, 26.895],
        [77.97428, 26.89539],
        [77.9728, 26.8961],
        [77.97282, 26.89614],
        [77.97305, 26.89654],
        [77.97321, 26.89681],
        [77.9739, 26.898],
        [77.97303, 26.89852],
        [77.9719, 26.8992],
        [77.9715, 26.9005],
        [77.9735, 26.9029],
        [77.9731, 26.9036],
        [77.97288, 26.90419],
        [77.97231, 26.90576],
        [77.9723, 26.9058],
        [77.97144, 26.90573],
        [77.971, 26.9057],
        [77.9698, 26.9055],
        [77.9683, 26.9044],
        [77.96709, 26.9034],
        [77.96681, 26.90317],
        [77.9666, 26.903],
        [77.96653, 26.90298],
        [77.9639, 26.9022],
        [77.96081, 26.89996],
        [77.96061, 26.89981],
        [77.9606, 26.8998],
        [77.9571, 26.8964],
        [77.95494, 26.89575],
        [77.9541, 26.8955],
        [77.9474, 26.8935],
        [77.94737, 26.89351],
        [77.94727, 26.89355],
        [77.9463, 26.8939],
        [77.9445, 26.8945],
        [77.94339, 26.89545],
        [77.9424, 26.8963],
        [77.94217, 26.89665],
        [77.9416, 26.8975],
        [77.94165, 26.89819],
        [77.9417, 26.8989],
        [77.94177, 26.90024],
        [77.9418, 26.9008],
        [77.94153, 26.90227],
        [77.9414, 26.903],
        [77.9405, 26.9049],
        [77.93874, 26.90666],
        [77.93831, 26.9071],
        [77.93818, 26.90713],
        [77.9362, 26.9076],
        [77.93498, 26.9076],
        [77.9341, 26.9076],
        [77.9326, 26.9075],
        [77.9308, 26.9074],
        [77.92969, 26.90754],
        [77.92851, 26.9077],
        [77.9285, 26.9077],
        [77.927, 26.9092],
        [77.92678, 26.9096],
        [77.9264, 26.9103],
        [77.9241, 26.9097],
        [77.9229, 26.9092],
        [77.92061, 26.90852],
        [77.9192, 26.9081],
        [77.9167, 26.9073],
        [77.9151, 26.9073],
        [77.9137, 26.9083],
        [77.913, 26.9093],
        [77.9132, 26.9102],
        [77.91321, 26.91021],
        [77.9143, 26.9114],
        [77.91539, 26.91288],
        [77.9154, 26.9129],
        [77.91507, 26.9134],
        [77.915, 26.9135],
        [77.9152, 26.9145],
        [77.9134, 26.9155],
        [77.9115, 26.9158],
        [77.91076, 26.91636],
        [77.91035, 26.91668],
        [77.91031, 26.91669],
        [77.9103, 26.9167],
        [77.90909, 26.91705],
        [77.9072, 26.9176],
        [77.90648, 26.91766],
        [77.9049, 26.9178],
        [77.9036, 26.9166],
        [77.9034, 26.9149],
        [77.90362, 26.9147],
        [77.9046, 26.9138],
        [77.90533, 26.91316],
        [77.9054, 26.9131],
        [77.90552, 26.91302],
        [77.9062, 26.9126],
        [77.90626, 26.91227],
        [77.9063, 26.912],
        [77.90636, 26.91109],
        [77.9064, 26.9106],
        [77.9075, 26.9085],
        [77.9084, 26.9068],
        [77.9085, 26.9058],
        [77.9085, 26.9044],
        [77.90829, 26.90321],
        [77.9082, 26.9027],
        [77.9076, 26.9012],
        [77.90743, 26.90027],
        [77.9071, 26.8985],
        [77.9067, 26.8967],
        [77.9064, 26.8948],
        [77.90625, 26.89397],
        [77.906, 26.8925],
        [77.9067, 26.8916],
        [77.9086, 26.8903],
        [77.90853, 26.89018],
        [77.906, 26.8859],
        [77.90505, 26.88466],
        [77.904, 26.8833],
        [77.90278, 26.88384],
        [77.9022, 26.8841],
        [77.9018, 26.884],
        [77.90102, 26.88361],
        [77.9008, 26.8835],
        [77.8984, 26.8836],
        [77.89677, 26.88393],
        [77.8959, 26.8841],
        [77.8944, 26.8842],
        [77.8936, 26.8847],
        [77.89261, 26.88575],
        [77.8919, 26.8865],
        [77.8919, 26.8869],
        [77.8923, 26.8873],
        [77.8923, 26.8877],
        [77.8923, 26.8881],
        [77.8921, 26.8887],
        [77.8913, 26.8894],
        [77.8899, 26.88943],
        [77.8862, 26.8895],
        [77.88515, 26.88983],
        [77.8846, 26.89],
        [77.8836, 26.8907],
        [77.88313, 26.89131],
        [77.8829, 26.8916],
        [77.88257, 26.89227],
        [77.8824, 26.8926],
        [77.8811, 26.8966],
        [77.8804, 26.8983],
        [77.8796, 26.8998],
        [77.8788, 26.9007],
        [77.87867, 26.90083],
        [77.87857, 26.90095],
        [77.87808, 26.90118],
        [77.8773, 26.9016],
        [77.8756, 26.9018],
        [77.87498, 26.90172],
        [77.8741, 26.9016],
        [77.87209, 26.90166],
        [77.8706, 26.9017],
        [77.8694, 26.902],
        [77.86907, 26.90225],
        [77.8686, 26.9026],
        [77.8685, 26.9028],
        [77.8684, 26.903],
        [77.8682, 26.9031],
        [77.8682, 26.9032],
        [77.86814, 26.9042],
        [77.8681, 26.9049],
        [77.8671, 26.9057],
        [77.86682, 26.90594],
        [77.8665, 26.9062],
        [77.8656, 26.9062],
        [77.86493, 26.90587],
        [77.8648, 26.9058],
        [77.8634, 26.9053],
        [77.86197, 26.9052],
        [77.86192, 26.9052],
        [77.8619, 26.9052],
        [77.8611, 26.9055],
        [77.8604, 26.9055],
        [77.858, 26.9067],
        [77.85726, 26.90717],
        [77.8569, 26.9074],
        [77.8564, 26.90777],
        [77.85573, 26.90829],
        [77.85545, 26.90858],
        [77.8547, 26.9094],
        [77.85404, 26.91013],
        [77.8537, 26.9105],
        [77.85245, 26.91092],
        [77.8522, 26.911],
        [77.8515, 26.9117],
        [77.85091, 26.912],
        [77.8507, 26.9121],
        [77.85002, 26.91268],
        [77.85, 26.9127],
        [77.84968, 26.91275],
        [77.8488, 26.9129],
        [77.8474, 26.9127],
        [77.84592, 26.91283],
        [77.8451, 26.9129],
        [77.8434, 26.9133],
        [77.84292, 26.9133],
        [77.842, 26.9133],
        [77.839, 26.9142],
        [77.83831, 26.9145],
        [77.8374, 26.9149],
        [77.83624, 26.91573],
        [77.83599, 26.91591],
        [77.83574, 26.91633],
        [77.8354, 26.9169],
        [77.83494, 26.91677],
        [77.8347, 26.9167],
        [77.83469, 26.91668],
        [77.8345, 26.9163],
        [77.8339, 26.9159],
        [77.8331, 26.9155],
        [77.8323, 26.9151],
        [77.83196, 26.91502],
        [77.8315, 26.9149],
        [77.83137, 26.91487],
        [77.831, 26.9148],
        [77.82977, 26.91533],
        [77.82914, 26.9156],
        [77.82894, 26.91568],
        [77.8289, 26.9157],
        [77.82946, 26.91654],
        [77.8295, 26.9166],
        [77.82853, 26.91715],
        [77.8244, 26.9195],
        [77.82147, 26.91764],
        [77.8214, 26.9176],
        [77.82074, 26.91784],
        [77.8203, 26.918],
        [77.81914, 26.91829],
        [77.8188, 26.91847],
        [77.8177, 26.9191],
        [77.8164, 26.9197],
        [77.81636, 26.91972],
        [77.8151, 26.9202],
        [77.81418, 26.92081],
        [77.81403, 26.92091],
        [77.81392, 26.92099],
        [77.81382, 26.92113],
        [77.8134, 26.9218],
        [77.8124, 26.9226],
        [77.8118, 26.9232],
        [77.81095, 26.92382],
        [77.8103, 26.9243],
        [77.8096, 26.9241],
        [77.8087, 26.9236],
        [77.80813, 26.92316],
        [77.8078, 26.9229],
        [77.8068, 26.9218],
        [77.8057, 26.9207],
        [77.8043, 26.9197],
        [77.8027, 26.9189],
        [77.8009, 26.9177],
        [77.7999, 26.9172],
        [77.7984, 26.9159],
        [77.79811, 26.91585],
        [77.7978, 26.9158],
        [77.7969, 26.9161],
        [77.79665, 26.91629],
        [77.7961, 26.9167],
        [77.7953, 26.9172],
        [77.79521, 26.91714],
        [77.7947, 26.9168],
        [77.7933, 26.917],
        [77.7921, 26.9173],
        [77.7912, 26.918],
        [77.79062, 26.91871],
        [77.7903, 26.9191],
        [77.7901, 26.91925],
        [77.7899, 26.9194],
        [77.7886, 26.9204],
        [77.7886, 26.92041],
        [77.7881, 26.9213],
        [77.78701, 26.92229],
        [77.787, 26.9223],
        [77.7872, 26.92369],
        [77.7872, 26.9237],
        [77.78683, 26.92389],
        [77.786, 26.9243],
        [77.7854, 26.9245],
        [77.78463, 26.92471],
        [77.7839, 26.9249],
        [77.7822, 26.9254],
        [77.78089, 26.92593],
        [77.779, 26.9267],
        [77.77919, 26.92746],
        [77.7792, 26.9275],
        [77.7794, 26.9283],
        [77.7796, 26.9293],
        [77.77968, 26.92966],
        [77.77983, 26.93016],
        [77.77979, 26.93017],
        [77.7798, 26.9302],
        [77.77935, 26.93031],
        [77.77901, 26.93042],
        [77.77863, 26.9306],
        [77.7779, 26.931],
        [77.77513, 26.93201],
        [77.7749, 26.9321],
        [77.7737, 26.9321],
        [77.7724, 26.9321],
        [77.77122, 26.9321],
        [77.77, 26.9321],
        [77.7684, 26.9326],
        [77.76765, 26.93233],
        [77.7673, 26.9322],
        [77.76583, 26.93212],
        [77.7654, 26.9321],
        [77.76516, 26.93208],
        [77.7639, 26.932],
        [77.7619, 26.9324],
        [77.761, 26.9328],
        [77.7605, 26.9328],
        [77.7601, 26.9328],
        [77.7595, 26.9327],
        [77.7591, 26.9323],
        [77.7589, 26.9321],
        [77.75883, 26.93195],
        [77.7587, 26.9317],
        [77.75864, 26.93124],
        [77.7586, 26.9309],
        [77.75885, 26.93075],
        [77.7591, 26.9306],
        [77.75945, 26.93017],
        [77.7595, 26.9301],
        [77.75945, 26.92975],
        [77.75938, 26.92941],
        [77.75928, 26.92913],
        [77.7591, 26.9287],
        [77.759, 26.92794],
        [77.759, 26.92791],
        [77.75882, 26.92765],
        [77.7585, 26.9272],
        [77.7573, 26.9254],
        [77.75545, 26.92232],
        [77.754, 26.9199],
        [77.75388, 26.91966],
        [77.7536, 26.9191],
        [77.7534, 26.9183],
        [77.7527, 26.9172],
        [77.7524, 26.9174],
        [77.7521, 26.9177],
        [77.75181, 26.91782],
        [77.7516, 26.9179],
        [77.75061, 26.91844],
        [77.75052, 26.91849],
        [77.75013, 26.91883],
        [77.7488, 26.92],
        [77.74824, 26.92021],
        [77.74805, 26.92029],
        [77.74803, 26.92029],
        [77.748, 26.9203],
        [77.7471, 26.9203],
        [77.74692, 26.92034],
        [77.7466, 26.9204],
        [77.74633, 26.92076],
        [77.7463, 26.9208],
        [77.74559, 26.92112],
        [77.74543, 26.92119],
        [77.74543, 26.92119],
        [77.7454, 26.9212],
        [77.74503, 26.92009],
        [77.7448, 26.9194],
        [77.7442, 26.9192],
        [77.744, 26.9187],
        [77.74397, 26.91874],
        [77.74379, 26.91898],
        [77.7437, 26.9191],
        [77.7434, 26.9192],
        [77.7429, 26.91926],
        [77.7426, 26.9193],
        [77.74207, 26.91945],
        [77.7419, 26.9195],
        [77.7415, 26.9196],
        [77.74123, 26.91965],
        [77.741, 26.9197],
        [77.74, 26.9201],
        [77.73903, 26.92032],
        [77.7387, 26.9204],
        [77.7374, 26.9207],
        [77.7364, 26.9207],
        [77.7354, 26.9206],
        [77.7346, 26.9205],
        [77.73402, 26.92043],
        [77.7338, 26.9204],
        [77.7326, 26.9205],
        [77.7318, 26.92],
        [77.7315, 26.9189],
        [77.7312, 26.9189],
        [77.7306, 26.9189],
        [77.7306, 26.9187],
        [77.7304, 26.9181],
        [77.72987, 26.91742],
        [77.7297, 26.9172],
        [77.7292, 26.9163],
        [77.72918, 26.91627],
        [77.7288, 26.9157],
        [77.72877, 26.91546],
        [77.7287, 26.9149],
        [77.72865, 26.91474],
        [77.7286, 26.9146],
        [77.7283, 26.9138],
        [77.72804, 26.91347],
        [77.72756, 26.91288],
        [77.72744, 26.91271],
        [77.7271, 26.9123],
        [77.72678, 26.91214],
        [77.72651, 26.91203],
        [77.72637, 26.9119],
        [77.726, 26.9116],
        [77.72567, 26.91111],
        [77.72558, 26.91099],
        [77.72548, 26.91088],
        [77.725, 26.9104],
        [77.725, 26.91035],
        [77.725, 26.9099],
        [77.72465, 26.90928],
        [77.72461, 26.90922],
        [77.7246, 26.90921],
        [77.7246, 26.9092],
        [77.724, 26.9079],
        [77.7229, 26.9055],
        [77.72242, 26.90455],
        [77.7219, 26.9035],
        [77.7207, 26.9018],
        [77.7189, 26.8993],
        [77.7179, 26.8977],
        [77.7178, 26.8975],
        [77.7178, 26.89742],
        [77.7178, 26.8974],
        [77.71781, 26.8974],
        [77.7183, 26.8973],
        [77.7206, 26.8964],
        [77.72127, 26.89617],
        [77.7226, 26.8957],
        [77.72306, 26.89533],
        [77.7232, 26.8951],
        [77.7235, 26.8945],
        [77.72549, 26.89161],
        [77.72568, 26.89132],
        [77.72576, 26.8912],
        [77.7262, 26.8905],
        [77.7265, 26.8904],
        [77.72661, 26.8904],
        [77.72665, 26.89039],
        [77.72673, 26.89037],
        [77.7268, 26.8903],
        [77.72697, 26.8903],
        [77.727, 26.89029],
        [77.727, 26.8902],
        [77.7266, 26.88953],
        [77.7264, 26.8892],
        [77.7261, 26.889],
        [77.72617, 26.88886],
        [77.7262, 26.88877],
        [77.72626, 26.88876],
        [77.72635, 26.88875],
        [77.7264, 26.8887],
        [77.7267, 26.8887],
        [77.72677, 26.8887],
        [77.7268, 26.88869],
        [77.7268, 26.8886],
        [77.7266, 26.8864],
        [77.7266, 26.886],
        [77.7267, 26.8859],
        [77.72769, 26.8857],
        [77.7277, 26.8857],
        [77.7279, 26.8856],
        [77.7279, 26.88545],
        [77.7279, 26.8854],
        [77.7278, 26.8851],
        [77.72759, 26.88461],
        [77.7272, 26.8837],
        [77.72696, 26.88322],
        [77.7269, 26.8831],
        [77.72675, 26.88269],
        [77.7263, 26.8815],
        [77.726, 26.8807],
        [77.726, 26.88069],
        [77.72598, 26.88065],
        [77.72595, 26.88057],
        [77.7253, 26.8788],
        [77.725, 26.878],
        [77.7249, 26.8778],
        [77.7248, 26.8778],
        [77.72475, 26.87785],
        [77.7247, 26.8779],
        [77.7244, 26.8779],
        [77.72438, 26.87788],
        [77.7243, 26.8778],
        [77.72391, 26.87694],
        [77.7234, 26.8758],
        [77.72292, 26.87492],
        [77.7228, 26.87472],
        [77.72269, 26.87453],
        [77.72262, 26.8745],
        [77.7226, 26.8745],
        [77.7225, 26.8745],
        [77.7208, 26.8744],
        [77.72052, 26.87436],
        [77.7201, 26.8743],
        [77.7187, 26.8744],
        [77.71816, 26.87449],
        [77.7181, 26.8745],
        [77.7165, 26.8751],
        [77.7145, 26.8758],
        [77.7124, 26.8762],
        [77.7112, 26.8765],
        [77.71, 26.877],
        [77.70947, 26.87704],
        [77.7088, 26.8771],
        [77.70813, 26.87717],
        [77.7078, 26.8772],
        [77.70767, 26.87717],
        [77.7074, 26.8771],
        [77.70715, 26.8771],
        [77.7069, 26.8771],
        [77.7067, 26.877],
        [77.7063, 26.8768],
        [77.70625, 26.87673],
        [77.7061, 26.8765],
        [77.70568, 26.87585],
        [77.705, 26.8748],
        [77.70462, 26.87411],
        [77.7045, 26.8739],
        [77.7042, 26.8737],
        [77.7041, 26.8736],
        [77.7039, 26.8736],
        [77.7038, 26.8736],
        [77.70371, 26.8736],
        [77.7037, 26.8736],
        [77.7037, 26.87358],
        [77.70368, 26.87353],
        [77.7037, 26.87338],
        [77.7037, 26.8733],
        [77.7038, 26.873],
        [77.70386, 26.87283],
        [77.70388, 26.87273],
        [77.70389, 26.87264],
        [77.7039, 26.87258],
        [77.7039, 26.8725],
        [77.7039, 26.87244],
        [77.70389, 26.87238],
        [77.7038, 26.8721],
        [77.7037, 26.8715],
        [77.70311, 26.87039],
        [77.7029, 26.87001],
        [77.7018, 26.8685],
        [77.70149, 26.86809],
        [77.70143, 26.86806],
        [77.70132, 26.86801],
        [77.70129, 26.868],
        [77.70123, 26.86799],
        [77.7008, 26.8679],
        [77.70061, 26.86795],
        [77.7004, 26.868],
        [77.6994, 26.8682],
        [77.69855, 26.86829],
        [77.6976, 26.8684],
        [77.6965, 26.8687],
        [77.6961, 26.8689],
        [77.696, 26.8691],
        [77.6959, 26.8693],
        [77.6959, 26.86935],
        [77.6959, 26.8696],
        [77.69583, 26.86989],
        [77.6958, 26.87],
        [77.6955, 26.8711],
        [77.69529, 26.8716],
        [77.6952, 26.8718],
        [77.6951, 26.8727],
        [77.6949, 26.8734],
        [77.6946, 26.874],
        [77.69447, 26.87404],
        [77.6943, 26.8741],
        [77.6941, 26.8742],
        [77.6934, 26.8742],
        [77.69309, 26.87429],
        [77.6927, 26.8744],
        [77.692, 26.8745],
        [77.6904, 26.8748],
        [77.69014, 26.87485],
        [77.6885, 26.8752],
        [77.68824, 26.87527],
        [77.6877, 26.8754],
        [77.6871, 26.8754],
        [77.6867, 26.8753],
        [77.6864, 26.87512],
        [77.68623, 26.87504],
        [77.68595, 26.87475],
        [77.6857, 26.8745],
        [77.68569, 26.87448],
        [77.6854, 26.874],
        [77.6851, 26.8734],
        [77.6846, 26.8725],
        [77.6839, 26.8714],
        [77.6829, 26.8703],
        [77.68276, 26.87013],
        [77.6825, 26.8698],
        [77.6824, 26.8697],
        [77.6823, 26.8696],
        [77.68223, 26.86962],
        [77.68192, 26.86981],
        [77.6818, 26.8699],
        [77.6811, 26.8702],
        [77.68093, 26.87016],
        [77.6807, 26.8701],
        [77.6801, 26.87],
        [77.6789, 26.8698],
        [77.6782, 26.8696],
        [77.6777, 26.8694],
        [77.6766, 26.8686],
        [77.6766, 26.8686],
        [77.67655, 26.8685],
        [77.67621, 26.86794],
        [77.67619, 26.86788],
        [77.6761, 26.8677],
        [77.6761, 26.8675],
        [77.67613, 26.86742],
        [77.6762, 26.8672],
        [77.6762, 26.8667],
        [77.6762, 26.8664],
        [77.6761, 26.8662],
        [77.67601, 26.86597],
        [77.6759, 26.8657],
        [77.6752, 26.8647],
        [77.67513, 26.86455],
        [77.6749, 26.8641],
        [77.6748, 26.8637],
        [77.6747, 26.8629],
        [77.6748, 26.8612],
        [77.6748, 26.86081],
        [77.6748, 26.8604],
        [77.67498, 26.85993],
        [77.6751, 26.8596],
        [77.6756, 26.8586],
        [77.6756, 26.8584],
        [77.67558, 26.85837],
        [77.6754, 26.8581],
        [77.675, 26.8577],
        [77.675, 26.85767],
        [77.675, 26.8576],
        [77.67399, 26.85719],
        [77.6733, 26.8569],
        [77.67159, 26.85616],
        [77.6703, 26.8556],
        [77.66962, 26.85535],
        [77.6684, 26.8549],
        [77.6678, 26.85452],
        [77.6673, 26.8542],
        [77.66606, 26.85384],
        [77.6649, 26.8535],
        [77.6626, 26.8528],
        [77.6615, 26.8525],
        [77.66018, 26.85203],
        [77.6587, 26.8515],
        [77.65632, 26.85068],
        [77.6561, 26.8506],
        [77.6558, 26.85051],
        [77.6534, 26.8498],
        [77.6514, 26.849],
        [77.6504, 26.8486],
        [77.649, 26.848],
        [77.64772, 26.84768],
        [77.6466, 26.8474],
        [77.6455, 26.84708],
        [77.6445, 26.8468],
        [77.6419, 26.8458],
        [77.64021, 26.84512],
        [77.6399, 26.845],
        [77.638, 26.8442],
        [77.63707, 26.84386],
        [77.63686, 26.84379],
        [77.63663, 26.84369],
        [77.6356, 26.8433],
        [77.6349, 26.843],
        [77.6339, 26.8429],
        [77.63346, 26.84277],
        [77.6329, 26.8426],
        [77.6307, 26.8418],
        [77.63026, 26.84171],
        [77.6297, 26.8416],
        [77.62935, 26.84151],
        [77.62933, 26.84151],
        [77.62885, 26.84151],
        [77.6287, 26.84155],
        [77.6286, 26.8416],
        [77.6281, 26.8418],
        [77.62786, 26.8418],
        [77.6276, 26.8418],
        [77.6264, 26.8419],
        [77.6247, 26.8421],
        [77.62444, 26.84215],
        [77.6228, 26.8425],
        [77.62202, 26.84268],
        [77.6215, 26.8428],
        [77.6206, 26.8429],
        [77.6205, 26.8428],
        [77.6205, 26.8427],
        [77.62042, 26.84144],
        [77.6203, 26.8394],
        [77.62, 26.8374],
        [77.61982, 26.83673],
        [77.6196, 26.8359],
        [77.61922, 26.83485],
        [77.6188, 26.8337],
        [77.61873, 26.83343],
        [77.6184, 26.8322],
        [77.61832, 26.8322],
        [77.6183, 26.8322],
        [77.6182, 26.83215],
        [77.61811, 26.83213],
        [77.61782, 26.8321],
        [77.6177, 26.8321],
        [77.61706, 26.83201],
        [77.617, 26.832],
        [77.6165, 26.8318],
        [77.6155, 26.8312],
        [77.61441, 26.83045],
        [77.6142, 26.8303],
        [77.6139, 26.83013],
        [77.61328, 26.8298],
        [77.6127, 26.8296],
        [77.6118, 26.8293],
        [77.61138, 26.8291],
        [77.6097, 26.8283],
        [77.60868, 26.828],
        [77.608, 26.8278],
        [77.60771, 26.8278],
        [77.6077, 26.82787],
        [77.6077, 26.828],
        [77.6077, 26.831],
        [77.60777, 26.8325],
        [77.60781, 26.83313],
        [77.60782, 26.83328],
        [77.608, 26.8346],
        [77.60828, 26.83614],
        [77.6084, 26.8368],
        [77.60847, 26.83703],
        [77.6086, 26.8375],
        [77.6086, 26.8384],
        [77.60859, 26.83844],
        [77.6085, 26.8388],
        [77.6084, 26.8391],
        [77.60833, 26.83917],
        [77.6083, 26.8392],
        [77.60825, 26.83915],
        [77.6082, 26.8391],
        [77.6073, 26.8388],
        [77.60435, 26.83751],
        [77.6041, 26.8374],
        [77.60368, 26.83717],
        [77.6021, 26.8363],
        [77.60179, 26.83613],
        [77.6012, 26.8358],
        [77.6002, 26.8348],
        [77.59911, 26.83371],
        [77.598, 26.8326],
        [77.5966, 26.8312],
        [77.59511, 26.82971],
        [77.59504, 26.82966],
        [77.594, 26.8289],
        [77.59316, 26.82824],
        [77.59311, 26.82821],
        [77.59301, 26.82817],
        [77.5926, 26.828],
        [77.59177, 26.8277],
        [77.5915, 26.8276],
        [77.5903, 26.8273],
        [77.5899, 26.8273],
        [77.5897, 26.8273],
        [77.58942, 26.82719],
        [77.5892, 26.8271],
        [77.58907, 26.82706],
        [77.5886, 26.8269],
        [77.58818, 26.8269],
        [77.5877, 26.8269],
        [77.5867, 26.8268],
        [77.5863, 26.8268],
        [77.5857, 26.8268],
        [77.58417, 26.82688],
        [77.5837, 26.8269],
        [77.583, 26.8269],
        [77.58274, 26.82686],
        [77.5818, 26.8267],
        [77.58106, 26.8267],
        [77.5808, 26.8267],
        [77.58, 26.8268],
        [77.5793, 26.8269],
        [77.5786, 26.8272],
        [77.5782, 26.8272],
        [77.5781, 26.8272],
        [77.5779, 26.8269],
        [77.57677, 26.82488],
        [77.57648, 26.82438],
        [77.5759, 26.8233],
        [77.5753, 26.8222],
        [77.5748, 26.8211],
        [77.5746, 26.8209],
        [77.5745, 26.8209],
        [77.5744, 26.82085],
        [77.5743, 26.8208],
        [77.57393, 26.82087],
        [77.5738, 26.8209],
        [77.57334, 26.82086],
        [77.5727, 26.8208],
        [77.5712, 26.8207],
        [77.56993, 26.82053],
        [77.569, 26.8204],
        [77.567, 26.8199],
        [77.5656, 26.8196],
        [77.5632, 26.8192],
        [77.56195, 26.81886],
        [77.561, 26.8186],
        [77.5581, 26.8176],
        [77.55777, 26.8176],
        [77.5575, 26.8176],
        [77.55714, 26.81755],
        [77.5568, 26.8175],
        [77.5561, 26.81766],
        [77.5559, 26.8177],
        [77.55526, 26.81789],
        [77.5532, 26.8185],
        [77.55176, 26.81896],
        [77.5513, 26.8191],
        [77.5496, 26.8196],
        [77.548, 26.82],
        [77.54708, 26.82026],
        [77.5466, 26.8204],
        [77.5459, 26.8207],
        [77.5453, 26.8213],
        [77.5447, 26.8216],
        [77.5441, 26.8219],
        [77.54338, 26.82217],
        [77.54333, 26.82219],
        [77.54332, 26.82219],
        [77.5433, 26.8222],
        [77.5427, 26.8224],
        [77.5423, 26.8224],
        [77.5417, 26.8223],
        [77.5406, 26.822],
        [77.5393, 26.8218],
        [77.5384, 26.8217],
        [77.5371, 26.8217],
        [77.53627, 26.8217],
        [77.5361, 26.82171],
        [77.53601, 26.8217],
        [77.5357, 26.8217],
        [77.534, 26.8212],
        [77.53355, 26.82108],
        [77.5329, 26.8209],
        [77.53113, 26.82031],
        [77.5311, 26.8203],
        [77.5304, 26.8201],
        [77.52989, 26.82002],
        [77.52984, 26.82001],
        [77.52971, 26.82],
        [77.5292, 26.82],
        [77.52858, 26.81985],
        [77.528, 26.8197],
        [77.5271, 26.8195],
        [77.5261, 26.819],
        [77.5257, 26.8188],
        [77.5257, 26.8188],
        [77.52562, 26.8188],
        [77.5255, 26.8188],
        [77.5253, 26.8189],
        [77.5247, 26.8194],
        [77.5242, 26.8196],
        [77.52331, 26.81984],
        [77.5231, 26.8199],
        [77.5218, 26.8206],
        [77.52021, 26.82163],
        [77.5201, 26.8217],
        [77.5188, 26.8229],
        [77.51803, 26.82382],
        [77.5178, 26.8241],
        [77.5173, 26.825],
        [77.51711, 26.82537],
        [77.517, 26.8256],
        [77.5169, 26.826],
        [77.517, 26.8267],
        [77.5173, 26.8278],
        [77.51751, 26.82863],
        [77.5178, 26.8298],
        [77.5179, 26.8309],
        [77.5179, 26.83142],
        [77.51791, 26.83154],
        [77.51788, 26.83187],
        [77.5178, 26.8331],
        [77.51755, 26.83504],
        [77.5174, 26.8362],
        [77.5174, 26.8374],
        [77.5175, 26.8376],
        [77.5176, 26.8377],
        [77.5178, 26.8378],
        [77.518, 26.8379],
        [77.51802, 26.8379],
        [77.5181, 26.8379],
        [77.51814, 26.83794],
        [77.51823, 26.83797],
        [77.51838, 26.838],
        [77.5184, 26.838],
        [77.5185, 26.838],
        [77.5186, 26.838],
        [77.5187, 26.838],
        [77.5188, 26.838],
        [77.51892, 26.83798],
        [77.51903, 26.83797],
        [77.51907, 26.83796],
        [77.5192, 26.8379],
        [77.5192, 26.83796],
        [77.51924, 26.83797],
        [77.51932, 26.838],
        [77.51943, 26.83807],
        [77.51949, 26.8381],
        [77.5196, 26.8381],
        [77.51966, 26.83816],
        [77.5197, 26.83817],
        [77.51987, 26.83816],
        [77.5201, 26.8381],
        [77.5202, 26.8381],
        [77.52023, 26.8381],
        [77.52034, 26.83806],
        [77.52045, 26.83805],
        [77.5206, 26.838],
        [77.52065, 26.83805],
        [77.52071, 26.83806],
        [77.52079, 26.83807],
        [77.52086, 26.8381],
        [77.5209, 26.8381],
        [77.52097, 26.83817],
        [77.521, 26.8382],
        [77.5211, 26.8383],
        [77.5211, 26.83838],
        [77.5211, 26.8384],
        [77.5211, 26.83845],
        [77.5211, 26.8386],
        [77.52092, 26.83878],
        [77.52084, 26.83893],
        [77.52084, 26.83903],
        [77.52085, 26.83905],
        [77.5209, 26.8391],
        [77.5209, 26.83916],
        [77.52094, 26.83923],
        [77.52094, 26.83924],
        [77.521, 26.8393],
        [77.52096, 26.83937],
        [77.5209, 26.8395],
        [77.5209, 26.8396],
        [77.5208, 26.8397],
        [77.5208, 26.8398],
        [77.5208, 26.8399],
        [77.52085, 26.83995],
        [77.5209, 26.84],
        [77.5209, 26.84015],
        [77.5209, 26.8402],
        [77.5209, 26.8403],
        [77.5209, 26.8405],
        [77.5209, 26.8406],
        [77.5209, 26.84066],
        [77.5209, 26.8407],
        [77.52086, 26.8407],
        [77.52082, 26.84075],
        [77.52073, 26.84092],
        [77.5207, 26.841],
        [77.52066, 26.84104],
        [77.52064, 26.84111],
        [77.52061, 26.84123],
        [77.5206, 26.84131],
        [77.5206, 26.8414],
        [77.52054, 26.84143],
        [77.5204, 26.8415],
        [77.51994, 26.84169],
        [77.5199, 26.8417],
        [77.51956, 26.84184],
        [77.5179, 26.8425],
        [77.5178, 26.8426],
        [77.5178, 26.8426],
        [77.51777, 26.84266],
        [77.51775, 26.84271],
        [77.51773, 26.84277],
        [77.5177, 26.84287],
        [77.5177, 26.8429],
        [77.5177, 26.8439],
        [77.51765, 26.84399],
        [77.51764, 26.8441],
        [77.51761, 26.84419],
        [77.5176, 26.8442],
        [77.5176, 26.8442],
        [77.51759, 26.8442],
        [77.5175, 26.8442],
        [77.517, 26.8443],
        [77.51678, 26.84433],
        [77.5162, 26.8444],
        [77.51596, 26.8444],
        [77.5155, 26.8444],
        [77.5146, 26.8444],
        [77.51402, 26.84433],
        [77.5138, 26.8443],
        [77.5132, 26.8443],
        [77.5126, 26.8444],
        [77.5119, 26.8446],
        [77.51135, 26.84482],
        [77.51091, 26.84502],
        [77.51056, 26.84517],
        [77.5105, 26.8452],
        [77.51049, 26.8452],
        [77.51002, 26.84522],
        [77.50973, 26.84525],
        [77.5095, 26.8453],
        [77.5085, 26.8455],
        [77.50847, 26.8455],
        [77.50828, 26.84551],
        [77.50803, 26.84551],
        [77.50795, 26.8455],
        [77.5079, 26.8455],
        [77.5078, 26.8455],
        [77.5074, 26.8454],
        [77.50732, 26.84532],
        [77.5072, 26.8452],
        [77.5067, 26.8451],
        [77.5066, 26.8451],
        [77.50658, 26.8451],
        [77.5064, 26.8451],
        [77.5055, 26.8453],
        [77.50546, 26.8453],
        [77.50535, 26.84532],
        [77.50522, 26.8453],
        [77.5052, 26.8453],
        [77.50519, 26.8453],
        [77.50515, 26.84529],
        [77.50512, 26.84527],
        [77.5049, 26.8452],
        [77.5042, 26.8446],
        [77.5037, 26.8444],
        [77.5034, 26.8444],
        [77.50339, 26.8444],
        [77.5029, 26.8444],
        [77.50268, 26.84445],
        [77.5025, 26.8445],
        [77.5022, 26.8444],
        [77.5019, 26.8443],
        [77.5014, 26.8441],
        [77.5013, 26.844],
        [77.50126, 26.84396],
        [77.5012, 26.8439],
        [77.5009, 26.8424],
        [77.5009, 26.8421],
        [77.50096, 26.8421],
        [77.501, 26.84206],
        [77.50106, 26.84203],
        [77.50108, 26.84202],
        [77.5011, 26.842],
        [77.50141, 26.84187],
        [77.50177, 26.8417],
        [77.5018, 26.84163],
        [77.5018, 26.8416],
        [77.5018, 26.8415],
        [77.5018, 26.84067],
        [77.5018, 26.8396],
        [77.50172, 26.83691],
        [77.5017, 26.8362],
        [77.5017, 26.83585],
        [77.5017, 26.8343],
        [77.50153, 26.83367],
        [77.5014, 26.8332],
        [77.5012, 26.8322],
        [77.50109, 26.83185],
        [77.5009, 26.8312],
        [77.50062, 26.83055],
        [77.5003, 26.8298],
        [77.50021, 26.82926],
        [77.5001, 26.8286],
        [77.4996, 26.827],
        [77.49931, 26.82588],
        [77.4991, 26.8251],
        [77.4991, 26.82485],
        [77.4991, 26.8244],
        [77.4992, 26.8229],
        [77.4994, 26.821],
        [77.4995, 26.8196],
        [77.49953, 26.81941],
        [77.4996, 26.8189],
        [77.4998, 26.8185],
        [77.49997, 26.81821],
        [77.5005, 26.8173],
        [77.5006, 26.8169],
        [77.5006, 26.8167],
        [77.5006, 26.81668],
        [77.5006, 26.8163],
        [77.4999, 26.81474],
        [77.4997, 26.8143],
        [77.49957, 26.81396],
        [77.4991, 26.8127],
        [77.49894, 26.8123],
        [77.4989, 26.8122],
        [77.4989, 26.81214],
        [77.4989, 26.812],
        [77.4989, 26.8111],
        [77.4988, 26.8106],
        [77.49786, 26.80928],
        [77.4978, 26.8092],
        [77.4971, 26.8078],
        [77.4956, 26.8047],
        [77.4956, 26.80448],
        [77.49557, 26.80437],
        [77.4955, 26.80424],
        [77.4953, 26.8039],
        [77.4952, 26.8036],
        [77.495, 26.8033],
        [77.49487, 26.80303],
        [77.49479, 26.80292],
        [77.49461, 26.80271],
        [77.4944, 26.8025],
        [77.4937, 26.8015],
        [77.49364, 26.80132],
        [77.49357, 26.80118],
        [77.49352, 26.80104],
        [77.4935, 26.801],
        [77.4935, 26.8008],
        [77.49351, 26.80076],
        [77.49351, 26.80075],
        [77.49352, 26.80072],
        [77.4937, 26.8],
        [77.49376, 26.79931],
        [77.4938, 26.7988],
        [77.49376, 26.79863],
        [77.4937, 26.7984],
        [77.4936, 26.7981],
        [77.49347, 26.7979],
        [77.4931, 26.7973],
        [77.4915, 26.7953],
        [77.49133, 26.79509],
        [77.4911, 26.7948],
        [77.49092, 26.79453],
        [77.4909, 26.7945],
        [77.4907, 26.7941],
        [77.49055, 26.79395],
        [77.4905, 26.7939],
        [77.4903, 26.7936],
        [77.49022, 26.79328],
        [77.49019, 26.7932],
        [77.49006, 26.79291],
        [77.49, 26.7928],
        [77.48996, 26.7927],
        [77.4897, 26.7921],
        [77.48945, 26.79166],
        [77.4893, 26.7914],
        [77.48922, 26.79121],
        [77.4891, 26.7909],
        [77.4885, 26.7901],
        [77.48843, 26.79],
        [77.4882, 26.7897],
        [77.48798, 26.78914],
        [77.4877, 26.7884],
        [77.48752, 26.78813],
        [77.4875, 26.7881],
        [77.4875, 26.78809],
        [77.4875, 26.7878],
        [77.4875, 26.7875],
        [77.48754, 26.78744],
        [77.4877, 26.7872],
        [77.48779, 26.78682],
        [77.4878, 26.7868],
        [77.488, 26.7865],
        [77.4888, 26.7858],
        [77.48889, 26.78571],
        [77.4889, 26.7857],
        [77.4889, 26.78541],
        [77.48888, 26.78537],
        [77.4887, 26.7851],
        [77.4887, 26.7838],
        [77.4887, 26.7835],
        [77.4887, 26.78348],
        [77.4887, 26.78294],
        [77.4887, 26.7829],
        [77.4888, 26.7797],
        [77.4888, 26.7793],
        [77.4889, 26.7789],
        [77.48903, 26.77877],
        [77.4891, 26.7787],
        [77.49022, 26.77758],
        [77.4913, 26.7765],
        [77.4923, 26.7755],
        [77.4937, 26.7743],
        [77.49447, 26.77374],
        [77.4955, 26.773],
        [77.4972, 26.7719],
        [77.4985, 26.7713],
        [77.501, 26.7702],
        [77.50146, 26.76997],
        [77.5022, 26.7696],
        [77.5023, 26.7695],
        [77.50238, 26.7695],
        [77.5024, 26.76946],
        [77.5024, 26.7694],
        [77.50244, 26.76932],
        [77.50245, 26.76925],
        [77.50244, 26.76907],
        [77.5024, 26.769],
        [77.50187, 26.768],
        [77.5013, 26.7669],
        [77.4998, 26.7641],
        [77.4988, 26.7627],
        [77.4984, 26.7624],
        [77.4982, 26.762],
        [77.4975, 26.7607],
        [77.4961, 26.7586],
        [77.49471, 26.75702],
        [77.4939, 26.7561],
        [77.49171, 26.75381],
        [77.4917, 26.7538],
        [77.4876, 26.7502],
        [77.48751, 26.7501],
        [77.4868, 26.7493],
        [77.48624, 26.74867],
        [77.486, 26.7484],
        [77.485, 26.7478],
        [77.4833, 26.7471],
        [77.4798, 26.7461],
        [77.4768, 26.7456],
        [77.47618, 26.74555],
        [77.4732, 26.7453],
        [77.47239, 26.74523],
        [77.4695, 26.745],
        [77.46806, 26.74493],
        [77.4675, 26.7449],
        [77.46718, 26.74483],
        [77.4661, 26.7446],
        [77.4652, 26.7443],
        [77.4643, 26.7438],
        [77.46391, 26.74353],
        [77.4624, 26.7425],
        [77.46201, 26.74224],
        [77.4618, 26.7421],
        [77.4612, 26.742],
        [77.46108, 26.74199],
        [77.4596, 26.7419]
      ]
    ]
  }
}
